$T,
,
JDAY,Temp
1,22.5
1.004166667,22.5
1.008333333,22.5
1.0125,22.5
1.016666667,22.5
1.020833333,22.5
1.025,22.5
1.029166667,22.5
1.033333333,22.5
1.0375,22.5
1.041666667,22.5
1.045833333,22.5
1.05,22.5
1.054166667,22.5
1.058333333,22.5
1.0625,22.5
1.066666667,22.5
1.070833333,22.5
1.075,22.5
1.079166667,22.5
1.083333333,22.5
1.0875,22.5
1.091666667,22.5
1.095833333,22.5
1.1,22.5
1.104166667,22.5
1.108333333,22.5
1.1125,22.5
1.116666667,22.5
1.120833333,22.5
1.125,22.5
1.129166667,22.5
1.133333333,22.5
1.1375,22.5
1.141666667,22.5
1.145833333,22.5
1.15,22.5
1.154166667,22.5
1.158333333,22.5
1.1625,22.5
1.166666667,22.5
1.170833333,22.5
1.175,22.5
1.179166667,22.5
1.183333333,22.5
1.1875,22.5
1.191666667,22.5
1.195833333,22.5
1.2,22.5
1.204166667,22.5
1.208333333,22.5
1.2125,22.5
1.216666667,22.5
1.220833333,22.5
1.225,22.5
1.229166667,22.5
1.233333333,22.5
1.2375,22.5
1.241666667,22.5
1.245833333,22.5
1.25,22.5
1.254166667,22.5
1.258333333,22.5
1.2625,22.5
1.266666667,22.5
1.270833333,22.5
1.275,22.5
1.279166667,22.5
1.283333333,22.5
1.2875,22.5
1.291666667,22.5
1.295833333,22.5
1.3,22.5
1.304166667,22.5
1.308333333,22.5
1.3125,22.5
1.316666667,22.5
1.320833333,22.5
1.325,22.5
1.329166667,22.5
1.333333333,22.5
1.3375,22.5
1.341666667,22.5
1.345833333,22.5
1.35,22.5
1.354166667,22.5
1.358333333,22.5
1.3625,22.5
1.366666667,22.5
1.370833333,22.5
1.375,22.5
1.379166667,22.5
1.383333333,22.5
1.3875,22.5
1.391666667,22.5
1.395833333,22.5
1.4,22.5
1.404166667,22.5
1.408333333,22.5
1.4125,22.5
1.416666667,22.5
1.420833333,22.5
1.425,22.5
1.429166667,22.5
1.433333333,22.5
1.4375,22.5
1.441666667,22.5
1.445833333,22.5
1.45,22.5
1.454166667,22.5
1.458333333,22.5
1.4625,22.5
1.466666667,22.5
1.470833333,22.5
1.475,22.5
1.479166667,22.5
1.483333333,22.5
1.4875,22.5
1.491666667,22.5
1.495833333,22.5
1.5,22.5
1.504166667,22.5
1.508333333,22.5
1.5125,22.5
1.516666667,22.5
1.520833333,22.5
1.525,22.5
1.529166667,22.5
1.533333333,22.5
1.5375,22.5
1.541666667,22.5
1.545833333,22.5
1.55,22.5
1.554166667,22.5
1.558333333,22.5
1.5625,22.5
1.566666667,22.5
1.570833333,22.5
1.575,22.5
1.579166667,22.5
1.583333333,22.5
1.5875,22.5
1.591666667,22.5
1.595833333,22.5
1.6,22.5
1.604166667,22.5
1.608333333,22.5
1.6125,22.5
1.616666667,22.5
1.620833333,22.5
1.625,22.5
1.629166667,22.5
1.633333333,22.5
1.6375,22.5
1.641666667,22.5
1.645833333,22.5
1.65,22.5
1.654166667,22.5
1.658333333,22.5
1.6625,22.5
1.666666667,22.5
1.670833333,22.5
1.675,22.5
1.679166667,22.5
1.683333333,22.5
1.6875,22.5
1.691666667,22.5
1.695833333,22.5
1.7,22.5
1.704166667,22.5
1.708333333,22.5
1.7125,22.5
1.716666667,22.5
1.720833333,22.5
1.725,22.5
1.729166667,22.5
1.733333333,22.5
1.7375,22.5
1.741666667,22.5
1.745833333,22.5
1.75,22.5
1.754166667,22.5
1.758333333,22.5
1.7625,22.5
1.766666667,22.5
1.770833333,22.5
1.775,22.5
1.779166667,22.5
1.783333333,22.5
1.7875,22.5
1.791666667,22.5
1.795833333,22.5
1.8,22.5
1.804166667,22.5
1.808333333,22.5
1.8125,22.5
1.816666667,22.5
1.820833333,22.5
1.825,22.5
1.829166667,22.5
1.833333333,22.5
1.8375,22.5
1.841666667,22.5
1.845833333,22.5
1.85,22.5
1.854166667,22.5
1.858333333,22.5
1.8625,22.5
1.866666667,22.5
1.870833333,22.5
1.875,22.5
1.879166667,22.5
1.883333333,22.5
1.8875,22.5
1.891666667,22.5
1.895833333,22.5
1.9,22.5
1.904166667,22.5
1.908333333,22.5
1.9125,22.5
1.916666667,22.5
1.920833333,22.5
1.925,22.5
1.929166667,22.5
1.933333333,22.5
1.9375,22.5
1.941666667,22.5
1.945833333,22.5
1.95,22.5
1.954166667,22.5
1.958333333,22.5
1.9625,22.5
1.966666667,22.5
1.970833333,22.5
1.975,22.5
1.979166667,22.5
1.983333333,22.5
1.9875,22.5
1.991666667,22.5
1.995833333,22.5
2,22.5
2.004166667,22.5
2.008333333,22.5
2.0125,22.5
2.016666667,22.5
2.020833333,22.5
2.025,22.5
2.029166667,22.5
2.033333333,22.5
2.0375,22.5
2.041666667,22.5
2.045833333,22.5
2.05,22.5
2.054166667,22.5
2.058333333,22.5
2.0625,22.5
2.066666667,22.5
2.070833333,22.5
2.075,22.5
2.079166667,22.5
2.083333333,22.5
2.0875,22.5
2.091666667,22.5
2.095833333,22.5
2.1,22.5
2.104166667,22.5
2.108333333,22.5
2.1125,22.5
2.116666667,22.5
2.120833333,22.5
2.125,22.5
2.129166667,22.5
2.133333333,22.5
2.1375,22.5
2.141666667,22.5
2.145833333,22.5
2.15,22.5
2.154166667,22.5
2.158333333,22.5
2.1625,22.5
2.166666667,22.5
2.170833333,22.5
2.175,22.5
2.179166667,22.5
2.183333333,22.5
2.1875,22.5
2.191666667,22.5
2.195833333,22.5
2.2,22.5
2.204166667,22.5
2.208333333,22.5
2.2125,22.5
2.216666667,22.5
2.220833333,22.5
2.225,22.5
2.229166667,22.5
2.233333333,22.5
2.2375,22.5
2.241666667,22.5
2.245833333,22.5
2.25,22.5
2.254166667,22.5
2.258333333,22.5
2.2625,22.5
2.266666667,22.5
2.270833333,22.5
2.275,22.5
2.279166667,22.5
2.283333333,22.5
2.2875,22.5
2.291666667,22.5
2.295833333,22.5
2.3,22.5
2.304166667,22.5
2.308333333,22.5
2.3125,22.5
2.316666667,22.5
2.320833333,22.5
2.325,22.5
2.329166667,22.5
2.333333333,22.5
2.3375,22.5
2.341666667,22.5
2.345833333,22.5
2.35,22.5
2.354166667,22.5
2.358333333,22.5
2.3625,22.5
2.366666667,22.5
2.370833333,22.5
2.375,22.5
2.379166667,22.5
2.383333333,22.5
2.3875,22.5
2.391666667,22.5
2.395833333,22.5
2.4,22.5
2.404166667,22.5
2.408333333,22.5
2.4125,22.5
2.416666667,22.5
2.420833333,22.5
2.425,22.5
2.429166667,22.5
2.433333333,22.5
2.4375,22.5
2.441666667,22.5
2.445833333,22.5
2.45,22.5
2.454166667,22.5
2.458333333,22.5
2.4625,22.5
2.466666667,22.5
2.470833333,22.5
2.475,22.5
2.479166667,22.5
2.483333333,22.5
2.4875,22.5
2.491666667,22.5
2.495833333,22.5
2.5,22.5
2.504166667,22.5
2.508333333,22.5
2.5125,22.5
2.516666667,22.5
2.520833333,22.5
2.525,22.5
2.529166667,22.5
2.533333333,22.5
2.5375,22.5
2.541666667,22.5
2.545833333,22.5
2.55,22.5
2.554166667,22.5
2.558333333,22.5
2.5625,22.5
2.566666667,22.5
2.570833333,22.5
2.575,22.5
2.579166667,22.5
2.583333333,22.5
2.5875,22.5
2.591666667,22.5
2.595833333,22.5
2.6,22.5
2.604166667,22.5
2.608333333,22.5
2.6125,22.5
2.616666667,22.5
2.620833333,22.5
2.625,22.5
2.629166667,22.5
2.633333333,22.5
2.6375,22.5
2.641666667,22.5
2.645833333,22.5
2.65,22.5
2.654166667,22.5
2.658333333,22.5
2.6625,22.5
2.666666667,22.5
2.670833333,22.5
2.675,22.5
2.679166667,22.5
2.683333333,22.5
2.6875,22.5
2.691666667,22.5
2.695833333,22.5
2.7,22.5
2.704166667,22.5
2.708333333,22.5
2.7125,22.5
2.716666667,22.5
2.720833333,22.5
2.725,22.5
2.729166667,22.5
2.733333333,22.5
2.7375,22.5
2.741666667,22.5
2.745833333,22.5
2.75,22.5
2.754166667,22.5
2.758333333,22.5
2.7625,22.5
2.766666667,22.5
2.770833333,22.5
2.775,22.5
2.779166667,22.5
2.783333333,22.5
2.7875,22.5
2.791666667,22.5
2.795833333,22.5
2.8,22.5
2.804166667,22.5
2.808333333,22.5
2.8125,22.5
2.816666667,22.5
2.820833333,22.5
2.825,22.5
2.829166667,22.5
2.833333333,22.5
2.8375,22.5
2.841666667,22.5
2.845833333,22.5
2.85,22.5
2.854166667,22.5
2.858333333,22.5
2.8625,22.5
2.866666667,22.5
2.870833333,22.5
2.875,22.5
2.879166667,22.5
2.883333333,22.5
2.8875,22.5
2.891666667,22.5
2.895833333,22.5
2.9,22.5
2.904166667,22.5
2.908333333,22.5
2.9125,22.5
2.916666667,22.5
2.920833333,22.5
2.925,22.5
2.929166667,22.5
2.933333333,22.5
2.9375,22.5
2.941666667,22.5
2.945833333,22.5
2.95,22.5
2.954166667,22.5
2.958333333,22.5
2.9625,22.5
2.966666667,22.5
2.970833333,22.5
2.975,22.5
2.979166667,22.5
2.983333333,22.5
2.9875,22.5
2.991666667,22.5
2.995833333,22.5
3,22.5
3.004166667,22.5
3.008333333,22.5
3.0125,22.5
3.016666667,22.5
3.020833333,22.5
3.025,22.5
3.029166667,22.5
3.033333333,22.5
3.0375,22.5
3.041666667,22.5
3.045833333,22.5
3.05,22.5
3.054166667,22.5
3.058333333,22.5
3.0625,22.5
3.066666667,22.5
3.070833333,22.5
3.075,22.5
3.079166667,22.5
3.083333333,22.5
3.0875,22.5
3.091666667,22.5
3.095833333,22.5
3.1,22.5
3.104166667,22.5
3.108333333,22.5
3.1125,22.5
3.116666667,22.5
3.120833333,22.5
3.125,22.5
3.129166667,22.5
3.133333333,22.5
3.1375,22.5
3.141666667,22.5
3.145833333,22.5
3.15,22.5
3.154166667,22.5
3.158333333,22.5
3.1625,22.5
3.166666667,22.5
3.170833333,22.5
3.175,22.5
3.179166667,22.5
3.183333333,22.5
3.1875,22.5
3.191666667,22.5
3.195833333,22.5
3.2,22.5
3.204166667,22.5
3.208333333,22.5
3.2125,22.5
3.216666667,22.5
3.220833333,22.5
3.225,22.5
3.229166667,22.5
3.233333333,22.5
3.2375,22.5
3.241666667,22.5
3.245833333,22.5
3.25,22.5
3.254166667,22.5
3.258333333,22.5
3.2625,22.5
3.266666667,22.5
3.270833333,22.5
3.275,22.5
3.279166667,22.5
3.283333333,22.5
3.2875,22.5
3.291666667,22.5
3.295833333,22.5
3.3,22.5
3.304166667,22.5
3.308333333,22.5
3.3125,22.5
3.316666667,22.5
3.320833333,22.5
3.325,22.5
3.329166667,22.5
3.333333333,22.5
3.3375,22.5
3.341666667,22.5
3.345833333,22.5
3.35,22.5
3.354166667,22.5
3.358333333,22.5
3.3625,22.5
3.366666667,22.5
3.370833333,22.5
3.375,22.5
3.379166667,22.5
3.383333333,22.5
3.3875,22.5
3.391666667,22.5
3.395833333,22.5
3.4,22.5
3.404166667,22.5
3.408333333,22.5
3.4125,22.5
3.416666667,22.5
3.420833333,22.5
3.425,22.5
3.429166667,22.5
3.433333333,22.5
3.4375,22.5
3.441666667,22.5
3.445833333,22.5
3.45,22.5
3.454166667,22.5
3.458333333,22.5
3.4625,22.5
3.466666667,22.5
3.470833333,22.5
3.475,22.5
3.479166667,22.5
3.483333333,22.5
3.4875,22.5
3.491666667,22.5
3.495833333,22.5
3.5,22.5
3.504166667,22.5
3.508333333,22.5
3.5125,22.5
3.516666667,22.5
3.520833333,22.5
3.525,22.5
3.529166667,22.5
3.533333333,22.5
3.5375,22.5
3.541666667,22.5
3.545833333,22.5
3.55,22.5
3.554166667,22.5
3.558333333,22.5
3.5625,22.5
3.566666667,22.5
3.570833333,22.5
3.575,22.5
3.579166667,22.5
3.583333333,22.5
3.5875,22.5
3.591666667,22.5
3.595833333,22.5
3.6,22.5
3.604166667,22.5
3.608333333,22.5
3.6125,22.5
3.616666667,22.5
3.620833333,22.5
3.625,22.5
3.629166667,22.5
3.633333333,22.5
3.6375,22.5
3.641666667,22.5
3.645833333,22.5
3.65,22.5
3.654166667,22.5
3.658333333,22.5
3.6625,22.5
3.666666667,22.5
3.670833333,22.5
3.675,22.5
3.679166667,22.5
3.683333333,22.5
3.6875,22.5
3.691666667,22.5
3.695833333,22.5
3.7,22.5
3.704166667,22.5
3.708333333,22.5
3.7125,22.5
3.716666667,22.5
3.720833333,22.5
3.725,22.5
3.729166667,22.5
3.733333333,22.5
3.7375,22.5
3.741666667,22.5
3.745833333,22.5
3.75,22.5
3.754166667,22.5
3.758333333,22.5
3.7625,22.5
3.766666667,22.5
3.770833333,22.5
3.775,22.5
3.779166667,22.5
3.783333333,22.5
3.7875,22.5
3.791666667,22.5
3.795833333,22.5
3.8,22.5
3.804166667,22.5
3.808333333,22.5
3.8125,22.5
3.816666667,22.5
3.820833333,22.5
3.825,22.5
3.829166667,22.5
3.833333333,22.5
3.8375,22.5
3.841666667,22.5
3.845833333,22.5
3.85,22.5
3.854166667,22.5
3.858333333,22.5
3.8625,22.5
3.866666667,22.5
3.870833333,22.5
3.875,22.5
3.879166667,22.5
3.883333333,22.5
3.8875,22.5
3.891666667,22.5
3.895833333,22.5
3.9,22.5
3.904166667,22.5
3.908333333,22.5
3.9125,22.5
3.916666667,22.5
3.920833333,22.5
3.925,22.5
3.929166667,22.5
3.933333333,22.5
3.9375,22.5
3.941666667,22.5
3.945833333,22.5
3.95,22.5
3.954166667,22.5
3.958333333,22.5
3.9625,22.5
3.966666667,22.5
3.970833333,22.5
3.975,22.5
3.979166667,22.5
3.983333333,22.5
3.9875,22.5
3.991666667,22.5
3.995833333,22.5
4,22.5
4.004166667,22.5
4.008333333,22.5
4.0125,22.5
4.016666667,22.5
4.020833333,22.5
4.025,22.5
4.029166667,22.5
4.033333333,22.5
4.0375,22.5
4.041666667,22.5
4.045833333,22.5
4.05,22.5
4.054166667,22.5
4.058333333,22.5
4.0625,22.5
4.066666667,22.5
4.070833333,22.5
4.075,22.5
4.079166667,22.5
4.083333333,22.5
4.0875,22.5
4.091666667,22.5
4.095833333,22.5
4.1,22.5
4.104166667,22.5
4.108333333,22.5
4.1125,22.5
4.116666667,22.5
4.120833333,22.5
4.125,22.5
4.129166667,22.5
4.133333333,22.5
4.1375,22.5
4.141666667,22.5
4.145833333,22.5
4.15,22.5
4.154166667,22.5
4.158333333,22.5
4.1625,22.5
4.166666667,22.5
4.170833333,22.5
4.175,22.5
4.179166667,22.5
4.183333333,22.5
4.1875,22.5
4.191666667,22.5
4.195833333,22.5
4.2,22.5
4.204166667,22.5
4.208333333,22.5
4.2125,22.5
4.216666667,22.5
4.220833333,22.5
4.225,22.5
4.229166667,22.5
4.233333333,22.5
4.2375,22.5
4.241666667,22.5
4.245833333,22.5
4.25,22.5
4.254166667,22.5
4.258333333,22.5
4.2625,22.5
4.266666667,22.5
4.270833333,22.5
4.275,22.5
4.279166667,22.5
4.283333333,22.5
4.2875,22.5
4.291666667,22.5
4.295833333,22.5
4.3,22.5
4.304166667,22.5
4.308333333,22.5
4.3125,22.5
4.316666667,22.5
4.320833333,22.5
4.325,22.5
4.329166667,22.5
4.333333333,22.5
4.3375,22.5
4.341666667,22.5
4.345833333,22.5
4.35,22.5
4.354166667,22.5
4.358333333,22.5
4.3625,22.5
4.366666667,22.5
4.370833333,22.5
4.375,22.5
4.379166667,22.5
4.383333333,22.5
4.3875,22.5
4.391666667,22.5
4.395833333,22.5
4.4,22.5
4.404166667,22.5
4.408333333,22.5
4.4125,22.5
4.416666667,22.5
4.420833333,22.5
4.425,22.5
4.429166667,22.5
4.433333333,22.5
4.4375,22.5
4.441666667,22.5
4.445833333,22.5
4.45,22.5
4.454166667,22.5
4.458333333,22.5
4.4625,22.5
4.466666667,22.5
4.470833333,22.5
4.475,22.5
4.479166667,22.5
4.483333333,22.5
4.4875,22.5
4.491666667,22.5
4.495833333,22.5
4.5,22.5
4.504166667,22.5
4.508333333,22.5
4.5125,22.5
4.516666667,22.5
4.520833333,22.5
4.525,22.5
4.529166667,22.5
4.533333333,22.5
4.5375,22.5
4.541666667,22.5
4.545833333,22.5
4.55,22.5
4.554166667,22.5
4.558333333,22.5
4.5625,22.5
4.566666667,22.5
4.570833333,22.5
4.575,22.5
4.579166667,22.5
4.583333333,22.5
4.5875,22.5
4.591666667,22.5
4.595833333,22.5
4.6,22.5
4.604166667,22.5
4.608333333,22.5
4.6125,22.5
4.616666667,22.5
4.620833333,22.5
4.625,22.5
4.629166667,22.5
4.633333333,22.5
4.6375,22.5
4.641666667,22.5
4.645833333,22.5
4.65,22.5
4.654166667,22.5
4.658333333,22.5
4.6625,22.5
4.666666667,22.5
4.670833333,22.5
4.675,22.5
4.679166667,22.5
4.683333333,22.5
4.6875,22.5
4.691666667,22.5
4.695833333,22.5
4.7,22.5
4.704166667,22.5
4.708333333,22.5
4.7125,22.5
4.716666667,22.5
4.720833333,22.5
4.725,22.5
4.729166667,22.5
4.733333333,22.5
4.7375,22.5
4.741666667,22.5
4.745833333,22.5
4.75,22.5
4.754166667,22.5
4.758333333,22.5
4.7625,22.5
4.766666667,22.5
4.770833333,22.5
4.775,22.5
4.779166667,22.5
4.783333333,22.5
4.7875,22.5
4.791666667,22.5
4.795833333,22.5
4.8,22.5
4.804166667,22.5
4.808333333,22.5
4.8125,22.5
4.816666667,22.5
4.820833333,22.5
4.825,22.5
4.829166667,22.5
4.833333333,22.5
4.8375,22.5
4.841666667,22.5
4.845833333,22.5
4.85,22.5
4.854166667,22.5
4.858333333,22.5
4.8625,22.5
4.866666667,22.5
4.870833333,22.5
4.875,22.5
4.879166667,22.5
4.883333333,22.5
4.8875,22.5
4.891666667,22.5
4.895833333,22.5
4.9,22.5
4.904166667,22.5
4.908333333,22.5
4.9125,22.5
4.916666667,22.5
4.920833333,22.5
4.925,22.5
4.929166667,22.5
4.933333333,22.5
4.9375,22.5
4.941666667,22.5
4.945833333,22.5
4.95,22.5
4.954166667,22.5
4.958333333,22.5
4.9625,22.5
4.966666667,22.5
4.970833333,22.5
4.975,22.5
4.979166667,22.5
4.983333333,22.5
4.9875,22.5
4.991666667,22.5
4.995833333,22.5
5,22.5
5.004166667,22.5
5.008333333,22.5
5.0125,22.5
5.016666667,22.5
5.020833333,22.5
5.025,22.5
5.029166667,22.5
5.033333333,22.5
5.0375,22.5
5.041666667,22.5
5.045833333,22.5
5.05,22.5
5.054166667,22.5
5.058333333,22.5
5.0625,22.5
5.066666667,22.5
5.070833333,22.5
5.075,22.5
5.079166667,22.5
5.083333333,22.5
5.0875,22.5
5.091666667,22.5
5.095833333,22.5
5.1,22.5
5.104166667,22.5
5.108333333,22.5
5.1125,22.5
5.116666667,22.5
5.120833333,22.5
5.125,22.5
5.129166667,22.5
5.133333333,22.5
5.1375,22.5
5.141666667,22.5
5.145833333,22.5
5.15,22.5
5.154166667,22.5
5.158333333,22.5
5.1625,22.5
5.166666667,22.5
5.170833333,22.5
5.175,22.5
5.179166667,22.5
5.183333333,22.5
5.1875,22.5
5.191666667,22.5
5.195833333,22.5
5.2,22.5
5.204166667,22.5
5.208333333,22.5
5.2125,22.5
5.216666667,22.5
5.220833333,22.5
5.225,22.5
5.229166667,22.5
5.233333333,22.5
5.2375,22.5
5.241666667,22.5
5.245833333,22.5
5.25,22.5
5.254166667,22.5
5.258333333,22.5
5.2625,22.5
5.266666667,22.5
5.270833333,22.5
5.275,22.5
5.279166667,22.5
5.283333333,22.5
5.2875,22.5
5.291666667,22.5
5.295833333,22.5
5.3,22.5
5.304166667,22.5
5.308333333,22.5
5.3125,22.5
5.316666667,22.5
5.320833333,22.5
5.325,22.5
5.329166667,22.5
5.333333333,22.5
5.3375,22.5
5.341666667,22.5
5.345833333,22.5
5.35,22.5
5.354166667,22.5
5.358333333,22.5
5.3625,22.5
5.366666667,22.5
5.370833333,22.5
5.375,22.5
5.379166667,22.5
5.383333333,22.5
5.3875,22.5
5.391666667,22.5
5.395833333,22.5
5.4,22.5
5.404166667,22.5
5.408333333,22.5
5.4125,22.5
5.416666667,22.5
5.420833333,22.5
5.425,22.5
5.429166667,22.5
5.433333333,22.5
5.4375,22.5
5.441666667,22.5
5.445833333,22.5
5.45,22.5
5.454166667,22.5
5.458333333,22.5
5.4625,22.5
5.466666667,22.5
5.470833333,22.5
5.475,22.5
5.479166667,22.5
5.483333333,22.5
5.4875,22.5
5.491666667,22.5
5.495833333,22.5
5.5,22.5
5.504166667,22.5
5.508333333,22.5
5.5125,22.5
5.516666667,22.5
5.520833333,22.5
5.525,22.5
5.529166667,22.5
5.533333333,22.5
5.5375,22.5
5.541666667,22.5
5.545833333,22.5
5.55,22.5
5.554166667,22.5
5.558333333,22.5
5.5625,22.5
5.566666667,22.5
5.570833333,22.5
5.575,22.5
5.579166667,22.5
5.583333333,22.5
5.5875,22.5
5.591666667,22.5
5.595833333,22.5
5.6,22.5
5.604166667,22.5
5.608333333,22.5
5.6125,22.5
5.616666667,22.5
5.620833333,22.5
5.625,22.5
5.629166667,22.5
5.633333333,22.5
5.6375,22.5
5.641666667,22.5
5.645833333,22.5
5.65,22.5
5.654166667,22.5
5.658333333,22.5
5.6625,22.5
5.666666667,22.5
5.670833333,22.5
5.675,22.5
5.679166667,22.5
5.683333333,22.5
5.6875,22.5
5.691666667,22.5
5.695833333,22.5
5.7,22.5
5.704166667,22.5
5.708333333,22.5
5.7125,22.5
5.716666667,22.5
5.720833333,22.5
5.725,22.5
5.729166667,22.5
5.733333333,22.5
5.7375,22.5
5.741666667,22.5
5.745833333,22.5
5.75,22.5
5.754166667,22.5
5.758333333,22.5
5.7625,22.5
5.766666667,22.5
5.770833333,22.5
5.775,22.5
5.779166667,22.5
5.783333333,22.5
5.7875,22.5
5.791666667,22.5
5.795833333,22.5
5.8,22.5
5.804166667,22.5
5.808333333,22.5
5.8125,22.5
5.816666667,22.5
5.820833333,22.5
5.825,22.5
5.829166667,22.5
5.833333333,22.5
5.8375,22.5
5.841666667,22.5
5.845833333,22.5
5.85,22.5
5.854166667,22.5
5.858333333,22.5
5.8625,22.5
5.866666667,22.5
5.870833333,22.5
5.875,22.5
5.879166667,22.5
5.883333333,22.5
5.8875,22.5
5.891666667,22.5
5.895833333,22.5
5.9,22.5
5.904166667,22.5
5.908333333,22.5
5.9125,22.5
5.916666667,22.5
5.920833333,22.5
5.925,22.5
5.929166667,22.5
5.933333333,22.5
5.9375,22.5
5.941666667,22.5
5.945833333,22.5
5.95,22.5
5.954166667,22.5
5.958333333,22.5
5.9625,22.5
5.966666667,22.5
5.970833333,22.5
5.975,22.5
5.979166667,22.5
5.983333333,22.5
5.9875,22.5
5.991666667,22.5
5.995833333,22.5
6,22
6.004166667,21.9
6.008333333,21.8
6.0125,21.8
6.016666667,21.9
6.020833333,22
6.025,22.1
6.029166667,22.2
6.033333333,22.3
6.0375,22.5
6.041666667,22.6
6.045833333,22.7
6.05,22.8
6.054166667,22.8
6.058333333,22.6
6.0625,22.7
6.066666667,22.7
6.070833333,22.6
6.075,22.6
6.079166667,22.7
6.083333333,22.6
6.0875,22.6
6.091666667,22.7
6.095833333,22.7
6.1,22.7
6.104166667,22.8
6.108333333,22.9
6.1125,23.2
6.116666667,23.4
6.120833333,23.5
6.125,23.6
6.129166667,23.7
6.133333333,23.9
6.1375,23.9
6.141666667,23.8
6.145833333,23.9
6.15,23.9
6.154166667,23.9
6.158333333,23.8
6.1625,23.8
6.166666667,23.8
6.170833333,23.8
6.175,23.9
6.179166667,23.9
6.183333333,23.9
6.1875,24
6.191666667,23.9
6.195833333,24
6.2,24
6.204166667,24
6.208333333,24
6.2125,24
6.216666667,24
6.220833333,24
6.225,24
6.229166667,24
6.233333333,24
6.2375,24
6.241666667,24.1
6.245833333,24.1
6.25,24.1
6.254166667,24.2
6.258333333,24.2
6.2625,24.1
6.266666667,24.1
6.270833333,24
6.275,23.9
6.279166667,23.7
6.283333333,23.7
6.2875,23.6
6.291666667,23.6
6.295833333,23.6
6.3,23.6
6.304166667,23.7
6.308333333,23.7
6.3125,23.8
6.316666667,23.9
6.320833333,23.9
6.325,23.9
6.329166667,23.9
6.333333333,23.9
6.3375,23.9
6.341666667,23.9
6.345833333,24
6.35,24
6.354166667,24
6.358333333,24
6.3625,24
6.366666667,23.9
6.370833333,23.8
6.375,23.6
6.379166667,23.7
6.383333333,23.7
6.3875,23.6
6.391666667,23.6
6.395833333,23.6
6.4,23.4
6.404166667,23.2
6.408333333,23.1
6.4125,22.9
6.416666667,22.7
6.420833333,22.6
6.425,22.7
6.429166667,22.7
6.433333333,22.7
6.4375,22.6
6.441666667,22.6
6.445833333,22.5
6.45,22.5
6.454166667,22.6
6.458333333,22.7
6.4625,22.7
6.466666667,22.7
6.470833333,22.7
6.475,22.8
6.479166667,22.9
6.483333333,22.9
6.4875,22.9
6.491666667,23
6.495833333,23
6.5,23
6.504166667,23.1
6.508333333,23.1
6.5125,23.1
6.516666667,23.1
6.520833333,23
6.525,23
6.529166667,23
6.533333333,23
6.5375,22.9
6.541666667,22.9
6.545833333,22.9
6.55,22.9
6.554166667,23
6.558333333,23.1
6.5625,23.1
6.566666667,23.2
6.570833333,23.1
6.575,23.1
6.579166667,23.2
6.583333333,23.3
6.5875,23.4
6.591666667,23.5
6.595833333,23.5
6.6,23.5
6.604166667,23.5
6.608333333,23.5
6.6125,23.5
6.616666667,23.5
6.620833333,23.4
6.625,23.4
6.629166667,23.3
6.633333333,23.4
6.6375,23.3
6.641666667,23.3
6.645833333,23.2
6.65,23.2
6.654166667,23.1
6.658333333,23
6.6625,22.8
6.666666667,22.7
6.670833333,22.4
6.675,22.2
6.679166667,22.1
6.683333333,22.1
6.6875,22
6.691666667,21.9
6.695833333,21.9
6.7,21.8
6.704166667,21.9
6.708333333,22
6.7125,22.1
6.716666667,22.2
6.720833333,22.3
6.725,22.3
6.729166667,22.3
6.733333333,22.4
6.7375,22.5
6.741666667,22.5
6.745833333,22.4
6.75,22.5
6.754166667,22.6
6.758333333,22.8
6.7625,23
6.766666667,23.1
6.770833333,23.3
6.775,23.4
6.779166667,23.4
6.783333333,23.4
6.7875,23.4
6.791666667,23.2
6.795833333,23.3
6.8,23.3
6.804166667,23.3
6.808333333,23.5
6.8125,23.5
6.816666667,23.3
6.820833333,23.3
6.825,23.5
6.829166667,23.4
6.833333333,23.4
6.8375,23.4
6.841666667,23.4
6.845833333,23.4
6.85,23.5
6.854166667,23.3
6.858333333,23
6.8625,23
6.866666667,23.1
6.870833333,22.9
6.875,23
6.879166667,23.1
6.883333333,23.3
6.8875,23.1
6.891666667,22.8
6.895833333,22.9
6.9,23
6.904166667,22.9
6.908333333,23.2
6.9125,23.4
6.916666667,23.2
6.920833333,23.4
6.925,23.5
6.929166667,23.5
6.933333333,23.1
6.9375,23.3
6.941666667,23.1
6.945833333,22.9
6.95,23
6.954166667,23.1
6.958333333,23.1
6.9625,23.4
6.966666667,23.6
6.970833333,23.7
6.975,23.8
6.979166667,23.8
6.983333333,23.5
6.9875,23.3
6.991666667,23.2
6.995833333,23.2
7,23.3
7.004166667,23.2
7.008333333,23.2
7.0125,23.1
7.016666667,23.2
7.020833333,23.2
7.025,23.2
7.029166667,23.2
7.033333333,23
7.0375,23
7.041666667,23.1
7.045833333,23
7.05,22.9
7.054166667,22.9
7.058333333,23.2
7.0625,23.3
7.066666667,23.1
7.070833333,23.1
7.075,23
7.079166667,22.9
7.083333333,23
7.0875,22.8
7.091666667,22.8
7.095833333,23
7.1,22.9
7.104166667,23.1
7.108333333,23.4
7.1125,23.5
7.116666667,23.8
7.120833333,23.9
7.125,24
7.129166667,24.1
7.133333333,24
7.1375,24
7.141666667,24
7.145833333,24
7.15,24.1
7.154166667,24.1
7.158333333,24.1
7.1625,24.1
7.166666667,24.1
7.170833333,24.1
7.175,24.1
7.179166667,24.1
7.183333333,24.1
7.1875,24.1
7.191666667,24.1
7.195833333,24.1
7.2,24.1
7.204166667,24.1
7.208333333,24
7.2125,23.9
7.216666667,23.9
7.220833333,23.9
7.225,23.7
7.229166667,23.6
7.233333333,23.4
7.2375,23.4
7.241666667,23.4
7.245833333,23.3
7.25,23.2
7.254166667,23.2
7.258333333,23.4
7.2625,23.4
7.266666667,23.4
7.270833333,23.5
7.275,23.5
7.279166667,23.6
7.283333333,23.7
7.2875,23.8
7.291666667,23.9
7.295833333,23.9
7.3,23.9
7.304166667,23.9
7.308333333,23.8
7.3125,23.7
7.316666667,23.7
7.320833333,23.7
7.325,23.7
7.329166667,23.7
7.333333333,23.7
7.3375,23.6
7.341666667,23.6
7.345833333,23.5
7.35,23.6
7.354166667,23.5
7.358333333,23.5
7.3625,23.6
7.366666667,23.6
7.370833333,23.6
7.375,23.5
7.379166667,23.5
7.383333333,23.5
7.3875,23.5
7.391666667,23.6
7.395833333,23.7
7.4,23.7
7.404166667,23.7
7.408333333,23.6
7.4125,23.6
7.416666667,23.6
7.420833333,23.6
7.425,23.6
7.429166667,23.6
7.433333333,23.6
7.4375,23.5
7.441666667,23.5
7.445833333,23.4
7.45,23.3
7.454166667,23.3
7.458333333,23.3
7.4625,23.3
7.466666667,23.3
7.470833333,23.2
7.475,23
7.479166667,22.8
7.483333333,22.7
7.4875,22.5
7.491666667,22.4
7.495833333,22.4
7.5,22.4
7.504166667,22.6
7.508333333,22.8
7.5125,23
7.516666667,23.1
7.520833333,23.2
7.525,23.3
7.529166667,23.4
7.533333333,23.5
7.5375,23.5
7.541666667,23.4
7.545833333,23.4
7.55,23.3
7.554166667,23.2
7.558333333,23.1
7.5625,23
7.566666667,23.1
7.570833333,23.2
7.575,23.2
7.579166667,23.3
7.583333333,23.3
7.5875,23.2
7.591666667,23.2
7.595833333,23.2
7.6,23.2
7.604166667,23.3
7.608333333,23.3
7.6125,23.3
7.616666667,23.3
7.620833333,23.2
7.625,23.2
7.629166667,23.3
7.633333333,23.3
7.6375,23.3
7.641666667,23.4
7.645833333,23.5
7.65,23.5
7.654166667,23.5
7.658333333,23.5
7.6625,23.6
7.666666667,23.6
7.670833333,23.5
7.675,23.5
7.679166667,23.5
7.683333333,23.5
7.6875,23.4
7.691666667,23.3
7.695833333,23.3
7.7,23.3
7.704166667,23.4
7.708333333,23.4
7.7125,23.4
7.716666667,23.4
7.720833333,23.3
7.725,23.1
7.729166667,22.8
7.733333333,22.8
7.7375,22.9
7.741666667,23
7.745833333,23
7.75,23
7.754166667,23
7.758333333,23
7.7625,23
7.766666667,23
7.770833333,22.8
7.775,22.7
7.779166667,22.7
7.783333333,22.7
7.7875,22.8
7.791666667,22.7
7.795833333,22.6
7.8,22.5
7.804166667,22.6
7.808333333,22.7
7.8125,22.9
7.816666667,22.9
7.820833333,22.8
7.825,22.8
7.829166667,22.8
7.833333333,22.8
7.8375,23
7.841666667,22.9
7.845833333,23
7.85,23.1
7.854166667,23.3
7.858333333,23.4
7.8625,23.1
7.866666667,23.1
7.870833333,23
7.875,22.9
7.879166667,23
7.883333333,23.2
7.8875,23.3
7.891666667,23.4
7.895833333,23.6
7.9,23.7
7.904166667,23.8
7.908333333,24
7.9125,24
7.916666667,24.1
7.920833333,24.2
7.925,24.2
7.929166667,24.2
7.933333333,24.1
7.9375,24.1
7.941666667,24.2
7.945833333,24.2
7.95,24.1
7.954166667,24.1
7.958333333,24.1
7.9625,24.2
7.966666667,24.2
7.970833333,24.2
7.975,24.3
7.979166667,24.3
7.983333333,24.3
7.9875,24.3
7.991666667,24.3
7.995833333,24.3
8,24.3
8.004166667,24.4
8.008333333,24.4
8.0125,24.4
8.016666667,24.4
8.020833333,24.4
8.025,24.3
8.029166667,24.2
8.033333333,24.2
8.0375,24.3
8.041666667,24.3
8.045833333,24.3
8.05,24.2
8.054166667,24.3
8.058333333,24.3
8.0625,24.2
8.066666667,24.2
8.070833333,24.2
8.075,24.3
8.079166667,24.3
8.083333333,24.3
8.0875,24.3
8.091666667,24.3
8.095833333,24.3
8.1,24.3
8.104166667,24.3
8.108333333,24.1
8.1125,23.7
8.116666667,23.3
8.120833333,23.1
8.125,23.2
8.129166667,23.2
8.133333333,22.9
8.1375,22.7
8.141666667,22.6
8.145833333,22.7
8.15,22.8
8.154166667,22.9
8.158333333,23
8.1625,23.1
8.166666667,23.2
8.170833333,23.2
8.175,23.2
8.179166667,23.2
8.183333333,23.3
8.1875,23.3
8.191666667,23.3
8.195833333,23.3
8.2,23.3
8.204166667,23.4
8.208333333,23.4
8.2125,23.5
8.216666667,23.6
8.220833333,23.6
8.225,23.5
8.229166667,23.4
8.233333333,23.4
8.2375,23.4
8.241666667,23.4
8.245833333,23.4
8.25,23.3
8.254166667,23.3
8.258333333,23.3
8.2625,23.3
8.266666667,23.3
8.270833333,23.2
8.275,23.2
8.279166667,23.2
8.283333333,23.1
8.2875,23.1
8.291666667,23.2
8.295833333,23.2
8.3,23.3
8.304166667,23.4
8.308333333,23.5
8.3125,23.5
8.316666667,23.6
8.320833333,23.6
8.325,23.6
8.329166667,23.6
8.333333333,23.6
8.3375,23.5
8.341666667,23.5
8.345833333,23.5
8.35,23.4
8.354166667,23.4
8.358333333,23.4
8.3625,23.4
8.366666667,23.5
8.370833333,23.5
8.375,23.6
8.379166667,23.6
8.383333333,23.6
8.3875,23.6
8.391666667,23.5
8.395833333,23.5
8.4,23.5
8.404166667,23.4
8.408333333,23.4
8.4125,23.4
8.416666667,23.3
8.420833333,23.3
8.425,23.2
8.429166667,23.2
8.433333333,23.2
8.4375,23.2
8.441666667,23.2
8.445833333,23.1
8.45,23.1
8.454166667,23.1
8.458333333,23.1
8.4625,23.1
8.466666667,23.1
8.470833333,23.1
8.475,23.1
8.479166667,23.1
8.483333333,23.1
8.4875,23.1
8.491666667,23.2
8.495833333,23.2
8.5,23.2
8.504166667,23.3
8.508333333,23.3
8.5125,23.3
8.516666667,23.3
8.520833333,23.4
8.525,23.4
8.529166667,23.4
8.533333333,23.4
8.5375,23.4
8.541666667,23.4
8.545833333,23.4
8.55,23.4
8.554166667,23.4
8.558333333,23.4
8.5625,23.4
8.566666667,23.4
8.570833333,23.3
8.575,23.3
8.579166667,23.3
8.583333333,23.3
8.5875,23.3
8.591666667,23.2
8.595833333,23.2
8.6,23.1
8.604166667,23.1
8.608333333,23.1
8.6125,23.1
8.616666667,23.1
8.620833333,23.1
8.625,23.1
8.629166667,23.2
8.633333333,23.2
8.6375,23.2
8.641666667,23.2
8.645833333,23.2
8.65,23.2
8.654166667,23.2
8.658333333,23.2
8.6625,23.2
8.666666667,23.2
8.670833333,23.2
8.675,23.2
8.679166667,23.2
8.683333333,23.1
8.6875,23.1
8.691666667,23.1
8.695833333,23.1
8.7,23.1
8.704166667,23.1
8.708333333,23.1
8.7125,23.1
8.716666667,23.1
8.720833333,23.1
8.725,23.1
8.729166667,23
8.733333333,23
8.7375,22.9
8.741666667,22.9
8.745833333,22.8
8.75,22.8
8.754166667,22.7
8.758333333,22.7
8.7625,22.7
8.766666667,22.7
8.770833333,22.7
8.775,22.7
8.779166667,22.7
8.783333333,22.8
8.7875,22.9
8.791666667,22.8
8.795833333,22.8
8.8,22.8
8.804166667,22.8
8.808333333,22.8
8.8125,22.9
8.816666667,23
8.820833333,23
8.825,23.1
8.829166667,23.1
8.833333333,23.1
8.8375,23
8.841666667,23
8.845833333,23
8.85,22.9
8.854166667,22.9
8.858333333,22.9
8.8625,22.9
8.866666667,23
8.870833333,23.1
8.875,23
8.879166667,23
8.883333333,23
8.8875,23
8.891666667,23
8.895833333,23
8.9,23
8.904166667,23
8.908333333,23
8.9125,23
8.916666667,23
8.920833333,23
8.925,23.1
8.929166667,23.2
8.933333333,23.3
8.9375,23.4
8.941666667,23.5
8.945833333,23.6
8.95,23.5
8.954166667,23.6
8.958333333,23.6
8.9625,23.6
8.966666667,23.7
8.970833333,23.7
8.975,23.7
8.979166667,23.7
8.983333333,23.7
8.9875,23.7
8.991666667,23.6
8.995833333,23.6
9,23.6
9.004166667,23.6
9.008333333,23.6
9.0125,23.7
9.016666667,23.7
9.020833333,23.7
9.025,23.8
9.029166667,23.8
9.033333333,23.8
9.0375,23.9
9.041666667,23.9
9.045833333,23.9
9.05,23.9
9.054166667,23.9
9.058333333,23.9
9.0625,23.9
9.066666667,23.8
9.070833333,23.8
9.075,23.8
9.079166667,23.8
9.083333333,23.8
9.0875,23.7
9.091666667,23.7
9.095833333,23.7
9.1,23.6
9.104166667,23.5
9.108333333,23.4
9.1125,23.3
9.116666667,23.3
9.120833333,23.3
9.125,23.2
9.129166667,23.2
9.133333333,23.2
9.1375,23.2
9.141666667,23.2
9.145833333,23.1
9.15,23.1
9.154166667,23.2
9.158333333,23.3
9.1625,23.3
9.166666667,23.3
9.170833333,23.2
9.175,23.2
9.179166667,23.2
9.183333333,23.2
9.1875,23.2
9.191666667,23.2
9.195833333,23.2
9.2,23.3
9.204166667,23.3
9.208333333,23.3
9.2125,23.3
9.216666667,23.3
9.220833333,23.3
9.225,23.3
9.229166667,23.3
9.233333333,23.3
9.2375,23.3
9.241666667,23.3
9.245833333,23.3
9.25,23.3
9.254166667,23.2
9.258333333,23.2
9.2625,23.2
9.266666667,23.2
9.270833333,23.2
9.275,23.2
9.279166667,23.2
9.283333333,23.1
9.2875,23.1
9.291666667,23.1
9.295833333,23.2
9.3,23.2
9.304166667,23.2
9.308333333,23.2
9.3125,23.3
9.316666667,23.3
9.320833333,23.2
9.325,23.2
9.329166667,23.2
9.333333333,23.2
9.3375,23.3
9.341666667,23.3
9.345833333,23.3
9.35,23.3
9.354166667,23.3
9.358333333,23.3
9.3625,23.3
9.366666667,23.3
9.370833333,23.3
9.375,23.3
9.379166667,23.3
9.383333333,23.3
9.3875,23.3
9.391666667,23.3
9.395833333,23.3
9.4,23.3
9.404166667,23.3
9.408333333,23.2
9.4125,23.2
9.416666667,23.2
9.420833333,23.1
9.425,23.1
9.429166667,23.1
9.433333333,23
9.4375,23
9.441666667,23
9.445833333,23
9.45,23
9.454166667,23.1
9.458333333,23.1
9.4625,23.1
9.466666667,23.1
9.470833333,23.1
9.475,23.1
9.479166667,23.1
9.483333333,23.1
9.4875,23.2
9.491666667,23.2
9.495833333,23.2
9.5,23.2
9.504166667,23.2
9.508333333,23.3
9.5125,23.3
9.516666667,23.3
9.520833333,23.3
9.525,23.4
9.529166667,23.4
9.533333333,23.5
9.5375,23.5
9.541666667,23.6
9.545833333,23.7
9.55,23.7
9.554166667,23.8
9.558333333,23.8
9.5625,23.8
9.566666667,23.8
9.570833333,23.8
9.575,23.8
9.579166667,23.8
9.583333333,23.7
9.5875,23.7
9.591666667,23.7
9.595833333,23.7
9.6,23.7
9.604166667,23.6
9.608333333,23.6
9.6125,23.6
9.616666667,23.6
9.620833333,23.6
9.625,23.6
9.629166667,23.6
9.633333333,23.6
9.6375,23.5
9.641666667,23.5
9.645833333,23.5
9.65,23.5
9.654166667,23.4
9.658333333,23.4
9.6625,23.4
9.666666667,23.4
9.670833333,23.4
9.675,23.4
9.679166667,23.4
9.683333333,23.4
9.6875,23.4
9.691666667,23.4
9.695833333,23.4
9.7,23.3
9.704166667,23.3
9.708333333,23.4
9.7125,23.4
9.716666667,23.4
9.720833333,23.4
9.725,23.4
9.729166667,23.4
9.733333333,23.4
9.7375,23.4
9.741666667,23.4
9.745833333,23.4
9.75,23.4
9.754166667,23.4
9.758333333,23.4
9.7625,23.4
9.766666667,23.4
9.770833333,23.4
9.775,23.4
9.779166667,23.4
9.783333333,23.4
9.7875,23.4
9.791666667,23.4
9.795833333,23.4
9.8,23.4
9.804166667,23.5
9.808333333,23.5
9.8125,23.5
9.816666667,23.5
9.820833333,23.5
9.825,23.5
9.829166667,23.5
9.833333333,23.5
9.8375,23.4
9.841666667,23.4
9.845833333,23.4
9.85,23.5
9.854166667,23.5
9.858333333,23.5
9.8625,23.5
9.866666667,23.5
9.870833333,23.5
9.875,23.5
9.879166667,23.6
9.883333333,23.6
9.8875,23.6
9.891666667,23.6
9.895833333,23.6
9.9,23.7
9.904166667,23.7
9.908333333,23.7
9.9125,23.7
9.916666667,23.7
9.920833333,23.7
9.925,23.6
9.929166667,23.5
9.933333333,23.5
9.9375,23.4
9.941666667,23.5
9.945833333,23.5
9.95,23.6
9.954166667,23.6
9.958333333,23.6
9.9625,23.6
9.966666667,23.6
9.970833333,23.6
9.975,23.7
9.979166667,23.7
9.983333333,23.7
9.9875,23.8
9.991666667,23.8
9.995833333,23.9
10,23.9
10.00416667,23.9
10.00833333,24
10.0125,24
10.01666667,24
10.02083333,24
10.025,24
10.02916667,24
10.03333333,23.9
10.0375,23.9
10.04166667,23.8
10.04583333,23.8
10.05,23.9
10.05416667,23.9
10.05833333,23.8
10.0625,23.8
10.06666667,23.8
10.07083333,23.8
10.075,23.8
10.07916667,23.8
10.08333333,23.8
10.0875,23.7
10.09166667,23.6
10.09583333,23.6
10.1,23.6
10.10416667,23.6
10.10833333,23.7
10.1125,23.7
10.11666667,23.7
10.12083333,23.6
10.125,23.6
10.12916667,23.6
10.13333333,23.6
10.1375,23.6
10.14166667,23.6
10.14583333,23.6
10.15,23.6
10.15416667,23.6
10.15833333,23.6
10.1625,23.6
10.16666667,23.6
10.17083333,23.5
10.175,23.5
10.17916667,23.5
10.18333333,23.6
10.1875,23.6
10.19166667,23.6
10.19583333,23.6
10.2,23.6
10.20416667,23.6
10.20833333,23.6
10.2125,23.6
10.21666667,23.6
10.22083333,23.6
10.225,23.6
10.22916667,23.6
10.23333333,23.7
10.2375,23.7
10.24166667,23.7
10.24583333,23.7
10.25,23.7
10.25416667,23.6
10.25833333,23.6
10.2625,23.5
10.26666667,23.5
10.27083333,23.5
10.275,23.4
10.27916667,23.4
10.28333333,23.4
10.2875,23.4
10.29166667,23.4
10.29583333,23.4
10.3,23.4
10.30416667,23.4
10.30833333,23.4
10.3125,23.4
10.31666667,23.4
10.32083333,23.4
10.325,23.4
10.32916667,23.5
10.33333333,23.5
10.3375,23.5
10.34166667,23.5
10.34583333,23.5
10.35,23.5
10.35416667,23.5
10.35833333,23.5
10.3625,23.4
10.36666667,23.4
10.37083333,23.4
10.375,23.4
10.37916667,23.5
10.38333333,23.5
10.3875,23.4
10.39166667,23.4
10.39583333,23.4
10.4,23.4
10.40416667,23.4
10.40833333,23.4
10.4125,23.5
10.41666667,23.5
10.42083333,23.5
10.425,23.5
10.42916667,23.5
10.43333333,23.5
10.4375,23.4
10.44166667,23.4
10.44583333,23.4
10.45,23.4
10.45416667,23.4
10.45833333,23.4
10.4625,23.4
10.46666667,23.4
10.47083333,23.5
10.475,23.5
10.47916667,23.5
10.48333333,23.5
10.4875,23.5
10.49166667,23.5
10.49583333,23.5
10.5,23.5
10.50416667,23.5
10.50833333,23.5
10.5125,23.5
10.51666667,23.5
10.52083333,23.6
10.525,23.6
10.52916667,23.6
10.53333333,23.6
10.5375,23.6
10.54166667,23.6
10.54583333,23.6
10.55,23.6
10.55416667,23.6
10.55833333,23.6
10.5625,23.6
10.56666667,23.6
10.57083333,23.6
10.575,23.7
10.57916667,23.7
10.58333333,23.7
10.5875,23.7
10.59166667,23.8
10.59583333,23.8
10.6,23.8
10.60416667,23.7
10.60833333,23.7
10.6125,23.7
10.61666667,23.6
10.62083333,23.6
10.625,23.6
10.62916667,23.6
10.63333333,23.6
10.6375,23.6
10.64166667,23.6
10.64583333,23.6
10.65,23.6
10.65416667,23.6
10.65833333,23.6
10.6625,23.6
10.66666667,23.6
10.67083333,23.6
10.675,23.6
10.67916667,23.6
10.68333333,23.6
10.6875,23.6
10.69166667,23.6
10.69583333,23.6
10.7,23.6
10.70416667,23.6
10.70833333,23.6
10.7125,23.6
10.71666667,23.6
10.72083333,23.6
10.725,23.6
10.72916667,23.6
10.73333333,23.6
10.7375,23.6
10.74166667,23.6
10.74583333,23.6
10.75,23.6
10.75416667,23.6
10.75833333,23.6
10.7625,23.6
10.76666667,23.6
10.77083333,23.6
10.775,23.6
10.77916667,23.6
10.78333333,23.6
10.7875,23.7
10.79166667,23.7
10.79583333,23.7
10.8,23.7
10.80416667,23.7
10.80833333,23.8
10.8125,23.7
10.81666667,23.7
10.82083333,23.7
10.825,23.7
10.82916667,23.7
10.83333333,23.8
10.8375,23.8
10.84166667,23.9
10.84583333,23.9
10.85,23.8
10.85416667,23.8
10.85833333,23.8
10.8625,23.9
10.86666667,23.9
10.87083333,23.9
10.875,23.9
10.87916667,23.9
10.88333333,23.9
10.8875,23.9
10.89166667,23.9
10.89583333,23.9
10.9,24
10.90416667,24
10.90833333,24
10.9125,24.1
10.91666667,24.1
10.92083333,24.1
10.925,24.1
10.92916667,24.2
10.93333333,24.2
10.9375,24.1
10.94166667,24.1
10.94583333,24.1
10.95,24
10.95416667,23.9
10.95833333,23.8
10.9625,23.9
10.96666667,23.9
10.97083333,24
10.975,24
10.97916667,24
10.98333333,24.1
10.9875,24.1
10.99166667,24.2
10.99583333,24.2
11,24.3
11.00416667,24.3
11.00833333,24.3
11.0125,24.3
11.01666667,24.3
11.02083333,24.3
11.025,24.3
11.02916667,24.3
11.03333333,24.2
11.0375,24.2
11.04166667,24.2
11.04583333,24.2
11.05,24.2
11.05416667,24.2
11.05833333,24.2
11.0625,24.1
11.06666667,24.1
11.07083333,24.1
11.075,24
11.07916667,24
11.08333333,24
11.0875,24
11.09166667,24
11.09583333,23.9
11.1,23.9
11.10416667,23.9
11.10833333,23.9
11.1125,23.9
11.11666667,23.8
11.12083333,23.8
11.125,23.7
11.12916667,23.7
11.13333333,23.7
11.1375,23.6
11.14166667,23.6
11.14583333,23.6
11.15,23.6
11.15416667,23.6
11.15833333,23.5
11.1625,23.5
11.16666667,23.5
11.17083333,23.5
11.175,23.5
11.17916667,23.5
11.18333333,23.6
11.1875,23.6
11.19166667,23.6
11.19583333,23.6
11.2,23.5
11.20416667,23.5
11.20833333,23.5
11.2125,23.5
11.21666667,23.5
11.22083333,23.6
11.225,23.7
11.22916667,23.7
11.23333333,23.7
11.2375,23.7
11.24166667,23.7
11.24583333,23.7
11.25,23.7
11.25416667,23.7
11.25833333,23.7
11.2625,23.7
11.26666667,23.7
11.27083333,23.7
11.275,23.8
11.27916667,23.8
11.28333333,23.8
11.2875,23.7
11.29166667,23.7
11.29583333,23.7
11.3,23.6
11.30416667,23.6
11.30833333,23.6
11.3125,23.6
11.31666667,23.5
11.32083333,23.5
11.325,23.5
11.32916667,23.5
11.33333333,23.5
11.3375,23.6
11.34166667,23.6
11.34583333,23.6
11.35,23.7
11.35416667,23.7
11.35833333,23.7
11.3625,23.7
11.36666667,23.7
11.37083333,23.7
11.375,23.7
11.37916667,23.7
11.38333333,23.7
11.3875,23.7
11.39166667,23.7
11.39583333,23.6
11.4,23.6
11.40416667,23.7
11.40833333,23.7
11.4125,23.7
11.41666667,23.7
11.42083333,23.7
11.425,23.7
11.42916667,23.7
11.43333333,23.7
11.4375,23.7
11.44166667,23.7
11.44583333,23.7
11.45,23.7
11.45416667,23.7
11.45833333,23.7
11.4625,23.6
11.46666667,23.6
11.47083333,23.6
11.475,23.6
11.47916667,23.6
11.48333333,23.6
11.4875,23.6
11.49166667,23.6
11.49583333,23.6
11.5,23.6
11.50416667,23.6
11.50833333,23.6
11.5125,23.6
11.51666667,23.7
11.52083333,23.7
11.525,23.7
11.52916667,23.7
11.53333333,23.7
11.5375,23.7
11.54166667,23.7
11.54583333,23.8
11.55,23.8
11.55416667,23.8
11.55833333,23.8
11.5625,23.8
11.56666667,23.8
11.57083333,23.8
11.575,23.8
11.57916667,23.8
11.58333333,23.8
11.5875,23.8
11.59166667,23.8
11.59583333,23.8
11.6,23.8
11.60416667,23.8
11.60833333,23.8
11.6125,23.9
11.61666667,23.9
11.62083333,23.9
11.625,23.9
11.62916667,23.9
11.63333333,23.9
11.6375,23.9
11.64166667,23.9
11.64583333,23.9
11.65,23.9
11.65416667,23.9
11.65833333,23.9
11.6625,23.9
11.66666667,23.9
11.67083333,23.9
11.675,23.9
11.67916667,23.9
11.68333333,23.9
11.6875,23.9
11.69166667,23.9
11.69583333,24
11.7,24
11.70416667,24
11.70833333,24
11.7125,24
11.71666667,23.9
11.72083333,23.9
11.725,23.9
11.72916667,23.9
11.73333333,23.9
11.7375,23.9
11.74166667,23.9
11.74583333,23.9
11.75,23.9
11.75416667,23.9
11.75833333,23.9
11.7625,23.9
11.76666667,23.8
11.77083333,23.8
11.775,23.8
11.77916667,23.9
11.78333333,23.9
11.7875,23.9
11.79166667,23.9
11.79583333,23.9
11.8,23.9
11.80416667,23.9
11.80833333,23.9
11.8125,23.9
11.81666667,23.9
11.82083333,23.9
11.825,24
11.82916667,24
11.83333333,24
11.8375,24
11.84166667,24
11.84583333,24.1
11.85,24.1
11.85416667,24.1
11.85833333,24.2
11.8625,24.2
11.86666667,24.2
11.87083333,24.2
11.875,24.2
11.87916667,24.2
11.88333333,24.2
11.8875,24.2
11.89166667,24.2
11.89583333,24.2
11.9,24.1
11.90416667,24.1
11.90833333,24.1
11.9125,24
11.91666667,24
11.92083333,24
11.925,24
11.92916667,24.1
11.93333333,24.2
11.9375,24.2
11.94166667,24.2
11.94583333,24.2
11.95,24.2
11.95416667,24.2
11.95833333,24.3
11.9625,24.3
11.96666667,24.4
11.97083333,24.4
11.975,24.4
11.97916667,24.4
11.98333333,24.5
11.9875,24.5
11.99166667,24.5
11.99583333,24.4
12,24.5
12.00416667,24.5
12.00833333,24.5
12.0125,24.5
12.01666667,24.5
12.02083333,24.5
12.025,24.5
12.02916667,24.5
12.03333333,24.5
12.0375,24.5
12.04166667,24.5
12.04583333,24.5
12.05,24.5
12.05416667,24.5
12.05833333,24.4
12.0625,24.4
12.06666667,24.4
12.07083333,24.4
12.075,24.4
12.07916667,24.4
12.08333333,24.4
12.0875,24.3
12.09166667,24.3
12.09583333,24.3
12.1,24.2
12.10416667,24.2
12.10833333,24.2
12.1125,24.2
12.11666667,24.1
12.12083333,24.1
12.125,24.1
12.12916667,24.1
12.13333333,24
12.1375,24
12.14166667,24
12.14583333,24
12.15,24
12.15416667,23.9
12.15833333,23.9
12.1625,23.9
12.16666667,23.9
12.17083333,23.9
12.175,23.9
12.17916667,23.8
12.18333333,23.8
12.1875,23.8
12.19166667,23.8
12.19583333,23.8
12.2,23.8
12.20416667,23.8
12.20833333,23.8
12.2125,23.8
12.21666667,23.7
12.22083333,23.7
12.225,23.8
12.22916667,23.8
12.23333333,23.7
12.2375,23.7
12.24166667,23.7
12.24583333,23.7
12.25,23.8
12.25416667,23.8
12.25833333,23.8
12.2625,23.8
12.26666667,23.8
12.27083333,23.8
12.275,23.8
12.27916667,23.8
12.28333333,23.8
12.2875,23.8
12.29166667,23.8
12.29583333,23.9
12.3,23.9
12.30416667,23.9
12.30833333,23.9
12.3125,23.9
12.31666667,23.8
12.32083333,23.8
12.325,23.8
12.32916667,23.8
12.33333333,23.7
12.3375,23.7
12.34166667,23.7
12.34583333,23.7
12.35,23.7
12.35416667,23.7
12.35833333,23.7
12.3625,23.8
12.36666667,23.7
12.37083333,23.7
12.375,23.7
12.37916667,23.7
12.38333333,23.8
12.3875,23.8
12.39166667,23.8
12.39583333,23.7
12.4,23.7
12.40416667,23.8
12.40833333,23.8
12.4125,23.8
12.41666667,23.8
12.42083333,23.8
12.425,23.8
12.42916667,23.8
12.43333333,23.8
12.4375,23.8
12.44166667,23.8
12.44583333,23.8
12.45,23.8
12.45416667,23.8
12.45833333,23.8
12.4625,23.8
12.46666667,23.8
12.47083333,23.8
12.475,23.7
12.47916667,23.7
12.48333333,23.7
12.4875,23.7
12.49166667,23.7
12.49583333,23.7
12.5,23.7
12.50416667,23.7
12.50833333,23.7
12.5125,23.7
12.51666667,23.7
12.52083333,23.7
12.525,23.7
12.52916667,23.7
12.53333333,23.7
12.5375,23.8
12.54166667,23.8
12.54583333,23.8
12.55,23.9
12.55416667,23.9
12.55833333,23.9
12.5625,24
12.56666667,24
12.57083333,24
12.575,24
12.57916667,24
12.58333333,24
12.5875,24
12.59166667,24
12.59583333,24
12.6,24
12.60416667,24
12.60833333,24
12.6125,24
12.61666667,24
12.62083333,24
12.625,24
12.62916667,24
12.63333333,24
12.6375,24
12.64166667,24
12.64583333,24
12.65,24.1
12.65416667,24.1
12.65833333,24.1
12.6625,24.1
12.66666667,24.1
12.67083333,24.1
12.675,24.1
12.67916667,24.1
12.68333333,24.1
12.6875,24.1
12.69166667,24.1
12.69583333,24.1
12.7,24.1
12.70416667,24.1
12.70833333,24.1
12.7125,24.1
12.71666667,24.1
12.72083333,24.1
12.725,24.1
12.72916667,24.1
12.73333333,24.1
12.7375,24.1
12.74166667,24.1
12.74583333,24.1
12.75,24.1
12.75416667,24.2
12.75833333,24.2
12.7625,24.2
12.76666667,24.2
12.77083333,24.2
12.775,24.2
12.77916667,24.2
12.78333333,24.2
12.7875,24.2
12.79166667,24.1
12.79583333,24.1
12.8,24.1
12.80416667,24.2
12.80833333,24.2
12.8125,24.2
12.81666667,24.2
12.82083333,24.1
12.825,24.1
12.82916667,24.2
12.83333333,24.2
12.8375,24.1
12.84166667,24.1
12.84583333,24.1
12.85,24.1
12.85416667,24.1
12.85833333,24.2
12.8625,24.2
12.86666667,24.2
12.87083333,24.2
12.875,24.3
12.87916667,24.3
12.88333333,24.3
12.8875,24.3
12.89166667,24.3
12.89583333,24.2
12.9,24.2
12.90416667,24.2
12.90833333,24.2
12.9125,24.2
12.91666667,24.3
12.92083333,24.3
12.925,24.3
12.92916667,24.3
12.93333333,24.3
12.9375,24.3
12.94166667,24.3
12.94583333,24.3
12.95,24.3
12.95416667,24.3
12.95833333,24.3
12.9625,24.3
12.96666667,24.4
12.97083333,24.4
12.975,24.4
12.97916667,24.4
12.98333333,24.4
12.9875,24.4
12.99166667,24.4
12.99583333,24.4
13,24.4
13.00416667,24.5
13.00833333,24.5
13.0125,24.5
13.01666667,24.5
13.02083333,24.6
13.025,24.5
13.02916667,24.5
13.03333333,24.6
13.0375,24.5
13.04166667,24.5
13.04583333,24.5
13.05,24.5
13.05416667,24.5
13.05833333,24.5
13.0625,24.5
13.06666667,24.5
13.07083333,24.5
13.075,24.5
13.07916667,24.5
13.08333333,24.5
13.0875,24.5
13.09166667,24.5
13.09583333,24.6
13.1,24.6
13.10416667,24.7
13.10833333,24.7
13.1125,24.7
13.11666667,24.7
13.12083333,24.7
13.125,24.7
13.12916667,24.7
13.13333333,24.7
13.1375,24.6
13.14166667,24.6
13.14583333,24.6
13.15,24.6
13.15416667,24.6
13.15833333,24.6
13.1625,24.6
13.16666667,24.5
13.17083333,24.5
13.175,24.5
13.17916667,24.5
13.18333333,24.4
13.1875,24.4
13.19166667,24.3
13.19583333,24.3
13.2,24.3
13.20416667,24.2
13.20833333,24.2
13.2125,24.1
13.21666667,24.1
13.22083333,24.1
13.225,24.1
13.22916667,24
13.23333333,23.9
13.2375,23.6
13.24166667,23.4
13.24583333,23.3
13.25,23.3
13.25416667,23.3
13.25833333,23.3
13.2625,23.2
13.26666667,23.2
13.27083333,23.1
13.275,23.1
13.27916667,23.2
13.28333333,23.2
13.2875,23.4
13.29166667,23.6
13.29583333,23.7
13.3,23.7
13.30416667,23.7
13.30833333,23.7
13.3125,23.7
13.31666667,23.6
13.32083333,23.6
13.325,23.6
13.32916667,23.5
13.33333333,23.5
13.3375,23.5
13.34166667,23.5
13.34583333,23.6
13.35,23.6
13.35416667,23.6
13.35833333,23.6
13.3625,23.7
13.36666667,23.7
13.37083333,23.7
13.375,23.7
13.37916667,23.7
13.38333333,23.7
13.3875,23.8
13.39166667,23.8
13.39583333,23.8
13.4,23.8
13.40416667,23.8
13.40833333,23.8
13.4125,23.8
13.41666667,23.8
13.42083333,23.8
13.425,23.8
13.42916667,23.8
13.43333333,23.8
13.4375,23.8
13.44166667,23.8
13.44583333,23.8
13.45,23.8
13.45416667,23.8
13.45833333,23.7
13.4625,23.7
13.46666667,23.8
13.47083333,23.8
13.475,23.8
13.47916667,23.7
13.48333333,23.7
13.4875,23.8
13.49166667,23.8
13.49583333,23.8
13.5,23.8
13.50416667,23.8
13.50833333,23.8
13.5125,23.8
13.51666667,23.9
13.52083333,23.9
13.525,23.9
13.52916667,23.9
13.53333333,23.9
13.5375,23.9
13.54166667,23.9
13.54583333,23.9
13.55,23.9
13.55416667,23.9
13.55833333,23.9
13.5625,24
13.56666667,24
13.57083333,24.1
13.575,24.1
13.57916667,24.1
13.58333333,24.1
13.5875,24.2
13.59166667,24.2
13.59583333,24.2
13.6,24.2
13.60416667,24.2
13.60833333,24.2
13.6125,24.3
13.61666667,24.3
13.62083333,24.2
13.625,24.2
13.62916667,24.2
13.63333333,24.3
13.6375,24.3
13.64166667,24.3
13.64583333,24.3
13.65,24.4
13.65416667,24.4
13.65833333,24.4
13.6625,24.4
13.66666667,24.4
13.67083333,24.4
13.675,24.4
13.67916667,24.4
13.68333333,24.4
13.6875,24.3
13.69166667,24.3
13.69583333,24.4
13.7,24.4
13.70416667,24.4
13.70833333,24.4
13.7125,24.4
13.71666667,24.4
13.72083333,24.4
13.725,24.4
13.72916667,24.4
13.73333333,24.4
13.7375,24.4
13.74166667,24.4
13.74583333,24.4
13.75,24.4
13.75416667,24.4
13.75833333,24.3
13.7625,24.3
13.76666667,24.3
13.77083333,24.3
13.775,24.3
13.77916667,24.1
13.78333333,24
13.7875,23.8
13.79166667,23.6
13.79583333,23.4
13.8,23.4
13.80416667,23.4
13.80833333,23.4
13.8125,23.3
13.81666667,23.3
13.82083333,23.4
13.825,23.5
13.82916667,23.6
13.83333333,23.7
13.8375,23.7
13.84166667,23.7
13.84583333,23.6
13.85,23.6
13.85416667,23.6
13.85833333,23.5
13.8625,23.6
13.86666667,23.8
13.87083333,24
13.875,24.1
13.87916667,24.1
13.88333333,24
13.8875,24
13.89166667,24
13.89583333,23.9
13.9,23.9
13.90416667,23.9
13.90833333,23.9
13.9125,24.1
13.91666667,24.2
13.92083333,24.2
13.925,24.3
13.92916667,24.3
13.93333333,24.3
13.9375,24.4
13.94166667,24.4
13.94583333,24.4
13.95,24.4
13.95416667,24.4
13.95833333,24.4
13.9625,24.4
13.96666667,24.4
13.97083333,24.4
13.975,24.4
13.97916667,24.4
13.98333333,24.5
13.9875,24.5
13.99166667,24.5
13.99583333,24.5
14,24.5
14.00416667,24.5
14.00833333,24.5
14.0125,24.5
14.01666667,24.5
14.02083333,24.6
14.025,24.6
14.02916667,24.6
14.03333333,24.6
14.0375,24.5
14.04166667,24.4
14.04583333,24.4
14.05,24.4
14.05416667,24.4
14.05833333,24.4
14.0625,24.4
14.06666667,24.4
14.07083333,24.4
14.075,24.4
14.07916667,24.4
14.08333333,24.4
14.0875,24.4
14.09166667,24.4
14.09583333,24.5
14.1,24.5
14.10416667,24.5
14.10833333,24.5
14.1125,24.5
14.11666667,24.5
14.12083333,24.5
14.125,24.5
14.12916667,24.5
14.13333333,24.5
14.1375,24.5
14.14166667,24.6
14.14583333,24.6
14.15,24.6
14.15416667,24.6
14.15833333,24.6
14.1625,24.6
14.16666667,24.6
14.17083333,24.6
14.175,24.6
14.17916667,24.6
14.18333333,24.6
14.1875,24.6
14.19166667,24.6
14.19583333,24.6
14.2,24.6
14.20416667,24.6
14.20833333,24.6
14.2125,24.5
14.21666667,24.5
14.22083333,24.5
14.225,24.5
14.22916667,24.5
14.23333333,24.5
14.2375,24.5
14.24166667,24.3
14.24583333,24.1
14.25,24
14.25416667,23.9
14.25833333,23.8
14.2625,23.7
14.26666667,23.6
14.27083333,23.6
14.275,23.5
14.27916667,23.5
14.28333333,23.4
14.2875,23.3
14.29166667,23.3
14.29583333,23.3
14.3,23.3
14.30416667,23.3
14.30833333,23.3
14.3125,23.3
14.31666667,23.3
14.32083333,23.4
14.325,23.5
14.32916667,23.6
14.33333333,23.5
14.3375,23.5
14.34166667,23.4
14.34583333,23.4
14.35,23.4
14.35416667,23.4
14.35833333,23.4
14.3625,23.4
14.36666667,23.4
14.37083333,23.4
14.375,23.4
14.37916667,23.4
14.38333333,23.5
14.3875,23.7
14.39166667,23.8
14.39583333,23.8
14.4,23.9
14.40416667,23.9
14.40833333,23.9
14.4125,23.9
14.41666667,23.9
14.42083333,23.9
14.425,23.9
14.42916667,23.9
14.43333333,23.9
14.4375,23.9
14.44166667,23.9
14.44583333,23.9
14.45,24
14.45416667,24.1
14.45833333,24.1
14.4625,24.1
14.46666667,24.2
14.47083333,24.2
14.475,24.1
14.47916667,24.1
14.48333333,24.1
14.4875,24
14.49166667,24
14.49583333,23.9
14.5,23.9
14.50416667,23.9
14.50833333,24
14.5125,24
14.51666667,24
14.52083333,24
14.525,24
14.52916667,24.1
14.53333333,24.1
14.5375,24.1
14.54166667,24.1
14.54583333,24
14.55,24
14.55416667,24.1
14.55833333,24.1
14.5625,24
14.56666667,24
14.57083333,24
14.575,24
14.57916667,24
14.58333333,24
14.5875,24
14.59166667,24
14.59583333,24
14.6,24
14.60416667,24.1
14.60833333,24.1
14.6125,24.1
14.61666667,24.1
14.62083333,24.1
14.625,24.2
14.62916667,24.2
14.63333333,24.3
14.6375,24.3
14.64166667,24.4
14.64583333,24.4
14.65,24.4
14.65416667,24.4
14.65833333,24.4
14.6625,24.4
14.66666667,24.4
14.67083333,24.5
14.675,24.5
14.67916667,24.5
14.68333333,24.5
14.6875,24.5
14.69166667,24.5
14.69583333,24.5
14.7,24.5
14.70416667,24.5
14.70833333,24.5
14.7125,24.5
14.71666667,24.5
14.72083333,24.5
14.725,24.5
14.72916667,24.5
14.73333333,24.4
14.7375,24.4
14.74166667,24.4
14.74583333,24.4
14.75,24.4
14.75416667,24.3
14.75833333,24.3
14.7625,24.2
14.76666667,24
14.77083333,23.8
14.775,23.7
14.77916667,23.6
14.78333333,23.5
14.7875,23.5
14.79166667,23.5
14.79583333,23.5
14.8,23.4
14.80416667,23.4
14.80833333,23.3
14.8125,23.2
14.81666667,23.2
14.82083333,23.2
14.825,23.2
14.82916667,23.2
14.83333333,23.2
14.8375,23.2
14.84166667,23.3
14.84583333,23.5
14.85,23.8
14.85416667,24
14.85833333,24.1
14.8625,24.2
14.86666667,24.2
14.87083333,24.2
14.875,24.3
14.87916667,24.2
14.88333333,24.3
14.8875,24.3
14.89166667,24.2
14.89583333,24.3
14.9,24.2
14.90416667,24.2
14.90833333,24.2
14.9125,24.1
14.91666667,24.1
14.92083333,24.1
14.925,24.1
14.92916667,24.1
14.93333333,24.2
14.9375,24.2
14.94166667,24.2
14.94583333,24.3
14.95,24.3
14.95416667,24.3
14.95833333,24.4
14.9625,24.4
14.96666667,24.5
14.97083333,24.5
14.975,24.6
14.97916667,24.7
14.98333333,24.6
14.9875,24.6
14.99166667,24.5
14.99583333,24.4
15,24.4
15.00416667,24.4
15.00833333,24.4
15.0125,24.4
15.01666667,24.5
15.02083333,24.5
15.025,24.5
15.02916667,24.5
15.03333333,24.5
15.0375,24.5
15.04166667,24.5
15.04583333,24.5
15.05,24.6
15.05416667,24.6
15.05833333,24.6
15.0625,24.6
15.06666667,24.5
15.07083333,24.5
15.075,24.5
15.07916667,24.5
15.08333333,24.4
15.0875,24.4
15.09166667,24.4
15.09583333,24.3
15.1,24.4
15.10416667,24.4
15.10833333,24.4
15.1125,24.4
15.11666667,24.5
15.12083333,24.5
15.125,24.5
15.12916667,24.5
15.13333333,24.5
15.1375,24.5
15.14166667,24.5
15.14583333,24.5
15.15,24.5
15.15416667,24.5
15.15833333,24.6
15.1625,24.6
15.16666667,24.6
15.17083333,24.6
15.175,24.6
15.17916667,24.6
15.18333333,24.6
15.1875,24.6
15.19166667,24.6
15.19583333,24.6
15.2,24.6
15.20416667,24.6
15.20833333,24.6
15.2125,24.6
15.21666667,24.6
15.22083333,24.6
15.225,24.6
15.22916667,24.6
15.23333333,24.6
15.2375,24.6
15.24166667,24.6
15.24583333,24.6
15.25,24.6
15.25416667,24.6
15.25833333,24.5
15.2625,24.4
15.26666667,24.2
15.27083333,24.1
15.275,24.1
15.27916667,24
15.28333333,24
15.2875,24
15.29166667,24
15.29583333,24
15.3,24
15.30416667,24
15.30833333,24
15.3125,24
15.31666667,23.9
15.32083333,23.9
15.325,23.8
15.32916667,23.8
15.33333333,23.7
15.3375,23.6
15.34166667,23.6
15.34583333,23.6
15.35,23.6
15.35416667,23.6
15.35833333,23.7
15.3625,23.7
15.36666667,23.7
15.37083333,23.8
15.375,23.9
15.37916667,23.9
15.38333333,24
15.3875,24
15.39166667,24
15.39583333,24
15.4,24
15.40416667,24
15.40833333,24
15.4125,24
15.41666667,24
15.42083333,24
15.425,24
15.42916667,24
15.43333333,24
15.4375,24.1
15.44166667,24.1
15.44583333,24.1
15.45,24.1
15.45416667,24.1
15.45833333,24.1
15.4625,24.1
15.46666667,24.1
15.47083333,24.1
15.475,24.1
15.47916667,24.1
15.48333333,24.1
15.4875,24.1
15.49166667,24.1
15.49583333,24.1
15.5,24.1
15.50416667,24
15.50833333,24
15.5125,23.9
15.51666667,24
15.52083333,24
15.525,24
15.52916667,24
15.53333333,24
15.5375,24
15.54166667,24
15.54583333,24
15.55,24
15.55416667,24
15.55833333,24
15.5625,24
15.56666667,24
15.57083333,24
15.575,24
15.57916667,24
15.58333333,24
15.5875,24
15.59166667,24
15.59583333,24
15.6,24
15.60416667,24
15.60833333,24
15.6125,24.1
15.61666667,24.1
15.62083333,24.1
15.625,24.2
15.62916667,24.1
15.63333333,24.1
15.6375,24.1
15.64166667,24.2
15.64583333,24.2
15.65,24.2
15.65416667,24.2
15.65833333,24.3
15.6625,24.3
15.66666667,24.4
15.67083333,24.4
15.675,24.4
15.67916667,24.4
15.68333333,24.4
15.6875,24.4
15.69166667,24.4
15.69583333,24.4
15.7,24.4
15.70416667,24.4
15.70833333,24.4
15.7125,24.4
15.71666667,24.4
15.72083333,24.4
15.725,24.4
15.72916667,24.4
15.73333333,24.4
15.7375,24.4
15.74166667,24.4
15.74583333,24.4
15.75,24.4
15.75416667,24.4
15.75833333,24.4
15.7625,24.4
15.76666667,24.4
15.77083333,24.4
15.775,24.4
15.77916667,24.4
15.78333333,24.4
15.7875,24.4
15.79166667,24.5
15.79583333,24.4
15.8,24.4
15.80416667,24.4
15.80833333,24.4
15.8125,24.4
15.81666667,24.4
15.82083333,24.4
15.825,24.4
15.82916667,24.3
15.83333333,24.3
15.8375,24.2
15.84166667,24.1
15.84583333,24
15.85,24
15.85416667,23.9
15.85833333,23.8
15.8625,23.7
15.86666667,23.8
15.87083333,24
15.875,24.2
15.87916667,24.2
15.88333333,24.3
15.8875,24.3
15.89166667,24.4
15.89583333,24.4
15.9,24.4
15.90416667,24.4
15.90833333,24.4
15.9125,24.4
15.91666667,24.5
15.92083333,24.5
15.925,24.4
15.92916667,24.4
15.93333333,24.5
15.9375,24.5
15.94166667,24.5
15.94583333,24.5
15.95,24.6
15.95416667,24.6
15.95833333,24.5
15.9625,24.5
15.96666667,24.5
15.97083333,24.5
15.975,24.6
15.97916667,24.6
15.98333333,24.6
15.9875,24.7
15.99166667,24.7
15.99583333,24.7
16,24.7
16.00416667,24.6
16.00833333,24.6
16.0125,24.6
16.01666667,24.6
16.02083333,24.6
16.025,24.6
16.02916667,24.6
16.03333333,24.6
16.0375,24.6
16.04166667,24.6
16.04583333,24.6
16.05,24.6
16.05416667,24.6
16.05833333,24.6
16.0625,24.6
16.06666667,24.6
16.07083333,24.6
16.075,24.6
16.07916667,24.6
16.08333333,24.6
16.0875,24.6
16.09166667,24.6
16.09583333,24.6
16.1,24.6
16.10416667,24.6
16.10833333,24.6
16.1125,24.6
16.11666667,24.5
16.12083333,24.5
16.125,24.4
16.12916667,24.4
16.13333333,24.4
16.1375,24.4
16.14166667,24.4
16.14583333,24.4
16.15,24.4
16.15416667,24.4
16.15833333,24.5
16.1625,24.5
16.16666667,24.5
16.17083333,24.5
16.175,24.5
16.17916667,24.5
16.18333333,24.6
16.1875,24.6
16.19166667,24.6
16.19583333,24.6
16.2,24.6
16.20416667,24.6
16.20833333,24.6
16.2125,24.6
16.21666667,24.6
16.22083333,24.6
16.225,24.6
16.22916667,24.6
16.23333333,24.6
16.2375,24.6
16.24166667,24.6
16.24583333,24.6
16.25,24.6
16.25416667,24.6
16.25833333,24.6
16.2625,24.6
16.26666667,24.6
16.27083333,24.6
16.275,24.6
16.27916667,24.6
16.28333333,24.6
16.2875,24.6
16.29166667,24.6
16.29583333,24.6
16.3,24.6
16.30416667,24.6
16.30833333,24.6
16.3125,24.6
16.31666667,24.6
16.32083333,24.6
16.325,24.6
16.32916667,24.6
16.33333333,24.6
16.3375,24.6
16.34166667,24.6
16.34583333,24.6
16.35,24.6
16.35416667,24.6
16.35833333,24.5
16.3625,24.5
16.36666667,24.5
16.37083333,24.5
16.375,24.4
16.37916667,24.3
16.38333333,24.3
16.3875,24.3
16.39166667,24.3
16.39583333,24.3
16.4,24.3
16.40416667,24.3
16.40833333,24.3
16.4125,24.3
16.41666667,24.3
16.42083333,24.3
16.425,24.2
16.42916667,24.2
16.43333333,24.2
16.4375,24.2
16.44166667,24.2
16.44583333,24.2
16.45,24.2
16.45416667,24.2
16.45833333,24.1
16.4625,24.1
16.46666667,24.1
16.47083333,24.2
16.475,24.2
16.47916667,24.2
16.48333333,24.2
16.4875,24.2
16.49166667,24.2
16.49583333,24.2
16.5,24.2
16.50416667,24.3
16.50833333,24.3
16.5125,24.3
16.51666667,24.3
16.52083333,24.3
16.525,24.3
16.52916667,24.3
16.53333333,24.2
16.5375,24.2
16.54166667,24.2
16.54583333,24.2
16.55,24.1
16.55416667,24.1
16.55833333,24.1
16.5625,24.1
16.56666667,24.1
16.57083333,24.1
16.575,24.1
16.57916667,24.1
16.58333333,24.1
16.5875,24.1
16.59166667,24.1
16.59583333,24.1
16.6,24.1
16.60416667,24.1
16.60833333,24.1
16.6125,24.1
16.61666667,24.1
16.62083333,24.1
16.625,24.1
16.62916667,24.1
16.63333333,24.1
16.6375,24.2
16.64166667,24.2
16.64583333,24.2
16.65,24.2
16.65416667,24.2
16.65833333,24.2
16.6625,24.2
16.66666667,24.2
16.67083333,24.2
16.675,24.2
16.67916667,24.2
16.68333333,24.2
16.6875,24.2
16.69166667,24.2
16.69583333,24.3
16.7,24.3
16.70416667,24.3
16.70833333,24.3
16.7125,24.3
16.71666667,24.3
16.72083333,24.3
16.725,24.3
16.72916667,24.3
16.73333333,24.3
16.7375,24.3
16.74166667,24.3
16.74583333,24.4
16.75,24.4
16.75416667,24.4
16.75833333,24.5
16.7625,24.5
16.76666667,24.5
16.77083333,24.6
16.775,24.6
16.77916667,24.6
16.78333333,24.6
16.7875,24.6
16.79166667,24.6
16.79583333,24.5
16.8,24.5
16.80416667,24.5
16.80833333,24.5
16.8125,24.5
16.81666667,24.5
16.82083333,24.5
16.825,24.5
16.82916667,24.5
16.83333333,24.5
16.8375,24.5
16.84166667,24.5
16.84583333,24.5
16.85,24.5
16.85416667,24.5
16.85833333,24.5
16.8625,24.5
16.86666667,24.5
16.87083333,24.5
16.875,24.5
16.87916667,24.5
16.88333333,24.5
16.8875,24.5
16.89166667,24.4
16.89583333,24.4
16.9,24.4
16.90416667,24.3
16.90833333,24.3
16.9125,24.3
16.91666667,24.4
16.92083333,24.4
16.925,24.4
16.92916667,24.4
16.93333333,24.5
16.9375,24.5
16.94166667,24.5
16.94583333,24.5
16.95,24.5
16.95416667,24.5
16.95833333,24.5
16.9625,24.5
16.96666667,24.5
16.97083333,24.5
16.975,24.5
16.97916667,24.5
16.98333333,24.5
16.9875,24.6
16.99166667,24.6
16.99583333,24.6
17,24.6
17.00416667,24.6
17.00833333,24.6
17.0125,24.6
17.01666667,24.6
17.02083333,24.6
17.025,24.6
17.02916667,24.6
17.03333333,24.5
17.0375,24.5
17.04166667,24.5
17.04583333,24.4
17.05,24.4
17.05416667,24.4
17.05833333,24.4
17.0625,24.5
17.06666667,24.5
17.07083333,24.5
17.075,24.5
17.07916667,24.5
17.08333333,24.5
17.0875,24.5
17.09166667,24.5
17.09583333,24.5
17.1,24.5
17.10416667,24.5
17.10833333,24.5
17.1125,24.5
17.11666667,24.5
17.12083333,24.5
17.125,24.5
17.12916667,24.6
17.13333333,24.6
17.1375,24.6
17.14166667,24.6
17.14583333,24.6
17.15,24.6
17.15416667,24.7
17.15833333,24.7
17.1625,24.7
17.16666667,24.6
17.17083333,24.6
17.175,24.5
17.17916667,24.5
17.18333333,24.5
17.1875,24.5
17.19166667,24.5
17.19583333,24.5
17.2,24.5
17.20416667,24.5
17.20833333,24.5
17.2125,24.5
17.21666667,24.5
17.22083333,24.6
17.225,24.6
17.22916667,24.6
17.23333333,24.6
17.2375,24.6
17.24166667,24.6
17.24583333,24.6
17.25,24.6
17.25416667,24.6
17.25833333,24.6
17.2625,24.6
17.26666667,24.7
17.27083333,24.7
17.275,24.7
17.27916667,24.7
17.28333333,24.7
17.2875,24.7
17.29166667,24.6
17.29583333,24.6
17.3,24.6
17.30416667,24.6
17.30833333,24.6
17.3125,24.6
17.31666667,24.6
17.32083333,24.7
17.325,24.7
17.32916667,24.7
17.33333333,24.7
17.3375,24.7
17.34166667,24.7
17.34583333,24.7
17.35,24.7
17.35416667,24.7
17.35833333,24.7
17.3625,24.7
17.36666667,24.7
17.37083333,24.7
17.375,24.7
17.37916667,24.7
17.38333333,24.7
17.3875,24.7
17.39166667,24.7
17.39583333,24.6
17.4,24.6
17.40416667,24.6
17.40833333,24.6
17.4125,24.6
17.41666667,24.6
17.42083333,24.5
17.425,24.5
17.42916667,24.4
17.43333333,24.4
17.4375,24.4
17.44166667,24.4
17.44583333,24.4
17.45,24.4
17.45416667,24.4
17.45833333,24.4
17.4625,24.4
17.46666667,24.4
17.47083333,24.4
17.475,24.4
17.47916667,24.4
17.48333333,24.4
17.4875,24.4
17.49166667,24.4
17.49583333,24.4
17.5,24.4
17.50416667,24.4
17.50833333,24.4
17.5125,24.4
17.51666667,24.4
17.52083333,24.4
17.525,24.4
17.52916667,24.4
17.53333333,24.4
17.5375,24.4
17.54166667,24.4
17.54583333,24.4
17.55,24.4
17.55416667,24.4
17.55833333,24.4
17.5625,24.4
17.56666667,24.4
17.57083333,24.3
17.575,24.3
17.57916667,24.3
17.58333333,24.3
17.5875,24.3
17.59166667,24.3
17.59583333,24.3
17.6,24.3
17.60416667,24.3
17.60833333,24.3
17.6125,24.3
17.61666667,24.3
17.62083333,24.3
17.625,24.3
17.62916667,24.3
17.63333333,24.3
17.6375,24.3
17.64166667,24.3
17.64583333,24.3
17.65,24.3
17.65416667,24.3
17.65833333,24.3
17.6625,24.3
17.66666667,24.3
17.67083333,24.3
17.675,24.3
17.67916667,24.3
17.68333333,24.3
17.6875,24.3
17.69166667,24.3
17.69583333,24.3
17.7,24.3
17.70416667,24.3
17.70833333,24.3
17.7125,24.3
17.71666667,24.3
17.72083333,24.3
17.725,24.3
17.72916667,24.3
17.73333333,24.3
17.7375,24.3
17.74166667,24.3
17.74583333,24.3
17.75,24.4
17.75416667,24.4
17.75833333,24.4
17.7625,24.4
17.76666667,24.4
17.77083333,24.4
17.775,24.4
17.77916667,24.5
17.78333333,24.6
17.7875,24.7
17.79166667,24.8
17.79583333,24.8
17.8,24.8
17.80416667,24.8
17.80833333,24.9
17.8125,24.9
17.81666667,24.9
17.82083333,24.9
17.825,24.9
17.82916667,24.9
17.83333333,24.8
17.8375,24.8
17.84166667,24.8
17.84583333,24.8
17.85,24.8
17.85416667,24.8
17.85833333,24.8
17.8625,24.8
17.86666667,24.8
17.87083333,24.8
17.875,24.8
17.87916667,24.8
17.88333333,24.8
17.8875,24.8
17.89166667,24.8
17.89583333,24.7
17.9,24.7
17.90416667,24.8
17.90833333,24.7
17.9125,24.7
17.91666667,24.6
17.92083333,24.5
17.925,24.5
17.92916667,24.5
17.93333333,24.6
17.9375,24.6
17.94166667,24.6
17.94583333,24.7
17.95,24.8
17.95416667,24.8
17.95833333,24.8
17.9625,24.8
17.96666667,24.8
17.97083333,24.8
17.975,24.8
17.97916667,24.8
17.98333333,24.8
17.9875,24.8
17.99166667,24.8
17.99583333,24.8
18,24.8
18.00416667,24.8
18.00833333,24.8
18.0125,24.8
18.01666667,24.8
18.02083333,24.8
18.025,24.8
18.02916667,24.8
18.03333333,24.8
18.0375,24.8
18.04166667,24.8
18.04583333,24.8
18.05,24.8
18.05416667,24.8
18.05833333,24.8
18.0625,24.8
18.06666667,24.8
18.07083333,24.8
18.075,24.8
18.07916667,24.8
18.08333333,24.8
18.0875,24.9
18.09166667,24.9
18.09583333,24.9
18.1,24.9
18.10416667,24.8
18.10833333,24.8
18.1125,24.8
18.11666667,24.8
18.12083333,24.8
18.125,24.8
18.12916667,24.8
18.13333333,24.8
18.1375,24.7
18.14166667,24.7
18.14583333,24.7
18.15,24.7
18.15416667,24.7
18.15833333,24.7
18.1625,24.7
18.16666667,24.7
18.17083333,24.7
18.175,24.7
18.17916667,24.7
18.18333333,24.7
18.1875,24.7
18.19166667,24.7
18.19583333,24.7
18.2,24.7
18.20416667,24.7
18.20833333,24.7
18.2125,24.7
18.21666667,24.8
18.22083333,24.8
18.225,24.7
18.22916667,24.7
18.23333333,24.7
18.2375,24.7
18.24166667,24.7
18.24583333,24.7
18.25,24.6
18.25416667,24.6
18.25833333,24.6
18.2625,24.6
18.26666667,24.6
18.27083333,24.6
18.275,24.6
18.27916667,24.6
18.28333333,24.6
18.2875,24.6
18.29166667,24.6
18.29583333,24.6
18.3,24.6
18.30416667,24.6
18.30833333,24.6
18.3125,24.6
18.31666667,24.6
18.32083333,24.6
18.325,24.6
18.32916667,24.6
18.33333333,24.6
18.3375,24.6
18.34166667,24.6
18.34583333,24.6
18.35,24.7
18.35416667,24.7
18.35833333,24.7
18.3625,24.7
18.36666667,24.7
18.37083333,24.7
18.375,24.7
18.37916667,24.7
18.38333333,24.7
18.3875,24.7
18.39166667,24.7
18.39583333,24.7
18.4,24.7
18.40416667,24.7
18.40833333,24.7
18.4125,24.7
18.41666667,24.7
18.42083333,24.7
18.425,24.7
18.42916667,24.7
18.43333333,24.7
18.4375,24.7
18.44166667,24.7
18.44583333,24.7
18.45,24.7
18.45416667,24.7
18.45833333,24.7
18.4625,24.7
18.46666667,24.7
18.47083333,24.6
18.475,24.6
18.47916667,24.6
18.48333333,24.6
18.4875,24.6
18.49166667,24.6
18.49583333,24.5
18.5,24.5
18.50416667,24.5
18.50833333,24.5
18.5125,24.5
18.51666667,24.5
18.52083333,24.5
18.525,24.5
18.52916667,24.5
18.53333333,24.5
18.5375,24.5
18.54166667,24.5
18.54583333,24.5
18.55,24.5
18.55416667,24.5
18.55833333,24.5
18.5625,24.5
18.56666667,24.5
18.57083333,24.4
18.575,24.5
18.57916667,24.5
18.58333333,24.4
18.5875,24.4
18.59166667,24.4
18.59583333,24.5
18.6,24.5
18.60416667,24.5
18.60833333,24.5
18.6125,24.5
18.61666667,24.5
18.62083333,24.5
18.625,24.5
18.62916667,24.5
18.63333333,24.5
18.6375,24.4
18.64166667,24.4
18.64583333,24.4
18.65,24.4
18.65416667,24.4
18.65833333,24.4
18.6625,24.4
18.66666667,24.4
18.67083333,24.4
18.675,24.4
18.67916667,24.4
18.68333333,24.4
18.6875,24.4
18.69166667,24.4
18.69583333,24.4
18.7,24.4
18.70416667,24.4
18.70833333,24.4
18.7125,24.4
18.71666667,24.4
18.72083333,24.4
18.725,24.5
18.72916667,24.5
18.73333333,24.5
18.7375,24.5
18.74166667,24.5
18.74583333,24.5
18.75,24.5
18.75416667,24.5
18.75833333,24.5
18.7625,24.5
18.76666667,24.5
18.77083333,24.5
18.775,24.6
18.77916667,24.6
18.78333333,24.7
18.7875,24.7
18.79166667,24.8
18.79583333,24.9
18.8,24.9
18.80416667,25
18.80833333,25
18.8125,25
18.81666667,24.9
18.82083333,24.9
18.825,24.9
18.82916667,24.8
18.83333333,24.7
18.8375,24.7
18.84166667,24.7
18.84583333,24.8
18.85,24.8
18.85416667,24.8
18.85833333,24.8
18.8625,24.9
18.86666667,24.9
18.87083333,24.7
18.875,24.8
18.87916667,24.8
18.88333333,24.9
18.8875,24.9
18.89166667,24.9
18.89583333,24.9
18.9,25
18.90416667,25
18.90833333,25
18.9125,25
18.91666667,25
18.92083333,25
18.925,24.9
18.92916667,24.9
18.93333333,24.8
18.9375,24.7
18.94166667,24.6
18.94583333,24.7
18.95,24.6
18.95416667,24.5
18.95833333,24.4
18.9625,24.4
18.96666667,24.6
18.97083333,24.7
18.975,24.6
18.97916667,24.3
18.98333333,24.2
18.9875,24.1
18.99166667,24
18.99583333,24
19,24.1
19.00416667,24
19.00833333,24
19.0125,24.1
19.01666667,24
19.02083333,24
19.025,24
19.02916667,24
19.03333333,24.1
19.0375,24.1
19.04166667,24.1
19.04583333,24.2
19.05,24.3
19.05416667,24.4
19.05833333,24.5
19.0625,24.6
19.06666667,24.6
19.07083333,24.6
19.075,24.7
19.07916667,24.7
19.08333333,24.7
19.0875,24.7
19.09166667,24.7
19.09583333,24.7
19.1,24.7
19.10416667,24.7
19.10833333,24.7
19.1125,24.7
19.11666667,24.7
19.12083333,24.7
19.125,24.7
19.12916667,24.7
19.13333333,24.7
19.1375,24.7
19.14166667,24.7
19.14583333,24.7
19.15,24.7
19.15416667,24.7
19.15833333,24.7
19.1625,24.7
19.16666667,24.7
19.17083333,24.7
19.175,24.7
19.17916667,24.7
19.18333333,24.7
19.1875,24.7
19.19166667,24.8
19.19583333,24.8
19.2,24.7
19.20416667,24.7
19.20833333,24.7
19.2125,24.8
19.21666667,24.8
19.22083333,24.8
19.225,24.8
19.22916667,24.8
19.23333333,24.8
19.2375,24.8
19.24166667,24.8
19.24583333,24.8
19.25,24.8
19.25416667,24.8
19.25833333,24.8
19.2625,24.7
19.26666667,24.7
19.27083333,24.7
19.275,24.7
19.27916667,24.7
19.28333333,24.7
19.2875,24.6
19.29166667,24.6
19.29583333,24.6
19.3,24.6
19.30416667,24.7
19.30833333,24.7
19.3125,24.8
19.31666667,24.8
19.32083333,24.7
19.325,24.7
19.32916667,24.6
19.33333333,24.6
19.3375,24.6
19.34166667,24.6
19.34583333,24.7
19.35,24.7
19.35416667,24.7
19.35833333,24.6
19.3625,24.6
19.36666667,24.6
19.37083333,24.6
19.375,24.6
19.37916667,24.6
19.38333333,24.6
19.3875,24.6
19.39166667,24.6
19.39583333,24.6
19.4,24.6
19.40416667,24.6
19.40833333,24.6
19.4125,24.6
19.41666667,24.6
19.42083333,24.6
19.425,24.6
19.42916667,24.6
19.43333333,24.6
19.4375,24.6
19.44166667,24.6
19.44583333,24.6
19.45,24.6
19.45416667,24.6
19.45833333,24.6
19.4625,24.6
19.46666667,24.6
19.47083333,24.6
19.475,24.6
19.47916667,24.6
19.48333333,24.6
19.4875,24.6
19.49166667,24.6
19.49583333,24.6
19.5,24.6
19.50416667,24.6
19.50833333,24.6
19.5125,24.6
19.51666667,24.6
19.52083333,24.6
19.525,24.6
19.52916667,24.6
19.53333333,24.6
19.5375,24.6
19.54166667,24.6
19.54583333,24.5
19.55,24.5
19.55416667,24.4
19.55833333,24.4
19.5625,24.3
19.56666667,24.3
19.57083333,24.3
19.575,24.3
19.57916667,24.2
19.58333333,24.2
19.5875,24.2
19.59166667,24.2
19.59583333,24.2
19.6,24.2
19.60416667,24.2
19.60833333,24.2
19.6125,24.2
19.61666667,24.2
19.62083333,24.2
19.625,24.1
19.62916667,24.2
19.63333333,24.1
19.6375,24.1
19.64166667,24.1
19.64583333,24.2
19.65,24.2
19.65416667,24.2
19.65833333,24.2
19.6625,24.2
19.66666667,24.2
19.67083333,24.2
19.675,24.2
19.67916667,24.2
19.68333333,24.2
19.6875,24.2
19.69166667,24.2
19.69583333,24.2
19.7,24.2
19.70416667,24.2
19.70833333,24.2
19.7125,24.2
19.71666667,24.2
19.72083333,24.1
19.725,24.1
19.72916667,24.1
19.73333333,24.1
19.7375,24.1
19.74166667,24.1
19.74583333,24.1
19.75,24.2
19.75416667,24.3
19.75833333,24.2
19.7625,24.2
19.76666667,24.2
19.77083333,24.2
19.775,24.2
19.77916667,24.4
19.78333333,24.5
19.7875,24.5
19.79166667,24.5
19.79583333,24.5
19.8,24.6
19.80416667,24.7
19.80833333,24.7
19.8125,24.8
19.81666667,24.8
19.82083333,24.9
19.825,24.9
19.82916667,24.9
19.83333333,24.9
19.8375,24.9
19.84166667,25
19.84583333,25
19.85,25
19.85416667,25
19.85833333,25
19.8625,25
19.86666667,25
19.87083333,25
19.875,25.1
19.87916667,25.1
19.88333333,25.1
19.8875,25.1
19.89166667,25.1
19.89583333,25.1
19.9,25.1
19.90416667,25.1
19.90833333,25.1
19.9125,25.1
19.91666667,25.1
19.92083333,25.1
19.925,25.1
19.92916667,25.1
19.93333333,25.1
19.9375,25.1
19.94166667,25.1
19.94583333,25.1
19.95,25.1
19.95416667,25.1
19.95833333,25.1
19.9625,25.1
19.96666667,25
19.97083333,25
19.975,24.9
19.97916667,24.9
19.98333333,24.8
19.9875,24.9
19.99166667,24.8
19.99583333,24.7
20,24.8
20.00416667,24.8
20.00833333,24.8
20.0125,24.6
20.01666667,24.7
20.02083333,24.6
20.025,24.7
20.02916667,24.8
20.03333333,24.7
20.0375,24.7
20.04166667,24.7
20.04583333,24.6
20.05,24.5
20.05416667,24.4
20.05833333,24.4
20.0625,24.4
20.06666667,24.4
20.07083333,24.4
20.075,24.4
20.07916667,24.6
20.08333333,24.8
20.0875,24.8
20.09166667,24.6
20.09583333,24.6
20.1,24.6
20.10416667,24.6
20.10833333,24.7
20.1125,24.7
20.11666667,24.7
20.12083333,24.7
20.125,24.7
20.12916667,24.7
20.13333333,24.7
20.1375,24.7
20.14166667,24.6
20.14583333,24.6
20.15,24.5
20.15416667,24.5
20.15833333,24.5
20.1625,24.5
20.16666667,24.6
20.17083333,24.6
20.175,24.6
20.17916667,24.6
20.18333333,24.6
20.1875,24.6
20.19166667,24.6
20.19583333,24.5
20.2,24.5
20.20416667,24.5
20.20833333,24.5
20.2125,24.5
20.21666667,24.6
20.22083333,24.5
20.225,24.5
20.22916667,24.5
20.23333333,24.5
20.2375,24.5
20.24166667,24.4
20.24583333,24.3
20.25,24.4
20.25416667,24.4
20.25833333,24.4
20.2625,24.5
20.26666667,24.5
20.27083333,24.5
20.275,24.6
20.27916667,24.6
20.28333333,24.6
20.2875,24.6
20.29166667,24.6
20.29583333,24.6
20.3,24.6
20.30416667,24.6
20.30833333,24.6
20.3125,24.6
20.31666667,24.7
20.32083333,24.7
20.325,24.7
20.32916667,24.6
20.33333333,24.6
20.3375,24.5
20.34166667,24.5
20.34583333,24.5
20.35,24.5
20.35416667,24.4
20.35833333,24.5
20.3625,24.5
20.36666667,24.5
20.37083333,24.5
20.375,24.4
20.37916667,24.4
20.38333333,24.4
20.3875,24.4
20.39166667,24.4
20.39583333,24.4
20.4,24.4
20.40416667,24.3
20.40833333,24.3
20.4125,24.3
20.41666667,24.3
20.42083333,24.2
20.425,24.2
20.42916667,24.2
20.43333333,24.2
20.4375,24.2
20.44166667,24.1
20.44583333,24.1
20.45,24
20.45416667,23.9
20.45833333,23.9
20.4625,23.9
20.46666667,23.9
20.47083333,23.9
20.475,23.9
20.47916667,23.9
20.48333333,23.9
20.4875,23.9
20.49166667,23.9
20.49583333,23.8
20.5,23.8
20.50416667,23.7
20.50833333,23.6
20.5125,23.6
20.51666667,23.6
20.52083333,23.6
20.525,23.6
20.52916667,23.6
20.53333333,23.6
20.5375,23.7
20.54166667,23.7
20.54583333,23.8
20.55,23.8
20.55416667,23.8
20.55833333,23.8
20.5625,23.8
20.56666667,23.9
20.57083333,23.9
20.575,23.9
20.57916667,23.9
20.58333333,23.9
20.5875,23.9
20.59166667,24
20.59583333,24
20.6,24
20.60416667,24
20.60833333,24
20.6125,24
20.61666667,24
20.62083333,24
20.625,24.1
20.62916667,24.1
20.63333333,24.1
20.6375,24
20.64166667,24
20.64583333,24
20.65,24
20.65416667,24.1
20.65833333,24.1
20.6625,24.1
20.66666667,24
20.67083333,24
20.675,24
20.67916667,23.9
20.68333333,23.9
20.6875,23.9
20.69166667,23.9
20.69583333,23.9
20.7,24
20.70416667,24
20.70833333,24
20.7125,24
20.71666667,24
20.72083333,24
20.725,24
20.72916667,24
20.73333333,24
20.7375,24.1
20.74166667,24.1
20.74583333,24.1
20.75,24
20.75416667,24
20.75833333,24
20.7625,23.9
20.76666667,23.9
20.77083333,23.9
20.775,23.9
20.77916667,23.9
20.78333333,23.9
20.7875,24
20.79166667,24
20.79583333,24
20.8,24.1
20.80416667,24.2
20.80833333,24.3
20.8125,24.3
20.81666667,24.3
20.82083333,24.4
20.825,24.5
20.82916667,24.5
20.83333333,24.6
20.8375,24.6
20.84166667,24.7
20.84583333,24.7
20.85,24.8
20.85416667,24.8
20.85833333,24.8
20.8625,24.8
20.86666667,24.8
20.87083333,24.9
20.875,24.9
20.87916667,24.9
20.88333333,25
20.8875,25
20.89166667,25
20.89583333,25
20.9,25
20.90416667,25
20.90833333,24.9
20.9125,24.9
20.91666667,24.9
20.92083333,24.9
20.925,24.9
20.92916667,24.9
20.93333333,24.9
20.9375,24.9
20.94166667,24.9
20.94583333,24.9
20.95,24.9
20.95416667,24.9
20.95833333,24.9
20.9625,24.9
20.96666667,24.9
20.97083333,24.9
20.975,24.9
20.97916667,24.9
20.98333333,24.9
20.9875,24.9
20.99166667,24.9
20.99583333,24.9
21,24.9
21.00416667,24.9
21.00833333,24.9
21.0125,24.9
21.01666667,24.8
21.02083333,24.8
21.025,24.8
21.02916667,24.8
21.03333333,24.7
21.0375,24.6
21.04166667,24.6
21.04583333,24.6
21.05,24.3
21.05416667,24.3
21.05833333,24.3
21.0625,24.3
21.06666667,24.1
21.07083333,24
21.075,23.7
21.07916667,23.5
21.08333333,23.4
21.0875,23.3
21.09166667,23
21.09583333,23.4
21.1,23.4
21.10416667,23.1
21.10833333,22.8
21.1125,22.9
21.11666667,23.1
21.12083333,23.5
21.125,23.7
21.12916667,24
21.13333333,24.1
21.1375,24.1
21.14166667,24.1
21.14583333,24.1
21.15,24.2
21.15416667,24.1
21.15833333,23.9
21.1625,23.8
21.16666667,23.7
21.17083333,23.8
21.175,24
21.17916667,24.1
21.18333333,24.1
21.1875,24.1
21.19166667,24.2
21.19583333,24.2
21.2,24.2
21.20416667,24.2
21.20833333,24.1
21.2125,24.1
21.21666667,24.1
21.22083333,24.1
21.225,23.9
21.22916667,23.8
21.23333333,23.8
21.2375,23.8
21.24166667,24
21.24583333,24.1
21.25,24.1
21.25416667,24.2
21.25833333,24.3
21.2625,24.2
21.26666667,24.1
21.27083333,24
21.275,23.9
21.27916667,23.9
21.28333333,23.9
21.2875,23.9
21.29166667,23.9
21.29583333,24
21.3,24
21.30416667,24
21.30833333,24.1
21.3125,24.1
21.31666667,24.1
21.32083333,24.1
21.325,24.2
21.32916667,24.3
21.33333333,24.3
21.3375,24.3
21.34166667,24.4
21.34583333,24.3
21.35,24.3
21.35416667,24.2
21.35833333,24.2
21.3625,24.1
21.36666667,24.1
21.37083333,24.1
21.375,24.1
21.37916667,24.1
21.38333333,24.2
21.3875,24.2
21.39166667,24.1
21.39583333,24.1
21.4,24.1
21.40416667,24.1
21.40833333,24.1
21.4125,24.1
21.41666667,24
21.42083333,24
21.425,24
21.42916667,24
21.43333333,24
21.4375,24
21.44166667,24
21.44583333,24
21.45,24
21.45416667,23.9
21.45833333,23.9
21.4625,23.9
21.46666667,23.8
21.47083333,23.8
21.475,23.7
21.47916667,23.8
21.48333333,23.8
21.4875,23.8
21.49166667,23.8
21.49583333,23.8
21.5,23.8
21.50416667,23.8
21.50833333,23.7
21.5125,23.7
21.51666667,23.7
21.52083333,23.6
21.525,23.6
21.52916667,23.5
21.53333333,23.4
21.5375,23.4
21.54166667,23.3
21.54583333,23.3
21.55,23.3
21.55416667,23.3
21.55833333,23.3
21.5625,23.3
21.56666667,23.3
21.57083333,23.3
21.575,23.2
21.57916667,23.2
21.58333333,23.1
21.5875,23.1
21.59166667,23.2
21.59583333,23.2
21.6,23.2
21.60416667,23.3
21.60833333,23.3
21.6125,23.3
21.61666667,23.3
21.62083333,23.3
21.625,23.4
21.62916667,23.4
21.63333333,23.5
21.6375,23.5
21.64166667,23.5
21.64583333,23.5
21.65,23.5
21.65416667,23.5
21.65833333,23.5
21.6625,23.5
21.66666667,23.5
21.67083333,23.4
21.675,23.4
21.67916667,23.3
21.68333333,23.3
21.6875,23.4
21.69166667,23.4
21.69583333,23.4
21.7,23.4
21.70416667,23.5
21.70833333,23.4
21.7125,23.4
21.71666667,23.4
21.72083333,23.4
21.725,23.4
21.72916667,23.4
21.73333333,23.3
21.7375,23.3
21.74166667,23.3
21.74583333,23.4
21.75,23.4
21.75416667,23.4
21.75833333,23.5
21.7625,23.5
21.76666667,23.6
21.77083333,23.7
21.775,23.7
21.77916667,23.7
21.78333333,23.7
21.7875,23.8
21.79166667,23.8
21.79583333,23.8
21.8,23.9
21.80416667,24
21.80833333,24
21.8125,24.1
21.81666667,24.1
21.82083333,24.1
21.825,24.1
21.82916667,24.1
21.83333333,24
21.8375,24
21.84166667,24
21.84583333,24
21.85,24.1
21.85416667,24.2
21.85833333,24.3
21.8625,24.3
21.86666667,24.3
21.87083333,24.3
21.875,24.4
21.87916667,24.4
21.88333333,24.4
21.8875,24.4
21.89166667,24.4
21.89583333,24.4
21.9,24.4
21.90416667,24.4
21.90833333,24.4
21.9125,24.4
21.91666667,24.5
21.92083333,24.5
21.925,24.5
21.92916667,24.5
21.93333333,24.5
21.9375,24.5
21.94166667,24.5
21.94583333,24.5
21.95,24.5
21.95416667,24.5
21.95833333,24.4
21.9625,24.4
21.96666667,24.4
21.97083333,24.3
21.975,24.3
21.97916667,24.3
21.98333333,24.3
21.9875,24.2
21.99166667,24.1
21.99583333,24.1
22,24.2
22.00416667,24.1
22.00833333,24
22.0125,24.1
22.01666667,24.2
22.02083333,24.3
22.025,24.3
22.02916667,24.3
22.03333333,24.4
22.0375,24.4
22.04166667,24.4
22.04583333,24.3
22.05,24.3
22.05416667,24.3
22.05833333,24.2
22.0625,24.2
22.06666667,24.1
22.07083333,24.1
22.075,24.1
22.07916667,23.9
22.08333333,23.9
22.0875,23.9
22.09166667,23.8
22.09583333,23.9
22.1,23.6
22.10416667,23.4
22.10833333,23.3
22.1125,23.4
22.11666667,23.5
22.12083333,23.5
22.125,23.6
22.12916667,23.7
22.13333333,23.6
22.1375,23.5
22.14166667,23.5
22.14583333,23.2
22.15,22.9
22.15416667,22.9
22.15833333,23
22.1625,23.1
22.16666667,23.2
22.17083333,23.3
22.175,23.4
22.17916667,23.4
22.18333333,23.5
22.1875,23.5
22.19166667,23.5
22.19583333,23.4
22.2,23.5
22.20416667,23.4
22.20833333,23.4
22.2125,23.3
22.21666667,23.2
22.22083333,23.2
22.225,23.2
22.22916667,23.1
22.23333333,23.1
22.2375,23.2
22.24166667,23.4
22.24583333,23.5
22.25,23.5
22.25416667,23.4
22.25833333,23.4
22.2625,23.3
22.26666667,23.3
22.27083333,23.4
22.275,23.4
22.27916667,23.5
22.28333333,23.5
22.2875,23.5
22.29166667,23.5
22.29583333,23.5
22.3,23.5
22.30416667,23.5
22.30833333,23.5
22.3125,23.5
22.31666667,23.6
22.32083333,23.6
22.325,23.6
22.32916667,23.6
22.33333333,23.6
22.3375,23.6
22.34166667,23.6
22.34583333,23.6
22.35,23.6
22.35416667,23.6
22.35833333,23.6
22.3625,23.6
22.36666667,23.6
22.37083333,23.6
22.375,23.6
22.37916667,23.6
22.38333333,23.6
22.3875,23.6
22.39166667,23.6
22.39583333,23.6
22.4,23.6
22.40416667,23.6
22.40833333,23.6
22.4125,23.6
22.41666667,23.6
22.42083333,23.6
22.425,23.5
22.42916667,23.5
22.43333333,23.4
22.4375,23.4
22.44166667,23.5
22.44583333,23.5
22.45,23.5
22.45416667,23.5
22.45833333,23.4
22.4625,23.5
22.46666667,23.5
22.47083333,23.5
22.475,23.5
22.47916667,23.5
22.48333333,23.5
22.4875,23.5
22.49166667,23.5
22.49583333,23.6
22.5,23.6
22.50416667,23.6
22.50833333,23.6
22.5125,23.7
22.51666667,23.7
22.52083333,23.8
22.525,23.8
22.52916667,23.9
22.53333333,23.9
22.5375,23.9
22.54166667,23.9
22.54583333,24
22.55,24
22.55416667,24
22.55833333,24
22.5625,24
22.56666667,24
22.57083333,24
22.575,24
22.57916667,24
22.58333333,23.9
22.5875,23.7
22.59166667,23.6
22.59583333,23.4
22.6,23.4
22.60416667,23.3
22.60833333,23.2
22.6125,23.2
22.61666667,23.2
22.62083333,23.2
22.625,23.2
22.62916667,23.2
22.63333333,23.2
22.6375,23.1
22.64166667,23.1
22.64583333,23.1
22.65,23
22.65416667,23.1
22.65833333,23.1
22.6625,23.2
22.66666667,23.2
22.67083333,23.2
22.675,23.2
22.67916667,23.2
22.68333333,23.2
22.6875,23.2
22.69166667,23.2
22.69583333,23.2
22.7,23.2
22.70416667,23.1
22.70833333,23
22.7125,22.9
22.71666667,22.8
22.72083333,22.7
22.725,22.8
22.72916667,22.8
22.73333333,22.7
22.7375,22.7
22.74166667,22.7
22.74583333,22.7
22.75,22.9
22.75416667,22.9
22.75833333,23
22.7625,23
22.76666667,23
22.77083333,23
22.775,23
22.77916667,23
22.78333333,23.1
22.7875,23.1
22.79166667,23.1
22.79583333,23.1
22.8,23.1
22.80416667,23.2
22.80833333,23.2
22.8125,23.2
22.81666667,23.2
22.82083333,23.2
22.825,23.3
22.82916667,23.3
22.83333333,23.4
22.8375,23.4
22.84166667,23.4
22.84583333,23.4
22.85,23.5
22.85416667,23.5
22.85833333,23.5
22.8625,23.5
22.86666667,23.5
22.87083333,23.5
22.875,23.6
22.87916667,23.6
22.88333333,23.6
22.8875,23.6
22.89166667,23.7
22.89583333,23.7
22.9,23.7
22.90416667,23.8
22.90833333,23.8
22.9125,23.8
22.91666667,23.8
22.92083333,23.9
22.925,23.9
22.92916667,23.9
22.93333333,23.9
22.9375,24
22.94166667,24
22.94583333,24
22.95,24
22.95416667,24
22.95833333,24
22.9625,24
22.96666667,24
22.97083333,24
22.975,24
22.97916667,24
22.98333333,24
22.9875,24
22.99166667,24
22.99583333,23.9
23,23.9
23.00416667,23.9
23.00833333,23.9
23.0125,23.9
23.01666667,23.9
23.02083333,23.9
23.025,23.9
23.02916667,23.8
23.03333333,23.5
23.0375,23.4
23.04166667,23.2
23.04583333,23.1
23.05,23.1
23.05416667,23
23.05833333,23
23.0625,23
23.06666667,23
23.07083333,23
23.075,23
23.07916667,22.9
23.08333333,22.9
23.0875,22.9
23.09166667,22.9
23.09583333,22.9
23.1,22.9
23.10416667,22.9
23.10833333,22.8
23.1125,22.7
23.11666667,22.6
23.12083333,22.6
23.125,22.5
23.12916667,22.5
23.13333333,22.4
23.1375,22.4
23.14166667,22.3
23.14583333,22.3
23.15,22.4
23.15416667,22.4
23.15833333,22.4
23.1625,22.5
23.16666667,22.5
23.17083333,22.5
23.175,22.5
23.17916667,22.5
23.18333333,22.5
23.1875,22.5
23.19166667,22.5
23.19583333,22.6
23.2,22.6
23.20416667,22.7
23.20833333,22.8
23.2125,22.8
23.21666667,22.8
23.22083333,22.8
23.225,22.8
23.22916667,22.8
23.23333333,22.8
23.2375,22.8
23.24166667,22.9
23.24583333,23
23.25,23
23.25416667,23
23.25833333,23
23.2625,23
23.26666667,22.9
23.27083333,22.9
23.275,22.9
23.27916667,23
23.28333333,23
23.2875,23.1
23.29166667,23.1
23.29583333,23.1
23.3,23.1
23.30416667,23.1
23.30833333,23.1
23.3125,23.1
23.31666667,23.1
23.32083333,23.1
23.325,23.1
23.32916667,23.1
23.33333333,23.1
23.3375,23.1
23.34166667,23.1
23.34583333,23.1
23.35,23.1
23.35416667,23.1
23.35833333,23.1
23.3625,23.2
23.36666667,23.2
23.37083333,23.2
23.375,23.2
23.37916667,23.2
23.38333333,23.2
23.3875,23.2
23.39166667,23.2
23.39583333,23.2
23.4,23.2
23.40416667,23.2
23.40833333,23.2
23.4125,23.2
23.41666667,23.3
23.42083333,23.3
23.425,23.3
23.42916667,23.2
23.43333333,23.2
23.4375,23.2
23.44166667,23.2
23.44583333,23.2
23.45,23.2
23.45416667,23.2
23.45833333,23.2
23.4625,23.2
23.46666667,23.2
23.47083333,23.2
23.475,23.2
23.47916667,23.1
23.48333333,23.2
23.4875,23.2
23.49166667,23.2
23.49583333,23.2
23.5,23.3
23.50416667,23.3
23.50833333,23.4
23.5125,23.5
23.51666667,23.5
23.52083333,23.6
23.525,23.7
23.52916667,23.8
23.53333333,23.8
23.5375,23.8
23.54166667,23.9
23.54583333,23.9
23.55,23.9
23.55416667,23.9
23.55833333,23.9
23.5625,23.9
23.56666667,23.9
23.57083333,23.9
23.575,23.9
23.57916667,23.9
23.58333333,23.9
23.5875,23.9
23.59166667,23.9
23.59583333,23.9
23.6,23.9
23.60416667,23.9
23.60833333,23.9
23.6125,23.9
23.61666667,23.9
23.62083333,23.8
23.625,23.7
23.62916667,23.5
23.63333333,23.5
23.6375,23.4
23.64166667,23.3
23.64583333,23.3
23.65,23.2
23.65416667,23.1
23.65833333,23.1
23.6625,23
23.66666667,23
23.67083333,23
23.675,23
23.67916667,23
23.68333333,23.1
23.6875,23.2
23.69166667,23.2
23.69583333,23.1
23.7,23.1
23.70416667,23
23.70833333,22.8
23.7125,22.8
23.71666667,22.9
23.72083333,22.9
23.725,22.8
23.72916667,22.8
23.73333333,22.8
23.7375,22.7
23.74166667,22.6
23.74583333,22.6
23.75,22.6
23.75416667,22.8
23.75833333,22.9
23.7625,23.1
23.76666667,23.2
23.77083333,23.2
23.775,23.2
23.77916667,23.1
23.78333333,23.1
23.7875,23.1
23.79166667,23.1
23.79583333,23.1
23.8,23
23.80416667,23
23.80833333,23
23.8125,23.1
23.81666667,23.2
23.82083333,23.4
23.825,23.4
23.82916667,23.5
23.83333333,23.5
23.8375,23.4
23.84166667,23.4
23.84583333,23.4
23.85,23.5
23.85416667,23.5
23.85833333,23.5
23.8625,23.5
23.86666667,23.5
23.87083333,23.5
23.875,23.6
23.87916667,23.6
23.88333333,23.6
23.8875,23.7
23.89166667,23.7
23.89583333,23.7
23.9,23.7
23.90416667,23.7
23.90833333,23.6
23.9125,23.5
23.91666667,23.5
23.92083333,23.4
23.925,23.5
23.92916667,23.5
23.93333333,23.5
23.9375,23.6
23.94166667,23.6
23.94583333,23.5
23.95,23.6
23.95416667,23.6
23.95833333,23.6
23.9625,23.6
23.96666667,23.6
23.97083333,23.6
23.975,23.6
23.97916667,23.6
23.98333333,23.7
23.9875,23.8
23.99166667,23.9
23.99583333,24
24,24
24.00416667,24
24.00833333,24
24.0125,24.1
24.01666667,24.1
24.02083333,24.1
24.025,24.1
24.02916667,24
24.03333333,24
24.0375,23.9
24.04166667,23.9
24.04583333,23.7
24.05,23.4
24.05416667,23.1
24.05833333,22.9
24.0625,22.7
24.06666667,22.7
24.07083333,22.7
24.075,22.7
24.07916667,22.7
24.08333333,22.7
24.0875,22.6
24.09166667,22.7
24.09583333,22.6
24.1,22.6
24.10416667,22.6
24.10833333,22.7
24.1125,22.7
24.11666667,22.7
24.12083333,22.6
24.125,22.5
24.12916667,22.4
24.13333333,22.3
24.1375,22.4
24.14166667,22.3
24.14583333,22.2
24.15,22.2
24.15416667,22.2
24.15833333,22.1
24.1625,22
24.16666667,22
24.17083333,21.9
24.175,21.9
24.17916667,22.1
24.18333333,22.3
24.1875,22.4
24.19166667,22.5
24.19583333,22.4
24.2,22.5
24.20416667,22.5
24.20833333,22.4
24.2125,22.4
24.21666667,22.3
24.22083333,22.3
24.225,22.2
24.22916667,22.4
24.23333333,22.6
24.2375,22.6
24.24166667,22.5
24.24583333,22.4
24.25,22.4
24.25416667,22.4
24.25833333,22.4
24.2625,22.3
24.26666667,22.3
24.27083333,22.4
24.275,22.4
24.27916667,22.5
24.28333333,22.5
24.2875,22.6
24.29166667,22.6
24.29583333,22.6
24.3,22.6
24.30416667,22.7
24.30833333,22.7
24.3125,22.8
24.31666667,22.9
24.32083333,22.9
24.325,23
24.32916667,23
24.33333333,23
24.3375,23
24.34166667,23
24.34583333,22.9
24.35,22.9
24.35416667,22.9
24.35833333,23
24.3625,23
24.36666667,23.1
24.37083333,23.1
24.375,23.1
24.37916667,23.1
24.38333333,23.1
24.3875,23.1
24.39166667,23.1
24.39583333,23.1
24.4,23.1
24.40416667,23.1
24.40833333,23
24.4125,23
24.41666667,23.1
24.42083333,23.1
24.425,23.1
24.42916667,23.1
24.43333333,23.1
24.4375,23.1
24.44166667,23.1
24.44583333,23.1
24.45,23.1
24.45416667,23.1
24.45833333,23.1
24.4625,23.1
24.46666667,23.1
24.47083333,23.1
24.475,23.1
24.47916667,23.1
24.48333333,23.1
24.4875,23.1
24.49166667,23.1
24.49583333,23.1
24.5,23.1
24.50416667,23.1
24.50833333,23.1
24.5125,23.2
24.51666667,23.2
24.52083333,23.3
24.525,23.3
24.52916667,23.3
24.53333333,23.4
24.5375,23.4
24.54166667,23.5
24.54583333,23.6
24.55,23.6
24.55416667,23.7
24.55833333,23.7
24.5625,23.7
24.56666667,23.7
24.57083333,23.7
24.575,23.7
24.57916667,23.7
24.58333333,23.7
24.5875,23.7
24.59166667,23.7
24.59583333,23.7
24.6,23.7
24.60416667,23.7
24.60833333,23.7
24.6125,23.7
24.61666667,23.6
24.62083333,23.5
24.625,23.4
24.62916667,23.2
24.63333333,23.1
24.6375,22.9
24.64166667,22.8
24.64583333,22.8
24.65,22.7
24.65416667,22.7
24.65833333,22.6
24.6625,22.6
24.66666667,22.6
24.67083333,22.6
24.675,22.5
24.67916667,22.6
24.68333333,22.6
24.6875,22.7
24.69166667,22.8
24.69583333,22.8
24.7,22.8
24.70416667,22.8
24.70833333,22.7
24.7125,22.7
24.71666667,22.6
24.72083333,22.6
24.725,22.5
24.72916667,22.4
24.73333333,22.4
24.7375,22.3
24.74166667,22.3
24.74583333,22.2
24.75,22.2
24.75416667,22.2
24.75833333,22.2
24.7625,22.2
24.76666667,22.2
24.77083333,22.2
24.775,22.3
24.77916667,22.4
24.78333333,22.5
24.7875,22.5
24.79166667,22.6
24.79583333,22.6
24.8,22.6
24.80416667,22.6
24.80833333,22.6
24.8125,22.6
24.81666667,22.6
24.82083333,22.7
24.825,22.7
24.82916667,22.7
24.83333333,22.7
24.8375,22.8
24.84166667,22.7
24.84583333,22.7
24.85,22.7
24.85416667,22.7
24.85833333,22.7
24.8625,22.7
24.86666667,22.8
24.87083333,22.8
24.875,22.9
24.87916667,22.9
24.88333333,22.9
24.8875,23
24.89166667,23.1
24.89583333,23.1
24.9,23.2
24.90416667,23.2
24.90833333,23.2
24.9125,23.3
24.91666667,23.4
24.92083333,23.4
24.925,23.4
24.92916667,23.4
24.93333333,23.3
24.9375,23.1
24.94166667,23.1
24.94583333,23.2
24.95,23.2
24.95416667,23.1
24.95833333,23.1
24.9625,23
24.96666667,22.9
24.97083333,22.9
24.975,23
24.97916667,23.1
24.98333333,23.3
24.9875,23.3
24.99166667,23.4
24.99583333,23.5
25,23.5
25.00416667,23.5
25.00833333,23.4
25.0125,23.5
25.01666667,23.5
25.02083333,23.4
25.025,23.4
25.02916667,23.4
25.03333333,23.5
25.0375,23.5
25.04166667,23.5
25.04583333,23.5
25.05,23.5
25.05416667,23.5
25.05833333,23.5
25.0625,23.5
25.06666667,23.5
25.07083333,23.4
25.075,23.2
25.07916667,23.1
25.08333333,22.9
25.0875,22.8
25.09166667,22.6
25.09583333,22.5
25.1,22.4
25.10416667,22.3
25.10833333,22.3
25.1125,22.3
25.11666667,22.3
25.12083333,22.3
25.125,22.3
25.12916667,22.2
25.13333333,22.1
25.1375,22.1
25.14166667,22
25.14583333,22
25.15,22
25.15416667,22
25.15833333,22
25.1625,22
25.16666667,22
25.17083333,22
25.175,21.7
25.17916667,21.7
25.18333333,21.8
25.1875,21.8
25.19166667,21.8
25.19583333,21.9
25.2,22
25.20416667,22
25.20833333,21.8
25.2125,21.6
25.21666667,21.7
25.22083333,21.8
25.225,22
25.22916667,22.1
25.23333333,22
25.2375,22
25.24166667,21.9
25.24583333,21.9
25.25,22
25.25416667,22
25.25833333,22
25.2625,22.1
25.26666667,22.1
25.27083333,22.1
25.275,22.1
25.27916667,22.1
25.28333333,22.1
25.2875,22.2
25.29166667,22.2
25.29583333,22.2
25.3,22.2
25.30416667,22.2
25.30833333,22.2
25.3125,22.3
25.31666667,22.4
25.32083333,22.4
25.325,22.5
25.32916667,22.5
25.33333333,22.6
25.3375,22.6
25.34166667,22.5
25.34583333,22.5
25.35,22.6
25.35416667,22.6
25.35833333,22.6
25.3625,22.7
25.36666667,22.8
25.37083333,22.8
25.375,22.9
25.37916667,22.9
25.38333333,22.9
25.3875,22.8
25.39166667,22.8
25.39583333,22.8
25.4,22.8
25.40416667,22.8
25.40833333,22.8
25.4125,22.8
25.41666667,22.8
25.42083333,22.8
25.425,22.8
25.42916667,22.8
25.43333333,22.8
25.4375,22.8
25.44166667,22.8
25.44583333,22.8
25.45,22.8
25.45416667,22.9
25.45833333,22.9
25.4625,22.9
25.46666667,22.9
25.47083333,22.9
25.475,22.9
25.47916667,22.9
25.48333333,22.9
25.4875,22.9
25.49166667,22.9
25.49583333,22.9
25.5,22.9
25.50416667,22.9
25.50833333,22.9
25.5125,22.9
25.51666667,22.9
25.52083333,22.9
25.525,22.9
25.52916667,22.9
25.53333333,22.9
25.5375,22.9
25.54166667,22.9
25.54583333,22.9
25.55,23
25.55416667,23
25.55833333,23
25.5625,23
25.56666667,23
25.57083333,23.1
25.575,23.2
25.57916667,23.3
25.58333333,23.3
25.5875,23.4
25.59166667,23.4
25.59583333,23.5
25.6,23.5
25.60416667,23.5
25.60833333,23.5
25.6125,23.5
25.61666667,23.5
25.62083333,23.5
25.625,23.4
25.62916667,23.4
25.63333333,23.4
25.6375,23.4
25.64166667,23.4
25.64583333,23.4
25.65,23.4
25.65416667,23.3
25.65833333,23.2
25.6625,23
25.66666667,22.9
25.67083333,22.8
25.675,22.7
25.67916667,22.6
25.68333333,22.6
25.6875,22.5
25.69166667,22.5
25.69583333,22.4
25.7,22.4
25.70416667,22.4
25.70833333,22.5
25.7125,22.5
25.71666667,22.4
25.72083333,22.4
25.725,22.4
25.72916667,22.2
25.73333333,22.4
25.7375,22.4
25.74166667,22.5
25.74583333,22.5
25.75,22.6
25.75416667,22.5
25.75833333,22.5
25.7625,22.4
25.76666667,22.2
25.77083333,22.2
25.775,22.3
25.77916667,22.4
25.78333333,22.5
25.7875,22.6
25.79166667,22.6
25.79583333,22.7
25.8,22.7
25.80416667,22.7
25.80833333,22.6
25.8125,22.6
25.81666667,22.7
25.82083333,22.6
25.825,22.6
25.82916667,22.6
25.83333333,22.5
25.8375,22.4
25.84166667,22.5
25.84583333,22.7
25.85,22.8
25.85416667,22.9
25.85833333,22.9
25.8625,22.9
25.86666667,22.9
25.87083333,23
25.875,23
25.87916667,23
25.88333333,23
25.8875,23.1
25.89166667,23.1
25.89583333,23.1
25.9,23.1
25.90416667,23.2
25.90833333,23.2
25.9125,23.3
25.91666667,23.2
25.92083333,23.1
25.925,23.1
25.92916667,23
25.93333333,23
25.9375,23
25.94166667,23.1
25.94583333,23.1
25.95,23.2
25.95416667,23.1
25.95833333,23.1
25.9625,23.1
25.96666667,23
25.97083333,23
25.975,23
25.97916667,23
25.98333333,23
25.9875,23.1
25.99166667,23.1
25.99583333,23.1
26,23
26.00416667,23
26.00833333,23
26.0125,23.1
26.01666667,23.1
26.02083333,23.1
26.025,23.2
26.02916667,23.2
26.03333333,23.2
26.0375,23.2
26.04166667,23.3
26.04583333,23.3
26.05,23.3
26.05416667,23.3
26.05833333,23.4
26.0625,23.4
26.06666667,23.4
26.07083333,23.4
26.075,23.4
26.07916667,23.4
26.08333333,23.4
26.0875,23.4
26.09166667,23.3
26.09583333,23.2
26.1,23.1
26.10416667,23
26.10833333,22.9
26.1125,22.8
26.11666667,22.8
26.12083333,22.7
26.125,22.6
26.12916667,22.6
26.13333333,22.5
26.1375,22.5
26.14166667,22.5
26.14583333,22.4
26.15,22.4
26.15416667,22.4
26.15833333,22.4
26.1625,22.4
26.16666667,22.5
26.17083333,22.5
26.175,22.5
26.17916667,22.6
26.18333333,22.6
26.1875,22.6
26.19166667,22.6
26.19583333,22.5
26.2,22.5
26.20416667,22.4
26.20833333,22.4
26.2125,22.4
26.21666667,22.5
26.22083333,22.5
26.225,22.4
26.22916667,22.3
26.23333333,22.3
26.2375,22.4
26.24166667,22.3
26.24583333,22
26.25,22.1
26.25416667,22.2
26.25833333,22.2
26.2625,22.2
26.26666667,22.2
26.27083333,22.3
26.275,22.3
26.27916667,22.2
26.28333333,22.3
26.2875,22.3
26.29166667,22.2
26.29583333,22.2
26.3,22.2
26.30416667,22.3
26.30833333,22.3
26.3125,22.3
26.31666667,22.3
26.32083333,22.4
26.325,22.3
26.32916667,22.3
26.33333333,22.4
26.3375,22.4
26.34166667,22.6
26.34583333,22.6
26.35,22.7
26.35416667,22.7
26.35833333,22.7
26.3625,22.7
26.36666667,22.7
26.37083333,22.7
26.375,22.8
26.37916667,22.8
26.38333333,22.8
26.3875,22.8
26.39166667,22.8
26.39583333,22.8
26.4,22.8
26.40416667,22.8
26.40833333,22.8
26.4125,22.8
26.41666667,22.8
26.42083333,22.8
26.425,22.8
26.42916667,22.8
26.43333333,22.9
26.4375,22.9
26.44166667,22.8
26.44583333,22.8
26.45,22.7
26.45416667,22.7
26.45833333,22.7
26.4625,22.7
26.46666667,22.7
26.47083333,22.8
26.475,22.8
26.47916667,22.8
26.48333333,22.8
26.4875,22.8
26.49166667,22.8
26.49583333,22.8
26.5,22.9
26.50416667,22.9
26.50833333,22.9
26.5125,22.9
26.51666667,22.9
26.52083333,22.9
26.525,22.9
26.52916667,22.9
26.53333333,22.9
26.5375,22.9
26.54166667,22.9
26.54583333,22.9
26.55,22.9
26.55416667,22.9
26.55833333,22.9
26.5625,22.9
26.56666667,23
26.57083333,23
26.575,23
26.57916667,23.1
26.58333333,23.2
26.5875,23.2
26.59166667,23.3
26.59583333,23.3
26.6,23.3
26.60416667,23.3
26.60833333,23.4
26.6125,23.4
26.61666667,23.4
26.62083333,23.4
26.625,23.4
26.62916667,23.4
26.63333333,23.4
26.6375,23.4
26.64166667,23.4
26.64583333,23.4
26.65,23.4
26.65416667,23.4
26.65833333,23.4
26.6625,23.4
26.66666667,23.4
26.67083333,23.4
26.675,23.4
26.67916667,23.4
26.68333333,23.2
26.6875,23
26.69166667,22.9
26.69583333,22.8
26.7,22.7
26.70416667,22.7
26.70833333,22.7
26.7125,22.7
26.71666667,22.7
26.72083333,22.7
26.725,22.7
26.72916667,22.7
26.73333333,22.7
26.7375,22.6
26.74166667,22.4
26.74583333,22.3
26.75,22.2
26.75416667,22.2
26.75833333,22.1
26.7625,22.1
26.76666667,22.1
26.77083333,22.6
26.775,22.8
26.77916667,22.8
26.78333333,23
26.7875,23
26.79166667,23.2
26.79583333,23.2
26.8,23.1
26.80416667,23.1
26.80833333,23.1
26.8125,23.1
26.81666667,23
26.82083333,22.9
26.825,22.9
26.82916667,22.9
26.83333333,22.9
26.8375,22.9
26.84166667,22.8
26.84583333,22.7
26.85,22.7
26.85416667,22.7
26.85833333,22.8
26.8625,22.9
26.86666667,23.1
26.87083333,23.2
26.875,23.3
26.87916667,23.2
26.88333333,23.2
26.8875,23.3
26.89166667,23.3
26.89583333,23.3
26.9,23.3
26.90416667,23.2
26.90833333,23.3
26.9125,23.4
26.91666667,23.4
26.92083333,23.5
26.925,23.5
26.92916667,23.6
26.93333333,23.6
26.9375,23.6
26.94166667,23.6
26.94583333,23.6
26.95,23.5
26.95416667,23.5
26.95833333,23.4
26.9625,23.4
26.96666667,23.4
26.97083333,23.4
26.975,23.4
26.97916667,23.3
26.98333333,23.3
26.9875,23.3
26.99166667,23.4
26.99583333,23.5
27,23.5
27.00416667,23.4
27.00833333,23.3
27.0125,23.3
27.01666667,23.2
27.02083333,23.1
27.025,23.1
27.02916667,23.1
27.03333333,23.1
27.0375,23.2
27.04166667,23.2
27.04583333,23.3
27.05,23.3
27.05416667,23.3
27.05833333,23.4
27.0625,23.4
27.06666667,23.4
27.07083333,23.4
27.075,23.4
27.07916667,23.4
27.08333333,23.4
27.0875,23.4
27.09166667,23.4
27.09583333,23.4
27.1,23.5
27.10416667,23.5
27.10833333,23.5
27.1125,23.6
27.11666667,23.7
27.12083333,23.8
27.125,23.8
27.12916667,23.7
27.13333333,23.6
27.1375,23.4
27.14166667,23.2
27.14583333,23.1
27.15,23.1
27.15416667,23.1
27.15833333,23.2
27.1625,23.2
27.16666667,23.2
27.17083333,23.2
27.175,23.2
27.17916667,23.1
27.18333333,23.2
27.1875,23.2
27.19166667,23.3
27.19583333,23.3
27.2,23.3
27.20416667,23.3
27.20833333,23.4
27.2125,23.4
27.21666667,23.3
27.22083333,23.1
27.225,22.9
27.22916667,22.9
27.23333333,23
27.2375,23
27.24166667,23
27.24583333,22.9
27.25,22.8
27.25416667,22.6
27.25833333,22.4
27.2625,22.3
27.26666667,22.3
27.27083333,22.3
27.275,22.3
27.27916667,22.4
27.28333333,22.4
27.2875,22.4
27.29166667,22.4
27.29583333,22.5
27.3,22.5
27.30416667,22.5
27.30833333,22.6
27.3125,22.6
27.31666667,22.6
27.32083333,22.6
27.325,22.6
27.32916667,22.6
27.33333333,22.6
27.3375,22.6
27.34166667,22.7
27.34583333,22.7
27.35,22.7
27.35416667,22.7
27.35833333,22.7
27.3625,22.7
27.36666667,22.7
27.37083333,22.7
27.375,22.7
27.37916667,22.7
27.38333333,22.7
27.3875,22.8
27.39166667,22.8
27.39583333,22.9
27.4,22.9
27.40416667,22.9
27.40833333,23
27.4125,23
27.41666667,23.1
27.42083333,23.1
27.425,23.1
27.42916667,23.1
27.43333333,23.2
27.4375,23.2
27.44166667,23.2
27.44583333,23.2
27.45,23.2
27.45416667,23.2
27.45833333,23.2
27.4625,23.2
27.46666667,23.1
27.47083333,23.1
27.475,23
27.47916667,22.9
27.48333333,22.9
27.4875,22.9
27.49166667,23
27.49583333,23
27.5,23
27.50416667,23
27.50833333,22.9
27.5125,22.9
27.51666667,22.9
27.52083333,22.9
27.525,22.9
27.52916667,22.9
27.53333333,22.9
27.5375,22.9
27.54166667,22.9
27.54583333,22.9
27.55,23
27.55416667,22.9
27.55833333,23
27.5625,23
27.56666667,23.1
27.57083333,23.1
27.575,23.1
27.57916667,23.2
27.58333333,23.2
27.5875,23.3
27.59166667,23.4
27.59583333,23.4
27.6,23.5
27.60416667,23.5
27.60833333,23.5
27.6125,23.5
27.61666667,23.5
27.62083333,23.5
27.625,23.5
27.62916667,23.5
27.63333333,23.5
27.6375,23.6
27.64166667,23.6
27.64583333,23.6
27.65,23.6
27.65416667,23.6
27.65833333,23.6
27.6625,23.6
27.66666667,23.6
27.67083333,23.6
27.675,23.6
27.67916667,23.6
27.68333333,23.6
27.6875,23.5
27.69166667,23.5
27.69583333,23.5
27.7,23.5
27.70416667,23.3
27.70833333,23.1
27.7125,23
27.71666667,22.9
27.72083333,22.9
27.725,22.9
27.72916667,22.8
27.73333333,22.7
27.7375,22.7
27.74166667,22.6
27.74583333,22.6
27.75,22.5
27.75416667,22.4
27.75833333,22.4
27.7625,22.4
27.76666667,22.5
27.77083333,22.5
27.775,22.5
27.77916667,22.6
27.78333333,22.6
27.7875,22.6
27.79166667,22.6
27.79583333,22.6
27.8,22.6
27.80416667,22.9
27.80833333,23.2
27.8125,23.4
27.81666667,23.4
27.82083333,23.4
27.825,23.4
27.82916667,23.3
27.83333333,23.3
27.8375,23.2
27.84166667,23.2
27.84583333,23.2
27.85,23.3
27.85416667,23.2
27.85833333,23.3
27.8625,23.4
27.86666667,23.5
27.87083333,23.5
27.875,23.6
27.87916667,23.6
27.88333333,23.6
27.8875,23.6
27.89166667,23.7
27.89583333,23.8
27.9,23.8
27.90416667,23.7
27.90833333,23.7
27.9125,23.8
27.91666667,23.8
27.92083333,23.9
27.925,23.9
27.92916667,23.9
27.93333333,23.9
27.9375,24
27.94166667,24
27.94583333,23.8
27.95,23.7
27.95416667,23.7
27.95833333,23.8
27.9625,23.7
27.96666667,23.6
27.97083333,23.7
27.975,23.7
27.97916667,23.7
27.98333333,23.7
27.9875,23.7
27.99166667,23.8
27.99583333,23.8
28,23.8
28.00416667,23.8
28.00833333,23.7
28.0125,23.7
28.01666667,23.7
28.02083333,23.8
28.025,23.8
28.02916667,23.8
28.03333333,23.8
28.0375,23.7
28.04166667,23.7
28.04583333,23.7
28.05,23.6
28.05416667,23.5
28.05833333,23.4
28.0625,23.4
28.06666667,23.4
28.07083333,23.4
28.075,23.4
28.07916667,23.5
28.08333333,23.5
28.0875,23.6
28.09166667,23.8
28.09583333,23.9
28.1,23.9
28.10416667,23.9
28.10833333,24
28.1125,24
28.11666667,24
28.12083333,24
28.125,24
28.12916667,24
28.13333333,24
28.1375,24
28.14166667,24
28.14583333,24
28.15,24
28.15416667,23.9
28.15833333,23.9
28.1625,23.7
28.16666667,23.6
28.17083333,23.6
28.175,23.5
28.17916667,23.4
28.18333333,23.4
28.1875,23.4
28.19166667,23.4
28.19583333,23.4
28.2,23.4
28.20416667,23.4
28.20833333,23.5
28.2125,23.5
28.21666667,23.5
28.22083333,23.5
28.225,23.4
28.22916667,23.3
28.23333333,23.3
28.2375,23.3
28.24166667,23.3
28.24583333,23.2
28.25,23.2
28.25416667,23.1
28.25833333,23.2
28.2625,23.1
28.26666667,23.1
28.27083333,23
28.275,23
28.27916667,22.8
28.28333333,22.8
28.2875,22.8
28.29166667,22.8
28.29583333,22.7
28.3,22.8
28.30416667,22.9
28.30833333,23
28.3125,23
28.31666667,23
28.32083333,23
28.325,22.9
28.32916667,22.9
28.33333333,22.9
28.3375,22.9
28.34166667,22.9
28.34583333,22.9
28.35,22.9
28.35416667,22.9
28.35833333,22.9
28.3625,23
28.36666667,23
28.37083333,23
28.375,23
28.37916667,23.1
28.38333333,23.1
28.3875,23.1
28.39166667,23.1
28.39583333,23.1
28.4,23.1
28.40416667,23.1
28.40833333,23.1
28.4125,23.1
28.41666667,23.2
28.42083333,23.2
28.425,23.2
28.42916667,23.2
28.43333333,23.2
28.4375,23.2
28.44166667,23.2
28.44583333,23.2
28.45,23.3
28.45416667,23.3
28.45833333,23.3
28.4625,23.3
28.46666667,23.3
28.47083333,23.3
28.475,23.3
28.47916667,23.3
28.48333333,23.3
28.4875,23.3
28.49166667,23.3
28.49583333,23.3
28.5,23.3
28.50416667,23.2
28.50833333,23.2
28.5125,23.2
28.51666667,23.1
28.52083333,23.1
28.525,23.1
28.52916667,23.1
28.53333333,23.1
28.5375,23.1
28.54166667,23.1
28.54583333,23.1
28.55,23.2
28.55416667,23.2
28.55833333,23.2
28.5625,23.2
28.56666667,23.2
28.57083333,23.2
28.575,23.2
28.57916667,23.2
28.58333333,23.1
28.5875,23.1
28.59166667,23.2
28.59583333,23.2
28.6,23.2
28.60416667,23.3
28.60833333,23.4
28.6125,23.4
28.61666667,23.5
28.62083333,23.5
28.625,23.5
28.62916667,23.6
28.63333333,23.6
28.6375,23.6
28.64166667,23.6
28.64583333,23.6
28.65,23.6
28.65416667,23.6
28.65833333,23.6
28.6625,23.6
28.66666667,23.6
28.67083333,23.6
28.675,23.6
28.67916667,23.6
28.68333333,23.6
28.6875,23.6
28.69166667,23.6
28.69583333,23.6
28.7,23.6
28.70416667,23.6
28.70833333,23.4
28.7125,23.3
28.71666667,23.3
28.72083333,23.3
28.725,23.3
28.72916667,23.2
28.73333333,23.2
28.7375,23.2
28.74166667,23
28.74583333,23
28.75,22.9
28.75416667,22.8
28.75833333,22.9
28.7625,22.8
28.76666667,22.7
28.77083333,22.7
28.775,22.7
28.77916667,22.6
28.78333333,22.7
28.7875,22.8
28.79166667,22.8
28.79583333,22.9
28.8,23
28.80416667,23.1
28.80833333,23.1
28.8125,23.3
28.81666667,23.2
28.82083333,23.3
28.825,23.3
28.82916667,23.3
28.83333333,23.3
28.8375,23.3
28.84166667,23.3
28.84583333,23.2
28.85,23.2
28.85416667,23.3
28.85833333,23.3
28.8625,23.4
28.86666667,23.5
28.87083333,23.6
28.875,23.6
28.87916667,23.6
28.88333333,23.7
28.8875,23.6
28.89166667,23.7
28.89583333,23.8
28.9,23.9
28.90416667,23.9
28.90833333,23.9
28.9125,23.9
28.91666667,23.9
28.92083333,24
28.925,24
28.92916667,24
28.93333333,24
28.9375,24
28.94166667,24
28.94583333,24
28.95,23.9
28.95416667,23.9
28.95833333,23.8
28.9625,23.7
28.96666667,23.7
28.97083333,23.7
28.975,23.7
28.97916667,23.8
28.98333333,23.8
28.9875,23.8
28.99166667,23.8
28.99583333,23.8
29,23.7
29.00416667,23.8
29.00833333,23.8
29.0125,23.8
29.01666667,23.8
29.02083333,23.8
29.025,23.8
29.02916667,23.9
29.03333333,23.9
29.0375,23.9
29.04166667,23.8
29.04583333,23.7
29.05,23.7
29.05416667,23.8
29.05833333,23.8
29.0625,23.8
29.06666667,23.8
29.07083333,23.7
29.075,23.7
29.07916667,23.7
29.08333333,23.7
29.0875,23.7
29.09166667,23.7
29.09583333,23.7
29.1,23.6
29.10416667,23.6
29.10833333,23.7
29.1125,23.7
29.11666667,23.7
29.12083333,23.6
29.125,23.6
29.12916667,23.6
29.13333333,23.6
29.1375,23.7
29.14166667,23.7
29.14583333,23.7
29.15,23.7
29.15416667,23.7
29.15833333,23.7
29.1625,23.7
29.16666667,23.7
29.17083333,23.7
29.175,23.7
29.17916667,23.7
29.18333333,23.7
29.1875,23.7
29.19166667,23.7
29.19583333,23.7
29.2,23.6
29.20416667,23.5
29.20833333,23.4
29.2125,23.2
29.21666667,23.2
29.22083333,23.1
29.225,23.1
29.22916667,23.1
29.23333333,23
29.2375,22.8
29.24166667,22.7
29.24583333,22.7
29.25,22.7
29.25416667,22.7
29.25833333,22.8
29.2625,22.8
29.26666667,22.8
29.27083333,22.6
29.275,22.5
29.27916667,22.5
29.28333333,22.5
29.2875,22.6
29.29166667,22.6
29.29583333,22.6
29.3,22.6
29.30416667,22.6
29.30833333,22.6
29.3125,22.6
29.31666667,22.6
29.32083333,22.7
29.325,22.7
29.32916667,22.7
29.33333333,22.7
29.3375,22.7
29.34166667,22.7
29.34583333,22.8
29.35,22.9
29.35416667,23
29.35833333,23
29.3625,23
29.36666667,23
29.37083333,23
29.375,23
29.37916667,22.9
29.38333333,22.9
29.3875,22.9
29.39166667,22.9
29.39583333,23
29.4,23
29.40416667,23.1
29.40833333,23.1
29.4125,23.2
29.41666667,23.2
29.42083333,23.2
29.425,23.2
29.42916667,23.2
29.43333333,23.2
29.4375,23.2
29.44166667,23.2
29.44583333,23.2
29.45,23.2
29.45416667,23.2
29.45833333,23.2
29.4625,23.2
29.46666667,23.3
29.47083333,23.3
29.475,23.3
29.47916667,23.3
29.48333333,23.4
29.4875,23.4
29.49166667,23.3
29.49583333,23.3
29.5,23.3
29.50416667,23.3
29.50833333,23.3
29.5125,23.3
29.51666667,23.3
29.52083333,23.3
29.525,23.3
29.52916667,23.3
29.53333333,23.3
29.5375,23.3
29.54166667,23.3
29.54583333,23.3
29.55,23.3
29.55416667,23.2
29.55833333,23.2
29.5625,23.2
29.56666667,23.2
29.57083333,23.2
29.575,23.2
29.57916667,23.3
29.58333333,23.3
29.5875,23.2
29.59166667,23.2
29.59583333,23.2
29.6,23.2
29.60416667,23.3
29.60833333,23.3
29.6125,23.3
29.61666667,23.3
29.62083333,23.3
29.625,23.3
29.62916667,23.3
29.63333333,23.3
29.6375,23.3
29.64166667,23.4
29.64583333,23.4
29.65,23.4
29.65416667,23.5
29.65833333,23.4
29.6625,23.4
29.66666667,23.5
29.67083333,23.5
29.675,23.5
29.67916667,23.5
29.68333333,23.5
29.6875,23.4
29.69166667,23.3
29.69583333,23.2
29.7,23.1
29.70416667,22.9
29.70833333,22.8
29.7125,22.8
29.71666667,22.8
29.72083333,22.8
29.725,22.8
29.72916667,22.7
29.73333333,22.7
29.7375,22.6
29.74166667,22.6
29.74583333,22.6
29.75,22.6
29.75416667,22.5
29.75833333,22.5
29.7625,22.6
29.76666667,22.6
29.77083333,22.6
29.775,22.6
29.77916667,22.6
29.78333333,22.6
29.7875,22.6
29.79166667,22.6
29.79583333,22.5
29.8,22.5
29.80416667,22.6
29.80833333,22.6
29.8125,22.4
29.81666667,22.4
29.82083333,22.5
29.825,22.6
29.82916667,22.8
29.83333333,23
29.8375,23
29.84166667,23.1
29.84583333,23.2
29.85,23.2
29.85416667,23.2
29.85833333,23.3
29.8625,23.4
29.86666667,23.4
29.87083333,23.4
29.875,23.3
29.87916667,23.2
29.88333333,23.1
29.8875,23
29.89166667,22.9
29.89583333,22.9
29.9,23
29.90416667,23
29.90833333,23
29.9125,23
29.91666667,23.1
29.92083333,23.1
29.925,23.1
29.92916667,23.2
29.93333333,23.3
29.9375,23.2
29.94166667,23.2
29.94583333,23.3
29.95,23.3
29.95416667,23.2
29.95833333,23.1
29.9625,22.9
29.96666667,23
29.97083333,23.3
29.975,23.5
29.97916667,23.6
29.98333333,23.7
29.9875,23.7
29.99166667,23.8
29.99583333,23.8
30,23.8
30.00416667,23.8
30.00833333,23.8
30.0125,23.8
30.01666667,23.8
30.02083333,23.8
30.025,23.8
30.02916667,23.8
30.03333333,23.8
30.0375,23.8
30.04166667,23.8
30.04583333,23.8
30.05,23.8
30.05416667,23.9
30.05833333,23.9
30.0625,23.9
30.06666667,23.9
30.07083333,23.9
30.075,23.9
30.07916667,23.9
30.08333333,23.8
30.0875,23.8
30.09166667,23.8
30.09583333,23.7
30.1,23.6
30.10416667,23.6
30.10833333,23.5
30.1125,23.5
30.11666667,23.5
30.12083333,23.5
30.125,23.4
30.12916667,23.4
30.13333333,23.4
30.1375,23.4
30.14166667,23.4
30.14583333,23.5
30.15,23.5
30.15416667,23.5
30.15833333,23.5
30.1625,23.5
30.16666667,23.5
30.17083333,23.5
30.175,23.5
30.17916667,23.5
30.18333333,23.5
30.1875,23.4
30.19166667,23.4
30.19583333,23.4
30.2,23.4
30.20416667,23.4
30.20833333,23.4
30.2125,23.4
30.21666667,23.3
30.22083333,23.3
30.225,23.4
30.22916667,23.4
30.23333333,23.4
30.2375,23.4
30.24166667,23.5
30.24583333,23.5
30.25,23.4
30.25416667,23.4
30.25833333,23.4
30.2625,23.5
30.26666667,23.5
30.27083333,23.4
30.275,23.3
30.27916667,23.2
30.28333333,23.1
30.2875,23
30.29166667,22.9
30.29583333,22.8
30.3,22.8
30.30416667,22.8
30.30833333,22.8
30.3125,22.8
30.31666667,22.8
30.32083333,22.8
30.325,22.9
30.32916667,22.9
30.33333333,23
30.3375,22.9
30.34166667,22.9
30.34583333,23
30.35,23
30.35416667,23
30.35833333,22.9
30.3625,22.9
30.36666667,22.9
30.37083333,23
30.375,23.1
30.37916667,23.1
30.38333333,23.2
30.3875,23.2
30.39166667,23.2
30.39583333,23.2
30.4,23.2
30.40416667,23.2
30.40833333,23.2
30.4125,23.2
30.41666667,23.2
30.42083333,23.1
30.425,23.1
30.42916667,23.1
30.43333333,23.2
30.4375,23.2
30.44166667,23.2
30.44583333,23.2
30.45,23.2
30.45416667,23.1
30.45833333,23.1
30.4625,23.2
30.46666667,23.2
30.47083333,23.3
30.475,23.3
30.47916667,23.3
30.48333333,23.3
30.4875,23.3
30.49166667,23.3
30.49583333,23.4
30.5,23.4
30.50416667,23.4
30.50833333,23.5
30.5125,23.5
30.51666667,23.5
30.52083333,23.5
30.525,23.5
30.52916667,23.6
30.53333333,23.6
30.5375,23.6
30.54166667,23.6
30.54583333,23.6
30.55,23.6
30.55416667,23.6
30.55833333,23.6
30.5625,23.6
30.56666667,23.6
30.57083333,23.6
30.575,23.6
30.57916667,23.6
30.58333333,23.6
30.5875,23.6
30.59166667,23.6
30.59583333,23.6
30.6,23.6
30.60416667,23.6
30.60833333,23.6
30.6125,23.6
30.61666667,23.6
30.62083333,23.6
30.625,23.7
30.62916667,23.6
30.63333333,23.6
30.6375,23.6
30.64166667,23.5
30.64583333,23.4
30.65,23.3
30.65416667,23.2
30.65833333,23
30.6625,22.8
30.66666667,22.7
30.67083333,22.6
30.675,22.5
30.67916667,22.4
30.68333333,22.4
30.6875,22.4
30.69166667,22.4
30.69583333,22.4
30.7,22.4
30.70416667,22.3
30.70833333,22.2
30.7125,22.2
30.71666667,22.1
30.72083333,22.1
30.725,22
30.72916667,22
30.73333333,22
30.7375,22.1
30.74166667,22.2
30.74583333,22.3
30.75,22.4
30.75416667,22.4
30.75833333,22.5
30.7625,22.5
30.76666667,22.5
30.77083333,22.5
30.775,22.5
30.77916667,22.6
30.78333333,22.6
30.7875,22.6
30.79166667,22.5
30.79583333,22.5
30.8,22.5
30.80416667,22.6
30.80833333,22.6
30.8125,22.6
30.81666667,22.6
30.82083333,22.6
30.825,22.8
30.82916667,22.9
30.83333333,22.9
30.8375,22.9
30.84166667,22.8
30.84583333,22.6
30.85,22.7
30.85416667,22.6
30.85833333,22.7
30.8625,22.8
30.86666667,22.9
30.87083333,22.8
30.875,23
30.87916667,23.2
30.88333333,23.3
30.8875,23.4
30.89166667,23.3
30.89583333,23.2
30.9,23.1
30.90416667,23.1
30.90833333,23.1
30.9125,22.9
30.91666667,23
30.92083333,23
30.925,23
30.92916667,23
30.93333333,23
30.9375,23
30.94166667,23
30.94583333,23.1
30.95,23.2
30.95416667,23.3
30.95833333,23.3
30.9625,23.3
30.96666667,23.3
30.97083333,23.3
30.975,23.3
30.97916667,23.3
30.98333333,23.3
30.9875,23.3
30.99166667,23.2
30.99583333,23.1
31,23
31.00416667,23
31.00833333,23.1
31.0125,23.2
31.01666667,23.3
31.02083333,23.5
31.025,23.5
31.02916667,23.5
31.03333333,23.5
31.0375,23.4
31.04166667,23.4
31.04583333,23.4
31.05,23.4
31.05416667,23.4
31.05833333,23.5
31.0625,23.4
31.06666667,23.4
31.07083333,23.5
31.075,23.5
31.07916667,23.5
31.08333333,23.6
31.0875,23.5
31.09166667,23.6
31.09583333,23.6
31.1,23.7
31.10416667,23.8
31.10833333,23.8
31.1125,23.7
31.11666667,23.6
31.12083333,23.6
31.125,23.5
31.12916667,23.5
31.13333333,23.5
31.1375,23.5
31.14166667,23.5
31.14583333,23.5
31.15,23.5
31.15416667,23.4
31.15833333,23.3
31.1625,23.1
31.16666667,23
31.17083333,22.8
31.175,22.7
31.17916667,22.6
31.18333333,22.5
31.1875,22.4
31.19166667,22.3
31.19583333,22.3
31.2,22.3
31.20416667,22.4
31.20833333,22.6
31.2125,23
31.21666667,23.2
31.22083333,23.5
31.225,23.7
31.22916667,23.8
31.23333333,23.8
31.2375,23.9
31.24166667,23.9
31.24583333,24
31.25,24.1
31.25416667,24.1
31.25833333,24.1
31.2625,24.1
31.26666667,24.1
31.27083333,24.1
31.275,24.1
31.27916667,24.1
31.28333333,24.1
31.2875,24.1
31.29166667,24.1
31.29583333,24.1
31.3,24.1
31.30416667,24.1
31.30833333,24.1
31.3125,24.1
31.31666667,24.1
31.32083333,24.1
31.325,24.1
31.32916667,24.1
31.33333333,24
31.3375,24
31.34166667,24
31.34583333,24
31.35,24
31.35416667,24
31.35833333,23.9
31.3625,23.9
31.36666667,23.8
31.37083333,23.6
31.375,23.5
31.37916667,23.2
31.38333333,23
31.3875,22.9
31.39166667,22.9
31.39583333,22.8
31.4,22.8
31.40416667,22.9
31.40833333,23.2
31.4125,23.4
31.41666667,23.7
31.42083333,23.8
31.425,23.9
31.42916667,23.9
31.43333333,24
31.4375,23.9
31.44166667,23.8
31.44583333,23.8
31.45,23.9
31.45416667,23.9
31.45833333,23.9
31.4625,23.9
31.46666667,23.9
31.47083333,23.8
31.475,23.8
31.47916667,23.8
31.48333333,23.8
31.4875,23.8
31.49166667,23.9
31.49583333,23.9
31.5,23.9
31.50416667,23.8
31.50833333,23.8
31.5125,23.8
31.51666667,23.8
31.52083333,23.8
31.525,23.9
31.52916667,23.9
31.53333333,23.9
31.5375,23.9
31.54166667,23.8
31.54583333,23.8
31.55,23.8
31.55416667,23.7
31.55833333,23.7
31.5625,23.7
31.56666667,23.7
31.57083333,23.7
31.575,23.6
31.57916667,23.6
31.58333333,23.6
31.5875,23.6
31.59166667,23.6
31.59583333,23.5
31.6,23.5
31.60416667,23.5
31.60833333,23.5
31.6125,23.5
31.61666667,23.4
31.62083333,23.4
31.625,23.4
31.62916667,23.3
31.63333333,23.3
31.6375,23.2
31.64166667,23.2
31.64583333,23.1
31.65,22.9
31.65416667,22.8
31.65833333,22.7
31.6625,22.6
31.66666667,22.6
31.67083333,22.6
31.675,22.6
31.67916667,22.6
31.68333333,22.6
31.6875,22.7
31.69166667,22.7
31.69583333,22.7
31.7,22.8
31.70416667,22.8
31.70833333,22.9
31.7125,23
31.71666667,23
31.72083333,23
31.725,22.9
31.72916667,22.6
31.73333333,22.5
31.7375,22.2
31.74166667,22.4
31.74583333,22.6
31.75,22.7
31.75416667,22.7
31.75833333,22.7
31.7625,22.7
31.76666667,22.8
31.77083333,22.7
31.775,22.7
31.77916667,22.8
31.78333333,22.8
31.7875,22.6
31.79166667,22.5
31.79583333,22.6
31.8,22.6
31.80416667,22.7
31.80833333,22.8
31.8125,23
31.81666667,22.9
31.82083333,22.7
31.825,22.7
31.82916667,22.6
31.83333333,22.5
31.8375,22.4
31.84166667,22.4
31.84583333,22.3
31.85,22.3
31.85416667,22.4
31.85833333,22.5
31.8625,22.5
31.86666667,22.7
31.87083333,22.8
31.875,22.7
31.87916667,22.7
31.88333333,22.7
31.8875,22.9
31.89166667,22.9
31.89583333,22.9
31.9,22.9
31.90416667,23.1
31.90833333,23.1
31.9125,23.2
31.91666667,23.5
31.92083333,23.8
31.925,23.9
31.92916667,24
31.93333333,24
31.9375,23.9
31.94166667,23.8
31.94583333,23.9
31.95,24.1
31.95416667,24
31.95833333,24.1
31.9625,24.2
31.96666667,24.3
31.97083333,24.3
31.975,24.3
31.97916667,24.4
31.98333333,24.3
31.9875,24.3
31.99166667,24.3
31.99583333,24.3
32,24.3
32.00416667,24.3
32.00833333,24.4
32.0125,24.4
32.01666667,24.4
32.02083333,24.5
32.025,24.5
32.02916667,24.5
32.03333333,24.6
32.0375,24.5
32.04166667,24.4
32.04583333,24.4
32.05,24.3
32.05416667,24.3
32.05833333,24.2
32.0625,24.1
32.06666667,24.1
32.07083333,24.1
32.075,24.1
32.07916667,24.1
32.08333333,24.1
32.0875,24.2
32.09166667,24.2
32.09583333,24.2
32.1,24.1
32.10416667,24.1
32.10833333,24.2
32.1125,24.1
32.11666667,24.1
32.12083333,24
32.125,23.9
32.12916667,24
32.13333333,24
32.1375,23.9
32.14166667,23.8
32.14583333,23.7
32.15,23.8
32.15416667,23.8
32.15833333,23.8
32.1625,23.8
32.16666667,23.8
32.17083333,23.8
32.175,23.8
32.17916667,23.6
32.18333333,23.4
32.1875,23.2
32.19166667,23
32.19583333,22.9
32.2,22.9
32.20416667,22.8
32.20833333,22.8
32.2125,22.9
32.21666667,22.9
32.22083333,22.8
32.225,22.8
32.22916667,22.8
32.23333333,22.8
32.2375,22.7
32.24166667,22.7
32.24583333,22.7
32.25,22.7
32.25416667,22.7
32.25833333,22.7
32.2625,22.6
32.26666667,22.6
32.27083333,22.6
32.275,22.6
32.27916667,22.7
32.28333333,22.7
32.2875,22.9
32.29166667,23
32.29583333,23.2
32.3,23.3
32.30416667,23.4
32.30833333,23.4
32.3125,23.3
32.31666667,23.2
32.32083333,23.2
32.325,23.1
32.32916667,23.1
32.33333333,23
32.3375,23
32.34166667,23.1
32.34583333,23.3
32.35,23.5
32.35416667,23.6
32.35833333,23.7
32.3625,23.7
32.36666667,23.7
32.37083333,23.6
32.375,23.4
32.37916667,23.3
32.38333333,23.2
32.3875,23.1
32.39166667,23.2
32.39583333,23.2
32.4,23.2
32.40416667,23.3
32.40833333,23.2
32.4125,23.2
32.41666667,23.2
32.42083333,23.2
32.425,23.2
32.42916667,23.1
32.43333333,23.1
32.4375,23.1
32.44166667,23.1
32.44583333,23.1
32.45,23.1
32.45416667,23
32.45833333,23
32.4625,23.1
32.46666667,23.4
32.47083333,23.7
32.475,23.8
32.47916667,23.8
32.48333333,23.9
32.4875,24
32.49166667,24
32.49583333,24.1
32.5,24
32.50416667,24
32.50833333,24
32.5125,24
32.51666667,24.1
32.52083333,24.1
32.525,24.1
32.52916667,24.1
32.53333333,24.1
32.5375,24.1
32.54166667,24.2
32.54583333,24.2
32.55,24.2
32.55416667,24.2
32.55833333,24.2
32.5625,24.1
32.56666667,24.2
32.57083333,24.1
32.575,24.2
32.57916667,24.2
32.58333333,24.2
32.5875,24.1
32.59166667,24.1
32.59583333,24.1
32.6,24.1
32.60416667,24.1
32.60833333,24.1
32.6125,24.1
32.61666667,24.1
32.62083333,24.1
32.625,24.1
32.62916667,24.1
32.63333333,24.1
32.6375,24
32.64166667,24
32.64583333,24
32.65,24
32.65416667,24
32.65833333,23.9
32.6625,23.9
32.66666667,23.9
32.67083333,23.9
32.675,23.6
32.67916667,23.5
32.68333333,23.5
32.6875,23.5
32.69166667,23.3
32.69583333,23.5
32.7,23.2
32.70416667,22.9
32.70833333,23.1
32.7125,23.3
32.71666667,23.5
32.72083333,23.4
32.725,23.2
32.72916667,23.2
32.73333333,23.2
32.7375,23.3
32.74166667,23.3
32.74583333,23.3
32.75,23.2
32.75416667,23
32.75833333,22.8
32.7625,22.4
32.76666667,22.5
32.77083333,22.8
32.775,22.8
32.77916667,22.6
32.78333333,22.6
32.7875,22.7
32.79166667,22.7
32.79583333,22.7
32.8,22.7
32.80416667,22.6
32.80833333,22.5
32.8125,22.4
32.81666667,22.2
32.82083333,22.2
32.825,22.2
32.82916667,22.2
32.83333333,22.1
32.8375,22.1
32.84166667,22
32.84583333,22
32.85,21.9
32.85416667,21.7
32.85833333,21.7
32.8625,21.6
32.86666667,21.6
32.87083333,21.7
32.875,21.8
32.87916667,21.8
32.88333333,21.7
32.8875,22
32.89166667,22
32.89583333,21.9
32.9,22
32.90416667,22.1
32.90833333,22.2
32.9125,22.5
32.91666667,22.4
32.92083333,22.5
32.925,22.5
32.92916667,22.7
32.93333333,22.5
32.9375,23.1
32.94166667,23.2
32.94583333,23.4
32.95,23.8
32.95416667,24
32.95833333,24.1
32.9625,24
32.96666667,23.9
32.97083333,23.8
32.975,23.7
32.97916667,23.8
32.98333333,23.9
32.9875,24
32.99166667,24.2
32.99583333,24.3
33,24.4
33.00416667,24.5
33.00833333,24.6
33.0125,24.6
33.01666667,24.6
33.02083333,24.7
33.025,24.7
33.02916667,24.8
33.03333333,24.8
33.0375,24.8
33.04166667,24.7
33.04583333,24.7
33.05,24.8
33.05416667,24.8
33.05833333,24.8
33.0625,24.8
33.06666667,24.8
33.07083333,24.8
33.075,24.8
33.07916667,24.9
33.08333333,24.9
33.0875,24.8
33.09166667,24.8
33.09583333,24.8
33.1,24.7
33.10416667,24.7
33.10833333,24.8
33.1125,24.8
33.11666667,24.8
33.12083333,24.8
33.125,24.9
33.12916667,24.9
33.13333333,24.8
33.1375,24.8
33.14166667,24.7
33.14583333,24.6
33.15,24.5
33.15416667,24.4
33.15833333,24.4
33.1625,24.4
33.16666667,24.4
33.17083333,24.5
33.175,24.6
33.17916667,24.6
33.18333333,24.5
33.1875,24.5
33.19166667,24.4
33.19583333,24.3
33.2,24.2
33.20416667,24.2
33.20833333,24.2
33.2125,24.2
33.21666667,24.2
33.22083333,24.2
33.225,24.3
33.22916667,24.2
33.23333333,24
33.2375,23.6
33.24166667,23.3
33.24583333,23.1
33.25,23
33.25416667,22.9
33.25833333,22.9
33.2625,22.8
33.26666667,22.7
33.27083333,22.7
33.275,22.6
33.27916667,22.6
33.28333333,22.6
33.2875,22.6
33.29166667,22.5
33.29583333,22.5
33.3,22.4
33.30416667,22.4
33.30833333,22.3
33.3125,22.4
33.31666667,22.4
33.32083333,22.4
33.325,22.3
33.32916667,22.3
33.33333333,22.3
33.3375,22.2
33.34166667,22.2
33.34583333,22.2
33.35,22.2
33.35416667,22.2
33.35833333,22.2
33.3625,22.2
33.36666667,22.3
33.37083333,22.3
33.375,22.3
33.37916667,22.4
33.38333333,22.4
33.3875,22.4
33.39166667,22.4
33.39583333,22.4
33.4,22.5
33.40416667,22.5
33.40833333,22.5
33.4125,22.5
33.41666667,22.6
33.42083333,22.6
33.425,22.6
33.42916667,22.7
33.43333333,22.7
33.4375,22.7
33.44166667,22.8
33.44583333,22.9
33.45,22.9
33.45416667,22.9
33.45833333,23
33.4625,23.2
33.46666667,23.3
33.47083333,23.5
33.475,23.5
33.47916667,23.6
33.48333333,23.6
33.4875,23.7
33.49166667,23.7
33.49583333,23.8
33.5,23.9
33.50416667,24
33.50833333,24
33.5125,24.1
33.51666667,24.1
33.52083333,24.2
33.525,24.2
33.52916667,24.1
33.53333333,24.2
33.5375,24.2
33.54166667,24.1
33.54583333,24.1
33.55,24.2
33.55416667,24.2
33.55833333,24.2
33.5625,24.2
33.56666667,24.2
33.57083333,24.1
33.575,24.1
33.57916667,24
33.58333333,23.9
33.5875,23.6
33.59166667,23.5
33.59583333,23.3
33.6,23.2
33.60416667,23.1
33.60833333,23.2
33.6125,23.3
33.61666667,23.2
33.62083333,23.1
33.625,23.1
33.62916667,22.9
33.63333333,22.9
33.6375,22.7
33.64166667,22.8
33.64583333,22.8
33.65,22.8
33.65416667,22.8
33.65833333,22.8
33.6625,22.9
33.66666667,22.9
33.67083333,23
33.675,23.1
33.67916667,23.1
33.68333333,23.1
33.6875,23.1
33.69166667,23.1
33.69583333,23.1
33.7,23.1
33.70416667,23.1
33.70833333,23.2
33.7125,23.2
33.71666667,23.2
33.72083333,23.2
33.725,23.2
33.72916667,23.3
33.73333333,23.3
33.7375,23.3
33.74166667,23.3
33.74583333,23.4
33.75,23.4
33.75416667,23.5
33.75833333,23.5
33.7625,23.5
33.76666667,23.5
33.77083333,23.5
33.775,23.5
33.77916667,23.5
33.78333333,23.4
33.7875,23.4
33.79166667,23.4
33.79583333,23.3
33.8,23.3
33.80416667,23.2
33.80833333,23.1
33.8125,23
33.81666667,22.9
33.82083333,22.9
33.825,22.8
33.82916667,22.8
33.83333333,22.8
33.8375,22.7
33.84166667,22.7
33.84583333,22.7
33.85,22.6
33.85416667,22.5
33.85833333,22.5
33.8625,22.4
33.86666667,22.3
33.87083333,22.4
33.875,22.5
33.87916667,22.3
33.88333333,22.4
33.8875,22.4
33.89166667,22.3
33.89583333,22.5
33.9,22.4
33.90416667,22.8
33.90833333,23
33.9125,23.1
33.91666667,23
33.92083333,22.6
33.925,22.5
33.92916667,22.4
33.93333333,22.1
33.9375,22.2
33.94166667,22.1
33.94583333,22
33.95,22.1
33.95416667,22.4
33.95833333,22.6
33.9625,22.5
33.96666667,22.3
33.97083333,22.1
33.975,22.2
33.97916667,22.2
33.98333333,22.2
33.9875,22.6
33.99166667,22.9
33.99583333,23.1
34,23.3
34.00416667,23.5
34.00833333,23.7
34.0125,23.8
34.01666667,23.8
34.02083333,23.9
34.025,24.1
34.02916667,24.2
34.03333333,24.2
34.0375,24.3
34.04166667,24.3
34.04583333,24.4
34.05,24.4
34.05416667,24.4
34.05833333,24.4
34.0625,24.3
34.06666667,24.4
34.07083333,24.4
34.075,24.4
34.07916667,24.4
34.08333333,24.4
34.0875,24.4
34.09166667,24.4
34.09583333,24.3
34.1,24.3
34.10416667,24.3
34.10833333,24.3
34.1125,24.3
34.11666667,24.3
34.12083333,24.3
34.125,24.3
34.12916667,24.3
34.13333333,24.4
34.1375,24.4
34.14166667,24.4
34.14583333,24.4
34.15,24.3
34.15416667,24.3
34.15833333,24.3
34.1625,24.3
34.16666667,24.3
34.17083333,24.3
34.175,24.3
34.17916667,24.3
34.18333333,24.3
34.1875,24.4
34.19166667,24.4
34.19583333,24.4
34.2,24.4
34.20416667,24.4
34.20833333,24.4
34.2125,24.4
34.21666667,24.4
34.22083333,24.4
34.225,24.4
34.22916667,24.5
34.23333333,24.5
34.2375,24.5
34.24166667,24.5
34.24583333,24.5
34.25,24.5
34.25416667,24.5
34.25833333,24.5
34.2625,24.5
34.26666667,24.4
34.27083333,24.4
34.275,24.4
34.27916667,24.4
34.28333333,24.4
34.2875,24.4
34.29166667,24.4
34.29583333,24.4
34.3,24.4
34.30416667,24.4
34.30833333,24.4
34.3125,24.4
34.31666667,24.4
34.32083333,24.4
34.325,24.3
34.32916667,24.2
34.33333333,24.1
34.3375,24
34.34166667,24
34.34583333,23.9
34.35,23.7
34.35416667,23.5
34.35833333,23.5
34.3625,23.6
34.36666667,23.7
34.37083333,23.7
34.375,23.6
34.37916667,23.6
34.38333333,23.4
34.3875,23.2
34.39166667,23.1
34.39583333,23.2
34.4,23.4
34.40416667,23.5
34.40833333,23.6
34.4125,23.4
34.41666667,23.1
34.42083333,22.8
34.425,22.6
34.42916667,22.5
34.43333333,22.4
34.4375,22.3
34.44166667,22.3
34.44583333,22.3
34.45,22.3
34.45416667,22.3
34.45833333,22.3
34.4625,22.4
34.46666667,22.5
34.47083333,22.5
34.475,22.6
34.47916667,22.6
34.48333333,22.6
34.4875,22.7
34.49166667,22.8
34.49583333,22.8
34.5,22.7
34.50416667,22.7
34.50833333,23
34.5125,23
34.51666667,22.9
34.52083333,22.7
34.525,22.7
34.52916667,22.8
34.53333333,22.8
34.5375,22.8
34.54166667,22.9
34.54583333,22.9
34.55,23
34.55416667,23
34.55833333,23.1
34.5625,23.2
34.56666667,23.3
34.57083333,23.3
34.575,23.3
34.57916667,23.3
34.58333333,23.3
34.5875,23.3
34.59166667,23.4
34.59583333,23.4
34.6,23.4
34.60416667,23.4
34.60833333,23.4
34.6125,23.4
34.61666667,23.5
34.62083333,23.5
34.625,23.5
34.62916667,23.3
34.63333333,22.7
34.6375,22.8
34.64166667,22.9
34.64583333,22.7
34.65,22.4
34.65416667,22.4
34.65833333,22.7
34.6625,22.7
34.66666667,22.7
34.67083333,22.7
34.675,22.9
34.67916667,23
34.68333333,23.1
34.6875,22.8
34.69166667,22.9
34.69583333,23
34.7,23.2
34.70416667,23.4
34.70833333,23.2
34.7125,23.3
34.71666667,23.1
34.72083333,23.2
34.725,23.3
34.72916667,23.3
34.73333333,23.3
34.7375,23.3
34.74166667,23.1
34.74583333,23
34.75,23.2
34.75416667,23.2
34.75833333,23.4
34.7625,23.4
34.76666667,23.3
34.77083333,23.1
34.775,23.1
34.77916667,23
34.78333333,22.9
34.7875,22.9
34.79166667,23
34.79583333,23.1
34.8,23.3
34.80416667,23.3
34.80833333,23.3
34.8125,23.2
34.81666667,23.2
34.82083333,23.1
34.825,23.2
34.82916667,23.2
34.83333333,23.3
34.8375,23.2
34.84166667,23.1
34.84583333,23
34.85,22.8
34.85416667,22.5
34.85833333,22.4
34.8625,22.3
34.86666667,22.3
34.87083333,22.5
34.875,22.5
34.87916667,22.7
34.88333333,22.7
34.8875,22.8
34.89166667,23.2
34.89583333,23
34.9,23
34.90416667,23.1
34.90833333,23.2
34.9125,23.4
34.91666667,23.5
34.92083333,23.3
34.925,23.3
34.92916667,23.5
34.93333333,23.5
34.9375,23.3
34.94166667,23.5
34.94583333,23.4
34.95,23.4
34.95416667,23.4
34.95833333,23.5
34.9625,23.5
34.96666667,23.5
34.97083333,23.7
34.975,23.5
34.97916667,23.8
34.98333333,23.8
34.9875,24
34.99166667,23.9
34.99583333,24
35,24
35.00416667,24.1
35.00833333,24.1
35.0125,24.1
35.01666667,24
35.02083333,23.8
35.025,23.8
35.02916667,23.8
35.03333333,23.9
35.0375,23.8
35.04166667,23.5
35.04583333,23.2
35.05,23.1
35.05416667,23.1
35.05833333,23
35.0625,23
35.06666667,23.1
35.07083333,22.7
35.075,22.4
35.07916667,22.1
35.08333333,21.8
35.0875,21.7
35.09166667,21.5
35.09583333,21.5
35.1,21.4
35.10416667,21.5
35.10833333,21.6
35.1125,21.7
35.11666667,21.9
35.12083333,22
35.125,22.1
35.12916667,22.2
35.13333333,22.3
35.1375,22.4
35.14166667,22.6
35.14583333,22.8
35.15,23
35.15416667,23.2
35.15833333,23.2
35.1625,23.3
35.16666667,23.3
35.17083333,23.3
35.175,23.2
35.17916667,23.1
35.18333333,23
35.1875,22.9
35.19166667,22.8
35.19583333,22.7
35.2,22.6
35.20416667,22.5
35.20833333,22.5
35.2125,22.5
35.21666667,22.6
35.22083333,22.6
35.225,22.6
35.22916667,22.6
35.23333333,22.7
35.2375,22.7
35.24166667,22.8
35.24583333,23
35.25,23.2
35.25416667,23.3
35.25833333,23.4
35.2625,23.5
35.26666667,23.7
35.27083333,23.7
35.275,23.8
35.27916667,23.8
35.28333333,23.8
35.2875,23.8
35.29166667,23.7
35.29583333,23.6
35.3,23.6
35.30416667,23.6
35.30833333,23.6
35.3125,23.6
35.31666667,23.5
35.32083333,23.5
35.325,23.5
35.32916667,23.4
35.33333333,23.4
35.3375,23.4
35.34166667,23.3
35.34583333,23.4
35.35,23.4
35.35416667,23.4
35.35833333,23.4
35.3625,23.4
35.36666667,23.4
35.37083333,23.4
35.375,23.4
35.37916667,23.4
35.38333333,23.5
35.3875,23.5
35.39166667,23.5
35.39583333,23.5
35.4,23.4
35.40416667,23.3
35.40833333,23.2
35.4125,23.2
35.41666667,23.2
35.42083333,23.3
35.425,23.3
35.42916667,23.2
35.43333333,23.1
35.4375,23.1
35.44166667,23.1
35.44583333,23.1
35.45,23
35.45416667,23
35.45833333,22.8
35.4625,22.7
35.46666667,22.7
35.47083333,22.7
35.475,22.7
35.47916667,22.8
35.48333333,22.9
35.4875,23
35.49166667,23.2
35.49583333,23.3
35.5,23.4
35.50416667,23.4
35.50833333,23.5
35.5125,23.5
35.51666667,23.5
35.52083333,23.5
35.525,23.6
35.52916667,23.6
35.53333333,23.6
35.5375,23.7
35.54166667,23.7
35.54583333,23.7
35.55,23.7
35.55416667,23.7
35.55833333,23.7
35.5625,23.7
35.56666667,23.8
35.57083333,23.8
35.575,23.8
35.57916667,23.8
35.58333333,23.7
35.5875,23.7
35.59166667,23.7
35.59583333,23.7
35.6,23.7
35.60416667,23.7
35.60833333,23.7
35.6125,23.7
35.61666667,23.7
35.62083333,23.6
35.625,23.6
35.62916667,23.6
35.63333333,23.6
35.6375,23.6
35.64166667,23.4
35.64583333,22.7
35.65,22.1
35.65416667,21.7
35.65833333,21.4
35.6625,21.4
35.66666667,21.2
35.67083333,21.4
35.675,21.5
35.67916667,21.9
35.68333333,22.2
35.6875,22.2
35.69166667,22.7
35.69583333,23
35.7,23.2
35.70416667,23.3
35.70833333,23.4
35.7125,23.1
35.71666667,23.1
35.72083333,23.3
35.725,23.3
35.72916667,23.2
35.73333333,23.4
35.7375,23.4
35.74166667,23.5
35.74583333,23.5
35.75,23.6
35.75416667,23.6
35.75833333,23.6
35.7625,23.5
35.76666667,23.4
35.77083333,23.3
35.775,23.3
35.77916667,23.3
35.78333333,23.2
35.7875,23.2
35.79166667,23.2
35.79583333,23.2
35.8,23.2
35.80416667,23.3
35.80833333,23.3
35.8125,23.2
35.81666667,23.2
35.82083333,23.2
35.825,23.3
35.82916667,23.4
35.83333333,23.5
35.8375,23.4
35.84166667,23.4
35.84583333,23.4
35.85,23.5
35.85416667,23.5
35.85833333,23.4
35.8625,23.5
35.86666667,23.5
35.87083333,23.4
35.875,23.5
35.87916667,23.5
35.88333333,23.6
35.8875,23.7
35.89166667,23.8
35.89583333,23.8
35.9,23.9
35.90416667,24
35.90833333,24.1
35.9125,24.2
35.91666667,24.3
35.92083333,24.3
35.925,24.3
35.92916667,24.3
35.93333333,24.2
35.9375,24.1
35.94166667,24.1
35.94583333,24.1
35.95,24.1
35.95416667,24.1
35.95833333,23.9
35.9625,23.8
35.96666667,23.7
35.97083333,23.4
35.975,22.8
35.97916667,22.3
35.98333333,21.8
35.9875,21.5
35.99166667,21.4
35.99583333,21.5
36,21.5
36.00416667,21.5
36.00833333,21.5
36.0125,21.5
36.01666667,21.5
36.02083333,21.5
36.025,21.4
36.02916667,21.6
36.03333333,21.9
36.0375,22.2
36.04166667,22.2
36.04583333,22.4
36.05,22.5
36.05416667,22.8
36.05833333,23
36.0625,23.4
36.06666667,23.7
36.07083333,23.8
36.075,23.7
36.07916667,23.7
36.08333333,23.8
36.0875,23.8
36.09166667,23.8
36.09583333,23.8
36.1,23.8
36.10416667,23.8
36.10833333,23.6
36.1125,23.4
36.11666667,23
36.12083333,22.6
36.125,22.5
36.12916667,22.2
36.13333333,22
36.1375,22
36.14166667,22.2
36.14583333,22.3
36.15,22.5
36.15416667,22.5
36.15833333,22.5
36.1625,22.4
36.16666667,22.3
36.17083333,22.1
36.175,22
36.17916667,22
36.18333333,22.1
36.1875,22.2
36.19166667,22.3
36.19583333,22.3
36.2,22.3
36.20416667,22.3
36.20833333,22.2
36.2125,22.1
36.21666667,22
36.22083333,21.9
36.225,21.8
36.22916667,21.7
36.23333333,21.7
36.2375,22.2
36.24166667,22.6
36.24583333,22.9
36.25,23.1
36.25416667,23.3
36.25833333,23.4
36.2625,23.4
36.26666667,23.4
36.27083333,23.5
36.275,23.5
36.27916667,23.5
36.28333333,23.5
36.2875,23.5
36.29166667,23.5
36.29583333,23.5
36.3,23.5
36.30416667,23.5
36.30833333,23.5
36.3125,23.5
36.31666667,23.5
36.32083333,23.5
36.325,23.5
36.32916667,23.5
36.33333333,23.5
36.3375,23.5
36.34166667,23.5
36.34583333,23.5
36.35,23.5
36.35416667,23.5
36.35833333,23.4
36.3625,23.4
36.36666667,23.3
36.37083333,23.3
36.375,23.3
36.37916667,23.3
36.38333333,23.2
36.3875,23.2
36.39166667,23.2
36.39583333,23.1
36.4,23.1
36.40416667,23
36.40833333,23.1
36.4125,23.1
36.41666667,23.1
36.42083333,23.1
36.425,22.9
36.42916667,22.7
36.43333333,22.3
36.4375,22
36.44166667,21.8
36.44583333,21.6
36.45,21.4
36.45416667,21.3
36.45833333,21.3
36.4625,21.2
36.46666667,21.3
36.47083333,21.4
36.475,21.4
36.47916667,21.5
36.48333333,21.5
36.4875,21.6
36.49166667,21.7
36.49583333,21.8
36.5,21.9
36.50416667,22
36.50833333,22
36.5125,22.1
36.51666667,22.2
36.52083333,22.2
36.525,22.3
36.52916667,22.3
36.53333333,22.4
36.5375,22.4
36.54166667,22.5
36.54583333,22.5
36.55,22.5
36.55416667,22.6
36.55833333,22.6
36.5625,22.6
36.56666667,22.6
36.57083333,22.6
36.575,22.6
36.57916667,22.6
36.58333333,22.6
36.5875,22.6
36.59166667,22.6
36.59583333,22.6
36.6,22.6
36.60416667,22.6
36.60833333,22.6
36.6125,22.7
36.61666667,22.7
36.62083333,22.7
36.625,22.7
36.62916667,22.7
36.63333333,22.7
36.6375,22.7
36.64166667,22.8
36.64583333,22.8
36.65,22.8
36.65416667,22.8
36.65833333,22.8
36.6625,22.8
36.66666667,22.8
36.67083333,22.8
36.675,22.8
36.67916667,22.8
36.68333333,22.7
36.6875,22.7
36.69166667,22.7
36.69583333,22.7
36.7,22.7
36.70416667,22.7
36.70833333,22.7
36.7125,22.7
36.71666667,22.8
36.72083333,22.8
36.725,22.8
36.72916667,22.8
36.73333333,22.8
36.7375,22.8
36.74166667,22.8
36.74583333,22.8
36.75,22.9
36.75416667,22.9
36.75833333,22.9
36.7625,22.9
36.76666667,22.8
36.77083333,22.8
36.775,22.9
36.77916667,22.9
36.78333333,23
36.7875,23
36.79166667,23.1
36.79583333,23
36.8,23
36.80416667,23.1
36.80833333,23.2
36.8125,23.2
36.81666667,23.2
36.82083333,23.2
36.825,23.2
36.82916667,23.3
36.83333333,23.3
36.8375,23.3
36.84166667,23.3
36.84583333,23.3
36.85,23.2
36.85416667,23.2
36.85833333,23.3
36.8625,23.3
36.86666667,23.3
36.87083333,23.5
36.875,23.5
36.87916667,23.6
36.88333333,23.7
36.8875,23.7
36.89166667,23.8
36.89583333,23.8
36.9,23.8
36.90416667,23.8
36.90833333,23.8
36.9125,23.8
36.91666667,23.8
36.92083333,23.8
36.925,23.8
36.92916667,23.8
36.93333333,23.8
36.9375,23.8
36.94166667,23.8
36.94583333,23.8
36.95,23.8
36.95416667,23.8
36.95833333,23.8
36.9625,23.8
36.96666667,23.8
36.97083333,23.7
36.975,23.8
36.97916667,23.8
36.98333333,23.7
36.9875,23.8
36.99166667,23.8
36.99583333,23.8
37,23.8
37.00416667,23.8
37.00833333,23.8
37.0125,23.8
37.01666667,23.7
37.02083333,23.7
37.025,23.6
37.02916667,23.5
37.03333333,23
37.0375,23.2
37.04166667,23.2
37.04583333,23.3
37.05,23.1
37.05416667,23.2
37.05833333,23.3
37.0625,23.4
37.06666667,23.5
37.07083333,23.5
37.075,23.5
37.07916667,23.5
37.08333333,23.4
37.0875,23.3
37.09166667,23.1
37.09583333,22.9
37.1,22.7
37.10416667,22.6
37.10833333,22.5
37.1125,22.4
37.11666667,22.3
37.12083333,22.6
37.125,22.9
37.12916667,22.8
37.13333333,22.7
37.1375,22.9
37.14166667,23.2
37.14583333,23.3
37.15,23.1
37.15416667,22.8
37.15833333,22.6
37.1625,22.7
37.16666667,22.6
37.17083333,22.5
37.175,22.5
37.17916667,22.4
37.18333333,22.4
37.1875,22.5
37.19166667,22.6
37.19583333,22.7
37.2,22.7
37.20416667,22.7
37.20833333,22.8
37.2125,22.9
37.21666667,22.9
37.22083333,22.9
37.225,22.9
37.22916667,22.8
37.23333333,22.8
37.2375,22.8
37.24166667,22.7
37.24583333,22.8
37.25,22.9
37.25416667,22.8
37.25833333,22.9
37.2625,23
37.26666667,23.1
37.27083333,23.1
37.275,23.1
37.27916667,23.1
37.28333333,23.1
37.2875,23.1
37.29166667,23
37.29583333,23
37.3,23
37.30416667,23
37.30833333,23
37.3125,23
37.31666667,23
37.32083333,23.1
37.325,23.1
37.32916667,23.2
37.33333333,23.2
37.3375,23.2
37.34166667,23.2
37.34583333,23.2
37.35,23.2
37.35416667,23.2
37.35833333,23.2
37.3625,23.2
37.36666667,23.2
37.37083333,23.2
37.375,23.2
37.37916667,23.2
37.38333333,23.1
37.3875,22.9
37.39166667,22.8
37.39583333,22.8
37.4,22.8
37.40416667,22.8
37.40833333,22.9
37.4125,22.9
37.41666667,22.9
37.42083333,22.9
37.425,22.8
37.42916667,22.7
37.43333333,22.7
37.4375,22.7
37.44166667,22.7
37.44583333,22.7
37.45,22.7
37.45416667,22.7
37.45833333,22.8
37.4625,22.8
37.46666667,22.8
37.47083333,22.9
37.475,22.9
37.47916667,22.9
37.48333333,22.9
37.4875,23
37.49166667,23.1
37.49583333,23.1
37.5,23.2
37.50416667,23.2
37.50833333,23.2
37.5125,23.2
37.51666667,23.2
37.52083333,23.2
37.525,23.1
37.52916667,22.9
37.53333333,22.8
37.5375,22.7
37.54166667,22.7
37.54583333,22.7
37.55,22.8
37.55416667,22.8
37.55833333,22.9
37.5625,23
37.56666667,23
37.57083333,23.1
37.575,23.1
37.57916667,23.1
37.58333333,23.2
37.5875,23.2
37.59166667,23.2
37.59583333,23.1
37.6,23.1
37.60416667,23.1
37.60833333,23.1
37.6125,23
37.61666667,22.9
37.62083333,22.9
37.625,22.8
37.62916667,22.7
37.63333333,22.7
37.6375,22.6
37.64166667,22.6
37.64583333,22.5
37.65,22.5
37.65416667,22.5
37.65833333,22.4
37.6625,22.4
37.66666667,22.4
37.67083333,22.3
37.675,22.3
37.67916667,22.3
37.68333333,22.3
37.6875,22.4
37.69166667,22.4
37.69583333,22.4
37.7,22.3
37.70416667,22.3
37.70833333,22.3
37.7125,22.3
37.71666667,22.2
37.72083333,22.2
37.725,22.2
37.72916667,22.2
37.73333333,22.3
37.7375,22.3
37.74166667,22.3
37.74583333,22.3
37.75,22.3
37.75416667,22.4
37.75833333,22.4
37.7625,22.5
37.76666667,22.5
37.77083333,22.5
37.775,22.4
37.77916667,22.4
37.78333333,22.5
37.7875,22.5
37.79166667,22.6
37.79583333,22.7
37.8,22.7
37.80416667,22.6
37.80833333,22.6
37.8125,22.5
37.81666667,22.5
37.82083333,22.5
37.825,22.6
37.82916667,22.7
37.83333333,22.7
37.8375,22.8
37.84166667,22.8
37.84583333,22.9
37.85,22.9
37.85416667,23
37.85833333,23.1
37.8625,23.1
37.86666667,23.1
37.87083333,23.1
37.875,23.2
37.87916667,23.3
37.88333333,23.3
37.8875,23.3
37.89166667,23.4
37.89583333,23.4
37.9,23.4
37.90416667,23.4
37.90833333,23.3
37.9125,23.3
37.91666667,23.3
37.92083333,23.3
37.925,23.2
37.92916667,23.2
37.93333333,23.2
37.9375,23.2
37.94166667,23.2
37.94583333,23.2
37.95,23.2
37.95416667,23.2
37.95833333,23.2
37.9625,23.2
37.96666667,23.2
37.97083333,23.2
37.975,23.2
37.97916667,23.3
37.98333333,23.3
37.9875,23.3
37.99166667,23.2
37.99583333,23.2
38,23.2
38.00416667,23.2
38.00833333,23.2
38.0125,23.2
38.01666667,23.2
38.02083333,23.2
38.025,23.2
38.02916667,23.2
38.03333333,23.2
38.0375,23.2
38.04166667,23.2
38.04583333,23.2
38.05,23.1
38.05416667,23.1
38.05833333,23.1
38.0625,23.1
38.06666667,23.1
38.07083333,23.1
38.075,23.1
38.07916667,23.1
38.08333333,23.1
38.0875,23.1
38.09166667,23.1
38.09583333,23.1
38.1,23.1
38.10416667,23.1
38.10833333,23.1
38.1125,23.1
38.11666667,23.1
38.12083333,23
38.125,22.9
38.12916667,22.8
38.13333333,22.8
38.1375,22.6
38.14166667,22.6
38.14583333,22.5
38.15,22.4
38.15416667,22.3
38.15833333,22.3
38.1625,22.3
38.16666667,22.3
38.17083333,22.3
38.175,22.4
38.17916667,22.4
38.18333333,22.4
38.1875,22.5
38.19166667,22.5
38.19583333,22.4
38.2,22.3
38.20416667,22.3
38.20833333,22.2
38.2125,22.3
38.21666667,22.5
38.22083333,22.5
38.225,22.6
38.22916667,22.6
38.23333333,22.6
38.2375,22.6
38.24166667,22.6
38.24583333,22.6
38.25,22.5
38.25416667,22.5
38.25833333,22.5
38.2625,22.5
38.26666667,22.6
38.27083333,22.6
38.275,22.5
38.27916667,22.5
38.28333333,22.4
38.2875,22.4
38.29166667,22.4
38.29583333,22.4
38.3,22.5
38.30416667,22.6
38.30833333,22.6
38.3125,22.6
38.31666667,22.6
38.32083333,22.7
38.325,22.7
38.32916667,22.7
38.33333333,22.7
38.3375,22.7
38.34166667,22.7
38.34583333,22.7
38.35,22.7
38.35416667,22.7
38.35833333,22.7
38.3625,22.7
38.36666667,22.7
38.37083333,22.6
38.375,22.6
38.37916667,22.6
38.38333333,22.6
38.3875,22.6
38.39166667,22.5
38.39583333,22.5
38.4,22.5
38.40416667,22.5
38.40833333,22.5
38.4125,22.5
38.41666667,22.5
38.42083333,22.5
38.425,22.5
38.42916667,22.5
38.43333333,22.6
38.4375,22.6
38.44166667,22.6
38.44583333,22.6
38.45,22.6
38.45416667,22.6
38.45833333,22.6
38.4625,22.7
38.46666667,22.7
38.47083333,22.7
38.475,22.7
38.47916667,22.7
38.48333333,22.8
38.4875,22.8
38.49166667,22.8
38.49583333,22.8
38.5,22.8
38.50416667,22.8
38.50833333,22.9
38.5125,22.9
38.51666667,22.9
38.52083333,23
38.525,23.1
38.52916667,23.1
38.53333333,23.1
38.5375,23.2
38.54166667,23.2
38.54583333,23.2
38.55,23.2
38.55416667,23.2
38.55833333,23.2
38.5625,23.2
38.56666667,23.2
38.57083333,23.2
38.575,23.1
38.57916667,23.1
38.58333333,23.1
38.5875,23.1
38.59166667,23.1
38.59583333,23.1
38.6,23.1
38.60416667,23.1
38.60833333,23.1
38.6125,23.1
38.61666667,23.1
38.62083333,23.1
38.625,23
38.62916667,23
38.63333333,23
38.6375,23
38.64166667,22.9
38.64583333,22.9
38.65,22.9
38.65416667,22.9
38.65833333,22.9
38.6625,22.8
38.66666667,22.8
38.67083333,22.7
38.675,22.7
38.67916667,22.7
38.68333333,22.7
38.6875,22.7
38.69166667,22.7
38.69583333,22.6
38.7,22.6
38.70416667,22.5
38.70833333,22.4
38.7125,22.3
38.71666667,22.2
38.72083333,22.2
38.725,22.3
38.72916667,22.4
38.73333333,22.5
38.7375,22.5
38.74166667,22.6
38.74583333,22.6
38.75,22.6
38.75416667,22.6
38.75833333,22.6
38.7625,22.6
38.76666667,22.6
38.77083333,22.6
38.775,22.6
38.77916667,22.6
38.78333333,22.6
38.7875,22.7
38.79166667,22.7
38.79583333,22.7
38.8,22.7
38.80416667,22.7
38.80833333,22.7
38.8125,22.7
38.81666667,22.6
38.82083333,22.6
38.825,22.6
38.82916667,22.6
38.83333333,22.7
38.8375,22.7
38.84166667,22.7
38.84583333,22.7
38.85,22.7
38.85416667,22.7
38.85833333,22.7
38.8625,22.7
38.86666667,22.7
38.87083333,22.7
38.875,22.7
38.87916667,22.7
38.88333333,22.7
38.8875,22.7
38.89166667,22.7
38.89583333,22.7
38.9,22.7
38.90416667,22.7
38.90833333,22.7
38.9125,22.7
38.91666667,22.7
38.92083333,22.7
38.925,22.7
38.92916667,22.7
38.93333333,22.7
38.9375,22.7
38.94166667,22.7
38.94583333,22.8
38.95,22.8
38.95416667,22.8
38.95833333,22.8
38.9625,22.8
38.96666667,22.8
38.97083333,22.8
38.975,22.8
38.97916667,22.8
38.98333333,22.8
38.9875,22.8
38.99166667,22.8
38.99583333,22.8
39,22.8
39.00416667,22.9
39.00833333,22.9
39.0125,22.9
39.01666667,22.8
39.02083333,22.8
39.025,22.8
39.02916667,22.8
39.03333333,22.8
39.0375,22.8
39.04166667,22.8
39.04583333,22.8
39.05,22.8
39.05416667,22.8
39.05833333,22.8
39.0625,22.8
39.06666667,22.8
39.07083333,22.8
39.075,22.8
39.07916667,22.8
39.08333333,22.8
39.0875,22.8
39.09166667,22.8
39.09583333,22.7
39.1,22.7
39.10416667,22.7
39.10833333,22.7
39.1125,22.7
39.11666667,22.7
39.12083333,22.7
39.125,22.7
39.12916667,22.6
39.13333333,22.4
39.1375,22.3
39.14166667,22.1
39.14583333,22
39.15,21.9
39.15416667,21.8
39.15833333,21.7
39.1625,21.6
39.16666667,21.6
39.17083333,21.5
39.175,21.6
39.17916667,21.6
39.18333333,21.6
39.1875,21.6
39.19166667,21.8
39.19583333,21.9
39.2,22.1
39.20416667,22.2
39.20833333,22.2
39.2125,22.2
39.21666667,22.2
39.22083333,22.2
39.225,22.1
39.22916667,22.1
39.23333333,22.1
39.2375,22.1
39.24166667,22.1
39.24583333,22.1
39.25,22.1
39.25416667,22.2
39.25833333,22.2
39.2625,22.3
39.26666667,22.3
39.27083333,22.3
39.275,22.3
39.27916667,22.3
39.28333333,22.3
39.2875,22.3
39.29166667,22.2
39.29583333,22.2
39.3,22.2
39.30416667,22.2
39.30833333,22.2
39.3125,22.3
39.31666667,22.3
39.32083333,22.3
39.325,22.3
39.32916667,22.3
39.33333333,22.3
39.3375,22.3
39.34166667,22.2
39.34583333,22.2
39.35,22.2
39.35416667,22.2
39.35833333,22.2
39.3625,22.2
39.36666667,22.2
39.37083333,22.2
39.375,22.2
39.37916667,22.2
39.38333333,22.2
39.3875,22.2
39.39166667,22.2
39.39583333,22.2
39.4,22.2
39.40416667,22.2
39.40833333,22.2
39.4125,22.2
39.41666667,22.2
39.42083333,22.2
39.425,22.3
39.42916667,22.3
39.43333333,22.3
39.4375,22.3
39.44166667,22.3
39.44583333,22.3
39.45,22.4
39.45416667,22.3
39.45833333,22.3
39.4625,22.4
39.46666667,22.4
39.47083333,22.4
39.475,22.4
39.47916667,22.4
39.48333333,22.4
39.4875,22.4
39.49166667,22.4
39.49583333,22.4
39.5,22.4
39.50416667,22.4
39.50833333,22.5
39.5125,22.5
39.51666667,22.5
39.52083333,22.5
39.525,22.6
39.52916667,22.6
39.53333333,22.6
39.5375,22.6
39.54166667,22.6
39.54583333,22.6
39.55,22.7
39.55416667,22.7
39.55833333,22.7
39.5625,22.7
39.56666667,22.7
39.57083333,22.7
39.575,22.7
39.57916667,22.7
39.58333333,22.7
39.5875,22.7
39.59166667,22.7
39.59583333,22.7
39.6,22.7
39.60416667,22.6
39.60833333,22.6
39.6125,22.6
39.61666667,22.6
39.62083333,22.6
39.625,22.6
39.62916667,22.6
39.63333333,22.6
39.6375,22.6
39.64166667,22.6
39.64583333,22.6
39.65,22.6
39.65416667,22.5
39.65833333,22.5
39.6625,22.5
39.66666667,22.5
39.67083333,22.6
39.675,22.6
39.67916667,22.6
39.68333333,22.6
39.6875,22.6
39.69166667,22.5
39.69583333,22.5
39.7,22.5
39.70416667,22.4
39.70833333,22.4
39.7125,22.4
39.71666667,22.4
39.72083333,22.4
39.725,22.4
39.72916667,22.4
39.73333333,22.4
39.7375,22.3
39.74166667,22.3
39.74583333,22.3
39.75,22.4
39.75416667,22.4
39.75833333,22.4
39.7625,22.4
39.76666667,22.4
39.77083333,22.4
39.775,22.3
39.77916667,22.3
39.78333333,22.3
39.7875,22.3
39.79166667,22.3
39.79583333,22.4
39.8,22.4
39.80416667,22.4
39.80833333,22.4
39.8125,22.4
39.81666667,22.5
39.82083333,22.5
39.825,22.5
39.82916667,22.5
39.83333333,22.5
39.8375,22.5
39.84166667,22.6
39.84583333,22.6
39.85,22.6
39.85416667,22.6
39.85833333,22.7
39.8625,22.7
39.86666667,22.7
39.87083333,22.7
39.875,22.7
39.87916667,22.7
39.88333333,22.7
39.8875,22.7
39.89166667,22.8
39.89583333,22.8
39.9,22.8
39.90416667,22.8
39.90833333,22.8
39.9125,22.8
39.91666667,22.8
39.92083333,22.8
39.925,22.8
39.92916667,22.8
39.93333333,22.8
39.9375,22.8
39.94166667,22.8
39.94583333,22.8
39.95,22.8
39.95416667,22.8
39.95833333,22.8
39.9625,22.8
39.96666667,22.8
39.97083333,22.8
39.975,22.8
39.97916667,22.8
39.98333333,22.8
39.9875,22.8
39.99166667,22.8
39.99583333,22.8
40,22.8
40.00416667,22.8
40.00833333,22.8
40.0125,22.8
40.01666667,22.8
40.02083333,22.8
40.025,22.8
40.02916667,22.9
40.03333333,22.9
40.0375,22.9
40.04166667,22.9
40.04583333,22.9
40.05,22.9
40.05416667,22.9
40.05833333,22.9
40.0625,22.9
40.06666667,22.9
40.07083333,22.9
40.075,22.9
40.07916667,22.9
40.08333333,22.9
40.0875,22.9
40.09166667,22.9
40.09583333,22.9
40.1,22.9
40.10416667,22.9
40.10833333,22.9
40.1125,22.9
40.11666667,22.9
40.12083333,22.9
40.125,22.9
40.12916667,22.8
40.13333333,22.5
40.1375,22.1
40.14166667,21.8
40.14583333,21.6
40.15,21.5
40.15416667,21.4
40.15833333,21.4
40.1625,21.3
40.16666667,21.3
40.17083333,21.2
40.175,21.1
40.17916667,21.1
40.18333333,21.1
40.1875,21.1
40.19166667,21.2
40.19583333,21.2
40.2,21.3
40.20416667,21.4
40.20833333,21.4
40.2125,21.6
40.21666667,21.7
40.22083333,21.8
40.225,21.8
40.22916667,21.9
40.23333333,21.9
40.2375,22
40.24166667,22
40.24583333,22
40.25,22
40.25416667,22
40.25833333,22
40.2625,22
40.26666667,22.1
40.27083333,22.1
40.275,22.1
40.27916667,22.1
40.28333333,22.1
40.2875,22.2
40.29166667,22.2
40.29583333,22.2
40.3,22.2
40.30416667,22.2
40.30833333,22.2
40.3125,22.2
40.31666667,22.2
40.32083333,22.3
40.325,22.3
40.32916667,22.3
40.33333333,22.3
40.3375,22.3
40.34166667,22.3
40.34583333,22.3
40.35,22.3
40.35416667,22.3
40.35833333,22.3
40.3625,22.3
40.36666667,22.2
40.37083333,22.2
40.375,22.2
40.37916667,22.2
40.38333333,22.2
40.3875,22.1
40.39166667,22.1
40.39583333,22.1
40.4,22
40.40416667,22
40.40833333,22
40.4125,22.1
40.41666667,22.1
40.42083333,22.1
40.425,22.1
40.42916667,22.1
40.43333333,22.1
40.4375,22.2
40.44166667,22.2
40.44583333,22.2
40.45,22.2
40.45416667,22.2
40.45833333,22.2
40.4625,22.2
40.46666667,22.2
40.47083333,22.2
40.475,22.2
40.47916667,22.2
40.48333333,22.2
40.4875,22.2
40.49166667,22.2
40.49583333,22.3
40.5,22.3
40.50416667,22.3
40.50833333,22.4
40.5125,22.4
40.51666667,22.4
40.52083333,22.4
40.525,22.4
40.52916667,22.5
40.53333333,22.5
40.5375,22.5
40.54166667,22.5
40.54583333,22.6
40.55,22.6
40.55416667,22.6
40.55833333,22.6
40.5625,22.6
40.56666667,22.6
40.57083333,22.6
40.575,22.6
40.57916667,22.6
40.58333333,22.6
40.5875,22.6
40.59166667,22.6
40.59583333,22.5
40.6,22.5
40.60416667,22.5
40.60833333,22.5
40.6125,22.5
40.61666667,22.5
40.62083333,22.5
40.625,22.5
40.62916667,22.5
40.63333333,22.4
40.6375,22.4
40.64166667,22.4
40.64583333,22.4
40.65,22.4
40.65416667,22.4
40.65833333,22.4
40.6625,22.4
40.66666667,22.4
40.67083333,22.4
40.675,22.4
40.67916667,22.4
40.68333333,22.4
40.6875,22.4
40.69166667,22.4
40.69583333,22.5
40.7,22.4
40.70416667,22.1
40.70833333,21.9
40.7125,21.7
40.71666667,21.5
40.72083333,21.3
40.725,21.3
40.72916667,21.3
40.73333333,21.3
40.7375,21.4
40.74166667,21.4
40.74583333,21.4
40.75,21.5
40.75416667,21.6
40.75833333,21.7
40.7625,21.7
40.76666667,21.8
40.77083333,21.7
40.775,21.8
40.77916667,21.8
40.78333333,21.8
40.7875,21.8
40.79166667,21.8
40.79583333,21.8
40.8,21.8
40.80416667,21.9
40.80833333,22
40.8125,22
40.81666667,22
40.82083333,22.1
40.825,22.1
40.82916667,22.1
40.83333333,22.1
40.8375,22.1
40.84166667,22.2
40.84583333,22.2
40.85,22.2
40.85416667,22.2
40.85833333,22.2
40.8625,22.2
40.86666667,22.2
40.87083333,22.3
40.875,22.4
40.87916667,22.5
40.88333333,22.5
40.8875,22.5
40.89166667,22.5
40.89583333,22.5
40.9,22.5
40.90416667,22.5
40.90833333,22.5
40.9125,22.5
40.91666667,22.5
40.92083333,22.5
40.925,22.5
40.92916667,22.5
40.93333333,22.5
40.9375,22.5
40.94166667,22.5
40.94583333,22.5
40.95,22.6
40.95416667,22.6
40.95833333,22.6
40.9625,22.6
40.96666667,22.5
40.97083333,22.5
40.975,22.5
40.97916667,22.6
40.98333333,22.6
40.9875,22.5
40.99166667,22.5
40.99583333,22.5
41,22.5
41.00416667,22.5
41.00833333,22.5
41.0125,22.5
41.01666667,22.5
41.02083333,22.6
41.025,22.6
41.02916667,22.6
41.03333333,22.6
41.0375,22.6
41.04166667,22.7
41.04583333,22.7
41.05,22.7
41.05416667,22.7
41.05833333,22.7
41.0625,22.7
41.06666667,22.7
41.07083333,22.7
41.075,22.7
41.07916667,22.7
41.08333333,22.7
41.0875,22.7
41.09166667,22.7
41.09583333,22.7
41.1,22.8
41.10416667,22.8
41.10833333,22.8
41.1125,22.8
41.11666667,22.8
41.12083333,22.8
41.125,22.7
41.12916667,22.7
41.13333333,22.7
41.1375,22.7
41.14166667,22.7
41.14583333,22.7
41.15,22.7
41.15416667,22.7
41.15833333,22.3
41.1625,21.9
41.16666667,21.6
41.17083333,21.4
41.175,21.2
41.17916667,21.1
41.18333333,21
41.1875,20.9
41.19166667,20.8
41.19583333,20.8
41.2,20.8
41.20416667,20.8
41.20833333,20.7
41.2125,20.7
41.21666667,20.7
41.22083333,20.7
41.225,20.7
41.22916667,20.7
41.23333333,20.8
41.2375,20.9
41.24166667,21
41.24583333,21.1
41.25,21.2
41.25416667,21.3
41.25833333,21.3
41.2625,21.3
41.26666667,21.3
41.27083333,21.4
41.275,21.4
41.27916667,21.4
41.28333333,21.4
41.2875,21.5
41.29166667,21.5
41.29583333,21.6
41.3,21.6
41.30416667,21.7
41.30833333,21.7
41.3125,21.7
41.31666667,21.7
41.32083333,21.7
41.325,21.7
41.32916667,21.7
41.33333333,21.7
41.3375,21.7
41.34166667,21.8
41.34583333,21.8
41.35,21.8
41.35416667,21.8
41.35833333,21.8
41.3625,21.8
41.36666667,21.8
41.37083333,21.9
41.375,21.9
41.37916667,21.8
41.38333333,21.8
41.3875,21.7
41.39166667,21.7
41.39583333,21.6
41.4,21.6
41.40416667,21.6
41.40833333,21.6
41.4125,21.6
41.41666667,21.6
41.42083333,21.7
41.425,21.7
41.42916667,21.7
41.43333333,21.8
41.4375,21.8
41.44166667,21.8
41.44583333,21.8
41.45,21.8
41.45416667,21.8
41.45833333,21.8
41.4625,21.8
41.46666667,21.8
41.47083333,21.9
41.475,21.9
41.47916667,21.8
41.48333333,21.8
41.4875,21.8
41.49166667,21.9
41.49583333,21.9
41.5,22
41.50416667,22
41.50833333,22
41.5125,22
41.51666667,22
41.52083333,22
41.525,22
41.52916667,22.1
41.53333333,22.1
41.5375,22.1
41.54166667,22.1
41.54583333,22.2
41.55,22.2
41.55416667,22.2
41.55833333,22.2
41.5625,22.2
41.56666667,22.2
41.57083333,22.2
41.575,22.2
41.57916667,22.2
41.58333333,22.2
41.5875,22.3
41.59166667,22.3
41.59583333,22.3
41.6,22.3
41.60416667,22.3
41.60833333,22.3
41.6125,22.3
41.61666667,22.3
41.62083333,22.4
41.625,22.4
41.62916667,22.4
41.63333333,22.4
41.6375,22.3
41.64166667,22.3
41.64583333,22.3
41.65,22.3
41.65416667,22.3
41.65833333,22.3
41.6625,22.3
41.66666667,22.3
41.67083333,22.3
41.675,22.3
41.67916667,22.3
41.68333333,22.2
41.6875,22.2
41.69166667,22.2
41.69583333,21.9
41.7,21.7
41.70416667,21.5
41.70833333,21.4
41.7125,21.4
41.71666667,21.2
41.72083333,21.1
41.725,20.9
41.72916667,20.8
41.73333333,20.8
41.7375,20.8
41.74166667,20.8
41.74583333,20.7
41.75,20.6
41.75416667,20.5
41.75833333,20.5
41.7625,20.6
41.76666667,20.8
41.77083333,21
41.775,21.1
41.77916667,21.2
41.78333333,21.3
41.7875,21.3
41.79166667,21.4
41.79583333,21.5
41.8,21.5
41.80416667,21.6
41.80833333,21.6
41.8125,21.5
41.81666667,21.5
41.82083333,21.6
41.825,21.6
41.82916667,21.6
41.83333333,21.6
41.8375,21.6
41.84166667,21.7
41.84583333,21.6
41.85,21.6
41.85416667,21.7
41.85833333,21.7
41.8625,21.7
41.86666667,21.7
41.87083333,21.7
41.875,21.7
41.87916667,21.7
41.88333333,21.7
41.8875,21.7
41.89166667,21.8
41.89583333,21.8
41.9,21.7
41.90416667,21.7
41.90833333,21.7
41.9125,21.7
41.91666667,21.7
41.92083333,21.7
41.925,21.8
41.92916667,21.8
41.93333333,21.9
41.9375,21.9
41.94166667,21.9
41.94583333,22
41.95,22
41.95416667,22
41.95833333,22
41.9625,22.1
41.96666667,22
41.97083333,22
41.975,22
41.97916667,22
41.98333333,22.1
41.9875,22.1
41.99166667,22.1
41.99583333,22
42,22
42.00416667,22
42.00833333,22
42.0125,22
42.01666667,21.9
42.02083333,21.9
42.025,22
42.02916667,22
42.03333333,22
42.0375,22
42.04166667,22
42.04583333,22
42.05,22.1
42.05416667,22.1
42.05833333,22.1
42.0625,22.1
42.06666667,22.2
42.07083333,22.2
42.075,22.2
42.07916667,22.2
42.08333333,22.2
42.0875,22.3
42.09166667,22.3
42.09583333,22.4
42.1,22.4
42.10416667,22.4
42.10833333,22.4
42.1125,22.4
42.11666667,22.3
42.12083333,22.3
42.125,22.3
42.12916667,22.3
42.13333333,22.3
42.1375,22.3
42.14166667,22.3
42.14583333,22.3
42.15,22.3
42.15416667,22.3
42.15833333,22.4
42.1625,22.4
42.16666667,22.4
42.17083333,22.4
42.175,22.3
42.17916667,22.3
42.18333333,22.3
42.1875,22.3
42.19166667,22.3
42.19583333,22.2
42.2,22.1
42.20416667,21.9
42.20833333,21.5
42.2125,21.3
42.21666667,21.1
42.22083333,21.1
42.225,21.1
42.22916667,21
42.23333333,20.9
42.2375,20.8
42.24166667,20.8
42.24583333,20.8
42.25,20.8
42.25416667,20.8
42.25833333,20.8
42.2625,20.8
42.26666667,20.9
42.27083333,20.9
42.275,21
42.27916667,21.1
42.28333333,21.2
42.2875,21.3
42.29166667,21.4
42.29583333,21.4
42.3,21.4
42.30416667,21.3
42.30833333,21.3
42.3125,21.4
42.31666667,21.4
42.32083333,21.4
42.325,21.3
42.32916667,21.4
42.33333333,21.4
42.3375,21.4
42.34166667,21.4
42.34583333,21.5
42.35,21.5
42.35416667,21.5
42.35833333,21.5
42.3625,21.5
42.36666667,21.5
42.37083333,21.5
42.375,21.5
42.37916667,21.5
42.38333333,21.5
42.3875,21.5
42.39166667,21.5
42.39583333,21.5
42.4,21.5
42.40416667,21.5
42.40833333,21.5
42.4125,21.5
42.41666667,21.5
42.42083333,21.5
42.425,21.6
42.42916667,21.5
42.43333333,21.5
42.4375,21.5
42.44166667,21.5
42.44583333,21.5
42.45,21.5
42.45416667,21.5
42.45833333,21.5
42.4625,21.5
42.46666667,21.6
42.47083333,21.6
42.475,21.6
42.47916667,21.6
42.48333333,21.6
42.4875,21.5
42.49166667,21.5
42.49583333,21.6
42.5,21.6
42.50416667,21.6
42.50833333,21.6
42.5125,21.6
42.51666667,21.7
42.52083333,21.7
42.525,21.7
42.52916667,21.7
42.53333333,21.7
42.5375,21.7
42.54166667,21.7
42.54583333,21.7
42.55,21.7
42.55416667,21.7
42.55833333,21.7
42.5625,21.7
42.56666667,21.8
42.57083333,21.8
42.575,21.9
42.57916667,21.9
42.58333333,22
42.5875,22
42.59166667,22
42.59583333,22
42.6,22
42.60416667,22
42.60833333,22
42.6125,22
42.61666667,22.1
42.62083333,22.1
42.625,22.1
42.62916667,22.1
42.63333333,22.1
42.6375,22.1
42.64166667,22.1
42.64583333,22.1
42.65,22.1
42.65416667,22.1
42.65833333,22.1
42.6625,22.1
42.66666667,22
42.67083333,22
42.675,22
42.67916667,22
42.68333333,22
42.6875,22
42.69166667,22
42.69583333,21.9
42.7,21.9
42.70416667,21.9
42.70833333,21.9
42.7125,21.9
42.71666667,21.9
42.72083333,21.7
42.725,21.3
42.72916667,21
42.73333333,20.9
42.7375,20.9
42.74166667,21
42.74583333,20.9
42.75,20.8
42.75416667,20.6
42.75833333,20.5
42.7625,20.4
42.76666667,20.3
42.77083333,20.3
42.775,20.3
42.77916667,20.3
42.78333333,20.4
42.7875,20.5
42.79166667,20.6
42.79583333,20.7
42.8,20.9
42.80416667,20.9
42.80833333,21
42.8125,21.1
42.81666667,21.1
42.82083333,21.1
42.825,21.1
42.82916667,21.2
42.83333333,21.1
42.8375,21.2
42.84166667,21.3
42.84583333,21.3
42.85,21.3
42.85416667,21.3
42.85833333,21.3
42.8625,21.2
42.86666667,21.2
42.87083333,21.3
42.875,21.3
42.87916667,21.3
42.88333333,21.3
42.8875,21.4
42.89166667,21.4
42.89583333,21.4
42.9,21.4
42.90416667,21.4
42.90833333,21.4
42.9125,21.6
42.91666667,21.7
42.92083333,21.8
42.925,21.8
42.92916667,21.8
42.93333333,21.8
42.9375,21.7
42.94166667,21.7
42.94583333,21.7
42.95,21.7
42.95416667,21.9
42.95833333,21.8
42.9625,21.8
42.96666667,21.8
42.97083333,21.8
42.975,21.8
42.97916667,21.8
42.98333333,21.8
42.9875,21.8
42.99166667,21.9
42.99583333,21.9
43,21.9
43.00416667,22
43.00833333,22
43.0125,22.1
43.01666667,22
43.02083333,22
43.025,22
43.02916667,22
43.03333333,22
43.0375,21.9
43.04166667,21.9
43.04583333,21.8
43.05,21.9
43.05416667,21.9
43.05833333,21.9
43.0625,21.9
43.06666667,21.9
43.07083333,21.9
43.075,21.9
43.07916667,22
43.08333333,22
43.0875,22
43.09166667,22
43.09583333,22
43.1,22
43.10416667,22
43.10833333,22
43.1125,22
43.11666667,22
43.12083333,22
43.125,22.1
43.12916667,22.1
43.13333333,22.1
43.1375,22.2
43.14166667,22.2
43.14583333,22.2
43.15,22.2
43.15416667,22.3
43.15833333,22.3
43.1625,22.3
43.16666667,22.3
43.17083333,22.3
43.175,22.3
43.17916667,22.3
43.18333333,22.3
43.1875,22.2
43.19166667,22.2
43.19583333,22.2
43.2,22.2
43.20416667,22.2
43.20833333,22.1
43.2125,22.1
43.21666667,22.1
43.22083333,22.1
43.225,22.1
43.22916667,22.1
43.23333333,22
43.2375,21.9
43.24166667,21.7
43.24583333,21.5
43.25,21.4
43.25416667,21.4
43.25833333,21.4
43.2625,21.4
43.26666667,21.4
43.27083333,21.4
43.275,21.2
43.27916667,21.1
43.28333333,21
43.2875,21
43.29166667,21
43.29583333,21
43.3,21
43.30416667,21
43.30833333,21
43.3125,21
43.31666667,21
43.32083333,21.1
43.325,21.2
43.32916667,21.3
43.33333333,21.4
43.3375,21.4
43.34166667,21.5
43.34583333,21.4
43.35,21.4
43.35416667,21.4
43.35833333,21.5
43.3625,21.5
43.36666667,21.5
43.37083333,21.5
43.375,21.5
43.37916667,21.6
43.38333333,21.6
43.3875,21.6
43.39166667,21.6
43.39583333,21.6
43.4,21.6
43.40416667,21.6
43.40833333,21.6
43.4125,21.7
43.41666667,21.7
43.42083333,21.7
43.425,21.7
43.42916667,21.7
43.43333333,21.7
43.4375,21.7
43.44166667,21.7
43.44583333,21.7
43.45,21.7
43.45416667,21.7
43.45833333,21.7
43.4625,21.7
43.46666667,21.7
43.47083333,21.7
43.475,21.7
43.47916667,21.7
43.48333333,21.7
43.4875,21.7
43.49166667,21.7
43.49583333,21.6
43.5,21.6
43.50416667,21.5
43.50833333,21.5
43.5125,21.5
43.51666667,21.6
43.52083333,21.6
43.525,21.6
43.52916667,21.6
43.53333333,21.6
43.5375,21.5
43.54166667,21.5
43.54583333,21.6
43.55,21.6
43.55416667,21.6
43.55833333,21.6
43.5625,21.7
43.56666667,21.7
43.57083333,21.6
43.575,21.6
43.57916667,21.6
43.58333333,21.7
43.5875,21.7
43.59166667,21.7
43.59583333,21.8
43.6,21.8
43.60416667,21.9
43.60833333,21.9
43.6125,21.8
43.61666667,21.9
43.62083333,21.9
43.625,21.9
43.62916667,21.9
43.63333333,21.9
43.6375,21.9
43.64166667,21.9
43.64583333,21.9
43.65,21.9
43.65416667,21.9
43.65833333,21.9
43.6625,21.9
43.66666667,21.9
43.67083333,21.9
43.675,21.9
43.67916667,21.9
43.68333333,21.9
43.6875,21.9
43.69166667,21.9
43.69583333,21.9
43.7,21.9
43.70416667,21.9
43.70833333,21.9
43.7125,21.9
43.71666667,21.9
43.72083333,21.9
43.725,21.8
43.72916667,21.8
43.73333333,21.8
43.7375,21.8
43.74166667,21.8
43.74583333,21.6
43.75,21.4
43.75416667,21.3
43.75833333,21.1
43.7625,21
43.76666667,20.8
43.77083333,20.7
43.775,20.6
43.77916667,20.5
43.78333333,20.4
43.7875,20.3
43.79166667,20.2
43.79583333,20.2
43.8,20.2
43.80416667,20.2
43.80833333,20.2
43.8125,20.4
43.81666667,20.4
43.82083333,20.4
43.825,20.8
43.82916667,21
43.83333333,21.2
43.8375,21.3
43.84166667,21.2
43.84583333,21.2
43.85,21.1
43.85416667,21.2
43.85833333,21.2
43.8625,21.2
43.86666667,21.3
43.87083333,21.3
43.875,21.4
43.87916667,21.6
43.88333333,21.6
43.8875,21.5
43.89166667,21.4
43.89583333,21.3
43.9,21.4
43.90416667,21.3
43.90833333,21.3
43.9125,21.3
43.91666667,21.3
43.92083333,21.3
43.925,21.3
43.92916667,21.4
43.93333333,21.5
43.9375,21.5
43.94166667,21.6
43.94583333,21.6
43.95,21.7
43.95416667,21.7
43.95833333,21.7
43.9625,21.6
43.96666667,21.6
43.97083333,21.6
43.975,21.6
43.97916667,21.7
43.98333333,21.7
43.9875,21.8
43.99166667,21.8
43.99583333,21.8
44,21.8
44.00416667,21.8
44.00833333,21.8
44.0125,21.8
44.01666667,21.8
44.02083333,21.8
44.025,21.8
44.02916667,21.8
44.03333333,21.8
44.0375,21.9
44.04166667,21.9
44.04583333,21.9
44.05,21.9
44.05416667,21.9
44.05833333,21.8
44.0625,21.8
44.06666667,21.8
44.07083333,21.8
44.075,21.8
44.07916667,21.7
44.08333333,21.7
44.0875,21.7
44.09166667,21.7
44.09583333,21.6
44.1,21.7
44.10416667,21.7
44.10833333,21.7
44.1125,21.8
44.11666667,21.8
44.12083333,21.8
44.125,21.9
44.12916667,21.9
44.13333333,21.9
44.1375,21.9
44.14166667,21.9
44.14583333,21.9
44.15,21.8
44.15416667,21.8
44.15833333,21.9
44.1625,21.9
44.16666667,21.9
44.17083333,21.9
44.175,21.9
44.17916667,21.9
44.18333333,21.9
44.1875,21.9
44.19166667,21.9
44.19583333,22
44.2,22
44.20416667,21.9
44.20833333,21.9
44.2125,21.9
44.21666667,21.9
44.22083333,21.9
44.225,21.9
44.22916667,21.9
44.23333333,21.9
44.2375,21.9
44.24166667,21.9
44.24583333,21.9
44.25,21.9
44.25416667,21.9
44.25833333,21.9
44.2625,21.9
44.26666667,21.9
44.27083333,21.9
44.275,21.9
44.27916667,21.9
44.28333333,21.9
44.2875,21.9
44.29166667,21.9
44.29583333,21.9
44.3,21.9
44.30416667,21.8
44.30833333,21.8
44.3125,21.8
44.31666667,21.8
44.32083333,21.8
44.325,21.8
44.32916667,21.8
44.33333333,21.8
44.3375,21.7
44.34166667,21.7
44.34583333,21.7
44.35,21.7
44.35416667,21.7
44.35833333,21.6
44.3625,21.6
44.36666667,21.6
44.37083333,21.6
44.375,21.6
44.37916667,21.6
44.38333333,21.7
44.3875,21.7
44.39166667,21.7
44.39583333,21.7
44.4,21.7
44.40416667,21.7
44.40833333,21.7
44.4125,21.7
44.41666667,21.7
44.42083333,21.7
44.425,21.7
44.42916667,21.7
44.43333333,21.7
44.4375,21.7
44.44166667,21.7
44.44583333,21.7
44.45,21.7
44.45416667,21.7
44.45833333,21.7
44.4625,21.7
44.46666667,21.7
44.47083333,21.7
44.475,21.7
44.47916667,21.7
44.48333333,21.7
44.4875,21.7
44.49166667,21.7
44.49583333,21.7
44.5,21.7
44.50416667,21.7
44.50833333,21.7
44.5125,21.6
44.51666667,21.6
44.52083333,21.6
44.525,21.6
44.52916667,21.5
44.53333333,21.5
44.5375,21.6
44.54166667,21.6
44.54583333,21.6
44.55,21.5
44.55416667,21.6
44.55833333,21.6
44.5625,21.5
44.56666667,21.5
44.57083333,21.5
44.575,21.5
44.57916667,21.5
44.58333333,21.5
44.5875,21.5
44.59166667,21.5
44.59583333,21.5
44.6,21.5
44.60416667,21.5
44.60833333,21.5
44.6125,21.5
44.61666667,21.5
44.62083333,21.5
44.625,21.5
44.62916667,21.5
44.63333333,21.5
44.6375,21.6
44.64166667,21.6
44.64583333,21.6
44.65,21.6
44.65416667,21.6
44.65833333,21.6
44.6625,21.6
44.66666667,21.6
44.67083333,21.6
44.675,21.6
44.67916667,21.6
44.68333333,21.6
44.6875,21.6
44.69166667,21.6
44.69583333,21.6
44.7,21.6
44.70416667,21.6
44.70833333,21.6
44.7125,21.6
44.71666667,21.6
44.72083333,21.6
44.725,21.7
44.72916667,21.7
44.73333333,21.7
44.7375,21.7
44.74166667,21.7
44.74583333,21.7
44.75,21.7
44.75416667,21.7
44.75833333,21.5
44.7625,21.3
44.76666667,21.1
44.77083333,21.1
44.775,21
44.77916667,20.9
44.78333333,20.9
44.7875,21
44.79166667,20.9
44.79583333,20.9
44.8,20.9
44.80416667,20.9
44.80833333,20.8
44.8125,20.7
44.81666667,20.6
44.82083333,20.6
44.825,20.7
44.82916667,20.6
44.83333333,20.6
44.8375,20.7
44.84166667,20.7
44.84583333,20.8
44.85,20.9
44.85416667,21
44.85833333,21.1
44.8625,21.2
44.86666667,21.3
44.87083333,21.3
44.875,21.3
44.87916667,21.3
44.88333333,21.3
44.8875,21.3
44.89166667,21.3
44.89583333,21.4
44.9,21.4
44.90416667,21.4
44.90833333,21.5
44.9125,21.6
44.91666667,21.6
44.92083333,21.7
44.925,21.7
44.92916667,21.7
44.93333333,21.7
44.9375,21.7
44.94166667,21.7
44.94583333,21.7
44.95,21.8
44.95416667,21.7
44.95833333,21.7
44.9625,21.7
44.96666667,21.6
44.97083333,21.6
44.975,21.6
44.97916667,21.6
44.98333333,21.6
44.9875,21.6
44.99166667,21.6
44.99583333,21.6
45,21.6
45.00416667,21.6
45.00833333,21.6
45.0125,21.6
45.01666667,21.6
45.02083333,21.6
45.025,21.6
45.02916667,21.6
45.03333333,21.6
45.0375,21.6
45.04166667,21.6
45.04583333,21.6
45.05,21.7
45.05416667,21.7
45.05833333,21.7
45.0625,21.7
45.06666667,21.7
45.07083333,21.7
45.075,21.7
45.07916667,21.7
45.08333333,21.7
45.0875,21.7
45.09166667,21.7
45.09583333,21.7
45.1,21.7
45.10416667,21.7
45.10833333,21.7
45.1125,21.7
45.11666667,21.6
45.12083333,21.6
45.125,21.6
45.12916667,21.6
45.13333333,21.6
45.1375,21.6
45.14166667,21.6
45.14583333,21.7
45.15,21.7
45.15416667,21.7
45.15833333,21.7
45.1625,21.7
45.16666667,21.7
45.17083333,21.7
45.175,21.7
45.17916667,21.7
45.18333333,21.8
45.1875,21.8
45.19166667,21.8
45.19583333,21.8
45.2,21.8
45.20416667,21.8
45.20833333,21.8
45.2125,21.8
45.21666667,21.8
45.22083333,21.8
45.225,21.9
45.22916667,21.9
45.23333333,21.9
45.2375,21.9
45.24166667,21.9
45.24583333,21.9
45.25,21.9
45.25416667,21.9
45.25833333,21.9
45.2625,21.9
45.26666667,21.9
45.27083333,21.9
45.275,21.9
45.27916667,21.9
45.28333333,21.9
45.2875,21.9
45.29166667,21.9
45.29583333,21.9
45.3,21.9
45.30416667,21.9
45.30833333,21.9
45.3125,21.9
45.31666667,21.9
45.32083333,21.9
45.325,21.9
45.32916667,21.9
45.33333333,21.9
45.3375,21.9
45.34166667,21.9
45.34583333,21.9
45.35,21.9
45.35416667,21.9
45.35833333,21.9
45.3625,21.9
45.36666667,21.9
45.37083333,21.9
45.375,21.9
45.37916667,21.9
45.38333333,21.9
45.3875,21.8
45.39166667,21.8
45.39583333,21.8
45.4,21.8
45.40416667,21.8
45.40833333,21.7
45.4125,21.7
45.41666667,21.7
45.42083333,21.6
45.425,21.6
45.42916667,21.6
45.43333333,21.6
45.4375,21.6
45.44166667,21.6
45.44583333,21.6
45.45,21.6
45.45416667,21.6
45.45833333,21.7
45.4625,21.7
45.46666667,21.7
45.47083333,21.7
45.475,21.7
45.47916667,21.6
45.48333333,21.6
45.4875,21.6
45.49166667,21.6
45.49583333,21.6
45.5,21.6
45.50416667,21.6
45.50833333,21.6
45.5125,21.6
45.51666667,21.6
45.52083333,21.7
45.525,21.6
45.52916667,21.6
45.53333333,21.6
45.5375,21.6
45.54166667,21.6
45.54583333,21.6
45.55,21.6
45.55416667,21.6
45.55833333,21.6
45.5625,21.6
45.56666667,21.6
45.57083333,21.6
45.575,21.6
45.57916667,21.6
45.58333333,21.6
45.5875,21.6
45.59166667,21.6
45.59583333,21.6
45.6,21.6
45.60416667,21.6
45.60833333,21.6
45.6125,21.6
45.61666667,21.6
45.62083333,21.7
45.625,21.7
45.62916667,21.7
45.63333333,21.7
45.6375,21.7
45.64166667,21.7
45.64583333,21.7
45.65,21.7
45.65416667,21.7
45.65833333,21.7
45.6625,21.7
45.66666667,21.7
45.67083333,21.7
45.675,21.7
45.67916667,21.7
45.68333333,21.7
45.6875,21.7
45.69166667,21.7
45.69583333,21.7
45.7,21.7
45.70416667,21.7
45.70833333,21.7
45.7125,21.7
45.71666667,21.7
45.72083333,21.7
45.725,21.7
45.72916667,21.7
45.73333333,21.7
45.7375,21.8
45.74166667,21.8
45.74583333,21.8
45.75,21.6
45.75416667,21.4
45.75833333,21.2
45.7625,21
45.76666667,20.9
45.77083333,20.9
45.775,20.8
45.77916667,20.8
45.78333333,20.8
45.7875,20.8
45.79166667,20.7
45.79583333,20.6
45.8,20.6
45.80416667,20.8
45.80833333,21.1
45.8125,21.3
45.81666667,21.1
45.82083333,21.1
45.825,21.2
45.82916667,21.2
45.83333333,21.2
45.8375,21.3
45.84166667,21.2
45.84583333,21.2
45.85,21.2
45.85416667,21.1
45.85833333,21.2
45.8625,21.4
45.86666667,21.5
45.87083333,21.5
45.875,21.5
45.87916667,21.5
45.88333333,21.5
45.8875,21.5
45.89166667,21.5
45.89583333,21.5
45.9,21.5
45.90416667,21.6
45.90833333,21.7
45.9125,21.7
45.91666667,21.7
45.92083333,21.7
45.925,21.7
45.92916667,21.7
45.93333333,21.7
45.9375,21.7
45.94166667,21.7
45.94583333,21.7
45.95,21.7
45.95416667,21.7
45.95833333,21.7
45.9625,21.7
45.96666667,21.7
45.97083333,21.7
45.975,21.7
45.97916667,21.8
45.98333333,21.8
45.9875,21.8
45.99166667,21.9
45.99583333,21.9
46,21.9
46.00416667,21.9
46.00833333,21.9
46.0125,21.9
46.01666667,21.9
46.02083333,21.9
46.025,21.9
46.02916667,21.9
46.03333333,21.9
46.0375,21.9
46.04166667,21.8
46.04583333,21.8
46.05,21.8
46.05416667,21.8
46.05833333,21.8
46.0625,21.8
46.06666667,21.8
46.07083333,21.8
46.075,21.8
46.07916667,21.9
46.08333333,21.9
46.0875,21.9
46.09166667,21.9
46.09583333,21.9
46.1,21.9
46.10416667,21.9
46.10833333,21.9
46.1125,21.9
46.11666667,21.9
46.12083333,21.9
46.125,21.9
46.12916667,21.8
46.13333333,21.8
46.1375,21.8
46.14166667,21.8
46.14583333,21.8
46.15,21.8
46.15416667,21.8
46.15833333,21.8
46.1625,21.8
46.16666667,21.8
46.17083333,21.7
46.175,21.7
46.17916667,21.7
46.18333333,21.7
46.1875,21.7
46.19166667,21.7
46.19583333,21.7
46.2,21.7
46.20416667,21.7
46.20833333,21.7
46.2125,21.7
46.21666667,21.8
46.22083333,21.8
46.225,21.8
46.22916667,21.8
46.23333333,21.8
46.2375,21.8
46.24166667,21.8
46.24583333,21.8
46.25,21.8
46.25416667,21.8
46.25833333,21.9
46.2625,21.9
46.26666667,21.9
46.27083333,22
46.275,22
46.27916667,22
46.28333333,22
46.2875,22
46.29166667,22
46.29583333,21.9
46.3,21.9
46.30416667,21.9
46.30833333,21.9
46.3125,21.9
46.31666667,22
46.32083333,22
46.325,22
46.32916667,22
46.33333333,22
46.3375,22
46.34166667,22
46.34583333,22
46.35,22
46.35416667,22
46.35833333,22
46.3625,22
46.36666667,22
46.37083333,22
46.375,22
46.37916667,22
46.38333333,22
46.3875,22
46.39166667,22
46.39583333,22
46.4,22
46.40416667,21.9
46.40833333,21.8
46.4125,21.7
46.41666667,21.7
46.42083333,21.8
46.425,21.8
46.42916667,21.8
46.43333333,21.8
46.4375,21.8
46.44166667,21.8
46.44583333,21.8
46.45,21.7
46.45416667,21.7
46.45833333,21.6
46.4625,21.5
46.46666667,21.5
46.47083333,21.5
46.475,21.5
46.47916667,21.5
46.48333333,21.5
46.4875,21.6
46.49166667,21.6
46.49583333,21.6
46.5,21.6
46.50416667,21.6
46.50833333,21.6
46.5125,21.7
46.51666667,21.7
46.52083333,21.7
46.525,21.7
46.52916667,21.6
46.53333333,21.6
46.5375,21.7
46.54166667,21.7
46.54583333,21.7
46.55,21.7
46.55416667,21.7
46.55833333,21.7
46.5625,21.7
46.56666667,21.7
46.57083333,21.7
46.575,21.7
46.57916667,21.7
46.58333333,21.7
46.5875,21.7
46.59166667,21.8
46.59583333,21.8
46.6,21.8
46.60416667,21.8
46.60833333,21.8
46.6125,21.8
46.61666667,21.8
46.62083333,21.8
46.625,21.7
46.62916667,21.7
46.63333333,21.7
46.6375,21.7
46.64166667,21.7
46.64583333,21.8
46.65,21.8
46.65416667,21.8
46.65833333,21.8
46.6625,21.8
46.66666667,21.8
46.67083333,21.8
46.675,21.8
46.67916667,21.9
46.68333333,21.9
46.6875,21.9
46.69166667,21.9
46.69583333,21.9
46.7,21.9
46.70416667,21.9
46.70833333,21.9
46.7125,21.9
46.71666667,21.9
46.72083333,21.9
46.725,21.9
46.72916667,21.9
46.73333333,21.9
46.7375,21.9
46.74166667,21.9
46.74583333,21.9
46.75,21.9
46.75416667,21.9
46.75833333,21.8
46.7625,21.7
46.76666667,21.6
46.77083333,21.4
46.775,21.2
46.77916667,21.1
46.78333333,21.1
46.7875,21.1
46.79166667,21
46.79583333,20.9
46.8,20.9
46.80416667,20.8
46.80833333,20.8
46.8125,20.8
46.81666667,20.9
46.82083333,20.8
46.825,20.7
46.82916667,20.6
46.83333333,20.5
46.8375,20.4
46.84166667,20.3
46.84583333,20.7
46.85,21.1
46.85416667,21.3
46.85833333,21.2
46.8625,21.3
46.86666667,21.3
46.87083333,21.3
46.875,21.1
46.87916667,21.2
46.88333333,21.1
46.8875,21
46.89166667,21
46.89583333,21.1
46.9,21
46.90416667,21.1
46.90833333,21.4
46.9125,21.6
46.91666667,21.7
46.92083333,21.8
46.925,21.9
46.92916667,21.8
46.93333333,21.6
46.9375,21.7
46.94166667,21.9
46.94583333,21.9
46.95,22
46.95416667,22
46.95833333,22
46.9625,22
46.96666667,22
46.97083333,22
46.975,22
46.97916667,22
46.98333333,22
46.9875,22
46.99166667,22
46.99583333,21.9
47,21.9
47.00416667,21.9
47.00833333,21.9
47.0125,21.9
47.01666667,21.9
47.02083333,21.9
47.025,21.9
47.02916667,21.9
47.03333333,21.9
47.0375,21.9
47.04166667,21.9
47.04583333,21.9
47.05,21.9
47.05416667,22
47.05833333,22
47.0625,22
47.06666667,22
47.07083333,22
47.075,22
47.07916667,22
47.08333333,22
47.0875,22
47.09166667,22
47.09583333,22
47.1,22
47.10416667,22
47.10833333,21.9
47.1125,21.8
47.11666667,21.8
47.12083333,21.8
47.125,21.8
47.12916667,21.8
47.13333333,21.8
47.1375,21.8
47.14166667,21.8
47.14583333,21.8
47.15,21.8
47.15416667,21.9
47.15833333,21.9
47.1625,21.9
47.16666667,21.9
47.17083333,21.9
47.175,21.9
47.17916667,21.9
47.18333333,21.9
47.1875,21.9
47.19166667,21.9
47.19583333,21.9
47.2,21.9
47.20416667,21.9
47.20833333,21.9
47.2125,21.9
47.21666667,21.9
47.22083333,21.9
47.225,21.9
47.22916667,21.9
47.23333333,21.9
47.2375,21.9
47.24166667,21.9
47.24583333,21.9
47.25,21.9
47.25416667,21.8
47.25833333,21.8
47.2625,21.8
47.26666667,21.8
47.27083333,21.8
47.275,21.8
47.27916667,21.8
47.28333333,21.8
47.2875,21.8
47.29166667,21.8
47.29583333,21.8
47.3,21.8
47.30416667,21.8
47.30833333,21.8
47.3125,21.8
47.31666667,21.9
47.32083333,21.9
47.325,21.9
47.32916667,21.9
47.33333333,21.9
47.3375,21.9
47.34166667,21.8
47.34583333,21.8
47.35,21.9
47.35416667,21.9
47.35833333,21.9
47.3625,21.9
47.36666667,21.9
47.37083333,21.9
47.375,21.9
47.37916667,21.9
47.38333333,21.8
47.3875,21.8
47.39166667,21.8
47.39583333,21.8
47.4,21.8
47.40416667,21.8
47.40833333,21.8
47.4125,21.8
47.41666667,21.8
47.42083333,21.8
47.425,21.8
47.42916667,21.8
47.43333333,21.8
47.4375,21.8
47.44166667,21.8
47.44583333,21.8
47.45,21.8
47.45416667,21.8
47.45833333,21.8
47.4625,21.8
47.46666667,21.8
47.47083333,21.8
47.475,21.8
47.47916667,21.7
47.48333333,21.6
47.4875,21.5
47.49166667,21.5
47.49583333,21.5
47.5,21.4
47.50416667,21.4
47.50833333,21.4
47.5125,21.4
47.51666667,21.3
47.52083333,21.3
47.525,21.3
47.52916667,21.2
47.53333333,21.2
47.5375,21.2
47.54166667,21.2
47.54583333,21.1
47.55,21.1
47.55416667,21.1
47.55833333,21.1
47.5625,21.1
47.56666667,21.2
47.57083333,21.2
47.575,21.2
47.57916667,21.2
47.58333333,21.2
47.5875,21.2
47.59166667,21.3
47.59583333,21.3
47.6,21.3
47.60416667,21.3
47.60833333,21.4
47.6125,21.4
47.61666667,21.5
47.62083333,21.5
47.625,21.5
47.62916667,21.5
47.63333333,21.5
47.6375,21.6
47.64166667,21.6
47.64583333,21.6
47.65,21.6
47.65416667,21.6
47.65833333,21.6
47.6625,21.6
47.66666667,21.6
47.67083333,21.6
47.675,21.6
47.67916667,21.7
47.68333333,21.7
47.6875,21.7
47.69166667,21.7
47.69583333,21.7
47.7,21.8
47.70416667,21.8
47.70833333,21.8
47.7125,21.8
47.71666667,21.8
47.72083333,21.8
47.725,21.8
47.72916667,21.8
47.73333333,21.8
47.7375,21.8
47.74166667,21.8
47.74583333,21.8
47.75,21.9
47.75416667,21.9
47.75833333,21.9
47.7625,22
47.76666667,22
47.77083333,22
47.775,22
47.77916667,22
47.78333333,22
47.7875,22
47.79166667,22
47.79583333,22
47.8,22
47.80416667,22
47.80833333,22
47.8125,22
47.81666667,22
47.82083333,22
47.825,22
47.82916667,22
47.83333333,22
47.8375,22
47.84166667,22
47.84583333,21.9
47.85,22
47.85416667,22
47.85833333,21.9
47.8625,21.9
47.86666667,21.8
47.87083333,21.7
47.875,21.7
47.87916667,21.7
47.88333333,21.6
47.8875,21.7
47.89166667,21.2
47.89583333,21
47.9,21
47.90416667,21.1
47.90833333,21.1
47.9125,21.2
47.91666667,21.4
47.92083333,21.4
47.925,21.5
47.92916667,21.3
47.93333333,20.9
47.9375,20.7
47.94166667,21.1
47.94583333,20.9
47.95,21
47.95416667,21.1
47.95833333,21
47.9625,21.1
47.96666667,20.9
47.97083333,20.8
47.975,20.8
47.97916667,20.9
47.98333333,21
47.9875,21.1
47.99166667,21
47.99583333,20.8
48,20.8
48.00416667,20.7
48.00833333,20.8
48.0125,20.9
48.01666667,21
48.02083333,21.2
48.025,21.3
48.02916667,21.4
48.03333333,21.6
48.0375,21.7
48.04166667,21.7
48.04583333,21.8
48.05,21.8
48.05416667,21.9
48.05833333,21.9
48.0625,21.9
48.06666667,21.8
48.07083333,21.8
48.075,21.8
48.07916667,21.8
48.08333333,21.8
48.0875,21.8
48.09166667,21.8
48.09583333,21.8
48.1,21.8
48.10416667,21.8
48.10833333,21.9
48.1125,21.9
48.11666667,21.9
48.12083333,21.9
48.125,21.9
48.12916667,21.9
48.13333333,21.9
48.1375,21.9
48.14166667,21.9
48.14583333,21.9
48.15,21.9
48.15416667,21.9
48.15833333,22
48.1625,22
48.16666667,21.9
48.17083333,21.9
48.175,21.9
48.17916667,21.9
48.18333333,21.8
48.1875,21.8
48.19166667,21.7
48.19583333,21.7
48.2,21.7
48.20416667,21.7
48.20833333,21.7
48.2125,21.7
48.21666667,21.7
48.22083333,21.7
48.225,21.7
48.22916667,21.8
48.23333333,21.8
48.2375,21.8
48.24166667,21.8
48.24583333,21.8
48.25,21.8
48.25416667,21.8
48.25833333,21.8
48.2625,21.9
48.26666667,21.9
48.27083333,21.9
48.275,21.9
48.27916667,21.9
48.28333333,21.9
48.2875,21.8
48.29166667,21.8
48.29583333,21.8
48.3,21.7
48.30416667,21.7
48.30833333,21.7
48.3125,21.7
48.31666667,21.7
48.32083333,21.7
48.325,21.7
48.32916667,21.8
48.33333333,21.8
48.3375,21.8
48.34166667,21.7
48.34583333,21.7
48.35,21.7
48.35416667,21.7
48.35833333,21.7
48.3625,21.6
48.36666667,21.6
48.37083333,21.5
48.375,21.5
48.37916667,21.6
48.38333333,21.6
48.3875,21.5
48.39166667,21.6
48.39583333,21.6
48.4,21.5
48.40416667,21.5
48.40833333,21.5
48.4125,21.5
48.41666667,21.4
48.42083333,21.4
48.425,21.4
48.42916667,21.3
48.43333333,21.2
48.4375,21.2
48.44166667,21.2
48.44583333,21.2
48.45,21.1
48.45416667,21.1
48.45833333,21.1
48.4625,21
48.46666667,21
48.47083333,21
48.475,20.9
48.47916667,20.9
48.48333333,20.9
48.4875,20.9
48.49166667,20.9
48.49583333,20.9
48.5,20.9
48.50416667,20.9
48.50833333,20.9
48.5125,20.9
48.51666667,20.9
48.52083333,20.9
48.525,20.8
48.52916667,20.8
48.53333333,20.8
48.5375,20.8
48.54166667,20.8
48.54583333,20.8
48.55,20.8
48.55416667,20.8
48.55833333,20.8
48.5625,20.8
48.56666667,20.7
48.57083333,20.7
48.575,20.7
48.57916667,20.6
48.58333333,20.7
48.5875,20.7
48.59166667,20.7
48.59583333,20.7
48.6,20.7
48.60416667,20.7
48.60833333,20.7
48.6125,20.7
48.61666667,20.7
48.62083333,20.6
48.625,20.6
48.62916667,20.5
48.63333333,20.5
48.6375,20.5
48.64166667,20.6
48.64583333,20.6
48.65,20.7
48.65416667,20.6
48.65833333,20.6
48.6625,20.6
48.66666667,20.6
48.67083333,20.6
48.675,20.6
48.67916667,20.6
48.68333333,20.6
48.6875,20.7
48.69166667,20.7
48.69583333,20.7
48.7,20.7
48.70416667,20.8
48.70833333,20.8
48.7125,20.9
48.71666667,21
48.72083333,21.1
48.725,21
48.72916667,21
48.73333333,21
48.7375,21
48.74166667,20.9
48.74583333,20.9
48.75,20.9
48.75416667,21.1
48.75833333,21
48.7625,21
48.76666667,21.1
48.77083333,21.1
48.775,21.1
48.77916667,21.2
48.78333333,21.3
48.7875,21.3
48.79166667,21.2
48.79583333,21.2
48.8,21.2
48.80416667,21.4
48.80833333,21.4
48.8125,21.5
48.81666667,21.5
48.82083333,21.5
48.825,21.6
48.82916667,21.7
48.83333333,21.8
48.8375,21.8
48.84166667,21.9
48.84583333,21.9
48.85,21.9
48.85416667,21.9
48.85833333,21.9
48.8625,21.9
48.86666667,21.9
48.87083333,21.8
48.875,21.8
48.87916667,21.8
48.88333333,21.8
48.8875,21.8
48.89166667,21.8
48.89583333,21.8
48.9,21.8
48.90416667,21.8
48.90833333,21.6
48.9125,21.6
48.91666667,21.5
48.92083333,21.5
48.925,21.5
48.92916667,21.6
48.93333333,21.6
48.9375,21.7
48.94166667,21.7
48.94583333,21.7
48.95,21.5
48.95416667,21.6
48.95833333,21.6
48.9625,21.6
48.96666667,21.4
48.97083333,21.3
48.975,21.4
48.97916667,21.4
48.98333333,21.2
48.9875,21.3
48.99166667,21.3
48.99583333,21.4
49,21.5
49.00416667,21.5
49.00833333,21.5
49.0125,21.5
49.01666667,21.4
49.02083333,21.4
49.025,21.3
49.02916667,21.3
49.03333333,21.2
49.0375,21.1
49.04166667,21.1
49.04583333,21.1
49.05,21.1
49.05416667,21
49.05833333,21
49.0625,21.1
49.06666667,21.1
49.07083333,20.9
49.075,20.8
49.07916667,20.9
49.08333333,21.1
49.0875,21.1
49.09166667,21.2
49.09583333,21.1
49.1,21.1
49.10416667,21.1
49.10833333,21
49.1125,21
49.11666667,21
49.12083333,21
49.125,21
49.12916667,21.1
49.13333333,21.1
49.1375,21
49.14166667,21
49.14583333,21
49.15,21
49.15416667,21.1
49.15833333,21.1
49.1625,21.1
49.16666667,21.2
49.17083333,21.2
49.175,21.2
49.17916667,21.2
49.18333333,21.2
49.1875,21.2
49.19166667,21.2
49.19583333,21.1
49.2,21.1
49.20416667,21.1
49.20833333,21.1
49.2125,21.1
49.21666667,21.1
49.22083333,21.1
49.225,21.1
49.22916667,21.1
49.23333333,21.1
49.2375,21.1
49.24166667,21.1
49.24583333,21.1
49.25,21.1
49.25416667,21.1
49.25833333,21.1
49.2625,21.1
49.26666667,21.1
49.27083333,21.1
49.275,21.1
49.27916667,21.1
49.28333333,21
49.2875,21
49.29166667,21
49.29583333,21.1
49.3,21.1
49.30416667,21.1
49.30833333,21.1
49.3125,21.1
49.31666667,21.1
49.32083333,21.1
49.325,21.1
49.32916667,21.1
49.33333333,21.1
49.3375,21.1
49.34166667,21.1
49.34583333,21.1
49.35,21.1
49.35416667,21.1
49.35833333,21.1
49.3625,21.1
49.36666667,21.1
49.37083333,21
49.375,21
49.37916667,21
49.38333333,21.1
49.3875,21
49.39166667,21
49.39583333,21
49.4,21
49.40416667,20.9
49.40833333,20.9
49.4125,20.9
49.41666667,21
49.42083333,21
49.425,21
49.42916667,21
49.43333333,21
49.4375,21
49.44166667,21
49.44583333,20.9
49.45,20.7
49.45416667,20.6
49.45833333,20.6
49.4625,20.6
49.46666667,20.6
49.47083333,20.6
49.475,20.6
49.47916667,20.6
49.48333333,20.6
49.4875,20.6
49.49166667,20.7
49.49583333,20.6
49.5,20.5
49.50416667,20.4
49.50833333,20.3
49.5125,20.3
49.51666667,20.3
49.52083333,20.3
49.525,20.4
49.52916667,20.4
49.53333333,20.4
49.5375,20.4
49.54166667,20.4
49.54583333,20.3
49.55,20.3
49.55416667,20.3
49.55833333,20.3
49.5625,20.4
49.56666667,20.4
49.57083333,20.4
49.575,20.4
49.57916667,20.3
49.58333333,20.2
49.5875,20.2
49.59166667,20.2
49.59583333,20.2
49.6,20.2
49.60416667,20.2
49.60833333,20.2
49.6125,20.2
49.61666667,20.2
49.62083333,20.2
49.625,20.2
49.62916667,20.2
49.63333333,20.2
49.6375,20.2
49.64166667,20.2
49.64583333,20.2
49.65,20.2
49.65416667,20.3
49.65833333,20.3
49.6625,20.3
49.66666667,20.3
49.67083333,20.4
49.675,20.4
49.67916667,20.4
49.68333333,20.4
49.6875,20.3
49.69166667,20.3
49.69583333,20.2
49.7,20.2
49.70416667,20.2
49.70833333,20.3
49.7125,20.2
49.71666667,20.2
49.72083333,20.3
49.725,20.3
49.72916667,20.3
49.73333333,20.4
49.7375,20.4
49.74166667,20.3
49.74583333,20.3
49.75,20.3
49.75416667,20.3
49.75833333,20.3
49.7625,20.3
49.76666667,20.3
49.77083333,20.3
49.775,20.3
49.77916667,20.3
49.78333333,20.4
49.7875,20.4
49.79166667,20.4
49.79583333,20.4
49.8,20.5
49.80416667,20.5
49.80833333,20.5
49.8125,20.6
49.81666667,20.6
49.82083333,20.6
49.825,20.7
49.82916667,20.7
49.83333333,20.8
49.8375,20.8
49.84166667,20.9
49.84583333,21
49.85,21.1
49.85416667,21.1
49.85833333,21.2
49.8625,21.2
49.86666667,21.2
49.87083333,21.3
49.875,21.3
49.87916667,21.3
49.88333333,21.3
49.8875,21.4
49.89166667,21.4
49.89583333,21.5
49.9,21.5
49.90416667,21.5
49.90833333,21.5
49.9125,21.5
49.91666667,21.5
49.92083333,21.5
49.925,21.5
49.92916667,21.5
49.93333333,21.5
49.9375,21.5
49.94166667,21.5
49.94583333,21.5
49.95,21.5
49.95416667,21.5
49.95833333,21.5
49.9625,21.4
49.96666667,21.4
49.97083333,21.3
49.975,21.2
49.97916667,21
49.98333333,20.7
49.9875,20.6
49.99166667,20.7
49.99583333,20.9
50,21.1
50.00416667,21.2
50.00833333,21.2
50.0125,21.2
50.01666667,21.2
50.02083333,21.2
50.025,21.2
50.02916667,21.2
50.03333333,21.2
50.0375,21.1
50.04166667,20.8
50.04583333,20.8
50.05,20.7
50.05416667,20.7
50.05833333,20.7
50.0625,20.8
50.06666667,20.9
50.07083333,21
50.075,20.9
50.07916667,20.8
50.08333333,20.5
50.0875,20.4
50.09166667,20.3
50.09583333,20.3
50.1,20.1
50.10416667,19.8
50.10833333,19.8
50.1125,20.2
50.11666667,20.4
50.12083333,20.5
50.125,20.7
50.12916667,20.8
50.13333333,20.9
50.1375,20.8
50.14166667,20.8
50.14583333,20.8
50.15,20.8
50.15416667,20.8
50.15833333,20.7
50.1625,20.7
50.16666667,20.7
50.17083333,20.8
50.175,20.8
50.17916667,20.6
50.18333333,20.5
50.1875,20.5
50.19166667,20.5
50.19583333,20.6
50.2,20.6
50.20416667,20.6
50.20833333,20.6
50.2125,20.5
50.21666667,20.5
50.22083333,20.5
50.225,20.5
50.22916667,20.5
50.23333333,20.6
50.2375,20.6
50.24166667,20.6
50.24583333,20.6
50.25,20.7
50.25416667,20.7
50.25833333,20.7
50.2625,20.7
50.26666667,20.7
50.27083333,20.7
50.275,20.7
50.27916667,20.7
50.28333333,20.7
50.2875,20.6
50.29166667,20.5
50.29583333,20.4
50.3,20.4
50.30416667,20.4
50.30833333,20.4
50.3125,20.4
50.31666667,20.4
50.32083333,20.5
50.325,20.5
50.32916667,20.6
50.33333333,20.6
50.3375,20.7
50.34166667,20.7
50.34583333,20.7
50.35,20.7
50.35416667,20.7
50.35833333,20.7
50.3625,20.7
50.36666667,20.7
50.37083333,20.7
50.375,20.7
50.37916667,20.7
50.38333333,20.7
50.3875,20.6
50.39166667,20.5
50.39583333,20.5
50.4,20.5
50.40416667,20.5
50.40833333,20.5
50.4125,20.5
50.41666667,20.5
50.42083333,20.4
50.425,20.4
50.42916667,20.4
50.43333333,20.4
50.4375,20.5
50.44166667,20.5
50.44583333,20.6
50.45,20.6
50.45416667,20.7
50.45833333,20.6
50.4625,20.6
50.46666667,20.7
50.47083333,20.7
50.475,20.7
50.47916667,20.7
50.48333333,20.7
50.4875,20.8
50.49166667,20.9
50.49583333,20.9
50.5,21
50.50416667,21.1
50.50833333,21.1
50.5125,21.2
50.51666667,21.2
50.52083333,21.2
50.525,21.2
50.52916667,21.1
50.53333333,20.8
50.5375,20.7
50.54166667,20.5
50.54583333,20.4
50.55,20.2
50.55416667,20.1
50.55833333,20.1
50.5625,20
50.56666667,20
50.57083333,19.9
50.575,19.9
50.57916667,19.8
50.58333333,19.8
50.5875,19.8
50.59166667,19.8
50.59583333,19.9
50.6,20
50.60416667,20.1
50.60833333,20.1
50.6125,20
50.61666667,19.9
50.62083333,19.9
50.625,19.9
50.62916667,19.9
50.63333333,19.9
50.6375,19.9
50.64166667,19.9
50.64583333,19.9
50.65,19.9
50.65416667,19.9
50.65833333,19.9
50.6625,19.9
50.66666667,19.8
50.67083333,19.8
50.675,19.7
50.67916667,19.8
50.68333333,19.8
50.6875,19.7
50.69166667,19.8
50.69583333,19.8
50.7,19.9
50.70416667,19.8
50.70833333,19.8
50.7125,19.8
50.71666667,19.8
50.72083333,19.8
50.725,19.8
50.72916667,19.8
50.73333333,19.8
50.7375,19.8
50.74166667,19.9
50.74583333,19.9
50.75,19.9
50.75416667,20
50.75833333,20
50.7625,20
50.76666667,19.9
50.77083333,19.9
50.775,20
50.77916667,20
50.78333333,20
50.7875,20
50.79166667,20
50.79583333,20.1
50.8,20.2
50.80416667,20.3
50.80833333,20.3
50.8125,20.4
50.81666667,20.4
50.82083333,20.4
50.825,20.5
50.82916667,20.5
50.83333333,20.5
50.8375,20.6
50.84166667,20.6
50.84583333,20.7
50.85,20.6
50.85416667,20.6
50.85833333,20.6
50.8625,20.6
50.86666667,20.6
50.87083333,20.7
50.875,20.7
50.87916667,20.6
50.88333333,20.5
50.8875,20.5
50.89166667,20.6
50.89583333,20.6
50.9,20.7
50.90416667,20.8
50.90833333,20.9
50.9125,20.9
50.91666667,21
50.92083333,21
50.925,21
50.92916667,21
50.93333333,21.1
50.9375,21.1
50.94166667,21.1
50.94583333,21.1
50.95,21.1
50.95416667,21.1
50.95833333,21.1
50.9625,21.1
50.96666667,21.1
50.97083333,21.1
50.975,21.1
50.97916667,21.1
50.98333333,21.1
50.9875,21.1
50.99166667,21.1
50.99583333,21.1
51,21
51.00416667,21
51.00833333,21
51.0125,21
51.01666667,20.8
51.02083333,20.3
51.025,20
51.02916667,19.8
51.03333333,19.6
51.0375,19.6
51.04166667,19.6
51.04583333,19.7
51.05,19.9
51.05416667,20
51.05833333,20.1
51.0625,20.2
51.06666667,20.2
51.07083333,20.3
51.075,20.3
51.07916667,20.3
51.08333333,20.3
51.0875,20.2
51.09166667,20.2
51.09583333,20.2
51.1,20.1
51.10416667,20.1
51.10833333,20.1
51.1125,20
51.11666667,20
51.12083333,19.9
51.125,19.8
51.12916667,19.8
51.13333333,19.8
51.1375,19.8
51.14166667,19.9
51.14583333,19.9
51.15,19.9
51.15416667,20
51.15833333,20
51.1625,20.1
51.16666667,20
51.17083333,19.9
51.175,19.9
51.17916667,19.9
51.18333333,19.9
51.1875,19.9
51.19166667,19.9
51.19583333,19.9
51.2,20
51.20416667,20
51.20833333,20
51.2125,20
51.21666667,20
51.22083333,20.1
51.225,20.1
51.22916667,20.1
51.23333333,20
51.2375,20
51.24166667,20.1
51.24583333,20.1
51.25,20.1
51.25416667,20.1
51.25833333,20.1
51.2625,20.1
51.26666667,20.1
51.27083333,20.1
51.275,20.1
51.27916667,20.1
51.28333333,20.1
51.2875,20.1
51.29166667,20.2
51.29583333,20.2
51.3,20.2
51.30416667,20.2
51.30833333,20.2
51.3125,20.2
51.31666667,20.2
51.32083333,20.2
51.325,20.2
51.32916667,20.2
51.33333333,20.3
51.3375,20.3
51.34166667,20.3
51.34583333,20.3
51.35,20.3
51.35416667,20.3
51.35833333,20.3
51.3625,20.3
51.36666667,20.3
51.37083333,20.3
51.375,20.3
51.37916667,20.3
51.38333333,20.3
51.3875,20.3
51.39166667,20.3
51.39583333,20.2
51.4,20.2
51.40416667,20.2
51.40833333,20.1
51.4125,20.1
51.41666667,20.1
51.42083333,20.1
51.425,20.1
51.42916667,20.1
51.43333333,20.1
51.4375,20.1
51.44166667,20.1
51.44583333,20.1
51.45,20.2
51.45416667,20.3
51.45833333,20.4
51.4625,20.4
51.46666667,20.5
51.47083333,20.6
51.475,20.7
51.47916667,20.9
51.48333333,21
51.4875,21
51.49166667,21
51.49583333,21
51.5,21
51.50416667,21
51.50833333,21
51.5125,21
51.51666667,21
51.52083333,21.1
51.525,21.1
51.52916667,21.1
51.53333333,21.1
51.5375,21.1
51.54166667,21.1
51.54583333,21.1
51.55,21.1
51.55416667,21.1
51.55833333,21.1
51.5625,21.1
51.56666667,21.1
51.57083333,21.1
51.575,21.1
51.57916667,21.1
51.58333333,21.1
51.5875,20.9
51.59166667,20.7
51.59583333,20.5
51.6,20.5
51.60416667,20.4
51.60833333,20.2
51.6125,20.1
51.61666667,20
51.62083333,20
51.625,19.9
51.62916667,19.9
51.63333333,19.9
51.6375,19.8
51.64166667,19.8
51.64583333,19.8
51.65,19.8
51.65416667,19.8
51.65833333,19.7
51.6625,19.7
51.66666667,19.6
51.67083333,19.6
51.675,19.6
51.67916667,19.5
51.68333333,19.5
51.6875,19.4
51.69166667,19.4
51.69583333,19.4
51.7,19.4
51.70416667,19.5
51.70833333,19.5
51.7125,19.5
51.71666667,19.5
51.72083333,19.6
51.725,19.7
51.72916667,19.8
51.73333333,19.9
51.7375,20
51.74166667,20
51.74583333,20.1
51.75,20.1
51.75416667,20
51.75833333,20
51.7625,20
51.76666667,20
51.77083333,20.1
51.775,20.2
51.77916667,20.4
51.78333333,20.4
51.7875,20.5
51.79166667,20.5
51.79583333,20.5
51.8,20.5
51.80416667,20.5
51.80833333,20.5
51.8125,20.6
51.81666667,20.6
51.82083333,20.6
51.825,20.6
51.82916667,20.6
51.83333333,20.7
51.8375,20.7
51.84166667,20.7
51.84583333,20.8
51.85,20.8
51.85416667,20.8
51.85833333,20.9
51.8625,20.9
51.86666667,20.9
51.87083333,20.9
51.875,20.9
51.87916667,20.8
51.88333333,20.8
51.8875,20.8
51.89166667,20.7
51.89583333,20.8
51.9,20.8
51.90416667,20.8
51.90833333,20.7
51.9125,20.7
51.91666667,20.7
51.92083333,20.7
51.925,20.8
51.92916667,20.9
51.93333333,21
51.9375,21.1
51.94166667,21.1
51.94583333,21.1
51.95,21.1
51.95416667,21.2
51.95833333,21.2
51.9625,21.2
51.96666667,21.2
51.97083333,21.2
51.975,21.2
51.97916667,21.2
51.98333333,21.2
51.9875,21.1
51.99166667,21.2
51.99583333,21.1
52,21.1
52.00416667,21.1
52.00833333,21.1
52.0125,21.1
52.01666667,21.1
52.02083333,21.1
52.025,21.1
52.02916667,21.1
52.03333333,21.1
52.0375,21.1
52.04166667,21.1
52.04583333,21
52.05,20.8
52.05416667,20.8
52.05833333,20.8
52.0625,20.9
52.06666667,20.9
52.07083333,20.8
52.075,20.8
52.07916667,20.7
52.08333333,20.7
52.0875,20.7
52.09166667,20.6
52.09583333,20.6
52.1,20.7
52.10416667,20.7
52.10833333,20.6
52.1125,20.4
52.11666667,20.2
52.12083333,20.3
52.125,20.4
52.12916667,20.4
52.13333333,20.3
52.1375,20.3
52.14166667,20.3
52.14583333,20.3
52.15,20.2
52.15416667,20.1
52.15833333,20
52.1625,19.8
52.16666667,19.9
52.17083333,19.9
52.175,19.9
52.17916667,20.1
52.18333333,20.3
52.1875,20.3
52.19166667,20.3
52.19583333,20.2
52.2,20.2
52.20416667,20.2
52.20833333,20.2
52.2125,20.2
52.21666667,20.2
52.22083333,20.2
52.225,20.2
52.22916667,20.3
52.23333333,20.3
52.2375,20.4
52.24166667,20.4
52.24583333,20.4
52.25,20.4
52.25416667,20.4
52.25833333,20.4
52.2625,20.4
52.26666667,20.4
52.27083333,20.4
52.275,20.4
52.27916667,20.4
52.28333333,20.4
52.2875,20.4
52.29166667,20.4
52.29583333,20.4
52.3,20.4
52.30416667,20.4
52.30833333,20.4
52.3125,20.3
52.31666667,20.3
52.32083333,20.3
52.325,20.3
52.32916667,20.3
52.33333333,20.3
52.3375,20.3
52.34166667,20.3
52.34583333,20.3
52.35,20.3
52.35416667,20.3
52.35833333,20.3
52.3625,20.3
52.36666667,20.3
52.37083333,20.3
52.375,20.4
52.37916667,20.4
52.38333333,20.4
52.3875,20.4
52.39166667,20.4
52.39583333,20.4
52.4,20.4
52.40416667,20.4
52.40833333,20.4
52.4125,20.3
52.41666667,20.3
52.42083333,20.3
52.425,20.3
52.42916667,20.3
52.43333333,20.3
52.4375,20.3
52.44166667,20.3
52.44583333,20.3
52.45,20.3
52.45416667,20.3
52.45833333,20.3
52.4625,20.3
52.46666667,20.4
52.47083333,20.4
52.475,20.4
52.47916667,20.5
52.48333333,20.5
52.4875,20.6
52.49166667,20.6
52.49583333,20.7
52.5,20.8
52.50416667,20.8
52.50833333,20.8
52.5125,20.9
52.51666667,21
52.52083333,21
52.525,21.1
52.52916667,21.1
52.53333333,21.1
52.5375,21.1
52.54166667,21.1
52.54583333,21.1
52.55,21.1
52.55416667,21
52.55833333,21
52.5625,21
52.56666667,21
52.57083333,21
52.575,21
52.57916667,21
52.58333333,21
52.5875,21
52.59166667,21
52.59583333,21
52.6,21
52.60416667,21
52.60833333,20.7
52.6125,20.5
52.61666667,20.4
52.62083333,20.3
52.625,20.2
52.62916667,20.1
52.63333333,20
52.6375,19.9
52.64166667,19.9
52.64583333,19.8
52.65,19.8
52.65416667,19.8
52.65833333,19.7
52.6625,19.6
52.66666667,19.6
52.67083333,19.5
52.675,19.5
52.67916667,19.4
52.68333333,19.4
52.6875,19.4
52.69166667,19.4
52.69583333,19.5
52.7,19.5
52.70416667,19.6
52.70833333,19.6
52.7125,19.6
52.71666667,19.6
52.72083333,19.6
52.725,19.6
52.72916667,19.6
52.73333333,19.6
52.7375,19.7
52.74166667,19.8
52.74583333,19.9
52.75,19.9
52.75416667,20
52.75833333,19.9
52.7625,19.9
52.76666667,20
52.77083333,20
52.775,20
52.77916667,20.1
52.78333333,20.2
52.7875,20.3
52.79166667,20.4
52.79583333,20.4
52.8,20.5
52.80416667,20.5
52.80833333,20.6
52.8125,20.6
52.81666667,20.6
52.82083333,20.7
52.825,20.7
52.82916667,20.7
52.83333333,20.8
52.8375,20.8
52.84166667,20.8
52.84583333,20.8
52.85,20.8
52.85416667,20.8
52.85833333,20.8
52.8625,20.8
52.86666667,20.8
52.87083333,20.9
52.875,20.9
52.87916667,20.9
52.88333333,20.9
52.8875,20.9
52.89166667,20.9
52.89583333,21
52.9,21
52.90416667,21
52.90833333,21
52.9125,20.9
52.91666667,20.9
52.92083333,20.7
52.925,20.7
52.92916667,20.7
52.93333333,20.8
52.9375,20.9
52.94166667,20.9
52.94583333,20.9
52.95,20.9
52.95416667,20.9
52.95833333,20.9
52.9625,20.9
52.96666667,20.9
52.97083333,21
52.975,21
52.97916667,21
52.98333333,21.1
52.9875,21.1
52.99166667,21.1
52.99583333,21.1
53,21.2
53.00416667,21.2
53.00833333,21.2
53.0125,21.1
53.01666667,21.1
53.02083333,21.1
53.025,21.1
53.02916667,21.1
53.03333333,21.1
53.0375,21.1
53.04166667,21.1
53.04583333,21.1
53.05,21.1
53.05416667,21.1
53.05833333,21.1
53.0625,21.1
53.06666667,21
53.07083333,21
53.075,20.9
53.07916667,20.8
53.08333333,20.8
53.0875,20.7
53.09166667,20.7
53.09583333,20.6
53.1,20.6
53.10416667,20.6
53.10833333,20.6
53.1125,20.6
53.11666667,20.6
53.12083333,20.5
53.125,20.4
53.12916667,20.4
53.13333333,20.3
53.1375,20.4
53.14166667,20.3
53.14583333,20.2
53.15,20.2
53.15416667,20.2
53.15833333,20.1
53.1625,20
53.16666667,19.8
53.17083333,19.7
53.175,19.6
53.17916667,19.5
53.18333333,19.5
53.1875,19.5
53.19166667,19.5
53.19583333,19.5
53.2,19.6
53.20416667,19.7
53.20833333,19.9
53.2125,20
53.21666667,20.1
53.22083333,20.1
53.225,20.1
53.22916667,20.1
53.23333333,20.1
53.2375,20.1
53.24166667,20.2
53.24583333,20.2
53.25,20.3
53.25416667,20.3
53.25833333,20.3
53.2625,20.4
53.26666667,20.4
53.27083333,20.3
53.275,20.3
53.27916667,20.4
53.28333333,20.4
53.2875,20.4
53.29166667,20.4
53.29583333,20.4
53.3,20.4
53.30416667,20.4
53.30833333,20.4
53.3125,20.4
53.31666667,20.4
53.32083333,20.4
53.325,20.4
53.32916667,20.4
53.33333333,20.4
53.3375,20.4
53.34166667,20.4
53.34583333,20.4
53.35,20.4
53.35416667,20.4
53.35833333,20.5
53.3625,20.5
53.36666667,20.5
53.37083333,20.5
53.375,20.5
53.37916667,20.5
53.38333333,20.5
53.3875,20.5
53.39166667,20.4
53.39583333,20.4
53.4,20.4
53.40416667,20.4
53.40833333,20.4
53.4125,20.4
53.41666667,20.4
53.42083333,20.4
53.425,20.4
53.42916667,20.4
53.43333333,20.4
53.4375,20.4
53.44166667,20.4
53.44583333,20.4
53.45,20.3
53.45416667,20.3
53.45833333,20.3
53.4625,20.3
53.46666667,20.3
53.47083333,20.3
53.475,20.3
53.47916667,20.3
53.48333333,20.3
53.4875,20.3
53.49166667,20.4
53.49583333,20.4
53.5,20.5
53.50416667,20.5
53.50833333,20.6
53.5125,20.6
53.51666667,20.7
53.52083333,20.7
53.525,20.8
53.52916667,20.8
53.53333333,20.8
53.5375,20.9
53.54166667,20.9
53.54583333,20.9
53.55,20.9
53.55416667,20.9
53.55833333,20.9
53.5625,20.9
53.56666667,20.9
53.57083333,20.9
53.575,20.8
53.57916667,20.8
53.58333333,20.8
53.5875,20.7
53.59166667,20.7
53.59583333,20.6
53.6,20.6
53.60416667,20.5
53.60833333,20.5
53.6125,20.5
53.61666667,20.6
53.62083333,20.7
53.625,20.7
53.62916667,20.6
53.63333333,20.4
53.6375,20.2
53.64166667,20.2
53.64583333,20.2
53.65,20.2
53.65416667,20.3
53.65833333,20.3
53.6625,20.2
53.66666667,20
53.67083333,19.8
53.675,19.7
53.67916667,19.6
53.68333333,19.5
53.6875,19.4
53.69166667,19.3
53.69583333,19.3
53.7,19.3
53.70416667,19.3
53.70833333,19.3
53.7125,19.4
53.71666667,19.4
53.72083333,19.4
53.725,19.3
53.72916667,19.3
53.73333333,19.4
53.7375,19.5
53.74166667,19.6
53.74583333,19.7
53.75,19.8
53.75416667,19.8
53.75833333,19.8
53.7625,19.8
53.76666667,19.8
53.77083333,19.8
53.775,19.9
53.77916667,20
53.78333333,19.9
53.7875,19.9
53.79166667,19.9
53.79583333,19.9
53.8,20
53.80416667,20.2
53.80833333,20.3
53.8125,20.4
53.81666667,20.4
53.82083333,20.4
53.825,20.4
53.82916667,20.4
53.83333333,20.4
53.8375,20.4
53.84166667,20.5
53.84583333,20.5
53.85,20.6
53.85416667,20.6
53.85833333,20.6
53.8625,20.6
53.86666667,20.7
53.87083333,20.7
53.875,20.8
53.87916667,20.8
53.88333333,20.8
53.8875,20.9
53.89166667,20.9
53.89583333,20.9
53.9,20.9
53.90416667,20.9
53.90833333,20.9
53.9125,21
53.91666667,21
53.92083333,21
53.925,21.1
53.92916667,21
53.93333333,21
53.9375,20.9
53.94166667,20.8
53.94583333,20.7
53.95,20.7
53.95416667,20.7
53.95833333,20.7
53.9625,20.7
53.96666667,20.7
53.97083333,20.7
53.975,20.6
53.97916667,20.5
53.98333333,20.6
53.9875,20.6
53.99166667,20.6
53.99583333,20.6
54,20.5
54.00416667,20.5
54.00833333,20.6
54.0125,20.6
54.01666667,20.6
54.02083333,20.6
54.025,20.7
54.02916667,20.7
54.03333333,20.8
54.0375,20.9
54.04166667,20.9
54.04583333,21
54.05,21
54.05416667,21.1
54.05833333,21.1
54.0625,21.1
54.06666667,21.1
54.07083333,21.1
54.075,21.1
54.07916667,21.1
54.08333333,21.1
54.0875,21.1
54.09166667,21
54.09583333,21
54.1,20.9
54.10416667,20.8
54.10833333,20.7
54.1125,20.6
54.11666667,20.6
54.12083333,20.5
54.125,20.5
54.12916667,20.4
54.13333333,20.4
54.1375,20.4
54.14166667,20.3
54.14583333,20.3
54.15,20.3
54.15416667,20.3
54.15833333,20.3
54.1625,20.3
54.16666667,20.3
54.17083333,20.2
54.175,20
54.17916667,20
54.18333333,20.1
54.1875,20.3
54.19166667,20.3
54.19583333,20.2
54.2,20.1
54.20416667,19.9
54.20833333,19.8
54.2125,19.8
54.21666667,19.8
54.22083333,20
54.225,20
54.22916667,20
54.23333333,20
54.2375,20
54.24166667,20
54.24583333,20
54.25,20
54.25416667,20
54.25833333,20
54.2625,20
54.26666667,20.1
54.27083333,20.2
54.275,20.3
54.27916667,20.3
54.28333333,20.3
54.2875,20.2
54.29166667,20.2
54.29583333,20.1
54.3,20.1
54.30416667,20.1
54.30833333,20.1
54.3125,20.1
54.31666667,20.1
54.32083333,20.2
54.325,20.2
54.32916667,20.2
54.33333333,20.3
54.3375,20.3
54.34166667,20.3
54.34583333,20.3
54.35,20.4
54.35416667,20.4
54.35833333,20.4
54.3625,20.5
54.36666667,20.5
54.37083333,20.4
54.375,20.4
54.37916667,20.4
54.38333333,20.4
54.3875,20.4
54.39166667,20.4
54.39583333,20.4
54.4,20.4
54.40416667,20.4
54.40833333,20.4
54.4125,20.3
54.41666667,20.3
54.42083333,20.3
54.425,20.3
54.42916667,20.3
54.43333333,20.3
54.4375,20.3
54.44166667,20.3
54.44583333,20.2
54.45,20.2
54.45416667,20.1
54.45833333,20.1
54.4625,20.2
54.46666667,20.2
54.47083333,20.2
54.475,20.2
54.47916667,20.3
54.48333333,20.2
54.4875,20.3
54.49166667,20.3
54.49583333,20.3
54.5,20.3
54.50416667,20.3
54.50833333,20.4
54.5125,20.4
54.51666667,20.5
54.52083333,20.4
54.525,20.5
54.52916667,20.5
54.53333333,20.5
54.5375,20.5
54.54166667,20.6
54.54583333,20.7
54.55,20.8
54.55416667,20.9
54.55833333,20.9
54.5625,21
54.56666667,21
54.57083333,21
54.575,21
54.57916667,21
54.58333333,21
54.5875,20.9
54.59166667,20.9
54.59583333,20.9
54.6,20.9
54.60416667,20.9
54.60833333,20.9
54.6125,20.9
54.61666667,20.9
54.62083333,20.9
54.625,20.8
54.62916667,20.8
54.63333333,20.6
54.6375,20.5
54.64166667,20.4
54.64583333,20.2
54.65,20.1
54.65416667,20.1
54.65833333,20
54.6625,19.9
54.66666667,19.9
54.67083333,19.9
54.675,19.8
54.67916667,19.8
54.68333333,19.8
54.6875,19.7
54.69166667,19.7
54.69583333,19.6
54.7,19.5
54.70416667,19.4
54.70833333,19.3
54.7125,19.3
54.71666667,19.3
54.72083333,19.4
54.725,19.4
54.72916667,19.5
54.73333333,19.5
54.7375,19.5
54.74166667,19.5
54.74583333,19.5
54.75,19.6
54.75416667,19.7
54.75833333,19.8
54.7625,19.9
54.76666667,20
54.77083333,20
54.775,20.1
54.77916667,20.2
54.78333333,20.2
54.7875,20.2
54.79166667,20.2
54.79583333,20.1
54.8,20.2
54.80416667,20.2
54.80833333,20.2
54.8125,20.3
54.81666667,20.3
54.82083333,20.3
54.825,20.3
54.82916667,20.3
54.83333333,20.2
54.8375,20.2
54.84166667,20.3
54.84583333,20.3
54.85,20.4
54.85416667,20.5
54.85833333,20.5
54.8625,20.6
54.86666667,20.6
54.87083333,20.6
54.875,20.6
54.87916667,20.6
54.88333333,20.6
54.8875,20.6
54.89166667,20.6
54.89583333,20.5
54.9,20.5
54.90416667,20.5
54.90833333,20.6
54.9125,20.5
54.91666667,20.4
54.92083333,20.4
54.925,20.5
54.92916667,20.5
54.93333333,20.6
54.9375,20.6
54.94166667,20.6
54.94583333,20.6
54.95,20.5
54.95416667,20.5
54.95833333,20.5
54.9625,20.6
54.96666667,20.8
54.97083333,20.9
54.975,20.9
54.97916667,20.9
54.98333333,20.9
54.9875,20.8
54.99166667,20.7
54.99583333,20.7
55,20.8
55.00416667,20.8
55.00833333,20.7
55.0125,20.7
55.01666667,20.8
55.02083333,20.9
55.025,20.9
55.02916667,20.9
55.03333333,20.9
55.0375,20.9
55.04166667,20.9
55.04583333,21
55.05,21
55.05416667,21
55.05833333,21.1
55.0625,21.1
55.06666667,21.1
55.07083333,21.1
55.075,21
55.07916667,21.1
55.08333333,21
55.0875,21
55.09166667,21
55.09583333,21
55.1,21
55.10416667,21
55.10833333,21
55.1125,21
55.11666667,21
55.12083333,21
55.125,20.9
55.12916667,20.9
55.13333333,20.8
55.1375,20.8
55.14166667,20.7
55.14583333,20.7
55.15,20.7
55.15416667,20.7
55.15833333,20.6
55.1625,20.5
55.16666667,20.4
55.17083333,20.4
55.175,20.3
55.17916667,20.2
55.18333333,20.1
55.1875,20
55.19166667,19.8
55.19583333,19.7
55.2,19.6
55.20416667,19.6
55.20833333,19.5
55.2125,19.5
55.21666667,19.5
55.22083333,19.6
55.225,19.6
55.22916667,19.5
55.23333333,19.5
55.2375,19.6
55.24166667,19.6
55.24583333,19.7
55.25,19.8
55.25416667,19.9
55.25833333,20
55.2625,20.1
55.26666667,20.1
55.27083333,20.1
55.275,20.1
55.27916667,20.1
55.28333333,20
55.2875,20
55.29166667,20
55.29583333,20
55.3,20
55.30416667,20
55.30833333,20
55.3125,20.1
55.31666667,20.1
55.32083333,20.1
55.325,20.1
55.32916667,20.2
55.33333333,20.2
55.3375,20.2
55.34166667,20.3
55.34583333,20.3
55.35,20.3
55.35416667,20.3
55.35833333,20.4
55.3625,20.4
55.36666667,20.4
55.37083333,20.4
55.375,20.4
55.37916667,20.4
55.38333333,20.4
55.3875,20.4
55.39166667,20.4
55.39583333,20.5
55.4,20.5
55.40416667,20.5
55.40833333,20.5
55.4125,20.5
55.41666667,20.6
55.42083333,20.6
55.425,20.6
55.42916667,20.5
55.43333333,20.5
55.4375,20.4
55.44166667,20.5
55.44583333,20.5
55.45,20.5
55.45416667,20.4
55.45833333,20.4
55.4625,20.4
55.46666667,20.4
55.47083333,20.4
55.475,20.4
55.47916667,20.4
55.48333333,20.4
55.4875,20.4
55.49166667,20.4
55.49583333,20.4
55.5,20.4
55.50416667,20.5
55.50833333,20.5
55.5125,20.5
55.51666667,20.5
55.52083333,20.4
55.525,20.4
55.52916667,20.4
55.53333333,20.5
55.5375,20.5
55.54166667,20.6
55.54583333,20.7
55.55,20.7
55.55416667,20.7
55.55833333,20.7
55.5625,20.7
55.56666667,20.6
55.57083333,20.6
55.575,20.6
55.57916667,20.6
55.58333333,20.6
55.5875,20.7
55.59166667,20.7
55.59583333,20.7
55.6,20.7
55.60416667,20.7
55.60833333,20.7
55.6125,20.7
55.61666667,20.7
55.62083333,20.7
55.625,20.7
55.62916667,20.6
55.63333333,20.6
55.6375,20.5
55.64166667,20.3
55.64583333,20.1
55.65,20
55.65416667,19.8
55.65833333,19.8
55.6625,19.8
55.66666667,19.7
55.67083333,19.7
55.675,19.7
55.67916667,19.6
55.68333333,19.6
55.6875,19.5
55.69166667,19.5
55.69583333,19.4
55.7,19.3
55.70416667,19.2
55.70833333,19.2
55.7125,19.1
55.71666667,19.2
55.72083333,19.1
55.725,19.1
55.72916667,19.1
55.73333333,19
55.7375,19.1
55.74166667,19.2
55.74583333,19.2
55.75,19.4
55.75416667,19.5
55.75833333,19.6
55.7625,19.7
55.76666667,19.8
55.77083333,19.8
55.775,19.9
55.77916667,19.9
55.78333333,19.9
55.7875,19.9
55.79166667,20
55.79583333,20
55.8,20
55.80416667,20
55.80833333,20
55.8125,20.1
55.81666667,20.2
55.82083333,20.3
55.825,20.3
55.82916667,20.3
55.83333333,20.1
55.8375,20.1
55.84166667,20.2
55.84583333,20.4
55.85,20.5
55.85416667,20.5
55.85833333,20.4
55.8625,20.4
55.86666667,20.5
55.87083333,20.6
55.875,20.7
55.87916667,20.7
55.88333333,20.7
55.8875,20.7
55.89166667,20.6
55.89583333,20.5
55.9,20.4
55.90416667,20.4
55.90833333,20.4
55.9125,20.4
55.91666667,20.4
55.92083333,20.4
55.925,20.5
55.92916667,20.5
55.93333333,20.5
55.9375,20.5
55.94166667,20.5
55.94583333,20.4
55.95,20.4
55.95416667,20.6
55.95833333,20.6
55.9625,20.6
55.96666667,20.6
55.97083333,20.6
55.975,20.7
55.97916667,20.6
55.98333333,20.6
55.9875,20.5
55.99166667,20.5
55.99583333,20.5
56.00000033,20.5
