$,
JDAY,     TDH
-4,8
-3.995833333,8
-3.991666666,8
-3.987499999,8
-3.983333332,8
-3.979166665,8
-3.974999998,8
-3.970833331,8
-3.966666664,8
-3.962499997,8
-3.95833333,8
-3.954166663,8
-3.949999996,8
-3.945833329,8
-3.941666662,8
-3.937499995,8
-3.933333328,8
-3.929166661,8
-3.924999994,8
-3.920833327,8
-3.91666666,8
-3.912499993,8
-3.908333326,8
-3.904166659,8
-3.899999992,8
-3.895833325,8
-3.891666658,8
-3.887499991,8
-3.883333324,8
-3.879166657,8
-3.87499999,8
-3.870833323,8
-3.866666656,8
-3.862499989,8
-3.858333322,8
-3.854166655,8
-3.849999988,8
-3.845833321,8
-3.841666654,8
-3.837499987,8
-3.83333332,8
-3.829166653,8
-3.824999986,8
-3.820833319,8
-3.816666652,8
-3.812499985,8
-3.808333318,8
-3.804166651,8
-3.799999984,8
-3.795833317,8
-3.79166665,8
-3.787499983,8
-3.783333316,8
-3.779166649,8
-3.774999982,8
-3.770833315,8
-3.766666648,8
-3.762499981,8
-3.758333314,8
-3.754166647,8
-3.74999998,8
-3.745833313,8
-3.741666646,8
-3.737499979,8
-3.733333312,8
-3.729166645,8
-3.724999978,8
-3.720833311,8
-3.716666644,8
-3.712499977,8
-3.70833331,8
-3.704166643,8
-3.699999976,8
-3.695833309,8
-3.691666642,8
-3.687499975,8
-3.683333308,8
-3.679166641,8
-3.674999974,8
-3.670833307,8
-3.66666664,8
-3.662499973,8
-3.658333306,8
-3.654166639,8
-3.649999972,8
-3.645833305,8
-3.641666638,8
-3.637499971,8
-3.633333304,8
-3.629166637,8
-3.62499997,8
-3.620833303,8
-3.616666636,8
-3.612499969,8
-3.608333302,8
-3.604166635,8
-3.599999968,8
-3.595833301,8
-3.591666634,8
-3.587499967,8
-3.5833333,8
-3.579166633,8
-3.574999966,8
-3.570833299,8
-3.566666632,8
-3.562499965,8
-3.558333298,8
-3.554166631,8
-3.549999964,8
-3.545833297,8
-3.54166663,8
-3.537499963,8
-3.533333296,8
-3.529166629,8
-3.524999962,8
-3.520833295,8
-3.516666628,8
-3.512499961,8
-3.508333294,8
-3.504166627,8
-3.49999996,8
-3.495833293,8
-3.491666626,8
-3.487499959,8
-3.483333292,8
-3.479166625,8
-3.474999958,8
-3.470833291,8
-3.466666624,8
-3.462499957,8
-3.45833329,8
-3.454166623,8
-3.449999956,8
-3.445833289,8
-3.441666622,8
-3.437499955,8
-3.433333288,8
-3.429166621,8
-3.424999954,8
-3.420833287,8
-3.41666662,8
-3.412499953,8
-3.408333286,8
-3.404166619,8
-3.399999952,8
-3.395833285,8
-3.391666618,8
-3.387499951,8
-3.383333284,8
-3.379166617,8
-3.37499995,8
-3.370833283,8
-3.366666616,8
-3.362499949,8
-3.358333282,8
-3.354166615,8
-3.349999948,8
-3.345833281,8
-3.341666614,8
-3.337499947,8
-3.33333328,8
-3.329166613,8
-3.324999946,8
-3.320833279,8
-3.316666612,8
-3.312499945,8
-3.308333278,8
-3.304166611,8
-3.299999944,8
-3.295833277,8
-3.29166661,8
-3.287499943,8
-3.283333276,8
-3.279166609,8
-3.274999942,8
-3.270833275,8
-3.266666608,8
-3.262499941,8
-3.258333274,8
-3.254166607,8
-3.24999994,8
-3.245833273,8
-3.241666606,8
-3.237499939,8
-3.233333272,8
-3.229166605,8
-3.224999938,8
-3.220833271,8
-3.216666604,8
-3.212499937,8
-3.20833327,8
-3.204166603,8
-3.199999936,8
-3.195833269,8
-3.191666602,8
-3.187499935,8
-3.183333268,8
-3.179166601,8
-3.174999934,8
-3.170833267,8
-3.1666666,8
-3.162499933,8
-3.158333266,8
-3.154166599,8
-3.149999932,8
-3.145833265,8
-3.141666598,8
-3.137499931,8
-3.133333264,8
-3.129166597,8
-3.12499993,8
-3.120833263,8
-3.116666596,8
-3.112499929,8
-3.108333262,8
-3.104166595,8
-3.099999928,8
-3.095833261,8
-3.091666594,8
-3.087499927,8
-3.08333326,8
-3.079166593,8
-3.074999926,8
-3.070833259,8
-3.066666592,8
-3.062499925,8
-3.058333258,8
-3.054166591,8
-3.049999924,8
-3.045833257,8
-3.04166659,8
-3.037499923,8
-3.033333256,8
-3.029166589,8
-3.024999922,8
-3.020833255,8
-3.016666588,8
-3.012499921,8
-3.008333254,8
-3.004166587,8
-2.99999992,8
-2.995833253,8
-2.991666586,8
-2.987499919,8
-2.983333252,8
-2.979166585,8
-2.974999918,8
-2.970833251,8
-2.966666584,8
-2.962499917,8
-2.95833325,8
-2.954166583,8
-2.949999916,8
-2.945833249,8
-2.941666582,8
-2.937499915,8
-2.933333248,8
-2.929166581,8
-2.924999914,8
-2.920833247,8
-2.91666658,8
-2.912499913,8
-2.908333246,8
-2.904166579,8
-2.899999912,8
-2.895833245,8
-2.891666578,8
-2.887499911,8
-2.883333244,8
-2.879166577,8
-2.87499991,8
-2.870833243,8
-2.866666576,8
-2.862499909,8
-2.858333242,8
-2.854166575,8
-2.849999908,8
-2.845833241,8
-2.841666574,8
-2.837499907,8
-2.83333324,8
-2.829166573,8
-2.824999906,8
-2.820833239,8
-2.816666572,8
-2.812499905,8
-2.808333238,8
-2.804166571,8
-2.799999904,8
-2.795833237,8
-2.79166657,8
-2.787499903,8
-2.783333236,8
-2.779166569,8
-2.774999902,8
-2.770833235,8
-2.766666568,8
-2.762499901,8
-2.758333234,8
-2.754166567,8
-2.7499999,8
-2.745833233,8
-2.741666566,8
-2.737499899,8
-2.733333232,8
-2.729166565,8
-2.724999898,8
-2.720833231,8
-2.716666564,8
-2.712499897,8
-2.70833323,8
-2.704166563,8
-2.699999896,8
-2.695833229,8
-2.691666562,8
-2.687499895,8
-2.683333228,8
-2.679166561,8
-2.674999894,8
-2.670833227,8
-2.66666656,8
-2.662499893,8
-2.658333226,8
-2.654166559,8
-2.649999892,8
-2.645833225,8
-2.641666558,8
-2.637499891,8
-2.633333224,8
-2.629166557,8
-2.62499989,8
-2.620833223,8
-2.616666556,8
-2.612499889,8
-2.608333222,8
-2.604166555,8
-2.599999888,8
-2.595833221,8
-2.591666554,8
-2.587499887,8
-2.58333322,8
-2.579166553,8
-2.574999886,8
-2.570833219,8
-2.566666552,8
-2.562499885,8
-2.558333218,8
-2.554166551,8
-2.549999884,8
-2.545833217,8
-2.54166655,8
-2.537499883,8
-2.533333216,8
-2.529166549,8
-2.524999882,8
-2.520833215,8
-2.516666548,8
-2.512499881,8
-2.508333214,8
-2.504166547,8
-2.49999988,8
-2.495833213,8
-2.491666546,8
-2.487499879,8
-2.483333212,8
-2.479166545,8
-2.474999878,8
-2.470833211,8
-2.466666544,8
-2.462499877,8
-2.45833321,8
-2.454166543,8
-2.449999876,8
-2.445833209,8
-2.441666542,8
-2.437499875,8
-2.433333208,8
-2.429166541,8
-2.424999874,8
-2.420833207,8
-2.41666654,8
-2.412499873,8
-2.408333206,8
-2.404166539,8
-2.399999872,8
-2.395833205,8
-2.391666538,8
-2.387499871,8
-2.383333204,8
-2.379166537,8
-2.37499987,8
-2.370833203,8
-2.366666536,8
-2.362499869,8
-2.358333202,8
-2.354166535,8
-2.349999868,8
-2.345833201,8
-2.341666534,8
-2.337499867,8
-2.3333332,8
-2.329166533,8
-2.324999866,8
-2.320833199,8
-2.316666532,8
-2.312499865,8
-2.308333198,8
-2.304166531,8
-2.299999864,8
-2.295833197,8
-2.29166653,8
-2.287499863,8
-2.283333196,8
-2.279166529,8
-2.274999862,8
-2.270833195,8
-2.266666528,8
-2.262499861,8
-2.258333194,8
-2.254166527,8
-2.24999986,8
-2.245833193,8
-2.241666526,8
-2.237499859,8
-2.233333192,8
-2.229166525,8
-2.224999858,8
-2.220833191,8
-2.216666524,8
-2.212499857,8
-2.20833319,8
-2.204166523,8
-2.199999856,8
-2.195833189,8
-2.191666522,8
-2.187499855,8
-2.183333188,8
-2.179166521,8
-2.174999854,8
-2.170833187,8
-2.16666652,8
-2.162499853,8
-2.158333186,8
-2.154166519,8
-2.149999852,8
-2.145833185,8
-2.141666518,8
-2.137499851,8
-2.133333184,8
-2.129166517,8
-2.12499985,8
-2.120833183,8
-2.116666516,8
-2.112499849,8
-2.108333182,8
-2.104166515,8
-2.099999848,8
-2.095833181,8
-2.091666514,8
-2.087499847,8
-2.08333318,8
-2.079166513,8
-2.074999846,8
-2.070833179,8
-2.066666512,8
-2.062499845,8
-2.058333178,8
-2.054166511,8
-2.049999844,8
-2.045833177,8
-2.04166651,8
-2.037499843,8
-2.033333176,8
-2.029166509,8
-2.024999842,8
-2.020833175,8
-2.016666508,8
-2.012499841,8
-2.008333174,8
-2.004166507,8
-1.99999984,8
-1.995833173,8
-1.991666506,8
-1.987499839,8
-1.983333172,8
-1.979166505,8
-1.974999838,8
-1.970833171,8
-1.966666504,8
-1.962499837,8
-1.95833317,8
-1.954166503,8
-1.949999836,8
-1.945833169,8
-1.941666502,8
-1.937499835,8
-1.933333168,8
-1.929166501,8
-1.924999834,8
-1.920833167,8
-1.9166665,8
-1.912499833,8
-1.908333166,8
-1.904166499,8
-1.899999832,8
-1.895833165,8
-1.891666498,8
-1.887499831,8
-1.883333164,8
-1.879166497,8
-1.87499983,8
-1.870833163,8
-1.866666496,8
-1.862499829,8
-1.858333162,8
-1.854166495,8
-1.849999828,8
-1.845833161,8
-1.841666494,8
-1.837499827,8
-1.83333316,8
-1.829166493,8
-1.824999826,8
-1.820833159,8
-1.816666492,8
-1.812499825,8
-1.808333158,8
-1.804166491,8
-1.799999824,8
-1.795833157,8
-1.79166649,8
-1.787499823,8
-1.783333156,8
-1.779166489,8
-1.774999822,8
-1.770833155,8
-1.766666488,8
-1.762499821,8
-1.758333154,8
-1.754166487,8
-1.74999982,8
-1.745833153,8
-1.741666486,8
-1.737499819,8
-1.733333152,8
-1.729166485,8
-1.724999818,8
-1.720833151,8
-1.716666484,8
-1.712499817,8
-1.70833315,8
-1.704166483,8
-1.699999816,8
-1.695833149,8
-1.691666482,8
-1.687499815,8
-1.683333148,8
-1.679166481,8
-1.674999814,8
-1.670833147,8
-1.66666648,8
-1.662499813,8
-1.658333146,8
-1.654166479,8
-1.649999812,8
-1.645833145,8
-1.641666478,8
-1.637499811,8
-1.633333144,8
-1.629166477,8
-1.62499981,8
-1.620833143,8
-1.616666476,8
-1.612499809,8
-1.608333142,8
-1.604166475,8
-1.599999808,8
-1.595833141,8
-1.591666474,8
-1.587499807,8
-1.58333314,8
-1.579166473,8
-1.574999806,8
-1.570833139,8
-1.566666472,8
-1.562499805,8
-1.558333138,8
-1.554166471,8
-1.549999804,8
-1.545833137,8
-1.54166647,8
-1.537499803,8
-1.533333136,8
-1.529166469,8
-1.524999802,8
-1.520833135,8
-1.516666468,8
-1.512499801,8
-1.508333134,8
-1.504166467,8
-1.4999998,8
-1.495833133,8
-1.491666466,8
-1.487499799,8
-1.483333132,8
-1.479166465,8
-1.474999798,8
-1.470833131,8
-1.466666464,8
-1.462499797,8
-1.45833313,8
-1.454166463,8
-1.449999796,8
-1.445833129,8
-1.441666462,8
-1.437499795,8
-1.433333128,8
-1.429166461,8
-1.424999794,8
-1.420833127,8
-1.41666646,8
-1.412499793,8
-1.408333126,8
-1.404166459,8
-1.399999792,8
-1.395833125,8
-1.391666458,8
-1.387499791,8
-1.383333124,8
-1.379166457,8
-1.37499979,8
-1.370833123,8
-1.366666456,8
-1.362499789,8
-1.358333122,8
-1.354166455,8
-1.349999788,8
-1.345833121,8
-1.341666454,8
-1.337499787,8
-1.33333312,8
-1.329166453,8
-1.324999786,8
-1.320833119,8
-1.316666452,8
-1.312499785,8
-1.308333118,8
-1.304166451,8
-1.299999784,8
-1.295833117,8
-1.29166645,8
-1.287499783,8
-1.283333116,8
-1.279166449,8
-1.274999782,8
-1.270833115,8
-1.266666448,8
-1.262499781,8
-1.258333114,8
-1.254166447,8
-1.24999978,8
-1.245833113,8
-1.241666446,8
-1.237499779,8
-1.233333112,8
-1.229166445,8
-1.224999778,8
-1.220833111,8
-1.216666444,8
-1.212499777,8
-1.20833311,8
-1.204166443,8
-1.199999776,8
-1.195833109,8
-1.191666442,8
-1.187499775,8
-1.183333108,8
-1.179166441,8
-1.174999774,8
-1.170833107,8
-1.16666644,8
-1.162499773,8
-1.158333106,8
-1.154166439,8
-1.149999772,8
-1.145833105,8
-1.141666438,8
-1.137499771,8
-1.133333104,8
-1.129166437,8
-1.12499977,8
-1.120833103,8
-1.116666436,8
-1.112499769,8
-1.108333102,8
-1.104166435,8
-1.099999768,8
-1.095833101,8
-1.091666434,8
-1.087499767,8
-1.0833331,8
-1.079166433,8
-1.074999766,8
-1.070833099,8
-1.066666432,8
-1.062499765,8
-1.058333098,8
-1.054166431,8
-1.049999764,8
-1.045833097,8
-1.04166643,8
-1.037499763,8
-1.033333096,8
-1.029166429,8
-1.024999762,8
-1.020833095,8
-1.016666428,8
-1.012499761,8
-1.008333094,8
-1.004166427,8
-0.99999976,8
-0.995833093,8
-0.991666426,8
-0.987499759,8
-0.983333092,8
-0.979166425,8
-0.974999758,8
-0.970833091,8
-0.966666424,8
-0.962499757,8
-0.95833309,8
-0.954166423,8
-0.949999756,8
-0.945833089,8
-0.941666422,8
-0.937499755,8
-0.933333088,8
-0.929166421,8
-0.924999754,8
-0.920833087,8
-0.91666642,8
-0.912499753,8
-0.908333086,8
-0.904166419,8
-0.899999752,8
-0.895833085,8
-0.891666418,8
-0.887499751,8
-0.883333084,8
-0.879166417,8
-0.87499975,8
-0.870833083,8
-0.866666416,8
-0.862499749,8
-0.858333082,8
-0.854166415,8
-0.849999748,8
-0.845833081,8
-0.841666414,8
-0.837499747,8
-0.83333308,8
-0.829166413,8
-0.824999746,8
-0.820833079,8
-0.816666412,8
-0.812499745,8
-0.808333078,8
-0.804166411,8
-0.799999744,8
-0.795833077,8
-0.79166641,8
-0.787499743,8
-0.783333076,8
-0.779166409,8
-0.774999742,8
-0.770833075,8
-0.766666408,8
-0.762499741,8
-0.758333074,8
-0.754166407,8
-0.74999974,8
-0.745833073,8
-0.741666406,8
-0.737499739,8
-0.733333072,8
-0.729166405,8
-0.724999738,8
-0.720833071,8
-0.716666404,8
-0.712499737,8
-0.70833307,8
-0.704166403,8
-0.699999736,8
-0.695833069,8
-0.691666402,8
-0.687499735,8
-0.683333068,8
-0.679166401,8
-0.674999734,8
-0.670833067,8
-0.6666664,8
-0.662499733,8
-0.658333066,8
-0.654166399,8
-0.649999732,8
-0.645833065,8
-0.641666398,8
-0.637499731,8
-0.633333064,8
-0.629166397,8
-0.62499973,8
-0.620833063,8
-0.616666396,8
-0.612499729,8
-0.608333062,8
-0.604166395,8
-0.599999728,8
-0.595833061,8
-0.591666394,8
-0.587499727,8
-0.58333306,8
-0.579166393,8
-0.574999726,8
-0.570833059,8
-0.566666392,8
-0.562499725,8
-0.558333058,8
-0.554166391,8
-0.549999724,8
-0.545833057,8
-0.54166639,8
-0.537499723,8
-0.533333056,8
-0.529166389,8
-0.524999722,8
-0.520833055,8
-0.516666388,8
-0.512499721,8
-0.508333054,8
-0.504166387,8
-0.49999972,8
-0.495833053,8
-0.491666386,8
-0.487499719,8
-0.483333052,8
-0.479166385,8
-0.474999718,8
-0.470833051,8
-0.466666384,8
-0.462499717,8
-0.45833305,8
-0.454166383,8
-0.449999716,8
-0.445833049,8
-0.441666382,8
-0.437499715,8
-0.433333048,8
-0.429166381,8
-0.424999714,8
-0.420833047,8
-0.41666638,8
-0.412499713,8
-0.408333046,8
-0.404166379,8
-0.399999712,8
-0.395833045,8
-0.391666378,8
-0.387499711,8
-0.383333044,8
-0.379166377,8
-0.37499971,8
-0.370833043,8
-0.366666376,8
-0.362499709,8
-0.358333042,8
-0.354166375,8
-0.349999708,8
-0.345833041,8
-0.341666374,8
-0.337499707,8
-0.33333304,8
-0.329166373,8
-0.324999706,8
-0.320833039,8
-0.316666372,8
-0.312499705,8
-0.308333038,8
-0.304166371,8
-0.299999704,8
-0.295833037,8
-0.29166637,8
-0.287499703,8
-0.283333036,8
-0.279166369,8
-0.274999702,8
-0.270833035,8
-0.266666368,8
-0.262499701,8
-0.258333034,8
-0.254166367,8
-0.2499997,8
-0.245833033,8
-0.241666366,8
-0.237499699,8
-0.233333032,8
-0.229166365,8
-0.224999698,8
-0.220833031,8
-0.216666364,8
-0.212499697,8
-0.20833303,8
-0.204166363,8
-0.199999696,8
-0.195833029,8
-0.191666362,8
-0.187499695,8
-0.183333028,8
-0.179166361,8
-0.174999694,8
-0.170833027,8
-0.16666636,8
-0.162499693,8
-0.158333026,8
-0.154166359,8
-0.149999692,8
-0.145833025,8
-0.141666358,8
-0.137499691,8
-0.133333024,8
-0.129166357,8
-0.12499969,8
-0.120833023,8
-0.116666356,8
-0.112499689,8
-0.108333022,8
-0.104166355,8
-0.099999688,8
-0.095833021,8
-0.091666354,8
-0.087499687,8
-0.08333302,8
-0.079166353,8
-0.074999686,8
-0.070833019,8
-0.066666352,8
-0.062499685,8
-0.058333018,8
-0.054166351,8
-0.049999684,8
-0.045833017,8
-0.04166635,8
-0.037499683,8
-0.033333016,8
-0.029166349,8
-0.024999682,8
-0.020833015,8
-0.016666348,8
-0.012499681,8
-0.008333014,8
-0.004166347,8
3.20E-07,8
0.004166987,8
0.008333654,8
0.012500321,8
0.016666988,8
0.020833655,8
0.025000322,8
0.029166989,8
0.033333656,8
0.037500323,8
0.04166699,8
0.045833657,8
0.050000324,8
0.054166991,8
0.058333658,8
0.062500325,8
0.066666992,8
0.070833659,8
0.075000326,8
0.079166993,8
0.08333366,8
0.087500327,8
0.091666994,8
0.095833661,8
0.100000328,8
0.104166995,8
0.108333662,8
0.112500329,8
0.116666996,8
0.120833663,8
0.12500033,8
0.129166997,8
0.133333664,8
0.137500331,8
0.141666998,8
0.145833665,8
0.150000332,8
0.154166999,8
0.158333666,8
0.162500333,8
0.166667,8
0.170833667,8
0.175000334,8
0.179167001,8
0.183333668,8
0.187500335,8
0.191667002,8
0.195833669,8
0.200000336,8
0.204167003,8
0.20833367,8
0.212500337,8
0.216667004,8
0.220833671,8
0.225000338,8
0.229167005,8
0.233333672,8
0.237500339,8
0.241667006,8
0.245833673,8
0.25000034,8
0.254167007,8
0.258333674,8
0.262500341,8
0.266667008,8
0.270833675,8
0.275000342,8
0.279167009,8
0.283333676,8
0.287500343,8
0.29166701,8
0.295833677,8
0.300000344,8
0.304167011,8
0.308333678,8
0.312500345,8
0.316667012,8
0.320833679,8
0.325000346,8
0.329167013,8
0.33333368,8
0.337500347,8
0.341667014,8
0.345833681,8
0.350000348,8
0.354167015,8
0.358333682,8
0.362500349,8
0.366667016,8
0.370833683,8
0.37500035,8
0.379167017,8
0.383333684,8
0.387500351,8
0.391667018,8
0.395833685,8
0.400000352,8
0.404167019,8
0.408333686,8
0.412500353,8
0.41666702,8
0.420833687,8
0.425000354,8
0.429167021,8
0.433333688,8
0.437500355,8
0.441667022,8
0.445833689,8
0.450000356,8
0.454167023,8
0.45833369,8
0.462500357,8
0.466667024,8
0.470833691,8
0.475000358,8
0.479167025,8
0.483333692,8
0.487500359,8
0.491667026,8
0.495833693,8
0.50000036,8
0.504167027,8
0.508333694,8
0.512500361,8
0.516667028,8
0.520833695,8
0.525000362,8
0.529167029,8
0.533333696,8
0.537500363,8
0.54166703,8
0.545833697,8
0.550000364,8
0.554167031,8
0.558333698,8
0.562500365,8
0.566667032,8
0.570833699,8
0.575000366,8
0.579167033,8
0.5833337,8
0.587500367,8
0.591667034,8
0.595833701,8
0.600000368,8
0.604167035,8
0.608333702,8
0.612500369,8
0.616667036,8
0.620833703,8
0.62500037,8
0.629167037,8
0.633333704,8
0.637500371,8
0.641667038,8
0.645833705,8
0.650000372,8
0.654167039,8
0.658333706,8
0.662500373,8
0.66666704,8
0.670833707,8
0.675000374,8
0.679167041,8
0.683333708,8
0.687500375,8
0.691667042,8
0.695833709,8
0.700000376,8
0.704167043,8
0.70833371,8
0.712500377,8
0.716667044,8
0.720833711,8
0.725000378,8
0.729167045,8
0.733333712,8
0.737500379,8
0.741667046,8
0.745833713,8
0.75000038,8
0.754167047,8
0.758333714,8
0.762500381,8
0.766667048,8
0.770833715,8
0.775000382,8
0.779167049,8
0.783333716,8
0.787500383,8
0.79166705,8
0.795833717,8
0.800000384,8
0.804167051,8
0.808333718,8
0.812500385,8
0.816667052,8
0.820833719,8
0.825000386,8
0.829167053,8
0.83333372,8
0.837500387,8
0.841667054,8
0.845833721,8
0.850000388,8
0.854167055,8
0.858333722,8
0.862500389,8
0.866667056,8
0.870833723,8
0.87500039,8
0.879167057,8
0.883333724,8
0.887500391,8
0.891667058,8
0.895833725,8
0.900000392,8
0.904167059,8
0.908333726,8
0.912500393,8
0.91666706,8
0.920833727,8
0.925000394,8
0.929167061,8
0.933333728,8
0.937500395,8
0.941667062,8
0.945833729,8
0.950000396,8
0.954167063,8
0.95833373,8
0.962500397,8
0.966667064,8
0.970833731,8
0.975000398,8
0.979167065,8
0.983333732,8
0.987500399,8
0.991667066,8
0.995833733,8
6,8
6.004166667,8
6.008333333,8
6.0125,8
6.016666667,8
6.020833333,8
6.025,8
6.029166667,8
6.033333333,8
6.0375,8
6.041666667,8
6.045833333,8
6.05,8
6.054166667,8
6.058333333,8
6.0625,8
6.066666667,8
6.070833333,8
6.075,8
6.079166667,8
6.083333333,8
6.0875,8
6.091666667,8
6.095833333,8
6.1,8
6.104166667,8
6.108333333,8
6.1125,8
6.116666667,8
6.120833333,8
6.125,8
6.129166667,8
6.133333333,8
6.1375,8
6.141666667,8
6.145833333,8
6.15,8
6.154166667,8
6.158333333,8
6.1625,8
6.166666667,8
6.170833333,8
6.175,8
6.179166667,8
6.183333333,8
6.1875,8
6.191666667,8
6.195833333,8
6.2,8
6.204166667,8
6.208333333,8
6.2125,8
6.216666667,8
6.220833333,8
6.225,8
6.229166667,8
6.233333333,8
6.2375,8
6.241666667,8
6.245833333,8
6.25,8
6.254166667,8
6.258333333,8
6.2625,8
6.266666667,8
6.270833333,8
6.275,8
6.279166667,8
6.283333333,8
6.2875,8
6.291666667,8
6.295833333,8
6.3,8
6.304166667,8
6.308333333,8
6.3125,8
6.316666667,8
6.320833333,8
6.325,8
6.329166667,8
6.333333333,8
6.3375,8
6.341666667,8
6.345833333,8
6.35,8
6.354166667,8
6.358333333,8
6.3625,8
6.366666667,8
6.370833333,8
6.375,8
6.379166667,8
6.383333333,8
6.3875,8
6.391666667,8
6.395833333,8
6.4,8
6.404166667,8
6.408333333,8
6.4125,8
6.416666667,8
6.420833333,8
6.425,8
6.429166667,8
6.433333333,8
6.4375,8
6.441666667,8
6.445833333,8
6.45,8
6.454166667,8
6.458333333,8
6.4625,8
6.466666667,8
6.470833333,8
6.475,8
6.479166667,8
6.483333333,8
6.4875,8
6.491666667,8
6.495833333,8
6.5,8
6.504166667,8
6.508333333,8
6.5125,8
6.516666667,8
6.520833333,8
6.525,8
6.529166667,8
6.533333333,8
6.5375,8
6.541666667,8
6.545833333,8
6.55,8
6.554166667,8
6.558333333,8
6.5625,8
6.566666667,8
6.570833333,8
6.575,8
6.579166667,8
6.583333333,8
6.5875,8
6.591666667,8
6.595833333,8
6.6,8
6.604166667,8
6.608333333,8
6.6125,8
6.616666667,8
6.620833333,8
6.625,8
6.629166667,8
6.633333333,8
6.6375,8
6.641666667,8
6.645833333,8
6.65,8
6.654166667,8
6.658333333,8
6.6625,8
6.666666667,8
6.670833333,8
6.675,8
6.679166667,8
6.683333333,8
6.6875,8
6.691666667,8
6.695833333,8
6.7,8
6.704166667,8
6.708333333,8
6.7125,8
6.716666667,8
6.720833333,8
6.725,8
6.729166667,8
6.733333333,8
6.7375,8
6.741666667,8
6.745833333,8
6.75,8
6.754166667,8
6.758333333,8
6.7625,8
6.766666667,8
6.770833333,8
6.775,8
6.779166667,8
6.783333333,8
6.7875,8
6.791666667,8
6.795833333,8
6.8,8
6.804166667,8
6.808333333,8
6.8125,8
6.816666667,8
6.820833333,8
6.825,8
6.829166667,8
6.833333333,8
6.8375,8
6.841666667,8
6.845833333,8
6.85,8
6.854166667,8
6.858333333,8
6.8625,8
6.866666667,8
6.870833333,8
6.875,8
6.879166667,8
6.883333333,8
6.8875,8
6.891666667,8
6.895833333,8
6.9,8
6.904166667,8
6.908333333,8
6.9125,8
6.916666667,8
6.920833333,8
6.925,8
6.929166667,8
6.933333333,8
6.9375,8
6.941666667,8
6.945833333,8
6.95,8
6.954166667,8
6.958333333,8
6.9625,8
6.966666667,8
6.970833333,8
6.975,8
6.979166667,8
6.983333333,8
6.9875,8
6.991666667,8
6.995833333,8
7,8
7.004166667,8
7.008333333,8
7.0125,8
7.016666667,8
7.020833333,8
7.025,8
7.029166667,8
7.033333333,8
7.0375,8
7.041666667,8
7.045833333,8
7.05,8
7.054166667,8
7.058333333,8
7.0625,8
7.066666667,8
7.070833333,8
7.075,8
7.079166667,8
7.083333333,8
7.0875,8
7.091666667,8
7.095833333,8
7.1,8
7.104166667,8
7.108333333,8
7.1125,8
7.116666667,8
7.120833333,8
7.125,8
7.129166667,8
7.133333333,8
7.1375,8
7.141666667,8
7.145833333,8
7.15,8
7.154166667,8
7.158333333,8
7.1625,8
7.166666667,8
7.170833333,8
7.175,8
7.179166667,8
7.183333333,8
7.1875,8
7.191666667,8
7.195833333,8
7.2,8
7.204166667,8
7.208333333,8
7.2125,8
7.216666667,8
7.220833333,8
7.225,8
7.229166667,8
7.233333333,8
7.2375,8
7.241666667,8
7.245833333,8
7.25,8
7.254166667,8
7.258333333,8
7.2625,8
7.266666667,8
7.270833333,8
7.275,8
7.279166667,8
7.283333333,8
7.2875,8
7.291666667,8
7.295833333,8
7.3,8
7.304166667,8
7.308333333,8
7.3125,8
7.316666667,8
7.320833333,8
7.325,8
7.329166667,8
7.333333333,8
7.3375,8
7.341666667,8
7.345833333,8
7.35,8
7.354166667,8
7.358333333,8
7.3625,8
7.366666667,8
7.370833333,8
7.375,8
7.379166667,8
7.383333333,8
7.3875,8
7.391666667,8
7.395833333,8
7.4,8
7.404166667,8
7.408333333,8
7.4125,8
7.416666667,8
7.420833333,8
7.425,8
7.429166667,8
7.433333333,8
7.4375,8
7.441666667,8
7.445833333,8
7.45,8
7.454166667,8
7.458333333,8
7.4625,8
7.466666667,8
7.470833333,8
7.475,8
7.479166667,8
7.483333333,8
7.4875,8
7.491666667,8
7.495833333,8
7.5,8
7.504166667,8
7.508333333,8
7.5125,8
7.516666667,8
7.520833333,8
7.525,8
7.529166667,8
7.533333333,8
7.5375,8
7.541666667,8
7.545833333,8
7.55,8
7.554166667,8
7.558333333,8
7.5625,8
7.566666667,8
7.570833333,8
7.575,8
7.579166667,8
7.583333333,8
7.5875,8
7.591666667,8
7.595833333,8
7.6,8
7.604166667,8
7.608333333,8
7.6125,8
7.616666667,8
7.620833333,8
7.625,8
7.629166667,8
7.633333333,8
7.6375,8
7.641666667,8
7.645833333,8
7.65,8
7.654166667,8
7.658333333,8
7.6625,8
7.666666667,8
7.670833333,8
7.675,8
7.679166667,8
7.683333333,8
7.6875,8
7.691666667,8
7.695833333,8
7.7,8
7.704166667,8
7.708333333,8
7.7125,8
7.716666667,8
7.720833333,8
7.725,8
7.729166667,8
7.733333333,8
7.7375,8
7.741666667,8
7.745833333,8
7.75,8
7.754166667,8
7.758333333,8
7.7625,8
7.766666667,8
7.770833333,8
7.775,8
7.779166667,8
7.783333333,8
7.7875,8
7.791666667,8
7.795833333,8
7.8,8
7.804166667,8
7.808333333,8
7.8125,8
7.816666667,8
7.820833333,8
7.825,8
7.829166667,8
7.833333333,8
7.8375,8
7.841666667,8
7.845833333,8
7.85,8
7.854166667,8
7.858333333,8
7.8625,8
7.866666667,8
7.870833333,8
7.875,8
7.879166667,8
7.883333333,8
7.8875,8
7.891666667,8
7.895833333,8
7.9,8
7.904166667,8
7.908333333,8
7.9125,8
7.916666667,8
7.920833333,8
7.925,8
7.929166667,8
7.933333333,8
7.9375,8
7.941666667,8
7.945833333,8
7.95,8
7.954166667,8
7.958333333,8
7.9625,8
7.966666667,8
7.970833333,8
7.975,8
7.979166667,8
7.983333333,8
7.9875,8
7.991666667,8
7.995833333,8
8,8
8.004166667,8
8.008333333,8
8.0125,8
8.016666667,8
8.020833333,8
8.025,8
8.029166667,8
8.033333333,8
8.0375,8
8.041666667,8
8.045833333,8
8.05,8
8.054166667,8
8.058333333,8
8.0625,8
8.066666667,8
8.070833333,8
8.075,8
8.079166667,8
8.083333333,8
8.0875,8
8.091666667,8
8.095833333,8
8.1,8
8.104166667,8
8.108333333,8
8.1125,8
8.116666667,8
8.120833333,8
8.125,8
8.129166667,8
8.133333333,8
8.1375,8
8.141666667,8
8.145833333,8
8.15,8
8.154166667,8
8.158333333,8
8.1625,8
8.166666667,8
8.170833333,8
8.175,8
8.179166667,8
8.183333333,8
8.1875,8
8.191666667,8
8.195833333,8
8.2,8
8.204166667,8
8.208333333,8
8.2125,8
8.216666667,8
8.220833333,8
8.225,8
8.229166667,8
8.233333333,8
8.2375,8
8.241666667,8
8.245833333,8
8.25,8
8.254166667,8
8.258333333,8
8.2625,8
8.266666667,8
8.270833333,8
8.275,8
8.279166667,8
8.283333333,8
8.2875,8
8.291666667,8
8.295833333,8
8.3,8
8.304166667,8
8.308333333,8
8.3125,8
8.316666667,8
8.320833333,8
8.325,8
8.329166667,8
8.333333333,8
8.3375,8
8.341666667,8
8.345833333,8
8.35,8
8.354166667,8
8.358333333,8
8.3625,8
8.366666667,8
8.370833333,8
8.375,8
8.379166667,8
8.383333333,8
8.3875,8
8.391666667,8
8.395833333,8
8.4,8
8.404166667,8
8.408333333,8
8.4125,8
8.416666667,8
8.420833333,8
8.425,8
8.429166667,8
8.433333333,8
8.4375,8
8.441666667,8
8.445833333,8
8.45,8
8.454166667,8
8.458333333,8
8.4625,8
8.466666667,8
8.470833333,8
8.475,8
8.479166667,8
8.483333333,8
8.4875,8
8.491666667,8
8.495833333,8
8.5,8
8.504166667,8
8.508333333,8
8.5125,8
8.516666667,8
8.520833333,8
8.525,8
8.529166667,8
8.533333333,8
8.5375,8
8.541666667,8
8.545833333,8
8.55,8
8.554166667,8
8.558333333,8
8.5625,8
8.566666667,8
8.570833333,8
8.575,8
8.579166667,8
8.583333333,8
8.5875,8
8.591666667,8
8.595833333,8
8.6,8
8.604166667,8
8.608333333,8
8.6125,8
8.616666667,8
8.620833333,8
8.625,8
8.629166667,8
8.633333333,8
8.6375,8
8.641666667,8
8.645833333,8
8.65,8
8.654166667,8
8.658333333,8
8.6625,8
8.666666667,8
8.670833333,8
8.675,8
8.679166667,8
8.683333333,8
8.6875,8
8.691666667,8
8.695833333,8
8.7,8
8.704166667,8
8.708333333,8
8.7125,8
8.716666667,8
8.720833333,8
8.725,8
8.729166667,8
8.733333333,8
8.7375,8
8.741666667,8
8.745833333,8
8.75,8
8.754166667,8
8.758333333,8
8.7625,8
8.766666667,8
8.770833333,8
8.775,8
8.779166667,8
8.783333333,8
8.7875,8
8.791666667,8
8.795833333,8
8.8,8
8.804166667,8
8.808333333,8
8.8125,8
8.816666667,8
8.820833333,8
8.825,8
8.829166667,8
8.833333333,8
8.8375,8
8.841666667,8
8.845833333,8
8.85,8
8.854166667,8
8.858333333,8
8.8625,8
8.866666667,8
8.870833333,8
8.875,8
8.879166667,8
8.883333333,8
8.8875,8
8.891666667,8
8.895833333,8
8.9,8
8.904166667,8
8.908333333,8
8.9125,8
8.916666667,8
8.920833333,8
8.925,8
8.929166667,8
8.933333333,8
8.9375,8
8.941666667,8
8.945833333,8
8.95,8
8.954166667,8
8.958333333,8
8.9625,8
8.966666667,8
8.970833333,8
8.975,8
8.979166667,8
8.983333333,8
8.9875,8
8.991666667,8
8.995833333,8
9,8
9.004166667,8
9.008333333,8
9.0125,8
9.016666667,8
9.020833333,8
9.025,8
9.029166667,8
9.033333333,8
9.0375,8
9.041666667,8
9.045833333,8
9.05,8
9.054166667,8
9.058333333,8
9.0625,8
9.066666667,8
9.070833333,8
9.075,8
9.079166667,8
9.083333333,8
9.0875,8
9.091666667,8
9.095833333,8
9.1,8
9.104166667,8
9.108333333,8
9.1125,8
9.116666667,8
9.120833333,8
9.125,8
9.129166667,8
9.133333333,8
9.1375,8
9.141666667,8
9.145833333,8
9.15,8
9.154166667,8
9.158333333,8
9.1625,8
9.166666667,8
9.170833333,8
9.175,8
9.179166667,8
9.183333333,8
9.1875,8
9.191666667,8
9.195833333,8
9.2,8
9.204166667,8
9.208333333,8
9.2125,8
9.216666667,8
9.220833333,8
9.225,8
9.229166667,8
9.233333333,8
9.2375,8
9.241666667,8
9.245833333,8
9.25,8
9.254166667,8
9.258333333,8
9.2625,8
9.266666667,8
9.270833333,8
9.275,8
9.279166667,8
9.283333333,8
9.2875,8
9.291666667,8
9.295833333,8
9.3,8
9.304166667,8
9.308333333,8
9.3125,8
9.316666667,8
9.320833333,8
9.325,8
9.329166667,8
9.333333333,8
9.3375,8
9.341666667,8
9.345833333,8
9.35,8
9.354166667,8
9.358333333,8
9.3625,8
9.366666667,8
9.370833333,8
9.375,8
9.379166667,8
9.383333333,8
9.3875,8
9.391666667,8
9.395833333,8
9.4,8
9.404166667,8
9.408333333,8
9.4125,8
9.416666667,8
9.420833333,8
9.425,8
9.429166667,8
9.433333333,8
9.4375,8
9.441666667,8
9.445833333,8
9.45,8
9.454166667,8
9.458333333,8
9.4625,8
9.466666667,8
9.470833333,8
9.475,8
9.479166667,8
9.483333333,8
9.4875,8
9.491666667,8
9.495833333,8
9.5,8
9.504166667,8
9.508333333,8
9.5125,8
9.516666667,8
9.520833333,8
9.525,8
9.529166667,8
9.533333333,8
9.5375,8
9.541666667,8
9.545833333,8
9.55,8
9.554166667,8
9.558333333,8
9.5625,8
9.566666667,8
9.570833333,8
9.575,8
9.579166667,8
9.583333333,8
9.5875,8
9.591666667,8
9.595833333,8
9.6,8
9.604166667,8
9.608333333,8
9.6125,8
9.616666667,8
9.620833333,8
9.625,8
9.629166667,8
9.633333333,8
9.6375,8
9.641666667,8
9.645833333,8
9.65,8
9.654166667,8
9.658333333,8
9.6625,8
9.666666667,8
9.670833333,8
9.675,8
9.679166667,8
9.683333333,8
9.6875,8
9.691666667,8
9.695833333,8
9.7,8
9.704166667,8
9.708333333,8
9.7125,8
9.716666667,8
9.720833333,8
9.725,8
9.729166667,8
9.733333333,8
9.7375,8
9.741666667,8
9.745833333,8
9.75,8
9.754166667,8
9.758333333,8
9.7625,8
9.766666667,8
9.770833333,8
9.775,8
9.779166667,8
9.783333333,8
9.7875,8
9.791666667,8
9.795833333,8
9.8,8
9.804166667,8
9.808333333,8
9.8125,8
9.816666667,8
9.820833333,8
9.825,8
9.829166667,8
9.833333333,8
9.8375,8
9.841666667,8
9.845833333,8
9.85,8
9.854166667,8
9.858333333,8
9.8625,8
9.866666667,8
9.870833333,8
9.875,8
9.879166667,8
9.883333333,8
9.8875,8
9.891666667,8
9.895833333,8
9.9,8
9.904166667,8
9.908333333,8
9.9125,8
9.916666667,8
9.920833333,8
9.925,8
9.929166667,8
9.933333333,8
9.9375,8
9.941666667,8
9.945833333,8
9.95,8
9.954166667,8
9.958333333,8
9.9625,8
9.966666667,8
9.970833333,8
9.975,8
9.979166667,8
9.983333333,8
9.9875,8
9.991666667,8
9.995833333,8
10,8
10.00416667,8
10.00833333,8
10.0125,8
10.01666667,8
10.02083333,8
10.025,8
10.02916667,8
10.03333333,8
10.0375,8
10.04166667,8
10.04583333,8
10.05,8
10.05416667,8
10.05833333,8
10.0625,8
10.06666667,8
10.07083333,8
10.075,8
10.07916667,8
10.08333333,8
10.0875,8
10.09166667,8
10.09583333,8
10.1,8
10.10416667,8
10.10833333,8
10.1125,8
10.11666667,8
10.12083333,8
10.125,8
10.12916667,8
10.13333333,8
10.1375,8
10.14166667,8
10.14583333,8
10.15,8
10.15416667,8
10.15833333,8
10.1625,8
10.16666667,8
10.17083333,8
10.175,8
10.17916667,8
10.18333333,8
10.1875,8
10.19166667,8
10.19583333,8
10.2,8
10.20416667,8
10.20833333,8
10.2125,8
10.21666667,8
10.22083333,8
10.225,8
10.22916667,8
10.23333333,8
10.2375,8
10.24166667,8
10.24583333,8
10.25,8
10.25416667,8
10.25833333,8
10.2625,8
10.26666667,8
10.27083333,8
10.275,8
10.27916667,8
10.28333333,8
10.2875,8
10.29166667,8
10.29583333,8
10.3,8
10.30416667,8
10.30833333,8
10.3125,8
10.31666667,8
10.32083333,8
10.325,8
10.32916667,8
10.33333333,8
10.3375,8
10.34166667,8
10.34583333,8
10.35,8
10.35416667,8
10.35833333,8
10.3625,8
10.36666667,8
10.37083333,8
10.375,8
10.37916667,8
10.38333333,8
10.3875,8
10.39166667,8
10.39583333,8
10.4,8
10.40416667,8
10.40833333,8
10.4125,8
10.41666667,8
10.42083333,8
10.425,8
10.42916667,8
10.43333333,8
10.4375,8
10.44166667,8
10.44583333,8
10.45,8
10.45416667,8
10.45833333,8
10.4625,8
10.46666667,8
10.47083333,8
10.475,8
10.47916667,8
10.48333333,8
10.4875,8
10.49166667,8
10.49583333,8
10.5,8
10.50416667,8
10.50833333,8
10.5125,8
10.51666667,8
10.52083333,8
10.525,8
10.52916667,8
10.53333333,8
10.5375,8
10.54166667,8
10.54583333,8
10.55,8
10.55416667,8
10.55833333,8
10.5625,8
10.56666667,8
10.57083333,8
10.575,8
10.57916667,8
10.58333333,8
10.5875,8
10.59166667,8
10.59583333,8
10.6,8
10.60416667,8
10.60833333,8
10.6125,8
10.61666667,8
10.62083333,8
10.625,8
10.62916667,8
10.63333333,8
10.6375,8
10.64166667,8
10.64583333,8
10.65,8
10.65416667,8
10.65833333,8
10.6625,8
10.66666667,8
10.67083333,8
10.675,8
10.67916667,8
10.68333333,8
10.6875,8
10.69166667,8
10.69583333,8
10.7,8
10.70416667,8
10.70833333,8
10.7125,8
10.71666667,8
10.72083333,8
10.725,8
10.72916667,8
10.73333333,8
10.7375,8
10.74166667,8
10.74583333,8
10.75,8
10.75416667,8
10.75833333,8
10.7625,8
10.76666667,8
10.77083333,8
10.775,8
10.77916667,8
10.78333333,8
10.7875,8
10.79166667,8
10.79583333,8
10.8,8
10.80416667,8
10.80833333,8
10.8125,8
10.81666667,8
10.82083333,8
10.825,8
10.82916667,8
10.83333333,8
10.8375,8
10.84166667,8
10.84583333,8
10.85,8
10.85416667,8
10.85833333,8
10.8625,8
10.86666667,8
10.87083333,8
10.875,8
10.87916667,8
10.88333333,8
10.8875,8
10.89166667,8
10.89583333,8
10.9,8
10.90416667,8
10.90833333,8
10.9125,8
10.91666667,8
10.92083333,8
10.925,8
10.92916667,8
10.93333333,8
10.9375,8
10.94166667,8
10.94583333,8
10.95,8
10.95416667,8
10.95833333,8
10.9625,8
10.96666667,8
10.97083333,8
10.975,8
10.97916667,8
10.98333333,8
10.9875,8
10.99166667,8
10.99583333,8
11.00000033,8
11.00416733,8
11.00833433,8
11.01250133,8
11.01666833,8
11.02083533,8
11.02500233,8
11.02916933,8
11.03333633,8
11.03750333,8
11.04167033,8
11.04583733,8
11.05000433,8
11.05417133,8
11.05833833,8
11.06250533,8
11.06667233,8
11.07083933,8
11.07500633,8
11.07917333,8
11.08334033,8
11.08750733,8
11.09167433,8
11.09584133,8
11.10000833,8
11.10417533,8
11.10834233,8
11.11250933,8
11.11667633,8
11.12084333,8
11.12501033,8
11.12917733,8
11.13334433,8
11.13751133,8
11.14167833,8
11.14584533,8
11.15001233,8
11.15417933,8
11.15834633,8
11.16251333,8
11.16668033,8
11.17084733,8
11.17501433,8
11.17918133,8
11.18334833,8
11.18751533,8
11.19168233,8
11.19584933,8
11.20001633,8
11.20418333,8
11.20835033,8
11.21251733,8
11.21668433,8
11.22085133,8
11.22501833,8
11.22918533,8
11.23335233,8
11.23751933,8
11.24168633,8
11.24585333,8
11.25002033,8
11.25418733,8
11.25835433,8
11.26252133,8
11.26668833,8
11.27085533,8
11.27502233,8
11.27918933,8
11.28335633,8
11.28752333,8
11.29169033,8
11.29585733,8
11.30002433,8
11.30419133,8
11.30835833,8
11.31252533,8
11.31669233,8
11.32085933,8
11.32502633,8
11.32919333,8
11.33336033,8
11.33752733,8
11.34169433,8
11.34586133,8
11.35002833,8
11.35419533,8
11.35836233,8
11.36252933,8
11.36669633,8
11.37086333,8
11.37503033,8
11.37919733,8
11.38336433,8
11.38753133,8
11.39169833,8
11.39586533,8
11.40003233,8
11.40419933,8
11.40836633,8
11.41253333,8
11.41670033,8
11.42086733,8
11.42503433,8
11.42920133,8
11.43336833,8
11.43753533,8
11.44170233,8
11.44586933,8
11.45003633,8
11.45420333,8
11.45837033,8
11.46253733,8
11.46670433,8
11.47087133,8
11.47503833,8
11.47920533,8
11.48337233,8
11.48753933,8
11.49170633,8
11.49587333,8
11.50004033,8
11.50420733,8
11.50837433,8
11.51254133,8
11.51670833,8
11.52087533,8
11.52504233,8
11.52920933,8
11.53337633,8
11.53754333,8
11.54171033,8
11.54587733,8
11.55004433,8
11.55421133,8
11.55837833,8
11.56254533,8
11.56671233,8
11.57087933,8
11.57504633,8
11.57921333,8
11.58338033,8
11.58754733,8
11.59171433,8
11.59588133,8
11.60004833,8
11.60421533,8
11.60838233,8
11.61254933,8
11.61671633,8
11.62088333,8
11.62505033,8
11.62921733,8
11.63338433,8
11.63755133,8
11.64171833,8
11.64588533,8
11.65005233,8
11.65421933,8
11.65838633,8
11.66255333,8
11.66672033,8
11.67088733,8
11.67505433,8
11.67922133,8
11.68338833,8
11.68755533,8
11.69172233,8
11.69588933,8
11.70005633,8
11.70422333,8
11.70839033,8
11.71255733,8
11.71672433,8
11.72089133,8
11.72505833,8
11.72922533,8
11.73339233,8
11.73755933,8
11.74172633,8
11.74589333,8
11.75006033,8
11.75422733,8
11.75839433,8
11.76256133,8
11.76672833,8
11.77089533,8
11.77506233,8
11.77922933,8
11.78339633,8
11.78756333,8
11.79173033,8
11.79589733,8
11.80006433,8
11.80423133,8
11.80839833,8
11.81256533,8
11.81673233,8
11.82089933,8
11.82506633,8
11.82923333,8
11.83340033,8
11.83756733,8
11.84173433,8
11.84590133,8
11.85006833,8
11.85423533,8
11.85840233,8
11.86256933,8
11.86673633,8
11.87090333,8
11.87507033,8
11.87923733,8
11.88340433,8
11.88757133,8
11.89173833,8
11.89590533,8
11.90007233,8
11.90423933,8
11.90840633,8
11.91257333,8
11.91674033,8
11.92090733,8
11.92507433,8
11.92924133,8
11.93340833,8
11.93757533,8
11.94174233,8
11.94590933,8
11.95007633,8
11.95424333,8
11.95841033,8
11.96257733,8
11.96674433,8
11.97091133,8
11.97507833,8
11.97924533,8
11.98341233,8
11.98757933,8
11.99174633,8
11.99591333,8
12.00008033,8
12.00424733,8
12.00841433,8
12.01258133,8
12.01674833,8
12.02091533,8
12.02508233,8
12.02924933,8
12.03341633,8
12.03758333,8
12.04175033,8
12.04591733,8
12.05008433,8
12.05425133,8
12.05841833,8
12.06258533,8
12.06675233,8
12.07091933,8
12.07508633,8
12.07925333,8
12.08342033,8
12.08758733,8
12.09175433,8
12.09592133,8
12.10008833,8
12.10425533,8
12.10842233,8
12.11258933,8
12.11675633,8
12.12092333,8
12.12509033,8
12.12925733,8
12.13342433,8
12.13759133,8
12.14175833,8
12.14592533,8
12.15009233,8
12.15425933,8
12.15842633,8
12.16259333,8
12.16676033,8
12.17092733,8
12.17509433,8
12.17926133,8
12.18342833,8
12.18759533,8
12.19176233,8
12.19592933,8
12.20009633,8
12.20426333,8
12.20843033,8
12.21259733,8
12.21676433,8
12.22093133,8
12.22509833,8
12.22926533,8
12.23343233,8
12.23759933,8
12.24176633,8
12.24593333,8
12.25010033,8
12.25426733,8
12.25843433,8
12.26260133,8
12.26676833,8
12.27093533,8
12.27510233,8
12.27926933,8
12.28343633,8
12.28760333,8
12.29177033,8
12.29593733,8
12.30010433,8
12.30427133,8
12.30843833,8
12.31260533,8
12.31677233,8
12.32093933,8
12.32510633,8
12.32927333,8
12.33344033,8
12.33760733,8
12.34177433,8
12.34594133,8
12.35010833,8
12.35427533,8
12.35844233,8
12.36260933,8
12.36677633,8
12.37094333,8
12.37511033,8
12.37927733,8
12.38344433,8
12.38761133,8
12.39177833,8
12.39594533,8
12.40011233,8
12.40427933,8
12.40844633,8
12.41261333,8
12.41678033,8
12.42094733,8
12.42511433,8
12.42928133,8
12.43344833,8
12.43761533,8
12.44178233,8
12.44594933,8
12.45011633,8
12.45428333,8
12.45845033,8
12.46261733,8
12.46678433,8
12.47095133,8
12.47511833,8
12.47928533,8
12.48345233,8
12.48761933,8
12.49178633,8
12.49595333,8
12.50012033,8
12.50428733,8
12.50845433,8
12.51262133,8
12.51678833,8
12.52095533,8
12.52512233,8
12.52928933,8
12.53345633,8
12.53762333,8
12.54179033,8
12.54595733,8
12.55012433,8
12.55429133,8
12.55845833,8
12.56262533,8
12.56679233,8
12.57095933,8
12.57512633,8
12.57929333,8
12.58346033,8
12.58762733,8
12.59179433,8
12.59596133,8
12.60012833,8
12.60429533,8
12.60846233,8
12.61262933,8
12.61679633,8
12.62096333,8
12.62513033,8
12.62929733,8
12.63346433,8
12.63763133,8
12.64179833,8
12.64596533,8
12.65013233,8
12.65429933,8
12.65846633,8
12.66263333,8
12.66680033,8
12.67096733,8
12.67513433,8
12.67930133,8
12.68346833,8
12.68763533,8
12.69180233,8
12.69596933,8
12.70013633,8
12.70430333,8
12.70847033,8
12.71263733,8
12.71680433,8
12.72097133,8
12.72513833,8
12.72930533,8
12.73347233,8
12.73763933,8
12.74180633,8
12.74597333,8
12.75014033,8
12.75430733,8
12.75847433,8
12.76264133,8
12.76680833,8
12.77097533,8
12.77514233,8
12.77930933,8
12.78347633,8
12.78764333,8
12.79181033,8
12.79597733,8
12.80014433,8
12.80431133,8
12.80847833,8
12.81264533,8
12.81681233,8
12.82097933,8
12.82514633,8
12.82931333,8
12.83348033,8
12.83764733,8
12.84181433,8
12.84598133,8
12.85014833,8
12.85431533,8
12.85848233,8
12.86264933,8
12.86681633,8
12.87098333,8
12.87515033,8
12.87931733,8
12.88348433,8
12.88765133,8
12.89181833,8
12.89598533,8
12.90015233,8
12.90431933,8
12.90848633,8
12.91265333,8
12.91682033,8
12.92098733,8
12.92515433,8
12.92932133,8
12.93348833,8
12.93765533,8
12.94182233,8
12.94598933,8
12.95015633,8
12.95432333,8
12.95849033,8
12.96265733,8
12.96682433,8
12.97099133,8
12.97515833,8
12.97932533,8
12.98349233,8
12.98765933,8
12.99182633,8
12.99599333,8
13.00016033,8
13.00432733,8
13.00849433,8
13.01266133,8
13.01682833,8
13.02099533,8
13.02516233,8
13.02932933,8
13.03349633,8
13.03766333,8
13.04183033,8
13.04599733,8
13.05016433,8
13.05433133,8
13.05849833,8
13.06266533,8
13.06683233,8
13.07099933,8
13.07516633,8
13.07933333,8
13.08350033,8
13.08766733,8
13.09183433,8
13.09600133,8
13.10016833,8
13.10433533,8
13.10850233,8
13.11266933,8
13.11683633,8
13.12100333,8
13.12517033,8
13.12933733,8
13.13350433,8
13.13767133,8
13.14183833,8
13.14600533,8
13.15017233,8
13.15433933,8
13.15850633,8
13.16267333,8
13.16684033,8
13.17100733,8
13.17517433,8
13.17934133,8
13.18350833,8
13.18767533,8
13.19184233,8
13.19600933,8
13.20017633,8
13.20434333,8
13.20851033,8
13.21267733,8
13.21684433,8
13.22101133,8
13.22517833,8
13.22934533,8
13.23351233,8
13.23767933,8
13.24184633,8
13.24601333,8
13.25018033,8
13.25434733,8
13.25851433,8
13.26268133,8
13.26684833,8
13.27101533,8
13.27518233,8
13.27934933,8
13.28351633,8
13.28768333,8
13.29185033,8
13.29601733,8
13.30018433,8
13.30435133,8
13.30851833,8
13.31268533,8
13.31685233,8
13.32101933,8
13.32518633,8
13.32935333,8
13.33352033,8
13.33768733,8
13.34185433,8
13.34602133,8
13.35018833,8
13.35435533,8
13.35852233,8
13.36268933,8
13.36685633,8
13.37102333,8
13.37519033,8
13.37935733,8
13.38352433,8
13.38769133,8
13.39185833,8
13.39602533,8
13.40019233,8
13.40435933,8
13.40852633,8
13.41269333,8
13.41686033,8
13.42102733,8
13.42519433,8
13.42936133,8
13.43352833,8
13.43769533,8
13.44186233,8
13.44602933,8
13.45019633,8
13.45436333,8
13.45853033,8
13.46269733,8
13.46686433,8
13.47103133,8
13.47519833,8
13.47936533,8
13.48353233,8
13.48769933,8
13.49186633,8
13.49603333,8
13.50020033,8
13.50436733,8
13.50853433,8
13.51270133,8
13.51686833,8
13.52103533,8
13.52520233,8
13.52936933,8
13.53353633,8
13.53770333,8
13.54187033,8
13.54603733,8
13.55020433,8
13.55437133,8
13.55853833,8
13.56270533,8
13.56687233,8
13.57103933,8
13.57520633,8
13.57937333,8
13.58354033,8
13.58770733,8
13.59187433,8
13.59604133,8
13.60020833,8
13.60437533,8
13.60854233,8
13.61270933,8
13.61687633,8
13.62104333,8
13.62521033,8
13.62937733,8
13.63354433,8
13.63771133,8
13.64187833,8
13.64604533,8
13.65021233,8
13.65437933,8
13.65854633,8
13.66271333,8
13.66688033,8
13.67104733,8
13.67521433,8
13.67938133,8
13.68354833,8
13.68771533,8
13.69188233,8
13.69604933,8
13.70021633,8
13.70438333,8
13.70855033,8
13.71271733,8
13.71688433,8
13.72105133,8
13.72521833,8
13.72938533,8
13.73355233,8
13.73771933,8
13.74188633,8
13.74605333,8
13.75022033,8
13.75438733,8
13.75855433,8
13.76272133,8
13.76688833,8
13.77105533,8
13.77522233,8
13.77938933,8
13.78355633,8
13.78772333,8
13.79189033,8
13.79605733,8
13.80022433,8
13.80439133,8
13.80855833,8
13.81272533,8
13.81689233,8
13.82105933,8
13.82522633,8
13.82939333,8
13.83356033,8
13.83772733,8
13.84189433,8
13.84606133,8
13.85022833,8
13.85439533,8
13.85856233,8
13.86272933,8
13.86689633,8
13.87106333,8
13.87523033,8
13.87939733,8
13.88356433,8
13.88773133,8
13.89189833,8
13.89606533,8
13.90023233,8
13.90439933,8
13.90856633,8
13.91273333,8
13.91690033,8
13.92106733,8
13.92523433,8
13.92940133,8
13.93356833,8
13.93773533,8
13.94190233,8
13.94606933,8
13.95023633,8
13.95440333,8
13.95857033,8
13.96273733,8
13.96690433,8
13.97107133,8
13.97523833,8
13.97940533,8
13.98357233,8
13.98773933,8
13.99190633,8
13.99607333,8
14.00024033,8
14.00440733,8
14.00857433,8
14.01274133,8
14.01690833,8
14.02107533,8
14.02524233,8
14.02940933,8
14.03357633,8
14.03774333,8
14.04191033,8
14.04607733,8
14.05024433,8
14.05441133,8
14.05857833,8
14.06274533,8
14.06691233,8
14.07107933,8
14.07524633,8
14.07941333,8
14.08358033,8
14.08774733,8
14.09191433,8
14.09608133,8
14.10024833,8
14.10441533,8
14.10858233,8
14.11274933,8
14.11691633,8
14.12108333,8
14.12525033,8
14.12941733,8
14.13358433,8
14.13775133,8
14.14191833,8
14.14608533,8
14.15025233,8
14.15441933,8
14.15858633,8
14.16275333,8
14.16692033,8
14.17108733,8
14.17525433,8
14.17942133,8
14.18358833,8
14.18775533,8
14.19192233,8
14.19608933,8
14.20025633,8
14.20442333,8
14.20859033,8
14.21275733,8
14.21692433,8
14.22109133,8
14.22525833,8
14.22942533,8
14.23359233,8
14.23775933,8
14.24192633,8
14.24609333,8
14.25026033,8
14.25442733,8
14.25859433,8
14.26276133,8
14.26692833,8
14.27109533,8
14.27526233,8
14.27942933,8
14.28359633,8
14.28776333,8
14.29193033,8
14.29609733,8
14.30026433,8
14.30443133,8
14.30859833,8
14.31276533,8
14.31693233,8
14.32109933,8
14.32526633,8
14.32943333,8
14.33360033,8
14.33776733,8
14.34193433,8
14.34610133,8
14.35026833,8
14.35443533,8
14.35860233,8
14.36276933,8
14.36693633,8
14.37110333,8
14.37527033,8
14.37943733,8
14.38360433,8
14.38777133,8
14.39193833,8
14.39610533,8
14.40027233,8
14.40443933,8
14.40860633,8
14.41277333,8
14.41694033,8
14.42110733,8
14.42527433,8
14.42944133,8
14.43360833,8
14.43777533,8
14.44194233,8
14.44610933,8
14.45027633,8
14.45444333,8
14.45861033,8
14.46277733,8
14.46694433,8
14.47111133,8
14.47527833,8
14.47944533,8
14.48361233,8
14.48777933,8
14.49194633,8
14.49611333,8
14.50028033,8
14.50444733,8
14.50861433,8
14.51278133,8
14.51694833,8
14.52111533,8
14.52528233,8
14.52944933,8
14.53361633,8
14.53778333,8
14.54195033,8
14.54611733,8
14.55028433,8
14.55445133,8
14.55861833,8
14.56278533,8
14.56695233,8
14.57111933,8
14.57528633,8
14.57945333,8
14.58362033,8
14.58778733,8
14.59195433,8
14.59612133,8
14.60028833,8
14.60445533,8
14.60862233,8
14.61278933,8
14.61695633,8
14.62112333,8
14.62529033,8
14.62945733,8
14.63362433,8
14.63779133,8
14.64195833,8
14.64612533,8
14.65029233,8
14.65445933,8
14.65862633,8
14.66279333,8
14.66696033,8
14.67112733,8
14.67529433,8
14.67946133,8
14.68362833,8
14.68779533,8
14.69196233,8
14.69612933,8
14.70029633,8
14.70446333,8
14.70863033,8
14.71279733,8
14.71696433,8
14.72113133,8
14.72529833,8
14.72946533,8
14.73363233,8
14.73779933,8
14.74196633,8
14.74613333,8
14.75030033,8
14.75446733,8
14.75863433,8
14.76280133,8
14.76696833,8
14.77113533,8
14.77530233,8
14.77946933,8
14.78363633,8
14.78780333,8
14.79197033,8
14.79613733,8
14.80030433,8
14.80447133,8
14.80863833,8
14.81280533,8
14.81697233,8
14.82113933,8
14.82530633,8
14.82947333,8
14.83364033,8
14.83780733,8
14.84197433,8
14.84614133,8
14.85030833,8
14.85447533,8
14.85864233,8
14.86280933,8
14.86697633,8
14.87114333,8
14.87531033,8
14.87947733,8
14.88364433,8
14.88781133,8
14.89197833,8
14.89614533,8
14.90031233,8
14.90447933,8
14.90864633,8
14.91281333,8
14.91698033,8
14.92114733,8
14.92531433,8
14.92948133,8
14.93364833,8
14.93781533,8
14.94198233,8
14.94614933,8
14.95031633,8
14.95448333,8
14.95865033,8
14.96281733,8
14.96698433,8
14.97115133,8
14.97531833,8
14.97948533,8
14.98365233,8
14.98781933,8
14.99198633,8
14.99615333,8
15.00032033,8
15.00448733,8
15.00865433,8
15.01282133,8
15.01698833,8
15.02115533,8
15.02532233,8
15.02948933,8
15.03365633,8
15.03782333,8
15.04199033,8
15.04615733,8
15.05032433,8
15.05449133,8
15.05865833,8
15.06282533,8
15.06699233,8
15.07115933,8
15.07532633,8
15.07949333,8
15.08366033,8
15.08782733,8
15.09199433,8
15.09616133,8
15.10032833,8
15.10449533,8
15.10866233,8
15.11282933,8
15.11699633,8
15.12116333,8
15.12533033,8
15.12949733,8
15.13366433,8
15.13783133,8
15.14199833,8
15.14616533,8
15.15033233,8
15.15449933,8
15.15866633,8
15.16283333,8
15.16700033,8
15.17116733,8
15.17533433,8
15.17950133,8
15.18366833,8
15.18783533,8
15.19200233,8
15.19616933,8
15.20033633,8
15.20450333,8
15.20867033,8
15.21283733,8
15.21700433,8
15.22117133,8
15.22533833,8
15.22950533,8
15.23367233,8
15.23783933,8
15.24200633,8
15.24617333,8
15.25034033,8
15.25450733,8
15.25867433,8
15.26284133,8
15.26700833,8
15.27117533,8
15.27534233,8
15.27950933,8
15.28367633,8
15.28784333,8
15.29201033,8
15.29617733,8
15.30034433,8
15.30451133,8
15.30867833,8
15.31284533,8
15.31701233,8
15.32117933,8
15.32534633,8
15.32951333,8
15.33368033,8
15.33784733,8
15.34201433,8
15.34618133,8
15.35034833,8
15.35451533,8
15.35868233,8
15.36284933,8
15.36701633,8
15.37118333,8
15.37535033,8
15.37951733,8
15.38368433,8
15.38785133,8
15.39201833,8
15.39618533,8
15.40035233,8
15.40451933,8
15.40868633,8
15.41285333,8
15.41702033,8
15.42118733,8
15.42535433,8
15.42952133,8
15.43368833,8
15.43785533,8
15.44202233,8
15.44618933,8
15.45035633,8
15.45452333,8
15.45869033,8
15.46285733,8
15.46702433,8
15.47119133,8
15.47535833,8
15.47952533,8
15.48369233,8
15.48785933,8
15.49202633,8
15.49619333,8
15.50036033,8
15.50452733,8
15.50869433,8
15.51286133,8
15.51702833,8
15.52119533,8
15.52536233,8
15.52952933,8
15.53369633,8
15.53786333,8
15.54203033,8
15.54619733,8
15.55036433,8
15.55453133,8
15.55869833,8
15.56286533,8
15.56703233,8
15.57119933,8
15.57536633,8
15.57953333,8
15.58370033,8
15.58786733,8
15.59203433,8
15.59620133,8
15.60036833,8
15.60453533,8
15.60870233,8
15.61286933,8
15.61703633,8
15.62120333,8
15.62537033,8
15.62953733,8
15.63370433,8
15.63787133,8
15.64203833,8
15.64620533,8
15.65037233,8
15.65453933,8
15.65870633,8
15.66287333,8
15.66704033,8
15.67120733,8
15.67537433,8
15.67954133,8
15.68370833,8
15.68787533,8
15.69204233,8
15.69620933,8
15.70037633,8
15.70454333,8
15.70871033,8
15.71287733,8
15.71704433,8
15.72121133,8
15.72537833,8
15.72954533,8
15.73371233,8
15.73787933,8
15.74204633,8
15.74621333,8
15.75038033,8
15.75454733,8
15.75871433,8
15.76288133,8
15.76704833,8
15.77121533,8
15.77538233,8
15.77954933,8
15.78371633,8
15.78788333,8
15.79205033,8
15.79621733,8
15.80038433,8
15.80455133,8
15.80871833,8
15.81288533,8
15.81705233,8
15.82121933,8
15.82538633,8
15.82955333,8
15.83372033,8
15.83788733,8
15.84205433,8
15.84622133,8
15.85038833,8
15.85455533,8
15.85872233,8
15.86288933,8
15.86705633,8
15.87122333,8
15.87539033,8
15.87955733,8
15.88372433,8
15.88789133,8
15.89205833,8
15.89622533,8
15.90039233,8
15.90455933,8
15.90872633,8
15.91289333,8
15.91706033,8
15.92122733,8
15.92539433,8
15.92956133,8
15.93372833,8
15.93789533,8
15.94206233,8
15.94622933,8
15.95039633,8
15.95456333,8
15.95873033,8
15.96289733,8
15.96706433,8
15.97123133,8
15.97539833,8
15.97956533,8
15.98373233,8
15.98789933,8
15.99206633,8
15.99623333,8
16.00040033,8
16.00456733,8
16.00873433,8
16.01290133,8
16.01706833,8
16.02123533,8
16.02540233,8
16.02956933,8
16.03373633,8
16.03790333,8
16.04207033,8
16.04623733,8
16.05040433,8
16.05457133,8
16.05873833,8
16.06290533,8
16.06707233,8
16.07123933,8
16.07540633,8
16.07957333,8
16.08374033,8
16.08790733,8
16.09207433,8
16.09624133,8
16.10040833,8
16.10457533,8
16.10874233,8
16.11290933,8
16.11707633,8
16.12124333,8
16.12541033,8
16.12957733,8
16.13374433,8
16.13791133,8
16.14207833,8
16.14624533,8
16.15041233,8
16.15457933,8
16.15874633,8
16.16291333,8
16.16708033,8
16.17124733,8
16.17541433,8
16.17958133,8
16.18374833,8
16.18791533,8
16.19208233,8
16.19624933,8
16.20041633,8
16.20458333,8
16.20875033,8
16.21291733,8
16.21708433,8
16.22125133,8
16.22541833,8
16.22958533,8
16.23375233,8
16.23791933,8
16.24208633,8
16.24625333,8
16.25042033,8
16.25458733,8
16.25875433,8
16.26292133,8
16.26708833,8
16.27125533,8
16.27542233,8
16.27958933,8
16.28375633,8
16.28792333,8
16.29209033,8
16.29625733,8
16.30042433,8
16.30459133,8
16.30875833,8
16.31292533,8
16.31709233,8
16.32125933,8
16.32542633,8
16.32959333,8
16.33376033,8
16.33792733,8
16.34209433,8
16.34626133,8
16.35042833,8
16.35459533,8
16.35876233,8
16.36292933,8
16.36709633,8
16.37126333,8
16.37543033,8
16.37959733,8
16.38376433,8
16.38793133,8
16.39209833,8
16.39626533,8
16.40043233,8
16.40459933,8
16.40876633,8
16.41293333,8
16.41710033,8
16.42126733,8
16.42543433,8
16.42960133,8
16.43376833,8
16.43793533,8
16.44210233,8
16.44626933,8
16.45043633,8
16.45460333,8
16.45877033,8
16.46293733,8
16.46710433,8
16.47127133,8
16.47543833,8
16.47960533,8
16.48377233,8
16.48793933,8
16.49210633,8
16.49627333,8
16.50044033,8
16.50460733,8
16.50877433,8
16.51294133,8
16.51710833,8
16.52127533,8
16.52544233,8
16.52960933,8
16.53377633,8
16.53794333,8
16.54211033,8
16.54627733,8
16.55044433,8
16.55461133,8
16.55877833,8
16.56294533,8
16.56711233,8
16.57127933,8
16.57544633,8
16.57961333,8
16.58378033,8
16.58794733,8
16.59211433,8
16.59628133,8
16.60044833,8
16.60461533,8
16.60878233,8
16.61294933,8
16.61711633,8
16.62128333,8
16.62545033,8
16.62961733,8
16.63378433,8
16.63795133,8
16.64211833,8
16.64628533,8
16.65045233,8
16.65461933,8
16.65878633,8
16.66295333,8
16.66712033,8
16.67128733,8
16.67545433,8
16.67962133,8
16.68378833,8
16.68795533,8
16.69212233,8
16.69628933,8
16.70045633,8
16.70462333,8
16.70879033,8
16.71295733,8
16.71712433,8
16.72129133,8
16.72545833,8
16.72962533,8
16.73379233,8
16.73795933,8
16.74212633,8
16.74629333,8
16.75046033,8
16.75462733,8
16.75879433,8
16.76296133,8
16.76712833,8
16.77129533,8
16.77546233,8
16.77962933,8
16.78379633,8
16.78796333,8
16.79213033,8
16.79629733,8
16.80046433,8
16.80463133,8
16.80879833,8
16.81296533,8
16.81713233,8
16.82129933,8
16.82546633,8
16.82963333,8
16.83380033,8
16.83796733,8
16.84213433,8
16.84630133,8
16.85046833,8
16.85463533,8
16.85880233,8
16.86296933,8
16.86713633,8
16.87130333,8
16.87547033,8
16.87963733,8
16.88380433,8
16.88797133,8
16.89213833,8
16.89630533,8
16.90047233,8
16.90463933,8
16.90880633,8
16.91297333,8
16.91714033,8
16.92130733,8
16.92547433,8
16.92964133,8
16.93380833,8
16.93797533,8
16.94214233,8
16.94630933,8
16.95047633,8
16.95464333,8
16.95881033,8
16.96297733,8
16.96714433,8
16.97131133,8
16.97547833,8
16.97964533,8
16.98381233,8
16.98797933,8
16.99214633,8
16.99631333,8
17.00048033,8
17.00464733,8
17.00881433,8
17.01298133,8
17.01714833,8
17.02131533,8
17.02548233,8
17.02964933,8
17.03381633,8
17.03798333,8
17.04215033,8
17.04631733,8
17.05048433,8
17.05465133,8
17.05881833,8
17.06298533,8
17.06715233,8
17.07131933,8
17.07548633,8
17.07965333,8
17.08382033,8
17.08798733,8
17.09215433,8
17.09632133,8
17.10048833,8
17.10465533,8
17.10882233,8
17.11298933,8
17.11715633,8
17.12132333,8
17.12549033,8
17.12965733,8
17.13382433,8
17.13799133,8
17.14215833,8
17.14632533,8
17.15049233,8
17.15465933,8
17.15882633,8
17.16299333,8
17.16716033,8
17.17132733,8
17.17549433,8
17.17966133,8
17.18382833,8
17.18799533,8
17.19216233,8
17.19632933,8
17.20049633,8
17.20466333,8
17.20883033,8
17.21299733,8
17.21716433,8
17.22133133,8
17.22549833,8
17.22966533,8
17.23383233,8
17.23799933,8
17.24216633,8
17.24633333,8
17.25050033,8
17.25466733,8
17.25883433,8
17.26300133,8
17.26716833,8
17.27133533,8
17.27550233,8
17.27966933,8
17.28383633,8
17.28800333,8
17.29217033,8
17.29633733,8
17.30050433,8
17.30467133,8
17.30883833,8
17.31300533,8
17.31717233,8
17.32133933,8
17.32550633,8
17.32967333,8
17.33384033,8
17.33800733,8
17.34217433,8
17.34634133,8
17.35050833,8
17.35467533,8
17.35884233,8
17.36300933,8
17.36717633,8
17.37134333,8
17.37551033,8
17.37967733,8
17.38384433,8
17.38801133,8
17.39217833,8
17.39634533,8
17.40051233,8
17.40467933,8
17.40884633,8
17.41301333,8
17.41718033,8
17.42134733,8
17.42551433,8
17.42968133,8
17.43384833,8
17.43801533,8
17.44218233,8
17.44634933,8
17.45051633,8
17.45468333,8
17.45885033,8
17.46301733,8
17.46718433,8
17.47135133,8
17.47551833,8
17.47968533,8
17.48385233,8
17.48801933,8
17.49218633,8
17.49635333,8
17.50052033,8
17.50468733,8
17.50885433,8
17.51302133,8
17.51718833,8
17.52135533,8
17.52552233,8
17.52968933,8
17.53385633,8
17.53802333,8
17.54219033,8
17.54635733,8
17.55052433,8
17.55469133,8
17.55885833,8
17.56302533,8
17.56719233,8
17.57135933,8
17.57552633,8
17.57969333,8
17.58386033,8
17.58802733,8
17.59219433,8
17.59636133,8
17.60052833,8
17.60469533,8
17.60886233,8
17.61302933,8
17.61719633,8
17.62136333,8
17.62553033,8
17.62969733,8
17.63386433,8
17.63803133,8
17.64219833,8
17.64636533,8
17.65053233,8
17.65469933,8
17.65886633,8
17.66303333,8
17.66720033,8
17.67136733,8
17.67553433,8
17.67970133,8
17.68386833,8
17.68803533,8
17.69220233,8
17.69636933,8
17.70053633,8
17.70470333,8
17.70887033,8
17.71303733,8
17.71720433,8
17.72137133,8
17.72553833,8
17.72970533,8
17.73387233,8
17.73803933,8
17.74220633,8
17.74637333,8
17.75054033,8
17.75470733,8
17.75887433,8
17.76304133,8
17.76720833,8
17.77137533,8
17.77554233,8
17.77970933,8
17.78387633,8
17.78804333,8
17.79221033,8
17.79637733,8
17.80054433,8
17.80471133,8
17.80887833,8
17.81304533,8
17.81721233,8
17.82137933,8
17.82554633,8
17.82971333,8
17.83388033,8
17.83804733,8
17.84221433,8
17.84638133,8
17.85054833,8
17.85471533,8
17.85888233,8
17.86304933,8
17.86721633,8
17.87138333,8
17.87555033,8
17.87971733,8
17.88388433,8
17.88805133,8
17.89221833,8
17.89638533,8
17.90055233,8
17.90471933,8
17.90888633,8
17.91305333,8
17.91722033,8
17.92138733,8
17.92555433,8
17.92972133,8
17.93388833,8
17.93805533,8
17.94222233,8
17.94638933,8
17.95055633,8
17.95472333,8
17.95889033,8
17.96305733,8
17.96722433,8
17.97139133,8
17.97555833,8
17.97972533,8
17.98389233,8
17.98805933,8
17.99222633,8
17.99639333,8
18.00056033,8
18.00472733,8
18.00889433,8
18.01306133,8
18.01722833,8
18.02139533,8
18.02556233,8
18.02972933,8
18.03389633,8
18.03806333,8
18.04223033,8
18.04639733,8
18.05056433,8
18.05473133,8
18.05889833,8
18.06306533,8
18.06723233,8
18.07139933,8
18.07556633,8
18.07973333,8
18.08390033,8
18.08806733,8
18.09223433,8
18.09640133,8
18.10056833,8
18.10473533,8
18.10890233,8
18.11306933,8
18.11723633,8
18.12140333,8
18.12557033,8
18.12973733,8
18.13390433,8
18.13807133,8
18.14223833,8
18.14640533,8
18.15057233,8
18.15473933,8
18.15890633,8
18.16307333,8
18.16724033,8
18.17140733,8
18.17557433,8
18.17974133,8
18.18390833,8
18.18807533,8
18.19224233,8
18.19640933,8
18.20057633,8
18.20474333,8
18.20891033,8
18.21307733,8
18.21724433,8
18.22141133,8
18.22557833,8
18.22974533,8
18.23391233,8
18.23807933,8
18.24224633,8
18.24641333,8
18.25058033,8
18.25474733,8
18.25891433,8
18.26308133,8
18.26724833,8
18.27141533,8
18.27558233,8
18.27974933,8
18.28391633,8
18.28808333,8
18.29225033,8
18.29641733,8
18.30058433,8
18.30475133,8
18.30891833,8
18.31308533,8
18.31725233,8
18.32141933,8
18.32558633,8
18.32975333,8
18.33392033,8
18.33808733,8
18.34225433,8
18.34642133,8
18.35058833,8
18.35475533,8
18.35892233,8
18.36308933,8
18.36725633,8
18.37142333,8
18.37559033,8
18.37975733,8
18.38392433,8
18.38809133,8
18.39225833,8
18.39642533,8
18.40059233,8
18.40475933,8
18.40892633,8
18.41309333,8
18.41726033,8
18.42142733,8
18.42559433,8
18.42976133,8
18.43392833,8
18.43809533,8
18.44226233,8
18.44642933,8
18.45059633,8
18.45476333,8
18.45893033,8
18.46309733,8
18.46726433,8
18.47143133,8
18.47559833,8
18.47976533,8
18.48393233,8
18.48809933,8
18.49226633,8
18.49643333,8
18.50060033,8
18.50476733,8
18.50893433,8
18.51310133,8
18.51726833,8
18.52143533,8
18.52560233,8
18.52976933,8
18.53393633,8
18.53810333,8
18.54227033,8
18.54643733,8
18.55060433,8
18.55477133,8
18.55893833,8
18.56310533,8
18.56727233,8
18.57143933,8
18.57560633,8
18.57977333,8
18.58394033,8
18.58810733,8
18.59227433,8
18.59644133,8
18.60060833,8
18.60477533,8
18.60894233,8
18.61310933,8
18.61727633,8
18.62144333,8
18.62561033,8
18.62977733,8
18.63394433,8
18.63811133,8
18.64227833,8
18.64644533,8
18.65061233,8
18.65477933,8
18.65894633,8
18.66311333,8
18.66728033,8
18.67144733,8
18.67561433,8
18.67978133,8
18.68394833,8
18.68811533,8
18.69228233,8
18.69644933,8
18.70061633,8
18.70478333,8
18.70895033,8
18.71311733,8
18.71728433,8
18.72145133,8
18.72561833,8
18.72978533,8
18.73395233,8
18.73811933,8
18.74228633,8
18.74645333,8
18.75062033,8
18.75478733,8
18.75895433,8
18.76312133,8
18.76728833,8
18.77145533,8
18.77562233,8
18.77978933,8
18.78395633,8
18.78812333,8
18.79229033,8
18.79645733,8
18.80062433,8
18.80479133,8
18.80895833,8
18.81312533,8
18.81729233,8
18.82145933,8
18.82562633,8
18.82979333,8
18.83396033,8
18.83812733,8
18.84229433,8
18.84646133,8
18.85062833,8
18.85479533,8
18.85896233,8
18.86312933,8
18.86729633,8
18.87146333,8
18.87563033,8
18.87979733,8
18.88396433,8
18.88813133,8
18.89229833,8
18.89646533,8
18.90063233,8
18.90479933,8
18.90896633,8
18.91313333,8
18.91730033,8
18.92146733,8
18.92563433,8
18.92980133,8
18.93396833,8
18.93813533,8
18.94230233,8
18.94646933,8
18.95063633,8
18.95480333,8
18.95897033,8
18.96313733,8
18.96730433,8
18.97147133,8
18.97563833,8
18.97980533,8
18.98397233,8
18.98813933,8
18.99230633,8
18.99647333,8
19.00064033,8
19.00480733,8
19.00897433,8
19.01314133,8
19.01730833,8
19.02147533,8
19.02564233,8
19.02980933,8
19.03397633,8
19.03814333,8
19.04231033,8
19.04647733,8
19.05064433,8
19.05481133,8
19.05897833,8
19.06314533,8
19.06731233,8
19.07147933,8
19.07564633,8
19.07981333,8
19.08398033,8
19.08814733,8
19.09231433,8
19.09648133,8
19.10064833,8
19.10481533,8
19.10898233,8
19.11314933,8
19.11731633,8
19.12148333,8
19.12565033,8
19.12981733,8
19.13398433,8
19.13815133,8
19.14231833,8
19.14648533,8
19.15065233,8
19.15481933,8
19.15898633,8
19.16315333,8
19.16732033,8
19.17148733,8
19.17565433,8
19.17982133,8
19.18398833,8
19.18815533,8
19.19232233,8
19.19648933,8
19.20065633,8
19.20482333,8
19.20899033,8
19.21315733,8
19.21732433,8
19.22149133,8
19.22565833,8
19.22982533,8
19.23399233,8
19.23815933,8
19.24232633,8
19.24649333,8
19.25066033,8
19.25482733,8
19.25899433,8
19.26316133,8
19.26732833,8
19.27149533,8
19.27566233,8
19.27982933,8
19.28399633,8
19.28816333,8
19.29233033,8
19.29649733,8
19.30066433,8
19.30483133,8
19.30899833,8
19.31316533,8
19.31733233,8
19.32149933,8
19.32566633,8
19.32983333,8
19.33400033,8
19.33816733,8
19.34233433,8
19.34650133,8
19.35066833,8
19.35483533,8
19.35900233,8
19.36316933,8
19.36733633,8
19.37150333,8
19.37567033,8
19.37983733,8
19.38400433,8
19.38817133,8
19.39233833,8
19.39650533,8
19.40067233,8
19.40483933,8
19.40900633,8
19.41317333,8
19.41734033,8
19.42150733,8
19.42567433,8
19.42984133,8
19.43400833,8
19.43817533,8
19.44234233,8
19.44650933,8
19.45067633,8
19.45484333,8
19.45901033,8
19.46317733,8
19.46734433,8
19.47151133,8
19.47567833,8
19.47984533,8
19.48401233,8
19.48817933,8
19.49234633,8
19.49651333,8
19.50068033,8
19.50484733,8
19.50901433,8
19.51318133,8
19.51734833,8
19.52151533,8
19.52568233,8
19.52984933,8
19.53401633,8
19.53818333,8
19.54235033,8
19.54651733,8
19.55068433,8
19.55485133,8
19.55901833,8
19.56318533,8
19.56735233,8
19.57151933,8
19.57568633,8
19.57985333,8
19.58402033,8
19.58818733,8
19.59235433,8
19.59652133,8
19.60068833,8
19.60485533,8
19.60902233,8
19.61318933,8
19.61735633,8
19.62152333,8
19.62569033,8
19.62985733,8
19.63402433,8
19.63819133,8
19.64235833,8
19.64652533,8
19.65069233,8
19.65485933,8
19.65902633,8
19.66319333,8
19.66736033,8
19.67152733,8
19.67569433,8
19.67986133,8
19.68402833,8
19.68819533,8
19.69236233,8
19.69652933,8
19.70069633,8
19.70486333,8
19.70903033,8
19.71319733,8
19.71736433,8
19.72153133,8
19.72569833,8
19.72986533,8
19.73403233,8
19.73819933,8
19.74236633,8
19.74653333,8
19.75070033,8
19.75486733,8
19.75903433,8
19.76320133,8
19.76736833,8
19.77153533,8
19.77570233,8
19.77986933,8
19.78403633,8
19.78820333,8
19.79237033,8
19.79653733,8
19.80070433,8
19.80487133,8
19.80903833,8
19.81320533,8
19.81737233,8
19.82153933,8
19.82570633,8
19.82987333,8
19.83404033,8
19.83820733,8
19.84237433,8
19.84654133,8
19.85070833,8
19.85487533,8
19.85904233,8
19.86320933,8
19.86737633,8
19.87154333,8
19.87571033,8
19.87987733,8
19.88404433,8
19.88821133,8
19.89237833,8
19.89654533,8
19.90071233,8
19.90487933,8
19.90904633,8
19.91321333,8
19.91738033,8
19.92154733,8
19.92571433,8
19.92988133,8
19.93404833,8
19.93821533,8
19.94238233,8
19.94654933,8
19.95071633,8
19.95488333,8
19.95905033,8
19.96321733,8
19.96738433,8
19.97155133,8
19.97571833,8
19.97988533,8
19.98405233,8
19.98821933,8
19.99238633,8
19.99655333,8
20.00072033,8
20.00488733,8
20.00905433,8
20.01322133,8
20.01738833,8
20.02155533,8
20.02572233,8
20.02988933,8
20.03405633,8
20.03822333,8
20.04239033,8
20.04655733,8
20.05072433,8
20.05489133,8
20.05905833,8
20.06322533,8
20.06739233,8
20.07155933,8
20.07572633,8
20.07989333,8
20.08406033,8
20.08822733,8
20.09239433,8
20.09656133,8
20.10072833,8
20.10489533,8
20.10906233,8
20.11322933,8
20.11739633,8
20.12156333,8
20.12573033,8
20.12989733,8
20.13406433,8
20.13823133,8
20.14239833,8
20.14656533,8
20.15073233,8
20.15489933,8
20.15906633,8
20.16323333,8
20.16740033,8
20.17156733,8
20.17573433,8
20.17990133,8
20.18406833,8
20.18823533,8
20.19240233,8
20.19656933,8
20.20073633,8
20.20490333,8
20.20907033,8
20.21323733,8
20.21740433,8
20.22157133,8
20.22573833,8
20.22990533,8
20.23407233,8
20.23823933,8
20.24240633,8
20.24657333,8
20.25074033,8
20.25490733,8
20.25907433,8
20.26324133,8
20.26740833,8
20.27157533,8
20.27574233,8
20.27990933,8
20.28407633,8
20.28824333,8
20.29241033,8
20.29657733,8
20.30074433,8
20.30491133,8
20.30907833,8
20.31324533,8
20.31741233,8
20.32157933,8
20.32574633,8
20.32991333,8
20.33408033,8
20.33824733,8
20.34241433,8
20.34658133,8
20.35074833,8
20.35491533,8
20.35908233,8
20.36324933,8
20.36741633,8
20.37158333,8
20.37575033,8
20.37991733,8
20.38408433,8
20.38825133,8
20.39241833,8
20.39658533,8
20.40075233,8
20.40491933,8
20.40908633,8
20.41325333,8
20.41742033,8
20.42158733,8
20.42575433,8
20.42992133,8
20.43408833,8
20.43825533,8
20.44242233,8
20.44658933,8
20.45075633,8
20.45492333,8
20.45909033,8
20.46325733,8
20.46742433,8
20.47159133,8
20.47575833,8
20.47992533,8
20.48409233,8
20.48825933,8
20.49242633,8
20.49659333,8
20.50076033,8
20.50492733,8
20.50909433,8
20.51326133,8
20.51742833,8
20.52159533,8
20.52576233,8
20.52992933,8
20.53409633,8
20.53826333,8
20.54243033,8
20.54659733,8
20.55076433,8
20.55493133,8
20.55909833,8
20.56326533,8
20.56743233,8
20.57159933,8
20.57576633,8
20.57993333,8
20.58410033,8
20.58826733,8
20.59243433,8
20.59660133,8
20.60076833,8
20.60493533,8
20.60910233,8
20.61326933,8
20.61743633,8
20.62160333,8
20.62577033,8
20.62993733,8
20.63410433,8
20.63827133,8
20.64243833,8
20.64660533,8
20.65077233,8
20.65493933,8
20.65910633,8
20.66327333,8
20.66744033,8
20.67160733,8
20.67577433,8
20.67994133,8
20.68410833,8
20.68827533,8
20.69244233,8
20.69660933,8
20.70077633,8
20.70494333,8
20.70911033,8
20.71327733,8
20.71744433,8
20.72161133,8
20.72577833,8
20.72994533,8
20.73411233,8
20.73827933,8
20.74244633,8
20.74661333,8
20.75078033,8
20.75494733,8
20.75911433,8
20.76328133,8
20.76744833,8
20.77161533,8
20.77578233,8
20.77994933,8
20.78411633,8
20.78828333,8
20.79245033,8
20.79661733,8
20.80078433,8
20.80495133,8
20.80911833,8
20.81328533,8
20.81745233,8
20.82161933,8
20.82578633,8
20.82995333,8
20.83412033,8
20.83828733,8
20.84245433,8
20.84662133,8
20.85078833,8
20.85495533,8
20.85912233,8
20.86328933,8
20.86745633,8
20.87162333,8
20.87579033,8
20.87995733,8
20.88412433,8
20.88829133,8
20.89245833,8
20.89662533,8
20.90079233,8
20.90495933,8
20.90912633,8
20.91329333,8
20.91746033,8
20.92162733,8
20.92579433,8
20.92996133,8
20.93412833,8
20.93829533,8
20.94246233,8
20.94662933,8
20.95079633,8
20.95496333,8
20.95913033,8
20.96329733,8
20.96746433,8
20.97163133,8
20.97579833,8
20.97996533,8
20.98413233,8
20.98829933,8
20.99246633,8
20.99663333,8
21.00080033,8
21.00496733,8
21.00913433,8
21.01330133,8
21.01746833,8
21.02163533,8
21.02580233,8
21.02996933,8
21.03413633,8
21.03830333,8
21.04247033,8
21.04663733,8
21.05080433,8
21.05497133,8
21.05913833,8
21.06330533,8
21.06747233,8
21.07163933,8
21.07580633,8
21.07997333,8
21.08414033,8
21.08830733,8
21.09247433,8
21.09664133,8
21.10080833,8
21.10497533,8
21.10914233,8
21.11330933,8
21.11747633,8
21.12164333,8
21.12581033,8
21.12997733,8
21.13414433,8
21.13831133,8
21.14247833,8
21.14664533,8
21.15081233,8
21.15497933,8
21.15914633,8
21.16331333,8
21.16748033,8
21.17164733,8
21.17581433,8
21.17998133,8
21.18414833,8
21.18831533,8
21.19248233,8
21.19664933,8
21.20081633,8
21.20498333,8
21.20915033,8
21.21331733,8
21.21748433,8
21.22165133,8
21.22581833,8
21.22998533,8
21.23415233,8
21.23831933,8
21.24248633,8
21.24665333,8
21.25082033,8
21.25498733,8
21.25915433,8
21.26332133,8
21.26748833,8
21.27165533,8
21.27582233,8
21.27998933,8
21.28415633,8
21.28832333,8
21.29249033,8
21.29665733,8
21.30082433,8
21.30499133,8
21.30915833,8
21.31332533,8
21.31749233,8
21.32165933,8
21.32582633,8
21.32999333,8
21.33416033,8
21.33832733,8
21.34249433,8
21.34666133,8
21.35082833,8
21.35499533,8
21.35916233,8
21.36332933,8
21.36749633,8
21.37166333,8
21.37583033,8
21.37999733,8
21.38416433,8
21.38833133,8
21.39249833,8
21.39666533,8
21.40083233,8
21.40499933,8
21.40916633,8
21.41333333,8
21.41750033,8
21.42166733,8
21.42583433,8
21.43000133,8
21.43416833,8
21.43833533,8
21.44250233,8
21.44666933,8
21.45083633,8
21.45500333,8
21.45917033,8
21.46333733,8
21.46750433,8
21.47167133,8
21.47583833,8
21.48000533,8
21.48417233,8
21.48833933,8
21.49250633,8
21.49667333,8
21.50084033,8
21.50500733,8
21.50917433,8
21.51334133,8
21.51750833,8
21.52167533,8
21.52584233,8
21.53000933,8
21.53417633,8
21.53834333,8
21.54251033,8
21.54667733,8
21.55084433,8
21.55501133,8
21.55917833,8
21.56334533,8
21.56751233,8
21.57167933,8
21.57584633,8
21.58001333,8
21.58418033,8
21.58834733,8
21.59251433,8
21.59668133,8
21.60084833,8
21.60501533,8
21.60918233,8
21.61334933,8
21.61751633,8
21.62168333,8
21.62585033,8
21.63001733,8
21.63418433,8
21.63835133,8
21.64251833,8
21.64668533,8
21.65085233,8
21.65501933,8
21.65918633,8
21.66335333,8
21.66752033,8
21.67168733,8
21.67585433,8
21.68002133,8
21.68418833,8
21.68835533,8
21.69252233,8
21.69668933,8
21.70085633,8
21.70502333,8
21.70919033,8
21.71335733,8
21.71752433,8
21.72169133,8
21.72585833,8
21.73002533,8
21.73419233,8
21.73835933,8
21.74252633,8
21.74669333,8
21.75086033,8
21.75502733,8
21.75919433,8
21.76336133,8
21.76752833,8
21.77169533,8
21.77586233,8
21.78002933,8
21.78419633,8
21.78836333,8
21.79253033,8
21.79669733,8
21.80086433,8
21.80503133,8
21.80919833,8
21.81336533,8
21.81753233,8
21.82169933,8
21.82586633,8
21.83003333,8
21.83420033,8
21.83836733,8
21.84253433,8
21.84670133,8
21.85086833,8
21.85503533,8
21.85920233,8
21.86336933,8
21.86753633,8
21.87170333,8
21.87587033,8
21.88003733,8
21.88420433,8
21.88837133,8
21.89253833,8
21.89670533,8
21.90087233,8
21.90503933,8
21.90920633,8
21.91337333,8
21.91754033,8
21.92170733,8
21.92587433,8
21.93004133,8
21.93420833,8
21.93837533,8
21.94254233,8
21.94670933,8
21.95087633,8
21.95504333,8
21.95921033,8
21.96337733,8
21.96754433,8
21.97171133,8
21.97587833,8
21.98004533,8
21.98421233,8
21.98837933,8
21.99254633,8
21.99671333,8
22.00088033,8
22.00504733,8
22.00921433,8
22.01338133,8
22.01754833,8
22.02171533,8
22.02588233,8
22.03004933,8
22.03421633,8
22.03838333,8
22.04255033,8
22.04671733,8
22.05088433,8
22.05505133,8
22.05921833,8
22.06338533,8
22.06755233,8
22.07171933,8
22.07588633,8
22.08005333,8
22.08422033,8
22.08838733,8
22.09255433,8
22.09672133,8
22.10088833,8
22.10505533,8
22.10922233,8
22.11338933,8
22.11755633,8
22.12172333,8
22.12589033,8
22.13005733,8
22.13422433,8
22.13839133,8
22.14255833,8
22.14672533,8
22.15089233,8
22.15505933,8
22.15922633,8
22.16339333,8
22.16756033,8
22.17172733,8
22.17589433,8
22.18006133,8
22.18422833,8
22.18839533,8
22.19256233,8
22.19672933,8
22.20089633,8
22.20506333,8
22.20923033,8
22.21339733,8
22.21756433,8
22.22173133,8
22.22589833,8
22.23006533,8
22.23423233,8
22.23839933,8
22.24256633,8
22.24673333,8
22.25090033,8
22.25506733,8
22.25923433,8
22.26340133,8
22.26756833,8
22.27173533,8
22.27590233,8
22.28006933,8
22.28423633,8
22.28840333,8
22.29257033,8
22.29673733,8
22.30090433,8
22.30507133,8
22.30923833,8
22.31340533,8
22.31757233,8
22.32173933,8
22.32590633,8
22.33007333,8
22.33424033,8
22.33840733,8
22.34257433,8
22.34674133,8
22.35090833,8
22.35507533,8
22.35924233,8
22.36340933,8
22.36757633,8
22.37174333,8
22.37591033,8
22.38007733,8
22.38424433,8
22.38841133,8
22.39257833,8
22.39674533,8
22.40091233,8
22.40507933,8
22.40924633,8
22.41341333,8
22.41758033,8
22.42174733,8
22.42591433,8
22.43008133,8
22.43424833,8
22.43841533,8
22.44258233,8
22.44674933,8
22.45091633,8
22.45508333,8
22.45925033,8
22.46341733,8
22.46758433,8
22.47175133,8
22.47591833,8
22.48008533,8
22.48425233,8
22.48841933,8
22.49258633,8
22.49675333,8
22.50092033,8
22.50508733,8
22.50925433,8
22.51342133,8
22.51758833,8
22.52175533,8
22.52592233,8
22.53008933,8
22.53425633,8
22.53842333,8
22.54259033,8
22.54675733,8
22.55092433,8
22.55509133,8
22.55925833,8
22.56342533,8
22.56759233,8
22.57175933,8
22.57592633,8
22.58009333,8
22.58426033,8
22.58842733,8
22.59259433,8
22.59676133,8
22.60092833,8
22.60509533,8
22.60926233,8
22.61342933,8
22.61759633,8
22.62176333,8
22.62593033,8
22.63009733,8
22.63426433,8
22.63843133,8
22.64259833,8
22.64676533,8
22.65093233,8
22.65509933,8
22.65926633,8
22.66343333,8
22.66760033,8
22.67176733,8
22.67593433,8
22.68010133,8
22.68426833,8
22.68843533,8
22.69260233,8
22.69676933,8
22.70093633,8
22.70510333,8
22.70927033,8
22.71343733,8
22.71760433,8
22.72177133,8
22.72593833,8
22.73010533,8
22.73427233,8
22.73843933,8
22.74260633,8
22.74677333,8
22.75094033,8
22.75510733,8
22.75927433,8
22.76344133,8
22.76760833,8
22.77177533,8
22.77594233,8
22.78010933,8
22.78427633,8
22.78844333,8
22.79261033,8
22.79677733,8
22.80094433,8
22.80511133,8
22.80927833,8
22.81344533,8
22.81761233,8
22.82177933,8
22.82594633,8
22.83011333,8
22.83428033,8
22.83844733,8
22.84261433,8
22.84678133,8
22.85094833,8
22.85511533,8
22.85928233,8
22.86344933,8
22.86761633,8
22.87178333,8
22.87595033,8
22.88011733,8
22.88428433,8
22.88845133,8
22.89261833,8
22.89678533,8
22.90095233,8
22.90511933,8
22.90928633,8
22.91345333,8
22.91762033,8
22.92178733,8
22.92595433,8
22.93012133,8
22.93428833,8
22.93845533,8
22.94262233,8
22.94678933,8
22.95095633,8
22.95512333,8
22.95929033,8
22.96345733,8
22.96762433,8
22.97179133,8
22.97595833,8
22.98012533,8
22.98429233,8
22.98845933,8
22.99262633,8
22.99679333,8
23.00096033,8
23.00512733,8
23.00929433,8
23.01346133,8
23.01762833,8
23.02179533,8
23.02596233,8
23.03012933,8
23.03429633,8
23.03846333,8
23.04263033,8
23.04679733,8
23.05096433,8
23.05513133,8
23.05929833,8
23.06346533,8
23.06763233,8
23.07179933,8
23.07596633,8
23.08013333,8
23.08430033,8
23.08846733,8
23.09263433,8
23.09680133,8
23.10096833,8
23.10513533,8
23.10930233,8
23.11346933,8
23.11763633,8
23.12180333,8
23.12597033,8
23.13013733,8
23.13430433,8
23.13847133,8
23.14263833,8
23.14680533,8
23.15097233,8
23.15513933,8
23.15930633,8
23.16347333,8
23.16764033,8
23.17180733,8
23.17597433,8
23.18014133,8
23.18430833,8
23.18847533,8
23.19264233,8
23.19680933,8
23.20097633,8
23.20514333,8
23.20931033,8
23.21347733,8
23.21764433,8
23.22181133,8
23.22597833,8
23.23014533,8
23.23431233,8
23.23847933,8
23.24264633,8
23.24681333,8
23.25098033,8
23.25514733,8
23.25931433,8
23.26348133,8
23.26764833,8
23.27181533,8
23.27598233,8
23.28014933,8
23.28431633,8
23.28848333,8
23.29265033,8
23.29681733,8
23.30098433,8
23.30515133,8
23.30931833,8
23.31348533,8
23.31765233,8
23.32181933,8
23.32598633,8
23.33015333,8
23.33432033,8
23.33848733,8
23.34265433,8
23.34682133,8
23.35098833,8
23.35515533,8
23.35932233,8
23.36348933,8
23.36765633,8
23.37182333,8
23.37599033,8
23.38015733,8
23.38432433,8
23.38849133,8
23.39265833,8
23.39682533,8
23.40099233,8
23.40515933,8
23.40932633,8
23.41349333,8
23.41766033,8
23.42182733,8
23.42599433,8
23.43016133,8
23.43432833,8
23.43849533,8
23.44266233,8
23.44682933,8
23.45099633,8
23.45516333,8
23.45933033,8
23.46349733,8
23.46766433,8
23.47183133,8
23.47599833,8
23.48016533,8
23.48433233,8
23.48849933,8
23.49266633,8
23.49683333,8
23.50100033,8
23.50516733,8
23.50933433,8
23.51350133,8
23.51766833,8
23.52183533,8
23.52600233,8
23.53016933,8
23.53433633,8
23.53850333,8
23.54267033,8
23.54683733,8
23.55100433,8
23.55517133,8
23.55933833,8
23.56350533,8
23.56767233,8
23.57183933,8
23.57600633,8
23.58017333,8
23.58434033,8
23.58850733,8
23.59267433,8
23.59684133,8
23.60100833,8
23.60517533,8
23.60934233,8
23.61350933,8
23.61767633,8
23.62184333,8
23.62601033,8
23.63017733,8
23.63434433,8
23.63851133,8
23.64267833,8
23.64684533,8
23.65101233,8
23.65517933,8
23.65934633,8
23.66351333,8
23.66768033,8
23.67184733,8
23.67601433,8
23.68018133,8
23.68434833,8
23.68851533,8
23.69268233,8
23.69684933,8
23.70101633,8
23.70518333,8
23.70935033,8
23.71351733,8
23.71768433,8
23.72185133,8
23.72601833,8
23.73018533,8
23.73435233,8
23.73851933,8
23.74268633,8
23.74685333,8
23.75102033,8
23.75518733,8
23.75935433,8
23.76352133,8
23.76768833,8
23.77185533,8
23.77602233,8
23.78018933,8
23.78435633,8
23.78852333,8
23.79269033,8
23.79685733,8
23.80102433,8
23.80519133,8
23.80935833,8
23.81352533,8
23.81769233,8
23.82185933,8
23.82602633,8
23.83019333,8
23.83436033,8
23.83852733,8
23.84269433,8
23.84686133,8
23.85102833,8
23.85519533,8
23.85936233,8
23.86352933,8
23.86769633,8
23.87186333,8
23.87603033,8
23.88019733,8
23.88436433,8
23.88853133,8
23.89269833,8
23.89686533,8
23.90103233,8
23.90519933,8
23.90936633,8
23.91353333,8
23.91770033,8
23.92186733,8
23.92603433,8
23.93020133,8
23.93436833,8
23.93853533,8
23.94270233,8
23.94686933,8
23.95103633,8
23.95520333,8
23.95937033,8
23.96353733,8
23.96770433,8
23.97187133,8
23.97603833,8
23.98020533,8
23.98437233,8
23.98853933,8
23.99270633,8
23.99687333,8
24.00104033,8
24.00520733,8
24.00937433,8
24.01354133,8
24.01770833,8
24.02187533,8
24.02604233,8
24.03020933,8
24.03437633,8
24.03854333,8
24.04271033,8
24.04687733,8
24.05104433,8
24.05521133,8
24.05937833,8
24.06354533,8
24.06771233,8
24.07187933,8
24.07604633,8
24.08021333,8
24.08438033,8
24.08854733,8
24.09271433,8
24.09688133,8
24.10104833,8
24.10521533,8
24.10938233,8
24.11354933,8
24.11771633,8
24.12188333,8
24.12605033,8
24.13021733,8
24.13438433,8
24.13855133,8
24.14271833,8
24.14688533,8
24.15105233,8
24.15521933,8
24.15938633,8
24.16355333,8
24.16772033,8
24.17188733,8
24.17605433,8
24.18022133,8
24.18438833,8
24.18855533,8
24.19272233,8
24.19688933,8
24.20105633,8
24.20522333,8
24.20939033,8
24.21355733,8
24.21772433,8
24.22189133,8
24.22605833,8
24.23022533,8
24.23439233,8
24.23855933,8
24.24272633,8
24.24689333,8
24.25106033,8
24.25522733,8
24.25939433,8
24.26356133,8
24.26772833,8
24.27189533,8
24.27606233,8
24.28022933,8
24.28439633,8
24.28856333,8
24.29273033,8
24.29689733,8
24.30106433,8
24.30523133,8
24.30939833,8
24.31356533,8
24.31773233,8
24.32189933,8
24.32606633,8
24.33023333,8
24.33440033,8
24.33856733,8
24.34273433,8
24.34690133,8
24.35106833,8
24.35523533,8
24.35940233,8
24.36356933,8
24.36773633,8
24.37190333,8
24.37607033,8
24.38023733,8
24.38440433,8
24.38857133,8
24.39273833,8
24.39690533,8
24.40107233,8
24.40523933,8
24.40940633,8
24.41357333,8
24.41774033,8
24.42190733,8
24.42607433,8
24.43024133,8
24.43440833,8
24.43857533,8
24.44274233,8
24.44690933,8
24.45107633,8
24.45524333,8
24.45941033,8
24.46357733,8
24.46774433,8
24.47191133,8
24.47607833,8
24.48024533,8
24.48441233,8
24.48857933,8
24.49274633,8
24.49691333,8
24.50108033,8
24.50524733,8
24.50941433,8
24.51358133,8
24.51774833,8
24.52191533,8
24.52608233,8
24.53024933,8
24.53441633,8
24.53858333,8
24.54275033,8
24.54691733,8
24.55108433,8
24.55525133,8
24.55941833,8
24.56358533,8
24.56775233,8
24.57191933,8
24.57608633,8
24.58025333,8
24.58442033,8
24.58858733,8
24.59275433,8
24.59692133,8
24.60108833,8
24.60525533,8
24.60942233,8
24.61358933,8
24.61775633,8
24.62192333,8
24.62609033,8
24.63025733,8
24.63442433,8
24.63859133,8
24.64275833,8
24.64692533,8
24.65109233,8
24.65525933,8
24.65942633,8
24.66359333,8
24.66776033,8
24.67192733,8
24.67609433,8
24.68026133,8
24.68442833,8
24.68859533,8
24.69276233,8
24.69692933,8
24.70109633,8
24.70526333,8
24.70943033,8
24.71359733,8
24.71776433,8
24.72193133,8
24.72609833,8
24.73026533,8
24.73443233,8
24.73859933,8
24.74276633,8
24.74693333,8
24.75110033,8
24.75526733,8
24.75943433,8
24.76360133,8
24.76776833,8
24.77193533,8
24.77610233,8
24.78026933,8
24.78443633,8
24.78860333,8
24.79277033,8
24.79693733,8
24.80110433,8
24.80527133,8
24.80943833,8
24.81360533,8
24.81777233,8
24.82193933,8
24.82610633,8
24.83027333,8
24.83444033,8
24.83860733,8
24.84277433,8
24.84694133,8
24.85110833,8
24.85527533,8
24.85944233,8
24.86360933,8
24.86777633,8
24.87194333,8
24.87611033,8
24.88027733,8
24.88444433,8
24.88861133,8
24.89277833,8
24.89694533,8
24.90111233,8
24.90527933,8
24.90944633,8
24.91361333,8
24.91778033,8
24.92194733,8
24.92611433,8
24.93028133,8
24.93444833,8
24.93861533,8
24.94278233,8
24.94694933,8
24.95111633,8
24.95528333,8
24.95945033,8
24.96361733,8
24.96778433,8
24.97195133,8
24.97611833,8
24.98028533,8
24.98445233,8
24.98861933,8
24.99278633,8
24.99695333,8
25.00112033,8
25.00528733,8
25.00945433,8
25.01362133,8
25.01778833,8
25.02195533,8
25.02612233,8
25.03028933,8
25.03445633,8
25.03862333,8
25.04279033,8
25.04695733,8
25.05112433,8
25.05529133,8
25.05945833,8
25.06362533,8
25.06779233,8
25.07195933,8
25.07612633,8
25.08029333,8
25.08446033,8
25.08862733,8
25.09279433,8
25.09696133,8
25.10112833,8
25.10529533,8
25.10946233,8
25.11362933,8
25.11779633,8
25.12196333,8
25.12613033,8
25.13029733,8
25.13446433,8
25.13863133,8
25.14279833,8
25.14696533,8
25.15113233,8
25.15529933,8
25.15946633,8
25.16363333,8
25.16780033,8
25.17196733,8
25.17613433,8
25.18030133,8
25.18446833,8
25.18863533,8
25.19280233,8
25.19696933,8
25.20113633,8
25.20530333,8
25.20947033,8
25.21363733,8
25.21780433,8
25.22197133,8
25.22613833,8
25.23030533,8
25.23447233,8
25.23863933,8
25.24280633,8
25.24697333,8
25.25114033,8
25.25530733,8
25.25947433,8
25.26364133,8
25.26780833,8
25.27197533,8
25.27614233,8
25.28030933,8
25.28447633,8
25.28864333,8
25.29281033,8
25.29697733,8
25.30114433,8
25.30531133,8
25.30947833,8
25.31364533,8
25.31781233,8
25.32197933,8
25.32614633,8
25.33031333,8
25.33448033,8
25.33864733,8
25.34281433,8
25.34698133,8
25.35114833,8
25.35531533,8
25.35948233,8
25.36364933,8
25.36781633,8
25.37198333,8
25.37615033,8
25.38031733,8
25.38448433,8
25.38865133,8
25.39281833,8
25.39698533,8
25.40115233,8
25.40531933,8
25.40948633,8
25.41365333,8
25.41782033,8
25.42198733,8
25.42615433,8
25.43032133,8
25.43448833,8
25.43865533,8
25.44282233,8
25.44698933,8
25.45115633,8
25.45532333,8
25.45949033,8
25.46365733,8
25.46782433,8
25.47199133,8
25.47615833,8
25.48032533,8
25.48449233,8
25.48865933,8
25.49282633,8
25.49699333,8
25.50116033,8
25.50532733,8
25.50949433,8
25.51366133,8
25.51782833,8
25.52199533,8
25.52616233,8
25.53032933,8
25.53449633,8
25.53866333,8
25.54283033,8
25.54699733,8
25.55116433,8
25.55533133,8
25.55949833,8
25.56366533,8
25.56783233,8
25.57199933,8
25.57616633,8
25.58033333,8
25.58450033,8
25.58866733,8
25.59283433,8
25.59700133,8
25.60116833,8
25.60533533,8
25.60950233,8
25.61366933,8
25.61783633,8
25.62200333,8
25.62617033,8
25.63033733,8
25.63450433,8
25.63867133,8
25.64283833,8
25.64700533,8
25.65117233,8
25.65533933,8
25.65950633,8
25.66367333,8
25.66784033,8
25.67200733,8
25.67617433,8
25.68034133,8
25.68450833,8
25.68867533,8
25.69284233,8
25.69700933,8
25.70117633,8
25.70534333,8
25.70951033,8
25.71367733,8
25.71784433,8
25.72201133,8
25.72617833,8
25.73034533,8
25.73451233,8
25.73867933,8
25.74284633,8
25.74701333,8
25.75118033,8
25.75534733,8
25.75951433,8
25.76368133,8
25.76784833,8
25.77201533,8
25.77618233,8
25.78034933,8
25.78451633,8
25.78868333,8
25.79285033,8
25.79701733,8
25.80118433,8
25.80535133,8
25.80951833,8
25.81368533,8
25.81785233,8
25.82201933,8
25.82618633,8
25.83035333,8
25.83452033,8
25.83868733,8
25.84285433,8
25.84702133,8
25.85118833,8
25.85535533,8
25.85952233,8
25.86368933,8
25.86785633,8
25.87202333,8
25.87619033,8
25.88035733,8
25.88452433,8
25.88869133,8
25.89285833,8
25.89702533,8
25.90119233,8
25.90535933,8
25.90952633,8
25.91369333,8
25.91786033,8
25.92202733,8
25.92619433,8
25.93036133,8
25.93452833,8
25.93869533,8
25.94286233,8
25.94702933,8
25.95119633,8
25.95536333,8
25.95953033,8
25.96369733,8
25.96786433,8
25.97203133,8
25.97619833,8
25.98036533,8
25.98453233,8
25.98869933,8
25.99286633,8
25.99703333,8
26.00120033,8
26.00536733,8
26.00953433,8
26.01370133,8
26.01786833,8
26.02203533,8
26.02620233,8
26.03036933,8
26.03453633,8
26.03870333,8
26.04287033,8
26.04703733,8
26.05120433,8
26.05537133,8
26.05953833,8
26.06370533,8
26.06787233,8
26.07203933,8
26.07620633,8
26.08037333,8
26.08454033,8
26.08870733,8
26.09287433,8
26.09704133,8
26.10120833,8
26.10537533,8
26.10954233,8
26.11370933,8
26.11787633,8
26.12204333,8
26.12621033,8
26.13037733,8
26.13454433,8
26.13871133,8
26.14287833,8
26.14704533,8
26.15121233,8
26.15537933,8
26.15954633,8
26.16371333,8
26.16788033,8
26.17204733,8
26.17621433,8
26.18038133,8
26.18454833,8
26.18871533,8
26.19288233,8
26.19704933,8
26.20121633,8
26.20538333,8
26.20955033,8
26.21371733,8
26.21788433,8
26.22205133,8
26.22621833,8
26.23038533,8
26.23455233,8
26.23871933,8
26.24288633,8
26.24705333,8
26.25122033,8
26.25538733,8
26.25955433,8
26.26372133,8
26.26788833,8
26.27205533,8
26.27622233,8
26.28038933,8
26.28455633,8
26.28872333,8
26.29289033,8
26.29705733,8
26.30122433,8
26.30539133,8
26.30955833,8
26.31372533,8
26.31789233,8
26.32205933,8
26.32622633,8
26.33039333,8
26.33456033,8
26.33872733,8
26.34289433,8
26.34706133,8
26.35122833,8
26.35539533,8
26.35956233,8
26.36372933,8
26.36789633,8
26.37206333,8
26.37623033,8
26.38039733,8
26.38456433,8
26.38873133,8
26.39289833,8
26.39706533,8
26.40123233,8
26.40539933,8
26.40956633,8
26.41373333,8
26.41790033,8
26.42206733,8
26.42623433,8
26.43040133,8
26.43456833,8
26.43873533,8
26.44290233,8
26.44706933,8
26.45123633,8
26.45540333,8
26.45957033,8
26.46373733,8
26.46790433,8
26.47207133,8
26.47623833,8
26.48040533,8
26.48457233,8
26.48873933,8
26.49290633,8
26.49707333,8
26.50124033,8
26.50540733,8
26.50957433,8
26.51374133,8
26.51790833,8
26.52207533,8
26.52624233,8
26.53040933,8
26.53457633,8
26.53874333,8
26.54291033,8
26.54707733,8
26.55124433,8
26.55541133,8
26.55957833,8
26.56374533,8
26.56791233,8
26.57207933,8
26.57624633,8
26.58041333,8
26.58458033,8
26.58874733,8
26.59291433,8
26.59708133,8
26.60124833,8
26.60541533,8
26.60958233,8
26.61374933,8
26.61791633,8
26.62208333,8
26.62625033,8
26.63041733,8
26.63458433,8
26.63875133,8
26.64291833,8
26.64708533,8
26.65125233,8
26.65541933,8
26.65958633,8
26.66375333,8
26.66792033,8
26.67208733,8
26.67625433,8
26.68042133,8
26.68458833,8
26.68875533,8
26.69292233,8
26.69708933,8
26.70125633,8
26.70542333,8
26.70959033,8
26.71375733,8
26.71792433,8
26.72209133,8
26.72625833,8
26.73042533,8
26.73459233,8
26.73875933,8
26.74292633,8
26.74709333,8
26.75126033,8
26.75542733,8
26.75959433,8
26.76376133,8
26.76792833,8
26.77209533,8
26.77626233,8
26.78042933,8
26.78459633,8
26.78876333,8
26.79293033,8
26.79709733,8
26.80126433,8
26.80543133,8
26.80959833,8
26.81376533,8
26.81793233,8
26.82209933,8
26.82626633,8
26.83043333,8
26.83460033,8
26.83876733,8
26.84293433,8
26.84710133,8
26.85126833,8
26.85543533,8
26.85960233,8
26.86376933,8
26.86793633,8
26.87210333,8
26.87627033,8
26.88043733,8
26.88460433,8
26.88877133,8
26.89293833,8
26.89710533,8
26.90127233,8
26.90543933,8
26.90960633,8
26.91377333,8
26.91794033,8
26.92210733,8
26.92627433,8
26.93044133,8
26.93460833,8
26.93877533,8
26.94294233,8
26.94710933,8
26.95127633,8
26.95544333,8
26.95961033,8
26.96377733,8
26.96794433,8
26.97211133,8
26.97627833,8
26.98044533,8
26.98461233,8
26.98877933,8
26.99294633,8
26.99711333,8
27.00128033,8
27.00544733,8
27.00961433,8
27.01378133,8
27.01794833,8
27.02211533,8
27.02628233,8
27.03044933,8
27.03461633,8
27.03878333,8
27.04295033,8
27.04711733,8
27.05128433,8
27.05545133,8
27.05961833,8
27.06378533,8
27.06795233,8
27.07211933,8
27.07628633,8
27.08045333,8
27.08462033,8
27.08878733,8
27.09295433,8
27.09712133,8
27.10128833,8
27.10545533,8
27.10962233,8
27.11378933,8
27.11795633,8
27.12212333,8
27.12629033,8
27.13045733,8
27.13462433,8
27.13879133,8
27.14295833,8
27.14712533,8
27.15129233,8
27.15545933,8
27.15962633,8
27.16379333,8
27.16796033,8
27.17212733,8
27.17629433,8
27.18046133,8
27.18462833,8
27.18879533,8
27.19296233,8
27.19712933,8
27.20129633,8
27.20546333,8
27.20963033,8
27.21379733,8
27.21796433,8
27.22213133,8
27.22629833,8
27.23046533,8
27.23463233,8
27.23879933,8
27.24296633,8
27.24713333,8
27.25130033,8
27.25546733,8
27.25963433,8
27.26380133,8
27.26796833,8
27.27213533,8
27.27630233,8
27.28046933,8
27.28463633,8
27.28880333,8
27.29297033,8
27.29713733,8
27.30130433,8
27.30547133,8
27.30963833,8
27.31380533,8
27.31797233,8
27.32213933,8
27.32630633,8
27.33047333,8
27.33464033,8
27.33880733,8
27.34297433,8
27.34714133,8
27.35130833,8
27.35547533,8
27.35964233,8
27.36380933,8
27.36797633,8
27.37214333,8
27.37631033,8
27.38047733,8
27.38464433,8
27.38881133,8
27.39297833,8
27.39714533,8
27.40131233,8
27.40547933,8
27.40964633,8
27.41381333,8
27.41798033,8
27.42214733,8
27.42631433,8
27.43048133,8
27.43464833,8
27.43881533,8
27.44298233,8
27.44714933,8
27.45131633,8
27.45548333,8
27.45965033,8
27.46381733,8
27.46798433,8
27.47215133,8
27.47631833,8
27.48048533,8
27.48465233,8
27.48881933,8
27.49298633,8
27.49715333,8
27.50132033,8
27.50548733,8
27.50965433,8
27.51382133,8
27.51798833,8
27.52215533,8
27.52632233,8
27.53048933,8
27.53465633,8
27.53882333,8
27.54299033,8
27.54715733,8
27.55132433,8
27.55549133,8
27.55965833,8
27.56382533,8
27.56799233,8
27.57215933,8
27.57632633,8
27.58049333,8
27.58466033,8
27.58882733,8
27.59299433,8
27.59716133,8
27.60132833,8
27.60549533,8
27.60966233,8
27.61382933,8
27.61799633,8
27.62216333,8
27.62633033,8
27.63049733,8
27.63466433,8
27.63883133,8
27.64299833,8
27.64716533,8
27.65133233,8
27.65549933,8
27.65966633,8
27.66383333,8
27.66800033,8
27.67216733,8
27.67633433,8
27.68050133,8
27.68466833,8
27.68883533,8
27.69300233,8
27.69716933,8
27.70133633,8
27.70550333,8
27.70967033,8
27.71383733,8
27.71800433,8
27.72217133,8
27.72633833,8
27.73050533,8
27.73467233,8
27.73883933,8
27.74300633,8
27.74717333,8
27.75134033,8
27.75550733,8
27.75967433,8
27.76384133,8
27.76800833,8
27.77217533,8
27.77634233,8
27.78050933,8
27.78467633,8
27.78884333,8
27.79301033,8
27.79717733,8
27.80134433,8
27.80551133,8
27.80967833,8
27.81384533,8
27.81801233,8
27.82217933,8
27.82634633,8
27.83051333,8
27.83468033,8
27.83884733,8
27.84301433,8
27.84718133,8
27.85134833,8
27.85551533,8
27.85968233,8
27.86384933,8
27.86801633,8
27.87218333,8
27.87635033,8
27.88051733,8
27.88468433,8
27.88885133,8
27.89301833,8
27.89718533,8
27.90135233,8
27.90551933,8
27.90968633,8
27.91385333,8
27.91802033,8
27.92218733,8
27.92635433,8
27.93052133,8
27.93468833,8
27.93885533,8
27.94302233,8
27.94718933,8
27.95135633,8
27.95552333,8
27.95969033,8
27.96385733,8
27.96802433,8
27.97219133,8
27.97635833,8
27.98052533,8
27.98469233,8
27.98885933,8
27.99302633,8
27.99719333,8
28.00136033,8
28.00552733,8
28.00969433,8
28.01386133,8
28.01802833,8
28.02219533,8
28.02636233,8
28.03052933,8
28.03469633,8
28.03886333,8
28.04303033,8
28.04719733,8
28.05136433,8
28.05553133,8
28.05969833,8
28.06386533,8
28.06803233,8
28.07219933,8
28.07636633,8
28.08053333,8
28.08470033,8
28.08886733,8
28.09303433,8
28.09720133,8
28.10136833,8
28.10553533,8
28.10970233,8
28.11386933,8
28.11803633,8
28.12220333,8
28.12637033,8
28.13053733,8
28.13470433,8
28.13887133,8
28.14303833,8
28.14720533,8
28.15137233,8
28.15553933,8
28.15970633,8
28.16387333,8
28.16804033,8
28.17220733,8
28.17637433,8
28.18054133,8
28.18470833,8
28.18887533,8
28.19304233,8
28.19720933,8
28.20137633,8
28.20554333,8
28.20971033,8
28.21387733,8
28.21804433,8
28.22221133,8
28.22637833,8
28.23054533,8
28.23471233,8
28.23887933,8
28.24304633,8
28.24721333,8
28.25138033,8
28.25554733,8
28.25971433,8
28.26388133,8
28.26804833,8
28.27221533,8
28.27638233,8
28.28054933,8
28.28471633,8
28.28888333,8
28.29305033,8
28.29721733,8
28.30138433,8
28.30555133,8
28.30971833,8
28.31388533,8
28.31805233,8
28.32221933,8
28.32638633,8
28.33055333,8
28.33472033,8
28.33888733,8
28.34305433,8
28.34722133,8
28.35138833,8
28.35555533,8
28.35972233,8
28.36388933,8
28.36805633,8
28.37222333,8
28.37639033,8
28.38055733,8
28.38472433,8
28.38889133,8
28.39305833,8
28.39722533,8
28.40139233,8
28.40555933,8
28.40972633,8
28.41389333,8
28.41806033,8
28.42222733,8
28.42639433,8
28.43056133,8
28.43472833,8
28.43889533,8
28.44306233,8
28.44722933,8
28.45139633,8
28.45556333,8
28.45973033,8
28.46389733,8
28.46806433,8
28.47223133,8
28.47639833,8
28.48056533,8
28.48473233,8
28.48889933,8
28.49306633,8
28.49723333,8
28.50140033,8
28.50556733,8
28.50973433,8
28.51390133,8
28.51806833,8
28.52223533,8
28.52640233,8
28.53056933,8
28.53473633,8
28.53890333,8
28.54307033,8
28.54723733,8
28.55140433,8
28.55557133,8
28.55973833,8
28.56390533,8
28.56807233,8
28.57223933,8
28.57640633,8
28.58057333,8
28.58474033,8
28.58890733,8
28.59307433,8
28.59724133,8
28.60140833,8
28.60557533,8
28.60974233,8
28.61390933,8
28.61807633,8
28.62224333,8
28.62641033,8
28.63057733,8
28.63474433,8
28.63891133,8
28.64307833,8
28.64724533,8
28.65141233,8
28.65557933,8
28.65974633,8
28.66391333,8
28.66808033,8
28.67224733,8
28.67641433,8
28.68058133,8
28.68474833,8
28.68891533,8
28.69308233,8
28.69724933,8
28.70141633,8
28.70558333,8
28.70975033,8
28.71391733,8
28.71808433,8
28.72225133,8
28.72641833,8
28.73058533,8
28.73475233,8
28.73891933,8
28.74308633,8
28.74725333,8
28.75142033,8
28.75558733,8
28.75975433,8
28.76392133,8
28.76808833,8
28.77225533,8
28.77642233,8
28.78058933,8
28.78475633,8
28.78892333,8
28.79309033,8
28.79725733,8
28.80142433,8
28.80559133,8
28.80975833,8
28.81392533,8
28.81809233,8
28.82225933,8
28.82642633,8
28.83059333,8
28.83476033,8
28.83892733,8
28.84309433,8
28.84726133,8
28.85142833,8
28.85559533,8
28.85976233,8
28.86392933,8
28.86809633,8
28.87226333,8
28.87643033,8
28.88059733,8
28.88476433,8
28.88893133,8
28.89309833,8
28.89726533,8
28.90143233,8
28.90559933,8
28.90976633,8
28.91393333,8
28.91810033,8
28.92226733,8
28.92643433,8
28.93060133,8
28.93476833,8
28.93893533,8
28.94310233,8
28.94726933,8
28.95143633,8
28.95560333,8
28.95977033,8
28.96393733,8
28.96810433,8
28.97227133,8
28.97643833,8
28.98060533,8
28.98477233,8
28.98893933,8
28.99310633,8
28.99727333,8
29.00144033,8
29.00560733,8
29.00977433,8
29.01394133,8
29.01810833,8
29.02227533,8
29.02644233,8
29.03060933,8
29.03477633,8
29.03894333,8
29.04311033,8
29.04727733,8
29.05144433,8
29.05561133,8
29.05977833,8
29.06394533,8
29.06811233,8
29.07227933,8
29.07644633,8
29.08061333,8
29.08478033,8
29.08894733,8
29.09311433,8
29.09728133,8
29.10144833,8
29.10561533,8
29.10978233,8
29.11394933,8
29.11811633,8
29.12228333,8
29.12645033,8
29.13061733,8
29.13478433,8
29.13895133,8
29.14311833,8
29.14728533,8
29.15145233,8
29.15561933,8
29.15978633,8
29.16395333,8
29.16812033,8
29.17228733,8
29.17645433,8
29.18062133,8
29.18478833,8
29.18895533,8
29.19312233,8
29.19728933,8
29.20145633,8
29.20562333,8
29.20979033,8
29.21395733,8
29.21812433,8
29.22229133,8
29.22645833,8
29.23062533,8
29.23479233,8
29.23895933,8
29.24312633,8
29.24729333,8
29.25146033,8
29.25562733,8
29.25979433,8
29.26396133,8
29.26812833,8
29.27229533,8
29.27646233,8
29.28062933,8
29.28479633,8
29.28896333,8
29.29313033,8
29.29729733,8
29.30146433,8
29.30563133,8
29.30979833,8
29.31396533,8
29.31813233,8
29.32229933,8
29.32646633,8
29.33063333,8
29.33480033,8
29.33896733,8
29.34313433,8
29.34730133,8
29.35146833,8
29.35563533,8
29.35980233,8
29.36396933,8
29.36813633,8
29.37230333,8
29.37647033,8
29.38063733,8
29.38480433,8
29.38897133,8
29.39313833,8
29.39730533,8
29.40147233,8
29.40563933,8
29.40980633,8
29.41397333,8
29.41814033,8
29.42230733,8
29.42647433,8
29.43064133,8
29.43480833,8
29.43897533,8
29.44314233,8
29.44730933,8
29.45147633,8
29.45564333,8
29.45981033,8
29.46397733,8
29.46814433,8
29.47231133,8
29.47647833,8
29.48064533,8
29.48481233,8
29.48897933,8
29.49314633,8
29.49731333,8
29.50148033,8
29.50564733,8
29.50981433,8
29.51398133,8
29.51814833,8
29.52231533,8
29.52648233,8
29.53064933,8
29.53481633,8
29.53898333,8
29.54315033,8
29.54731733,8
29.55148433,8
29.55565133,8
29.55981833,8
29.56398533,8
29.56815233,8
29.57231933,8
29.57648633,8
29.58065333,8
29.58482033,8
29.58898733,8
29.59315433,8
29.59732133,8
29.60148833,8
29.60565533,8
29.60982233,8
29.61398933,8
29.61815633,8
29.62232333,8
29.62649033,8
29.63065733,8
29.63482433,8
29.63899133,8
29.64315833,8
29.64732533,8
29.65149233,8
29.65565933,8
29.65982633,8
29.66399333,8
29.66816033,8
29.67232733,8
29.67649433,8
29.68066133,8
29.68482833,8
29.68899533,8
29.69316233,8
29.69732933,8
29.70149633,8
29.70566333,8
29.70983033,8
29.71399733,8
29.71816433,8
29.72233133,8
29.72649833,8
29.73066533,8
29.73483233,8
29.73899933,8
29.74316633,8
29.74733333,8
29.75150033,8
29.75566733,8
29.75983433,8
29.76400133,8
29.76816833,8
29.77233533,8
29.77650233,8
29.78066933,8
29.78483633,8
29.78900333,8
29.79317033,8
29.79733733,8
29.80150433,8
29.80567133,8
29.80983833,8
29.81400533,8
29.81817233,8
29.82233933,8
29.82650633,8
29.83067333,8
29.83484033,8
29.83900733,8
29.84317433,8
29.84734133,8
29.85150833,8
29.85567533,8
29.85984233,8
29.86400933,8
29.86817633,8
29.87234333,8
29.87651033,8
29.88067733,8
29.88484433,8
29.88901133,8
29.89317833,8
29.89734533,8
29.90151233,8
29.90567933,8
29.90984633,8
29.91401333,8
29.91818033,8
29.92234733,8
29.92651433,8
29.93068133,8
29.93484833,8
29.93901533,8
29.94318233,8
29.94734933,8
29.95151633,8
29.95568333,8
29.95985033,8
29.96401733,8
29.96818433,8
29.97235133,8
29.97651833,8
29.98068533,8
29.98485233,8
29.98901933,8
29.99318633,8
29.99735333,8
30.00152033,8
30.00568733,8
30.00985433,8
30.01402133,8
30.01818833,8
30.02235533,8
30.02652233,8
30.03068933,8
30.03485633,8
30.03902333,8
30.04319033,8
30.04735733,8
30.05152433,8
30.05569133,8
30.05985833,8
30.06402533,8
30.06819233,8
30.07235933,8
30.07652633,8
30.08069333,8
30.08486033,8
30.08902733,8
30.09319433,8
30.09736133,8
30.10152833,8
30.10569533,8
30.10986233,8
30.11402933,8
30.11819633,8
30.12236333,8
30.12653033,8
30.13069733,8
30.13486433,8
30.13903133,8
30.14319833,8
30.14736533,8
30.15153233,8
30.15569933,8
30.15986633,8
30.16403333,8
30.16820033,8
30.17236733,8
30.17653433,8
30.18070133,8
30.18486833,8
30.18903533,8
30.19320233,8
30.19736933,8
30.20153633,8
30.20570333,8
30.20987033,8
30.21403733,8
30.21820433,8
30.22237133,8
30.22653833,8
30.23070533,8
30.23487233,8
30.23903933,8
30.24320633,8
30.24737333,8
30.25154033,8
30.25570733,8
30.25987433,8
30.26404133,8
30.26820833,8
30.27237533,8
30.27654233,8
30.28070933,8
30.28487633,8
30.28904333,8
30.29321033,8
30.29737733,8
30.30154433,8
30.30571133,8
30.30987833,8
30.31404533,8
30.31821233,8
30.32237933,8
30.32654633,8
30.33071333,8
30.33488033,8
30.33904733,8
30.34321433,8
30.34738133,8
30.35154833,8
30.35571533,8
30.35988233,8
30.36404933,8
30.36821633,8
30.37238333,8
30.37655033,8
30.38071733,8
30.38488433,8
30.38905133,8
30.39321833,8
30.39738533,8
30.40155233,8
30.40571933,8
30.40988633,8
30.41405333,8
30.41822033,8
30.42238733,8
30.42655433,8
30.43072133,8
30.43488833,8
30.43905533,8
30.44322233,8
30.44738933,8
30.45155633,8
30.45572333,8
30.45989033,8
30.46405733,8
30.46822433,8
30.47239133,8
30.47655833,8
30.48072533,8
30.48489233,8
30.48905933,8
30.49322633,8
30.49739333,8
30.50156033,8
30.50572733,8
30.50989433,8
30.51406133,8
30.51822833,8
30.52239533,8
30.52656233,8
30.53072933,8
30.53489633,8
30.53906333,8
30.54323033,8
30.54739733,8
30.55156433,8
30.55573133,8
30.55989833,8
30.56406533,8
30.56823233,8
30.57239933,8
30.57656633,8
30.58073333,8
30.58490033,8
30.58906733,8
30.59323433,8
30.59740133,8
30.60156833,8
30.60573533,8
30.60990233,8
30.61406933,8
30.61823633,8
30.62240333,8
30.62657033,8
30.63073733,8
30.63490433,8
30.63907133,8
30.64323833,8
30.64740533,8
30.65157233,8
30.65573933,8
30.65990633,8
30.66407333,8
30.66824033,8
30.67240733,8
30.67657433,8
30.68074133,8
30.68490833,8
30.68907533,8
30.69324233,8
30.69740933,8
30.70157633,8
30.70574333,8
30.70991033,8
30.71407733,8
30.71824433,8
30.72241133,8
30.72657833,8
30.73074533,8
30.73491233,8
30.73907933,8
30.74324633,8
30.74741333,8
30.75158033,8
30.75574733,8
30.75991433,8
30.76408133,8
30.76824833,8
30.77241533,8
30.77658233,8
30.78074933,8
30.78491633,8
30.78908333,8
30.79325033,8
30.79741733,8
30.80158433,8
30.80575133,8
30.80991833,8
30.81408533,8
30.81825233,8
30.82241933,8
30.82658633,8
30.83075333,8
30.83492033,8
30.83908733,8
30.84325433,8
30.84742133,8
30.85158833,8
30.85575533,8
30.85992233,8
30.86408933,8
30.86825633,8
30.87242333,8
30.87659033,8
30.88075733,8
30.88492433,8
30.88909133,8
30.89325833,8
30.89742533,8
30.90159233,8
30.90575933,8
30.90992633,8
30.91409333,8
30.91826033,8
30.92242733,8
30.92659433,8
30.93076133,8
30.93492833,8
30.93909533,8
30.94326233,8
30.94742933,8
30.95159633,8
30.95576333,8
30.95993033,8
30.96409733,8
30.96826433,8
30.97243133,8
30.97659833,8
30.98076533,8
30.98493233,8
30.98909933,8
30.99326633,8
30.99743333,8
31.00160033,8
31.00576733,8
31.00993433,8
31.01410133,8
31.01826833,8
31.02243533,8
31.02660233,8
31.03076933,8
31.03493633,8
31.03910333,8
31.04327033,8
31.04743733,8
31.05160433,8
31.05577133,8
31.05993833,8
31.06410533,8
31.06827233,8
31.07243933,8
31.07660633,8
31.08077333,8
31.08494033,8
31.08910733,8
31.09327433,8
31.09744133,8
31.10160833,8
31.10577533,8
31.10994233,8
31.11410933,8
31.11827633,8
31.12244333,8
31.12661033,8
31.13077733,8
31.13494433,8
31.13911133,8
31.14327833,8
31.14744533,8
31.15161233,8
31.15577933,8
31.15994633,8
31.16411333,8
31.16828033,8
31.17244733,8
31.17661433,8
31.18078133,8
31.18494833,8
31.18911533,8
31.19328233,8
31.19744933,8
31.20161633,8
31.20578333,8
31.20995033,8
31.21411733,8
31.21828433,8
31.22245133,8
31.22661833,8
31.23078533,8
31.23495233,8
31.23911933,8
31.24328633,8
31.24745333,8
31.25162033,8
31.25578733,8
31.25995433,8
31.26412133,8
31.26828833,8
31.27245533,8
31.27662233,8
31.28078933,8
31.28495633,8
31.28912333,8
31.29329033,8
31.29745733,8
31.30162433,8
31.30579133,8
31.30995833,8
31.31412533,8
31.31829233,8
31.32245933,8
31.32662633,8
31.33079333,8
31.33496033,8
31.33912733,8
31.34329433,8
31.34746133,8
31.35162833,8
31.35579533,8
31.35996233,8
31.36412933,8
31.36829633,8
31.37246333,8
31.37663033,8
31.38079733,8
31.38496433,8
31.38913133,8
31.39329833,8
31.39746533,8
31.40163233,8
31.40579933,8
31.40996633,8
31.41413333,8
31.41830033,8
31.42246733,8
31.42663433,8
31.43080133,8
31.43496833,8
31.43913533,8
31.44330233,8
31.44746933,8
31.45163633,8
31.45580333,8
31.45997033,8
31.46413733,8
31.46830433,8
31.47247133,8
31.47663833,8
31.48080533,8
31.48497233,8
31.48913933,8
31.49330633,8
31.49747333,8
31.50164033,8
31.50580733,8
31.50997433,8
31.51414133,8
31.51830833,8
31.52247533,8
31.52664233,8
31.53080933,8
31.53497633,8
31.53914333,8
31.54331033,8
31.54747733,8
31.55164433,8
31.55581133,8
31.55997833,8
31.56414533,8
31.56831233,8
31.57247933,8
31.57664633,8
31.58081333,8
31.58498033,8
31.58914733,8
31.59331433,8
31.59748133,8
31.60164833,8
31.60581533,8
31.60998233,8
31.61414933,8
31.61831633,8
31.62248333,8
31.62665033,8
31.63081733,8
31.63498433,8
31.63915133,8
31.64331833,8
31.64748533,8
31.65165233,8
31.65581933,8
31.65998633,8
31.66415333,8
31.66832033,8
31.67248733,8
31.67665433,8
31.68082133,8
31.68498833,8
31.68915533,8
31.69332233,8
31.69748933,8
31.70165633,8
31.70582333,8
31.70999033,8
31.71415733,8
31.71832433,8
31.72249133,8
31.72665833,8
31.73082533,8
31.73499233,8
31.73915933,8
31.74332633,8
31.74749333,8
31.75166033,8
31.75582733,8
31.75999433,8
31.76416133,8
31.76832833,8
31.77249533,8
31.77666233,8
31.78082933,8
31.78499633,8
31.78916333,8
31.79333033,8
31.79749733,8
31.80166433,8
31.80583133,8
31.80999833,8
31.81416533,8
31.81833233,8
31.82249933,8
31.82666633,8
31.83083333,8
31.83500033,8
31.83916733,8
31.84333433,8
31.84750133,8
31.85166833,8
31.85583533,8
31.86000233,8
31.86416933,8
31.86833633,8
31.87250333,8
31.87667033,8
31.88083733,8
31.88500433,8
31.88917133,8
31.89333833,8
31.89750533,8
31.90167233,8
31.90583933,8
31.91000633,8
31.91417333,8
31.91834033,8
31.92250733,8
31.92667433,8
31.93084133,8
31.93500833,8
31.93917533,8
31.94334233,8
31.94750933,8
31.95167633,8
31.95584333,8
31.96001033,8
31.96417733,8
31.96834433,8
31.97251133,8
31.97667833,8
31.98084533,8
31.98501233,8
31.98917933,8
31.99334633,8
31.99751333,8
32.00168033,8
32.00584733,8
32.01001433,8
32.01418133,8
32.01834833,8
32.02251533,8
32.02668233,8
32.03084933,8
32.03501633,8
32.03918333,8
32.04335033,8
32.04751733,8
32.05168433,8
32.05585133,8
32.06001833,8
32.06418533,8
32.06835233,8
32.07251933,8
32.07668633,8
32.08085333,8
32.08502033,8
32.08918733,8
32.09335433,8
32.09752133,8
32.10168833,8
32.10585533,8
32.11002233,8
32.11418933,8
32.11835633,8
32.12252333,8
32.12669033,8
32.13085733,8
32.13502433,8
32.13919133,8
32.14335833,8
32.14752533,8
32.15169233,8
32.15585933,8
32.16002633,8
32.16419333,8
32.16836033,8
32.17252733,8
32.17669433,8
32.18086133,8
32.18502833,8
32.18919533,8
32.19336233,8
32.19752933,8
32.20169633,8
32.20586333,8
32.21003033,8
32.21419733,8
32.21836433,8
32.22253133,8
32.22669833,8
32.23086533,8
32.23503233,8
32.23919933,8
32.24336633,8
32.24753333,8
32.25170033,8
32.25586733,8
32.26003433,8
32.26420133,8
32.26836833,8
32.27253533,8
32.27670233,8
32.28086933,8
32.28503633,8
32.28920333,8
32.29337033,8
32.29753733,8
32.30170433,8
32.30587133,8
32.31003833,8
32.31420533,8
32.31837233,8
32.32253933,8
32.32670633,8
32.33087333,8
32.33504033,8
32.33920733,8
32.34337433,8
32.34754133,8
32.35170833,8
32.35587533,8
32.36004233,8
32.36420933,8
32.36837633,8
32.37254333,8
32.37671033,8
32.38087733,8
32.38504433,8
32.38921133,8
32.39337833,8
32.39754533,8
32.40171233,8
32.40587933,8
32.41004633,8
32.41421333,8
32.41838033,8
32.42254733,8
32.42671433,8
32.43088133,8
32.43504833,8
32.43921533,8
32.44338233,8
32.44754933,8
32.45171633,8
32.45588333,8
32.46005033,8
32.46421733,8
32.46838433,8
32.47255133,8
32.47671833,8
32.48088533,8
32.48505233,8
32.48921933,8
32.49338633,8
32.49755333,8
32.50172033,8
32.50588733,8
32.51005433,8
32.51422133,8
32.51838833,8
32.52255533,8
32.52672233,8
32.53088933,8
32.53505633,8
32.53922333,8
32.54339033,8
32.54755733,8
32.55172433,8
32.55589133,8
32.56005833,8
32.56422533,8
32.56839233,8
32.57255933,8
32.57672633,8
32.58089333,8
32.58506033,8
32.58922733,8
32.59339433,8
32.59756133,8
32.60172833,8
32.60589533,8
32.61006233,8
32.61422933,8
32.61839633,8
32.62256333,8
32.62673033,8
32.63089733,8
32.63506433,8
32.63923133,8
32.64339833,8
32.64756533,8
32.65173233,8
32.65589933,8
32.66006633,8
32.66423333,8
32.66840033,8
32.67256733,8
32.67673433,8
32.68090133,8
32.68506833,8
32.68923533,8
32.69340233,8
32.69756933,8
32.70173633,8
32.70590333,8
32.71007033,8
32.71423733,8
32.71840433,8
32.72257133,8
32.72673833,8
32.73090533,8
32.73507233,8
32.73923933,8
32.74340633,8
32.74757333,8
32.75174033,8
32.75590733,8
32.76007433,8
32.76424133,8
32.76840833,8
32.77257533,8
32.77674233,8
32.78090933,8
32.78507633,8
32.78924333,8
32.79341033,8
32.79757733,8
32.80174433,8
32.80591133,8
32.81007833,8
32.81424533,8
32.81841233,8
32.82257933,8
32.82674633,8
32.83091333,8
32.83508033,8
32.83924733,8
32.84341433,8
32.84758133,8
32.85174833,8
32.85591533,8
32.86008233,8
32.86424933,8
32.86841633,8
32.87258333,8
32.87675033,8
32.88091733,8
32.88508433,8
32.88925133,8
32.89341833,8
32.89758533,8
32.90175233,8
32.90591933,8
32.91008633,8
32.91425333,8
32.91842033,8
32.92258733,8
32.92675433,8
32.93092133,8
32.93508833,8
32.93925533,8
32.94342233,8
32.94758933,8
32.95175633,8
32.95592333,8
32.96009033,8
32.96425733,8
32.96842433,8
32.97259133,8
32.97675833,8
32.98092533,8
32.98509233,8
32.98925933,8
32.99342633,8
32.99759333,8
33.00176033,8
33.00592733,8
33.01009433,8
33.01426133,8
33.01842833,8
33.02259533,8
33.02676233,8
33.03092933,8
33.03509633,8
33.03926333,8
33.04343033,8
33.04759733,8
33.05176433,8
33.05593133,8
33.06009833,8
33.06426533,8
33.06843233,8
33.07259933,8
33.07676633,8
33.08093333,8
33.08510033,8
33.08926733,8
33.09343433,8
33.09760133,8
33.10176833,8
33.10593533,8
33.11010233,8
33.11426933,8
33.11843633,8
33.12260333,8
33.12677033,8
33.13093733,8
33.13510433,8
33.13927133,8
33.14343833,8
33.14760533,8
33.15177233,8
33.15593933,8
33.16010633,8
33.16427333,8
33.16844033,8
33.17260733,8
33.17677433,8
33.18094133,8
33.18510833,8
33.18927533,8
33.19344233,8
33.19760933,8
33.20177633,8
33.20594333,8
33.21011033,8
33.21427733,8
33.21844433,8
33.22261133,8
33.22677833,8
33.23094533,8
33.23511233,8
33.23927933,8
33.24344633,8
33.24761333,8
33.25178033,8
33.25594733,8
33.26011433,8
33.26428133,8
33.26844833,8
33.27261533,8
33.27678233,8
33.28094933,8
33.28511633,8
33.28928333,8
33.29345033,8
33.29761733,8
33.30178433,8
33.30595133,8
33.31011833,8
33.31428533,8
33.31845233,8
33.32261933,8
33.32678633,8
33.33095333,8
33.33512033,8
33.33928733,8
33.34345433,8
33.34762133,8
33.35178833,8
33.35595533,8
33.36012233,8
33.36428933,8
33.36845633,8
33.37262333,8
33.37679033,8
33.38095733,8
33.38512433,8
33.38929133,8
33.39345833,8
33.39762533,8
33.40179233,8
33.40595933,8
33.41012633,8
33.41429333,8
33.41846033,8
33.42262733,8
33.42679433,8
33.43096133,8
33.43512833,8
33.43929533,8
33.44346233,8
33.44762933,8
33.45179633,8
33.45596333,8
33.46013033,8
33.46429733,8
33.46846433,8
33.47263133,8
33.47679833,8
33.48096533,8
33.48513233,8
33.48929933,8
33.49346633,8
33.49763333,8
33.50180033,8
33.50596733,8
33.51013433,8
33.51430133,8
33.51846833,8
33.52263533,8
33.52680233,8
33.53096933,8
33.53513633,8
33.53930333,8
33.54347033,8
33.54763733,8
33.55180433,8
33.55597133,8
33.56013833,8
33.56430533,8
33.56847233,8
33.57263933,8
33.57680633,8
33.58097333,8
33.58514033,8
33.58930733,8
33.59347433,8
33.59764133,8
33.60180833,8
33.60597533,8
33.61014233,8
33.61430933,8
33.61847633,8
33.62264333,8
33.62681033,8
33.63097733,8
33.63514433,8
33.63931133,8
33.64347833,8
33.64764533,8
33.65181233,8
33.65597933,8
33.66014633,8
33.66431333,8
33.66848033,8
33.67264733,8
33.67681433,8
33.68098133,8
33.68514833,8
33.68931533,8
33.69348233,8
33.69764933,8
33.70181633,8
33.70598333,8
33.71015033,8
33.71431733,8
33.71848433,8
33.72265133,8
33.72681833,8
33.73098533,8
33.73515233,8
33.73931933,8
33.74348633,8
33.74765333,8
33.75182033,8
33.75598733,8
33.76015433,8
33.76432133,8
33.76848833,8
33.77265533,8
33.77682233,8
33.78098933,8
33.78515633,8
33.78932333,8
33.79349033,8
33.79765733,8
33.80182433,8
33.80599133,8
33.81015833,8
33.81432533,8
33.81849233,8
33.82265933,8
33.82682633,8
33.83099333,8
33.83516033,8
33.83932733,8
33.84349433,8
33.84766133,8
33.85182833,8
33.85599533,8
33.86016233,8
33.86432933,8
33.86849633,8
33.87266333,8
33.87683033,8
33.88099733,8
33.88516433,8
33.88933133,8
33.89349833,8
33.89766533,8
33.90183233,8
33.90599933,8
33.91016633,8
33.91433333,8
33.91850033,8
33.92266733,8
33.92683433,8
33.93100133,8
33.93516833,8
33.93933533,8
33.94350233,8
33.94766933,8
33.95183633,8
33.95600333,8
33.96017033,8
33.96433733,8
33.96850433,8
33.97267133,8
33.97683833,8
33.98100533,8
33.98517233,8
33.98933933,8
33.99350633,8
33.99767333,8
34.00184033,8
34.00600733,8
34.01017433,8
34.01434133,8
34.01850833,8
34.02267533,8
34.02684233,8
34.03100933,8
34.03517633,8
34.03934333,8
34.04351033,8
34.04767733,8
34.05184433,8
34.05601133,8
34.06017833,8
34.06434533,8
34.06851233,8
34.07267933,8
34.07684633,8
34.08101333,8
34.08518033,8
34.08934733,8
34.09351433,8
34.09768133,8
34.10184833,8
34.10601533,8
34.11018233,8
34.11434933,8
34.11851633,8
34.12268333,8
34.12685033,8
34.13101733,8
34.13518433,8
34.13935133,8
34.14351833,8
34.14768533,8
34.15185233,8
34.15601933,8
34.16018633,8
34.16435333,8
34.16852033,8
34.17268733,8
34.17685433,8
34.18102133,8
34.18518833,8
34.18935533,8
34.19352233,8
34.19768933,8
34.20185633,8
34.20602333,8
34.21019033,8
34.21435733,8
34.21852433,8
34.22269133,8
34.22685833,8
34.23102533,8
34.23519233,8
34.23935933,8
34.24352633,8
34.24769333,8
34.25186033,8
34.25602733,8
34.26019433,8
34.26436133,8
34.26852833,8
34.27269533,8
34.27686233,8
34.28102933,8
34.28519633,8
34.28936333,8
34.29353033,8
34.29769733,8
34.30186433,8
34.30603133,8
34.31019833,8
34.31436533,8
34.31853233,8
34.32269933,8
34.32686633,8
34.33103333,8
34.33520033,8
34.33936733,8
34.34353433,8
34.34770133,8
34.35186833,8
34.35603533,8
34.36020233,8
34.36436933,8
34.36853633,8
34.37270333,8
34.37687033,8
34.38103733,8
34.38520433,8
34.38937133,8
34.39353833,8
34.39770533,8
34.40187233,8
34.40603933,8
34.41020633,8
34.41437333,8
34.41854033,8
34.42270733,8
34.42687433,8
34.43104133,8
34.43520833,8
34.43937533,8
34.44354233,8
34.44770933,8
34.45187633,8
34.45604333,8
34.46021033,8
34.46437733,8
34.46854433,8
34.47271133,8
34.47687833,8
34.48104533,8
34.48521233,8
34.48937933,8
34.49354633,8
34.49771333,8
34.50188033,8
34.50604733,8
34.51021433,8
34.51438133,8
34.51854833,8
34.52271533,8
34.52688233,8
34.53104933,8
34.53521633,8
34.53938333,8
34.54355033,8
34.54771733,8
34.55188433,8
34.55605133,8
34.56021833,8
34.56438533,8
34.56855233,8
34.57271933,8
34.57688633,8
34.58105333,8
34.58522033,8
34.58938733,8
34.59355433,8
34.59772133,8
34.60188833,8
34.60605533,8
34.61022233,8
34.61438933,8
34.61855633,8
34.62272333,8
34.62689033,8
34.63105733,8
34.63522433,8
34.63939133,8
34.64355833,8
34.64772533,8
34.65189233,8
34.65605933,8
34.66022633,8
34.66439333,8
34.66856033,8
34.67272733,8
34.67689433,8
34.68106133,8
34.68522833,8
34.68939533,8
34.69356233,8
34.69772933,8
34.70189633,8
34.70606333,8
34.71023033,8
34.71439733,8
34.71856433,8
34.72273133,8
34.72689833,8
34.73106533,8
34.73523233,8
34.73939933,8
34.74356633,8
34.74773333,8
34.75190033,8
34.75606733,8
34.76023433,8
34.76440133,8
34.76856833,8
34.77273533,8
34.77690233,8
34.78106933,8
34.78523633,8
34.78940333,8
34.79357033,8
34.79773733,8
34.80190433,8
34.80607133,8
34.81023833,8
34.81440533,8
34.81857233,8
34.82273933,8
34.82690633,8
34.83107333,8
34.83524033,8
34.83940733,8
34.84357433,8
34.84774133,8
34.85190833,8
34.85607533,8
34.86024233,8
34.86440933,8
34.86857633,8
34.87274333,8
34.87691033,8
34.88107733,8
34.88524433,8
34.88941133,8
34.89357833,8
34.89774533,8
34.90191233,8
34.90607933,8
34.91024633,8
34.91441333,8
34.91858033,8
34.92274733,8
34.92691433,8
34.93108133,8
34.93524833,8
34.93941533,8
34.94358233,8
34.94774933,8
34.95191633,8
34.95608333,8
34.96025033,8
34.96441733,8
34.96858433,8
34.97275133,8
34.97691833,8
34.98108533,8
34.98525233,8
34.98941933,8
34.99358633,8
34.99775333,8
35.00192033,8
35.00608733,8
35.01025433,8
35.01442133,8
35.01858833,8
35.02275533,8
35.02692233,8
35.03108933,8
35.03525633,8
35.03942333,8
35.04359033,8
35.04775733,8
35.05192433,8
35.05609133,8
35.06025833,8
35.06442533,8
35.06859233,8
35.07275933,8
35.07692633,8
35.08109333,8
35.08526033,8
35.08942733,8
35.09359433,8
35.09776133,8
35.10192833,8
35.10609533,8
35.11026233,8
35.11442933,8
35.11859633,8
35.12276333,8
35.12693033,8
35.13109733,8
35.13526433,8
35.13943133,8
35.14359833,8
35.14776533,8
35.15193233,8
35.15609933,8
35.16026633,8
35.16443333,8
35.16860033,8
35.17276733,8
35.17693433,8
35.18110133,8
35.18526833,8
35.18943533,8
35.19360233,8
35.19776933,8
35.20193633,8
35.20610333,8
35.21027033,8
35.21443733,8
35.21860433,8
35.22277133,8
35.22693833,8
35.23110533,8
35.23527233,8
35.23943933,8
35.24360633,8
35.24777333,8
35.25194033,8
35.25610733,8
35.26027433,8
35.26444133,8
35.26860833,8
35.27277533,8
35.27694233,8
35.28110933,8
35.28527633,8
35.28944333,8
35.29361033,8
35.29777733,8
35.30194433,8
35.30611133,8
35.31027833,8
35.31444533,8
35.31861233,8
35.32277933,8
35.32694633,8
35.33111333,8
35.33528033,8
35.33944733,8
35.34361433,8
35.34778133,8
35.35194833,8
35.35611533,8
35.36028233,8
35.36444933,8
35.36861633,8
35.37278333,8
35.37695033,8
35.38111733,8
35.38528433,8
35.38945133,8
35.39361833,8
35.39778533,8
35.40195233,8
35.40611933,8
35.41028633,8
35.41445333,8
35.41862033,8
35.42278733,8
35.42695433,8
35.43112133,8
35.43528833,8
35.43945533,8
35.44362233,8
35.44778933,8
35.45195633,8
35.45612333,8
35.46029033,8
35.46445733,8
35.46862433,8
35.47279133,8
35.47695833,8
35.48112533,8
35.48529233,8
35.48945933,8
35.49362633,8
35.49779333,8
35.50196033,8
35.50612733,8
35.51029433,8
35.51446133,8
35.51862833,8
35.52279533,8
35.52696233,8
35.53112933,8
35.53529633,8
35.53946333,8
35.54363033,8
35.54779733,8
35.55196433,8
35.55613133,8
35.56029833,8
35.56446533,8
35.56863233,8
35.57279933,8
35.57696633,8
35.58113333,8
35.58530033,8
35.58946733,8
35.59363433,8
35.59780133,8
35.60196833,8
35.60613533,8
35.61030233,8
35.61446933,8
35.61863633,8
35.62280333,8
35.62697033,8
35.63113733,8
35.63530433,8
35.63947133,8
35.64363833,8
35.64780533,8
35.65197233,8
35.65613933,8
35.66030633,8
35.66447333,8
35.66864033,8
35.67280733,8
35.67697433,8
35.68114133,8
35.68530833,8
35.68947533,8
35.69364233,8
35.69780933,8
35.70197633,8
35.70614333,8
35.71031033,8
35.71447733,8
35.71864433,8
35.72281133,8
35.72697833,8
35.73114533,8
35.73531233,8
35.73947933,8
35.74364633,8
35.74781333,8
35.75198033,8
35.75614733,8
35.76031433,8
35.76448133,8
35.76864833,8
35.77281533,8
35.77698233,8
35.78114933,8
35.78531633,8
35.78948333,8
35.79365033,8
35.79781733,8
35.80198433,8
35.80615133,8
35.81031833,8
35.81448533,8
35.81865233,8
35.82281933,8
35.82698633,8
35.83115333,8
35.83532033,8
35.83948733,8
35.84365433,8
35.84782133,8
35.85198833,8
35.85615533,8
35.86032233,8
35.86448933,8
35.86865633,8
35.87282333,8
35.87699033,8
35.88115733,8
35.88532433,8
35.88949133,8
35.89365833,8
35.89782533,8
35.90199233,8
35.90615933,8
35.91032633,8
35.91449333,8
35.91866033,8
35.92282733,8
35.92699433,8
35.93116133,8
35.93532833,8
35.93949533,8
35.94366233,8
35.94782933,8
35.95199633,8
35.95616333,8
35.96033033,8
35.96449733,8
35.96866433,8
35.97283133,8
35.97699833,8
35.98116533,8
35.98533233,8
35.98949933,8
35.99366633,8
35.99783333,8
36.00200033,8
36.00616733,8
36.01033433,8
36.01450133,8
36.01866833,8
36.02283533,8
36.02700233,8
36.03116933,8
36.03533633,8
36.03950333,8
36.04367033,8
36.04783733,8
36.05200433,8
36.05617133,8
36.06033833,8
36.06450533,8
36.06867233,8
36.07283933,8
36.07700633,8
36.08117333,8
36.08534033,8
36.08950733,8
36.09367433,8
36.09784133,8
36.10200833,8
36.10617533,8
36.11034233,8
36.11450933,8
36.11867633,8
36.12284333,8
36.12701033,8
36.13117733,8
36.13534433,8
36.13951133,8
36.14367833,8
36.14784533,8
36.15201233,8
36.15617933,8
36.16034633,8
36.16451333,8
36.16868033,8
36.17284733,8
36.17701433,8
36.18118133,8
36.18534833,8
36.18951533,8
36.19368233,8
36.19784933,8
36.20201633,8
36.20618333,8
36.21035033,8
36.21451733,8
36.21868433,8
36.22285133,8
36.22701833,8
36.23118533,8
36.23535233,8
36.23951933,8
36.24368633,8
36.24785333,8
36.25202033,8
36.25618733,8
36.26035433,8
36.26452133,8
36.26868833,8
36.27285533,8
36.27702233,8
36.28118933,8
36.28535633,8
36.28952333,8
36.29369033,8
36.29785733,8
36.30202433,8
36.30619133,8
36.31035833,8
36.31452533,8
36.31869233,8
36.32285933,8
36.32702633,8
36.33119333,8
36.33536033,8
36.33952733,8
36.34369433,8
36.34786133,8
36.35202833,8
36.35619533,8
36.36036233,8
36.36452933,8
36.36869633,8
36.37286333,8
36.37703033,8
36.38119733,8
36.38536433,8
36.38953133,8
36.39369833,8
36.39786533,8
36.40203233,8
36.40619933,8
36.41036633,8
36.41453333,8
36.41870033,8
36.42286733,8
36.42703433,8
36.43120133,8
36.43536833,8
36.43953533,8
36.44370233,8
36.44786933,8
36.45203633,8
36.45620333,8
36.46037033,8
36.46453733,8
36.46870433,8
36.47287133,8
36.47703833,8
36.48120533,8
36.48537233,8
36.48953933,8
36.49370633,8
36.49787333,8
36.50204033,8
36.50620733,8
36.51037433,8
36.51454133,8
36.51870833,8
36.52287533,8
36.52704233,8
36.53120933,8
36.53537633,8
36.53954333,8
36.54371033,8
36.54787733,8
36.55204433,8
36.55621133,8
36.56037833,8
36.56454533,8
36.56871233,8
36.57287933,8
36.57704633,8
36.58121333,8
36.58538033,8
36.58954733,8
36.59371433,8
36.59788133,8
36.60204833,8
36.60621533,8
36.61038233,8
36.61454933,8
36.61871633,8
36.62288333,8
36.62705033,8
36.63121733,8
36.63538433,8
36.63955133,8
36.64371833,8
36.64788533,8
36.65205233,8
36.65621933,8
36.66038633,8
36.66455333,8
36.66872033,8
36.67288733,8
36.67705433,8
36.68122133,8
36.68538833,8
36.68955533,8
36.69372233,8
36.69788933,8
36.70205633,8
36.70622333,8
36.71039033,8
36.71455733,8
36.71872433,8
36.72289133,8
36.72705833,8
36.73122533,8
36.73539233,8
36.73955933,8
36.74372633,8
36.74789333,8
36.75206033,8
36.75622733,8
36.76039433,8
36.76456133,8
36.76872833,8
36.77289533,8
36.77706233,8
36.78122933,8
36.78539633,8
36.78956333,8
36.79373033,8
36.79789733,8
36.80206433,8
36.80623133,8
36.81039833,8
36.81456533,8
36.81873233,8
36.82289933,8
36.82706633,8
36.83123333,8
36.83540033,8
36.83956733,8
36.84373433,8
36.84790133,8
36.85206833,8
36.85623533,8
36.86040233,8
36.86456933,8
36.86873633,8
36.87290333,8
36.87707033,8
36.88123733,8
36.88540433,8
36.88957133,8
36.89373833,8
36.89790533,8
36.90207233,8
36.90623933,8
36.91040633,8
36.91457333,8
36.91874033,8
36.92290733,8
36.92707433,8
36.93124133,8
36.93540833,8
36.93957533,8
36.94374233,8
36.94790933,8
36.95207633,8
36.95624333,8
36.96041033,8
36.96457733,8
36.96874433,8
36.97291133,8
36.97707833,8
36.98124533,8
36.98541233,8
36.98957933,8
36.99374633,8
36.99791333,8
37.00208033,8
37.00624733,8
37.01041433,8
37.01458133,8
37.01874833,8
37.02291533,8
37.02708233,8
37.03124933,8
37.03541633,8
37.03958333,8
37.04375033,8
37.04791733,8
37.05208433,8
37.05625133,8
37.06041833,8
37.06458533,8
37.06875233,8
37.07291933,8
37.07708633,8
37.08125333,8
37.08542033,8
37.08958733,8
37.09375433,8
37.09792133,8
37.10208833,8
37.10625533,8
37.11042233,8
37.11458933,8
37.11875633,8
37.12292333,8
37.12709033,8
37.13125733,8
37.13542433,8
37.13959133,8
37.14375833,8
37.14792533,8
37.15209233,8
37.15625933,8
37.16042633,8
37.16459333,8
37.16876033,8
37.17292733,8
37.17709433,8
37.18126133,8
37.18542833,8
37.18959533,8
37.19376233,8
37.19792933,8
37.20209633,8
37.20626333,8
37.21043033,8
37.21459733,8
37.21876433,8
37.22293133,8
37.22709833,8
37.23126533,8
37.23543233,8
37.23959933,8
37.24376633,8
37.24793333,8
37.25210033,8
37.25626733,8
37.26043433,8
37.26460133,8
37.26876833,8
37.27293533,8
37.27710233,8
37.28126933,8
37.28543633,8
37.28960333,8
37.29377033,8
37.29793733,8
37.30210433,8
37.30627133,8
37.31043833,8
37.31460533,8
37.31877233,8
37.32293933,8
37.32710633,8
37.33127333,8
37.33544033,8
37.33960733,8
37.34377433,8
37.34794133,8
37.35210833,8
37.35627533,8
37.36044233,8
37.36460933,8
37.36877633,8
37.37294333,8
37.37711033,8
37.38127733,8
37.38544433,8
37.38961133,8
37.39377833,8
37.39794533,8
37.40211233,8
37.40627933,8
37.41044633,8
37.41461333,8
37.41878033,8
37.42294733,8
37.42711433,8
37.43128133,8
37.43544833,8
37.43961533,8
37.44378233,8
37.44794933,8
37.45211633,8
37.45628333,8
37.46045033,8
37.46461733,8
37.46878433,8
37.47295133,8
37.47711833,8
37.48128533,8
37.48545233,8
37.48961933,8
37.49378633,8
37.49795333,8
37.50212033,8
37.50628733,8
37.51045433,8
37.51462133,8
37.51878833,8
37.52295533,8
37.52712233,8
37.53128933,8
37.53545633,8
37.53962333,8
37.54379033,8
37.54795733,8
37.55212433,8
37.55629133,8
37.56045833,8
37.56462533,8
37.56879233,8
37.57295933,8
37.57712633,8
37.58129333,8
37.58546033,8
37.58962733,8
37.59379433,8
37.59796133,8
37.60212833,8
37.60629533,8
37.61046233,8
37.61462933,8
37.61879633,8
37.62296333,8
37.62713033,8
37.63129733,8
37.63546433,8
37.63963133,8
37.64379833,8
37.64796533,8
37.65213233,8
37.65629933,8
37.66046633,8
37.66463333,8
37.66880033,8
37.67296733,8
37.67713433,8
37.68130133,8
37.68546833,8
37.68963533,8
37.69380233,8
37.69796933,8
37.70213633,8
37.70630333,8
37.71047033,8
37.71463733,8
37.71880433,8
37.72297133,8
37.72713833,8
37.73130533,8
37.73547233,8
37.73963933,8
37.74380633,8
37.74797333,8
37.75214033,8
37.75630733,8
37.76047433,8
37.76464133,8
37.76880833,8
37.77297533,8
37.77714233,8
37.78130933,8
37.78547633,8
37.78964333,8
37.79381033,8
37.79797733,8
37.80214433,8
37.80631133,8
37.81047833,8
37.81464533,8
37.81881233,8
37.82297933,8
37.82714633,8
37.83131333,8
37.83548033,8
37.83964733,8
37.84381433,8
37.84798133,8
37.85214833,8
37.85631533,8
37.86048233,8
37.86464933,8
37.86881633,8
37.87298333,8
37.87715033,8
37.88131733,8
37.88548433,8
37.88965133,8
37.89381833,8
37.89798533,8
37.90215233,8
37.90631933,8
37.91048633,8
37.91465333,8
37.91882033,8
37.92298733,8
37.92715433,8
37.93132133,8
37.93548833,8
37.93965533,8
37.94382233,8
37.94798933,8
37.95215633,8
37.95632333,8
37.96049033,8
37.96465733,8
37.96882433,8
37.97299133,8
37.97715833,8
37.98132533,8
37.98549233,8
37.98965933,8
37.99382633,8
37.99799333,8
38.00216033,8
38.00632733,8
38.01049433,8
38.01466133,8
38.01882833,8
38.02299533,8
38.02716233,8
38.03132933,8
38.03549633,8
38.03966333,8
38.04383033,8
38.04799733,8
38.05216433,8
38.05633133,8
38.06049833,8
38.06466533,8
38.06883233,8
38.07299933,8
38.07716633,8
38.08133333,8
38.08550033,8
38.08966733,8
38.09383433,8
38.09800133,8
38.10216833,8
38.10633533,8
38.11050233,8
38.11466933,8
38.11883633,8
38.12300333,8
38.12717033,8
38.13133733,8
38.13550433,8
38.13967133,8
38.14383833,8
38.14800533,8
38.15217233,8
38.15633933,8
38.16050633,8
38.16467333,8
38.16884033,8
38.17300733,8
38.17717433,8
38.18134133,8
38.18550833,8
38.18967533,8
38.19384233,8
38.19800933,8
38.20217633,8
38.20634333,8
38.21051033,8
38.21467733,8
38.21884433,8
38.22301133,8
38.22717833,8
38.23134533,8
38.23551233,8
38.23967933,8
38.24384633,8
38.24801333,8
38.25218033,8
38.25634733,8
38.26051433,8
38.26468133,8
38.26884833,8
38.27301533,8
38.27718233,8
38.28134933,8
38.28551633,8
38.28968333,8
38.29385033,8
38.29801733,8
38.30218433,8
38.30635133,8
38.31051833,8
38.31468533,8
38.31885233,8
38.32301933,8
38.32718633,8
38.33135333,8
38.33552033,8
38.33968733,8
38.34385433,8
38.34802133,8
38.35218833,8
38.35635533,8
38.36052233,8
38.36468933,8
38.36885633,8
38.37302333,8
38.37719033,8
38.38135733,8
38.38552433,8
38.38969133,8
38.39385833,8
38.39802533,8
38.40219233,8
38.40635933,8
38.41052633,8
38.41469333,8
38.41886033,8
38.42302733,8
38.42719433,8
38.43136133,8
38.43552833,8
38.43969533,8
38.44386233,8
38.44802933,8
38.45219633,8
38.45636333,8
38.46053033,8
38.46469733,8
38.46886433,8
38.47303133,8
38.47719833,8
38.48136533,8
38.48553233,8
38.48969933,8
38.49386633,8
38.49803333,8
38.50220033,8
38.50636733,8
38.51053433,8
38.51470133,8
38.51886833,8
38.52303533,8
38.52720233,8
38.53136933,8
38.53553633,8
38.53970333,8
38.54387033,8
38.54803733,8
38.55220433,8
38.55637133,8
38.56053833,8
38.56470533,8
38.56887233,8
38.57303933,8
38.57720633,8
38.58137333,8
38.58554033,8
38.58970733,8
38.59387433,8
38.59804133,8
38.60220833,8
38.60637533,8
38.61054233,8
38.61470933,8
38.61887633,8
38.62304333,8
38.62721033,8
38.63137733,8
38.63554433,8
38.63971133,8
38.64387833,8
38.64804533,8
38.65221233,8
38.65637933,8
38.66054633,8
38.66471333,8
38.66888033,8
38.67304733,8
38.67721433,8
38.68138133,8
38.68554833,8
38.68971533,8
38.69388233,8
38.69804933,8
38.70221633,8
38.70638333,8
38.71055033,8
38.71471733,8
38.71888433,8
38.72305133,8
38.72721833,8
38.73138533,8
38.73555233,8
38.73971933,8
38.74388633,8
38.74805333,8
38.75222033,8
38.75638733,8
38.76055433,8
38.76472133,8
38.76888833,8
38.77305533,8
38.77722233,8
38.78138933,8
38.78555633,8
38.78972333,8
38.79389033,8
38.79805733,8
38.80222433,8
38.80639133,8
38.81055833,8
38.81472533,8
38.81889233,8
38.82305933,8
38.82722633,8
38.83139333,8
38.83556033,8
38.83972733,8
38.84389433,8
38.84806133,8
38.85222833,8
38.85639533,8
38.86056233,8
38.86472933,8
38.86889633,8
38.87306333,8
38.87723033,8
38.88139733,8
38.88556433,8
38.88973133,8
38.89389833,8
38.89806533,8
38.90223233,8
38.90639933,8
38.91056633,8
38.91473333,8
38.91890033,8
38.92306733,8
38.92723433,8
38.93140133,8
38.93556833,8
38.93973533,8
38.94390233,8
38.94806933,8
38.95223633,8
38.95640333,8
38.96057033,8
38.96473733,8
38.96890433,8
38.97307133,8
38.97723833,8
38.98140533,8
38.98557233,8
38.98973933,8
38.99390633,8
38.99807333,8
39.00224033,8
39.00640733,8
39.01057433,8
39.01474133,8
39.01890833,8
39.02307533,8
39.02724233,8
39.03140933,8
39.03557633,8
39.03974333,8
39.04391033,8
39.04807733,8
39.05224433,8
39.05641133,8
39.06057833,8
39.06474533,8
39.06891233,8
39.07307933,8
39.07724633,8
39.08141333,8
39.08558033,8
39.08974733,8
39.09391433,8
39.09808133,8
39.10224833,8
39.10641533,8
39.11058233,8
39.11474933,8
39.11891633,8
39.12308333,8
39.12725033,8
39.13141733,8
39.13558433,8
39.13975133,8
39.14391833,8
39.14808533,8
39.15225233,8
39.15641933,8
39.16058633,8
39.16475333,8
39.16892033,8
39.17308733,8
39.17725433,8
39.18142133,8
39.18558833,8
39.18975533,8
39.19392233,8
39.19808933,8
39.20225633,8
39.20642333,8
39.21059033,8
39.21475733,8
39.21892433,8
39.22309133,8
39.22725833,8
39.23142533,8
39.23559233,8
39.23975933,8
39.24392633,8
39.24809333,8
39.25226033,8
39.25642733,8
39.26059433,8
39.26476133,8
39.26892833,8
39.27309533,8
39.27726233,8
39.28142933,8
39.28559633,8
39.28976333,8
39.29393033,8
39.29809733,8
39.30226433,8
39.30643133,8
39.31059833,8
39.31476533,8
39.31893233,8
39.32309933,8
39.32726633,8
39.33143333,8
39.33560033,8
39.33976733,8
39.34393433,8
39.34810133,8
39.35226833,8
39.35643533,8
39.36060233,8
39.36476933,8
39.36893633,8
39.37310333,8
39.37727033,8
39.38143733,8
39.38560433,8
39.38977133,8
39.39393833,8
39.39810533,8
39.40227233,8
39.40643933,8
39.41060633,8
39.41477333,8
39.41894033,8
39.42310733,8
39.42727433,8
39.43144133,8
39.43560833,8
39.43977533,8
39.44394233,8
39.44810933,8
39.45227633,8
39.45644333,8
39.46061033,8
39.46477733,8
39.46894433,8
39.47311133,8
39.47727833,8
39.48144533,8
39.48561233,8
39.48977933,8
39.49394633,8
39.49811333,8
39.50228033,8
39.50644733,8
39.51061433,8
39.51478133,8
39.51894833,8
39.52311533,8
39.52728233,8
39.53144933,8
39.53561633,8
39.53978333,8
39.54395033,8
39.54811733,8
39.55228433,8
39.55645133,8
39.56061833,8
39.56478533,8
39.56895233,8
39.57311933,8
39.57728633,8
39.58145333,8
39.58562033,8
39.58978733,8
39.59395433,8
39.59812133,8
39.60228833,8
39.60645533,8
39.61062233,8
39.61478933,8
39.61895633,8
39.62312333,8
39.62729033,8
39.63145733,8
39.63562433,8
39.63979133,8
39.64395833,8
39.64812533,8
39.65229233,8
39.65645933,8
39.66062633,8
39.66479333,8
39.66896033,8
39.67312733,8
39.67729433,8
39.68146133,8
39.68562833,8
39.68979533,8
39.69396233,8
39.69812933,8
39.70229633,8
39.70646333,8
39.71063033,8
39.71479733,8
39.71896433,8
39.72313133,8
39.72729833,8
39.73146533,8
39.73563233,8
39.73979933,8
39.74396633,8
39.74813333,8
39.75230033,8
39.75646733,8
39.76063433,8
39.76480133,8
39.76896833,8
39.77313533,8
39.77730233,8
39.78146933,8
39.78563633,8
39.78980333,8
39.79397033,8
39.79813733,8
39.80230433,8
39.80647133,8
39.81063833,8
39.81480533,8
39.81897233,8
39.82313933,8
39.82730633,8
39.83147333,8
39.83564033,8
39.83980733,8
39.84397433,8
39.84814133,8
39.85230833,8
39.85647533,8
39.86064233,8
39.86480933,8
39.86897633,8
39.87314333,8
39.87731033,8
39.88147733,8
39.88564433,8
39.88981133,8
39.89397833,8
39.89814533,8
39.90231233,8
39.90647933,8
39.91064633,8
39.91481333,8
39.91898033,8
39.92314733,8
39.92731433,8
39.93148133,8
39.93564833,8
39.93981533,8
39.94398233,8
39.94814933,8
39.95231633,8
39.95648333,8
39.96065033,8
39.96481733,8
39.96898433,8
39.97315133,8
39.97731833,8
39.98148533,8
39.98565233,8
39.98981933,8
39.99398633,8
39.99815333,8
40.00232033,8
40.00648733,8
40.01065433,8
40.01482133,8
40.01898833,8
40.02315533,8
40.02732233,8
40.03148933,8
40.03565633,8
40.03982333,8
40.04399033,8
40.04815733,8
40.05232433,8
40.05649133,8
40.06065833,8
40.06482533,8
40.06899233,8
40.07315933,8
40.07732633,8
40.08149333,8
40.08566033,8
40.08982733,8
40.09399433,8
40.09816133,8
40.10232833,8
40.10649533,8
40.11066233,8
40.11482933,8
40.11899633,8
40.12316333,8
40.12733033,8
40.13149733,8
40.13566433,8
40.13983133,8
40.14399833,8
40.14816533,8
40.15233233,8
40.15649933,8
40.16066633,8
40.16483333,8
40.16900033,8
40.17316733,8
40.17733433,8
40.18150133,8
40.18566833,8
40.18983533,8
40.19400233,8
40.19816933,8
40.20233633,8
40.20650333,8
40.21067033,8
40.21483733,8
40.21900433,8
40.22317133,8
40.22733833,8
40.23150533,8
40.23567233,8
40.23983933,8
40.24400633,8
40.24817333,8
40.25234033,8
40.25650733,8
40.26067433,8
40.26484133,8
40.26900833,8
40.27317533,8
40.27734233,8
40.28150933,8
40.28567633,8
40.28984333,8
40.29401033,8
40.29817733,8
40.30234433,8
40.30651133,8
40.31067833,8
40.31484533,8
40.31901233,8
40.32317933,8
40.32734633,8
40.33151333,8
40.33568033,8
40.33984733,8
40.34401433,8
40.34818133,8
40.35234833,8
40.35651533,8
40.36068233,8
40.36484933,8
40.36901633,8
40.37318333,8
40.37735033,8
40.38151733,8
40.38568433,8
40.38985133,8
40.39401833,8
40.39818533,8
40.40235233,8
40.40651933,8
40.41068633,8
40.41485333,8
40.41902033,8
40.42318733,8
40.42735433,8
40.43152133,8
40.43568833,8
40.43985533,8
40.44402233,8
40.44818933,8
40.45235633,8
40.45652333,8
40.46069033,8
40.46485733,8
40.46902433,8
40.47319133,8
40.47735833,8
40.48152533,8
40.48569233,8
40.48985933,8
40.49402633,8
40.49819333,8
40.50236033,8
40.50652733,8
40.51069433,8
40.51486133,8
40.51902833,8
40.52319533,8
40.52736233,8
40.53152933,8
40.53569633,8
40.53986333,8
40.54403033,8
40.54819733,8
40.55236433,8
40.55653133,8
40.56069833,8
40.56486533,8
40.56903233,8
40.57319933,8
40.57736633,8
40.58153333,8
40.58570033,8
40.58986733,8
40.59403433,8
40.59820133,8
40.60236833,8
40.60653533,8
40.61070233,8
40.61486933,8
40.61903633,8
40.62320333,8
40.62737033,8
40.63153733,8
40.63570433,8
40.63987133,8
40.64403833,8
40.64820533,8
40.65237233,8
40.65653933,8
40.66070633,8
40.66487333,8
40.66904033,8
40.67320733,8
40.67737433,8
40.68154133,8
40.68570833,8
40.68987533,8
40.69404233,8
40.69820933,8
40.70237633,8
40.70654333,8
40.71071033,8
40.71487733,8
40.71904433,8
40.72321133,8
40.72737833,8
40.73154533,8
40.73571233,8
40.73987933,8
40.74404633,8
40.74821333,8
40.75238033,8
40.75654733,8
40.76071433,8
40.76488133,8
40.76904833,8
40.77321533,8
40.77738233,8
40.78154933,8
40.78571633,8
40.78988333,8
40.79405033,8
40.79821733,8
40.80238433,8
40.80655133,8
40.81071833,8
40.81488533,8
40.81905233,8
40.82321933,8
40.82738633,8
40.83155333,8
40.83572033,8
40.83988733,8
40.84405433,8
40.84822133,8
40.85238833,8
40.85655533,8
40.86072233,8
40.86488933,8
40.86905633,8
40.87322333,8
40.87739033,8
40.88155733,8
40.88572433,8
40.88989133,8
40.89405833,8
40.89822533,8
40.90239233,8
40.90655933,8
40.91072633,8
40.91489333,8
40.91906033,8
40.92322733,8
40.92739433,8
40.93156133,8
40.93572833,8
40.93989533,8
40.94406233,8
40.94822933,8
40.95239633,8
40.95656333,8
40.96073033,8
40.96489733,8
40.96906433,8
40.97323133,8
40.97739833,8
40.98156533,8
40.98573233,8
40.98989933,8
40.99406633,8
40.99823333,8
41.00240033,8
41.00656733,8
41.01073433,8
41.01490133,8
41.01906833,8
41.02323533,8
41.02740233,8
41.03156933,8
41.03573633,8
41.03990333,8
41.04407033,8
41.04823733,8
41.05240433,8
41.05657133,8
41.06073833,8
41.06490533,8
41.06907233,8
41.07323933,8
41.07740633,8
41.08157333,8
41.08574033,8
41.08990733,8
41.09407433,8
41.09824133,8
41.10240833,8
41.10657533,8
41.11074233,8
41.11490933,8
41.11907633,8
41.12324333,8
41.12741033,8
41.13157733,8
41.13574433,8
41.13991133,8
41.14407833,8
41.14824533,8
41.15241233,8
41.15657933,8
41.16074633,8
41.16491333,8
41.16908033,8
41.17324733,8
41.17741433,8
41.18158133,8
41.18574833,8
41.18991533,8
41.19408233,8
41.19824933,8
41.20241633,8
41.20658333,8
41.21075033,8
41.21491733,8
41.21908433,8
41.22325133,8
41.22741833,8
41.23158533,8
41.23575233,8
41.23991933,8
41.24408633,8
41.24825333,8
41.25242033,8
41.25658733,8
41.26075433,8
41.26492133,8
41.26908833,8
41.27325533,8
41.27742233,8
41.28158933,8
41.28575633,8
41.28992333,8
41.29409033,8
41.29825733,8
41.30242433,8
41.30659133,8
41.31075833,8
41.31492533,8
41.31909233,8
41.32325933,8
41.32742633,8
41.33159333,8
41.33576033,8
41.33992733,8
41.34409433,8
41.34826133,8
41.35242833,8
41.35659533,8
41.36076233,8
41.36492933,8
41.36909633,8
41.37326333,8
41.37743033,8
41.38159733,8
41.38576433,8
41.38993133,8
41.39409833,8
41.39826533,8
41.40243233,8
41.40659933,8
41.41076633,8
41.41493333,8
41.41910033,8
41.42326733,8
41.42743433,8
41.43160133,8
41.43576833,8
41.43993533,8
41.44410233,8
41.44826933,8
41.45243633,8
41.45660333,8
41.46077033,8
41.46493733,8
41.46910433,8
41.47327133,8
41.47743833,8
41.48160533,8
41.48577233,8
41.48993933,8
41.49410633,8
41.49827333,8
41.50244033,8
41.50660733,8
41.51077433,8
41.51494133,8
41.51910833,8
41.52327533,8
41.52744233,8
41.53160933,8
41.53577633,8
41.53994333,8
41.54411033,8
41.54827733,8
41.55244433,8
41.55661133,8
41.56077833,8
41.56494533,8
41.56911233,8
41.57327933,8
41.57744633,8
41.58161333,8
41.58578033,8
41.58994733,8
41.59411433,8
41.59828133,8
41.60244833,8
41.60661533,8
41.61078233,8
41.61494933,8
41.61911633,8
41.62328333,8
41.62745033,8
41.63161733,8
41.63578433,8
41.63995133,8
41.64411833,8
41.64828533,8
41.65245233,8
41.65661933,8
41.66078633,8
41.66495333,8
41.66912033,8
41.67328733,8
41.67745433,8
41.68162133,8
41.68578833,8
41.68995533,8
41.69412233,8
41.69828933,8
41.70245633,8
41.70662333,8
41.71079033,8
41.71495733,8
41.71912433,8
41.72329133,8
41.72745833,8
41.73162533,8
41.73579233,8
41.73995933,8
41.74412633,8
41.74829333,8
41.75246033,8
41.75662733,8
41.76079433,8
41.76496133,8
41.76912833,8
41.77329533,8
41.77746233,8
41.78162933,8
41.78579633,8
41.78996333,8
41.79413033,8
41.79829733,8
41.80246433,8
41.80663133,8
41.81079833,8
41.81496533,8
41.81913233,8
41.82329933,8
41.82746633,8
41.83163333,8
41.83580033,8
41.83996733,8
41.84413433,8
41.84830133,8
41.85246833,8
41.85663533,8
41.86080233,8
41.86496933,8
41.86913633,8
41.87330333,8
41.87747033,8
41.88163733,8
41.88580433,8
41.88997133,8
41.89413833,8
41.89830533,8
41.90247233,8
41.90663933,8
41.91080633,8
41.91497333,8
41.91914033,8
41.92330733,8
41.92747433,8
41.93164133,8
41.93580833,8
41.93997533,8
41.94414233,8
41.94830933,8
41.95247633,8
41.95664333,8
41.96081033,8
41.96497733,8
41.96914433,8
41.97331133,8
41.97747833,8
41.98164533,8
41.98581233,8
41.98997933,8
41.99414633,8
41.99831333,8
42.00248033,8
42.00664733,8
42.01081433,8
42.01498133,8
42.01914833,8
42.02331533,8
42.02748233,8
42.03164933,8
42.03581633,8
42.03998333,8
42.04415033,8
42.04831733,8
42.05248433,8
42.05665133,8
42.06081833,8
42.06498533,8
42.06915233,8
42.07331933,8
42.07748633,8
42.08165333,8
42.08582033,8
42.08998733,8
42.09415433,8
42.09832133,8
42.10248833,8
42.10665533,8
42.11082233,8
42.11498933,8
42.11915633,8
42.12332333,8
42.12749033,8
42.13165733,8
42.13582433,8
42.13999133,8
42.14415833,8
42.14832533,8
42.15249233,8
42.15665933,8
42.16082633,8
42.16499333,8
42.16916033,8
42.17332733,8
42.17749433,8
42.18166133,8
42.18582833,8
42.18999533,8
42.19416233,8
42.19832933,8
42.20249633,8
42.20666333,8
42.21083033,8
42.21499733,8
42.21916433,8
42.22333133,8
42.22749833,8
42.23166533,8
42.23583233,8
42.23999933,8
42.24416633,8
42.24833333,8
42.25250033,8
42.25666733,8
42.26083433,8
42.26500133,8
42.26916833,8
42.27333533,8
42.27750233,8
42.28166933,8
42.28583633,8
42.29000333,8
42.29417033,8
42.29833733,8
42.30250433,8
42.30667133,8
42.31083833,8
42.31500533,8
42.31917233,8
42.32333933,8
42.32750633,8
42.33167333,8
42.33584033,8
42.34000733,8
42.34417433,8
42.34834133,8
42.35250833,8
42.35667533,8
42.36084233,8
42.36500933,8
42.36917633,8
42.37334333,8
42.37751033,8
42.38167733,8
42.38584433,8
42.39001133,8
42.39417833,8
42.39834533,8
42.40251233,8
42.40667933,8
42.41084633,8
42.41501333,8
42.41918033,8
42.42334733,8
42.42751433,8
42.43168133,8
42.43584833,8
42.44001533,8
42.44418233,8
42.44834933,8
42.45251633,8
42.45668333,8
42.46085033,8
42.46501733,8
42.46918433,8
42.47335133,8
42.47751833,8
42.48168533,8
42.48585233,8
42.49001933,8
42.49418633,8
42.49835333,8
42.50252033,8
42.50668733,8
42.51085433,8
42.51502133,8
42.51918833,8
42.52335533,8
42.52752233,8
42.53168933,8
42.53585633,8
42.54002333,8
42.54419033,8
42.54835733,8
42.55252433,8
42.55669133,8
42.56085833,8
42.56502533,8
42.56919233,8
42.57335933,8
42.57752633,8
42.58169333,8
42.58586033,8
42.59002733,8
42.59419433,8
42.59836133,8
42.60252833,8
42.60669533,8
42.61086233,8
42.61502933,8
42.61919633,8
42.62336333,8
42.62753033,8
42.63169733,8
42.63586433,8
42.64003133,8
42.64419833,8
42.64836533,8
42.65253233,8
42.65669933,8
42.66086633,8
42.66503333,8
42.66920033,8
42.67336733,8
42.67753433,8
42.68170133,8
42.68586833,8
42.69003533,8
42.69420233,8
42.69836933,8
42.70253633,8
42.70670333,8
42.71087033,8
42.71503733,8
42.71920433,8
42.72337133,8
42.72753833,8
42.73170533,8
42.73587233,8
42.74003933,8
42.74420633,8
42.74837333,8
42.75254033,8
42.75670733,8
42.76087433,8
42.76504133,8
42.76920833,8
42.77337533,8
42.77754233,8
42.78170933,8
42.78587633,8
42.79004333,8
42.79421033,8
42.79837733,8
42.80254433,8
42.80671133,8
42.81087833,8
42.81504533,8
42.81921233,8
42.82337933,8
42.82754633,8
42.83171333,8
42.83588033,8
42.84004733,8
42.84421433,8
42.84838133,8
42.85254833,8
42.85671533,8
42.86088233,8
42.86504933,8
42.86921633,8
42.87338333,8
42.87755033,8
42.88171733,8
42.88588433,8
42.89005133,8
42.89421833,8
42.89838533,8
42.90255233,8
42.90671933,8
42.91088633,8
42.91505333,8
42.91922033,8
42.92338733,8
42.92755433,8
42.93172133,8
42.93588833,8
42.94005533,8
42.94422233,8
42.94838933,8
42.95255633,8
42.95672333,8
42.96089033,8
42.96505733,8
42.96922433,8
42.97339133,8
42.97755833,8
42.98172533,8
42.98589233,8
42.99005933,8
42.99422633,8
42.99839333,8
43.00256033,8
43.00672733,8
43.01089433,8
43.01506133,8
43.01922833,8
43.02339533,8
43.02756233,8
43.03172933,8
43.03589633,8
43.04006333,8
43.04423033,8
43.04839733,8
43.05256433,8
43.05673133,8
43.06089833,8
43.06506533,8
43.06923233,8
43.07339933,8
43.07756633,8
43.08173333,8
43.08590033,8
43.09006733,8
43.09423433,8
43.09840133,8
43.10256833,8
43.10673533,8
43.11090233,8
43.11506933,8
43.11923633,8
43.12340333,8
43.12757033,8
43.13173733,8
43.13590433,8
43.14007133,8
43.14423833,8
43.14840533,8
43.15257233,8
43.15673933,8
43.16090633,8
43.16507333,8
43.16924033,8
43.17340733,8
43.17757433,8
43.18174133,8
43.18590833,8
43.19007533,8
43.19424233,8
43.19840933,8
43.20257633,8
43.20674333,8
43.21091033,8
43.21507733,8
43.21924433,8
43.22341133,8
43.22757833,8
43.23174533,8
43.23591233,8
43.24007933,8
43.24424633,8
43.24841333,8
43.25258033,8
43.25674733,8
43.26091433,8
43.26508133,8
43.26924833,8
43.27341533,8
43.27758233,8
43.28174933,8
43.28591633,8
43.29008333,8
43.29425033,8
43.29841733,8
43.30258433,8
43.30675133,8
43.31091833,8
43.31508533,8
43.31925233,8
43.32341933,8
43.32758633,8
43.33175333,8
43.33592033,8
43.34008733,8
43.34425433,8
43.34842133,8
43.35258833,8
43.35675533,8
43.36092233,8
43.36508933,8
43.36925633,8
43.37342333,8
43.37759033,8
43.38175733,8
43.38592433,8
43.39009133,8
43.39425833,8
43.39842533,8
43.40259233,8
43.40675933,8
43.41092633,8
43.41509333,8
43.41926033,8
43.42342733,8
43.42759433,8
43.43176133,8
43.43592833,8
43.44009533,8
43.44426233,8
43.44842933,8
43.45259633,8
43.45676333,8
43.46093033,8
43.46509733,8
43.46926433,8
43.47343133,8
43.47759833,8
43.48176533,8
43.48593233,8
43.49009933,8
43.49426633,8
43.49843333,8
43.50260033,8
43.50676733,8
43.51093433,8
43.51510133,8
43.51926833,8
43.52343533,8
43.52760233,8
43.53176933,8
43.53593633,8
43.54010333,8
43.54427033,8
43.54843733,8
43.55260433,8
43.55677133,8
43.56093833,8
43.56510533,8
43.56927233,8
43.57343933,8
43.57760633,8
43.58177333,8
43.58594033,8
43.59010733,8
43.59427433,8
43.59844133,8
43.60260833,8
43.60677533,8
43.61094233,8
43.61510933,8
43.61927633,8
43.62344333,8
43.62761033,8
43.63177733,8
43.63594433,8
43.64011133,8
43.64427833,8
43.64844533,8
43.65261233,8
43.65677933,8
43.66094633,8
43.66511333,8
43.66928033,8
43.67344733,8
43.67761433,8
43.68178133,8
43.68594833,8
43.69011533,8
43.69428233,8
43.69844933,8
43.70261633,8
43.70678333,8
43.71095033,8
43.71511733,8
43.71928433,8
43.72345133,8
43.72761833,8
43.73178533,8
43.73595233,8
43.74011933,8
43.74428633,8
43.74845333,8
43.75262033,8
43.75678733,8
43.76095433,8
43.76512133,8
43.76928833,8
43.77345533,8
43.77762233,8
43.78178933,8
43.78595633,8
43.79012333,8
43.79429033,8
43.79845733,8
43.80262433,8
43.80679133,8
43.81095833,8
43.81512533,8
43.81929233,8
43.82345933,8
43.82762633,8
43.83179333,8
43.83596033,8
43.84012733,8
43.84429433,8
43.84846133,8
43.85262833,8
43.85679533,8
43.86096233,8
43.86512933,8
43.86929633,8
43.87346333,8
43.87763033,8
43.88179733,8
43.88596433,8
43.89013133,8
43.89429833,8
43.89846533,8
43.90263233,8
43.90679933,8
43.91096633,8
43.91513333,8
43.91930033,8
43.92346733,8
43.92763433,8
43.93180133,8
43.93596833,8
43.94013533,8
43.94430233,8
43.94846933,8
43.95263633,8
43.95680333,8
43.96097033,8
43.96513733,8
43.96930433,8
43.97347133,8
43.97763833,8
43.98180533,8
43.98597233,8
43.99013933,8
43.99430633,8
43.99847333,8
44.00264033,8
44.00680733,8
44.01097433,8
44.01514133,8
44.01930833,8
44.02347533,8
44.02764233,8
44.03180933,8
44.03597633,8
44.04014333,8
44.04431033,8
44.04847733,8
44.05264433,8
44.05681133,8
44.06097833,8
44.06514533,8
44.06931233,8
44.07347933,8
44.07764633,8
44.08181333,8
44.08598033,8
44.09014733,8
44.09431433,8
44.09848133,8
44.10264833,8
44.10681533,8
44.11098233,8
44.11514933,8
44.11931633,8
44.12348333,8
44.12765033,8
44.13181733,8
44.13598433,8
44.14015133,8
44.14431833,8
44.14848533,8
44.15265233,8
44.15681933,8
44.16098633,8
44.16515333,8
44.16932033,8
44.17348733,8
44.17765433,8
44.18182133,8
44.18598833,8
44.19015533,8
44.19432233,8
44.19848933,8
44.20265633,8
44.20682333,8
44.21099033,8
44.21515733,8
44.21932433,8
44.22349133,8
44.22765833,8
44.23182533,8
44.23599233,8
44.24015933,8
44.24432633,8
44.24849333,8
44.25266033,8
44.25682733,8
44.26099433,8
44.26516133,8
44.26932833,8
44.27349533,8
44.27766233,8
44.28182933,8
44.28599633,8
44.29016333,8
44.29433033,8
44.29849733,8
44.30266433,8
44.30683133,8
44.31099833,8
44.31516533,8
44.31933233,8
44.32349933,8
44.32766633,8
44.33183333,8
44.33600033,8
44.34016733,8
44.34433433,8
44.34850133,8
44.35266833,8
44.35683533,8
44.36100233,8
44.36516933,8
44.36933633,8
44.37350333,8
44.37767033,8
44.38183733,8
44.38600433,8
44.39017133,8
44.39433833,8
44.39850533,8
44.40267233,8
44.40683933,8
44.41100633,8
44.41517333,8
44.41934033,8
44.42350733,8
44.42767433,8
44.43184133,8
44.43600833,8
44.44017533,8
44.44434233,8
44.44850933,8
44.45267633,8
44.45684333,8
44.46101033,8
44.46517733,8
44.46934433,8
44.47351133,8
44.47767833,8
44.48184533,8
44.48601233,8
44.49017933,8
44.49434633,8
44.49851333,8
44.50268033,8
44.50684733,8
44.51101433,8
44.51518133,8
44.51934833,8
44.52351533,8
44.52768233,8
44.53184933,8
44.53601633,8
44.54018333,8
44.54435033,8
44.54851733,8
44.55268433,8
44.55685133,8
44.56101833,8
44.56518533,8
44.56935233,8
44.57351933,8
44.57768633,8
44.58185333,8
44.58602033,8
44.59018733,8
44.59435433,8
44.59852133,8
44.60268833,8
44.60685533,8
44.61102233,8
44.61518933,8
44.61935633,8
44.62352333,8
44.62769033,8
44.63185733,8
44.63602433,8
44.64019133,8
44.64435833,8
44.64852533,8
44.65269233,8
44.65685933,8
44.66102633,8
44.66519333,8
44.66936033,8
44.67352733,8
44.67769433,8
44.68186133,8
44.68602833,8
44.69019533,8
44.69436233,8
44.69852933,8
44.70269633,8
44.70686333,8
44.71103033,8
44.71519733,8
44.71936433,8
44.72353133,8
44.72769833,8
44.73186533,8
44.73603233,8
44.74019933,8
44.74436633,8
44.74853333,8
44.75270033,8
44.75686733,8
44.76103433,8
44.76520133,8
44.76936833,8
44.77353533,8
44.77770233,8
44.78186933,8
44.78603633,8
44.79020333,8
44.79437033,8
44.79853733,8
44.80270433,8
44.80687133,8
44.81103833,8
44.81520533,8
44.81937233,8
44.82353933,8
44.82770633,8
44.83187333,8
44.83604033,8
44.84020733,8
44.84437433,8
44.84854133,8
44.85270833,8
44.85687533,8
44.86104233,8
44.86520933,8
44.86937633,8
44.87354333,8
44.87771033,8
44.88187733,8
44.88604433,8
44.89021133,8
44.89437833,8
44.89854533,8
44.90271233,8
44.90687933,8
44.91104633,8
44.91521333,8
44.91938033,8
44.92354733,8
44.92771433,8
44.93188133,8
44.93604833,8
44.94021533,8
44.94438233,8
44.94854933,8
44.95271633,8
44.95688333,8
44.96105033,8
44.96521733,8
44.96938433,8
44.97355133,8
44.97771833,8
44.98188533,8
44.98605233,8
44.99021933,8
44.99438633,8
44.99855333,8
45.00272033,8
45.00688733,8
45.01105433,8
45.01522133,8
45.01938833,8
45.02355533,8
45.02772233,8
45.03188933,8
45.03605633,8
45.04022333,8
45.04439033,8
45.04855733,8
45.05272433,8
45.05689133,8
45.06105833,8
45.06522533,8
45.06939233,8
45.07355933,8
45.07772633,8
45.08189333,8
45.08606033,8
45.09022733,8
45.09439433,8
45.09856133,8
45.10272833,8
45.10689533,8
45.11106233,8
45.11522933,8
45.11939633,8
45.12356333,8
45.12773033,8
45.13189733,8
45.13606433,8
45.14023133,8
45.14439833,8
45.14856533,8
45.15273233,8
45.15689933,8
45.16106633,8
45.16523333,8
45.16940033,8
45.17356733,8
45.17773433,8
45.18190133,8
45.18606833,8
45.19023533,8
45.19440233,8
45.19856933,8
45.20273633,8
45.20690333,8
45.21107033,8
45.21523733,8
45.21940433,8
45.22357133,8
45.22773833,8
45.23190533,8
45.23607233,8
45.24023933,8
45.24440633,8
45.24857333,8
45.25274033,8
45.25690733,8
45.26107433,8
45.26524133,8
45.26940833,8
45.27357533,8
45.27774233,8
45.28190933,8
45.28607633,8
45.29024333,8
45.29441033,8
45.29857733,8
45.30274433,8
45.30691133,8
45.31107833,8
45.31524533,8
45.31941233,8
45.32357933,8
45.32774633,8
45.33191333,8
45.33608033,8
45.34024733,8
45.34441433,8
45.34858133,8
45.35274833,8
45.35691533,8
45.36108233,8
45.36524933,8
45.36941633,8
45.37358333,8
45.37775033,8
45.38191733,8
45.38608433,8
45.39025133,8
45.39441833,8
45.39858533,8
45.40275233,8
45.40691933,8
45.41108633,8
45.41525333,8
45.41942033,8
45.42358733,8
45.42775433,8
45.43192133,8
45.43608833,8
45.44025533,8
45.44442233,8
45.44858933,8
45.45275633,8
45.45692333,8
45.46109033,8
45.46525733,8
45.46942433,8
45.47359133,8
45.47775833,8
45.48192533,8
45.48609233,8
45.49025933,8
45.49442633,8
45.49859333,8
45.50276033,8
45.50692733,8
45.51109433,8
45.51526133,8
45.51942833,8
45.52359533,8
45.52776233,8
45.53192933,8
45.53609633,8
45.54026333,8
45.54443033,8
45.54859733,8
45.55276433,8
45.55693133,8
45.56109833,8
45.56526533,8
45.56943233,8
45.57359933,8
45.57776633,8
45.58193333,8
45.58610033,8
45.59026733,8
45.59443433,8
45.59860133,8
45.60276833,8
45.60693533,8
45.61110233,8
45.61526933,8
45.61943633,8
45.62360333,8
45.62777033,8
45.63193733,8
45.63610433,8
45.64027133,8
45.64443833,8
45.64860533,8
45.65277233,8
45.65693933,8
45.66110633,8
45.66527333,8
45.66944033,8
45.67360733,8
45.67777433,8
45.68194133,8
45.68610833,8
45.69027533,8
45.69444233,8
45.69860933,8
45.70277633,8
45.70694333,8
45.71111033,8
45.71527733,8
45.71944433,8
45.72361133,8
45.72777833,8
45.73194533,8
45.73611233,8
45.74027933,8
45.74444633,8
45.74861333,8
45.75278033,8
45.75694733,8
45.76111433,8
45.76528133,8
45.76944833,8
45.77361533,8
45.77778233,8
45.78194933,8
45.78611633,8
45.79028333,8
45.79445033,8
45.79861733,8
45.80278433,8
45.80695133,8
45.81111833,8
45.81528533,8
45.81945233,8
45.82361933,8
45.82778633,8
45.83195333,8
45.83612033,8
45.84028733,8
45.84445433,8
45.84862133,8
45.85278833,8
45.85695533,8
45.86112233,8
45.86528933,8
45.86945633,8
45.87362333,8
45.87779033,8
45.88195733,8
45.88612433,8
45.89029133,8
45.89445833,8
45.89862533,8
45.90279233,8
45.90695933,8
45.91112633,8
45.91529333,8
45.91946033,8
45.92362733,8
45.92779433,8
45.93196133,8
45.93612833,8
45.94029533,8
45.94446233,8
45.94862933,8
45.95279633,8
45.95696333,8
45.96113033,8
45.96529733,8
45.96946433,8
45.97363133,8
45.97779833,8
45.98196533,8
45.98613233,8
45.99029933,8
45.99446633,8
45.99863333,8
46.00280033,8
46.00696733,8
46.01113433,8
46.01530133,8
46.01946833,8
46.02363533,8
46.02780233,8
46.03196933,8
46.03613633,8
46.04030333,8
46.04447033,8
46.04863733,8
46.05280433,8
46.05697133,8
46.06113833,8
46.06530533,8
46.06947233,8
46.07363933,8
46.07780633,8
46.08197333,8
46.08614033,8
46.09030733,8
46.09447433,8
46.09864133,8
46.10280833,8
46.10697533,8
46.11114233,8
46.11530933,8
46.11947633,8
46.12364333,8
46.12781033,8
46.13197733,8
46.13614433,8
46.14031133,8
46.14447833,8
46.14864533,8
46.15281233,8
46.15697933,8
46.16114633,8
46.16531333,8
46.16948033,8
46.17364733,8
46.17781433,8
46.18198133,8
46.18614833,8
46.19031533,8
46.19448233,8
46.19864933,8
46.20281633,8
46.20698333,8
46.21115033,8
46.21531733,8
46.21948433,8
46.22365133,8
46.22781833,8
46.23198533,8
46.23615233,8
46.24031933,8
46.24448633,8
46.24865333,8
46.25282033,8
46.25698733,8
46.26115433,8
46.26532133,8
46.26948833,8
46.27365533,8
46.27782233,8
46.28198933,8
46.28615633,8
46.29032333,8
46.29449033,8
46.29865733,8
46.30282433,8
46.30699133,8
46.31115833,8
46.31532533,8
46.31949233,8
46.32365933,8
46.32782633,8
46.33199333,8
46.33616033,8
46.34032733,8
46.34449433,8
46.34866133,8
46.35282833,8
46.35699533,8
46.36116233,8
46.36532933,8
46.36949633,8
46.37366333,8
46.37783033,8
46.38199733,8
46.38616433,8
46.39033133,8
46.39449833,8
46.39866533,8
46.40283233,8
46.40699933,8
46.41116633,8
46.41533333,8
46.41950033,8
46.42366733,8
46.42783433,8
46.43200133,8
46.43616833,8
46.44033533,8
46.44450233,8
46.44866933,8
46.45283633,8
46.45700333,8
46.46117033,8
46.46533733,8
46.46950433,8
46.47367133,8
46.47783833,8
46.48200533,8
46.48617233,8
46.49033933,8
46.49450633,8
46.49867333,8
46.50284033,8
46.50700733,8
46.51117433,8
46.51534133,8
46.51950833,8
46.52367533,8
46.52784233,8
46.53200933,8
46.53617633,8
46.54034333,8
46.54451033,8
46.54867733,8
46.55284433,8
46.55701133,8
46.56117833,8
46.56534533,8
46.56951233,8
46.57367933,8
46.57784633,8
46.58201333,8
46.58618033,8
46.59034733,8
46.59451433,8
46.59868133,8
46.60284833,8
46.60701533,8
46.61118233,8
46.61534933,8
46.61951633,8
46.62368333,8
46.62785033,8
46.63201733,8
46.63618433,8
46.64035133,8
46.64451833,8
46.64868533,8
46.65285233,8
46.65701933,8
46.66118633,8
46.66535333,8
46.66952033,8
46.67368733,8
46.67785433,8
46.68202133,8
46.68618833,8
46.69035533,8
46.69452233,8
46.69868933,8
46.70285633,8
46.70702333,8
46.71119033,8
46.71535733,8
46.71952433,8
46.72369133,8
46.72785833,8
46.73202533,8
46.73619233,8
46.74035933,8
46.74452633,8
46.74869333,8
46.75286033,8
46.75702733,8
46.76119433,8
46.76536133,8
46.76952833,8
46.77369533,8
46.77786233,8
46.78202933,8
46.78619633,8
46.79036333,8
46.79453033,8
46.79869733,8
46.80286433,8
46.80703133,8
46.81119833,8
46.81536533,8
46.81953233,8
46.82369933,8
46.82786633,8
46.83203333,8
46.83620033,8
46.84036733,8
46.84453433,8
46.84870133,8
46.85286833,8
46.85703533,8
46.86120233,8
46.86536933,8
46.86953633,8
46.87370333,8
46.87787033,8
46.88203733,8
46.88620433,8
46.89037133,8
46.89453833,8
46.89870533,8
46.90287233,8
46.90703933,8
46.91120633,8
46.91537333,8
46.91954033,8
46.92370733,8
46.92787433,8
46.93204133,8
46.93620833,8
46.94037533,8
46.94454233,8
46.94870933,8
46.95287633,8
46.95704333,8
46.96121033,8
46.96537733,8
46.96954433,8
46.97371133,8
46.97787833,8
46.98204533,8
46.98621233,8
46.99037933,8
46.99454633,8
46.99871333,8
47.00288033,8
47.00704733,8
47.01121433,8
47.01538133,8
47.01954833,8
47.02371533,8
47.02788233,8
47.03204933,8
47.03621633,8
47.04038333,8
47.04455033,8
47.04871733,8
47.05288433,8
47.05705133,8
47.06121833,8
47.06538533,8
47.06955233,8
47.07371933,8
47.07788633,8
47.08205333,8
47.08622033,8
47.09038733,8
47.09455433,8
47.09872133,8
47.10288833,8
47.10705533,8
47.11122233,8
47.11538933,8
47.11955633,8
47.12372333,8
47.12789033,8
47.13205733,8
47.13622433,8
47.14039133,8
47.14455833,8
47.14872533,8
47.15289233,8
47.15705933,8
47.16122633,8
47.16539333,8
47.16956033,8
47.17372733,8
47.17789433,8
47.18206133,8
47.18622833,8
47.19039533,8
47.19456233,8
47.19872933,8
47.20289633,8
47.20706333,8
47.21123033,8
47.21539733,8
47.21956433,8
47.22373133,8
47.22789833,8
47.23206533,8
47.23623233,8
47.24039933,8
47.24456633,8
47.24873333,8
47.25290033,8
47.25706733,8
47.26123433,8
47.26540133,8
47.26956833,8
47.27373533,8
47.27790233,8
47.28206933,8
47.28623633,8
47.29040333,8
47.29457033,8
47.29873733,8
47.30290433,8
47.30707133,8
47.31123833,8
47.31540533,8
47.31957233,8
47.32373933,8
47.32790633,8
47.33207333,8
47.33624033,8
47.34040733,8
47.34457433,8
47.34874133,8
47.35290833,8
47.35707533,8
47.36124233,8
47.36540933,8
47.36957633,8
47.37374333,8
47.37791033,8
47.38207733,8
47.38624433,8
47.39041133,8
47.39457833,8
47.39874533,8
47.40291233,8
47.40707933,8
47.41124633,8
47.41541333,8
47.41958033,8
47.42374733,8
47.42791433,8
47.43208133,8
47.43624833,8
47.44041533,8
47.44458233,8
47.44874933,8
47.45291633,8
47.45708333,8
47.46125033,8
47.46541733,8
47.46958433,8
47.47375133,8
47.47791833,8
47.48208533,8
47.48625233,8
47.49041933,8
47.49458633,8
47.49875333,8
47.50292033,8
47.50708733,8
47.51125433,8
47.51542133,8
47.51958833,8
47.52375533,8
47.52792233,8
47.53208933,8
47.53625633,8
47.54042333,8
47.54459033,8
47.54875733,8
47.55292433,8
47.55709133,8
47.56125833,8
47.56542533,8
47.56959233,8
47.57375933,8
47.57792633,8
47.58209333,8
47.58626033,8
47.59042733,8
47.59459433,8
47.59876133,8
47.60292833,8
47.60709533,8
47.61126233,8
47.61542933,8
47.61959633,8
47.62376333,8
47.62793033,8
47.63209733,8
47.63626433,8
47.64043133,8
47.64459833,8
47.64876533,8
47.65293233,8
47.65709933,8
47.66126633,8
47.66543333,8
47.66960033,8
47.67376733,8
47.67793433,8
47.68210133,8
47.68626833,8
47.69043533,8
47.69460233,8
47.69876933,8
47.70293633,8
47.70710333,8
47.71127033,8
47.71543733,8
47.71960433,8
47.72377133,8
47.72793833,8
47.73210533,8
47.73627233,8
47.74043933,8
47.74460633,8
47.74877333,8
47.75294033,8
47.75710733,8
47.76127433,8
47.76544133,8
47.76960833,8
47.77377533,8
47.77794233,8
47.78210933,8
47.78627633,8
47.79044333,8
47.79461033,8
47.79877733,8
47.80294433,8
47.80711133,8
47.81127833,8
47.81544533,8
47.81961233,8
47.82377933,8
47.82794633,8
47.83211333,8
47.83628033,8
47.84044733,8
47.84461433,8
47.84878133,8
47.85294833,8
47.85711533,8
47.86128233,8
47.86544933,8
47.86961633,8
47.87378333,8
47.87795033,8
47.88211733,8
47.88628433,8
47.89045133,8
47.89461833,8
47.89878533,8
47.90295233,8
47.90711933,8
47.91128633,8
47.91545333,8
47.91962033,8
47.92378733,8
47.92795433,8
47.93212133,8
47.93628833,8
47.94045533,8
47.94462233,8
47.94878933,8
47.95295633,8
47.95712333,8
47.96129033,8
47.96545733,8
47.96962433,8
47.97379133,8
47.97795833,8
47.98212533,8
47.98629233,8
47.99045933,8
47.99462633,8
47.99879333,8
48.00296033,8
48.00712733,8
48.01129433,8
48.01546133,8
48.01962833,8
48.02379533,8
48.02796233,8
48.03212933,8
48.03629633,8
48.04046333,8
48.04463033,8
48.04879733,8
48.05296433,8
48.05713133,8
48.06129833,8
48.06546533,8
48.06963233,8
48.07379933,8
48.07796633,8
48.08213333,8
48.08630033,8
48.09046733,8
48.09463433,8
48.09880133,8
48.10296833,8
48.10713533,8
48.11130233,8
48.11546933,8
48.11963633,8
48.12380333,8
48.12797033,8
48.13213733,8
48.13630433,8
48.14047133,8
48.14463833,8
48.14880533,8
48.15297233,8
48.15713933,8
48.16130633,8
48.16547333,8
48.16964033,8
48.17380733,8
48.17797433,8
48.18214133,8
48.18630833,8
48.19047533,8
48.19464233,8
48.19880933,8
48.20297633,8
48.20714333,8
48.21131033,8
48.21547733,8
48.21964433,8
48.22381133,8
48.22797833,8
48.23214533,8
48.23631233,8
48.24047933,8
48.24464633,8
48.24881333,8
48.25298033,8
48.25714733,8
48.26131433,8
48.26548133,8
48.26964833,8
48.27381533,8
48.27798233,8
48.28214933,8
48.28631633,8
48.29048333,8
48.29465033,8
48.29881733,8
48.30298433,8
48.30715133,8
48.31131833,8
48.31548533,8
48.31965233,8
48.32381933,8
48.32798633,8
48.33215333,8
48.33632033,8
48.34048733,8
48.34465433,8
48.34882133,8
48.35298833,8
48.35715533,8
48.36132233,8
48.36548933,8
48.36965633,8
48.37382333,8
48.37799033,8
48.38215733,8
48.38632433,8
48.39049133,8
48.39465833,8
48.39882533,8
48.40299233,8
48.40715933,8
48.41132633,8
48.41549333,8
48.41966033,8
48.42382733,8
48.42799433,8
48.43216133,8
48.43632833,8
48.44049533,8
48.44466233,8
48.44882933,8
48.45299633,8
48.45716333,8
48.46133033,8
48.46549733,8
48.46966433,8
48.47383133,8
48.47799833,8
48.48216533,8
48.48633233,8
48.49049933,8
48.49466633,8
48.49883333,8
48.50300033,8
48.50716733,8
48.51133433,8
48.51550133,8
48.51966833,8
48.52383533,8
48.52800233,8
48.53216933,8
48.53633633,8
48.54050333,8
48.54467033,8
48.54883733,8
48.55300433,8
48.55717133,8
48.56133833,8
48.56550533,8
48.56967233,8
48.57383933,8
48.57800633,8
48.58217333,8
48.58634033,8
48.59050733,8
48.59467433,8
48.59884133,8
48.60300833,8
48.60717533,8
48.61134233,8
48.61550933,8
48.61967633,8
48.62384333,8
48.62801033,8
48.63217733,8
48.63634433,8
48.64051133,8
48.64467833,8
48.64884533,8
48.65301233,8
48.65717933,8
48.66134633,8
48.66551333,8
48.66968033,8
48.67384733,8
48.67801433,8
48.68218133,8
48.68634833,8
48.69051533,8
48.69468233,8
48.69884933,8
48.70301633,8
48.70718333,8
48.71135033,8
48.71551733,8
48.71968433,8
48.72385133,8
48.72801833,8
48.73218533,8
48.73635233,8
48.74051933,8
48.74468633,8
48.74885333,8
48.75302033,8
48.75718733,8
48.76135433,8
48.76552133,8
48.76968833,8
48.77385533,8
48.77802233,8
48.78218933,8
48.78635633,8
48.79052333,8
48.79469033,8
48.79885733,8
48.80302433,8
48.80719133,8
48.81135833,8
48.81552533,8
48.81969233,8
48.82385933,8
48.82802633,8
48.83219333,8
48.83636033,8
48.84052733,8
48.84469433,8
48.84886133,8
48.85302833,8
48.85719533,8
48.86136233,8
48.86552933,8
48.86969633,8
48.87386333,8
48.87803033,8
48.88219733,8
48.88636433,8
48.89053133,8
48.89469833,8
48.89886533,8
48.90303233,8
48.90719933,8
48.91136633,8
48.91553333,8
48.91970033,8
48.92386733,8
48.92803433,8
48.93220133,8
48.93636833,8
48.94053533,8
48.94470233,8
48.94886933,8
48.95303633,8
48.95720333,8
48.96137033,8
48.96553733,8
48.96970433,8
48.97387133,8
48.97803833,8
48.98220533,8
48.98637233,8
48.99053933,8
48.99470633,8
48.99887333,8
49.00304033,8
49.00720733,8
49.01137433,8
49.01554133,8
49.01970833,8
49.02387533,8
49.02804233,8
49.03220933,8
49.03637633,8
49.04054333,8
49.04471033,8
49.04887733,8
49.05304433,8
49.05721133,8
49.06137833,8
49.06554533,8
49.06971233,8
49.07387933,8
49.07804633,8
49.08221333,8
49.08638033,8
49.09054733,8
49.09471433,8
49.09888133,8
49.10304833,8
49.10721533,8
49.11138233,8
49.11554933,8
49.11971633,8
49.12388333,8
49.12805033,8
49.13221733,8
49.13638433,8
49.14055133,8
49.14471833,8
49.14888533,8
49.15305233,8
49.15721933,8
49.16138633,8
49.16555333,8
49.16972033,8
49.17388733,8
49.17805433,8
49.18222133,8
49.18638833,8
49.19055533,8
49.19472233,8
49.19888933,8
49.20305633,8
49.20722333,8
49.21139033,8
49.21555733,8
49.21972433,8
49.22389133,8
49.22805833,8
49.23222533,8
49.23639233,8
49.24055933,8
49.24472633,8
49.24889333,8
49.25306033,8
49.25722733,8
49.26139433,8
49.26556133,8
49.26972833,8
49.27389533,8
49.27806233,8
49.28222933,8
49.28639633,8
49.29056333,8
49.29473033,8
49.29889733,8
49.30306433,8
49.30723133,8
49.31139833,8
49.31556533,8
49.31973233,8
49.32389933,8
49.32806633,8
49.33223333,8
49.33640033,8
49.34056733,8
49.34473433,8
49.34890133,8
49.35306833,8
49.35723533,8
49.36140233,8
49.36556933,8
49.36973633,8
49.37390333,8
49.37807033,8
49.38223733,8
49.38640433,8
49.39057133,8
49.39473833,8
49.39890533,8
49.40307233,8
49.40723933,8
49.41140633,8
49.41557333,8
49.41974033,8
49.42390733,8
49.42807433,8
49.43224133,8
49.43640833,8
49.44057533,8
49.44474233,8
49.44890933,8
49.45307633,8
49.45724333,8
49.46141033,8
49.46557733,8
49.46974433,8
49.47391133,8
49.47807833,8
49.48224533,8
49.48641233,8
49.49057933,8
49.49474633,8
49.49891333,8
49.50308033,8
49.50724733,8
49.51141433,8
49.51558133,8
49.51974833,8
49.52391533,8
49.52808233,8
49.53224933,8
49.53641633,8
49.54058333,8
49.54475033,8
49.54891733,8
49.55308433,8
49.55725133,8
49.56141833,8
49.56558533,8
49.56975233,8
49.57391933,8
49.57808633,8
49.58225333,8
49.58642033,8
49.59058733,8
49.59475433,8
49.59892133,8
49.60308833,8
49.60725533,8
49.61142233,8
49.61558933,8
49.61975633,8
49.62392333,8
49.62809033,8
49.63225733,8
49.63642433,8
49.64059133,8
49.64475833,8
49.64892533,8
49.65309233,8
49.65725933,8
49.66142633,8
49.66559333,8
49.66976033,8
49.67392733,8
49.67809433,8
49.68226133,8
49.68642833,8
49.69059533,8
49.69476233,8
49.69892933,8
49.70309633,8
49.70726333,8
49.71143033,8
49.71559733,8
49.71976433,8
49.72393133,8
49.72809833,8
49.73226533,8
49.73643233,8
49.74059933,8
49.74476633,8
49.74893333,8
49.75310033,8
49.75726733,8
49.76143433,8
49.76560133,8
49.76976833,8
49.77393533,8
49.77810233,8
49.78226933,8
49.78643633,8
49.79060333,8
49.79477033,8
49.79893733,8
49.80310433,8
49.80727133,8
49.81143833,8
49.81560533,8
49.81977233,8
49.82393933,8
49.82810633,8
49.83227333,8
49.83644033,8
49.84060733,8
49.84477433,8
49.84894133,8
49.85310833,8
49.85727533,8
49.86144233,8
49.86560933,8
49.86977633,8
49.87394333,8
49.87811033,8
49.88227733,8
49.88644433,8
49.89061133,8
49.89477833,8
49.89894533,8
49.90311233,8
49.90727933,8
49.91144633,8
49.91561333,8
49.91978033,8
49.92394733,8
49.92811433,8
49.93228133,8
49.93644833,8
49.94061533,8
49.94478233,8
49.94894933,8
49.95311633,8
49.95728333,8
49.96145033,8
49.96561733,8
49.96978433,8
49.97395133,8
49.97811833,8
49.98228533,8
49.98645233,8
49.99061933,8
49.99478633,8
49.99895333,8
50.00312033,8
50.00728733,8
50.01145433,8
50.01562133,8
50.01978833,8
50.02395533,8
50.02812233,8
50.03228933,8
50.03645633,8
50.04062333,8
50.04479033,8
50.04895733,8
50.05312433,8
50.05729133,8
50.06145833,8
50.06562533,8
50.06979233,8
50.07395933,8
50.07812633,8
50.08229333,8
50.08646033,8
50.09062733,8
50.09479433,8
50.09896133,8
50.10312833,8
50.10729533,8
50.11146233,8
50.11562933,8
50.11979633,8
50.12396333,8
50.12813033,8
50.13229733,8
50.13646433,8
50.14063133,8
50.14479833,8
50.14896533,8
50.15313233,8
50.15729933,8
50.16146633,8
50.16563333,8
50.16980033,8
50.17396733,8
50.17813433,8
50.18230133,8
50.18646833,8
50.19063533,8
50.19480233,8
50.19896933,8
50.20313633,8
50.20730333,8
50.21147033,8
50.21563733,8
50.21980433,8
50.22397133,8
50.22813833,8
50.23230533,8
50.23647233,8
50.24063933,8
50.24480633,8
50.24897333,8
50.25314033,8
50.25730733,8
50.26147433,8
50.26564133,8
50.26980833,8
50.27397533,8
50.27814233,8
50.28230933,8
50.28647633,8
50.29064333,8
50.29481033,8
50.29897733,8
50.30314433,8
50.30731133,8
50.31147833,8
50.31564533,8
50.31981233,8
50.32397933,8
50.32814633,8
50.33231333,8
50.33648033,8
50.34064733,8
50.34481433,8
50.34898133,8
50.35314833,8
50.35731533,8
50.36148233,8
50.36564933,8
50.36981633,8
50.37398333,8
50.37815033,8
50.38231733,8
50.38648433,8
50.39065133,8
50.39481833,8
50.39898533,8
50.40315233,8
50.40731933,8
50.41148633,8
50.41565333,8
50.41982033,8
50.42398733,8
50.42815433,8
50.43232133,8
50.43648833,8
50.44065533,8
50.44482233,8
50.44898933,8
50.45315633,8
50.45732333,8
50.46149033,8
50.46565733,8
50.46982433,8
50.47399133,8
50.47815833,8
50.48232533,8
50.48649233,8
50.49065933,8
50.49482633,8
50.49899333,8
50.50316033,8
50.50732733,8
50.51149433,8
50.51566133,8
50.51982833,8
50.52399533,8
50.52816233,8
50.53232933,8
50.53649633,8
50.54066333,8
50.54483033,8
50.54899733,8
50.55316433,8
50.55733133,8
50.56149833,8
50.56566533,8
50.56983233,8
50.57399933,8
50.57816633,8
50.58233333,8
50.58650033,8
50.59066733,8
50.59483433,8
50.59900133,8
50.60316833,8
50.60733533,8
50.61150233,8
50.61566933,8
50.61983633,8
50.62400333,8
50.62817033,8
50.63233733,8
50.63650433,8
50.64067133,8
50.64483833,8
50.64900533,8
50.65317233,8
50.65733933,8
50.66150633,8
50.66567333,8
50.66984033,8
50.67400733,8
50.67817433,8
50.68234133,8
50.68650833,8
50.69067533,8
50.69484233,8
50.69900933,8
50.70317633,8
50.70734333,8
50.71151033,8
50.71567733,8
50.71984433,8
50.72401133,8
50.72817833,8
50.73234533,8
50.73651233,8
50.74067933,8
50.74484633,8
50.74901333,8
50.75318033,8
50.75734733,8
50.76151433,8
50.76568133,8
50.76984833,8
50.77401533,8
50.77818233,8
50.78234933,8
50.78651633,8
50.79068333,8
50.79485033,8
50.79901733,8
50.80318433,8
50.80735133,8
50.81151833,8
50.81568533,8
50.81985233,8
50.82401933,8
50.82818633,8
50.83235333,8
50.83652033,8
50.84068733,8
50.84485433,8
50.84902133,8
50.85318833,8
50.85735533,8
50.86152233,8
50.86568933,8
50.86985633,8
50.87402333,8
50.87819033,8
50.88235733,8
50.88652433,8
50.89069133,8
50.89485833,8
50.89902533,8
50.90319233,8
50.90735933,8
50.91152633,8
50.91569333,8
50.91986033,8
50.92402733,8
50.92819433,8
50.93236133,8
50.93652833,8
50.94069533,8
50.94486233,8
50.94902933,8
50.95319633,8
50.95736333,8
50.96153033,8
50.96569733,8
50.96986433,8
50.97403133,8
50.97819833,8
50.98236533,8
50.98653233,8
50.99069933,8
50.99486633,8
50.99903333,8
51.00320033,8
51.00736733,8
51.01153433,8
51.01570133,8
51.01986833,8
51.02403533,8
51.02820233,8
51.03236933,8
51.03653633,8
51.04070333,8
51.04487033,8
51.04903733,8
51.05320433,8
51.05737133,8
51.06153833,8
51.06570533,8
51.06987233,8
51.07403933,8
51.07820633,8
51.08237333,8
51.08654033,8
51.09070733,8
51.09487433,8
51.09904133,8
51.10320833,8
51.10737533,8
51.11154233,8
51.11570933,8
51.11987633,8
51.12404333,8
51.12821033,8
51.13237733,8
51.13654433,8
51.14071133,8
51.14487833,8
51.14904533,8
51.15321233,8
51.15737933,8
51.16154633,8
51.16571333,8
51.16988033,8
51.17404733,8
51.17821433,8
51.18238133,8
51.18654833,8
51.19071533,8
51.19488233,8
51.19904933,8
51.20321633,8
51.20738333,8
51.21155033,8
51.21571733,8
51.21988433,8
51.22405133,8
51.22821833,8
51.23238533,8
51.23655233,8
51.24071933,8
51.24488633,8
51.24905333,8
51.25322033,8
51.25738733,8
51.26155433,8
51.26572133,8
51.26988833,8
51.27405533,8
51.27822233,8
51.28238933,8
51.28655633,8
51.29072333,8
51.29489033,8
51.29905733,8
51.30322433,8
51.30739133,8
51.31155833,8
51.31572533,8
51.31989233,8
51.32405933,8
51.32822633,8
51.33239333,8
51.33656033,8
51.34072733,8
51.34489433,8
51.34906133,8
51.35322833,8
51.35739533,8
51.36156233,8
51.36572933,8
51.36989633,8
51.37406333,8
51.37823033,8
51.38239733,8
51.38656433,8
51.39073133,8
51.39489833,8
51.39906533,8
51.40323233,8
51.40739933,8
51.41156633,8
51.41573333,8
51.41990033,8
51.42406733,8
51.42823433,8
51.43240133,8
51.43656833,8
51.44073533,8
51.44490233,8
51.44906933,8
51.45323633,8
51.45740333,8
51.46157033,8
51.46573733,8
51.46990433,8
51.47407133,8
51.47823833,8
51.48240533,8
51.48657233,8
51.49073933,8
51.49490633,8
51.49907333,8
51.50324033,8
51.50740733,8
51.51157433,8
51.51574133,8
51.51990833,8
51.52407533,8
51.52824233,8
51.53240933,8
51.53657633,8
51.54074333,8
51.54491033,8
51.54907733,8
51.55324433,8
51.55741133,8
51.56157833,8
51.56574533,8
51.56991233,8
51.57407933,8
51.57824633,8
51.58241333,8
51.58658033,8
51.59074733,8
51.59491433,8
51.59908133,8
51.60324833,8
51.60741533,8
51.61158233,8
51.61574933,8
51.61991633,8
51.62408333,8
51.62825033,8
51.63241733,8
51.63658433,8
51.64075133,8
51.64491833,8
51.64908533,8
51.65325233,8
51.65741933,8
51.66158633,8
51.66575333,8
51.66992033,8
51.67408733,8
51.67825433,8
51.68242133,8
51.68658833,8
51.69075533,8
51.69492233,8
51.69908933,8
51.70325633,8
51.70742333,8
51.71159033,8
51.71575733,8
51.71992433,8
51.72409133,8
51.72825833,8
51.73242533,8
51.73659233,8
51.74075933,8
51.74492633,8
51.74909333,8
51.75326033,8
51.75742733,8
51.76159433,8
51.76576133,8
51.76992833,8
51.77409533,8
51.77826233,8
51.78242933,8
51.78659633,8
51.79076333,8
51.79493033,8
51.79909733,8
51.80326433,8
51.80743133,8
51.81159833,8
51.81576533,8
51.81993233,8
51.82409933,8
51.82826633,8
51.83243333,8
51.83660033,8
51.84076733,8
51.84493433,8
51.84910133,8
51.85326833,8
51.85743533,8
51.86160233,8
51.86576933,8
51.86993633,8
51.87410333,8
51.87827033,8
51.88243733,8
51.88660433,8
51.89077133,8
51.89493833,8
51.89910533,8
51.90327233,8
51.90743933,8
51.91160633,8
51.91577333,8
51.91994033,8
51.92410733,8
51.92827433,8
51.93244133,8
51.93660833,8
51.94077533,8
51.94494233,8
51.94910933,8
51.95327633,8
51.95744333,8
51.96161033,8
51.96577733,8
51.96994433,8
51.97411133,8
51.97827833,8
51.98244533,8
51.98661233,8
51.99077933,8
51.99494633,8
51.99911333,8
52.00328033,8
52.00744733,8
52.01161433,8
52.01578133,8
52.01994833,8
52.02411533,8
52.02828233,8
52.03244933,8
52.03661633,8
52.04078333,8
52.04495033,8
52.04911733,8
52.05328433,8
52.05745133,8
52.06161833,8
52.06578533,8
52.06995233,8
52.07411933,8
52.07828633,8
52.08245333,8
52.08662033,8
52.09078733,8
52.09495433,8
52.09912133,8
52.10328833,8
52.10745533,8
52.11162233,8
52.11578933,8
52.11995633,8
52.12412333,8
52.12829033,8
52.13245733,8
52.13662433,8
52.14079133,8
52.14495833,8
52.14912533,8
52.15329233,8
52.15745933,8
52.16162633,8
52.16579333,8
52.16996033,8
52.17412733,8
52.17829433,8
52.18246133,8
52.18662833,8
52.19079533,8
52.19496233,8
52.19912933,8
52.20329633,8
52.20746333,8
52.21163033,8
52.21579733,8
52.21996433,8
52.22413133,8
52.22829833,8
52.23246533,8
52.23663233,8
52.24079933,8
52.24496633,8
52.24913333,8
52.25330033,8
52.25746733,8
52.26163433,8
52.26580133,8
52.26996833,8
52.27413533,8
52.27830233,8
52.28246933,8
52.28663633,8
52.29080333,8
52.29497033,8
52.29913733,8
52.30330433,8
52.30747133,8
52.31163833,8
52.31580533,8
52.31997233,8
52.32413933,8
52.32830633,8
52.33247333,8
52.33664033,8
52.34080733,8
52.34497433,8
52.34914133,8
52.35330833,8
52.35747533,8
52.36164233,8
52.36580933,8
52.36997633,8
52.37414333,8
52.37831033,8
52.38247733,8
52.38664433,8
52.39081133,8
52.39497833,8
52.39914533,8
52.40331233,8
52.40747933,8
52.41164633,8
52.41581333,8
52.41998033,8
52.42414733,8
52.42831433,8
52.43248133,8
52.43664833,8
52.44081533,8
52.44498233,8
52.44914933,8
52.45331633,8
52.45748333,8
52.46165033,8
52.46581733,8
52.46998433,8
52.47415133,8
52.47831833,8
52.48248533,8
52.48665233,8
52.49081933,8
52.49498633,8
52.49915333,8
52.50332033,8
52.50748733,8
52.51165433,8
52.51582133,8
52.51998833,8
52.52415533,8
52.52832233,8
52.53248933,8
52.53665633,8
52.54082333,8
52.54499033,8
52.54915733,8
52.55332433,8
52.55749133,8
52.56165833,8
52.56582533,8
52.56999233,8
52.57415933,8
52.57832633,8
52.58249333,8
52.58666033,8
52.59082733,8
52.59499433,8
52.59916133,8
52.60332833,8
52.60749533,8
52.61166233,8
52.61582933,8
52.61999633,8
52.62416333,8
52.62833033,8
52.63249733,8
52.63666433,8
52.64083133,8
52.64499833,8
52.64916533,8
52.65333233,8
52.65749933,8
52.66166633,8
52.66583333,8
52.67000033,8
52.67416733,8
52.67833433,8
52.68250133,8
52.68666833,8
52.69083533,8
52.69500233,8
52.69916933,8
52.70333633,8
52.70750333,8
52.71167033,8
52.71583733,8
52.72000433,8
52.72417133,8
52.72833833,8
52.73250533,8
52.73667233,8
52.74083933,8
52.74500633,8
52.74917333,8
52.75334033,8
52.75750733,8
52.76167433,8
52.76584133,8
52.77000833,8
52.77417533,8
52.77834233,8
52.78250933,8
52.78667633,8
52.79084333,8
52.79501033,8
52.79917733,8
52.80334433,8
52.80751133,8
52.81167833,8
52.81584533,8
52.82001233,8
52.82417933,8
52.82834633,8
52.83251333,8
52.83668033,8
52.84084733,8
52.84501433,8
52.84918133,8
52.85334833,8
52.85751533,8
52.86168233,8
52.86584933,8
52.87001633,8
52.87418333,8
52.87835033,8
52.88251733,8
52.88668433,8
52.89085133,8
52.89501833,8
52.89918533,8
52.90335233,8
52.90751933,8
52.91168633,8
52.91585333,8
52.92002033,8
52.92418733,8
52.92835433,8
52.93252133,8
52.93668833,8
52.94085533,8
52.94502233,8
52.94918933,8
52.95335633,8
52.95752333,8
52.96169033,8
52.96585733,8
52.97002433,8
52.97419133,8
52.97835833,8
52.98252533,8
52.98669233,8
52.99085933,8
52.99502633,8
52.99919333,8
53.00336033,8
53.00752733,8
53.01169433,8
53.01586133,8
53.02002833,8
53.02419533,8
53.02836233,8
53.03252933,8
53.03669633,8
53.04086333,8
53.04503033,8
53.04919733,8
53.05336433,8
53.05753133,8
53.06169833,8
53.06586533,8
53.07003233,8
53.07419933,8
53.07836633,8
53.08253333,8
53.08670033,8
53.09086733,8
53.09503433,8
53.09920133,8
53.10336833,8
53.10753533,8
53.11170233,8
53.11586933,8
53.12003633,8
53.12420333,8
53.12837033,8
53.13253733,8
53.13670433,8
53.14087133,8
53.14503833,8
53.14920533,8
53.15337233,8
53.15753933,8
53.16170633,8
53.16587333,8
53.17004033,8
53.17420733,8
53.17837433,8
53.18254133,8
53.18670833,8
53.19087533,8
53.19504233,8
53.19920933,8
53.20337633,8
53.20754333,8
53.21171033,8
53.21587733,8
53.22004433,8
53.22421133,8
53.22837833,8
53.23254533,8
53.23671233,8
53.24087933,8
53.24504633,8
53.24921333,8
53.25338033,8
53.25754733,8
53.26171433,8
53.26588133,8
53.27004833,8
53.27421533,8
53.27838233,8
53.28254933,8
53.28671633,8
53.29088333,8
53.29505033,8
53.29921733,8
53.30338433,8
53.30755133,8
53.31171833,8
53.31588533,8
53.32005233,8
53.32421933,8
53.32838633,8
53.33255333,8
53.33672033,8
53.34088733,8
53.34505433,8
53.34922133,8
53.35338833,8
53.35755533,8
53.36172233,8
53.36588933,8
53.37005633,8
53.37422333,8
53.37839033,8
53.38255733,8
53.38672433,8
53.39089133,8
53.39505833,8
53.39922533,8
53.40339233,8
53.40755933,8
53.41172633,8
53.41589333,8
53.42006033,8
53.42422733,8
53.42839433,8
53.43256133,8
53.43672833,8
53.44089533,8
53.44506233,8
53.44922933,8
53.45339633,8
53.45756333,8
53.46173033,8
53.46589733,8
53.47006433,8
53.47423133,8
53.47839833,8
53.48256533,8
53.48673233,8
53.49089933,8
53.49506633,8
53.49923333,8
53.50340033,8
53.50756733,8
53.51173433,8
53.51590133,8
53.52006833,8
53.52423533,8
53.52840233,8
53.53256933,8
53.53673633,8
53.54090333,8
53.54507033,8
53.54923733,8
53.55340433,8
53.55757133,8
53.56173833,8
53.56590533,8
53.57007233,8
53.57423933,8
53.57840633,8
53.58257333,8
53.58674033,8
53.59090733,8
53.59507433,8
53.59924133,8
53.60340833,8
53.60757533,8
53.61174233,8
53.61590933,8
53.62007633,8
53.62424333,8
53.62841033,8
53.63257733,8
53.63674433,8
53.64091133,8
53.64507833,8
53.64924533,8
53.65341233,8
53.65757933,8
53.66174633,8
53.66591333,8
53.67008033,8
53.67424733,8
53.67841433,8
53.68258133,8
53.68674833,8
53.69091533,8
53.69508233,8
53.69924933,8
53.70341633,8
53.70758333,8
53.71175033,8
53.71591733,8
53.72008433,8
53.72425133,8
53.72841833,8
53.73258533,8
53.73675233,8
53.74091933,8
53.74508633,8
53.74925333,8
53.75342033,8
53.75758733,8
53.76175433,8
53.76592133,8
53.77008833,8
53.77425533,8
53.77842233,8
53.78258933,8
53.78675633,8
53.79092333,8
53.79509033,8
53.79925733,8
53.80342433,8
53.80759133,8
53.81175833,8
53.81592533,8
53.82009233,8
53.82425933,8
53.82842633,8
53.83259333,8
53.83676033,8
53.84092733,8
53.84509433,8
53.84926133,8
53.85342833,8
53.85759533,8
53.86176233,8
53.86592933,8
53.87009633,8
53.87426333,8
53.87843033,8
53.88259733,8
53.88676433,8
53.89093133,8
53.89509833,8
53.89926533,8
53.90343233,8
53.90759933,8
53.91176633,8
53.91593333,8
53.92010033,8
53.92426733,8
53.92843433,8
53.93260133,8
53.93676833,8
53.94093533,8
53.94510233,8
53.94926933,8
53.95343633,8
53.95760333,8
53.96177033,8
53.96593733,8
53.97010433,8
53.97427133,8
53.97843833,8
53.98260533,8
53.98677233,8
53.99093933,8
53.99510633,8
53.99927333,8
54.00344033,8
54.00760733,8
54.01177433,8
54.01594133,8
54.02010833,8
54.02427533,8
54.02844233,8
54.03260933,8
54.03677633,8
54.04094333,8
54.04511033,8
54.04927733,8
54.05344433,8
54.05761133,8
54.06177833,8
54.06594533,8
54.07011233,8
54.07427933,8
54.07844633,8
54.08261333,8
54.08678033,8
54.09094733,8
54.09511433,8
54.09928133,8
54.10344833,8
54.10761533,8
54.11178233,8
54.11594933,8
54.12011633,8
54.12428333,8
54.12845033,8
54.13261733,8
54.13678433,8
54.14095133,8
54.14511833,8
54.14928533,8
54.15345233,8
54.15761933,8
54.16178633,8
54.16595333,8
54.17012033,8
54.17428733,8
54.17845433,8
54.18262133,8
54.18678833,8
54.19095533,8
54.19512233,8
54.19928933,8
54.20345633,8
54.20762333,8
54.21179033,8
54.21595733,8
54.22012433,8
54.22429133,8
54.22845833,8
54.23262533,8
54.23679233,8
54.24095933,8
54.24512633,8
54.24929333,8
54.25346033,8
54.25762733,8
54.26179433,8
54.26596133,8
54.27012833,8
54.27429533,8
54.27846233,8
54.28262933,8
54.28679633,8
54.29096333,8
54.29513033,8
54.29929733,8
54.30346433,8
54.30763133,8
54.31179833,8
54.31596533,8
54.32013233,8
54.32429933,8
54.32846633,8
54.33263333,8
54.33680033,8
54.34096733,8
54.34513433,8
54.34930133,8
54.35346833,8
54.35763533,8
54.36180233,8
54.36596933,8
54.37013633,8
54.37430333,8
54.37847033,8
54.38263733,8
54.38680433,8
54.39097133,8
54.39513833,8
54.39930533,8
54.40347233,8
54.40763933,8
54.41180633,8
54.41597333,8
54.42014033,8
54.42430733,8
54.42847433,8
54.43264133,8
54.43680833,8
54.44097533,8
54.44514233,8
54.44930933,8
54.45347633,8
54.45764333,8
54.46181033,8
54.46597733,8
54.47014433,8
54.47431133,8
54.47847833,8
54.48264533,8
54.48681233,8
54.49097933,8
54.49514633,8
54.49931333,8
54.50348033,8
54.50764733,8
54.51181433,8
54.51598133,8
54.52014833,8
54.52431533,8
54.52848233,8
54.53264933,8
54.53681633,8
54.54098333,8
54.54515033,8
54.54931733,8
54.55348433,8
54.55765133,8
54.56181833,8
54.56598533,8
54.57015233,8
54.57431933,8
54.57848633,8
54.58265333,8
54.58682033,8
54.59098733,8
54.59515433,8
54.59932133,8
54.60348833,8
54.60765533,8
54.61182233,8
54.61598933,8
54.62015633,8
54.62432333,8
54.62849033,8
54.63265733,8
54.63682433,8
54.64099133,8
54.64515833,8
54.64932533,8
54.65349233,8
54.65765933,8
54.66182633,8
54.66599333,8
54.67016033,8
54.67432733,8
54.67849433,8
54.68266133,8
54.68682833,8
54.69099533,8
54.69516233,8
54.69932933,8
54.70349633,8
54.70766333,8
54.71183033,8
54.71599733,8
54.72016433,8
54.72433133,8
54.72849833,8
54.73266533,8
54.73683233,8
54.74099933,8
54.74516633,8
54.74933333,8
54.75350033,8
54.75766733,8
54.76183433,8
54.76600133,8
54.77016833,8
54.77433533,8
54.77850233,8
54.78266933,8
54.78683633,8
54.79100333,8
54.79517033,8
54.79933733,8
54.80350433,8
54.80767133,8
54.81183833,8
54.81600533,8
54.82017233,8
54.82433933,8
54.82850633,8
54.83267333,8
54.83684033,8
54.84100733,8
54.84517433,8
54.84934133,8
54.85350833,8
54.85767533,8
54.86184233,8
54.86600933,8
54.87017633,8
54.87434333,8
54.87851033,8
54.88267733,8
54.88684433,8
54.89101133,8
54.89517833,8
54.89934533,8
54.90351233,8
54.90767933,8
54.91184633,8
54.91601333,8
54.92018033,8
54.92434733,8
54.92851433,8
54.93268133,8
54.93684833,8
54.94101533,8
54.94518233,8
54.94934933,8
54.95351633,8
54.95768333,8
54.96185033,8
54.96601733,8
54.97018433,8
54.97435133,8
54.97851833,8
54.98268533,8
54.98685233,8
54.99101933,8
54.99518633,8
54.99935333,8
55.00352033,8
55.00768733,8
55.01185433,8
55.01602133,8
55.02018833,8
55.02435533,8
55.02852233,8
55.03268933,8
55.03685633,8
55.04102333,8
55.04519033,8
55.04935733,8
55.05352433,8
55.05769133,8
55.06185833,8
55.06602533,8
55.07019233,8
55.07435933,8
55.07852633,8
55.08269333,8
55.08686033,8
55.09102733,8
55.09519433,8
55.09936133,8
55.10352833,8
55.10769533,8
55.11186233,8
55.11602933,8
55.12019633,8
55.12436333,8
55.12853033,8
55.13269733,8
55.13686433,8
55.14103133,8
55.14519833,8
55.14936533,8
55.15353233,8
55.15769933,8
55.16186633,8
55.16603333,8
55.17020033,8
55.17436733,8
55.17853433,8
55.18270133,8
55.18686833,8
55.19103533,8
55.19520233,8
55.19936933,8
55.20353633,8
55.20770333,8
55.21187033,8
55.21603733,8
55.22020433,8
55.22437133,8
55.22853833,8
55.23270533,8
55.23687233,8
55.24103933,8
55.24520633,8
55.24937333,8
55.25354033,8
55.25770733,8
55.26187433,8
55.26604133,8
55.27020833,8
55.27437533,8
55.27854233,8
55.28270933,8
55.28687633,8
55.29104333,8
55.29521033,8
55.29937733,8
55.30354433,8
55.30771133,8
55.31187833,8
55.31604533,8
55.32021233,8
55.32437933,8
55.32854633,8
55.33271333,8
55.33688033,8
55.34104733,8
55.34521433,8
55.34938133,8
55.35354833,8
55.35771533,8
55.36188233,8
55.36604933,8
55.37021633,8
55.37438333,8
55.37855033,8
55.38271733,8
55.38688433,8
55.39105133,8
55.39521833,8
55.39938533,8
55.40355233,8
55.40771933,8
55.41188633,8
55.41605333,8
55.42022033,8
55.42438733,8
55.42855433,8
55.43272133,8
55.43688833,8
55.44105533,8
55.44522233,8
55.44938933,8
55.45355633,8
55.45772333,8
55.46189033,8
55.46605733,8
55.47022433,8
55.47439133,8
55.47855833,8
55.48272533,8
55.48689233,8
55.49105933,8
55.49522633,8
55.49939333,8
55.50356033,8
55.50772733,8
55.51189433,8
55.51606133,8
55.52022833,8
55.52439533,8
55.52856233,8
55.53272933,8
55.53689633,8
55.54106333,8
55.54523033,8
55.54939733,8
55.55356433,8
55.55773133,8
55.56189833,8
55.56606533,8
55.57023233,8
55.57439933,8
55.57856633,8
55.58273333,8
55.58690033,8
55.59106733,8
55.59523433,8
55.59940133,8
55.60356833,8
55.60773533,8
55.61190233,8
55.61606933,8
55.62023633,8
55.62440333,8
55.62857033,8
55.63273733,8
55.63690433,8
55.64107133,8
55.64523833,8
55.64940533,8
55.65357233,8
55.65773933,8
55.66190633,8
55.66607333,8
55.67024033,8
55.67440733,8
55.67857433,8
55.68274133,8
55.68690833,8
55.69107533,8
55.69524233,8
55.69940933,8
55.70357633,8
55.70774333,8
55.71191033,8
55.71607733,8
55.72024433,8
55.72441133,8
55.72857833,8
55.73274533,8
55.73691233,8
55.74107933,8
55.74524633,8
55.74941333,8
55.75358033,8
55.75774733,8
55.76191433,8
55.76608133,8
55.77024833,8
55.77441533,8
55.77858233,8
55.78274933,8
55.78691633,8
55.79108333,8
55.79525033,8
55.79941733,8
55.80358433,8
55.80775133,8
55.81191833,8
55.81608533,8
55.82025233,8
55.82441933,8
55.82858633,8
55.83275333,8
55.83692033,8
55.84108733,8
55.84525433,8
55.84942133,8
55.85358833,8
55.85775533,8
55.86192233,8
55.86608933,8
55.87025633,8
55.87442333,8
55.87859033,8
55.88275733,8
55.88692433,8
55.89109133,8
55.89525833,8
55.89942533,8
55.90359233,8
55.90775933,8
55.91192633,8
55.91609333,8
55.92026033,8
55.92442733,8
55.92859433,8
55.93276133,8
55.93692833,8
55.94109533,8
55.94526233,8
55.94942933,8
55.95359633,8
55.95776333,8
55.96193033,8
55.96609733,8
55.97026433,8
55.97443133,8
55.97859833,8
55.98276533,8
55.98693233,8
55.99109933,8
55.99526633,8
55.99943333,8
56.00360033,8
56.00776733,8
56.01193433,8
56.01610133,8
56.02026833,8
56.02443533,8
56.02860233,8
56.03276933,8
56.03693633,8
56.04110333,8
56.04527033,8
56.04943733,8
56.05360433,8
56.05777133,8
56.06193833,8
56.06610533,8
56.07027233,8
56.07443933,8
56.07860633,8
56.08277333,8
56.08694033,8
56.09110733,8
56.09527433,8
56.09944133,8
56.10360833,8
56.10777533,8
56.11194233,8
56.11610933,8
56.12027633,8
56.12444333,8
56.12861033,8
56.13277733,8
56.13694433,8
56.14111133,8
56.14527833,8
56.14944533,8
56.15361233,8
56.15777933,8
56.16194633,8
56.16611333,8
56.17028033,8
56.17444733,8
56.17861433,8
56.18278133,8
56.18694833,8
56.19111533,8
56.19528233,8
56.19944933,8
56.20361633,8
56.20778333,8
56.21195033,8
56.21611733,8
56.22028433,8
56.22445133,8
56.22861833,8
56.23278533,8
56.23695233,8
56.24111933,8
56.24528633,8
56.24945333,8
56.25362033,8
56.25778733,8
56.26195433,8
56.26612133,8
56.27028833,8
56.27445533,8
56.27862233,8
56.28278933,8
56.28695633,8
56.29112333,8
56.29529033,8
56.29945733,8
56.30362433,8
56.30779133,8
56.31195833,8
56.31612533,8
56.32029233,8
56.32445933,8
56.32862633,8
56.33279333,8
56.33696033,8
56.34112733,8
56.34529433,8
56.34946133,8
56.35362833,8
56.35779533,8
56.36196233,8
56.36612933,8
56.37029633,8
56.37446333,8
56.37863033,8
56.38279733,8
56.38696433,8
56.39113133,8
56.39529833,8
56.39946533,8
56.40363233,8
56.40779933,8
56.41196633,8
56.41613333,8
56.42030033,8
56.42446733,8
56.42863433,8
56.43280133,8
56.43696833,8
56.44113533,8
56.44530233,8
56.44946933,8
56.45363633,8
56.45780333,8
56.46197033,8
56.46613733,8
56.47030433,8
56.47447133,8
56.47863833,8
56.48280533,8
56.48697233,8
56.49113933,8
56.49530633,8
56.49947333,8
56.50364033,8
56.50780733,8
56.51197433,8
56.51614133,8
56.52030833,8
56.52447533,8
56.52864233,8
56.53280933,8
56.53697633,8
56.54114333,8
56.54531033,8
56.54947733,8
56.55364433,8
56.55781133,8
56.56197833,8
56.56614533,8
56.57031233,8
56.57447933,8
56.57864633,8
56.58281333,8
56.58698033,8
56.59114733,8
56.59531433,8
56.59948133,8
56.60364833,8
56.60781533,8
56.61198233,8
56.61614933,8
56.62031633,8
56.62448333,8
56.62865033,8
56.63281733,8
56.63698433,8
56.64115133,8
56.64531833,8
56.64948533,8
56.65365233,8
56.65781933,8
56.66198633,8
56.66615333,8
56.67032033,8
56.67448733,8
56.67865433,8
56.68282133,8
56.68698833,8
56.69115533,8
56.69532233,8
56.69948933,8
56.70365633,8
56.70782333,8
56.71199033,8
56.71615733,8
56.72032433,8
56.72449133,8
56.72865833,8
56.73282533,8
56.73699233,8
56.74115933,8
56.74532633,8
56.74949333,8
56.75366033,8
56.75782733,8
56.76199433,8
56.76616133,8
56.77032833,8
56.77449533,8
56.77866233,8
56.78282933,8
56.78699633,8
56.79116333,8
56.79533033,8
56.79949733,8
56.80366433,8
56.80783133,8
56.81199833,8
56.81616533,8
56.82033233,8
56.82449933,8
56.82866633,8
56.83283333,8
56.83700033,8
56.84116733,8
56.84533433,8
56.84950133,8
56.85366833,8
56.85783533,8
56.86200233,8
56.86616933,8
56.87033633,8
56.87450333,8
56.87867033,8
56.88283733,8
56.88700433,8
56.89117133,8
56.89533833,8
56.89950533,8
56.90367233,8
56.90783933,8
56.91200633,8
56.91617333,8
56.92034033,8
56.92450733,8
56.92867433,8
56.93284133,8
56.93700833,8
56.94117533,8
56.94534233,8
56.94950933,8
56.95367633,8
56.95784333,8
56.96201033,8
56.96617733,8
56.97034433,8
56.97451133,8
56.97867833,8
56.98284533,8
56.98701233,8
56.99117933,8
56.99534633,8
56.99951333,8
57.00368033,8
57.00784733,8
57.01201433,8
57.01618133,8
57.02034833,8
57.02451533,8
57.02868233,8
57.03284933,8
57.03701633,8
57.04118333,8
57.04535033,8
57.04951733,8
57.05368433,8
57.05785133,8
57.06201833,8
57.06618533,8
57.07035233,8
57.07451933,8
57.07868633,8
57.08285333,8
57.08702033,8
57.09118733,8
57.09535433,8
57.09952133,8
57.10368833,8
57.10785533,8
57.11202233,8
57.11618933,8
57.12035633,8
57.12452333,8
57.12869033,8
57.13285733,8
57.13702433,8
57.14119133,8
57.14535833,8
57.14952533,8
57.15369233,8
57.15785933,8
57.16202633,8
57.16619333,8
57.17036033,8
57.17452733,8
57.17869433,8
57.18286133,8
57.18702833,8
57.19119533,8
57.19536233,8
57.19952933,8
57.20369633,8
57.20786333,8
57.21203033,8
57.21619733,8
57.22036433,8
57.22453133,8
57.22869833,8
57.23286533,8
57.23703233,8
57.24119933,8
57.24536633,8
57.24953333,8
57.25370033,8
57.25786733,8
57.26203433,8
57.26620133,8
57.27036833,8
57.27453533,8
57.27870233,8
57.28286933,8
57.28703633,8
57.29120333,8
57.29537033,8
57.29953733,8
57.30370433,8
57.30787133,8
57.31203833,8
57.31620533,8
57.32037233,8
57.32453933,8
57.32870633,8
57.33287333,8
57.33704033,8
57.34120733,8
57.34537433,8
57.34954133,8
57.35370833,8
57.35787533,8
57.36204233,8
57.36620933,8
57.37037633,8
57.37454333,8
57.37871033,8
57.38287733,8
57.38704433,8
57.39121133,8
57.39537833,8
57.39954533,8
57.40371233,8
57.40787933,8
57.41204633,8
57.41621333,8
57.42038033,8
57.42454733,8
57.42871433,8
57.43288133,8
57.43704833,8
57.44121533,8
57.44538233,8
57.44954933,8
57.45371633,8
57.45788333,8
57.46205033,8
57.46621733,8
57.47038433,8
57.47455133,8
57.47871833,8
57.48288533,8
57.48705233,8
57.49121933,8
57.49538633,8
57.49955333,8
57.50372033,8
57.50788733,8
57.51205433,8
57.51622133,8
57.52038833,8
57.52455533,8
57.52872233,8
57.53288933,8
57.53705633,8
57.54122333,8
57.54539033,8
57.54955733,8
57.55372433,8
57.55789133,8
57.56205833,8
57.56622533,8
57.57039233,8
57.57455933,8
57.57872633,8
57.58289333,8
57.58706033,8
57.59122733,8
57.59539433,8
57.59956133,8
57.60372833,8
57.60789533,8
57.61206233,8
57.61622933,8
57.62039633,8
57.62456333,8
57.62873033,8
57.63289733,8
57.63706433,8
57.64123133,8
57.64539833,8
57.64956533,8
57.65373233,8
57.65789933,8
57.66206633,8
57.66623333,8
57.67040033,8
57.67456733,8
57.67873433,8
57.68290133,8
57.68706833,8
57.69123533,8
57.69540233,8
57.69956933,8
57.70373633,8
57.70790333,8
57.71207033,8
57.71623733,8
57.72040433,8
57.72457133,8
57.72873833,8
57.73290533,8
57.73707233,8
57.74123933,8
57.74540633,8
57.74957333,8
57.75374033,8
57.75790733,8
57.76207433,8
57.76624133,8
57.77040833,8
57.77457533,8
57.77874233,8
57.78290933,8
57.78707633,8
57.79124333,8
57.79541033,8
57.79957733,8
57.80374433,8
57.80791133,8
57.81207833,8
57.81624533,8
57.82041233,8
57.82457933,8
57.82874633,8
57.83291333,8
57.83708033,8
57.84124733,8
57.84541433,8
57.84958133,8
57.85374833,8
57.85791533,8
57.86208233,8
57.86624933,8
57.87041633,8
57.87458333,8
57.87875033,8
57.88291733,8
57.88708433,8
57.89125133,8
57.89541833,8
57.89958533,8
57.90375233,8
57.90791933,8
57.91208633,8
57.91625333,8
57.92042033,8
57.92458733,8
57.92875433,8
57.93292133,8
57.93708833,8
57.94125533,8
57.94542233,8
57.94958933,8
57.95375633,8
57.95792333,8
57.96209033,8
57.96625733,8
57.97042433,8
57.97459133,8
57.97875833,8
57.98292533,8
57.98709233,8
57.99125933,8
57.99542633,8
57.99959333,8
58.00376033,8
58.00792733,8
58.01209433,8
58.01626133,8
58.02042833,8
58.02459533,8
58.02876233,8
58.03292933,8
58.03709633,8
58.04126333,8
58.04543033,8
58.04959733,8
58.05376433,8
58.05793133,8
58.06209833,8
58.06626533,8
58.07043233,8
58.07459933,8
58.07876633,8
58.08293333,8
58.08710033,8
58.09126733,8
58.09543433,8
58.09960133,8
58.10376833,8
58.10793533,8
58.11210233,8
58.11626933,8
58.12043633,8
58.12460333,8
58.12877033,8
58.13293733,8
58.13710433,8
58.14127133,8
58.14543833,8
58.14960533,8
58.15377233,8
58.15793933,8
58.16210633,8
58.16627333,8
58.17044033,8
58.17460733,8
58.17877433,8
58.18294133,8
58.18710833,8
58.19127533,8
58.19544233,8
58.19960933,8
58.20377633,8
58.20794333,8
58.21211033,8
58.21627733,8
58.22044433,8
58.22461133,8
58.22877833,8
58.23294533,8
58.23711233,8
58.24127933,8
58.24544633,8
58.24961333,8
58.25378033,8
58.25794733,8
58.26211433,8
58.26628133,8
58.27044833,8
58.27461533,8
58.27878233,8
58.28294933,8
58.28711633,8
58.29128333,8
58.29545033,8
58.29961733,8
58.30378433,8
58.30795133,8
58.31211833,8
58.31628533,8
58.32045233,8
58.32461933,8
58.32878633,8
58.33295333,8
58.33712033,8
58.34128733,8
58.34545433,8
58.34962133,8
58.35378833,8
58.35795533,8
58.36212233,8
58.36628933,8
58.37045633,8
58.37462333,8
58.37879033,8
58.38295733,8
58.38712433,8
58.39129133,8
58.39545833,8
58.39962533,8
58.40379233,8
58.40795933,8
58.41212633,8
58.41629333,8
58.42046033,8
58.42462733,8
58.42879433,8
58.43296133,8
58.43712833,8
58.44129533,8
58.44546233,8
58.44962933,8
58.45379633,8
58.45796333,8
58.46213033,8
58.46629733,8
58.47046433,8
58.47463133,8
58.47879833,8
58.48296533,8
58.48713233,8
58.49129933,8
58.49546633,8
58.49963333,8
58.50380033,8
58.50796733,8
58.51213433,8
58.51630133,8
58.52046833,8
58.52463533,8
58.52880233,8
58.53296933,8
58.53713633,8
58.54130333,8
58.54547033,8
58.54963733,8
58.55380433,8
58.55797133,8
58.56213833,8
58.56630533,8
58.57047233,8
58.57463933,8
58.57880633,8
58.58297333,8
58.58714033,8
58.59130733,8
58.59547433,8
58.59964133,8
58.60380833,8
58.60797533,8
58.61214233,8
58.61630933,8
58.62047633,8
58.62464333,8
58.62881033,8
58.63297733,8
58.63714433,8
58.64131133,8
58.64547833,8
58.64964533,8
58.65381233,8
58.65797933,8
58.66214633,8
58.66631333,8
58.67048033,8
58.67464733,8
58.67881433,8
58.68298133,8
58.68714833,8
58.69131533,8
58.69548233,8
58.69964933,8
58.70381633,8
58.70798333,8
58.71215033,8
58.71631733,8
58.72048433,8
58.72465133,8
58.72881833,8
58.73298533,8
58.73715233,8
58.74131933,8
58.74548633,8
58.74965333,8
58.75382033,8
58.75798733,8
58.76215433,8
58.76632133,8
58.77048833,8
58.77465533,8
58.77882233,8
58.78298933,8
58.78715633,8
58.79132333,8
58.79549033,8
58.79965733,8
58.80382433,8
58.80799133,8
58.81215833,8
58.81632533,8
58.82049233,8
58.82465933,8
58.82882633,8
58.83299333,8
58.83716033,8
58.84132733,8
58.84549433,8
58.84966133,8
58.85382833,8
58.85799533,8
58.86216233,8
58.86632933,8
58.87049633,8
58.87466333,8
58.87883033,8
58.88299733,8
58.88716433,8
58.89133133,8
58.89549833,8
58.89966533,8
58.90383233,8
58.90799933,8
58.91216633,8
58.91633333,8
58.92050033,8
58.92466733,8
58.92883433,8
58.93300133,8
58.93716833,8
58.94133533,8
58.94550233,8
58.94966933,8
58.95383633,8
58.95800333,8
58.96217033,8
58.96633733,8
58.97050433,8
58.97467133,8
58.97883833,8
58.98300533,8
58.98717233,8
58.99133933,8
58.99550633,8
58.99967333,8
59.00384033,8
59.00800733,8
59.01217433,8
59.01634133,8
59.02050833,8
59.02467533,8
59.02884233,8
59.03300933,8
59.03717633,8
59.04134333,8
59.04551033,8
59.04967733,8
59.05384433,8
59.05801133,8
59.06217833,8
59.06634533,8
59.07051233,8
59.07467933,8
59.07884633,8
59.08301333,8
59.08718033,8
59.09134733,8
59.09551433,8
59.09968133,8
59.10384833,8
59.10801533,8
59.11218233,8
59.11634933,8
59.12051633,8
59.12468333,8
59.12885033,8
59.13301733,8
59.13718433,8
59.14135133,8
59.14551833,8
59.14968533,8
59.15385233,8
59.15801933,8
59.16218633,8
59.16635333,8
59.17052033,8
59.17468733,8
59.17885433,8
59.18302133,8
59.18718833,8
59.19135533,8
59.19552233,8
59.19968933,8
59.20385633,8
59.20802333,8
59.21219033,8
59.21635733,8
59.22052433,8
59.22469133,8
59.22885833,8
59.23302533,8
59.23719233,8
59.24135933,8
59.24552633,8
59.24969333,8
59.25386033,8
59.25802733,8
59.26219433,8
59.26636133,8
59.27052833,8
59.27469533,8
59.27886233,8
59.28302933,8
59.28719633,8
59.29136333,8
59.29553033,8
59.29969733,8
59.30386433,8
59.30803133,8
59.31219833,8
59.31636533,8
59.32053233,8
59.32469933,8
59.32886633,8
59.33303333,8
59.33720033,8
59.34136733,8
59.34553433,8
59.34970133,8
59.35386833,8
59.35803533,8
59.36220233,8
59.36636933,8
59.37053633,8
59.37470333,8
59.37887033,8
59.38303733,8
59.38720433,8
59.39137133,8
59.39553833,8
59.39970533,8
59.40387233,8
59.40803933,8
59.41220633,8
59.41637333,8
59.42054033,8
59.42470733,8
59.42887433,8
59.43304133,8
59.43720833,8
59.44137533,8
59.44554233,8
59.44970933,8
59.45387633,8
59.45804333,8
59.46221033,8
59.46637733,8
59.47054433,8
59.47471133,8
59.47887833,8
59.48304533,8
59.48721233,8
59.49137933,8
59.49554633,8
59.49971333,8
59.50388033,8
59.50804733,8
59.51221433,8
59.51638133,8
59.52054833,8
59.52471533,8
59.52888233,8
59.53304933,8
59.53721633,8
59.54138333,8
59.54555033,8
59.54971733,8
59.55388433,8
59.55805133,8
59.56221833,8
59.56638533,8
59.57055233,8
59.57471933,8
59.57888633,8
59.58305333,8
59.58722033,8
59.59138733,8
59.59555433,8
59.59972133,8
59.60388833,8
59.60805533,8
59.61222233,8
59.61638933,8
59.62055633,8
59.62472333,8
59.62889033,8
59.63305733,8
59.63722433,8
59.64139133,8
59.64555833,8
59.64972533,8
59.65389233,8
59.65805933,8
59.66222633,8
59.66639333,8
59.67056033,8
59.67472733,8
59.67889433,8
59.68306133,8
59.68722833,8
59.69139533,8
59.69556233,8
59.69972933,8
59.70389633,8
59.70806333,8
59.71223033,8
59.71639733,8
59.72056433,8
59.72473133,8
59.72889833,8
59.73306533,8
59.73723233,8
59.74139933,8
59.74556633,8
59.74973333,8
59.75390033,8
59.75806733,8
59.76223433,8
59.76640133,8
59.77056833,8
59.77473533,8
59.77890233,8
59.78306933,8
59.78723633,8
59.79140333,8
59.79557033,8
59.79973733,8
59.80390433,8
59.80807133,8
59.81223833,8
59.81640533,8
59.82057233,8
59.82473933,8
59.82890633,8
59.83307333,8
59.83724033,8
59.84140733,8
