$,
,
JDAY,TIN
1,22.8
1.004166667,22.8
1.008333667,22.8
1.012500667,22.8
1.016667667,22.8
1.020834667,22.8
1.025001667,22.8
1.029168667,22.8
1.033335667,22.8
1.037502667,22.8
1.041669667,22.8
1.045836667,22.8
1.050003667,22.8
1.054170667,22.8
1.058337667,22.8
1.062504667,22.8
1.066671667,22.8
1.070838667,22.8
1.075005667,22.8
1.079172667,22.8
1.083339667,22.8
1.087506667,22.8
1.091673667,22.8
1.095840667,22.8
1.100007667,22.8
1.104174667,22.8
1.108341667,22.8
1.112508667,22.8
1.116675667,22.8
1.120842667,22.8
1.125009667,22.8
1.129176667,22.8
1.133343667,22.8
1.137510667,22.8
1.141677667,22.8
1.145844667,22.8
1.150011667,22.8
1.154178667,22.8
1.158345667,22.8
1.162512667,22.8
1.166679667,22.8
1.170846667,22.8
1.175013667,22.8
1.179180667,22.8
1.183347667,22.8
1.187514667,22.8
1.191681667,22.8
1.195848667,22.8
1.200015667,22.8
1.204182667,22.8
1.208349667,22.8
1.212516667,22.8
1.216683667,22.8
1.220850667,22.8
1.225017667,22.8
1.229184667,22.8
1.233351667,22.8
1.237518667,22.8
1.241685667,22.8
1.245852667,22.8
1.250019667,22.8
1.254186667,22.8
1.258353667,22.8
1.262520667,22.8
1.266687667,22.8
1.270854667,22.8
1.275021667,22.8
1.279188667,22.8
1.283355667,22.8
1.287522667,22.8
1.291689667,22.8
1.295856667,22.8
1.300023667,22.8
1.304190667,22.8
1.308357667,22.8
1.312524667,22.8
1.316691667,22.8
1.320858667,22.8
1.325025667,22.8
1.329192667,22.8
1.333359667,22.8
1.337526667,22.8
1.341693667,22.8
1.345860667,22.8
1.350027667,22.8
1.354194667,22.8
1.358361667,22.8
1.362528667,22.8
1.366695667,22.8
1.370862667,22.8
1.375029667,22.8
1.379196667,22.8
1.383363667,22.8
1.387530667,22.8
1.391697667,22.8
1.395864667,22.8
1.400031667,22.8
1.404198667,22.8
1.408365667,22.8
1.412532667,22.8
1.416699667,22.8
1.420866667,22.8
1.425033667,22.8
1.429200667,22.8
1.433367667,22.8
1.437534667,22.8
1.441701667,22.8
1.445868667,22.8
1.450035667,22.8
1.454202667,22.8
1.458369667,22.8
1.462536667,22.8
1.466703667,22.8
1.470870667,22.8
1.475037667,22.8
1.479204667,22.8
1.483371667,22.8
1.487538667,22.8
1.491705667,22.8
1.495872667,22.8
1.500039667,22.8
1.504206667,22.8
1.508373667,22.8
1.512540667,22.8
1.516707667,22.8
1.520874667,22.8
1.525041667,22.8
1.529208667,22.8
1.533375667,22.8
1.537542667,22.8
1.541709667,22.8
1.545876667,22.8
1.550043667,22.8
1.554210667,22.8
1.558377667,22.8
1.562544667,22.8
1.566711667,22.8
1.570878667,22.8
1.575045667,22.8
1.579212667,22.8
1.583379667,22.8
1.587546667,22.8
1.591713667,22.8
1.595880667,22.8
1.600047667,22.8
1.604214667,22.8
1.608381667,22.8
1.612548667,22.8
1.616715667,22.8
1.620882667,22.8
1.625049667,22.8
1.629216667,22.8
1.633383667,22.8
1.637550667,22.8
1.641717667,22.8
1.645884667,22.8
1.650051667,22.8
1.654218667,22.8
1.658385667,22.8
1.662552667,22.8
1.666719667,22.8
1.670886667,22.8
1.675053667,22.8
1.679220667,22.8
1.683387667,22.8
1.687554667,22.8
1.691721667,22.8
1.695888667,22.8
1.700055667,22.8
1.704222667,22.8
1.708389667,22.8
1.712556667,22.8
1.716723667,22.8
1.720890667,22.8
1.725057667,22.8
1.729224667,22.8
1.733391667,22.8
1.737558667,22.8
1.741725667,22.8
1.745892667,22.8
1.750059667,22.8
1.754226667,22.8
1.758393667,22.8
1.762560667,22.8
1.766727667,22.8
1.770894667,22.8
1.775061667,22.8
1.779228667,22.8
1.783395667,22.8
1.787562667,22.8
1.791729667,22.8
1.795896667,22.8
1.800063667,22.8
1.804230667,22.8
1.808397667,22.8
1.812564667,22.8
1.816731667,22.8
1.820898667,22.8
1.825065667,22.8
1.829232667,22.8
1.833399667,22.8
1.837566667,22.8
1.841733667,22.8
1.845900667,22.8
1.850067667,22.8
1.854234667,22.8
1.858401667,22.8
1.862568667,22.8
1.866735667,22.8
1.870902667,22.8
1.875069667,22.8
1.879236667,22.8
1.883403667,22.8
1.887570667,22.8
1.891737667,22.8
1.895904667,22.8
1.900071667,22.8
1.904238667,22.8
1.908405667,22.8
1.912572667,22.8
1.916739667,22.8
1.920906667,22.8
1.925073667,22.8
1.929240667,22.8
1.933407667,22.8
1.937574667,22.8
1.941741667,22.8
1.945908667,22.8
1.950075667,22.8
1.954242667,22.8
1.958409667,22.8
1.962576667,22.8
1.966743667,22.8
1.970910667,22.8
1.975077667,22.8
1.979244667,22.8
1.983411667,22.8
1.987578667,22.8
1.991745667,22.8
1.995912667,22.8
2.000079667,22.8
2.004246667,22.8
2.008413667,22.8
2.012580667,22.8
2.016747667,22.8
2.020914667,22.8
2.025081667,22.8
2.029248667,22.8
2.033415667,22.8
2.037582667,22.8
2.041749667,22.8
2.045916667,22.8
2.050083667,22.8
2.054250667,22.8
2.058417667,22.8
2.062584667,22.8
2.066751667,22.8
2.070918667,22.8
2.075085667,22.8
2.079252667,22.8
2.083419667,22.8
2.087586667,22.8
2.091753667,22.8
2.095920667,22.8
2.100087667,22.8
2.104254667,22.8
2.108421667,22.8
2.112588667,22.8
2.116755667,22.8
2.120922667,22.8
2.125089667,22.8
2.129256667,22.8
2.133423667,22.8
2.137590667,22.8
2.141757667,22.8
2.145924667,22.8
2.150091667,22.8
2.154258667,22.8
2.158425667,22.8
2.162592667,22.8
2.166759667,22.8
2.170926667,22.8
2.175093667,22.8
2.179260667,22.8
2.183427667,22.8
2.187594667,22.8
2.191761667,22.8
2.195928667,22.8
2.200095667,22.8
2.204262667,22.8
2.208429667,22.8
2.212596667,22.8
2.216763667,22.8
2.220930667,22.8
2.225097667,22.8
2.229264667,22.8
2.233431667,22.8
2.237598667,22.8
2.241765667,22.8
2.245932667,22.8
2.250099667,22.8
2.254266667,22.8
2.258433667,22.8
2.262600667,22.8
2.266767667,22.8
2.270934667,22.8
2.275101667,22.8
2.279268667,22.8
2.283435667,22.8
2.287602667,22.8
2.291769667,22.8
2.295936667,22.8
2.300103667,22.8
2.304270667,22.8
2.308437667,22.8
2.312604667,22.8
2.316771667,22.8
2.320938667,22.8
2.325105667,22.8
2.329272667,22.8
2.333439667,22.8
2.337606667,22.8
2.341773667,22.8
2.345940667,22.8
2.350107667,22.8
2.354274667,22.8
2.358441667,22.8
2.362608667,22.8
2.366775667,22.8
2.370942667,22.8
2.375109667,22.8
2.379276667,22.8
2.383443667,22.8
2.387610667,22.8
2.391777667,22.8
2.395944667,22.8
2.400111667,22.8
2.404278667,22.8
2.408445667,22.8
2.412612667,22.8
2.416779667,22.8
2.420946667,22.8
2.425113667,22.8
2.429280667,22.8
2.433447667,22.8
2.437614667,22.8
2.441781667,22.8
2.445948667,22.8
2.450115667,22.8
2.454282667,22.8
2.458449667,22.8
2.462616667,22.8
2.466783667,22.8
2.470950667,22.8
2.475117667,22.8
2.479284667,22.8
2.483451667,22.8
2.487618667,22.8
2.491785667,22.8
2.495952667,22.8
2.500119667,22.8
2.504286667,22.8
2.508453667,22.8
2.512620667,22.8
2.516787667,22.8
2.520954667,22.8
2.525121667,22.8
2.529288667,22.8
2.533455667,22.8
2.537622667,22.8
2.541789667,22.8
2.545956667,22.8
2.550123667,22.8
2.554290667,22.8
2.558457667,22.8
2.562624667,22.8
2.566791667,22.8
2.570958667,22.8
2.575125667,22.8
2.579292667,22.8
2.583459667,22.8
2.587626667,22.8
2.591793667,22.8
2.595960667,22.8
2.600127667,22.8
2.604294667,22.8
2.608461667,22.8
2.612628667,22.8
2.616795667,22.8
2.620962667,22.8
2.625129667,22.8
2.629296667,22.8
2.633463667,22.8
2.637630667,22.8
2.641797667,22.8
2.645964667,22.8
2.650131667,22.8
2.654298667,22.8
2.658465667,22.8
2.662632667,22.8
2.666799667,22.8
2.670966667,22.8
2.675133667,22.8
2.679300667,22.8
2.683467667,22.8
2.687634667,22.8
2.691801667,22.8
2.695968667,22.8
2.700135667,22.8
2.704302667,22.8
2.708469667,22.8
2.712636667,22.8
2.716803667,22.8
2.720970667,22.8
2.725137667,22.8
2.729304667,22.8
2.733471667,22.8
2.737638667,22.8
2.741805667,22.8
2.745972667,22.8
2.750139667,22.8
2.754306667,22.8
2.758473667,22.8
2.762640667,22.8
2.766807667,22.8
2.770974667,22.8
2.775141667,22.8
2.779308667,22.8
2.783475667,22.8
2.787642667,22.8
2.791809667,22.8
2.795976667,22.8
2.800143667,22.8
2.804310667,22.8
2.808477667,22.8
2.812644667,22.8
2.816811667,22.8
2.820978667,22.8
2.825145667,22.8
2.829312667,22.8
2.833479667,22.8
2.837646667,22.8
2.841813667,22.8
2.845980667,22.8
2.850147667,22.8
2.854314667,22.8
2.858481667,22.8
2.862648667,22.8
2.866815667,22.8
2.870982667,22.8
2.875149667,22.8
2.879316667,22.8
2.883483667,22.8
2.887650667,22.8
2.891817667,22.8
2.895984667,22.8
2.900151667,22.8
2.904318667,22.8
2.908485667,22.8
2.912652667,22.8
2.916819667,22.8
2.920986667,22.8
2.925153667,22.8
2.929320667,22.8
2.933487667,22.8
2.937654667,22.8
2.941821667,22.8
2.945988667,22.8
2.950155667,22.8
2.954322667,22.8
2.958489667,22.8
2.962656667,22.8
2.966823667,22.8
2.970990667,22.8
2.975157667,22.8
2.979324667,22.8
2.983491667,22.8
2.987658667,22.8
2.991825667,22.8
2.995992667,22.8
3.000159667,22.8
3.004326667,22.8
3.008493667,22.8
3.012660667,22.8
3.016827667,22.8
3.020994667,22.8
3.025161667,22.8
3.029328667,22.8
3.033495667,22.8
3.037662667,22.8
3.041829667,22.8
3.045996667,22.8
3.050163667,22.8
3.054330667,22.8
3.058497667,22.8
3.062664667,22.8
3.066831667,22.8
3.070998667,22.8
3.075165667,22.8
3.079332667,22.8
3.083499667,22.8
3.087666667,22.8
3.091833667,22.8
3.096000667,22.8
3.100167667,22.8
3.104334667,22.8
3.108501667,22.8
3.112668667,22.8
3.116835667,22.8
3.121002667,22.8
3.125169667,22.8
3.129336667,22.8
3.133503667,22.8
3.137670667,22.8
3.141837667,22.8
3.146004667,22.8
3.150171667,22.8
3.154338667,22.8
3.158505667,22.8
3.162672667,22.8
3.166839667,22.8
3.171006667,22.8
3.175173667,22.8
3.179340667,22.8
3.183507667,22.8
3.187674667,22.8
3.191841667,22.8
3.196008667,22.8
3.200175667,22.8
3.204342667,22.8
3.208509667,22.8
3.212676667,22.8
3.216843667,22.8
3.221010667,22.8
3.225177667,22.8
3.229344667,22.8
3.233511667,22.8
3.237678667,22.8
3.241845667,22.8
3.246012667,22.8
3.250179667,22.8
3.254346667,22.8
3.258513667,22.8
3.262680667,22.8
3.266847667,22.8
3.271014667,22.8
3.275181667,22.8
3.279348667,22.8
3.283515667,22.8
3.287682667,22.8
3.291849667,22.8
3.296016667,22.8
3.300183667,22.8
3.304350667,22.8
3.308517667,22.8
3.312684667,22.8
3.316851667,22.8
3.321018667,22.8
3.325185667,22.8
3.329352667,22.8
3.333519667,22.8
3.337686667,22.8
3.341853667,22.8
3.346020667,22.8
3.350187667,22.8
3.354354667,22.8
3.358521667,22.8
3.362688667,22.8
3.366855667,22.8
3.371022667,22.8
3.375189667,22.8
3.379356667,22.8
3.383523667,22.8
3.387690667,22.8
3.391857667,22.8
3.396024667,22.8
3.400191667,22.8
3.404358667,22.8
3.408525667,22.8
3.412692667,22.8
3.416859667,22.8
3.421026667,22.8
3.425193667,22.8
3.429360667,22.8
3.433527667,22.8
3.437694667,22.8
3.441861667,22.8
3.446028667,22.8
3.450195667,22.8
3.454362667,22.8
3.458529667,22.8
3.462696667,22.8
3.466863667,22.8
3.471030667,22.8
3.475197667,22.8
3.479364667,22.8
3.483531667,22.8
3.487698667,22.8
3.491865667,22.8
3.496032667,22.8
3.500199667,22.8
3.504366667,22.8
3.508533667,22.8
3.512700667,22.8
3.516867667,22.8
3.521034667,22.8
3.525201667,22.8
3.529368667,22.8
3.533535667,22.8
3.537702667,22.8
3.541869667,22.8
3.546036667,22.8
3.550203667,22.8
3.554370667,22.8
3.558537667,22.8
3.562704667,22.8
3.566871667,22.8
3.571038667,22.8
3.575205667,22.8
3.579372667,22.8
3.583539667,22.8
3.587706667,22.8
3.591873667,22.8
3.596040667,22.8
3.600207667,22.8
3.604374667,22.8
3.608541667,22.8
3.612708667,22.8
3.616875667,22.8
3.621042667,22.8
3.625209667,22.8
3.629376667,22.8
3.633543667,22.8
3.637710667,22.8
3.641877667,22.8
3.646044667,22.8
3.650211667,22.8
3.654378667,22.8
3.658545667,22.8
3.662712667,22.8
3.666879667,22.8
3.671046667,22.8
3.675213667,22.8
3.679380667,22.8
3.683547667,22.8
3.687714667,22.8
3.691881667,22.8
3.696048667,22.8
3.700215667,22.8
3.704382667,22.8
3.708549667,22.8
3.712716667,22.8
3.716883667,22.8
3.721050667,22.8
3.725217667,22.8
3.729384667,22.8
3.733551667,22.8
3.737718667,22.8
3.741885667,22.8
3.746052667,22.8
3.750219667,22.8
3.754386667,22.8
3.758553667,22.8
3.762720667,22.8
3.766887667,22.8
3.771054667,22.8
3.775221667,22.8
3.779388667,22.8
3.783555667,22.8
3.787722667,22.8
3.791889667,22.8
3.796056667,22.8
3.800223667,22.8
3.804390667,22.8
3.808557667,22.8
3.812724667,22.8
3.816891667,22.8
3.821058667,22.8
3.825225667,22.8
3.829392667,22.8
3.833559667,22.8
3.837726667,22.8
3.841893667,22.8
3.846060667,22.8
3.850227667,22.8
3.854394667,22.8
3.858561667,22.8
3.862728667,22.8
3.866895667,22.8
3.871062667,22.8
3.875229667,22.8
3.879396667,22.8
3.883563667,22.8
3.887730667,22.8
3.891897667,22.8
3.896064667,22.8
3.900231667,22.8
3.904398667,22.8
3.908565667,22.8
3.912732667,22.8
3.916899667,22.8
3.921066667,22.8
3.925233667,22.8
3.929400667,22.8
3.933567667,22.8
3.937734667,22.8
3.941901667,22.8
3.946068667,22.8
3.950235667,22.8
3.954402667,22.8
3.958569667,22.8
3.962736667,22.8
3.966903667,22.8
3.971070667,22.8
3.975237667,22.8
3.979404667,22.8
3.983571667,22.8
3.987738667,22.8
3.991905667,22.8
3.996072667,22.8
4.000239667,22.8
4.004406667,22.8
4.008573667,22.8
4.012740667,22.8
4.016907667,22.8
4.021074667,22.8
4.025241667,22.8
4.029408667,22.8
4.033575667,22.8
4.037742667,22.8
4.041909667,22.8
4.046076667,22.8
4.050243667,22.8
4.054410667,22.8
4.058577667,22.8
4.062744667,22.8
4.066911667,22.8
4.071078667,22.8
4.075245667,22.8
4.079412667,22.8
4.083579667,22.8
4.087746667,22.8
4.091913667,22.8
4.096080667,22.8
4.100247667,22.8
4.104414667,22.8
4.108581667,22.8
4.112748667,22.8
4.116915667,22.8
4.121082667,22.8
4.125249667,22.8
4.129416667,22.8
4.133583667,22.8
4.137750667,22.8
4.141917667,22.8
4.146084667,22.8
4.150251667,22.8
4.154418667,22.8
4.158585667,22.8
4.162752667,22.8
4.166919667,22.8
4.171086667,22.8
4.175253667,22.8
4.179420667,22.8
4.183587667,22.8
4.187754667,22.8
4.191921667,22.8
4.196088667,22.8
4.200255667,22.8
4.204422667,22.8
4.208589667,22.8
4.212756667,22.8
4.216923667,22.8
4.221090667,22.8
4.225257667,22.8
4.229424667,22.8
4.233591667,22.8
4.237758667,22.8
4.241925667,22.8
4.246092667,22.8
4.250259667,22.8
4.254426667,22.8
4.258593667,22.8
4.262760667,22.8
4.266927667,22.8
4.271094667,22.8
4.275261667,22.8
4.279428667,22.8
4.283595667,22.8
4.287762667,22.8
4.291929667,22.8
4.296096667,22.8
4.300263667,22.8
4.304430667,22.8
4.308597667,22.8
4.312764667,22.8
4.316931667,22.8
4.321098667,22.8
4.325265667,22.8
4.329432667,22.8
4.333599667,22.8
4.337766667,22.8
4.341933667,22.8
4.346100667,22.8
4.350267667,22.8
4.354434667,22.8
4.358601667,22.8
4.362768667,22.8
4.366935667,22.8
4.371102667,22.8
4.375269667,22.8
4.379436667,22.8
4.383603667,22.8
4.387770667,22.8
4.391937667,22.8
4.396104667,22.8
4.400271667,22.8
4.404438667,22.8
4.408605667,22.8
4.412772667,22.8
4.416939667,22.8
4.421106667,22.8
4.425273667,22.8
4.429440667,22.8
4.433607667,22.8
4.437774667,22.8
4.441941667,22.8
4.446108667,22.8
4.450275667,22.8
4.454442667,22.8
4.458609667,22.8
4.462776667,22.8
4.466943667,22.8
4.471110667,22.8
4.475277667,22.8
4.479444667,22.8
4.483611667,22.8
4.487778667,22.8
4.491945667,22.8
4.496112667,22.8
4.500279667,22.8
4.504446667,22.8
4.508613667,22.8
4.512780667,22.8
4.516947667,22.8
4.521114667,22.8
4.525281667,22.8
4.529448667,22.8
4.533615667,22.8
4.537782667,22.8
4.541949667,22.8
4.546116667,22.8
4.550283667,22.8
4.554450667,22.8
4.558617667,22.8
4.562784667,22.8
4.566951667,22.8
4.571118667,22.8
4.575285667,22.8
4.579452667,22.8
4.583619667,22.8
4.587786667,22.8
4.591953667,22.8
4.596120667,22.8
4.600287667,22.8
4.604454667,22.8
4.608621667,22.8
4.612788667,22.8
4.616955667,22.8
4.621122667,22.8
4.625289667,22.8
4.629456667,22.8
4.633623667,22.8
4.637790667,22.8
4.641957667,22.8
4.646124667,22.8
4.650291667,22.8
4.654458667,22.8
4.658625667,22.8
4.662792667,22.8
4.666959667,22.8
4.671126667,22.8
4.675293667,22.8
4.679460667,22.8
4.683627667,22.8
4.687794667,22.8
4.691961667,22.8
4.696128667,22.8
4.700295667,22.8
4.704462667,22.8
4.708629667,22.8
4.712796667,22.8
4.716963667,22.8
4.721130667,22.8
4.725297667,22.8
4.729464667,22.8
4.733631667,22.8
4.737798667,22.8
4.741965667,22.8
4.746132667,22.8
4.750299667,22.8
4.754466667,22.8
4.758633667,22.8
4.762800667,22.8
4.766967667,22.8
4.771134667,22.8
4.775301667,22.8
4.779468667,22.8
4.783635667,22.8
4.787802667,22.8
4.791969667,22.8
4.796136667,22.8
4.800303667,22.8
4.804470667,22.8
4.808637667,22.8
4.812804667,22.8
4.816971667,22.8
4.821138667,22.8
4.825305667,22.8
4.829472667,22.8
4.833639667,22.8
4.837806667,22.8
4.841973667,22.8
4.846140667,22.8
4.850307667,22.8
4.854474667,22.8
4.858641667,22.8
4.862808667,22.8
4.866975667,22.8
4.871142667,22.8
4.875309667,22.8
4.879476667,22.8
4.883643667,22.8
4.887810667,22.8
4.891977667,22.8
4.896144667,22.8
4.900311667,22.8
4.904478667,22.8
4.908645667,22.8
4.912812667,22.8
4.916979667,22.8
4.921146667,22.8
4.925313667,22.8
4.929480667,22.8
4.933647667,22.8
4.937814667,22.8
4.941981667,22.8
4.946148667,22.8
4.950315667,22.8
4.954482667,22.8
4.958649667,22.8
4.962816667,22.8
4.966983667,22.8
4.971150667,22.8
4.975317667,22.8
4.979484667,22.8
4.983651667,22.8
4.987818667,22.8
4.991985667,22.8
4.996152667,22.8
5.000319667,22.8
5.004486667,22.8
5.008653667,22.8
5.012820667,22.8
5.016987667,22.8
5.021154667,22.8
5.025321667,22.8
5.029488667,22.8
5.033655667,22.8
5.037822667,22.8
5.041989667,22.8
5.046156667,22.8
5.050323667,22.8
5.054490667,22.8
5.058657667,22.8
5.062824667,22.8
5.066991667,22.8
5.071158667,22.8
5.075325667,22.8
5.079492667,22.8
5.083659667,22.8
5.087826667,22.8
5.091993667,22.8
5.096160667,22.8
5.100327667,22.8
5.104494667,22.8
5.108661667,22.8
5.112828667,22.8
5.116995667,22.8
5.121162667,22.8
5.125329667,22.8
5.129496667,22.8
5.133663667,22.8
5.137830667,22.8
5.141997667,22.8
5.146164667,22.8
5.150331667,22.8
5.154498667,22.8
5.158665667,22.8
5.162832667,22.8
5.166999667,22.8
5.171166667,22.8
5.175333667,22.8
5.179500667,22.8
5.183667667,22.8
5.187834667,22.8
5.192001667,22.8
5.196168667,22.8
5.200335667,22.8
5.204502667,22.8
5.208669667,22.8
5.212836667,22.8
5.217003667,22.8
5.221170667,22.8
5.225337667,22.8
5.229504667,22.8
5.233671667,22.8
5.237838667,22.8
5.242005667,22.8
5.246172667,22.8
5.250339667,22.8
5.254506667,22.8
5.258673667,22.8
5.262840667,22.8
5.267007667,22.8
5.271174667,22.8
5.275341667,22.8
5.279508667,22.8
5.283675667,22.8
5.287842667,22.8
5.292009667,22.8
5.296176667,22.8
5.300343667,22.8
5.304510667,22.8
5.308677667,22.8
5.312844667,22.8
5.317011667,22.8
5.321178667,22.8
5.325345667,22.8
5.329512667,22.8
5.333679667,22.8
5.337846667,22.8
5.342013667,22.8
5.346180667,22.8
5.350347667,22.8
5.354514667,22.8
5.358681667,22.8
5.362848667,22.8
5.367015667,22.8
5.371182667,22.8
5.375349667,22.8
5.379516667,22.8
5.383683667,22.8
5.387850667,22.8
5.392017667,22.8
5.396184667,22.8
5.400351667,22.8
5.404518667,22.8
5.408685667,22.8
5.412852667,22.8
5.417019667,22.8
5.421186667,22.8
5.425353667,22.8
5.429520667,22.8
5.433687667,22.8
5.437854667,22.8
5.442021667,22.8
5.446188667,22.8
5.450355667,22.8
5.454522667,22.8
5.458689667,22.8
5.462856667,22.8
5.467023667,22.8
5.471190667,22.8
5.475357667,22.8
5.479524667,22.8
5.483691667,22.8
5.487858667,22.8
5.492025667,22.8
5.496192667,22.8
5.500359667,22.8
5.504526667,22.8
5.508693667,22.8
5.512860667,22.8
5.517027667,22.8
5.521194667,22.8
5.525361667,22.8
5.529528667,22.8
5.533695667,22.8
5.537862667,22.8
5.542029667,22.8
5.546196667,22.8
5.550363667,22.8
5.554530667,22.8
5.558697667,22.8
5.562864667,22.8
5.567031667,22.8
5.571198667,22.8
5.575365667,22.8
5.579532667,22.8
5.583699667,22.8
5.587866667,22.8
5.592033667,22.8
5.596200667,22.8
5.600367667,22.8
5.604534667,22.8
5.608701667,22.8
5.612868667,22.8
5.617035667,22.8
5.621202667,22.8
5.625369667,22.8
5.629536667,22.8
5.633703667,22.8
5.637870667,22.8
5.642037667,22.8
5.646204667,22.8
5.650371667,22.8
5.654538667,22.8
5.658705667,22.8
5.662872667,22.8
5.667039667,22.8
5.671206667,22.8
5.675373667,22.8
5.679540667,22.8
5.683707667,22.8
5.687874667,22.8
5.692041667,22.8
5.696208667,22.8
5.700375667,22.8
5.704542667,22.8
5.708709667,22.8
5.712876667,22.8
5.717043667,22.8
5.721210667,22.8
5.725377667,22.8
5.729544667,22.8
5.733711667,22.8
5.737878667,22.8
5.742045667,22.8
5.746212667,22.8
5.750379667,22.8
5.754546667,22.8
5.758713667,22.8
5.762880667,22.8
5.767047667,22.8
5.771214667,22.8
5.775381667,22.8
5.779548667,22.8
5.783715667,22.8
5.787882667,22.8
5.792049667,22.8
5.796216667,22.8
5.800383667,22.8
5.804550667,22.8
5.808717667,22.8
5.812884667,22.8
5.817051667,22.8
5.821218667,22.8
5.825385667,22.8
5.829552667,22.8
5.833719667,22.8
5.837886667,22.8
5.842053667,22.8
5.846220667,22.8
5.850387667,22.8
5.854554667,22.8
5.858721667,22.8
5.862888667,22.8
5.867055667,22.8
5.871222667,22.8
5.875389667,22.8
5.879556667,22.8
5.883723667,22.8
5.887890667,22.8
5.892057667,22.8
5.896224667,22.8
5.900391667,22.8
5.904558667,22.8
5.908725667,22.8
5.912892667,22.8
5.917059667,22.8
5.921226667,22.8
5.925393667,22.8
5.929560667,22.8
5.933727667,22.8
5.937894667,22.8
5.942061667,22.8
5.946228667,22.8
5.950395667,22.8
5.954562667,22.8
5.958729667,22.8
5.962896667,22.8
5.967063667,22.8
5.971230667,22.8
5.975397667,22.8
5.979564667,22.8
5.983731667,22.8
5.987898667,22.8
5.992065667,22.8
5.996232667,22.8
6.000399667,22.8
6.004566667,22.8
6.008733667,22.8
6.012900667,22.8
6.017067667,22.8
6.021234667,22.8
6.025401667,22.8
6.029568667,22.8
6.033735667,22.8
6.037902667,22.8
6.042069667,22.8
6.046236667,22.8
6.050403667,22.8
6.054570667,22.8
6.058737667,22.8
6.062904667,22.8
6.067071667,22.8
6.071238667,22.8
6.075405667,22.8
6.079572667,22.8
6.083739667,22.8
6.087906667,22.8
6.092073667,22.8
6.096240667,22.8
6.100407667,22.8
6.104574667,22.8
6.108741667,22.8
6.112908667,22.8
6.117075667,22.8
6.121242667,22.8
6.125409667,22.8
6.129576667,22.8
6.133743667,22.8
6.137910667,22.8
6.142077667,22.8
6.146244667,22.8
6.150411667,22.8
6.154578667,22.8
6.158745667,22.8
6.162912667,22.8
6.167079667,22.8
6.171246667,22.8
6.175413667,22.8
6.179580667,22.8
6.183747667,22.8
6.187914667,22.8
6.192081667,22.8
6.196248667,22.8
6.200415667,22.8
6.204582667,22.8
6.208749667,22.8
6.212916667,22.8
6.217083667,22.8
6.221250667,22.8
6.225417667,22.8
6.229584667,22.8
6.233751667,22.8
6.237918667,22.8
6.242085667,22.8
6.246252667,22.8
6.250419667,22.8
6.254586667,22.8
6.258753667,22.8
6.262920667,22.8
6.267087667,22.8
6.271254667,22.8
6.275421667,22.8
6.279588667,22.8
6.283755667,22.8
6.287922667,22.8
6.292089667,22.8
6.296256667,22.8
6.300423667,22.8
6.304590667,22.8
6.308757667,22.8
6.312924667,22.8
6.317091667,22.8
6.321258667,22.8
6.325425667,22.8
6.329592667,22.8
6.333759667,22.8
6.337926667,22.8
6.342093667,22.8
6.346260667,22.8
6.350427667,22.8
6.354594667,22.8
6.358761667,22.8
6.362928667,22.8
6.367095667,22.8
6.371262667,22.8
6.375429667,22.8
6.379596667,22.8
6.383763667,22.8
6.387930667,22.8
6.392097667,22.8
6.396264667,22.8
6.400431667,22.8
6.404598667,22.8
6.408765667,22.8
6.412932667,22.8
6.417099667,22.8
6.421266667,22.8
6.425433667,22.8
6.429600667,22.8
6.433767667,22.8
6.437934667,22.8
6.442101667,22.8
6.446268667,22.8
6.450435667,22.8
6.454602667,22.8
6.458769667,22.8
6.462936667,22.8
6.467103667,22.8
6.471270667,22.8
6.475437667,22.8
6.479604667,22.8
6.483771667,22.8
6.487938667,22.8
6.492105667,22.8
6.496272667,22.8
6.500439667,22.8
6.504606667,22.8
6.508773667,22.8
6.512940667,22.8
6.517107667,22.8
6.521274667,22.8
6.525441667,22.8
6.529608667,22.8
6.533775667,22.8
6.537942667,22.8
6.542109667,22.8
6.546276667,22.8
6.550443667,22.8
6.554610667,22.8
6.558777667,22.8
6.562944667,22.8
6.567111667,22.8
6.571278667,22.8
6.575445667,22.8
6.579612667,22.8
6.583779667,22.8
6.587946667,22.8
6.592113667,22.8
6.596280667,22.8
6.600447667,22.8
6.604614667,22.8
6.608781667,22.8
6.612948667,22.8
6.617115667,22.8
6.621282667,22.8
6.625449667,22.8
6.629616667,22.8
6.633783667,22.8
6.637950667,22.8
6.642117667,22.8
6.646284667,22.8
6.650451667,22.8
6.654618667,22.8
6.658785667,22.8
6.662952667,22.8
6.667119667,22.8
6.671286667,22.8
6.675453667,22.8
6.679620667,22.8
6.683787667,22.8
6.687954667,22.8
6.692121667,22.8
6.696288667,22.8
6.700455667,22.8
6.704622667,22.8
6.708789667,22.8
6.712956667,22.8
6.717123667,22.8
6.721290667,22.8
6.725457667,22.8
6.729624667,22.8
6.733791667,22.8
6.737958667,22.8
6.742125667,22.8
6.746292667,22.8
6.750459667,22.8
6.754626667,22.8
6.758793667,22.8
6.762960667,22.8
6.767127667,22.8
6.771294667,22.8
6.775461667,22.8
6.779628667,22.8
6.783795667,22.8
6.787962667,22.8
6.792129667,22.8
6.796296667,22.8
6.800463667,22.8
6.804630667,22.8
6.808797667,22.8
6.812964667,22.8
6.817131667,22.8
6.821298667,22.8
6.825465667,22.8
6.829632667,22.8
6.833799667,22.8
6.837966667,22.8
6.842133667,22.8
6.846300667,22.8
6.850467667,22.8
6.854634667,22.8
6.858801667,22.8
6.862968667,22.8
6.867135667,22.8
6.871302667,22.8
6.875469667,22.8
6.879636667,22.8
6.883803667,22.8
6.887970667,22.8
6.892137667,22.8
6.896304667,22.8
6.900471667,22.8
6.904638667,22.8
6.908805667,22.8
6.912972667,22.8
6.917139667,22.8
6.921306667,22.8
6.925473667,22.8
6.929640667,22.8
6.933807667,22.8
6.937974667,22.8
6.942141667,22.8
6.946308667,22.8
6.950475667,22.8
6.954642667,22.8
6.958809667,22.8
6.962976667,22.8
6.967143667,22.8
6.971310667,22.8
6.975477667,22.8
6.979644667,22.8
6.983811667,22.8
6.987978667,22.8
6.992145667,22.8
6.996312667,22.8
7.000479667,22.8
7.004646667,22.8
7.008813667,22.8
7.012980667,22.8
7.017147667,22.8
7.021314667,22.8
7.025481667,22.8
7.029648667,22.8
7.033815667,22.8
7.037982667,22.8
7.042149667,22.8
7.046316667,22.8
7.050483667,22.8
7.054650667,22.8
7.058817667,22.8
7.062984667,22.8
7.067151667,22.8
7.071318667,22.8
7.075485667,22.8
7.079652667,22.8
7.083819667,22.8
7.087986667,22.8
7.092153667,22.8
7.096320667,22.8
7.100487667,22.8
7.104654667,22.8
7.108821667,22.8
7.112988667,22.8
7.117155667,22.8
7.121322667,22.8
7.125489667,22.8
7.129656667,22.8
7.133823667,22.8
7.137990667,22.8
7.142157667,22.8
7.146324667,22.8
7.150491667,22.8
7.154658667,22.8
7.158825667,22.8
7.162992667,22.8
7.167159667,22.8
7.171326667,22.8
7.175493667,22.8
7.179660667,22.8
7.183827667,22.8
7.187994667,22.8
7.192161667,22.8
7.196328667,22.8
7.200495667,22.8
7.204662667,22.8
7.208829667,22.8
7.212996667,22.8
7.217163667,22.8
7.221330667,22.8
7.225497667,22.8
7.229664667,22.8
7.233831667,22.8
7.237998667,22.8
7.242165667,22.8
7.246332667,22.8
7.250499667,22.8
7.254666667,22.8
7.258833667,22.8
7.263000667,22.8
7.267167667,22.8
7.271334667,22.8
7.275501667,22.8
7.279668667,22.8
7.283835667,22.8
7.288002667,22.8
7.292169667,22.8
7.296336667,22.8
7.300503667,22.8
7.304670667,22.8
7.308837667,22.8
7.313004667,22.8
7.317171667,22.8
7.321338667,22.8
7.325505667,22.8
7.329672667,22.8
7.333839667,22.8
7.338006667,22.8
7.342173667,22.8
7.346340667,22.8
7.350507667,22.8
7.354674667,22.8
7.358841667,22.8
7.363008667,22.8
7.367175667,22.8
7.371342667,22.8
7.375509667,22.8
7.379676667,22.8
7.383843667,22.8
7.388010667,22.8
7.392177667,22.8
7.396344667,22.8
7.400511667,22.8
7.404678667,22.8
7.408845667,22.8
7.413012667,22.8
7.417179667,22.8
7.421346667,22.8
7.425513667,22.8
7.429680667,22.8
7.433847667,22.8
7.438014667,22.8
7.442181667,22.8
7.446348667,22.8
7.450515667,22.8
7.454682667,22.8
7.458849667,22.8
7.463016667,22.8
7.467183667,22.8
7.471350667,22.8
7.475517667,22.8
7.479684667,22.8
7.483851667,22.8
7.488018667,22.8
7.492185667,22.8
7.496352667,22.8
7.500519667,22.8
7.504686667,22.8
7.508853667,22.8
7.513020667,22.8
7.517187667,22.8
7.521354667,22.8
7.525521667,22.8
7.529688667,22.8
7.533855667,22.8
7.538022667,22.8
7.542189667,22.8
7.546356667,22.8
7.550523667,22.8
7.554690667,22.8
7.558857667,22.8
7.563024667,22.8
7.567191667,22.8
7.571358667,22.8
7.575525667,22.8
7.579692667,22.8
7.583859667,22.8
7.588026667,22.8
7.592193667,22.8
7.596360667,22.8
7.600527667,22.8
7.604694667,22.8
7.608861667,22.8
7.613028667,22.8
7.617195667,22.8
7.621362667,22.8
7.625529667,22.8
7.629696667,22.8
7.633863667,22.8
7.638030667,22.8
7.642197667,22.8
7.646364667,22.8
7.650531667,22.8
7.654698667,22.8
7.658865667,22.8
7.663032667,22.8
7.667199667,22.8
7.671366667,22.8
7.675533667,22.8
7.679700667,22.8
7.683867667,22.8
7.688034667,22.8
7.692201667,22.8
7.696368667,22.8
7.700535667,22.8
7.704702667,22.8
7.708869667,22.8
7.713036667,22.8
7.717203667,22.8
7.721370667,22.8
7.725537667,22.8
7.729704667,22.8
7.733871667,22.8
7.738038667,22.8
7.742205667,22.8
7.746372667,22.8
7.750539667,22.8
7.754706667,22.8
7.758873667,22.8
7.763040667,22.8
7.767207667,22.8
7.771374667,22.8
7.775541667,22.8
7.779708667,22.8
7.783875667,22.8
7.788042667,22.8
7.792209667,22.8
7.796376667,22.8
7.800543667,22.8
7.804710667,22.8
7.808877667,22.8
7.813044667,22.8
7.817211667,22.8
7.821378667,22.8
7.825545667,22.8
7.829712667,22.8
7.833879667,22.8
7.838046667,22.8
7.842213667,22.8
7.846380667,22.8
7.850547667,22.8
7.854714667,22.8
7.858881667,22.8
7.863048667,22.8
7.867215667,22.8
7.871382667,22.8
7.875549667,22.8
7.879716667,22.8
7.883883667,22.8
7.888050667,22.8
7.892217667,22.8
7.896384667,22.8
7.900551667,22.8
7.904718667,22.8
7.908885667,22.8
7.913052667,22.8
7.917219667,22.8
7.921386667,22.8
7.925553667,22.8
7.929720667,22.8
7.933887667,22.8
7.938054667,22.8
7.942221667,22.8
7.946388667,22.8
7.950555667,22.8
7.954722667,22.8
7.958889667,22.8
7.963056667,22.8
7.967223667,22.8
7.971390667,22.8
7.975557667,22.8
7.979724667,22.8
7.983891667,22.8
7.988058667,22.8
7.992225667,22.8
7.996392667,22.8
8.000559667,22.8
8.004726667,22.8
8.008893667,22.8
8.013060667,22.8
8.017227667,22.8
8.021394667,22.8
8.025561667,22.8
8.029728667,22.8
8.033895667,22.8
8.038062667,22.8
8.042229667,22.8
8.046396667,22.8
8.050563667,22.8
8.054730667,22.8
8.058897667,22.8
8.063064667,22.8
8.067231667,22.8
8.071398667,22.8
8.075565667,22.8
8.079732667,22.8
8.083899667,22.8
8.088066667,22.8
8.092233667,22.8
8.096400667,22.8
8.100567667,22.8
8.104734667,22.8
8.108901667,22.8
8.113068667,22.8
8.117235667,22.8
8.121402667,22.8
8.125569667,22.8
8.129736667,22.8
8.133903667,22.8
8.138070667,22.8
8.142237667,22.8
8.146404667,22.8
8.150571667,22.8
8.154738667,22.8
8.158905667,22.8
8.163072667,22.8
8.167239667,22.8
8.171406667,22.8
8.175573667,22.8
8.179740667,22.8
8.183907667,22.8
8.188074667,22.8
8.192241667,22.8
8.196408667,22.8
8.200575667,22.8
8.204742667,22.8
8.208909667,22.8
8.213076667,22.8
8.217243667,22.8
8.221410667,22.8
8.225577667,22.8
8.229744667,22.8
8.233911667,22.8
8.238078667,22.8
8.242245667,22.8
8.246412667,22.8
8.250579667,22.8
8.254746667,22.8
8.258913667,22.8
8.263080667,22.8
8.267247667,22.8
8.271414667,22.8
8.275581667,22.8
8.279748667,22.8
8.283915667,22.8
8.288082667,22.8
8.292249667,22.8
8.296416667,22.8
8.300583667,22.8
8.304750667,22.8
8.308917667,22.8
8.313084667,22.8
8.317251667,22.8
8.321418667,22.8
8.325585667,22.8
8.329752667,22.8
8.333919667,22.8
8.338086667,22.8
8.342253667,22.8
8.346420667,22.8
8.350587667,22.8
8.354754667,22.8
8.358921667,22.8
8.363088667,22.8
8.367255667,22.8
8.371422667,22.8
8.375589667,22.8
8.379756667,22.8
8.383923667,22.8
8.388090667,22.8
8.392257667,22.8
8.396424667,22.8
8.400591667,22.8
8.404758667,22.8
8.408925667,22.8
8.413092667,22.8
8.417259667,22.8
8.421426667,22.8
8.425593667,22.8
8.429760667,22.8
8.433927667,22.8
8.438094667,22.8
8.442261667,22.8
8.446428667,22.8
8.450595667,22.8
8.454762667,22.8
8.458929667,22.8
8.463096667,22.8
8.467263667,22.8
8.471430667,22.8
8.475597667,22.8
8.479764667,22.8
8.483931667,22.8
8.488098667,22.8
8.492265667,22.8
8.496432667,22.8
8.500599667,22.8
8.504766667,22.8
8.508933667,22.8
8.513100667,22.8
8.517267667,22.8
8.521434667,22.8
8.525601667,22.8
8.529768667,22.8
8.533935667,22.8
8.538102667,22.8
8.542269667,22.8
8.546436667,22.8
8.550603667,22.8
8.554770667,22.8
8.558937667,22.8
8.563104667,22.8
8.567271667,22.8
8.571438667,22.8
8.575605667,22.8
8.579772667,22.8
8.583939667,22.8
8.588106667,22.8
8.592273667,22.8
8.596440667,22.8
8.600607667,22.8
8.604774667,22.8
8.608941667,22.8
8.613108667,22.8
8.617275667,22.8
8.621442667,22.8
8.625609667,22.8
8.629776667,22.8
8.633943667,22.8
8.638110667,22.8
8.642277667,22.8
8.646444667,22.8
8.650611667,22.8
8.654778667,22.8
8.658945667,22.8
8.663112667,22.8
8.667279667,22.8
8.671446667,22.8
8.675613667,22.8
8.679780667,22.8
8.683947667,22.8
8.688114667,22.8
8.692281667,22.8
8.696448667,22.8
8.700615667,22.8
8.704782667,22.8
8.708949667,22.8
8.713116667,22.8
8.717283667,22.8
8.721450667,22.8
8.725617667,22.8
8.729784667,22.8
8.733951667,22.8
8.738118667,22.8
8.742285667,22.8
8.746452667,22.8
8.750619667,22.8
8.754786667,22.8
8.758953667,22.8
8.763120667,22.8
8.767287667,22.8
8.771454667,22.8
8.775621667,22.8
8.779788667,22.8
8.783955667,22.8
8.788122667,22.8
8.792289667,22.8
8.796456667,22.8
8.800623667,22.8
8.804790667,22.8
8.808957667,22.8
8.813124667,22.8
8.817291667,22.8
8.821458667,22.8
8.825625667,22.8
8.829792667,22.8
8.833959667,22.8
8.838126667,22.8
8.842293667,22.8
8.846460667,22.8
8.850627667,22.8
8.854794667,22.8
8.858961667,22.8
8.863128667,22.8
8.867295667,22.8
8.871462667,22.8
8.875629667,22.8
8.879796667,22.8
8.883963667,22.8
8.888130667,22.8
8.892297667,22.8
8.896464667,22.8
8.900631667,22.8
8.904798667,22.8
8.908965667,22.8
8.913132667,22.8
8.917299667,22.8
8.921466667,22.8
8.925633667,22.8
8.929800667,22.8
8.933967667,22.8
8.938134667,22.8
8.942301667,22.8
8.946468667,22.8
8.950635667,22.8
8.954802667,22.8
8.958969667,22.8
8.963136667,22.8
8.967303667,22.8
8.971470667,22.8
8.975637667,22.8
8.979804667,22.8
8.983971667,22.8
8.988138667,22.8
8.992305667,22.8
8.996472667,22.8
9.000639667,22.8
9.004806667,22.8
9.008973667,22.8
9.013140667,22.8
9.017307667,22.8
9.021474667,22.8
9.025641667,22.8
9.029808667,22.8
9.033975667,22.8
9.038142667,22.8
9.042309667,22.8
9.046476667,22.8
9.050643667,22.8
9.054810667,22.8
9.058977667,22.8
9.063144667,22.8
9.067311667,22.8
9.071478667,22.8
9.075645667,22.8
9.079812667,22.8
9.083979667,22.8
9.088146667,22.8
9.092313667,22.8
9.096480667,22.8
9.100647667,22.8
9.104814667,22.8
9.108981667,22.8
9.113148667,22.8
9.117315667,22.8
9.121482667,22.8
9.125649667,22.8
9.129816667,22.8
9.133983667,22.8
9.138150667,22.8
9.142317667,22.8
9.146484667,22.8
9.150651667,22.8
9.154818667,22.8
9.158985667,22.8
9.163152667,22.8
9.167319667,22.8
9.171486667,22.8
9.175653667,22.8
9.179820667,22.8
9.183987667,22.8
9.188154667,22.8
9.192321667,22.8
9.196488667,22.8
9.200655667,22.8
9.204822667,22.8
9.208989667,22.8
9.213156667,22.8
9.217323667,22.8
9.221490667,22.8
9.225657667,22.8
9.229824667,22.8
9.233991667,22.8
9.238158667,22.8
9.242325667,22.8
9.246492667,22.8
9.250659667,22.8
9.254826667,22.8
9.258993667,22.8
9.263160667,22.8
9.267327667,22.8
9.271494667,22.8
9.275661667,22.8
9.279828667,22.8
9.283995667,22.8
9.288162667,22.8
9.292329667,22.8
9.296496667,22.8
9.300663667,22.8
9.304830667,22.8
9.308997667,22.8
9.313164667,22.8
9.317331667,22.8
9.321498667,22.8
9.325665667,22.8
9.329832667,22.8
9.333999667,22.8
9.338166667,22.8
9.342333667,22.8
9.346500667,22.8
9.350667667,22.8
9.354834667,22.8
9.359001667,22.8
9.363168667,22.8
9.367335667,22.8
9.371502667,22.8
9.375669667,22.8
9.379836667,22.8
9.384003667,22.8
9.388170667,22.8
9.392337667,22.8
9.396504667,22.8
9.400671667,22.8
9.404838667,22.8
9.409005667,22.8
9.413172667,22.8
9.417339667,22.8
9.421506667,22.8
9.425673667,22.8
9.429840667,22.8
9.434007667,22.8
9.438174667,22.8
9.442341667,22.8
9.446508667,22.8
9.450675667,22.8
9.454842667,22.8
9.459009667,22.8
9.463176667,22.8
9.467343667,22.8
9.471510667,22.8
9.475677667,22.8
9.479844667,22.8
9.484011667,22.8
9.488178667,22.8
9.492345667,22.8
9.496512667,22.8
9.500679667,22.8
9.504846667,22.8
9.509013667,22.8
9.513180667,22.8
9.517347667,22.8
9.521514667,22.8
9.525681667,22.8
9.529848667,22.8
9.534015667,22.8
9.538182667,22.8
9.542349667,22.8
9.546516667,22.8
9.550683667,22.8
9.554850667,22.8
9.559017667,22.8
9.563184667,22.8
9.567351667,22.8
9.571518667,22.8
9.575685667,22.8
9.579852667,22.8
9.584019667,22.8
9.588186667,22.8
9.592353667,22.8
9.596520667,22.8
9.600687667,22.8
9.604854667,22.8
9.609021667,22.8
9.613188667,22.8
9.617355667,22.8
9.621522667,22.8
9.625689667,22.8
9.629856667,22.8
9.634023667,22.8
9.638190667,22.8
9.642357667,22.8
9.646524667,22.8
9.650691667,22.8
9.654858667,22.8
9.659025667,22.8
9.663192667,22.8
9.667359667,22.8
9.671526667,22.8
9.675693667,22.8
9.679860667,22.8
9.684027667,22.8
9.688194667,22.8
9.692361667,22.8
9.696528667,22.8
9.700695667,22.8
9.704862667,22.8
9.709029667,22.8
9.713196667,22.8
9.717363667,22.8
9.721530667,22.8
9.725697667,22.8
9.729864667,22.8
9.734031667,22.8
9.738198667,22.8
9.742365667,22.8
9.746532667,22.8
9.750699667,22.8
9.754866667,22.8
9.759033667,22.8
9.763200667,22.8
9.767367667,22.8
9.771534667,22.8
9.775701667,22.8
9.779868667,22.8
9.784035667,22.8
9.788202667,22.8
9.792369667,22.8
9.796536667,22.8
9.800703667,22.8
9.804870667,22.8
9.809037667,22.8
9.813204667,22.8
9.817371667,22.8
9.821538667,22.8
9.825705667,22.8
9.829872667,22.8
9.834039667,22.8
9.838206667,22.8
9.842373667,22.8
9.846540667,22.8
9.850707667,22.8
9.854874667,22.8
9.859041667,22.8
9.863208667,22.8
9.867375667,22.8
9.871542667,22.8
9.875709667,22.8
9.879876667,22.8
9.884043667,22.8
9.888210667,22.8
9.892377667,22.8
9.896544667,22.8
9.900711667,22.8
9.904878667,22.8
9.909045667,22.8
9.913212667,22.8
9.917379667,22.8
9.921546667,22.8
9.925713667,22.8
9.929880667,22.8
9.934047667,22.8
9.938214667,22.8
9.942381667,22.8
9.946548667,22.8
9.950715667,22.8
9.954882667,22.8
9.959049667,22.8
9.963216667,22.8
9.967383667,22.8
9.971550667,22.8
9.975717667,22.8
9.979884667,22.8
9.984051667,22.8
9.988218667,22.8
9.992385667,22.8
9.996552667,22.8
10.00071967,22.8
10.00488667,22.8
10.00905367,22.8
10.01322067,22.8
10.01738767,22.8
10.02155467,22.8
10.02572167,22.8
10.02988867,22.8
10.03405567,22.8
10.03822267,22.8
10.04238967,22.8
10.04655667,22.8
10.05072367,22.8
10.05489067,22.8
10.05905767,22.8
10.06322467,22.8
10.06739167,22.8
10.07155867,22.8
10.07572567,22.8
10.07989267,22.8
10.08405967,22.8
10.08822667,22.8
10.09239367,22.8
10.09656067,22.8
10.10072767,22.8
10.10489467,22.8
10.10906167,22.8
10.11322867,22.8
10.11739567,22.8
10.12156267,22.8
10.12572967,22.8
10.12989667,22.8
10.13406367,22.8
10.13823067,22.8
10.14239767,22.8
10.14656467,22.8
10.15073167,22.8
10.15489867,22.8
10.15906567,22.8
10.16323267,22.8
10.16739967,22.8
10.17156667,22.8
10.17573367,22.8
10.17990067,22.8
10.18406767,22.8
10.18823467,22.8
10.19240167,22.8
10.19656867,22.8
10.20073567,22.8
10.20490267,22.8
10.20906967,22.8
10.21323667,22.8
10.21740367,22.8
10.22157067,22.8
10.22573767,22.8
10.22990467,22.8
10.23407167,22.8
10.23823867,22.8
10.24240567,22.8
10.24657267,22.8
10.25073967,22.8
10.25490667,22.8
10.25907367,22.8
10.26324067,22.8
10.26740767,22.8
10.27157467,22.8
10.27574167,22.8
10.27990867,22.8
10.28407567,22.8
10.28824267,22.8
10.29240967,22.8
10.29657667,22.8
10.30074367,22.8
10.30491067,22.8
10.30907767,22.8
10.31324467,22.8
10.31741167,22.8
10.32157867,22.8
10.32574567,22.8
10.32991267,22.8
10.33407967,22.8
10.33824667,22.8
10.34241367,22.8
10.34658067,22.8
10.35074767,22.8
10.35491467,22.8
10.35908167,22.8
10.36324867,22.8
10.36741567,22.8
10.37158267,22.8
10.37574967,22.8
10.37991667,22.8
10.38408367,22.8
10.38825067,22.8
10.39241767,22.8
10.39658467,22.8
10.40075167,22.8
10.40491867,22.8
10.40908567,22.8
10.41325267,22.8
10.41741967,22.8
10.42158667,22.8
10.42575367,22.8
10.42992067,22.8
10.43408767,22.8
10.43825467,22.8
10.44242167,22.8
10.44658867,22.8
10.45075567,22.8
10.45492267,22.8
10.45908967,22.8
10.46325667,22.8
10.46742367,22.8
10.47159067,22.8
10.47575767,22.8
10.47992467,22.8
10.48409167,22.8
10.48825867,22.8
10.49242567,22.8
10.49659267,22.8
10.50075967,22.8
10.50492667,22.8
10.50909367,22.8
10.51326067,22.8
10.51742767,22.8
10.52159467,22.8
10.52576167,22.8
10.52992867,22.8
10.53409567,22.8
10.53826267,22.8
10.54242967,22.8
10.54659667,22.8
10.55076367,22.8
10.55493067,22.8
10.55909767,22.8
10.56326467,22.8
10.56743167,22.8
10.57159867,22.8
10.57576567,22.8
10.57993267,22.8
10.58409967,22.8
10.58826667,22.8
10.59243367,22.8
10.59660067,22.8
10.60076767,22.8
10.60493467,22.8
10.60910167,22.8
10.61326867,22.8
10.61743567,22.8
10.62160267,22.8
10.62576967,22.8
10.62993667,22.8
10.63410367,22.8
10.63827067,22.8
10.64243767,22.8
10.64660467,22.8
10.65077167,22.8
10.65493867,22.8
10.65910567,22.8
10.66327267,22.8
10.66743967,22.8
10.67160667,22.8
10.67577367,22.8
10.67994067,22.8
10.68410767,22.8
10.68827467,22.8
10.69244167,22.8
10.69660867,22.8
10.70077567,22.8
10.70494267,22.8
10.70910967,22.8
10.71327667,22.8
10.71744367,22.8
10.72161067,22.8
10.72577767,22.8
10.72994467,22.8
10.73411167,22.8
10.73827867,22.8
10.74244567,22.8
10.74661267,22.8
10.75077967,22.8
10.75494667,22.8
10.75911367,22.8
10.76328067,22.8
10.76744767,22.8
10.77161467,22.8
10.77578167,22.8
10.77994867,22.8
10.78411567,22.8
10.78828267,22.8
10.79244967,22.8
10.79661667,22.8
10.80078367,22.8
10.80495067,22.8
10.80911767,22.8
10.81328467,22.8
10.81745167,22.8
10.82161867,22.8
10.82578567,22.8
10.82995267,22.8
10.83411967,22.8
10.83828667,22.8
10.84245367,22.8
10.84662067,22.8
10.85078767,22.8
10.85495467,22.8
10.85912167,22.8
10.86328867,22.8
10.86745567,22.8
10.87162267,22.8
10.87578967,22.8
10.87995667,22.8
10.88412367,22.8
10.88829067,22.8
10.89245767,22.8
10.89662467,22.8
10.90079167,22.8
10.90495867,22.8
10.90912567,22.8
10.91329267,22.8
10.91745967,22.8
10.92162667,22.8
10.92579367,22.8
10.92996067,22.8
10.93412767,22.8
10.93829467,22.8
10.94246167,22.8
10.94662867,22.8
10.95079567,22.8
10.95496267,22.8
10.95912967,22.8
10.96329667,22.8
10.96746367,22.8
10.97163067,22.8
10.97579767,22.8
10.97996467,22.8
10.98413167,22.8
10.98829867,22.8
10.99246567,22.8
10.99663267,22.8
11.00079967,22.8
11.00496667,22.8
11.00913367,22.8
11.01330067,22.8
11.01746767,22.8
11.02163467,22.8
11.02580167,22.8
11.02996867,22.8
11.03413567,22.8
11.03830267,22.8
11.04246967,22.8
11.04663667,22.8
11.05080367,22.8
11.05497067,22.8
11.05913767,22.8
11.06330467,22.8
11.06747167,22.8
11.07163867,22.8
11.07580567,22.8
11.07997267,22.8
11.08413967,22.8
11.08830667,22.8
11.09247367,22.8
11.09664067,22.8
11.10080767,22.8
11.10497467,22.8
11.10914167,22.8
11.11330867,22.8
11.11747567,22.8
11.12164267,22.8
11.12580967,22.8
11.12997667,22.8
11.13414367,22.8
11.13831067,22.8
11.14247767,22.8
11.14664467,22.8
11.15081167,22.8
11.15497867,22.8
11.15914567,22.8
11.16331267,22.8
11.16747967,22.8
11.17164667,22.8
11.17581367,22.8
11.17998067,22.8
11.18414767,22.8
11.18831467,22.8
11.19248167,22.8
11.19664867,22.8
11.20081567,22.8
11.20498267,22.8
11.20914967,22.8
11.21331667,22.8
11.21748367,22.8
11.22165067,22.8
11.22581767,22.8
11.22998467,22.8
11.23415167,22.8
11.23831867,22.8
11.24248567,22.8
11.24665267,22.8
11.25081967,22.8
11.25498667,22.8
11.25915367,22.8
11.26332067,22.8
11.26748767,22.8
11.27165467,22.8
11.27582167,22.8
11.27998867,22.8
11.28415567,22.8
11.28832267,22.8
11.29248967,22.8
11.29665667,22.8
11.30082367,22.8
11.30499067,22.8
11.30915767,22.8
11.31332467,22.8
11.31749167,22.8
11.32165867,22.8
11.32582567,22.8
11.32999267,22.8
11.33415967,22.8
11.33832667,22.8
11.34249367,22.8
11.34666067,22.8
11.35082767,22.8
11.35499467,22.8
11.35916167,22.8
11.36332867,22.8
11.36749567,22.8
11.37166267,22.8
11.37582967,22.8
11.37999667,22.8
11.38416367,22.8
11.38833067,22.8
11.39249767,22.8
11.39666467,22.8
11.40083167,22.8
11.40499867,22.8
11.40916567,22.8
11.41333267,22.8
11.41749967,22.8
11.42166667,22.8
11.42583367,22.8
11.43000067,22.8
11.43416767,22.8
11.43833467,22.8
11.44250167,22.8
11.44666867,22.8
11.45083567,22.8
11.45500267,22.8
11.45916967,22.8
11.46333667,22.8
11.46750367,22.8
11.47167067,22.8
11.47583767,22.8
11.48000467,22.8
11.48417167,22.8
11.48833867,22.8
11.49250567,22.8
11.49667267,22.8
11.50083967,22.8
11.50500667,22.8
11.50917367,22.8
11.51334067,22.8
11.51750767,22.8
11.52167467,22.8
11.52584167,22.8
11.53000867,22.8
11.53417567,22.8
11.53834267,22.8
11.54250967,22.8
11.54667667,22.8
11.55084367,22.8
11.55501067,22.8
11.55917767,22.8
11.56334467,22.8
11.56751167,22.8
11.57167867,22.8
11.57584567,22.8
11.58001267,22.8
11.58417967,22.8
11.58834667,22.8
11.59251367,22.8
11.59668067,22.8
11.60084767,22.8
11.60501467,22.8
11.60918167,22.8
11.61334867,22.8
11.61751567,22.8
11.62168267,22.8
11.62584967,22.8
11.63001667,22.8
11.63418367,22.8
11.63835067,22.8
11.64251767,22.8
11.64668467,22.8
11.65085167,22.8
11.65501867,22.8
11.65918567,22.8
11.66335267,22.8
11.66751967,22.8
11.67168667,22.8
11.67585367,22.8
11.68002067,22.8
11.68418767,22.8
11.68835467,22.8
11.69252167,22.8
11.69668867,22.8
11.70085567,22.8
11.70502267,22.8
11.70918967,22.8
11.71335667,22.8
11.71752367,22.8
11.72169067,22.8
11.72585767,22.8
11.73002467,22.8
11.73419167,22.8
11.73835867,22.8
11.74252567,22.8
11.74669267,22.8
11.75085967,22.8
11.75502667,22.8
11.75919367,22.8
11.76336067,22.8
11.76752767,22.8
11.77169467,22.8
11.77586167,22.8
11.78002867,22.8
11.78419567,22.8
11.78836267,22.8
11.79252967,22.8
11.79669667,22.8
11.80086367,22.8
11.80503067,22.8
11.80919767,22.8
11.81336467,22.8
11.81753167,22.8
11.82169867,22.8
11.82586567,22.8
11.83003267,22.8
11.83419967,22.8
11.83836667,22.8
11.84253367,22.8
11.84670067,22.8
11.85086767,22.8
11.85503467,22.8
11.85920167,22.8
11.86336867,22.8
11.86753567,22.8
11.87170267,22.8
11.87586967,22.8
11.88003667,22.8
11.88420367,22.8
11.88837067,22.8
11.89253767,22.8
11.89670467,22.8
11.90087167,22.8
11.90503867,22.8
11.90920567,22.8
11.91337267,22.8
11.91753967,22.8
11.92170667,22.8
11.92587367,22.8
11.93004067,22.8
11.93420767,22.8
11.93837467,22.8
11.94254167,22.8
11.94670867,22.8
11.95087567,22.8
11.95504267,22.8
11.95920967,22.8
11.96337667,22.8
11.96754367,22.8
11.97171067,22.8
11.97587767,22.8
11.98004467,22.8
11.98421167,22.8
11.98837867,22.8
11.99254567,22.8
11.99671267,22.8
12.00087967,22.8
12.00504667,22.8
12.00921367,22.8
12.01338067,22.8
12.01754767,22.8
12.02171467,22.8
12.02588167,22.8
12.03004867,22.8
12.03421567,22.8
12.03838267,22.8
12.04254967,22.8
12.04671667,22.8
12.05088367,22.8
12.05505067,22.8
12.05921767,22.8
12.06338467,22.8
12.06755167,22.8
12.07171867,22.8
12.07588567,22.8
12.08005267,22.8
12.08421967,22.8
12.08838667,22.8
12.09255367,22.8
12.09672067,22.8
12.10088767,22.8
12.10505467,22.8
12.10922167,22.8
12.11338867,22.8
12.11755567,22.8
12.12172267,22.8
12.12588967,22.8
12.13005667,22.8
12.13422367,22.8
12.13839067,22.8
12.14255767,22.8
12.14672467,22.8
12.15089167,22.8
12.15505867,22.8
12.15922567,22.8
12.16339267,22.8
12.16755967,22.8
12.17172667,22.8
12.17589367,22.8
12.18006067,22.8
12.18422767,22.8
12.18839467,22.8
12.19256167,22.8
12.19672867,22.8
12.20089567,22.8
12.20506267,22.8
12.20922967,22.8
12.21339667,22.8
12.21756367,22.8
12.22173067,22.8
12.22589767,22.8
12.23006467,22.8
12.23423167,22.8
12.23839867,22.8
12.24256567,22.8
12.24673267,22.8
12.25089967,22.8
12.25506667,22.8
12.25923367,22.8
12.26340067,22.8
12.26756767,22.8
12.27173467,22.8
12.27590167,22.8
12.28006867,22.8
12.28423567,22.8
12.28840267,22.8
12.29256967,22.8
12.29673667,22.8
12.30090367,22.8
12.30507067,22.8
12.30923767,22.8
12.31340467,22.8
12.31757167,22.8
12.32173867,22.8
12.32590567,22.8
12.33007267,22.8
12.33423967,22.8
12.33840667,22.8
12.34257367,22.8
12.34674067,22.8
12.35090767,22.8
12.35507467,22.8
12.35924167,22.8
12.36340867,22.8
12.36757567,22.8
12.37174267,22.8
12.37590967,22.8
12.38007667,22.8
12.38424367,22.8
12.38841067,22.8
12.39257767,22.8
12.39674467,22.8
12.40091167,22.8
12.40507867,22.8
12.40924567,22.8
12.41341267,22.8
12.41757967,22.8
12.42174667,22.8
12.42591367,22.8
12.43008067,22.8
12.43424767,22.8
12.43841467,22.8
12.44258167,22.8
12.44674867,22.8
12.45091567,22.8
12.45508267,22.8
12.45924967,22.8
12.46341667,22.8
12.46758367,22.8
12.47175067,22.8
12.47591767,22.8
12.48008467,22.8
12.48425167,22.8
12.48841867,22.8
12.49258567,22.8
12.49675267,22.8
12.50091967,22.8
12.50508667,22.8
12.50925367,22.8
12.51342067,22.8
12.51758767,22.8
12.52175467,22.8
12.52592167,22.8
12.53008867,22.8
12.53425567,22.8
12.53842267,22.8
12.54258967,22.8
12.54675667,22.8
12.55092367,22.8
12.55509067,22.8
12.55925767,22.8
12.56342467,22.8
12.56759167,22.8
12.57175867,22.8
12.57592567,22.8
12.58009267,22.8
12.58425967,22.8
12.58842667,22.8
12.59259367,22.8
12.59676067,22.8
12.60092767,22.8
12.60509467,22.8
12.60926167,22.8
12.61342867,22.8
12.61759567,22.8
12.62176267,22.8
12.62592967,22.8
12.63009667,22.8
12.63426367,22.8
12.63843067,22.8
12.64259767,22.8
12.64676467,22.8
12.65093167,22.8
12.65509867,22.8
12.65926567,22.8
12.66343267,22.8
12.66759967,22.8
12.67176667,22.8
12.67593367,22.8
12.68010067,22.8
12.68426767,22.8
12.68843467,22.8
12.69260167,22.8
12.69676867,22.8
12.70093567,22.8
12.70510267,22.8
12.70926967,22.8
12.71343667,22.8
12.71760367,22.8
12.72177067,22.8
12.72593767,22.8
12.73010467,22.8
12.73427167,22.8
12.73843867,22.8
12.74260567,22.8
12.74677267,22.8
12.75093967,22.8
12.75510667,22.8
12.75927367,22.8
12.76344067,22.8
12.76760767,22.8
12.77177467,22.8
12.77594167,22.8
12.78010867,22.8
12.78427567,22.8
12.78844267,22.8
12.79260967,22.8
12.79677667,22.8
12.80094367,22.8
12.80511067,22.8
12.80927767,22.8
12.81344467,22.8
12.81761167,22.8
12.82177867,22.8
12.82594567,22.8
12.83011267,22.8
12.83427967,22.8
12.83844667,22.8
12.84261367,22.8
12.84678067,22.8
12.85094767,22.8
12.85511467,22.8
12.85928167,22.8
12.86344867,22.8
12.86761567,22.8
12.87178267,22.8
12.87594967,22.8
12.88011667,22.8
12.88428367,22.8
12.88845067,22.8
12.89261767,22.8
12.89678467,22.8
12.90095167,22.8
12.90511867,22.8
12.90928567,22.8
12.91345267,22.8
12.91761967,22.8
12.92178667,22.8
12.92595367,22.8
12.93012067,22.8
12.93428767,22.8
12.93845467,22.8
12.94262167,22.8
12.94678867,22.8
12.95095567,22.8
12.95512267,22.8
12.95928967,22.8
12.96345667,22.8
12.96762367,22.8
12.97179067,22.8
12.97595767,22.8
12.98012467,22.8
12.98429167,22.8
12.98845867,22.8
12.99262567,22.8
12.99679267,22.8
13.00095967,22.8
13.00512667,22.8
13.00929367,22.8
13.01346067,22.8
13.01762767,22.8
13.02179467,22.8
13.02596167,22.8
13.03012867,22.8
13.03429567,22.8
13.03846267,22.8
13.04262967,22.8
13.04679667,22.8
13.05096367,22.8
13.05513067,22.8
13.05929767,22.8
13.06346467,22.8
13.06763167,22.8
13.07179867,22.8
13.07596567,22.8
13.08013267,22.8
13.08429967,22.8
13.08846667,22.8
13.09263367,22.8
13.09680067,22.8
13.10096767,22.8
13.10513467,22.8
13.10930167,22.8
13.11346867,22.8
13.11763567,22.8
13.12180267,22.8
13.12596967,22.8
13.13013667,22.8
13.13430367,22.8
13.13847067,22.8
13.14263767,22.8
13.14680467,22.8
13.15097167,22.8
13.15513867,22.8
13.15930567,22.8
13.16347267,22.8
13.16763967,22.8
13.17180667,22.8
13.17597367,22.8
13.18014067,22.8
13.18430767,22.8
13.18847467,22.8
13.19264167,22.8
13.19680867,22.8
13.20097567,22.8
13.20514267,22.8
13.20930967,22.8
13.21347667,22.8
13.21764367,22.8
13.22181067,22.8
13.22597767,22.8
13.23014467,22.8
13.23431167,22.8
13.23847867,22.8
13.24264567,22.8
13.24681267,22.8
13.25097967,22.8
13.25514667,22.8
13.25931367,22.8
13.26348067,22.8
13.26764767,22.8
13.27181467,22.8
13.27598167,22.8
13.28014867,22.8
13.28431567,22.8
13.28848267,22.8
13.29264967,22.8
13.29681667,22.8
13.30098367,22.8
13.30515067,22.8
13.30931767,22.8
13.31348467,22.8
13.31765167,22.8
13.32181867,22.8
13.32598567,22.8
13.33015267,22.8
13.33431967,22.8
13.33848667,22.8
13.34265367,22.8
13.34682067,22.8
13.35098767,22.8
13.35515467,22.8
13.35932167,22.8
13.36348867,22.8
13.36765567,22.8
13.37182267,22.8
13.37598967,22.8
13.38015667,22.8
13.38432367,22.8
13.38849067,22.8
13.39265767,22.8
13.39682467,22.8
13.40099167,22.8
13.40515867,22.8
13.40932567,22.8
13.41349267,22.8
13.41765967,22.8
13.42182667,22.8
13.42599367,22.8
13.43016067,22.8
13.43432767,22.8
13.43849467,22.8
13.44266167,22.8
13.44682867,22.8
13.45099567,22.8
13.45516267,22.8
13.45932967,22.8
13.46349667,22.8
13.46766367,22.8
13.47183067,22.8
13.47599767,22.8
13.48016467,22.8
13.48433167,22.8
13.48849867,22.8
13.49266567,22.8
13.49683267,22.8
13.50099967,22.8
13.50516667,22.8
13.50933367,22.8
13.51350067,22.8
13.51766767,22.8
13.52183467,22.8
13.52600167,22.8
13.53016867,22.8
13.53433567,22.8
13.53850267,22.8
13.54266967,22.8
13.54683667,22.8
13.55100367,22.8
13.55517067,22.8
13.55933767,22.8
13.56350467,22.8
13.56767167,22.8
13.57183867,22.8
13.57600567,22.8
13.58017267,22.8
13.58433967,22.8
13.58850667,22.8
13.59267367,22.8
13.59684067,22.8
13.60100767,22.8
13.60517467,22.8
13.60934167,22.8
13.61350867,22.8
13.61767567,22.8
13.62184267,22.8
13.62600967,22.8
13.63017667,22.8
13.63434367,22.8
13.63851067,22.8
13.64267767,22.8
13.64684467,22.8
13.65101167,22.8
13.65517867,22.8
13.65934567,22.8
13.66351267,22.8
13.66767967,22.8
13.67184667,22.8
13.67601367,22.8
13.68018067,22.8
13.68434767,22.8
13.68851467,22.8
13.69268167,22.8
13.69684867,22.8
13.70101567,22.8
13.70518267,22.8
13.70934967,22.8
13.71351667,22.8
13.71768367,22.8
13.72185067,22.8
13.72601767,22.8
13.73018467,22.8
13.73435167,22.8
13.73851867,22.8
13.74268567,22.8
13.74685267,22.8
13.75101967,22.8
13.75518667,22.8
13.75935367,22.8
13.76352067,22.8
13.76768767,22.8
13.77185467,22.8
13.77602167,22.8
13.78018867,22.8
13.78435567,22.8
13.78852267,22.8
13.79268967,22.8
13.79685667,22.8
13.80102367,22.8
13.80519067,22.8
13.80935767,22.8
13.81352467,22.8
13.81769167,22.8
13.82185867,22.8
13.82602567,22.8
13.83019267,22.8
13.83435967,22.8
13.83852667,22.8
13.84269367,22.8
13.84686067,22.8
13.85102767,22.8
13.85519467,22.8
13.85936167,22.8
13.86352867,22.8
13.86769567,22.8
13.87186267,22.8
13.87602967,22.8
13.88019667,22.8
13.88436367,22.8
13.88853067,22.8
13.89269767,22.8
13.89686467,22.8
13.90103167,22.8
13.90519867,22.8
13.90936567,22.8
13.91353267,22.8
13.91769967,22.8
13.92186667,22.8
13.92603367,22.8
13.93020067,22.8
13.93436767,22.8
13.93853467,22.8
13.94270167,22.8
13.94686867,22.8
13.95103567,22.8
13.95520267,22.8
13.95936967,22.8
13.96353667,22.8
13.96770367,22.8
13.97187067,22.8
13.97603767,22.8
13.98020467,22.8
13.98437167,22.8
13.98853867,22.8
13.99270567,22.8
13.99687267,22.8
14.00103967,22.8
14.00520667,22.8
14.00937367,22.8
14.01354067,22.8
14.01770767,22.8
14.02187467,22.8
14.02604167,22.8
14.03020867,22.8
14.03437567,22.8
14.03854267,22.8
14.04270967,22.8
14.04687667,22.8
14.05104367,22.8
14.05521067,22.8
14.05937767,22.8
14.06354467,22.8
14.06771167,22.8
14.07187867,22.8
14.07604567,22.8
14.08021267,22.8
14.08437967,22.8
14.08854667,22.8
14.09271367,22.8
14.09688067,22.8
14.10104767,22.8
14.10521467,22.8
14.10938167,22.8
14.11354867,22.8
14.11771567,22.8
14.12188267,22.8
14.12604967,22.8
14.13021667,22.8
14.13438367,22.8
14.13855067,22.8
14.14271767,22.8
14.14688467,22.8
14.15105167,22.8
14.15521867,22.8
14.15938567,22.8
14.16355267,22.8
14.16771967,22.8
14.17188667,22.8
14.17605367,22.8
14.18022067,22.8
14.18438767,22.8
14.18855467,22.8
14.19272167,22.8
14.19688867,22.8
14.20105567,22.8
14.20522267,22.8
14.20938967,22.8
14.21355667,22.8
14.21772367,22.8
14.22189067,22.8
14.22605767,22.8
14.23022467,22.8
14.23439167,22.8
14.23855867,22.8
14.24272567,22.8
14.24689267,22.8
14.25105967,22.8
14.25522667,22.8
14.25939367,22.8
14.26356067,22.8
14.26772767,22.8
14.27189467,22.8
14.27606167,22.8
14.28022867,22.8
14.28439567,22.8
14.28856267,22.8
14.29272967,22.8
14.29689667,22.8
14.30106367,22.8
14.30523067,22.8
14.30939767,22.8
14.31356467,22.8
14.31773167,22.8
14.32189867,22.8
14.32606567,22.8
14.33023267,22.8
14.33439967,22.8
14.33856667,22.8
14.34273367,22.8
14.34690067,22.8
14.35106767,22.8
14.35523467,22.8
14.35940167,22.8
14.36356867,22.8
14.36773567,22.8
14.37190267,22.8
14.37606967,22.8
14.38023667,22.8
14.38440367,22.8
14.38857067,22.8
14.39273767,22.8
14.39690467,22.8
14.40107167,22.8
14.40523867,22.8
14.40940567,22.8
14.41357267,22.8
14.41773967,22.8
14.42190667,22.8
14.42607367,22.8
14.43024067,22.8
14.43440767,22.8
14.43857467,22.8
14.44274167,22.8
14.44690867,22.8
14.45107567,22.8
14.45524267,22.8
14.45940967,22.8
14.46357667,22.8
14.46774367,22.8
14.47191067,22.8
14.47607767,22.8
14.48024467,22.8
14.48441167,22.8
14.48857867,22.8
14.49274567,22.8
14.49691267,22.8
14.50107967,22.8
14.50524667,22.8
14.50941367,22.8
14.51358067,22.8
14.51774767,22.8
14.52191467,22.8
14.52608167,22.8
14.53024867,22.8
14.53441567,22.8
14.53858267,22.8
14.54274967,22.8
14.54691667,22.8
14.55108367,22.8
14.55525067,22.8
14.55941767,22.8
14.56358467,22.8
14.56775167,22.8
14.57191867,22.8
14.57608567,22.8
14.58025267,22.8
14.58441967,22.8
14.58858667,22.8
14.59275367,22.8
14.59692067,22.8
14.60108767,22.8
14.60525467,22.8
14.60942167,22.8
14.61358867,22.8
14.61775567,22.8
14.62192267,22.8
14.62608967,22.8
14.63025667,22.8
14.63442367,22.8
14.63859067,22.8
14.64275767,22.8
14.64692467,22.8
14.65109167,22.8
14.65525867,22.8
14.65942567,22.8
14.66359267,22.8
14.66775967,22.8
14.67192667,22.8
14.67609367,22.8
14.68026067,22.8
14.68442767,22.8
14.68859467,22.8
14.69276167,22.8
14.69692867,22.8
14.70109567,22.8
14.70526267,22.8
14.70942967,22.8
14.71359667,22.8
14.71776367,22.8
14.72193067,22.8
14.72609767,22.8
14.73026467,22.8
14.73443167,22.8
14.73859867,22.8
14.74276567,22.8
14.74693267,22.8
14.75109967,22.8
14.75526667,22.8
14.75943367,22.8
14.76360067,22.8
14.76776767,22.8
14.77193467,22.8
14.77610167,22.8
14.78026867,22.8
14.78443567,22.8
14.78860267,22.8
14.79276967,22.8
14.79693667,22.8
14.80110367,22.8
14.80527067,22.8
14.80943767,22.8
14.81360467,22.8
14.81777167,22.8
14.82193867,22.8
14.82610567,22.8
14.83027267,22.8
14.83443967,22.8
14.83860667,22.8
14.84277367,22.8
14.84694067,22.8
14.85110767,22.8
14.85527467,22.8
14.85944167,22.8
14.86360867,22.8
14.86777567,22.8
14.87194267,22.8
14.87610967,22.8
14.88027667,22.8
14.88444367,22.8
14.88861067,22.8
14.89277767,22.8
14.89694467,22.8
14.90111167,22.8
14.90527867,22.8
14.90944567,22.8
14.91361267,22.8
14.91777967,22.8
14.92194667,22.8
14.92611367,22.8
14.93028067,22.8
14.93444767,22.8
14.93861467,22.8
14.94278167,22.8
14.94694867,22.8
14.95111567,22.8
14.95528267,22.8
14.95944967,22.8
14.96361667,22.8
14.96778367,22.8
14.97195067,22.8
14.97611767,22.8
14.98028467,22.8
14.98445167,22.8
14.98861867,22.8
14.99278567,22.8
14.99695267,22.8
15.00111967,22.8
15.00528667,22.8
15.00945367,22.8
15.01362067,22.8
15.01778767,22.8
15.02195467,22.8
15.02612167,22.8
15.03028867,22.8
15.03445567,22.8
15.03862267,22.8
15.04278967,22.8
15.04695667,22.8
15.05112367,22.8
15.05529067,22.8
15.05945767,22.8
15.06362467,22.8
15.06779167,22.8
15.07195867,22.8
15.07612567,22.8
15.08029267,22.8
15.08445967,22.8
15.08862667,22.8
15.09279367,22.8
15.09696067,22.8
15.10112767,22.8
15.10529467,22.8
15.10946167,22.8
15.11362867,22.8
15.11779567,22.8
15.12196267,22.8
15.12612967,22.8
15.13029667,22.8
15.13446367,22.8
15.13863067,22.8
15.14279767,22.8
15.14696467,22.8
15.15113167,22.8
15.15529867,22.8
15.15946567,22.8
15.16363267,22.8
15.16779967,22.8
15.17196667,22.8
15.17613367,22.8
15.18030067,22.8
15.18446767,22.8
15.18863467,22.8
15.19280167,22.8
15.19696867,22.8
15.20113567,22.8
15.20530267,22.8
15.20946967,22.8
15.21363667,22.8
15.21780367,22.8
15.22197067,22.8
15.22613767,22.8
15.23030467,22.8
15.23447167,22.8
15.23863867,22.8
15.24280567,22.8
15.24697267,22.8
15.25113967,22.8
15.25530667,22.8
15.25947367,22.8
15.26364067,22.8
15.26780767,22.8
15.27197467,22.8
15.27614167,22.8
15.28030867,22.8
15.28447567,22.8
15.28864267,22.8
15.29280967,22.8
15.29697667,22.8
15.30114367,22.8
15.30531067,22.8
15.30947767,22.8
15.31364467,22.8
15.31781167,22.8
15.32197867,22.8
15.32614567,22.8
15.33031267,22.8
15.33447967,22.8
15.33864667,22.8
15.34281367,22.8
15.34698067,22.8
15.35114767,22.8
15.35531467,22.8
15.35948167,22.8
15.36364867,22.8
15.36781567,22.8
15.37198267,22.8
15.37614967,22.8
15.38031667,22.8
15.38448367,22.8
15.38865067,22.8
15.39281767,22.8
15.39698467,22.8
15.40115167,22.8
15.40531867,22.8
15.40948567,22.8
15.41365267,22.8
15.41781967,22.8
15.42198667,22.8
15.42615367,22.8
15.43032067,22.8
15.43448767,22.8
15.43865467,22.8
15.44282167,22.8
15.44698867,22.8
15.45115567,22.8
15.45532267,22.8
15.45948967,22.8
15.46365667,22.8
15.46782367,22.8
15.47199067,22.8
15.47615767,22.8
15.48032467,22.8
15.48449167,22.8
15.48865867,22.8
15.49282567,22.8
15.49699267,22.8
15.50115967,22.8
15.50532667,22.8
15.50949367,22.8
15.51366067,22.8
15.51782767,22.8
15.52199467,22.8
15.52616167,22.8
15.53032867,22.8
15.53449567,22.8
15.53866267,22.8
15.54282967,22.8
15.54699667,22.8
15.55116367,22.8
15.55533067,22.8
15.55949767,22.8
15.56366467,22.8
15.56783167,22.8
15.57199867,22.8
15.57616567,22.8
15.58033267,22.8
15.58449967,22.8
15.58866667,22.8
15.59283367,22.8
15.59700067,22.8
15.60116767,22.8
15.60533467,22.8
15.60950167,22.8
15.61366867,22.8
15.61783567,22.8
15.62200267,22.8
15.62616967,22.8
15.63033667,22.8
15.63450367,22.8
15.63867067,22.8
15.64283767,22.8
15.64700467,22.8
15.65117167,22.8
15.65533867,22.8
15.65950567,22.8
15.66367267,22.8
15.66783967,22.8
15.67200667,22.8
15.67617367,22.8
15.68034067,22.8
15.68450767,22.8
15.68867467,22.8
15.69284167,22.8
15.69700867,22.8
15.70117567,22.8
15.70534267,22.8
15.70950967,22.8
15.71367667,22.8
15.71784367,22.8
15.72201067,22.8
15.72617767,22.8
15.73034467,22.8
15.73451167,22.8
15.73867867,22.8
15.74284567,22.8
15.74701267,22.8
15.75117967,22.8
15.75534667,22.8
15.75951367,22.8
15.76368067,22.8
15.76784767,22.8
15.77201467,22.8
15.77618167,22.8
15.78034867,22.8
15.78451567,22.8
15.78868267,22.8
15.79284967,22.8
15.79701667,22.8
15.80118367,22.8
15.80535067,22.8
15.80951767,22.8
15.81368467,22.8
15.81785167,22.8
15.82201867,22.8
15.82618567,22.8
15.83035267,22.8
15.83451967,22.8
15.83868667,22.8
15.84285367,22.8
15.84702067,22.8
15.85118767,22.8
15.85535467,22.8
15.85952167,22.8
15.86368867,22.8
15.86785567,22.8
15.87202267,22.8
15.87618967,22.8
15.88035667,22.8
15.88452367,22.8
15.88869067,22.8
15.89285767,22.8
15.89702467,22.8
15.90119167,22.8
15.90535867,22.8
15.90952567,22.8
15.91369267,22.8
15.91785967,22.8
15.92202667,22.8
15.92619367,22.8
15.93036067,22.8
15.93452767,22.8
15.93869467,22.8
15.94286167,22.8
15.94702867,22.8
15.95119567,22.8
15.95536267,22.8
15.95952967,22.8
15.96369667,22.8
15.96786367,22.8
15.97203067,22.8
15.97619767,22.8
15.98036467,22.8
15.98453167,22.8
15.98869867,22.8
15.99286567,22.8
15.99703267,22.8
16.00119967,22.8
16.00536667,22.8
16.00953367,22.8
16.01370067,22.8
16.01786767,22.8
16.02203467,22.8
16.02620167,22.8
16.03036867,22.8
16.03453567,22.8
16.03870267,22.8
16.04286967,22.8
16.04703667,22.8
16.05120367,22.8
16.05537067,22.8
16.05953767,22.8
16.06370467,22.8
16.06787167,22.8
16.07203867,22.8
16.07620567,22.8
16.08037267,22.8
16.08453967,22.8
16.08870667,22.8
16.09287367,22.8
16.09704067,22.8
16.10120767,22.8
16.10537467,22.8
16.10954167,22.8
16.11370867,22.8
16.11787567,22.8
16.12204267,22.8
16.12620967,22.8
16.13037667,22.8
16.13454367,22.8
16.13871067,22.8
16.14287767,22.8
16.14704467,22.8
16.15121167,22.8
16.15537867,22.8
16.15954567,22.8
16.16371267,22.8
16.16787967,22.8
16.17204667,22.8
16.17621367,22.8
16.18038067,22.8
16.18454767,22.8
16.18871467,22.8
16.19288167,22.8
16.19704867,22.8
16.20121567,22.8
16.20538267,22.8
16.20954967,22.8
16.21371667,22.8
16.21788367,22.8
16.22205067,22.8
16.22621767,22.8
16.23038467,22.8
16.23455167,22.8
16.23871867,22.8
16.24288567,22.8
16.24705267,22.8
16.25121967,22.8
16.25538667,22.8
16.25955367,22.8
16.26372067,22.8
16.26788767,22.8
16.27205467,22.8
16.27622167,22.8
16.28038867,22.8
16.28455567,22.8
16.28872267,22.8
16.29288967,22.8
16.29705667,22.8
16.30122367,22.8
16.30539067,22.8
16.30955767,22.8
16.31372467,22.8
16.31789167,22.8
16.32205867,22.8
16.32622567,22.8
16.33039267,22.8
16.33455967,22.8
16.33872667,22.8
16.34289367,22.8
16.34706067,22.8
16.35122767,22.8
16.35539467,22.8
16.35956167,22.8
16.36372867,22.8
16.36789567,22.8
16.37206267,22.8
16.37622967,22.8
16.38039667,22.8
16.38456367,22.8
16.38873067,22.8
16.39289767,22.8
16.39706467,22.8
16.40123167,22.8
16.40539867,22.8
16.40956567,22.8
16.41373267,22.8
16.41789967,22.8
16.42206667,22.8
16.42623367,22.8
16.43040067,22.8
16.43456767,22.8
16.43873467,22.8
16.44290167,22.8
16.44706867,22.8
16.45123567,22.8
16.45540267,22.8
16.45956967,22.8
16.46373667,22.8
16.46790367,22.8
16.47207067,22.8
16.47623767,22.8
16.48040467,22.8
16.48457167,22.8
16.48873867,22.8
16.49290567,22.8
16.49707267,22.8
16.50123967,22.8
16.50540667,22.8
16.50957367,22.8
16.51374067,22.8
16.51790767,22.8
16.52207467,22.8
16.52624167,22.8
16.53040867,22.8
16.53457567,22.8
16.53874267,22.8
16.54290967,22.8
16.54707667,22.8
16.55124367,22.8
16.55541067,22.8
16.55957767,22.8
16.56374467,22.8
16.56791167,22.8
16.57207867,22.8
16.57624567,22.8
16.58041267,22.8
16.58457967,22.8
16.58874667,22.8
16.59291367,22.8
16.59708067,22.8
16.60124767,22.8
16.60541467,22.8
16.60958167,22.8
16.61374867,22.8
16.61791567,22.8
16.62208267,22.8
16.62624967,22.8
16.63041667,22.8
16.63458367,22.8
16.63875067,22.8
16.64291767,22.8
16.64708467,22.8
16.65125167,22.8
16.65541867,22.8
16.65958567,22.8
16.66375267,22.8
16.66791967,22.8
16.67208667,22.8
16.67625367,22.8
16.68042067,22.8
16.68458767,22.8
16.68875467,22.8
16.69292167,22.8
16.69708867,22.8
16.70125567,22.8
16.70542267,22.8
16.70958967,22.8
16.71375667,22.8
16.71792367,22.8
16.72209067,22.8
16.72625767,22.8
16.73042467,22.8
16.73459167,22.8
16.73875867,22.8
16.74292567,22.8
16.74709267,22.8
16.75125967,22.8
16.75542667,22.8
16.75959367,22.8
16.76376067,22.8
16.76792767,22.8
16.77209467,22.8
16.77626167,22.8
16.78042867,22.8
16.78459567,22.8
16.78876267,22.8
16.79292967,22.8
16.79709667,22.8
16.80126367,22.8
16.80543067,22.8
16.80959767,22.8
16.81376467,22.8
16.81793167,22.8
16.82209867,22.8
16.82626567,22.8
16.83043267,22.8
16.83459967,22.8
16.83876667,22.8
16.84293367,22.8
16.84710067,22.8
16.85126767,22.8
16.85543467,22.8
16.85960167,22.8
16.86376867,22.8
16.86793567,22.8
16.87210267,22.8
16.87626967,22.8
16.88043667,22.8
16.88460367,22.8
16.88877067,22.8
16.89293767,22.8
16.89710467,22.8
16.90127167,22.8
16.90543867,22.8
16.90960567,22.8
16.91377267,22.8
16.91793967,22.8
16.92210667,22.8
16.92627367,22.8
16.93044067,22.8
16.93460767,22.8
16.93877467,22.8
16.94294167,22.8
16.94710867,22.8
16.95127567,22.8
16.95544267,22.8
16.95960967,22.8
16.96377667,22.8
16.96794367,22.8
16.97211067,22.8
16.97627767,22.8
16.98044467,22.8
16.98461167,22.8
16.98877867,22.8
16.99294567,22.8
16.99711267,22.8
17.00127967,22.8
17.00544667,22.8
17.00961367,22.8
17.01378067,22.8
17.01794767,22.8
17.02211467,22.8
17.02628167,22.8
17.03044867,22.8
17.03461567,22.8
17.03878267,22.8
17.04294967,22.8
17.04711667,22.8
17.05128367,22.8
17.05545067,22.8
17.05961767,22.8
17.06378467,22.8
17.06795167,22.8
17.07211867,22.8
17.07628567,22.8
17.08045267,22.8
17.08461967,22.8
17.08878667,22.8
17.09295367,22.8
17.09712067,22.8
17.10128767,22.8
17.10545467,22.8
17.10962167,22.8
17.11378867,22.8
17.11795567,22.8
17.12212267,22.8
17.12628967,22.8
17.13045667,22.8
17.13462367,22.8
17.13879067,22.8
17.14295767,22.8
17.14712467,22.8
17.15129167,22.8
17.15545867,22.8
17.15962567,22.8
17.16379267,22.8
17.16795967,22.8
17.17212667,22.8
17.17629367,22.8
17.18046067,22.8
17.18462767,22.8
17.18879467,22.8
17.19296167,22.8
17.19712867,22.8
17.20129567,22.8
17.20546267,22.8
17.20962967,22.8
17.21379667,22.8
17.21796367,22.8
17.22213067,22.8
17.22629767,22.8
17.23046467,22.8
17.23463167,22.8
17.23879867,22.8
17.24296567,22.8
17.24713267,22.8
17.25129967,22.8
17.25546667,22.8
17.25963367,22.8
17.26380067,22.8
17.26796767,22.8
17.27213467,22.8
17.27630167,22.8
17.28046867,22.8
17.28463567,22.8
17.28880267,22.8
17.29296967,22.8
17.29713667,22.8
17.30130367,22.8
17.30547067,22.8
17.30963767,22.8
17.31380467,22.8
17.31797167,22.8
17.32213867,22.8
17.32630567,22.8
17.33047267,22.8
17.33463967,22.8
17.33880667,22.8
17.34297367,22.8
17.34714067,22.8
17.35130767,22.8
17.35547467,22.8
17.35964167,22.8
17.36380867,22.8
17.36797567,22.8
17.37214267,22.8
17.37630967,22.8
17.38047667,22.8
17.38464367,22.8
17.38881067,22.8
17.39297767,22.8
17.39714467,22.8
17.40131167,22.8
17.40547867,22.8
17.40964567,22.8
17.41381267,22.8
17.41797967,22.8
17.42214667,22.8
17.42631367,22.8
17.43048067,22.8
17.43464767,22.8
17.43881467,22.8
17.44298167,22.8
17.44714867,22.8
17.45131567,22.8
17.45548267,22.8
17.45964967,22.8
17.46381667,22.8
17.46798367,22.8
17.47215067,22.8
17.47631767,22.8
17.48048467,22.8
17.48465167,22.8
17.48881867,22.8
17.49298567,22.8
17.49715267,22.8
17.50131967,22.8
17.50548667,22.8
17.50965367,22.8
17.51382067,22.8
17.51798767,22.8
17.52215467,22.8
17.52632167,22.8
17.53048867,22.8
17.53465567,22.8
17.53882267,22.8
17.54298967,22.8
17.54715667,22.8
17.55132367,22.8
17.55549067,22.8
17.55965767,22.8
17.56382467,22.8
17.56799167,22.8
17.57215867,22.8
17.57632567,22.8
17.58049267,22.8
17.58465967,22.8
17.58882667,22.8
17.59299367,22.8
17.59716067,22.8
17.60132767,22.8
17.60549467,22.8
17.60966167,22.8
17.61382867,22.8
17.61799567,22.8
17.62216267,22.8
17.62632967,22.8
17.63049667,22.8
17.63466367,22.8
17.63883067,22.8
17.64299767,22.8
17.64716467,22.8
17.65133167,22.8
17.65549867,22.8
17.65966567,22.8
17.66383267,22.8
17.66799967,22.8
17.67216667,22.8
17.67633367,22.8
17.68050067,22.8
17.68466767,22.8
17.68883467,22.8
17.69300167,22.8
17.69716867,22.8
17.70133567,22.8
17.70550267,22.8
17.70966967,22.8
17.71383667,22.8
17.71800367,22.8
17.72217067,22.8
17.72633767,22.8
17.73050467,22.8
17.73467167,22.8
17.73883867,22.8
17.74300567,22.8
17.74717267,22.8
17.75133967,22.8
17.75550667,22.8
17.75967367,22.8
17.76384067,22.8
17.76800767,22.8
17.77217467,22.8
17.77634167,22.8
17.78050867,22.8
17.78467567,22.8
17.78884267,22.8
17.79300967,22.8
17.79717667,22.8
17.80134367,22.8
17.80551067,22.8
17.80967767,22.8
17.81384467,22.8
17.81801167,22.8
17.82217867,22.8
17.82634567,22.8
17.83051267,22.8
17.83467967,22.8
17.83884667,22.8
17.84301367,22.8
17.84718067,22.8
17.85134767,22.8
17.85551467,22.8
17.85968167,22.8
17.86384867,22.8
17.86801567,22.8
17.87218267,22.8
17.87634967,22.8
17.88051667,22.8
17.88468367,22.8
17.88885067,22.8
17.89301767,22.8
17.89718467,22.8
17.90135167,22.8
17.90551867,22.8
17.90968567,22.8
17.91385267,22.8
17.91801967,22.8
17.92218667,22.8
17.92635367,22.8
17.93052067,22.8
17.93468767,22.8
17.93885467,22.8
17.94302167,22.8
17.94718867,22.8
17.95135567,22.8
17.95552267,22.8
17.95968967,22.8
17.96385667,22.8
17.96802367,22.8
17.97219067,22.8
17.97635767,22.8
17.98052467,22.8
17.98469167,22.8
17.98885867,22.8
17.99302567,22.8
17.99719267,22.8
18.00135967,22.8
18.00552667,22.8
18.00969367,22.8
18.01386067,22.8
18.01802767,22.8
18.02219467,22.8
18.02636167,22.8
18.03052867,22.8
18.03469567,22.8
18.03886267,22.8
18.04302967,22.8
18.04719667,22.8
18.05136367,22.8
18.05553067,22.8
18.05969767,22.8
18.06386467,22.8
18.06803167,22.8
18.07219867,22.8
18.07636567,22.8
18.08053267,22.8
18.08469967,22.8
18.08886667,22.8
18.09303367,22.8
18.09720067,22.8
18.10136767,22.8
18.10553467,22.8
18.10970167,22.8
18.11386867,22.8
18.11803567,22.8
18.12220267,22.8
18.12636967,22.8
18.13053667,22.8
18.13470367,22.8
18.13887067,22.8
18.14303767,22.8
18.14720467,22.8
18.15137167,22.8
18.15553867,22.8
18.15970567,22.8
18.16387267,22.8
18.16803967,22.8
18.17220667,22.8
18.17637367,22.8
18.18054067,22.8
18.18470767,22.8
18.18887467,22.8
18.19304167,22.8
18.19720867,22.8
18.20137567,22.8
18.20554267,22.8
18.20970967,22.8
18.21387667,22.8
18.21804367,22.8
18.22221067,22.8
18.22637767,22.8
18.23054467,22.8
18.23471167,22.8
18.23887867,22.8
18.24304567,22.8
18.24721267,22.8
18.25137967,22.8
18.25554667,22.8
18.25971367,22.8
18.26388067,22.8
18.26804767,22.8
18.27221467,22.8
18.27638167,22.8
18.28054867,22.8
18.28471567,22.8
18.28888267,22.8
18.29304967,22.8
18.29721667,22.8
18.30138367,22.8
18.30555067,22.8
18.30971767,22.8
18.31388467,22.8
18.31805167,22.8
18.32221867,22.8
18.32638567,22.8
18.33055267,22.8
18.33471967,22.8
18.33888667,22.8
18.34305367,22.8
18.34722067,22.8
18.35138767,22.8
18.35555467,22.8
18.35972167,22.8
18.36388867,22.8
18.36805567,22.8
18.37222267,22.8
18.37638967,22.8
18.38055667,22.8
18.38472367,22.8
18.38889067,22.8
18.39305767,22.8
18.39722467,22.8
18.40139167,22.8
18.40555867,22.8
18.40972567,22.8
18.41389267,22.8
18.41805967,22.8
18.42222667,22.8
18.42639367,22.8
18.43056067,22.8
18.43472767,22.8
18.43889467,22.8
18.44306167,22.8
18.44722867,22.8
18.45139567,22.8
18.45556267,22.8
18.45972967,22.8
18.46389667,22.8
18.46806367,22.8
18.47223067,22.8
18.47639767,22.8
18.48056467,22.8
18.48473167,22.8
18.48889867,22.8
18.49306567,22.8
18.49723267,22.8
18.50139967,22.8
18.50556667,22.8
18.50973367,22.8
18.51390067,22.8
18.51806767,22.8
18.52223467,22.8
18.52640167,22.8
18.53056867,22.8
18.53473567,22.8
18.53890267,22.8
18.54306967,22.8
18.54723667,22.8
18.55140367,22.8
18.55557067,22.8
18.55973767,22.8
18.56390467,22.8
18.56807167,22.8
18.57223867,22.8
18.57640567,22.8
18.58057267,22.8
18.58473967,22.8
18.58890667,22.8
18.59307367,22.8
18.59724067,22.8
18.60140767,22.8
18.60557467,22.8
18.60974167,22.8
18.61390867,22.8
18.61807567,22.8
18.62224267,22.8
18.62640967,22.8
18.63057667,22.8
18.63474367,22.8
18.63891067,22.8
18.64307767,22.8
18.64724467,22.8
18.65141167,22.8
18.65557867,22.8
18.65974567,22.8
18.66391267,22.8
18.66807967,22.8
18.67224667,22.8
18.67641367,22.8
18.68058067,22.8
18.68474767,22.8
18.68891467,22.8
18.69308167,22.8
18.69724867,22.8
18.70141567,22.8
18.70558267,22.8
18.70974967,22.8
18.71391667,22.8
18.71808367,22.8
18.72225067,22.8
18.72641767,22.8
18.73058467,22.8
18.73475167,22.8
18.73891867,22.8
18.74308567,22.8
18.74725267,22.8
18.75141967,22.8
18.75558667,22.8
18.75975367,22.8
18.76392067,22.8
18.76808767,22.8
18.77225467,22.8
18.77642167,22.8
18.78058867,22.8
18.78475567,22.8
18.78892267,22.8
18.79308967,22.8
18.79725667,22.8
18.80142367,22.8
18.80559067,22.8
18.80975767,22.8
18.81392467,22.8
18.81809167,22.8
18.82225867,22.8
18.82642567,22.8
18.83059267,22.8
18.83475967,22.8
18.83892667,22.8
18.84309367,22.8
18.84726067,22.8
18.85142767,22.8
18.85559467,22.8
18.85976167,22.8
18.86392867,22.8
18.86809567,22.8
18.87226267,22.8
18.87642967,22.8
18.88059667,22.8
18.88476367,22.8
18.88893067,22.8
18.89309767,22.8
18.89726467,22.8
18.90143167,22.8
18.90559867,22.8
18.90976567,22.8
18.91393267,22.8
18.91809967,22.8
18.92226667,22.8
18.92643367,22.8
18.93060067,22.8
18.93476767,22.8
18.93893467,22.8
18.94310167,22.8
18.94726867,22.8
18.95143567,22.8
18.95560267,22.8
18.95976967,22.8
18.96393667,22.8
18.96810367,22.8
18.97227067,22.8
18.97643767,22.8
18.98060467,22.8
18.98477167,22.8
18.98893867,22.8
18.99310567,22.8
18.99727267,22.8
19.00143967,22.8
19.00560667,22.8
19.00977367,22.8
19.01394067,22.8
19.01810767,22.8
19.02227467,22.8
19.02644167,22.8
19.03060867,22.8
19.03477567,22.8
19.03894267,22.8
19.04310967,22.8
19.04727667,22.8
19.05144367,22.8
19.05561067,22.8
19.05977767,22.8
19.06394467,22.8
19.06811167,22.8
19.07227867,22.8
19.07644567,22.8
19.08061267,22.8
19.08477967,22.8
19.08894667,22.8
19.09311367,22.8
19.09728067,22.8
19.10144767,22.8
19.10561467,22.8
19.10978167,22.8
19.11394867,22.8
19.11811567,22.8
19.12228267,22.8
19.12644967,22.8
19.13061667,22.8
19.13478367,22.8
19.13895067,22.8
19.14311767,22.8
19.14728467,22.8
19.15145167,22.8
19.15561867,22.8
19.15978567,22.8
19.16395267,22.8
19.16811967,22.8
19.17228667,22.8
19.17645367,22.8
19.18062067,22.8
19.18478767,22.8
19.18895467,22.8
19.19312167,22.8
19.19728867,22.8
19.20145567,22.8
19.20562267,22.8
19.20978967,22.8
19.21395667,22.8
19.21812367,22.8
19.22229067,22.8
19.22645767,22.8
19.23062467,22.8
19.23479167,22.8
19.23895867,22.8
19.24312567,22.8
19.24729267,22.8
19.25145967,22.8
19.25562667,22.8
19.25979367,22.8
19.26396067,22.8
19.26812767,22.8
19.27229467,22.8
19.27646167,22.8
19.28062867,22.8
19.28479567,22.8
19.28896267,22.8
19.29312967,22.8
19.29729667,22.8
19.30146367,22.8
19.30563067,22.8
19.30979767,22.8
19.31396467,22.8
19.31813167,22.8
19.32229867,22.8
19.32646567,22.8
19.33063267,22.8
19.33479967,22.8
19.33896667,22.8
19.34313367,22.8
19.34730067,22.8
19.35146767,22.8
19.35563467,22.8
19.35980167,22.8
19.36396867,22.8
19.36813567,22.8
19.37230267,22.8
19.37646967,22.8
19.38063667,22.8
19.38480367,22.8
19.38897067,22.8
19.39313767,22.8
19.39730467,22.8
19.40147167,22.8
19.40563867,22.8
19.40980567,22.8
19.41397267,22.8
19.41813967,22.8
19.42230667,22.8
19.42647367,22.8
19.43064067,22.8
19.43480767,22.8
19.43897467,22.8
19.44314167,22.8
19.44730867,22.8
19.45147567,22.8
19.45564267,22.8
19.45980967,22.8
19.46397667,22.8
19.46814367,22.8
19.47231067,22.8
19.47647767,22.8
19.48064467,22.8
19.48481167,22.8
19.48897867,22.8
19.49314567,22.8
19.49731267,22.8
19.50147967,22.8
19.50564667,22.8
19.50981367,22.8
19.51398067,22.8
19.51814767,22.8
19.52231467,22.8
19.52648167,22.8
19.53064867,22.8
19.53481567,22.8
19.53898267,22.8
19.54314967,22.8
19.54731667,22.8
19.55148367,22.8
19.55565067,22.8
19.55981767,22.8
19.56398467,22.8
19.56815167,22.8
19.57231867,22.8
19.57648567,22.8
19.58065267,22.8
19.58481967,22.8
19.58898667,22.8
19.59315367,22.8
19.59732067,22.8
19.60148767,22.8
19.60565467,22.8
19.60982167,22.8
19.61398867,22.8
19.61815567,22.8
19.62232267,22.8
19.62648967,22.8
19.63065667,22.8
19.63482367,22.8
19.63899067,22.8
19.64315767,22.8
19.64732467,22.8
19.65149167,22.8
19.65565867,22.8
19.65982567,22.8
19.66399267,22.8
19.66815967,22.8
19.67232667,22.8
19.67649367,22.8
19.68066067,22.8
19.68482767,22.8
19.68899467,22.8
19.69316167,22.8
19.69732867,22.8
19.70149567,22.8
19.70566267,22.8
19.70982967,22.8
19.71399667,22.8
19.71816367,22.8
19.72233067,22.8
19.72649767,22.8
19.73066467,22.8
19.73483167,22.8
19.73899867,22.8
19.74316567,22.8
19.74733267,22.8
19.75149967,22.8
19.75566667,22.8
19.75983367,22.8
19.76400067,22.8
19.76816767,22.8
19.77233467,22.8
19.77650167,22.8
19.78066867,22.8
19.78483567,22.8
19.78900267,22.8
19.79316967,22.8
19.79733667,22.8
19.80150367,22.8
19.80567067,22.8
19.80983767,22.8
19.81400467,22.8
19.81817167,22.8
19.82233867,22.8
19.82650567,22.8
19.83067267,22.8
19.83483967,22.8
19.83900667,22.8
19.84317367,22.8
19.84734067,22.8
19.85150767,22.8
19.85567467,22.8
19.85984167,22.8
19.86400867,22.8
19.86817567,22.8
19.87234267,22.8
19.87650967,22.8
19.88067667,22.8
19.88484367,22.8
19.88901067,22.8
19.89317767,22.8
19.89734467,22.8
19.90151167,22.8
19.90567867,22.8
19.90984567,22.8
19.91401267,22.8
19.91817967,22.8
19.92234667,22.8
19.92651367,22.8
19.93068067,22.8
19.93484767,22.8
19.93901467,22.8
19.94318167,22.8
19.94734867,22.8
19.95151567,22.8
19.95568267,22.8
19.95984967,22.8
19.96401667,22.8
19.96818367,22.8
19.97235067,22.8
19.97651767,22.8
19.98068467,22.8
19.98485167,22.8
19.98901867,22.8
19.99318567,22.8
19.99735267,22.8
20.00151967,22.8
20.00568667,22.8
20.00985367,22.8
20.01402067,22.8
20.01818767,22.8
20.02235467,22.8
20.02652167,22.8
20.03068867,22.8
20.03485567,22.8
20.03902267,22.8
20.04318967,22.8
20.04735667,22.8
20.05152367,22.8
20.05569067,22.8
20.05985767,22.8
20.06402467,22.8
20.06819167,22.8
20.07235867,22.8
20.07652567,22.8
20.08069267,22.8
20.08485967,22.8
20.08902667,22.8
20.09319367,22.8
20.09736067,22.8
20.10152767,22.8
20.10569467,22.8
20.10986167,22.8
20.11402867,22.8
20.11819567,22.8
20.12236267,22.8
20.12652967,22.8
20.13069667,22.8
20.13486367,22.8
20.13903067,22.8
20.14319767,22.8
20.14736467,22.8
20.15153167,22.8
20.15569867,22.8
20.15986567,22.8
20.16403267,22.8
20.16819967,22.8
20.17236667,22.8
20.17653367,22.8
20.18070067,22.8
20.18486767,22.8
20.18903467,22.8
20.19320167,22.8
20.19736867,22.8
20.20153567,22.8
20.20570267,22.8
20.20986967,22.8
20.21403667,22.8
20.21820367,22.8
20.22237067,22.8
20.22653767,22.8
20.23070467,22.8
20.23487167,22.8
20.23903867,22.8
20.24320567,22.8
20.24737267,22.8
20.25153967,22.8
20.25570667,22.8
20.25987367,22.8
20.26404067,22.8
20.26820767,22.8
20.27237467,22.8
20.27654167,22.8
20.28070867,22.8
20.28487567,22.8
20.28904267,22.8
20.29320967,22.8
20.29737667,22.8
20.30154367,22.8
20.30571067,22.8
20.30987767,22.8
20.31404467,22.8
20.31821167,22.8
20.32237867,22.8
20.32654567,22.8
20.33071267,22.8
20.33487967,22.8
20.33904667,22.8
20.34321367,22.8
20.34738067,22.8
20.35154767,22.8
20.35571467,22.8
20.35988167,22.8
20.36404867,22.8
20.36821567,22.8
20.37238267,22.8
20.37654967,22.8
20.38071667,22.8
20.38488367,22.8
20.38905067,22.8
20.39321767,22.8
20.39738467,22.8
20.40155167,22.8
20.40571867,22.8
20.40988567,22.8
20.41405267,22.8
20.41821967,22.8
20.42238667,22.8
20.42655367,22.8
20.43072067,22.8
20.43488767,22.8
20.43905467,22.8
20.44322167,22.8
20.44738867,22.8
20.45155567,22.8
20.45572267,22.8
20.45988967,22.8
20.46405667,22.8
20.46822367,22.8
20.47239067,22.8
20.47655767,22.8
20.48072467,22.8
20.48489167,22.8
20.48905867,22.8
20.49322567,22.8
20.49739267,22.8
20.50155967,22.8
20.50572667,22.8
20.50989367,22.8
20.51406067,22.8
20.51822767,22.8
20.52239467,22.8
20.52656167,22.8
20.53072867,22.8
20.53489567,22.8
20.53906267,22.8
20.54322967,22.8
20.54739667,22.8
20.55156367,22.8
20.55573067,22.8
20.55989767,22.8
20.56406467,22.8
20.56823167,22.8
20.57239867,22.8
20.57656567,22.8
20.58073267,22.8
20.58489967,22.8
20.58906667,22.8
20.59323367,22.8
20.59740067,22.8
20.60156767,22.8
20.60573467,22.8
20.60990167,22.8
20.61406867,22.8
20.61823567,22.8
20.62240267,22.8
20.62656967,22.8
20.63073667,22.8
20.63490367,22.8
20.63907067,22.8
20.64323767,22.8
20.64740467,22.8
20.65157167,22.8
20.65573867,22.8
20.65990567,22.8
20.66407267,22.8
20.66823967,22.8
20.67240667,22.8
20.67657367,22.8
20.68074067,22.8
20.68490767,22.8
20.68907467,22.8
20.69324167,22.8
20.69740867,22.8
20.70157567,22.8
20.70574267,22.8
20.70990967,22.8
20.71407667,22.8
20.71824367,22.8
20.72241067,22.8
20.72657767,22.8
20.73074467,22.8
20.73491167,22.8
20.73907867,22.8
20.74324567,22.8
20.74741267,22.8
20.75157967,22.8
20.75574667,22.8
20.75991367,22.8
20.76408067,22.8
20.76824767,22.8
20.77241467,22.8
20.77658167,22.8
20.78074867,22.8
20.78491567,22.8
20.78908267,22.8
20.79324967,22.8
20.79741667,22.8
20.80158367,22.8
20.80575067,22.8
20.80991767,22.8
20.81408467,22.8
20.81825167,22.8
20.82241867,22.8
20.82658567,22.8
20.83075267,22.8
20.83491967,22.8
20.83908667,22.8
20.84325367,22.8
20.84742067,22.8
20.85158767,22.8
20.85575467,22.8
20.85992167,22.8
20.86408867,22.8
20.86825567,22.8
20.87242267,22.8
20.87658967,22.8
20.88075667,22.8
20.88492367,22.8
20.88909067,22.8
20.89325767,22.8
20.89742467,22.8
20.90159167,22.8
20.90575867,22.8
20.90992567,22.8
20.91409267,22.8
20.91825967,22.8
20.92242667,22.8
20.92659367,22.8
20.93076067,22.8
20.93492767,22.8
20.93909467,22.8
20.94326167,22.8
20.94742867,22.8
20.95159567,22.8
20.95576267,22.8
20.95992967,22.8
20.96409667,22.8
20.96826367,22.8
20.97243067,22.8
20.97659767,22.8
20.98076467,22.8
20.98493167,22.8
20.98909867,22.8
20.99326567,22.8
20.99743267,22.8
21.00159967,22.8
21.00576667,22.8
21.00993367,22.8
21.01410067,22.8
21.01826767,22.8
21.02243467,22.8
21.02660167,22.8
21.03076867,22.8
21.03493567,22.8
21.03910267,22.8
21.04326967,22.8
21.04743667,22.8
21.05160367,22.8
21.05577067,22.8
21.05993767,22.8
21.06410467,22.8
21.06827167,22.8
21.07243867,22.8
21.07660567,22.8
21.08077267,22.8
21.08493967,22.8
21.08910667,22.8
21.09327367,22.8
21.09744067,22.8
21.10160767,22.8
21.10577467,22.8
21.10994167,22.8
21.11410867,22.8
21.11827567,22.8
21.12244267,22.8
21.12660967,22.8
21.13077667,22.8
21.13494367,22.8
21.13911067,22.8
21.14327767,22.8
21.14744467,22.8
21.15161167,22.8
21.15577867,22.8
21.15994567,22.8
21.16411267,22.8
21.16827967,22.8
21.17244667,22.8
21.17661367,22.8
21.18078067,22.8
21.18494767,22.8
21.18911467,22.8
21.19328167,22.8
21.19744867,22.8
21.20161567,22.8
21.20578267,22.8
21.20994967,22.8
21.21411667,22.8
21.21828367,22.8
21.22245067,22.8
21.22661767,22.8
21.23078467,22.8
21.23495167,22.8
21.23911867,22.8
21.24328567,22.8
21.24745267,22.8
21.25161967,22.8
21.25578667,22.8
21.25995367,22.8
21.26412067,22.8
21.26828767,22.8
21.27245467,22.8
21.27662167,22.8
21.28078867,22.8
21.28495567,22.8
21.28912267,22.8
21.29328967,22.8
21.29745667,22.8
21.30162367,22.8
21.30579067,22.8
21.30995767,22.8
21.31412467,22.8
21.31829167,22.8
21.32245867,22.8
21.32662567,22.8
21.33079267,22.8
21.33495967,22.8
21.33912667,22.8
21.34329367,22.8
21.34746067,22.8
21.35162767,22.8
21.35579467,22.8
21.35996167,22.8
21.36412867,22.8
21.36829567,22.8
21.37246267,22.8
21.37662967,22.8
21.38079667,22.8
21.38496367,22.8
21.38913067,22.8
21.39329767,22.8
21.39746467,22.8
21.40163167,22.8
21.40579867,22.8
21.40996567,22.8
21.41413267,22.8
21.41829967,22.8
21.42246667,22.8
21.42663367,22.8
21.43080067,22.8
21.43496767,22.8
21.43913467,22.8
21.44330167,22.8
21.44746867,22.8
21.45163567,22.8
21.45580267,22.8
21.45996967,22.8
21.46413667,22.8
21.46830367,22.8
21.47247067,22.8
21.47663767,22.8
21.48080467,22.8
21.48497167,22.8
21.48913867,22.8
21.49330567,22.8
21.49747267,22.8
21.50163967,22.8
21.50580667,22.8
21.50997367,22.8
21.51414067,22.8
21.51830767,22.8
21.52247467,22.8
21.52664167,22.8
21.53080867,22.8
21.53497567,22.8
21.53914267,22.8
21.54330967,22.8
21.54747667,22.8
21.55164367,22.8
21.55581067,22.8
21.55997767,22.8
21.56414467,22.8
21.56831167,22.8
21.57247867,22.8
21.57664567,22.8
21.58081267,22.8
21.58497967,22.8
21.58914667,22.8
21.59331367,22.8
21.59748067,22.8
21.60164767,22.8
21.60581467,22.8
21.60998167,22.8
21.61414867,22.8
21.61831567,22.8
21.62248267,22.8
21.62664967,22.8
21.63081667,22.8
21.63498367,22.8
21.63915067,22.8
21.64331767,22.8
21.64748467,22.8
21.65165167,22.8
21.65581867,22.8
21.65998567,22.8
21.66415267,22.8
21.66831967,22.8
21.67248667,22.8
21.67665367,22.8
21.68082067,22.8
21.68498767,22.8
21.68915467,22.8
21.69332167,22.8
21.69748867,22.8
21.70165567,22.8
21.70582267,22.8
21.70998967,22.8
21.71415667,22.8
21.71832367,22.8
21.72249067,22.8
21.72665767,22.8
21.73082467,22.8
21.73499167,22.8
21.73915867,22.8
21.74332567,22.8
21.74749267,22.8
21.75165967,22.8
21.75582667,22.8
21.75999367,22.8
21.76416067,22.8
21.76832767,22.8
21.77249467,22.8
21.77666167,22.8
21.78082867,22.8
21.78499567,22.8
21.78916267,22.8
21.79332967,22.8
21.79749667,22.8
21.80166367,22.8
21.80583067,22.8
21.80999767,22.8
21.81416467,22.8
21.81833167,22.8
21.82249867,22.8
21.82666567,22.8
21.83083267,22.8
21.83499967,22.8
21.83916667,22.8
21.84333367,22.8
21.84750067,22.8
21.85166767,22.8
21.85583467,22.8
21.86000167,22.8
21.86416867,22.8
21.86833567,22.8
21.87250267,22.8
21.87666967,22.8
21.88083667,22.8
21.88500367,22.8
21.88917067,22.8
21.89333767,22.8
21.89750467,22.8
21.90167167,22.8
21.90583867,22.8
21.91000567,22.8
21.91417267,22.8
21.91833967,22.8
21.92250667,22.8
21.92667367,22.8
21.93084067,22.8
21.93500767,22.8
21.93917467,22.8
21.94334167,22.8
21.94750867,22.8
21.95167567,22.8
21.95584267,22.8
21.96000967,22.8
21.96417667,22.8
21.96834367,22.8
21.97251067,22.8
21.97667767,22.8
21.98084467,22.8
21.98501167,22.8
21.98917867,22.8
21.99334567,22.8
21.99751267,22.8
22.00167967,22.8
22.00584667,22.8
22.01001367,22.8
22.01418067,22.8
22.01834767,22.8
22.02251467,22.8
22.02668167,22.8
22.03084867,22.8
22.03501567,22.8
22.03918267,22.8
22.04334967,22.8
22.04751667,22.8
22.05168367,22.8
22.05585067,22.8
22.06001767,22.8
22.06418467,22.8
22.06835167,22.8
22.07251867,22.8
22.07668567,22.8
22.08085267,22.8
22.08501967,22.8
22.08918667,22.8
22.09335367,22.8
22.09752067,22.8
22.10168767,22.8
22.10585467,22.8
22.11002167,22.8
22.11418867,22.8
22.11835567,22.8
22.12252267,22.8
22.12668967,22.8
22.13085667,22.8
22.13502367,22.8
22.13919067,22.8
22.14335767,22.8
22.14752467,22.8
22.15169167,22.8
22.15585867,22.8
22.16002567,22.8
22.16419267,22.8
22.16835967,22.8
22.17252667,22.8
22.17669367,22.8
22.18086067,22.8
22.18502767,22.8
22.18919467,22.8
22.19336167,22.8
22.19752867,22.8
22.20169567,22.8
22.20586267,22.8
22.21002967,22.8
22.21419667,22.8
22.21836367,22.8
22.22253067,22.8
22.22669767,22.8
22.23086467,22.8
22.23503167,22.8
22.23919867,22.8
22.24336567,22.8
22.24753267,22.8
22.25169967,22.8
22.25586667,22.8
22.26003367,22.8
22.26420067,22.8
22.26836767,22.8
22.27253467,22.8
22.27670167,22.8
22.28086867,22.8
22.28503567,22.8
22.28920267,22.8
22.29336967,22.8
22.29753667,22.8
22.30170367,22.8
22.30587067,22.8
22.31003767,22.8
22.31420467,22.8
22.31837167,22.8
22.32253867,22.8
22.32670567,22.8
22.33087267,22.8
22.33503967,22.8
22.33920667,22.8
22.34337367,22.8
22.34754067,22.8
22.35170767,22.8
22.35587467,22.8
22.36004167,22.8
22.36420867,22.8
22.36837567,22.8
22.37254267,22.8
22.37670967,22.8
22.38087667,22.8
22.38504367,22.8
22.38921067,22.8
22.39337767,22.8
22.39754467,22.8
22.40171167,22.8
22.40587867,22.8
22.41004567,22.8
22.41421267,22.8
22.41837967,22.8
22.42254667,22.8
22.42671367,22.8
22.43088067,22.8
22.43504767,22.8
22.43921467,22.8
22.44338167,22.8
22.44754867,22.8
22.45171567,22.8
22.45588267,22.8
22.46004967,22.8
22.46421667,22.8
22.46838367,22.8
22.47255067,22.8
22.47671767,22.8
22.48088467,22.8
22.48505167,22.8
22.48921867,22.8
22.49338567,22.8
22.49755267,22.8
22.50171967,22.8
22.50588667,22.8
22.51005367,22.8
22.51422067,22.8
22.51838767,22.8
22.52255467,22.8
22.52672167,22.8
22.53088867,22.8
22.53505567,22.8
22.53922267,22.8
22.54338967,22.8
22.54755667,22.8
22.55172367,22.8
22.55589067,22.8
22.56005767,22.8
22.56422467,22.8
22.56839167,22.8
22.57255867,22.8
22.57672567,22.8
22.58089267,22.8
22.58505967,22.8
22.58922667,22.8
22.59339367,22.8
22.59756067,22.8
22.60172767,22.8
22.60589467,22.8
22.61006167,22.8
22.61422867,22.8
22.61839567,22.8
22.62256267,22.8
22.62672967,22.8
22.63089667,22.8
22.63506367,22.8
22.63923067,22.8
22.64339767,22.8
22.64756467,22.8
22.65173167,22.8
22.65589867,22.8
22.66006567,22.8
22.66423267,22.8
22.66839967,22.8
22.67256667,22.8
22.67673367,22.8
22.68090067,22.8
22.68506767,22.8
22.68923467,22.8
22.69340167,22.8
22.69756867,22.8
22.70173567,22.8
22.70590267,22.8
22.71006967,22.8
22.71423667,22.8
22.71840367,22.8
22.72257067,22.8
22.72673767,22.8
22.73090467,22.8
22.73507167,22.8
22.73923867,22.8
22.74340567,22.8
22.74757267,22.8
22.75173967,22.8
22.75590667,22.8
22.76007367,22.8
22.76424067,22.8
22.76840767,22.8
22.77257467,22.8
22.77674167,22.8
22.78090867,22.8
22.78507567,22.8
22.78924267,22.8
22.79340967,22.8
22.79757667,22.8
22.80174367,22.8
22.80591067,22.8
22.81007767,22.8
22.81424467,22.8
22.81841167,22.8
22.82257867,22.8
22.82674567,22.8
22.83091267,22.8
22.83507967,22.8
22.83924667,22.8
22.84341367,22.8
22.84758067,22.8
22.85174767,22.8
22.85591467,22.8
22.86008167,22.8
22.86424867,22.8
22.86841567,22.8
22.87258267,22.8
22.87674967,22.8
22.88091667,22.8
22.88508367,22.8
22.88925067,22.8
22.89341767,22.8
22.89758467,22.8
22.90175167,22.8
22.90591867,22.8
22.91008567,22.8
22.91425267,22.8
22.91841967,22.8
22.92258667,22.8
22.92675367,22.8
22.93092067,22.8
22.93508767,22.8
22.93925467,22.8
22.94342167,22.8
22.94758867,22.8
22.95175567,22.8
22.95592267,22.8
22.96008967,22.8
22.96425667,22.8
22.96842367,22.8
22.97259067,22.8
22.97675767,22.8
22.98092467,22.8
22.98509167,22.8
22.98925867,22.8
22.99342567,22.8
22.99759267,22.8
23.00175967,22.8
23.00592667,22.8
23.01009367,22.8
23.01426067,22.8
23.01842767,22.8
23.02259467,22.8
23.02676167,22.8
23.03092867,22.8
23.03509567,22.8
23.03926267,22.8
23.04342967,22.8
23.04759667,22.8
23.05176367,22.8
23.05593067,22.8
23.06009767,22.8
23.06426467,22.8
23.06843167,22.8
23.07259867,22.8
23.07676567,22.8
23.08093267,22.8
23.08509967,22.8
23.08926667,22.8
23.09343367,22.8
23.09760067,22.8
23.10176767,22.8
23.10593467,22.8
23.11010167,22.8
23.11426867,22.8
23.11843567,22.8
23.12260267,22.8
23.12676967,22.8
23.13093667,22.8
23.13510367,22.8
23.13927067,22.8
23.14343767,22.8
23.14760467,22.8
23.15177167,22.8
23.15593867,22.8
23.16010567,22.8
23.16427267,22.8
23.16843967,22.8
23.17260667,22.8
23.17677367,22.8
23.18094067,22.8
23.18510767,22.8
23.18927467,22.8
23.19344167,22.8
23.19760867,22.8
23.20177567,22.8
23.20594267,22.8
23.21010967,22.8
23.21427667,22.8
23.21844367,22.8
23.22261067,22.8
23.22677767,22.8
23.23094467,22.8
23.23511167,22.8
23.23927867,22.8
23.24344567,22.8
23.24761267,22.8
23.25177967,22.8
23.25594667,22.8
23.26011367,22.8
23.26428067,22.8
23.26844767,22.8
23.27261467,22.8
23.27678167,22.8
23.28094867,22.8
23.28511567,22.8
23.28928267,22.8
23.29344967,22.8
23.29761667,22.8
23.30178367,22.8
23.30595067,22.8
23.31011767,22.8
23.31428467,22.8
23.31845167,22.8
23.32261867,22.8
23.32678567,22.8
23.33095267,22.8
23.33511967,22.8
23.33928667,22.8
23.34345367,22.8
23.34762067,22.8
23.35178767,22.8
23.35595467,22.8
23.36012167,22.8
23.36428867,22.8
23.36845567,22.8
23.37262267,22.8
23.37678967,22.8
23.38095667,22.8
23.38512367,22.8
23.38929067,22.8
23.39345767,22.8
23.39762467,22.8
23.40179167,22.8
23.40595867,22.8
23.41012567,22.8
23.41429267,22.8
23.41845967,22.8
23.42262667,22.8
23.42679367,22.8
23.43096067,22.8
23.43512767,22.8
23.43929467,22.8
23.44346167,22.8
23.44762867,22.8
23.45179567,22.8
23.45596267,22.8
23.46012967,22.8
23.46429667,22.8
23.46846367,22.8
23.47263067,22.8
23.47679767,22.8
23.48096467,22.8
23.48513167,22.8
23.48929867,22.8
23.49346567,22.8
23.49763267,22.8
23.50179967,22.8
23.50596667,22.8
23.51013367,22.8
23.51430067,22.8
23.51846767,22.8
23.52263467,22.8
23.52680167,22.8
23.53096867,22.8
23.53513567,22.8
23.53930267,22.8
23.54346967,22.8
23.54763667,22.8
23.55180367,22.8
23.55597067,22.8
23.56013767,22.8
23.56430467,22.8
23.56847167,22.8
23.57263867,22.8
23.57680567,22.8
23.58097267,22.8
23.58513967,22.8
23.58930667,22.8
23.59347367,22.8
23.59764067,22.8
23.60180767,22.8
23.60597467,22.8
23.61014167,22.8
23.61430867,22.8
23.61847567,22.8
23.62264267,22.8
23.62680967,22.8
23.63097667,22.8
23.63514367,22.8
23.63931067,22.8
23.64347767,22.8
23.64764467,22.8
23.65181167,22.8
23.65597867,22.8
23.66014567,22.8
23.66431267,22.8
23.66847967,22.8
23.67264667,22.8
23.67681367,22.8
23.68098067,22.8
23.68514767,22.8
23.68931467,22.8
23.69348167,22.8
23.69764867,22.8
23.70181567,22.8
23.70598267,22.8
23.71014967,22.8
23.71431667,22.8
23.71848367,22.8
23.72265067,22.8
23.72681767,22.8
23.73098467,22.8
23.73515167,22.8
23.73931867,22.8
23.74348567,22.8
23.74765267,22.8
23.75181967,22.8
23.75598667,22.8
23.76015367,22.8
23.76432067,22.8
23.76848767,22.8
23.77265467,22.8
23.77682167,22.8
23.78098867,22.8
23.78515567,22.8
23.78932267,22.8
23.79348967,22.8
23.79765667,22.8
23.80182367,22.8
23.80599067,22.8
23.81015767,22.8
23.81432467,22.8
23.81849167,22.8
23.82265867,22.8
23.82682567,22.8
23.83099267,22.8
23.83515967,22.8
23.83932667,22.8
23.84349367,22.8
23.84766067,22.8
23.85182767,22.8
23.85599467,22.8
23.86016167,22.8
23.86432867,22.8
23.86849567,22.8
23.87266267,22.8
23.87682967,22.8
23.88099667,22.8
23.88516367,22.8
23.88933067,22.8
23.89349767,22.8
23.89766467,22.8
23.90183167,22.8
23.90599867,22.8
23.91016567,22.8
23.91433267,22.8
23.91849967,22.8
23.92266667,22.8
23.92683367,22.8
23.93100067,22.8
23.93516767,22.8
23.93933467,22.8
23.94350167,22.8
23.94766867,22.8
23.95183567,22.8
23.95600267,22.8
23.96016967,22.8
23.96433667,22.8
23.96850367,22.8
23.97267067,22.8
23.97683767,22.8
23.98100467,22.8
23.98517167,22.8
23.98933867,22.8
23.99350567,22.8
23.99767267,22.8
24.00183967,22.8
24.00600667,22.8
24.01017367,22.8
24.01434067,22.8
24.01850767,22.8
24.02267467,22.8
24.02684167,22.8
24.03100867,22.8
24.03517567,22.8
24.03934267,22.8
24.04350967,22.8
24.04767667,22.8
24.05184367,22.8
24.05601067,22.8
24.06017767,22.8
24.06434467,22.8
24.06851167,22.8
24.07267867,22.8
24.07684567,22.8
24.08101267,22.8
24.08517967,22.8
24.08934667,22.8
24.09351367,22.8
24.09768067,22.8
24.10184767,22.8
24.10601467,22.8
24.11018167,22.8
24.11434867,22.8
24.11851567,22.8
24.12268267,22.8
24.12684967,22.8
24.13101667,22.8
24.13518367,22.8
24.13935067,22.8
24.14351767,22.8
24.14768467,22.8
24.15185167,22.8
24.15601867,22.8
24.16018567,22.8
24.16435267,22.8
24.16851967,22.8
24.17268667,22.8
24.17685367,22.8
24.18102067,22.8
24.18518767,22.8
24.18935467,22.8
24.19352167,22.8
24.19768867,22.8
24.20185567,22.8
24.20602267,22.8
24.21018967,22.8
24.21435667,22.8
24.21852367,22.8
24.22269067,22.8
24.22685767,22.8
24.23102467,22.8
24.23519167,22.8
24.23935867,22.8
24.24352567,22.8
24.24769267,22.8
24.25185967,22.8
24.25602667,22.8
24.26019367,22.8
24.26436067,22.8
24.26852767,22.8
24.27269467,22.8
24.27686167,22.8
24.28102867,22.8
24.28519567,22.8
24.28936267,22.8
24.29352967,22.8
24.29769667,22.8
24.30186367,22.8
24.30603067,22.8
24.31019767,22.8
24.31436467,22.8
24.31853167,22.8
24.32269867,22.8
24.32686567,22.8
24.33103267,22.8
24.33519967,22.8
24.33936667,22.8
24.34353367,22.8
24.34770067,22.8
24.35186767,22.8
24.35603467,22.8
24.36020167,22.8
24.36436867,22.8
24.36853567,22.8
24.37270267,22.8
24.37686967,22.8
24.38103667,22.8
24.38520367,22.8
24.38937067,22.8
24.39353767,22.8
24.39770467,22.8
24.40187167,22.8
24.40603867,22.8
24.41020567,22.8
24.41437267,22.8
24.41853967,22.8
24.42270667,22.8
24.42687367,22.8
24.43104067,22.8
24.43520767,22.8
24.43937467,22.8
24.44354167,22.8
24.44770867,22.8
24.45187567,22.8
24.45604267,22.8
24.46020967,22.8
24.46437667,22.8
24.46854367,22.8
24.47271067,22.8
24.47687767,22.8
24.48104467,22.8
24.48521167,22.8
24.48937867,22.8
24.49354567,22.8
24.49771267,22.8
24.50187967,22.8
24.50604667,22.8
24.51021367,22.8
24.51438067,22.8
24.51854767,22.8
24.52271467,22.8
24.52688167,22.8
24.53104867,22.8
24.53521567,22.8
24.53938267,22.8
24.54354967,22.8
24.54771667,22.8
24.55188367,22.8
24.55605067,22.8
24.56021767,22.8
24.56438467,22.8
24.56855167,22.8
24.57271867,22.8
24.57688567,22.8
24.58105267,22.8
24.58521967,22.8
24.58938667,22.8
24.59355367,22.8
24.59772067,22.8
24.60188767,22.8
24.60605467,22.8
24.61022167,22.8
24.61438867,22.8
24.61855567,22.8
24.62272267,22.8
24.62688967,22.8
24.63105667,22.8
24.63522367,22.8
24.63939067,22.8
24.64355767,22.8
24.64772467,22.8
24.65189167,22.8
24.65605867,22.8
24.66022567,22.8
24.66439267,22.8
24.66855967,22.8
24.67272667,22.8
24.67689367,22.8
24.68106067,22.8
24.68522767,22.8
24.68939467,22.8
24.69356167,22.8
24.69772867,22.8
24.70189567,22.8
24.70606267,22.8
24.71022967,22.8
24.71439667,22.8
24.71856367,22.8
24.72273067,22.8
24.72689767,22.8
24.73106467,22.8
24.73523167,22.8
24.73939867,22.8
24.74356567,22.8
24.74773267,22.8
24.75189967,22.8
24.75606667,22.8
24.76023367,22.8
24.76440067,22.8
24.76856767,22.8
24.77273467,22.8
24.77690167,22.8
24.78106867,22.8
24.78523567,22.8
24.78940267,22.8
24.79356967,22.8
24.79773667,22.8
24.80190367,22.8
24.80607067,22.8
24.81023767,22.8
24.81440467,22.8
24.81857167,22.8
24.82273867,22.8
24.82690567,22.8
24.83107267,22.8
24.83523967,22.8
24.83940667,22.8
24.84357367,22.8
24.84774067,22.8
24.85190767,22.8
24.85607467,22.8
24.86024167,22.8
24.86440867,22.8
24.86857567,22.8
24.87274267,22.8
24.87690967,22.8
24.88107667,22.8
24.88524367,22.8
24.88941067,22.8
24.89357767,22.8
24.89774467,22.8
24.90191167,22.8
24.90607867,22.8
24.91024567,22.8
24.91441267,22.8
24.91857967,22.8
24.92274667,22.8
24.92691367,22.8
24.93108067,22.8
24.93524767,22.8
24.93941467,22.8
24.94358167,22.8
24.94774867,22.8
24.95191567,22.8
24.95608267,22.8
24.96024967,22.8
24.96441667,22.8
24.96858367,22.8
24.97275067,22.8
24.97691767,22.8
24.98108467,22.8
24.98525167,22.8
24.98941867,22.8
24.99358567,22.8
24.99775267,22.8
25.00191967,22.8
25.00608667,22.8
25.01025367,22.8
25.01442067,22.8
25.01858767,22.8
25.02275467,22.8
25.02692167,22.8
25.03108867,22.8
25.03525567,22.8
25.03942267,22.8
25.04358967,22.8
25.04775667,22.8
25.05192367,22.8
25.05609067,22.8
25.06025767,22.8
25.06442467,22.8
25.06859167,22.8
25.07275867,22.8
25.07692567,22.8
25.08109267,22.8
25.08525967,22.8
25.08942667,22.8
25.09359367,22.8
25.09776067,22.8
25.10192767,22.8
25.10609467,22.8
25.11026167,22.8
25.11442867,22.8
25.11859567,22.8
25.12276267,22.8
25.12692967,22.8
25.13109667,22.8
25.13526367,22.8
25.13943067,22.8
25.14359767,22.8
25.14776467,22.8
25.15193167,22.8
25.15609867,22.8
25.16026567,22.8
25.16443267,22.8
25.16859967,22.8
25.17276667,22.8
25.17693367,22.8
25.18110067,22.8
25.18526767,22.8
25.18943467,22.8
25.19360167,22.8
25.19776867,22.8
25.20193567,22.8
25.20610267,22.8
25.21026967,22.8
25.21443667,22.8
25.21860367,22.8
25.22277067,22.8
25.22693767,22.8
25.23110467,22.8
25.23527167,22.8
25.23943867,22.8
25.24360567,22.8
25.24777267,22.8
25.25193967,22.8
25.25610667,22.8
25.26027367,22.8
25.26444067,22.8
25.26860767,22.8
25.27277467,22.8
25.27694167,22.8
25.28110867,22.8
25.28527567,22.8
25.28944267,22.8
25.29360967,22.8
25.29777667,22.8
25.30194367,22.8
25.30611067,22.8
25.31027767,22.8
25.31444467,22.8
25.31861167,22.8
25.32277867,22.8
25.32694567,22.8
25.33111267,22.8
25.33527967,22.8
25.33944667,22.8
25.34361367,22.8
25.34778067,22.8
25.35194767,22.8
25.35611467,22.8
25.36028167,22.8
25.36444867,22.8
25.36861567,22.8
25.37278267,22.8
25.37694967,22.8
25.38111667,22.8
25.38528367,22.8
25.38945067,22.8
25.39361767,22.8
25.39778467,22.8
25.40195167,22.8
25.40611867,22.8
25.41028567,22.8
25.41445267,22.8
25.41861967,22.8
25.42278667,22.8
25.42695367,22.8
25.43112067,22.8
25.43528767,22.8
25.43945467,22.8
25.44362167,22.8
25.44778867,22.8
25.45195567,22.8
25.45612267,22.8
25.46028967,22.8
25.46445667,22.8
25.46862367,22.8
25.47279067,22.8
25.47695767,22.8
25.48112467,22.8
25.48529167,22.8
25.48945867,22.8
25.49362567,22.8
25.49779267,22.8
25.50195967,22.8
25.50612667,22.8
25.51029367,22.8
25.51446067,22.8
25.51862767,22.8
25.52279467,22.8
25.52696167,22.8
25.53112867,22.8
25.53529567,22.8
25.53946267,22.8
25.54362967,22.8
25.54779667,22.8
25.55196367,22.8
25.55613067,22.8
25.56029767,22.8
25.56446467,22.8
25.56863167,22.8
25.57279867,22.8
25.57696567,22.8
25.58113267,22.8
25.58529967,22.8
25.58946667,22.8
25.59363367,22.8
25.59780067,22.8
25.60196767,22.8
25.60613467,22.8
25.61030167,22.8
25.61446867,22.8
25.61863567,22.8
25.62280267,22.8
25.62696967,22.8
25.63113667,22.8
25.63530367,22.8
25.63947067,22.8
25.64363767,22.8
25.64780467,22.8
25.65197167,22.8
25.65613867,22.8
25.66030567,22.8
25.66447267,22.8
25.66863967,22.8
25.67280667,22.8
25.67697367,22.8
25.68114067,22.8
25.68530767,22.8
25.68947467,22.8
25.69364167,22.8
25.69780867,22.8
25.70197567,22.8
25.70614267,22.8
25.71030967,22.8
25.71447667,22.8
25.71864367,22.8
25.72281067,22.8
25.72697767,22.8
25.73114467,22.8
25.73531167,22.8
25.73947867,22.8
25.74364567,22.8
25.74781267,22.8
25.75197967,22.8
25.75614667,22.8
25.76031367,22.8
25.76448067,22.8
25.76864767,22.8
25.77281467,22.8
25.77698167,22.8
25.78114867,22.8
25.78531567,22.8
25.78948267,22.8
25.79364967,22.8
25.79781667,22.8
25.80198367,22.8
25.80615067,22.8
25.81031767,22.8
25.81448467,22.8
25.81865167,22.8
25.82281867,22.8
25.82698567,22.8
25.83115267,22.8
25.83531967,22.8
25.83948667,22.8
25.84365367,22.8
25.84782067,22.8
25.85198767,22.8
25.85615467,22.8
25.86032167,22.8
25.86448867,22.8
25.86865567,22.8
25.87282267,22.8
25.87698967,22.8
25.88115667,22.8
25.88532367,22.8
25.88949067,22.8
25.89365767,22.8
25.89782467,22.8
25.90199167,22.8
25.90615867,22.8
25.91032567,22.8
25.91449267,22.8
25.91865967,22.8
25.92282667,22.8
25.92699367,22.8
25.93116067,22.8
25.93532767,22.8
25.93949467,22.8
25.94366167,22.8
25.94782867,22.8
25.95199567,22.8
25.95616267,22.8
25.96032967,22.8
25.96449667,22.8
25.96866367,22.8
25.97283067,22.8
25.97699767,22.8
25.98116467,22.8
25.98533167,22.8
25.98949867,22.8
25.99366567,22.8
25.99783267,22.8
26.00199967,22.8
26.00616667,22.8
26.01033367,22.8
26.01450067,22.8
26.01866767,22.8
26.02283467,22.8
26.02700167,22.8
26.03116867,22.8
26.03533567,22.8
26.03950267,22.8
26.04366967,22.8
26.04783667,22.8
26.05200367,22.8
26.05617067,22.8
26.06033767,22.8
26.06450467,22.8
26.06867167,22.8
26.07283867,22.8
26.07700567,22.8
26.08117267,22.8
26.08533967,22.8
26.08950667,22.8
26.09367367,22.8
26.09784067,22.8
26.10200767,22.8
26.10617467,22.8
26.11034167,22.8
26.11450867,22.8
26.11867567,22.8
26.12284267,22.8
26.12700967,22.8
26.13117667,22.8
26.13534367,22.8
26.13951067,22.8
26.14367767,22.8
26.14784467,22.8
26.15201167,22.8
26.15617867,22.8
26.16034567,22.8
26.16451267,22.8
26.16867967,22.8
26.17284667,22.8
26.17701367,22.8
26.18118067,22.8
26.18534767,22.8
26.18951467,22.8
26.19368167,22.8
26.19784867,22.8
26.20201567,22.8
26.20618267,22.8
26.21034967,22.8
26.21451667,22.8
26.21868367,22.8
26.22285067,22.8
26.22701767,22.8
26.23118467,22.8
26.23535167,22.8
26.23951867,22.8
26.24368567,22.8
26.24785267,22.8
26.25201967,22.8
26.25618667,22.8
26.26035367,22.8
26.26452067,22.8
26.26868767,22.8
26.27285467,22.8
26.27702167,22.8
26.28118867,22.8
26.28535567,22.8
26.28952267,22.8
26.29368967,22.8
26.29785667,22.8
26.30202367,22.8
26.30619067,22.8
26.31035767,22.8
26.31452467,22.8
26.31869167,22.8
26.32285867,22.8
26.32702567,22.8
26.33119267,22.8
26.33535967,22.8
26.33952667,22.8
26.34369367,22.8
26.34786067,22.8
26.35202767,22.8
26.35619467,22.8
26.36036167,22.8
26.36452867,22.8
26.36869567,22.8
26.37286267,22.8
26.37702967,22.8
26.38119667,22.8
26.38536367,22.8
26.38953067,22.8
26.39369767,22.8
26.39786467,22.8
26.40203167,22.8
26.40619867,22.8
26.41036567,22.8
26.41453267,22.8
26.41869967,22.8
26.42286667,22.8
26.42703367,22.8
26.43120067,22.8
26.43536767,22.8
26.43953467,22.8
26.44370167,22.8
26.44786867,22.8
26.45203567,22.8
26.45620267,22.8
26.46036967,22.8
26.46453667,22.8
26.46870367,22.8
26.47287067,22.8
26.47703767,22.8
26.48120467,22.8
26.48537167,22.8
26.48953867,22.8
26.49370567,22.8
26.49787267,22.8
26.50203967,22.8
26.50620667,22.8
26.51037367,22.8
26.51454067,22.8
26.51870767,22.8
26.52287467,22.8
26.52704167,22.8
26.53120867,22.8
26.53537567,22.8
26.53954267,22.8
26.54370967,22.8
26.54787667,22.8
26.55204367,22.8
26.55621067,22.8
26.56037767,22.8
26.56454467,22.8
26.56871167,22.8
26.57287867,22.8
26.57704567,22.8
26.58121267,22.8
26.58537967,22.8
26.58954667,22.8
26.59371367,22.8
26.59788067,22.8
26.60204767,22.8
26.60621467,22.8
26.61038167,22.8
26.61454867,22.8
26.61871567,22.8
26.62288267,22.8
26.62704967,22.8
26.63121667,22.8
26.63538367,22.8
26.63955067,22.8
26.64371767,22.8
26.64788467,22.8
26.65205167,22.8
26.65621867,22.8
26.66038567,22.8
26.66455267,22.8
26.66871967,22.8
26.67288667,22.8
26.67705367,22.8
26.68122067,22.8
26.68538767,22.8
26.68955467,22.8
26.69372167,22.8
26.69788867,22.8
26.70205567,22.8
26.70622267,22.8
26.71038967,22.8
26.71455667,22.8
26.71872367,22.8
26.72289067,22.8
26.72705767,22.8
26.73122467,22.8
26.73539167,22.8
26.73955867,22.8
26.74372567,22.8
26.74789267,22.8
26.75205967,22.8
26.75622667,22.8
26.76039367,22.8
26.76456067,22.8
26.76872767,22.8
26.77289467,22.8
26.77706167,22.8
26.78122867,22.8
26.78539567,22.8
26.78956267,22.8
26.79372967,22.8
26.79789667,22.8
26.80206367,22.8
26.80623067,22.8
26.81039767,22.8
26.81456467,22.8
26.81873167,22.8
26.82289867,22.8
26.82706567,22.8
26.83123267,22.8
26.83539967,22.8
26.83956667,22.8
26.84373367,22.8
26.84790067,22.8
26.85206767,22.8
26.85623467,22.8
26.86040167,22.8
26.86456867,22.8
26.86873567,22.8
26.87290267,22.8
26.87706967,22.8
26.88123667,22.8
26.88540367,22.8
26.88957067,22.8
26.89373767,22.8
26.89790467,22.8
26.90207167,22.8
26.90623867,22.8
26.91040567,22.8
26.91457267,22.8
26.91873967,22.8
26.92290667,22.8
26.92707367,22.8
26.93124067,22.8
26.93540767,22.8
26.93957467,22.8
26.94374167,22.8
26.94790867,22.8
26.95207567,22.8
26.95624267,22.8
26.96040967,22.8
26.96457667,22.8
26.96874367,22.8
26.97291067,22.8
26.97707767,22.8
26.98124467,22.8
26.98541167,22.8
26.98957867,22.8
26.99374567,22.8
26.99791267,22.8
27.00207967,22.8
27.00624667,22.8
27.01041367,22.8
27.01458067,22.8
27.01874767,22.8
27.02291467,22.8
27.02708167,22.8
27.03124867,22.8
27.03541567,22.8
27.03958267,22.8
27.04374967,22.8
27.04791667,22.8
27.05208367,22.8
27.05625067,22.8
27.06041767,22.8
27.06458467,22.8
27.06875167,22.8
27.07291867,22.8
27.07708567,22.8
27.08125267,22.8
27.08541967,22.8
27.08958667,22.8
27.09375367,22.8
27.09792067,22.8
27.10208767,22.8
27.10625467,22.8
27.11042167,22.8
27.11458867,22.8
27.11875567,22.8
27.12292267,22.8
27.12708967,22.8
27.13125667,22.8
27.13542367,22.8
27.13959067,22.8
27.14375767,22.8
27.14792467,22.8
27.15209167,22.8
27.15625867,22.8
27.16042567,22.8
27.16459267,22.8
27.16875967,22.8
27.17292667,22.8
27.17709367,22.8
27.18126067,22.8
27.18542767,22.8
27.18959467,22.8
27.19376167,22.8
27.19792867,22.8
27.20209567,22.8
27.20626267,22.8
27.21042967,22.8
27.21459667,22.8
27.21876367,22.8
27.22293067,22.8
27.22709767,22.8
27.23126467,22.8
27.23543167,22.8
27.23959867,22.8
27.24376567,22.8
27.24793267,22.8
27.25209967,22.8
27.25626667,22.8
27.26043367,22.8
27.26460067,22.8
27.26876767,22.8
27.27293467,22.8
27.27710167,22.8
27.28126867,22.8
27.28543567,22.8
27.28960267,22.8
27.29376967,22.8
27.29793667,22.8
27.30210367,22.8
27.30627067,22.8
27.31043767,22.8
27.31460467,22.8
27.31877167,22.8
27.32293867,22.8
27.32710567,22.8
27.33127267,22.8
27.33543967,22.8
27.33960667,22.8
27.34377367,22.8
27.34794067,22.8
27.35210767,22.8
27.35627467,22.8
27.36044167,22.8
27.36460867,22.8
27.36877567,22.8
27.37294267,22.8
27.37710967,22.8
27.38127667,22.8
27.38544367,22.8
27.38961067,22.8
27.39377767,22.8
27.39794467,22.8
27.40211167,22.8
27.40627867,22.8
27.41044567,22.8
27.41461267,22.8
27.41877967,22.8
27.42294667,22.8
27.42711367,22.8
27.43128067,22.8
27.43544767,22.8
27.43961467,22.8
27.44378167,22.8
27.44794867,22.8
27.45211567,22.8
27.45628267,22.8
27.46044967,22.8
27.46461667,22.8
27.46878367,22.8
27.47295067,22.8
27.47711767,22.8
27.48128467,22.8
27.48545167,22.8
27.48961867,22.8
27.49378567,22.8
27.49795267,22.8
27.50211967,22.8
27.50628667,22.8
27.51045367,22.8
27.51462067,22.8
27.51878767,22.8
27.52295467,22.8
27.52712167,22.8
27.53128867,22.8
27.53545567,22.8
27.53962267,22.8
27.54378967,22.8
27.54795667,22.8
27.55212367,22.8
27.55629067,22.8
27.56045767,22.8
27.56462467,22.8
27.56879167,22.8
27.57295867,22.8
27.57712567,22.8
27.58129267,22.8
27.58545967,22.8
27.58962667,22.8
27.59379367,22.8
27.59796067,22.8
27.60212767,22.8
27.60629467,22.8
27.61046167,22.8
27.61462867,22.8
27.61879567,22.8
27.62296267,22.8
27.62712967,22.8
27.63129667,22.8
27.63546367,22.8
27.63963067,22.8
27.64379767,22.8
27.64796467,22.8
27.65213167,22.8
27.65629867,22.8
27.66046567,22.8
27.66463267,22.8
27.66879967,22.8
27.67296667,22.8
27.67713367,22.8
27.68130067,22.8
27.68546767,22.8
27.68963467,22.8
27.69380167,22.8
27.69796867,22.8
27.70213567,22.8
27.70630267,22.8
27.71046967,22.8
27.71463667,22.8
27.71880367,22.8
27.72297067,22.8
27.72713767,22.8
27.73130467,22.8
27.73547167,22.8
27.73963867,22.8
27.74380567,22.8
27.74797267,22.8
27.75213967,22.8
27.75630667,22.8
27.76047367,22.8
27.76464067,22.8
27.76880767,22.8
27.77297467,22.8
27.77714167,22.8
27.78130867,22.8
27.78547567,22.8
27.78964267,22.8
27.79380967,22.8
27.79797667,22.8
27.80214367,22.8
27.80631067,22.8
27.81047767,22.8
27.81464467,22.8
27.81881167,22.8
27.82297867,22.8
27.82714567,22.8
27.83131267,22.8
27.83547967,22.8
27.83964667,22.8
27.84381367,22.8
27.84798067,22.8
27.85214767,22.8
27.85631467,22.8
27.86048167,22.8
27.86464867,22.8
27.86881567,22.8
27.87298267,22.8
27.87714967,22.8
27.88131667,22.8
27.88548367,22.8
27.88965067,22.8
27.89381767,22.8
27.89798467,22.8
27.90215167,22.8
27.90631867,22.8
27.91048567,22.8
27.91465267,22.8
27.91881967,22.8
27.92298667,22.8
27.92715367,22.8
27.93132067,22.8
27.93548767,22.8
27.93965467,22.8
27.94382167,22.8
27.94798867,22.8
27.95215567,22.8
27.95632267,22.8
27.96048967,22.8
27.96465667,22.8
27.96882367,22.8
27.97299067,22.8
27.97715767,22.8
27.98132467,22.8
27.98549167,22.8
27.98965867,22.8
27.99382567,22.8
27.99799267,22.8
28.00215967,22.8
28.00632667,22.8
28.01049367,22.8
28.01466067,22.8
28.01882767,22.8
28.02299467,22.8
28.02716167,22.8
28.03132867,22.8
28.03549567,22.8
28.03966267,22.8
28.04382967,22.8
28.04799667,22.8
28.05216367,22.8
28.05633067,22.8
28.06049767,22.8
28.06466467,22.8
28.06883167,22.8
28.07299867,22.8
28.07716567,22.8
28.08133267,22.8
28.08549967,22.8
28.08966667,22.8
28.09383367,22.8
28.09800067,22.8
28.10216767,22.8
28.10633467,22.8
28.11050167,22.8
28.11466867,22.8
28.11883567,22.8
28.12300267,22.8
28.12716967,22.8
28.13133667,22.8
28.13550367,22.8
28.13967067,22.8
28.14383767,22.8
28.14800467,22.8
28.15217167,22.8
28.15633867,22.8
28.16050567,22.8
28.16467267,22.8
28.16883967,22.8
28.17300667,22.8
28.17717367,22.8
28.18134067,22.8
28.18550767,22.8
28.18967467,22.8
28.19384167,22.8
28.19800867,22.8
28.20217567,22.8
28.20634267,22.8
28.21050967,22.8
28.21467667,22.8
28.21884367,22.8
28.22301067,22.8
28.22717767,22.8
28.23134467,22.8
28.23551167,22.8
28.23967867,22.8
28.24384567,22.8
28.24801267,22.8
28.25217967,22.8
28.25634667,22.8
28.26051367,22.8
28.26468067,22.8
28.26884767,22.8
28.27301467,22.8
28.27718167,22.8
28.28134867,22.8
28.28551567,22.8
28.28968267,22.8
28.29384967,22.8
28.29801667,22.8
28.30218367,22.8
28.30635067,22.8
28.31051767,22.8
28.31468467,22.8
28.31885167,22.8
28.32301867,22.8
28.32718567,22.8
28.33135267,22.8
28.33551967,22.8
28.33968667,22.8
28.34385367,22.8
28.34802067,22.8
28.35218767,22.8
28.35635467,22.8
28.36052167,22.8
28.36468867,22.8
28.36885567,22.8
28.37302267,22.8
28.37718967,22.8
28.38135667,22.8
28.38552367,22.8
28.38969067,22.8
28.39385767,22.8
28.39802467,22.8
28.40219167,22.8
28.40635867,22.8
28.41052567,22.8
28.41469267,22.8
28.41885967,22.8
28.42302667,22.8
28.42719367,22.8
28.43136067,22.8
28.43552767,22.8
28.43969467,22.8
28.44386167,22.8
28.44802867,22.8
28.45219567,22.8
28.45636267,22.8
28.46052967,22.8
28.46469667,22.8
28.46886367,22.8
28.47303067,22.8
28.47719767,22.8
28.48136467,22.8
28.48553167,22.8
28.48969867,22.8
28.49386567,22.8
28.49803267,22.8
28.50219967,22.8
28.50636667,22.8
28.51053367,22.8
28.51470067,22.8
28.51886767,22.8
28.52303467,22.8
28.52720167,22.8
28.53136867,22.8
28.53553567,22.8
28.53970267,22.8
28.54386967,22.8
28.54803667,22.8
28.55220367,22.8
28.55637067,22.8
28.56053767,22.8
28.56470467,22.8
28.56887167,22.8
28.57303867,22.8
28.57720567,22.8
28.58137267,22.8
28.58553967,22.8
28.58970667,22.8
28.59387367,22.8
28.59804067,22.8
28.60220767,22.8
28.60637467,22.8
28.61054167,22.8
28.61470867,22.8
28.61887567,22.8
28.62304267,22.8
28.62720967,22.8
28.63137667,22.8
28.63554367,22.8
28.63971067,22.8
28.64387767,22.8
28.64804467,22.8
28.65221167,22.8
28.65637867,22.8
28.66054567,22.8
28.66471267,22.8
28.66887967,22.8
28.67304667,22.8
28.67721367,22.8
28.68138067,22.8
28.68554767,22.8
28.68971467,22.8
28.69388167,22.8
28.69804867,22.8
28.70221567,22.8
28.70638267,22.8
28.71054967,22.8
28.71471667,22.8
28.71888367,22.8
28.72305067,22.8
28.72721767,22.8
28.73138467,22.8
28.73555167,22.8
28.73971867,22.8
28.74388567,22.8
28.74805267,22.8
28.75221967,22.8
28.75638667,22.8
28.76055367,22.8
28.76472067,22.8
28.76888767,22.8
28.77305467,22.8
28.77722167,22.8
28.78138867,22.8
28.78555567,22.8
28.78972267,22.8
28.79388967,22.8
28.79805667,22.8
28.80222367,22.8
28.80639067,22.8
28.81055767,22.8
28.81472467,22.8
28.81889167,22.8
28.82305867,22.8
28.82722567,22.8
28.83139267,22.8
28.83555967,22.8
28.83972667,22.8
28.84389367,22.8
28.84806067,22.8
28.85222767,22.8
28.85639467,22.8
28.86056167,22.8
28.86472867,22.8
28.86889567,22.8
28.87306267,22.8
28.87722967,22.8
28.88139667,22.8
28.88556367,22.8
28.88973067,22.8
28.89389767,22.8
28.89806467,22.8
28.90223167,22.8
28.90639867,22.8
28.91056567,22.8
28.91473267,22.8
28.91889967,22.8
28.92306667,22.8
28.92723367,22.8
28.93140067,22.8
28.93556767,22.8
28.93973467,22.8
28.94390167,22.8
28.94806867,22.8
28.95223567,22.8
28.95640267,22.8
28.96056967,22.8
28.96473667,22.8
28.96890367,22.8
28.97307067,22.8
28.97723767,22.8
28.98140467,22.8
28.98557167,22.8
28.98973867,22.8
28.99390567,22.8
28.99807267,22.8
29.00223967,22.8
29.00640667,22.8
29.01057367,22.8
29.01474067,22.8
29.01890767,22.8
29.02307467,22.8
29.02724167,22.8
29.03140867,22.8
29.03557567,22.8
29.03974267,22.8
29.04390967,22.8
29.04807667,22.8
29.05224367,22.8
29.05641067,22.8
29.06057767,22.8
29.06474467,22.8
29.06891167,22.8
29.07307867,22.8
29.07724567,22.8
29.08141267,22.8
29.08557967,22.8
29.08974667,22.8
29.09391367,22.8
29.09808067,22.8
29.10224767,22.8
29.10641467,22.8
29.11058167,22.8
29.11474867,22.8
29.11891567,22.8
29.12308267,22.8
29.12724967,22.8
29.13141667,22.8
29.13558367,22.8
29.13975067,22.8
29.14391767,22.8
29.14808467,22.8
29.15225167,22.8
29.15641867,22.8
29.16058567,22.8
29.16475267,22.8
29.16891967,22.8
29.17308667,22.8
29.17725367,22.8
29.18142067,22.8
29.18558767,22.8
29.18975467,22.8
29.19392167,22.8
29.19808867,22.8
29.20225567,22.8
29.20642267,22.8
29.21058967,22.8
29.21475667,22.8
29.21892367,22.8
29.22309067,22.8
29.22725767,22.8
29.23142467,22.8
29.23559167,22.8
29.23975867,22.8
29.24392567,22.8
29.24809267,22.8
29.25225967,22.8
29.25642667,22.8
29.26059367,22.8
29.26476067,22.8
29.26892767,22.8
29.27309467,22.8
29.27726167,22.8
29.28142867,22.8
29.28559567,22.8
29.28976267,22.8
29.29392967,22.8
29.29809667,22.8
29.30226367,22.8
29.30643067,22.8
29.31059767,22.8
29.31476467,22.8
29.31893167,22.8
29.32309867,22.8
29.32726567,22.8
29.33143267,22.8
29.33559967,22.8
29.33976667,22.8
29.34393367,22.8
29.34810067,22.8
29.35226767,22.8
29.35643467,22.8
29.36060167,22.8
29.36476867,22.8
29.36893567,22.8
29.37310267,22.8
29.37726967,22.8
29.38143667,22.8
29.38560367,22.8
29.38977067,22.8
29.39393767,22.8
29.39810467,22.8
29.40227167,22.8
29.40643867,22.8
29.41060567,22.8
29.41477267,22.8
29.41893967,22.8
29.42310667,22.8
29.42727367,22.8
29.43144067,22.8
29.43560767,22.8
29.43977467,22.8
29.44394167,22.8
29.44810867,22.8
29.45227567,22.8
29.45644267,22.8
29.46060967,22.8
29.46477667,22.8
29.46894367,22.8
29.47311067,22.8
29.47727767,22.8
29.48144467,22.8
29.48561167,22.8
29.48977867,22.8
29.49394567,22.8
29.49811267,22.8
29.50227967,22.8
29.50644667,22.8
29.51061367,22.8
29.51478067,22.8
29.51894767,22.8
29.52311467,22.8
29.52728167,22.8
29.53144867,22.8
29.53561567,22.8
29.53978267,22.8
29.54394967,22.8
29.54811667,22.8
29.55228367,22.8
29.55645067,22.8
29.56061767,22.8
29.56478467,22.8
29.56895167,22.8
29.57311867,22.8
29.57728567,22.8
29.58145267,22.8
29.58561967,22.8
29.58978667,22.8
29.59395367,22.8
29.59812067,22.8
29.60228767,22.8
29.60645467,22.8
29.61062167,22.8
29.61478867,22.8
29.61895567,22.8
29.62312267,22.8
29.62728967,22.8
29.63145667,22.8
29.63562367,22.8
29.63979067,22.8
29.64395767,22.8
29.64812467,22.8
29.65229167,22.8
29.65645867,22.8
29.66062567,22.8
29.66479267,22.8
29.66895967,22.8
29.67312667,22.8
29.67729367,22.8
29.68146067,22.8
29.68562767,22.8
29.68979467,22.8
29.69396167,22.8
29.69812867,22.8
29.70229567,22.8
29.70646267,22.8
29.71062967,22.8
29.71479667,22.8
29.71896367,22.8
29.72313067,22.8
29.72729767,22.8
29.73146467,22.8
29.73563167,22.8
29.73979867,22.8
29.74396567,22.8
29.74813267,22.8
29.75229967,22.8
29.75646667,22.8
29.76063367,22.8
29.76480067,22.8
29.76896767,22.8
29.77313467,22.8
29.77730167,22.8
29.78146867,22.8
29.78563567,22.8
29.78980267,22.8
29.79396967,22.8
29.79813667,22.8
29.80230367,22.8
29.80647067,22.8
29.81063767,22.8
29.81480467,22.8
29.81897167,22.8
29.82313867,22.8
29.82730567,22.8
29.83147267,22.8
29.83563967,22.8
29.83980667,22.8
29.84397367,22.8
29.84814067,22.8
29.85230767,22.8
29.85647467,22.8
29.86064167,22.8
29.86480867,22.8
29.86897567,22.8
29.87314267,22.8
29.87730967,22.8
29.88147667,22.8
29.88564367,22.8
29.88981067,22.8
29.89397767,22.8
29.89814467,22.8
29.90231167,22.8
29.90647867,22.8
29.91064567,22.8
29.91481267,22.8
29.91897967,22.8
29.92314667,22.8
29.92731367,22.8
29.93148067,22.8
29.93564767,22.8
29.93981467,22.8
29.94398167,22.8
29.94814867,22.8
29.95231567,22.8
29.95648267,22.8
29.96064967,22.8
29.96481667,22.8
29.96898367,22.8
29.97315067,22.8
29.97731767,22.8
29.98148467,22.8
29.98565167,22.8
29.98981867,22.8
29.99398567,22.8
29.99815267,22.8
30.00231967,22.8
30.00648667,22.8
30.01065367,22.8
30.01482067,22.8
30.01898767,22.8
30.02315467,22.8
30.02732167,22.8
30.03148867,22.8
30.03565567,22.8
30.03982267,22.8
30.04398967,22.8
30.04815667,22.8
30.05232367,22.8
30.05649067,22.8
30.06065767,22.8
30.06482467,22.8
30.06899167,22.8
30.07315867,22.8
30.07732567,22.8
30.08149267,22.8
30.08565967,22.8
30.08982667,22.8
30.09399367,22.8
30.09816067,22.8
30.10232767,22.8
30.10649467,22.8
30.11066167,22.8
30.11482867,22.8
30.11899567,22.8
30.12316267,22.8
30.12732967,22.8
30.13149667,22.8
30.13566367,22.8
30.13983067,22.8
30.14399767,22.8
30.14816467,22.8
30.15233167,22.8
30.15649867,22.8
30.16066567,22.8
30.16483267,22.8
30.16899967,22.8
30.17316667,22.8
30.17733367,22.8
30.18150067,22.8
30.18566767,22.8
30.18983467,22.8
30.19400167,22.8
30.19816867,22.8
30.20233567,22.8
30.20650267,22.8
30.21066967,22.8
30.21483667,22.8
30.21900367,22.8
30.22317067,22.8
30.22733767,22.8
30.23150467,22.8
30.23567167,22.8
30.23983867,22.8
30.24400567,22.8
30.24817267,22.8
30.25233967,22.8
30.25650667,22.8
30.26067367,22.8
30.26484067,22.8
30.26900767,22.8
30.27317467,22.8
30.27734167,22.8
30.28150867,22.8
30.28567567,22.8
30.28984267,22.8
30.29400967,22.8
30.29817667,22.8
30.30234367,22.8
30.30651067,22.8
30.31067767,22.8
30.31484467,22.8
30.31901167,22.8
30.32317867,22.8
30.32734567,22.8
30.33151267,22.8
30.33567967,22.8
30.33984667,22.8
30.34401367,22.8
30.34818067,22.8
30.35234767,22.8
30.35651467,22.8
30.36068167,22.8
30.36484867,22.8
30.36901567,22.8
30.37318267,22.8
30.37734967,22.8
30.38151667,22.8
30.38568367,22.8
30.38985067,22.8
30.39401767,22.8
30.39818467,22.8
30.40235167,22.8
30.40651867,22.8
30.41068567,22.8
30.41485267,22.8
30.41901967,22.8
30.42318667,22.8
30.42735367,22.8
30.43152067,22.8
30.43568767,22.8
30.43985467,22.8
30.44402167,22.8
30.44818867,22.8
30.45235567,22.8
30.45652267,22.8
30.46068967,22.8
30.46485667,22.8
30.46902367,22.8
30.47319067,22.8
30.47735767,22.8
30.48152467,22.8
30.48569167,22.8
30.48985867,22.8
30.49402567,22.8
30.49819267,22.8
30.50235967,22.8
30.50652667,22.8
30.51069367,22.8
30.51486067,22.8
30.51902767,22.8
30.52319467,22.8
30.52736167,22.8
30.53152867,22.8
30.53569567,22.8
30.53986267,22.8
30.54402967,22.8
30.54819667,22.8
30.55236367,22.8
30.55653067,22.8
30.56069767,22.8
30.56486467,22.8
30.56903167,22.8
30.57319867,22.8
30.57736567,22.8
30.58153267,22.8
30.58569967,22.8
30.58986667,22.8
30.59403367,22.8
30.59820067,22.8
30.60236767,22.8
30.60653467,22.8
30.61070167,22.8
30.61486867,22.8
30.61903567,22.8
30.62320267,22.8
30.62736967,22.8
30.63153667,22.8
30.63570367,22.8
30.63987067,22.8
30.64403767,22.8
30.64820467,22.8
30.65237167,22.8
30.65653867,22.8
30.66070567,22.8
30.66487267,22.8
30.66903967,22.8
30.67320667,22.8
30.67737367,22.8
30.68154067,22.8
30.68570767,22.8
30.68987467,22.8
30.69404167,22.8
30.69820867,22.8
30.70237567,22.8
30.70654267,22.8
30.71070967,22.8
30.71487667,22.8
30.71904367,22.8
30.72321067,22.8
30.72737767,22.8
30.73154467,22.8
30.73571167,22.8
30.73987867,22.8
30.74404567,22.8
30.74821267,22.8
30.75237967,22.8
30.75654667,22.8
30.76071367,22.8
30.76488067,22.8
30.76904767,22.8
30.77321467,22.8
30.77738167,22.8
30.78154867,22.8
30.78571567,22.8
30.78988267,22.8
30.79404967,22.8
30.79821667,22.8
30.80238367,22.8
30.80655067,22.8
30.81071767,22.8
30.81488467,22.8
30.81905167,22.8
30.82321867,22.8
30.82738567,22.8
30.83155267,22.8
30.83571967,22.8
30.83988667,22.8
30.84405367,22.8
30.84822067,22.8
30.85238767,22.8
30.85655467,22.8
30.86072167,22.8
30.86488867,22.8
30.86905567,22.8
30.87322267,22.8
30.87738967,22.8
30.88155667,22.8
30.88572367,22.8
30.88989067,22.8
30.89405767,22.8
30.89822467,22.8
30.90239167,22.8
30.90655867,22.8
30.91072567,22.8
30.91489267,22.8
30.91905967,22.8
30.92322667,22.8
30.92739367,22.8
30.93156067,22.8
30.93572767,22.8
30.93989467,22.8
30.94406167,22.8
30.94822867,22.8
30.95239567,22.8
30.95656267,22.8
30.96072967,22.8
30.96489667,22.8
30.96906367,22.8
30.97323067,22.8
30.97739767,22.8
30.98156467,22.8
30.98573167,22.8
30.98989867,22.8
30.99406567,22.8
30.99823267,22.8
31.00239967,22.8
31.00656667,22.8
31.01073367,22.8
31.01490067,22.8
31.01906767,22.8
31.02323467,22.8
31.02740167,22.8
31.03156867,22.8
31.03573567,22.8
31.03990267,22.8
31.04406967,22.8
31.04823667,22.8
31.05240367,22.8
31.05657067,22.8
31.06073767,22.8
31.06490467,22.8
31.06907167,22.8
31.07323867,22.8
31.07740567,22.8
31.08157267,22.8
31.08573967,22.8
31.08990667,22.8
31.09407367,22.8
31.09824067,22.8
31.10240767,22.8
31.10657467,22.8
31.11074167,22.8
31.11490867,22.8
31.11907567,22.8
31.12324267,22.8
31.12740967,22.8
31.13157667,22.8
31.13574367,22.8
31.13991067,22.8
31.14407767,22.8
31.14824467,22.8
31.15241167,22.8
31.15657867,22.8
31.16074567,22.8
31.16491267,22.8
31.16907967,22.8
31.17324667,22.8
31.17741367,22.8
31.18158067,22.8
31.18574767,22.8
31.18991467,22.8
31.19408167,22.8
31.19824867,22.8
31.20241567,22.8
31.20658267,22.8
31.21074967,22.8
31.21491667,22.8
31.21908367,22.8
31.22325067,22.8
31.22741767,22.8
31.23158467,22.8
31.23575167,22.8
31.23991867,22.8
31.24408567,22.8
31.24825267,22.8
31.25241967,22.8
31.25658667,22.8
31.26075367,22.8
31.26492067,22.8
31.26908767,22.8
31.27325467,22.8
31.27742167,22.8
31.28158867,22.8
31.28575567,22.8
31.28992267,22.8
31.29408967,22.8
31.29825667,22.8
31.30242367,22.8
31.30659067,22.8
31.31075767,22.8
31.31492467,22.8
31.31909167,22.8
31.32325867,22.8
31.32742567,22.8
31.33159267,22.8
31.33575967,22.8
31.33992667,22.8
31.34409367,22.8
31.34826067,22.8
31.35242767,22.8
31.35659467,22.8
31.36076167,22.8
31.36492867,22.8
31.36909567,22.8
31.37326267,22.8
31.37742967,22.8
31.38159667,22.8
31.38576367,22.8
31.38993067,22.8
31.39409767,22.8
31.39826467,22.8
31.40243167,22.8
31.40659867,22.8
31.41076567,22.8
31.41493267,22.8
31.41909967,22.8
31.42326667,22.8
31.42743367,22.8
31.43160067,22.8
31.43576767,22.8
31.43993467,22.8
31.44410167,22.8
31.44826867,22.8
31.45243567,22.8
31.45660267,22.8
31.46076967,22.8
31.46493667,22.8
31.46910367,22.8
31.47327067,22.8
31.47743767,22.8
31.48160467,22.8
31.48577167,22.8
31.48993867,22.8
31.49410567,22.8
31.49827267,22.8
31.50243967,22.8
31.50660667,22.8
31.51077367,22.8
31.51494067,22.8
31.51910767,22.8
31.52327467,22.8
31.52744167,22.8
31.53160867,22.8
31.53577567,22.8
31.53994267,22.8
31.54410967,22.8
31.54827667,22.8
31.55244367,22.8
31.55661067,22.8
31.56077767,22.8
31.56494467,22.8
31.56911167,22.8
31.57327867,22.8
31.57744567,22.8
31.58161267,22.8
31.58577967,22.8
31.58994667,22.8
31.59411367,22.8
31.59828067,22.8
31.60244767,22.8
31.60661467,22.8
31.61078167,22.8
31.61494867,22.8
31.61911567,22.8
31.62328267,22.8
31.62744967,22.8
31.63161667,22.8
31.63578367,22.8
31.63995067,22.8
31.64411767,22.8
31.64828467,22.8
31.65245167,22.8
31.65661867,22.8
31.66078567,22.8
31.66495267,22.8
31.66911967,22.8
31.67328667,22.8
31.67745367,22.8
31.68162067,22.8
31.68578767,22.8
31.68995467,22.8
31.69412167,22.8
31.69828867,22.8
31.70245567,22.8
31.70662267,22.8
31.71078967,22.8
31.71495667,22.8
31.71912367,22.8
31.72329067,22.8
31.72745767,22.8
31.73162467,22.8
31.73579167,22.8
31.73995867,22.8
31.74412567,22.8
31.74829267,22.8
31.75245967,22.8
31.75662667,22.8
31.76079367,22.8
31.76496067,22.8
31.76912767,22.8
31.77329467,22.8
31.77746167,22.8
31.78162867,22.8
31.78579567,22.8
31.78996267,22.8
31.79412967,22.8
31.79829667,22.8
31.80246367,22.8
31.80663067,22.8
31.81079767,22.8
31.81496467,22.8
31.81913167,22.8
31.82329867,22.8
31.82746567,22.8
31.83163267,22.8
31.83579967,22.8
31.83996667,22.8
31.84413367,22.8
31.84830067,22.8
31.85246767,22.8
31.85663467,22.8
31.86080167,22.8
31.86496867,22.8
31.86913567,22.8
31.87330267,22.8
31.87746967,22.8
31.88163667,22.8
31.88580367,22.8
31.88997067,22.8
31.89413767,22.8
31.89830467,22.8
31.90247167,22.8
31.90663867,22.8
31.91080567,22.8
31.91497267,22.8
31.91913967,22.8
31.92330667,22.8
31.92747367,22.8
31.93164067,22.8
31.93580767,22.8
31.93997467,22.8
31.94414167,22.8
31.94830867,22.8
31.95247567,22.8
31.95664267,22.8
31.96080967,22.8
31.96497667,22.8
31.96914367,22.8
31.97331067,22.8
31.97747767,22.8
31.98164467,22.8
31.98581167,22.8
31.98997867,22.8
31.99414567,22.8
31.99831267,22.8
32.00247967,22.8
32.00664667,22.8
32.01081367,22.8
32.01498067,22.8
32.01914767,22.8
32.02331467,22.8
32.02748167,22.8
32.03164867,22.8
32.03581567,22.8
32.03998267,22.8
32.04414967,22.8
32.04831667,22.8
32.05248367,22.8
32.05665067,22.8
32.06081767,22.8
32.06498467,22.8
32.06915167,22.8
32.07331867,22.8
32.07748567,22.8
32.08165267,22.8
32.08581967,22.8
32.08998667,22.8
32.09415367,22.8
32.09832067,22.8
32.10248767,22.8
32.10665467,22.8
32.11082167,22.8
32.11498867,22.8
32.11915567,22.8
32.12332267,22.8
32.12748967,22.8
32.13165667,22.8
32.13582367,22.8
32.13999067,22.8
32.14415767,22.8
32.14832467,22.8
32.15249167,22.8
32.15665867,22.8
32.16082567,22.8
32.16499267,22.8
32.16915967,22.8
32.17332667,22.8
32.17749367,22.8
32.18166067,22.8
32.18582767,22.8
32.18999467,22.8
32.19416167,22.8
32.19832867,22.8
32.20249567,22.8
32.20666267,22.8
32.21082967,22.8
32.21499667,22.8
32.21916367,22.8
32.22333067,22.8
32.22749767,22.8
32.23166467,22.8
32.23583167,22.8
32.23999867,22.8
32.24416567,22.8
32.24833267,22.8
32.25249967,22.8
32.25666667,22.8
32.26083367,22.8
32.26500067,22.8
32.26916767,22.8
32.27333467,22.8
32.27750167,22.8
32.28166867,22.8
32.28583567,22.8
32.29000267,22.8
32.29416967,22.8
32.29833667,22.8
32.30250367,22.8
32.30667067,22.8
32.31083767,22.8
32.31500467,22.8
32.31917167,22.8
32.32333867,22.8
32.32750567,22.8
32.33167267,22.8
32.33583967,22.8
32.34000667,22.8
32.34417367,22.8
32.34834067,22.8
32.35250767,22.8
32.35667467,22.8
32.36084167,22.8
32.36500867,22.8
32.36917567,22.8
32.37334267,22.8
32.37750967,22.8
32.38167667,22.8
32.38584367,22.8
32.39001067,22.8
32.39417767,22.8
32.39834467,22.8
32.40251167,22.8
32.40667867,22.8
32.41084567,22.8
32.41501267,22.8
32.41917967,22.8
32.42334667,22.8
32.42751367,22.8
32.43168067,22.8
32.43584767,22.8
32.44001467,22.8
32.44418167,22.8
32.44834867,22.8
32.45251567,22.8
32.45668267,22.8
32.46084967,22.8
32.46501667,22.8
32.46918367,22.8
32.47335067,22.8
32.47751767,22.8
32.48168467,22.8
32.48585167,22.8
32.49001867,22.8
32.49418567,22.8
32.49835267,22.8
32.50251967,22.8
32.50668667,22.8
32.51085367,22.8
32.51502067,22.8
32.51918767,22.8
32.52335467,22.8
32.52752167,22.8
32.53168867,22.8
32.53585567,22.8
32.54002267,22.8
32.54418967,22.8
32.54835667,22.8
32.55252367,22.8
32.55669067,22.8
32.56085767,22.8
32.56502467,22.8
32.56919167,22.8
32.57335867,22.8
32.57752567,22.8
32.58169267,22.8
32.58585967,22.8
32.59002667,22.8
32.59419367,22.8
32.59836067,22.8
32.60252767,22.8
32.60669467,22.8
32.61086167,22.8
32.61502867,22.8
32.61919567,22.8
32.62336267,22.8
32.62752967,22.8
32.63169667,22.8
32.63586367,22.8
32.64003067,22.8
32.64419767,22.8
32.64836467,22.8
32.65253167,22.8
32.65669867,22.8
32.66086567,22.8
32.66503267,22.8
32.66919967,22.8
32.67336667,22.8
32.67753367,22.8
32.68170067,22.8
32.68586767,22.8
32.69003467,22.8
32.69420167,22.8
32.69836867,22.8
32.70253567,22.8
32.70670267,22.8
32.71086967,22.8
32.71503667,22.8
32.71920367,22.8
32.72337067,22.8
32.72753767,22.8
32.73170467,22.8
32.73587167,22.8
32.74003867,22.8
32.74420567,22.8
32.74837267,22.8
32.75253967,22.8
32.75670667,22.8
32.76087367,22.8
32.76504067,22.8
32.76920767,22.8
32.77337467,22.8
32.77754167,22.8
32.78170867,22.8
32.78587567,22.8
32.79004267,22.8
32.79420967,22.8
32.79837667,22.8
32.80254367,22.8
32.80671067,22.8
32.81087767,22.8
32.81504467,22.8
32.81921167,22.8
32.82337867,22.8
32.82754567,22.8
32.83171267,22.8
32.83587967,22.8
32.84004667,22.8
32.84421367,22.8
32.84838067,22.8
32.85254767,22.8
32.85671467,22.8
32.86088167,22.8
32.86504867,22.8
32.86921567,22.8
32.87338267,22.8
32.87754967,22.8
32.88171667,22.8
32.88588367,22.8
32.89005067,22.8
32.89421767,22.8
32.89838467,22.8
32.90255167,22.8
32.90671867,22.8
32.91088567,22.8
32.91505267,22.8
32.91921967,22.8
32.92338667,22.8
32.92755367,22.8
32.93172067,22.8
32.93588767,22.8
32.94005467,22.8
32.94422167,22.8
32.94838867,22.8
32.95255567,22.8
32.95672267,22.8
32.96088967,22.8
32.96505667,22.8
32.96922367,22.8
32.97339067,22.8
32.97755767,22.8
32.98172467,22.8
32.98589167,22.8
32.99005867,22.8
32.99422567,22.8
32.99839267,22.8
33.00255967,22.8
33.00672667,22.8
33.01089367,22.8
33.01506067,22.8
33.01922767,22.8
33.02339467,22.8
33.02756167,22.8
33.03172867,22.8
33.03589567,22.8
33.04006267,22.8
33.04422967,22.8
33.04839667,22.8
33.05256367,22.8
33.05673067,22.8
33.06089767,22.8
33.06506467,22.8
33.06923167,22.8
33.07339867,22.8
33.07756567,22.8
33.08173267,22.8
33.08589967,22.8
33.09006667,22.8
33.09423367,22.8
33.09840067,22.8
33.10256767,22.8
33.10673467,22.8
33.11090167,22.8
33.11506867,22.8
33.11923567,22.8
33.12340267,22.8
33.12756967,22.8
33.13173667,22.8
33.13590367,22.8
33.14007067,22.8
33.14423767,22.8
33.14840467,22.8
33.15257167,22.8
33.15673867,22.8
33.16090567,22.8
33.16507267,22.8
33.16923967,22.8
33.17340667,22.8
33.17757367,22.8
33.18174067,22.8
33.18590767,22.8
33.19007467,22.8
33.19424167,22.8
33.19840867,22.8
33.20257567,22.8
33.20674267,22.8
33.21090967,22.8
33.21507667,22.8
33.21924367,22.8
33.22341067,22.8
33.22757767,22.8
33.23174467,22.8
33.23591167,22.8
33.24007867,22.8
33.24424567,22.8
33.24841267,22.8
33.25257967,22.8
33.25674667,22.8
33.26091367,22.8
33.26508067,22.8
33.26924767,22.8
33.27341467,22.8
33.27758167,22.8
33.28174867,22.8
33.28591567,22.8
33.29008267,22.8
33.29424967,22.8
33.29841667,22.8
33.30258367,22.8
33.30675067,22.8
33.31091767,22.8
33.31508467,22.8
33.31925167,22.8
33.32341867,22.8
33.32758567,22.8
33.33175267,22.8
33.33591967,22.8
33.34008667,22.8
33.34425367,22.8
33.34842067,22.8
33.35258767,22.8
33.35675467,22.8
33.36092167,22.8
33.36508867,22.8
33.36925567,22.8
33.37342267,22.8
33.37758967,22.8
33.38175667,22.8
33.38592367,22.8
33.39009067,22.8
33.39425767,22.8
33.39842467,22.8
33.40259167,22.8
33.40675867,22.8
33.41092567,22.8
33.41509267,22.8
33.41925967,22.8
33.42342667,22.8
33.42759367,22.8
33.43176067,22.8
33.43592767,22.8
33.44009467,22.8
33.44426167,22.8
33.44842867,22.8
33.45259567,22.8
33.45676267,22.8
33.46092967,22.8
33.46509667,22.8
33.46926367,22.8
33.47343067,22.8
33.47759767,22.8
33.48176467,22.8
33.48593167,22.8
33.49009867,22.8
33.49426567,22.8
33.49843267,22.8
33.50259967,22.8
33.50676667,22.8
33.51093367,22.8
33.51510067,22.8
33.51926767,22.8
33.52343467,22.8
33.52760167,22.8
33.53176867,22.8
33.53593567,22.8
33.54010267,22.8
33.54426967,22.8
33.54843667,22.8
33.55260367,22.8
33.55677067,22.8
33.56093767,22.8
33.56510467,22.8
33.56927167,22.8
33.57343867,22.8
33.57760567,22.8
33.58177267,22.8
33.58593967,22.8
33.59010667,22.8
33.59427367,22.8
33.59844067,22.8
33.60260767,22.8
33.60677467,22.8
33.61094167,22.8
33.61510867,22.8
33.61927567,22.8
33.62344267,22.8
33.62760967,22.8
33.63177667,22.8
33.63594367,22.8
33.64011067,22.8
33.64427767,22.8
33.64844467,22.8
33.65261167,22.8
33.65677867,22.8
33.66094567,22.8
33.66511267,22.8
33.66927967,22.8
33.67344667,22.8
33.67761367,22.8
33.68178067,22.8
33.68594767,22.8
33.69011467,22.8
33.69428167,22.8
33.69844867,22.8
33.70261567,22.8
33.70678267,22.8
33.71094967,22.8
33.71511667,22.8
33.71928367,22.8
33.72345067,22.8
33.72761767,22.8
33.73178467,22.8
33.73595167,22.8
33.74011867,22.8
33.74428567,22.8
33.74845267,22.8
33.75261967,22.8
33.75678667,22.8
33.76095367,22.8
33.76512067,22.8
33.76928767,22.8
33.77345467,22.8
33.77762167,22.8
33.78178867,22.8
33.78595567,22.8
33.79012267,22.8
33.79428967,22.8
33.79845667,22.8
33.80262367,22.8
33.80679067,22.8
33.81095767,22.8
33.81512467,22.8
33.81929167,22.8
33.82345867,22.8
33.82762567,22.8
33.83179267,22.8
33.83595967,22.8
33.84012667,22.8
33.84429367,22.8
33.84846067,22.8
33.85262767,22.8
33.85679467,22.8
33.86096167,22.8
33.86512867,22.8
33.86929567,22.8
33.87346267,22.8
33.87762967,22.8
33.88179667,22.8
33.88596367,22.8
33.89013067,22.8
33.89429767,22.8
33.89846467,22.8
33.90263167,22.8
33.90679867,22.8
33.91096567,22.8
33.91513267,22.8
33.91929967,22.8
33.92346667,22.8
33.92763367,22.8
33.93180067,22.8
33.93596767,22.8
33.94013467,22.8
33.94430167,22.8
33.94846867,22.8
33.95263567,22.8
33.95680267,22.8
33.96096967,22.8
33.96513667,22.8
33.96930367,22.8
33.97347067,22.8
33.97763767,22.8
33.98180467,22.8
33.98597167,22.8
33.99013867,22.8
33.99430567,22.8
33.99847267,22.8
34.00263967,22.8
34.00680667,22.8
34.01097367,22.8
34.01514067,22.8
34.01930767,22.8
34.02347467,22.8
34.02764167,22.8
34.03180867,22.8
34.03597567,22.8
34.04014267,22.8
34.04430967,22.8
34.04847667,22.8
34.05264367,22.8
34.05681067,22.8
34.06097767,22.8
34.06514467,22.8
34.06931167,22.8
34.07347867,22.8
34.07764567,22.8
34.08181267,22.8
34.08597967,22.8
34.09014667,22.8
34.09431367,22.8
34.09848067,22.8
34.10264767,22.8
34.10681467,22.8
34.11098167,22.8
34.11514867,22.8
34.11931567,22.8
34.12348267,22.8
34.12764967,22.8
34.13181667,22.8
34.13598367,22.8
34.14015067,22.8
34.14431767,22.8
34.14848467,22.8
34.15265167,22.8
34.15681867,22.8
34.16098567,22.8
34.16515267,22.8
34.16931967,22.8
34.17348667,22.8
34.17765367,22.8
34.18182067,22.8
34.18598767,22.8
34.19015467,22.8
34.19432167,22.8
34.19848867,22.8
34.20265567,22.8
34.20682267,22.8
34.21098967,22.8
34.21515667,22.8
34.21932367,22.8
34.22349067,22.8
34.22765767,22.8
34.23182467,22.8
34.23599167,22.8
34.24015867,22.8
34.24432567,22.8
34.24849267,22.8
34.25265967,22.8
34.25682667,22.8
34.26099367,22.8
34.26516067,22.8
34.26932767,22.8
34.27349467,22.8
34.27766167,22.8
34.28182867,22.8
34.28599567,22.8
34.29016267,22.8
34.29432967,22.8
34.29849667,22.8
34.30266367,22.8
34.30683067,22.8
34.31099767,22.8
34.31516467,22.8
34.31933167,22.8
34.32349867,22.8
34.32766567,22.8
34.33183267,22.8
34.33599967,22.8
34.34016667,22.8
34.34433367,22.8
34.34850067,22.8
34.35266767,22.8
34.35683467,22.8
34.36100167,22.8
34.36516867,22.8
34.36933567,22.8
34.37350267,22.8
34.37766967,22.8
34.38183667,22.8
34.38600367,22.8
34.39017067,22.8
34.39433767,22.8
34.39850467,22.8
34.40267167,22.8
34.40683867,22.8
34.41100567,22.8
34.41517267,22.8
34.41933967,22.8
34.42350667,22.8
34.42767367,22.8
34.43184067,22.8
34.43600767,22.8
34.44017467,22.8
34.44434167,22.8
34.44850867,22.8
34.45267567,22.8
34.45684267,22.8
34.46100967,22.8
34.46517667,22.8
34.46934367,22.8
34.47351067,22.8
34.47767767,22.8
34.48184467,22.8
34.48601167,22.8
34.49017867,22.8
34.49434567,22.8
34.49851267,22.8
34.50267967,22.8
34.50684667,22.8
34.51101367,22.8
34.51518067,22.8
34.51934767,22.8
34.52351467,22.8
34.52768167,22.8
34.53184867,22.8
34.53601567,22.8
34.54018267,22.8
34.54434967,22.8
34.54851667,22.8
34.55268367,22.8
34.55685067,22.8
34.56101767,22.8
34.56518467,22.8
34.56935167,22.8
34.57351867,22.8
34.57768567,22.8
34.58185267,22.8
34.58601967,22.8
34.59018667,22.8
34.59435367,22.8
34.59852067,22.8
34.60268767,22.8
34.60685467,22.8
34.61102167,22.8
34.61518867,22.8
34.61935567,22.8
34.62352267,22.8
34.62768967,22.8
34.63185667,22.8
34.63602367,22.8
34.64019067,22.8
34.64435767,22.8
34.64852467,22.8
34.65269167,22.8
34.65685867,22.8
34.66102567,22.8
34.66519267,22.8
34.66935967,22.8
34.67352667,22.8
34.67769367,22.8
34.68186067,22.8
34.68602767,22.8
34.69019467,22.8
34.69436167,22.8
34.69852867,22.8
34.70269567,22.8
34.70686267,22.8
34.71102967,22.8
34.71519667,22.8
34.71936367,22.8
34.72353067,22.8
34.72769767,22.8
34.73186467,22.8
34.73603167,22.8
34.74019867,22.8
34.74436567,22.8
34.74853267,22.8
34.75269967,22.8
34.75686667,22.8
34.76103367,22.8
34.76520067,22.8
34.76936767,22.8
34.77353467,22.8
34.77770167,22.8
34.78186867,22.8
34.78603567,22.8
34.79020267,22.8
34.79436967,22.8
34.79853667,22.8
34.80270367,22.8
34.80687067,22.8
34.81103767,22.8
34.81520467,22.8
34.81937167,22.8
34.82353867,22.8
34.82770567,22.8
34.83187267,22.8
34.83603967,22.8
34.84020667,22.8
34.84437367,22.8
34.84854067,22.8
34.85270767,22.8
34.85687467,22.8
34.86104167,22.8
34.86520867,22.8
34.86937567,22.8
34.87354267,22.8
34.87770967,22.8
34.88187667,22.8
34.88604367,22.8
34.89021067,22.8
34.89437767,22.8
34.89854467,22.8
34.90271167,22.8
34.90687867,22.8
34.91104567,22.8
34.91521267,22.8
34.91937967,22.8
34.92354667,22.8
34.92771367,22.8
34.93188067,22.8
34.93604767,22.8
34.94021467,22.8
34.94438167,22.8
34.94854867,22.8
34.95271567,22.8
34.95688267,22.8
34.96104967,22.8
34.96521667,22.8
34.96938367,22.8
34.97355067,22.8
34.97771767,22.8
34.98188467,22.8
34.98605167,22.8
34.99021867,22.8
34.99438567,22.8
34.99855267,22.8
35.00271967,22.8
35.00688667,22.8
35.01105367,22.8
35.01522067,22.8
35.01938767,22.8
35.02355467,22.8
35.02772167,22.8
35.03188867,22.8
35.03605567,22.8
35.04022267,22.8
35.04438967,22.8
35.04855667,22.8
35.05272367,22.8
35.05689067,22.8
35.06105767,22.8
35.06522467,22.8
35.06939167,22.8
35.07355867,22.8
35.07772567,22.8
35.08189267,22.8
35.08605967,22.8
35.09022667,22.8
35.09439367,22.8
35.09856067,22.8
35.10272767,22.8
35.10689467,22.8
35.11106167,22.8
35.11522867,22.8
35.11939567,22.8
35.12356267,22.8
35.12772967,22.8
35.13189667,22.8
35.13606367,22.8
35.14023067,22.8
35.14439767,22.8
35.14856467,22.8
35.15273167,22.8
35.15689867,22.8
35.16106567,22.8
35.16523267,22.8
35.16939967,22.8
35.17356667,22.8
35.17773367,22.8
35.18190067,22.8
35.18606767,22.8
35.19023467,22.8
35.19440167,22.8
35.19856867,22.8
35.20273567,22.8
35.20690267,22.8
35.21106967,22.8
35.21523667,22.8
35.21940367,22.8
35.22357067,22.8
35.22773767,22.8
35.23190467,22.8
35.23607167,22.8
35.24023867,22.8
35.24440567,22.8
35.24857267,22.8
35.25273967,22.8
35.25690667,22.8
35.26107367,22.8
35.26524067,22.8
35.26940767,22.8
35.27357467,22.8
35.27774167,22.8
35.28190867,22.8
35.28607567,22.8
35.29024267,22.8
35.29440967,22.8
35.29857667,22.8
35.30274367,22.8
35.30691067,22.8
35.31107767,22.8
35.31524467,22.8
35.31941167,22.8
35.32357867,22.8
35.32774567,22.8
35.33191267,22.8
35.33607967,22.8
35.34024667,22.8
35.34441367,22.8
35.34858067,22.8
35.35274767,22.8
35.35691467,22.8
35.36108167,22.8
35.36524867,22.8
35.36941567,22.8
35.37358267,22.8
35.37774967,22.8
35.38191667,22.8
35.38608367,22.8
35.39025067,22.8
35.39441767,22.8
35.39858467,22.8
35.40275167,22.8
35.40691867,22.8
35.41108567,22.8
35.41525267,22.8
35.41941967,22.8
35.42358667,22.8
35.42775367,22.8
35.43192067,22.8
35.43608767,22.8
35.44025467,22.8
35.44442167,22.8
35.44858867,22.8
35.45275567,22.8
35.45692267,22.8
35.46108967,22.8
35.46525667,22.8
35.46942367,22.8
35.47359067,22.8
35.47775767,22.8
35.48192467,22.8
35.48609167,22.8
35.49025867,22.8
35.49442567,22.8
35.49859267,22.8
35.50275967,22.8
35.50692667,22.8
35.51109367,22.8
35.51526067,22.8
35.51942767,22.8
35.52359467,22.8
35.52776167,22.8
35.53192867,22.8
35.53609567,22.8
35.54026267,22.8
35.54442967,22.8
35.54859667,22.8
35.55276367,22.8
35.55693067,22.8
35.56109767,22.8
35.56526467,22.8
35.56943167,22.8
35.57359867,22.8
35.57776567,22.8
35.58193267,22.8
35.58609967,22.8
35.59026667,22.8
35.59443367,22.8
35.59860067,22.8
35.60276767,22.8
35.60693467,22.8
35.61110167,22.8
35.61526867,22.8
35.61943567,22.8
35.62360267,22.8
35.62776967,22.8
35.63193667,22.8
35.63610367,22.8
35.64027067,22.8
35.64443767,22.8
35.64860467,22.8
35.65277167,22.8
35.65693867,22.8
35.66110567,22.8
35.66527267,22.8
35.66943967,22.8
35.67360667,22.8
35.67777367,22.8
35.68194067,22.8
35.68610767,22.8
35.69027467,22.8
35.69444167,22.8
35.69860867,22.8
35.70277567,22.8
35.70694267,22.8
35.71110967,22.8
35.71527667,22.8
35.71944367,22.8
35.72361067,22.8
35.72777767,22.8
35.73194467,22.8
35.73611167,22.8
35.74027867,22.8
35.74444567,22.8
35.74861267,22.8
35.75277967,22.8
35.75694667,22.8
35.76111367,22.8
35.76528067,22.8
35.76944767,22.8
35.77361467,22.8
35.77778167,22.8
35.78194867,22.8
35.78611567,22.8
35.79028267,22.8
35.79444967,22.8
35.79861667,22.8
35.80278367,22.8
35.80695067,22.8
35.81111767,22.8
35.81528467,22.8
35.81945167,22.8
35.82361867,22.8
35.82778567,22.8
35.83195267,22.8
35.83611967,22.8
35.84028667,22.8
35.84445367,22.8
35.84862067,22.8
35.85278767,22.8
35.85695467,22.8
35.86112167,22.8
35.86528867,22.8
35.86945567,22.8
35.87362267,22.8
35.87778967,22.8
35.88195667,22.8
35.88612367,22.8
35.89029067,22.8
35.89445767,22.8
35.89862467,22.8
35.90279167,22.8
35.90695867,22.8
35.91112567,22.8
35.91529267,22.8
35.91945967,22.8
35.92362667,22.8
35.92779367,22.8
35.93196067,22.8
35.93612767,22.8
35.94029467,22.8
35.94446167,22.8
35.94862867,22.8
35.95279567,22.8
35.95696267,22.8
35.96112967,22.8
35.96529667,22.8
35.96946367,22.8
35.97363067,22.8
35.97779767,22.8
35.98196467,22.8
35.98613167,22.8
35.99029867,22.8
35.99446567,22.8
35.99863267,22.8
36.00279967,22.8
36.00696667,22.8
36.01113367,22.8
36.01530067,22.8
36.01946767,22.8
36.02363467,22.8
36.02780167,22.8
36.03196867,22.8
36.03613567,22.8
36.04030267,22.8
36.04446967,22.8
36.04863667,22.8
36.05280367,22.8
36.05697067,22.8
36.06113767,22.8
36.06530467,22.8
36.06947167,22.8
36.07363867,22.8
36.07780567,22.8
36.08197267,22.8
36.08613967,22.8
36.09030667,22.8
36.09447367,22.8
36.09864067,22.8
36.10280767,22.8
36.10697467,22.8
36.11114167,22.8
36.11530867,22.8
36.11947567,22.8
36.12364267,22.8
36.12780967,22.8
36.13197667,22.8
36.13614367,22.8
36.14031067,22.8
36.14447767,22.8
36.14864467,22.8
36.15281167,22.8
36.15697867,22.8
36.16114567,22.8
36.16531267,22.8
36.16947967,22.8
36.17364667,22.8
36.17781367,22.8
36.18198067,22.8
36.18614767,22.8
36.19031467,22.8
36.19448167,22.8
36.19864867,22.8
36.20281567,22.8
36.20698267,22.8
36.21114967,22.8
36.21531667,22.8
36.21948367,22.8
36.22365067,22.8
36.22781767,22.8
36.23198467,22.8
36.23615167,22.8
36.24031867,22.8
36.24448567,22.8
36.24865267,22.8
36.25281967,22.8
36.25698667,22.8
36.26115367,22.8
36.26532067,22.8
36.26948767,22.8
36.27365467,22.8
36.27782167,22.8
36.28198867,22.8
36.28615567,22.8
36.29032267,22.8
36.29448967,22.8
36.29865667,22.8
36.30282367,22.8
36.30699067,22.8
36.31115767,22.8
36.31532467,22.8
36.31949167,22.8
36.32365867,22.8
36.32782567,22.8
36.33199267,22.8
36.33615967,22.8
36.34032667,22.8
36.34449367,22.8
36.34866067,22.8
36.35282767,22.8
36.35699467,22.8
36.36116167,22.8
36.36532867,22.8
36.36949567,22.8
36.37366267,22.8
36.37782967,22.8
36.38199667,22.8
36.38616367,22.8
36.39033067,22.8
36.39449767,22.8
36.39866467,22.8
36.40283167,22.8
36.40699867,22.8
36.41116567,22.8
36.41533267,22.8
36.41949967,22.8
36.42366667,22.8
36.42783367,22.8
36.43200067,22.8
36.43616767,22.8
36.44033467,22.8
36.44450167,22.8
36.44866867,22.8
36.45283567,22.8
36.45700267,22.8
36.46116967,22.8
36.46533667,22.8
36.46950367,22.8
36.47367067,22.8
36.47783767,22.8
36.48200467,22.8
36.48617167,22.8
36.49033867,22.8
36.49450567,22.8
36.49867267,22.8
36.50283967,22.8
36.50700667,22.8
36.51117367,22.8
36.51534067,22.8
36.51950767,22.8
36.52367467,22.8
36.52784167,22.8
36.53200867,22.8
36.53617567,22.8
36.54034267,22.8
36.54450967,22.8
36.54867667,22.8
36.55284367,22.8
36.55701067,22.8
36.56117767,22.8
36.56534467,22.8
36.56951167,22.8
36.57367867,22.8
36.57784567,22.8
36.58201267,22.8
36.58617967,22.8
36.59034667,22.8
36.59451367,22.8
36.59868067,22.8
36.60284767,22.8
36.60701467,22.8
36.61118167,22.8
36.61534867,22.8
36.61951567,22.8
36.62368267,22.8
36.62784967,22.8
36.63201667,22.8
36.63618367,22.8
36.64035067,22.8
36.64451767,22.8
36.64868467,22.8
36.65285167,22.8
36.65701867,22.8
36.66118567,22.8
36.66535267,22.8
36.66951967,22.8
36.67368667,22.8
36.67785367,22.8
36.68202067,22.8
36.68618767,22.8
36.69035467,22.8
36.69452167,22.8
36.69868867,22.8
36.70285567,22.8
36.70702267,22.8
36.71118967,22.8
36.71535667,22.8
36.71952367,22.8
36.72369067,22.8
36.72785767,22.8
36.73202467,22.8
36.73619167,22.8
36.74035867,22.8
36.74452567,22.8
36.74869267,22.8
36.75285967,22.8
36.75702667,22.8
36.76119367,22.8
36.76536067,22.8
36.76952767,22.8
36.77369467,22.8
36.77786167,22.8
36.78202867,22.8
36.78619567,22.8
36.79036267,22.8
36.79452967,22.8
36.79869667,22.8
36.80286367,22.8
36.80703067,22.8
36.81119767,22.8
36.81536467,22.8
36.81953167,22.8
36.82369867,22.8
36.82786567,22.8
36.83203267,22.8
36.83619967,22.8
36.84036667,22.8
36.84453367,22.8
36.84870067,22.8
36.85286767,22.8
36.85703467,22.8
36.86120167,22.8
36.86536867,22.8
36.86953567,22.8
36.87370267,22.8
36.87786967,22.8
36.88203667,22.8
36.88620367,22.8
36.89037067,22.8
36.89453767,22.8
36.89870467,22.8
36.90287167,22.8
36.90703867,22.8
36.91120567,22.8
36.91537267,22.8
36.91953967,22.8
36.92370667,22.8
36.92787367,22.8
36.93204067,22.8
36.93620767,22.8
36.94037467,22.8
36.94454167,22.8
36.94870867,22.8
36.95287567,22.8
36.95704267,22.8
36.96120967,22.8
36.96537667,22.8
36.96954367,22.8
36.97371067,22.8
36.97787767,22.8
36.98204467,22.8
36.98621167,22.8
36.99037867,22.8
36.99454567,22.8
36.99871267,22.8
37.00287967,22.8
37.00704667,22.8
37.01121367,22.8
37.01538067,22.8
37.01954767,22.8
37.02371467,22.8
37.02788167,22.8
37.03204867,22.8
37.03621567,22.8
37.04038267,22.8
37.04454967,22.8
37.04871667,22.8
37.05288367,22.8
37.05705067,22.8
37.06121767,22.8
37.06538467,22.8
37.06955167,22.8
37.07371867,22.8
37.07788567,22.8
37.08205267,22.8
37.08621967,22.8
37.09038667,22.8
37.09455367,22.8
37.09872067,22.8
37.10288767,22.8
37.10705467,22.8
37.11122167,22.8
37.11538867,22.8
37.11955567,22.8
37.12372267,22.8
37.12788967,22.8
37.13205667,22.8
37.13622367,22.8
37.14039067,22.8
37.14455767,22.8
37.14872467,22.8
37.15289167,22.8
37.15705867,22.8
37.16122567,22.8
37.16539267,22.8
37.16955967,22.8
37.17372667,22.8
37.17789367,22.8
37.18206067,22.8
37.18622767,22.8
37.19039467,22.8
37.19456167,22.8
37.19872867,22.8
37.20289567,22.8
37.20706267,22.8
37.21122967,22.8
37.21539667,22.8
37.21956367,22.8
37.22373067,22.8
37.22789767,22.8
37.23206467,22.8
37.23623167,22.8
37.24039867,22.8
37.24456567,22.8
37.24873267,22.8
37.25289967,22.8
37.25706667,22.8
37.26123367,22.8
37.26540067,22.8
37.26956767,22.8
37.27373467,22.8
37.27790167,22.8
37.28206867,22.8
37.28623567,22.8
37.29040267,22.8
37.29456967,22.8
37.29873667,22.8
37.30290367,22.8
37.30707067,22.8
37.31123767,22.8
37.31540467,22.8
37.31957167,22.8
37.32373867,22.8
37.32790567,22.8
37.33207267,22.8
37.33623967,22.8
37.34040667,22.8
37.34457367,22.8
37.34874067,22.8
37.35290767,22.8
37.35707467,22.8
37.36124167,22.8
37.36540867,22.8
37.36957567,22.8
37.37374267,22.8
37.37790967,22.8
37.38207667,22.8
37.38624367,22.8
37.39041067,22.8
37.39457767,22.8
37.39874467,22.8
37.40291167,22.8
37.40707867,22.8
37.41124567,22.8
37.41541267,22.8
37.41957967,22.8
37.42374667,22.8
37.42791367,22.8
37.43208067,22.8
37.43624767,22.8
37.44041467,22.8
37.44458167,22.8
37.44874867,22.8
37.45291567,22.8
37.45708267,22.8
37.46124967,22.8
37.46541667,22.8
37.46958367,22.8
37.47375067,22.8
37.47791767,22.8
37.48208467,22.8
37.48625167,22.8
37.49041867,22.8
37.49458567,22.8
37.49875267,22.8
37.50291967,22.8
37.50708667,22.8
37.51125367,22.8
37.51542067,22.8
37.51958767,22.8
37.52375467,22.8
37.52792167,22.8
37.53208867,22.8
37.53625567,22.8
37.54042267,22.8
37.54458967,22.8
37.54875667,22.8
37.55292367,22.8
37.55709067,22.8
37.56125767,22.8
37.56542467,22.8
37.56959167,22.8
37.57375867,22.8
37.57792567,22.8
37.58209267,22.8
37.58625967,22.8
37.59042667,22.8
37.59459367,22.8
37.59876067,22.8
37.60292767,22.8
37.60709467,22.8
37.61126167,22.8
37.61542867,22.8
37.61959567,22.8
37.62376267,22.8
37.62792967,22.8
37.63209667,22.8
37.63626367,22.8
37.64043067,22.8
37.64459767,22.8
37.64876467,22.8
37.65293167,22.8
37.65709867,22.8
37.66126567,22.8
37.66543267,22.8
37.66959967,22.8
37.67376667,22.8
37.67793367,22.8
37.68210067,22.8
37.68626767,22.8
37.69043467,22.8
37.69460167,22.8
37.69876867,22.8
37.70293567,22.8
37.70710267,22.8
37.71126967,22.8
37.71543667,22.8
37.71960367,22.8
37.72377067,22.8
37.72793767,22.8
37.73210467,22.8
37.73627167,22.8
37.74043867,22.8
37.74460567,22.8
37.74877267,22.8
37.75293967,22.8
37.75710667,22.8
37.76127367,22.8
37.76544067,22.8
37.76960767,22.8
37.77377467,22.8
37.77794167,22.8
37.78210867,22.8
37.78627567,22.8
37.79044267,22.8
37.79460967,22.8
37.79877667,22.8
37.80294367,22.8
37.80711067,22.8
37.81127767,22.8
37.81544467,22.8
37.81961167,22.8
37.82377867,22.8
37.82794567,22.8
37.83211267,22.8
37.83627967,22.8
37.84044667,22.8
37.84461367,22.8
37.84878067,22.8
37.85294767,22.8
37.85711467,22.8
37.86128167,22.8
37.86544867,22.8
37.86961567,22.8
37.87378267,22.8
37.87794967,22.8
37.88211667,22.8
37.88628367,22.8
37.89045067,22.8
37.89461767,22.8
37.89878467,22.8
37.90295167,22.8
37.90711867,22.8
37.91128567,22.8
37.91545267,22.8
37.91961967,22.8
37.92378667,22.8
37.92795367,22.8
37.93212067,22.8
37.93628767,22.8
37.94045467,22.8
37.94462167,22.8
37.94878867,22.8
37.95295567,22.8
37.95712267,22.8
37.96128967,22.8
37.96545667,22.8
37.96962367,22.8
37.97379067,22.8
37.97795767,22.8
37.98212467,22.8
37.98629167,22.8
37.99045867,22.8
37.99462567,22.8
37.99879267,22.8
38.00295967,22.8
38.00712667,22.8
38.01129367,22.8
38.01546067,22.8
38.01962767,22.8
38.02379467,22.8
38.02796167,22.8
38.03212867,22.8
38.03629567,22.8
38.04046267,22.8
38.04462967,22.8
38.04879667,22.8
38.05296367,22.8
38.05713067,22.8
38.06129767,22.8
38.06546467,22.8
38.06963167,22.8
38.07379867,22.8
38.07796567,22.8
38.08213267,22.8
38.08629967,22.8
38.09046667,22.8
38.09463367,22.8
38.09880067,22.8
38.10296767,22.8
38.10713467,22.8
38.11130167,22.8
38.11546867,22.8
38.11963567,22.8
38.12380267,22.8
38.12796967,22.8
38.13213667,22.8
38.13630367,22.8
38.14047067,22.8
38.14463767,22.8
38.14880467,22.8
38.15297167,22.8
38.15713867,22.8
38.16130567,22.8
38.16547267,22.8
38.16963967,22.8
38.17380667,22.8
38.17797367,22.8
38.18214067,22.8
38.18630767,22.8
38.19047467,22.8
38.19464167,22.8
38.19880867,22.8
38.20297567,22.8
38.20714267,22.8
38.21130967,22.8
38.21547667,22.8
38.21964367,22.8
38.22381067,22.8
38.22797767,22.8
38.23214467,22.8
38.23631167,22.8
38.24047867,22.8
38.24464567,22.8
38.24881267,22.8
38.25297967,22.8
38.25714667,22.8
38.26131367,22.8
38.26548067,22.8
38.26964767,22.8
38.27381467,22.8
38.27798167,22.8
38.28214867,22.8
38.28631567,22.8
38.29048267,22.8
38.29464967,22.8
38.29881667,22.8
38.30298367,22.8
38.30715067,22.8
38.31131767,22.8
38.31548467,22.8
38.31965167,22.8
38.32381867,22.8
38.32798567,22.8
38.33215267,22.8
38.33631967,22.8
38.34048667,22.8
38.34465367,22.8
38.34882067,22.8
38.35298767,22.8
38.35715467,22.8
38.36132167,22.8
38.36548867,22.8
38.36965567,22.8
38.37382267,22.8
38.37798967,22.8
38.38215667,22.8
38.38632367,22.8
38.39049067,22.8
38.39465767,22.8
38.39882467,22.8
38.40299167,22.8
38.40715867,22.8
38.41132567,22.8
38.41549267,22.8
38.41965967,22.8
38.42382667,22.8
38.42799367,22.8
38.43216067,22.8
38.43632767,22.8
38.44049467,22.8
38.44466167,22.8
38.44882867,22.8
38.45299567,22.8
38.45716267,22.8
38.46132967,22.8
38.46549667,22.8
38.46966367,22.8
38.47383067,22.8
38.47799767,22.8
38.48216467,22.8
38.48633167,22.8
38.49049867,22.8
38.49466567,22.8
38.49883267,22.8
38.50299967,22.8
38.50716667,22.8
38.51133367,22.8
38.51550067,22.8
38.51966767,22.8
38.52383467,22.8
38.52800167,22.8
38.53216867,22.8
38.53633567,22.8
38.54050267,22.8
38.54466967,22.8
38.54883667,22.8
38.55300367,22.8
38.55717067,22.8
38.56133767,22.8
38.56550467,22.8
38.56967167,22.8
38.57383867,22.8
38.57800567,22.8
38.58217267,22.8
38.58633967,22.8
38.59050667,22.8
38.59467367,22.8
38.59884067,22.8
38.60300767,22.8
38.60717467,22.8
38.61134167,22.8
38.61550867,22.8
38.61967567,22.8
38.62384267,22.8
38.62800967,22.8
38.63217667,22.8
38.63634367,22.8
38.64051067,22.8
38.64467767,22.8
38.64884467,22.8
38.65301167,22.8
38.65717867,22.8
38.66134567,22.8
38.66551267,22.8
38.66967967,22.8
38.67384667,22.8
38.67801367,22.8
38.68218067,22.8
38.68634767,22.8
38.69051467,22.8
38.69468167,22.8
38.69884867,22.8
38.70301567,22.8
38.70718267,22.8
38.71134967,22.8
38.71551667,22.8
38.71968367,22.8
38.72385067,22.8
38.72801767,22.8
38.73218467,22.8
38.73635167,22.8
38.74051867,22.8
38.74468567,22.8
38.74885267,22.8
38.75301967,22.8
38.75718667,22.8
38.76135367,22.8
38.76552067,22.8
38.76968767,22.8
38.77385467,22.8
38.77802167,22.8
38.78218867,22.8
38.78635567,22.8
38.79052267,22.8
38.79468967,22.8
38.79885667,22.8
38.80302367,22.8
38.80719067,22.8
38.81135767,22.8
38.81552467,22.8
38.81969167,22.8
38.82385867,22.8
38.82802567,22.8
38.83219267,22.8
38.83635967,22.8
38.84052667,22.8
38.84469367,22.8
38.84886067,22.8
38.85302767,22.8
38.85719467,22.8
38.86136167,22.8
38.86552867,22.8
38.86969567,22.8
38.87386267,22.8
38.87802967,22.8
38.88219667,22.8
38.88636367,22.8
38.89053067,22.8
38.89469767,22.8
38.89886467,22.8
38.90303167,22.8
38.90719867,22.8
38.91136567,22.8
38.91553267,22.8
38.91969967,22.8
38.92386667,22.8
38.92803367,22.8
38.93220067,22.8
38.93636767,22.8
38.94053467,22.8
38.94470167,22.8
38.94886867,22.8
38.95303567,22.8
38.95720267,22.8
38.96136967,22.8
38.96553667,22.8
38.96970367,22.8
38.97387067,22.8
38.97803767,22.8
38.98220467,22.8
38.98637167,22.8
38.99053867,22.8
38.99470567,22.8
38.99887267,22.8
39.00303967,22.8
39.00720667,22.8
39.01137367,22.8
39.01554067,22.8
39.01970767,22.8
39.02387467,22.8
39.02804167,22.8
39.03220867,22.8
39.03637567,22.8
39.04054267,22.8
39.04470967,22.8
39.04887667,22.8
39.05304367,22.8
39.05721067,22.8
39.06137767,22.8
39.06554467,22.8
39.06971167,22.8
39.07387867,22.8
39.07804567,22.8
39.08221267,22.8
39.08637967,22.8
39.09054667,22.8
39.09471367,22.8
39.09888067,22.8
39.10304767,22.8
39.10721467,22.8
39.11138167,22.8
39.11554867,22.8
39.11971567,22.8
39.12388267,22.8
39.12804967,22.8
39.13221667,22.8
39.13638367,22.8
39.14055067,22.8
39.14471767,22.8
39.14888467,22.8
39.15305167,22.8
39.15721867,22.8
39.16138567,22.8
39.16555267,22.8
39.16971967,22.8
39.17388667,22.8
39.17805367,22.8
39.18222067,22.8
39.18638767,22.8
39.19055467,22.8
39.19472167,22.8
39.19888867,22.8
39.20305567,22.8
39.20722267,22.8
39.21138967,22.8
39.21555667,22.8
39.21972367,22.8
39.22389067,22.8
39.22805767,22.8
39.23222467,22.8
39.23639167,22.8
39.24055867,22.8
39.24472567,22.8
39.24889267,22.8
39.25305967,22.8
39.25722667,22.8
39.26139367,22.8
39.26556067,22.8
39.26972767,22.8
39.27389467,22.8
39.27806167,22.8
39.28222867,22.8
39.28639567,22.8
39.29056267,22.8
39.29472967,22.8
39.29889667,22.8
39.30306367,22.8
39.30723067,22.8
39.31139767,22.8
39.31556467,22.8
39.31973167,22.8
39.32389867,22.8
39.32806567,22.8
39.33223267,22.8
39.33639967,22.8
39.34056667,22.8
39.34473367,22.8
39.34890067,22.8
39.35306767,22.8
39.35723467,22.8
39.36140167,22.8
39.36556867,22.8
39.36973567,22.8
39.37390267,22.8
39.37806967,22.8
39.38223667,22.8
39.38640367,22.8
39.39057067,22.8
39.39473767,22.8
39.39890467,22.8
39.40307167,22.8
39.40723867,22.8
39.41140567,22.8
39.41557267,22.8
39.41973967,22.8
39.42390667,22.8
39.42807367,22.8
39.43224067,22.8
39.43640767,22.8
39.44057467,22.8
39.44474167,22.8
39.44890867,22.8
39.45307567,22.8
39.45724267,22.8
39.46140967,22.8
39.46557667,22.8
39.46974367,22.8
39.47391067,22.8
39.47807767,22.8
39.48224467,22.8
39.48641167,22.8
39.49057867,22.8
39.49474567,22.8
39.49891267,22.8
39.50307967,22.8
39.50724667,22.8
39.51141367,22.8
39.51558067,22.8
39.51974767,22.8
39.52391467,22.8
39.52808167,22.8
39.53224867,22.8
39.53641567,22.8
39.54058267,22.8
39.54474967,22.8
39.54891667,22.8
39.55308367,22.8
39.55725067,22.8
39.56141767,22.8
39.56558467,22.8
39.56975167,22.8
39.57391867,22.8
39.57808567,22.8
39.58225267,22.8
39.58641967,22.8
39.59058667,22.8
39.59475367,22.8
39.59892067,22.8
39.60308767,22.8
39.60725467,22.8
39.61142167,22.8
39.61558867,22.8
39.61975567,22.8
39.62392267,22.8
39.62808967,22.8
39.63225667,22.8
39.63642367,22.8
39.64059067,22.8
39.64475767,22.8
39.64892467,22.8
39.65309167,22.8
39.65725867,22.8
39.66142567,22.8
39.66559267,22.8
39.66975967,22.8
39.67392667,22.8
39.67809367,22.8
39.68226067,22.8
39.68642767,22.8
39.69059467,22.8
39.69476167,22.8
39.69892867,22.8
39.70309567,22.8
39.70726267,22.8
39.71142967,22.8
39.71559667,22.8
39.71976367,22.8
39.72393067,22.8
39.72809767,22.8
39.73226467,22.8
39.73643167,22.8
39.74059867,22.8
39.74476567,22.8
39.74893267,22.8
39.75309967,22.8
39.75726667,22.8
39.76143367,22.8
39.76560067,22.8
39.76976767,22.8
39.77393467,22.8
39.77810167,22.8
39.78226867,22.8
39.78643567,22.8
39.79060267,22.8
39.79476967,22.8
39.79893667,22.8
39.80310367,22.8
39.80727067,22.8
39.81143767,22.8
39.81560467,22.8
39.81977167,22.8
39.82393867,22.8
39.82810567,22.8
39.83227267,22.8
39.83643967,22.8
39.84060667,22.8
39.84477367,22.8
39.84894067,22.8
39.85310767,22.8
39.85727467,22.8
39.86144167,22.8
39.86560867,22.8
39.86977567,22.8
39.87394267,22.8
39.87810967,22.8
39.88227667,22.8
39.88644367,22.8
39.89061067,22.8
39.89477767,22.8
39.89894467,22.8
39.90311167,22.8
39.90727867,22.8
39.91144567,22.8
39.91561267,22.8
39.91977967,22.8
39.92394667,22.8
39.92811367,22.8
39.93228067,22.8
39.93644767,22.8
39.94061467,22.8
39.94478167,22.8
39.94894867,22.8
39.95311567,22.8
39.95728267,22.8
39.96144967,22.8
39.96561667,22.8
39.96978367,22.8
39.97395067,22.8
39.97811767,22.8
39.98228467,22.8
39.98645167,22.8
39.99061867,22.8
39.99478567,22.8
39.99895267,22.8
40.00311967,22.8
40.00728667,22.8
40.01145367,22.8
40.01562067,22.8
40.01978767,22.8
40.02395467,22.8
40.02812167,22.8
40.03228867,22.8
40.03645567,22.8
40.04062267,22.8
40.04478967,22.8
40.04895667,22.8
40.05312367,22.8
40.05729067,22.8
40.06145767,22.8
40.06562467,22.8
40.06979167,22.8
40.07395867,22.8
40.07812567,22.8
40.08229267,22.8
40.08645967,22.8
40.09062667,22.8
40.09479367,22.8
40.09896067,22.8
40.10312767,22.8
40.10729467,22.8
40.11146167,22.8
40.11562867,22.8
40.11979567,22.8
40.12396267,22.8
40.12812967,22.8
40.13229667,22.8
40.13646367,22.8
40.14063067,22.8
40.14479767,22.8
40.14896467,22.8
40.15313167,22.8
40.15729867,22.8
40.16146567,22.8
40.16563267,22.8
40.16979967,22.8
40.17396667,22.8
40.17813367,22.8
40.18230067,22.8
40.18646767,22.8
40.19063467,22.8
40.19480167,22.8
40.19896867,22.8
40.20313567,22.8
40.20730267,22.8
40.21146967,22.8
40.21563667,22.8
40.21980367,22.8
40.22397067,22.8
40.22813767,22.8
40.23230467,22.8
40.23647167,22.8
40.24063867,22.8
40.24480567,22.8
40.24897267,22.8
40.25313967,22.8
40.25730667,22.8
40.26147367,22.8
40.26564067,22.8
40.26980767,22.8
40.27397467,22.8
40.27814167,22.8
40.28230867,22.8
40.28647567,22.8
40.29064267,22.8
40.29480967,22.8
40.29897667,22.8
40.30314367,22.8
40.30731067,22.8
40.31147767,22.8
40.31564467,22.8
40.31981167,22.8
40.32397867,22.8
40.32814567,22.8
40.33231267,22.8
40.33647967,22.8
40.34064667,22.8
40.34481367,22.8
40.34898067,22.8
40.35314767,22.8
40.35731467,22.8
40.36148167,22.8
40.36564867,22.8
40.36981567,22.8
40.37398267,22.8
40.37814967,22.8
40.38231667,22.8
40.38648367,22.8
40.39065067,22.8
40.39481767,22.8
40.39898467,22.8
40.40315167,22.8
40.40731867,22.8
40.41148567,22.8
40.41565267,22.8
40.41981967,22.8
40.42398667,22.8
40.42815367,22.8
40.43232067,22.8
40.43648767,22.8
40.44065467,22.8
40.44482167,22.8
40.44898867,22.8
40.45315567,22.8
40.45732267,22.8
40.46148967,22.8
40.46565667,22.8
40.46982367,22.8
40.47399067,22.8
40.47815767,22.8
40.48232467,22.8
40.48649167,22.8
40.49065867,22.8
40.49482567,22.8
40.49899267,22.8
40.50315967,22.8
40.50732667,22.8
40.51149367,22.8
40.51566067,22.8
40.51982767,22.8
40.52399467,22.8
40.52816167,22.8
40.53232867,22.8
40.53649567,22.8
40.54066267,22.8
40.54482967,22.8
40.54899667,22.8
40.55316367,22.8
40.55733067,22.8
40.56149767,22.8
40.56566467,22.8
40.56983167,22.8
40.57399867,22.8
40.57816567,22.8
40.58233267,22.8
40.58649967,22.8
40.59066667,22.8
40.59483367,22.8
40.59900067,22.8
40.60316767,22.8
40.60733467,22.8
40.61150167,22.8
40.61566867,22.8
40.61983567,22.8
40.62400267,22.8
40.62816967,22.8
40.63233667,22.8
40.63650367,22.8
40.64067067,22.8
40.64483767,22.8
40.64900467,22.8
40.65317167,22.8
40.65733867,22.8
40.66150567,22.8
40.66567267,22.8
40.66983967,22.8
40.67400667,22.8
40.67817367,22.8
40.68234067,22.8
40.68650767,22.8
40.69067467,22.8
40.69484167,22.8
40.69900867,22.8
40.70317567,22.8
40.70734267,22.8
40.71150967,22.8
40.71567667,22.8
40.71984367,22.8
40.72401067,22.8
40.72817767,22.8
40.73234467,22.8
40.73651167,22.8
40.74067867,22.8
40.74484567,22.8
40.74901267,22.8
40.75317967,22.8
40.75734667,22.8
40.76151367,22.8
40.76568067,22.8
40.76984767,22.8
40.77401467,22.8
40.77818167,22.8
40.78234867,22.8
40.78651567,22.8
40.79068267,22.8
40.79484967,22.8
40.79901667,22.8
40.80318367,22.8
40.80735067,22.8
40.81151767,22.8
40.81568467,22.8
40.81985167,22.8
40.82401867,22.8
40.82818567,22.8
40.83235267,22.8
40.83651967,22.8
40.84068667,22.8
40.84485367,22.8
40.84902067,22.8
40.85318767,22.8
40.85735467,22.8
40.86152167,22.8
40.86568867,22.8
40.86985567,22.8
40.87402267,22.8
40.87818967,22.8
40.88235667,22.8
40.88652367,22.8
40.89069067,22.8
40.89485767,22.8
40.89902467,22.8
40.90319167,22.8
40.90735867,22.8
40.91152567,22.8
40.91569267,22.8
40.91985967,22.8
40.92402667,22.8
40.92819367,22.8
40.93236067,22.8
40.93652767,22.8
40.94069467,22.8
40.94486167,22.8
40.94902867,22.8
40.95319567,22.8
40.95736267,22.8
40.96152967,22.8
40.96569667,22.8
40.96986367,22.8
40.97403067,22.8
40.97819767,22.8
40.98236467,22.8
40.98653167,22.8
40.99069867,22.8
40.99486567,22.8
40.99903267,22.8
41.00319967,22.8
41.00736667,22.8
41.01153367,22.8
41.01570067,22.8
41.01986767,22.8
41.02403467,22.8
41.02820167,22.8
41.03236867,22.8
41.03653567,22.8
41.04070267,22.8
41.04486967,22.8
41.04903667,22.8
41.05320367,22.8
41.05737067,22.8
41.06153767,22.8
41.06570467,22.8
41.06987167,22.8
41.07403867,22.8
41.07820567,22.8
41.08237267,22.8
41.08653967,22.8
41.09070667,22.8
41.09487367,22.8
41.09904067,22.8
41.10320767,22.8
41.10737467,22.8
41.11154167,22.8
41.11570867,22.8
41.11987567,22.8
41.12404267,22.8
41.12820967,22.8
41.13237667,22.8
41.13654367,22.8
41.14071067,22.8
41.14487767,22.8
41.14904467,22.8
41.15321167,22.8
41.15737867,22.8
41.16154567,22.8
41.16571267,22.8
41.16987967,22.8
41.17404667,22.8
41.17821367,22.8
41.18238067,22.8
41.18654767,22.8
41.19071467,22.8
41.19488167,22.8
41.19904867,22.8
41.20321567,22.8
41.20738267,22.8
41.21154967,22.8
41.21571667,22.8
41.21988367,22.8
41.22405067,22.8
41.22821767,22.8
41.23238467,22.8
41.23655167,22.8
41.24071867,22.8
41.24488567,22.8
41.24905267,22.8
41.25321967,22.8
41.25738667,22.8
41.26155367,22.8
41.26572067,22.8
41.26988767,22.8
41.27405467,22.8
41.27822167,22.8
41.28238867,22.8
41.28655567,22.8
41.29072267,22.8
41.29488967,22.8
41.29905667,22.8
41.30322367,22.8
41.30739067,22.8
41.31155767,22.8
41.31572467,22.8
41.31989167,22.8
41.32405867,22.8
41.32822567,22.8
41.33239267,22.8
41.33655967,22.8
41.34072667,22.8
41.34489367,22.8
41.34906067,22.8
41.35322767,22.8
41.35739467,22.8
41.36156167,22.8
41.36572867,22.8
41.36989567,22.8
41.37406267,22.8
41.37822967,22.8
41.38239667,22.8
41.38656367,22.8
41.39073067,22.8
41.39489767,22.8
41.39906467,22.8
41.40323167,22.8
41.40739867,22.8
41.41156567,22.8
41.41573267,22.8
41.41989967,22.8
41.42406667,22.8
41.42823367,22.8
41.43240067,22.8
41.43656767,22.8
41.44073467,22.8
41.44490167,22.8
41.44906867,22.8
41.45323567,22.8
41.45740267,22.8
41.46156967,22.8
41.46573667,22.8
41.46990367,22.8
41.47407067,22.8
41.47823767,22.8
41.48240467,22.8
41.48657167,22.8
41.49073867,22.8
41.49490567,22.8
41.49907267,22.8
41.50323967,22.8
41.50740667,22.8
41.51157367,22.8
41.51574067,22.8
41.51990767,22.8
41.52407467,22.8
41.52824167,22.8
41.53240867,22.8
41.53657567,22.8
41.54074267,22.8
41.54490967,22.8
41.54907667,22.8
41.55324367,22.8
41.55741067,22.8
41.56157767,22.8
41.56574467,22.8
41.56991167,22.8
41.57407867,22.8
41.57824567,22.8
41.58241267,22.8
41.58657967,22.8
41.59074667,22.8
41.59491367,22.8
41.59908067,22.8
41.60324767,22.8
41.60741467,22.8
41.61158167,22.8
41.61574867,22.8
41.61991567,22.8
41.62408267,22.8
41.62824967,22.8
41.63241667,22.8
41.63658367,22.8
41.64075067,22.8
41.64491767,22.8
41.64908467,22.8
41.65325167,22.8
41.65741867,22.8
41.66158567,22.8
41.66575267,22.8
41.66991967,22.8
41.67408667,22.8
41.67825367,22.8
41.68242067,22.8
41.68658767,22.8
41.69075467,22.8
41.69492167,22.8
41.69908867,22.8
41.70325567,22.8
41.70742267,22.8
41.71158967,22.8
41.71575667,22.8
41.71992367,22.8
41.72409067,22.8
41.72825767,22.8
41.73242467,22.8
41.73659167,22.8
41.74075867,22.8
41.74492567,22.8
41.74909267,22.8
41.75325967,22.8
41.75742667,22.8
41.76159367,22.8
41.76576067,22.8
41.76992767,22.8
41.77409467,22.8
41.77826167,22.8
41.78242867,22.8
41.78659567,22.8
41.79076267,22.8
41.79492967,22.8
41.79909667,22.8
41.80326367,22.8
41.80743067,22.8
41.81159767,22.8
41.81576467,22.8
41.81993167,22.8
41.82409867,22.8
41.82826567,22.8
41.83243267,22.8
41.83659967,22.8
41.84076667,22.8
41.84493367,22.8
41.84910067,22.8
41.85326767,22.8
41.85743467,22.8
41.86160167,22.8
41.86576867,22.8
41.86993567,22.8
41.87410267,22.8
41.87826967,22.8
41.88243667,22.8
41.88660367,22.8
41.89077067,22.8
41.89493767,22.8
41.89910467,22.8
41.90327167,22.8
41.90743867,22.8
41.91160567,22.8
41.91577267,22.8
41.91993967,22.8
41.92410667,22.8
41.92827367,22.8
41.93244067,22.8
41.93660767,22.8
41.94077467,22.8
41.94494167,22.8
41.94910867,22.8
41.95327567,22.8
41.95744267,22.8
41.96160967,22.8
41.96577667,22.8
41.96994367,22.8
41.97411067,22.8
41.97827767,22.8
41.98244467,22.8
41.98661167,22.8
41.99077867,22.8
41.99494567,22.8
41.99911267,22.8
42.00327967,22.8
42.00744667,22.8
42.01161367,22.8
42.01578067,22.8
42.01994767,22.8
42.02411467,22.8
42.02828167,22.8
42.03244867,22.8
42.03661567,22.8
42.04078267,22.8
42.04494967,22.8
42.04911667,22.8
42.05328367,22.8
42.05745067,22.8
42.06161767,22.8
42.06578467,22.8
42.06995167,22.8
42.07411867,22.8
42.07828567,22.8
42.08245267,22.8
42.08661967,22.8
42.09078667,22.8
42.09495367,22.8
42.09912067,22.8
42.10328767,22.8
42.10745467,22.8
42.11162167,22.8
42.11578867,22.8
42.11995567,22.8
42.12412267,22.8
42.12828967,22.8
42.13245667,22.8
42.13662367,22.8
42.14079067,22.8
42.14495767,22.8
42.14912467,22.8
42.15329167,22.8
42.15745867,22.8
42.16162567,22.8
42.16579267,22.8
42.16995967,22.8
42.17412667,22.8
42.17829367,22.8
42.18246067,22.8
42.18662767,22.8
42.19079467,22.8
42.19496167,22.8
42.19912867,22.8
42.20329567,22.8
42.20746267,22.8
42.21162967,22.8
42.21579667,22.8
42.21996367,22.8
42.22413067,22.8
42.22829767,22.8
42.23246467,22.8
42.23663167,22.8
42.24079867,22.8
42.24496567,22.8
42.24913267,22.8
42.25329967,22.8
42.25746667,22.8
42.26163367,22.8
42.26580067,22.8
42.26996767,22.8
42.27413467,22.8
42.27830167,22.8
42.28246867,22.8
42.28663567,22.8
42.29080267,22.8
42.29496967,22.8
42.29913667,22.8
42.30330367,22.8
42.30747067,22.8
42.31163767,22.8
42.31580467,22.8
42.31997167,22.8
42.32413867,22.8
42.32830567,22.8
42.33247267,22.8
42.33663967,22.8
42.34080667,22.8
42.34497367,22.8
42.34914067,22.8
42.35330767,22.8
42.35747467,22.8
42.36164167,22.8
42.36580867,22.8
42.36997567,22.8
42.37414267,22.8
42.37830967,22.8
42.38247667,22.8
42.38664367,22.8
42.39081067,22.8
42.39497767,22.8
42.39914467,22.8
42.40331167,22.8
42.40747867,22.8
42.41164567,22.8
42.41581267,22.8
42.41997967,22.8
42.42414667,22.8
42.42831367,22.8
42.43248067,22.8
42.43664767,22.8
42.44081467,22.8
42.44498167,22.8
42.44914867,22.8
42.45331567,22.8
42.45748267,22.8
42.46164967,22.8
42.46581667,22.8
42.46998367,22.8
42.47415067,22.8
42.47831767,22.8
42.48248467,22.8
42.48665167,22.8
42.49081867,22.8
42.49498567,22.8
42.49915267,22.8
42.50331967,22.8
42.50748667,22.8
42.51165367,22.8
42.51582067,22.8
42.51998767,22.8
42.52415467,22.8
42.52832167,22.8
42.53248867,22.8
42.53665567,22.8
42.54082267,22.8
42.54498967,22.8
42.54915667,22.8
42.55332367,22.8
42.55749067,22.8
42.56165767,22.8
42.56582467,22.8
42.56999167,22.8
42.57415867,22.8
42.57832567,22.8
42.58249267,22.8
42.58665967,22.8
42.59082667,22.8
42.59499367,22.8
42.59916067,22.8
42.60332767,22.8
42.60749467,22.8
42.61166167,22.8
42.61582867,22.8
42.61999567,22.8
42.62416267,22.8
42.62832967,22.8
42.63249667,22.8
42.63666367,22.8
42.64083067,22.8
42.64499767,22.8
42.64916467,22.8
42.65333167,22.8
42.65749867,22.8
42.66166567,22.8
42.66583267,22.8
42.66999967,22.8
42.67416667,22.8
42.67833367,22.8
42.68250067,22.8
42.68666767,22.8
42.69083467,22.8
42.69500167,22.8
42.69916867,22.8
42.70333567,22.8
42.70750267,22.8
42.71166967,22.8
42.71583667,22.8
42.72000367,22.8
42.72417067,22.8
42.72833767,22.8
42.73250467,22.8
42.73667167,22.8
42.74083867,22.8
42.74500567,22.8
42.74917267,22.8
42.75333967,22.8
42.75750667,22.8
42.76167367,22.8
42.76584067,22.8
42.77000767,22.8
42.77417467,22.8
42.77834167,22.8
42.78250867,22.8
42.78667567,22.8
42.79084267,22.8
42.79500967,22.8
42.79917667,22.8
42.80334367,22.8
42.80751067,22.8
42.81167767,22.8
42.81584467,22.8
42.82001167,22.8
42.82417867,22.8
42.82834567,22.8
42.83251267,22.8
42.83667967,22.8
42.84084667,22.8
42.84501367,22.8
42.84918067,22.8
42.85334767,22.8
42.85751467,22.8
42.86168167,22.8
42.86584867,22.8
42.87001567,22.8
42.87418267,22.8
42.87834967,22.8
42.88251667,22.8
42.88668367,22.8
42.89085067,22.8
42.89501767,22.8
42.89918467,22.8
42.90335167,22.8
42.90751867,22.8
42.91168567,22.8
42.91585267,22.8
42.92001967,22.8
42.92418667,22.8
42.92835367,22.8
42.93252067,22.8
42.93668767,22.8
42.94085467,22.8
42.94502167,22.8
42.94918867,22.8
42.95335567,22.8
42.95752267,22.8
42.96168967,22.8
42.96585667,22.8
42.97002367,22.8
42.97419067,22.8
42.97835767,22.8
42.98252467,22.8
42.98669167,22.8
42.99085867,22.8
42.99502567,22.8
42.99919267,22.8
43.00335967,22.8
43.00752667,22.8
43.01169367,22.8
43.01586067,22.8
43.02002767,22.8
43.02419467,22.8
43.02836167,22.8
43.03252867,22.8
43.03669567,22.8
43.04086267,22.8
43.04502967,22.8
43.04919667,22.8
43.05336367,22.8
43.05753067,22.8
43.06169767,22.8
43.06586467,22.8
43.07003167,22.8
43.07419867,22.8
43.07836567,22.8
43.08253267,22.8
43.08669967,22.8
43.09086667,22.8
43.09503367,22.8
43.09920067,22.8
43.10336767,22.8
43.10753467,22.8
43.11170167,22.8
43.11586867,22.8
43.12003567,22.8
43.12420267,22.8
43.12836967,22.8
43.13253667,22.8
43.13670367,22.8
43.14087067,22.8
43.14503767,22.8
43.14920467,22.8
43.15337167,22.8
43.15753867,22.8
43.16170567,22.8
43.16587267,22.8
43.17003967,22.8
43.17420667,22.8
43.17837367,22.8
43.18254067,22.8
43.18670767,22.8
43.19087467,22.8
43.19504167,22.8
43.19920867,22.8
43.20337567,22.8
43.20754267,22.8
43.21170967,22.8
43.21587667,22.8
43.22004367,22.8
43.22421067,22.8
43.22837767,22.8
43.23254467,22.8
43.23671167,22.8
43.24087867,22.8
43.24504567,22.8
43.24921267,22.8
43.25337967,22.8
43.25754667,22.8
43.26171367,22.8
43.26588067,22.8
43.27004767,22.8
43.27421467,22.8
43.27838167,22.8
43.28254867,22.8
43.28671567,22.8
43.29088267,22.8
43.29504967,22.8
43.29921667,22.8
43.30338367,22.8
43.30755067,22.8
43.31171767,22.8
43.31588467,22.8
43.32005167,22.8
43.32421867,22.8
43.32838567,22.8
43.33255267,22.8
43.33671967,22.8
43.34088667,22.8
43.34505367,22.8
43.34922067,22.8
43.35338767,22.8
43.35755467,22.8
43.36172167,22.8
43.36588867,22.8
43.37005567,22.8
43.37422267,22.8
43.37838967,22.8
43.38255667,22.8
43.38672367,22.8
43.39089067,22.8
43.39505767,22.8
43.39922467,22.8
43.40339167,22.8
43.40755867,22.8
43.41172567,22.8
43.41589267,22.8
43.42005967,22.8
43.42422667,22.8
43.42839367,22.8
43.43256067,22.8
43.43672767,22.8
43.44089467,22.8
43.44506167,22.8
43.44922867,22.8
43.45339567,22.8
43.45756267,22.8
43.46172967,22.8
43.46589667,22.8
43.47006367,22.8
43.47423067,22.8
43.47839767,22.8
43.48256467,22.8
43.48673167,22.8
43.49089867,22.8
43.49506567,22.8
43.49923267,22.8
43.50339967,22.8
43.50756667,22.8
43.51173367,22.8
43.51590067,22.8
43.52006767,22.8
43.52423467,22.8
43.52840167,22.8
43.53256867,22.8
43.53673567,22.8
43.54090267,22.8
43.54506967,22.8
43.54923667,22.8
43.55340367,22.8
43.55757067,22.8
43.56173767,22.8
43.56590467,22.8
43.57007167,22.8
43.57423867,22.8
43.57840567,22.8
43.58257267,22.8
43.58673967,22.8
43.59090667,22.8
43.59507367,22.8
43.59924067,22.8
43.60340767,22.8
43.60757467,22.8
43.61174167,22.8
43.61590867,22.8
43.62007567,22.8
43.62424267,22.8
43.62840967,22.8
43.63257667,22.8
43.63674367,22.8
43.64091067,22.8
43.64507767,22.8
43.64924467,22.8
43.65341167,22.8
43.65757867,22.8
43.66174567,22.8
43.66591267,22.8
43.67007967,22.8
43.67424667,22.8
43.67841367,22.8
43.68258067,22.8
43.68674767,22.8
43.69091467,22.8
43.69508167,22.8
43.69924867,22.8
43.70341567,22.8
43.70758267,22.8
43.71174967,22.8
43.71591667,22.8
43.72008367,22.8
43.72425067,22.8
43.72841767,22.8
43.73258467,22.8
43.73675167,22.8
43.74091867,22.8
43.74508567,22.8
43.74925267,22.8
43.75341967,22.8
43.75758667,22.8
43.76175367,22.8
43.76592067,22.8
43.77008767,22.8
43.77425467,22.8
43.77842167,22.8
43.78258867,22.8
43.78675567,22.8
43.79092267,22.8
43.79508967,22.8
43.79925667,22.8
43.80342367,22.8
43.80759067,22.8
43.81175767,22.8
43.81592467,22.8
43.82009167,22.8
43.82425867,22.8
43.82842567,22.8
43.83259267,22.8
43.83675967,22.8
43.84092667,22.8
43.84509367,22.8
43.84926067,22.8
43.85342767,22.8
43.85759467,22.8
43.86176167,22.8
43.86592867,22.8
43.87009567,22.8
43.87426267,22.8
43.87842967,22.8
43.88259667,22.8
43.88676367,22.8
43.89093067,22.8
43.89509767,22.8
43.89926467,22.8
43.90343167,22.8
43.90759867,22.8
43.91176567,22.8
43.91593267,22.8
43.92009967,22.8
43.92426667,22.8
43.92843367,22.8
43.93260067,22.8
43.93676767,22.8
43.94093467,22.8
43.94510167,22.8
43.94926867,22.8
43.95343567,22.8
43.95760267,22.8
43.96176967,22.8
43.96593667,22.8
43.97010367,22.8
43.97427067,22.8
43.97843767,22.8
43.98260467,22.8
43.98677167,22.8
43.99093867,22.8
43.99510567,22.8
43.99927267,22.8
44.00343967,22.8
44.00760667,22.8
44.01177367,22.8
44.01594067,22.8
44.02010767,22.8
44.02427467,22.8
44.02844167,22.8
44.03260867,22.8
44.03677567,22.8
44.04094267,22.8
44.04510967,22.8
44.04927667,22.8
44.05344367,22.8
44.05761067,22.8
44.06177767,22.8
44.06594467,22.8
44.07011167,22.8
44.07427867,22.8
44.07844567,22.8
44.08261267,22.8
44.08677967,22.8
44.09094667,22.8
44.09511367,22.8
44.09928067,22.8
44.10344767,22.8
44.10761467,22.8
44.11178167,22.8
44.11594867,22.8
44.12011567,22.8
44.12428267,22.8
44.12844967,22.8
44.13261667,22.8
44.13678367,22.8
44.14095067,22.8
44.14511767,22.8
44.14928467,22.8
44.15345167,22.8
44.15761867,22.8
44.16178567,22.8
44.16595267,22.8
44.17011967,22.8
44.17428667,22.8
44.17845367,22.8
44.18262067,22.8
44.18678767,22.8
44.19095467,22.8
44.19512167,22.8
44.19928867,22.8
44.20345567,22.8
44.20762267,22.8
44.21178967,22.8
44.21595667,22.8
44.22012367,22.8
44.22429067,22.8
44.22845767,22.8
44.23262467,22.8
44.23679167,22.8
44.24095867,22.8
44.24512567,22.8
44.24929267,22.8
44.25345967,22.8
44.25762667,22.8
44.26179367,22.8
44.26596067,22.8
44.27012767,22.8
44.27429467,22.8
44.27846167,22.8
44.28262867,22.8
44.28679567,22.8
44.29096267,22.8
44.29512967,22.8
44.29929667,22.8
44.30346367,22.8
44.30763067,22.8
44.31179767,22.8
44.31596467,22.8
44.32013167,22.8
44.32429867,22.8
44.32846567,22.8
44.33263267,22.8
44.33679967,22.8
44.34096667,22.8
44.34513367,22.8
44.34930067,22.8
44.35346767,22.8
44.35763467,22.8
44.36180167,22.8
44.36596867,22.8
44.37013567,22.8
44.37430267,22.8
44.37846967,22.8
44.38263667,22.8
44.38680367,22.8
44.39097067,22.8
44.39513767,22.8
44.39930467,22.8
44.40347167,22.8
44.40763867,22.8
44.41180567,22.8
44.41597267,22.8
44.42013967,22.8
44.42430667,22.8
44.42847367,22.8
44.43264067,22.8
44.43680767,22.8
44.44097467,22.8
44.44514167,22.8
44.44930867,22.8
44.45347567,22.8
44.45764267,22.8
44.46180967,22.8
44.46597667,22.8
44.47014367,22.8
44.47431067,22.8
44.47847767,22.8
44.48264467,22.8
44.48681167,22.8
44.49097867,22.8
44.49514567,22.8
44.49931267,22.8
44.50347967,22.8
44.50764667,22.8
44.51181367,22.8
44.51598067,22.8
44.52014767,22.8
44.52431467,22.8
44.52848167,22.8
44.53264867,22.8
44.53681567,22.8
44.54098267,22.8
44.54514967,22.8
44.54931667,22.8
44.55348367,22.8
44.55765067,22.8
44.56181767,22.8
44.56598467,22.8
44.57015167,22.8
44.57431867,22.8
44.57848567,22.8
44.58265267,22.8
44.58681967,22.8
44.59098667,22.8
44.59515367,22.8
44.59932067,22.8
44.60348767,22.8
44.60765467,22.8
44.61182167,22.8
44.61598867,22.8
44.62015567,22.8
44.62432267,22.8
44.62848967,22.8
44.63265667,22.8
44.63682367,22.8
44.64099067,22.8
44.64515767,22.8
44.64932467,22.8
44.65349167,22.8
44.65765867,22.8
44.66182567,22.8
44.66599267,22.8
44.67015967,22.8
44.67432667,22.8
44.67849367,22.8
44.68266067,22.8
44.68682767,22.8
44.69099467,22.8
44.69516167,22.8
44.69932867,22.8
44.70349567,22.8
44.70766267,22.8
44.71182967,22.8
44.71599667,22.8
44.72016367,22.8
44.72433067,22.8
44.72849767,22.8
44.73266467,22.8
44.73683167,22.8
44.74099867,22.8
44.74516567,22.8
44.74933267,22.8
44.75349967,22.8
44.75766667,22.8
44.76183367,22.8
44.76600067,22.8
44.77016767,22.8
44.77433467,22.8
44.77850167,22.8
44.78266867,22.8
44.78683567,22.8
44.79100267,22.8
44.79516967,22.8
44.79933667,22.8
44.80350367,22.8
44.80767067,22.8
44.81183767,22.8
44.81600467,22.8
44.82017167,22.8
44.82433867,22.8
44.82850567,22.8
44.83267267,22.8
44.83683967,22.8
44.84100667,22.8
44.84517367,22.8
44.84934067,22.8
44.85350767,22.8
44.85767467,22.8
44.86184167,22.8
44.86600867,22.8
44.87017567,22.8
44.87434267,22.8
44.87850967,22.8
44.88267667,22.8
44.88684367,22.8
44.89101067,22.8
44.89517767,22.8
44.89934467,22.8
44.90351167,22.8
44.90767867,22.8
44.91184567,22.8
44.91601267,22.8
44.92017967,22.8
44.92434667,22.8
44.92851367,22.8
44.93268067,22.8
44.93684767,22.8
44.94101467,22.8
44.94518167,22.8
44.94934867,22.8
44.95351567,22.8
44.95768267,22.8
44.96184967,22.8
44.96601667,22.8
44.97018367,22.8
44.97435067,22.8
44.97851767,22.8
44.98268467,22.8
44.98685167,22.8
44.99101867,22.8
44.99518567,22.8
44.99935267,22.8
45.00351967,22.8
45.00768667,22.8
45.01185367,22.8
45.01602067,22.8
45.02018767,22.8
45.02435467,22.8
45.02852167,22.8
45.03268867,22.8
45.03685567,22.8
45.04102267,22.8
45.04518967,22.8
45.04935667,22.8
45.05352367,22.8
45.05769067,22.8
45.06185767,22.8
45.06602467,22.8
45.07019167,22.8
45.07435867,22.8
45.07852567,22.8
45.08269267,22.8
45.08685967,22.8
45.09102667,22.8
45.09519367,22.8
45.09936067,22.8
45.10352767,22.8
45.10769467,22.8
45.11186167,22.8
45.11602867,22.8
45.12019567,22.8
45.12436267,22.8
45.12852967,22.8
45.13269667,22.8
45.13686367,22.8
45.14103067,22.8
45.14519767,22.8
45.14936467,22.8
45.15353167,22.8
45.15769867,22.8
45.16186567,22.8
45.16603267,22.8
45.17019967,22.8
45.17436667,22.8
45.17853367,22.8
45.18270067,22.8
45.18686767,22.8
45.19103467,22.8
45.19520167,22.8
45.19936867,22.8
45.20353567,22.8
45.20770267,22.8
45.21186967,22.8
45.21603667,22.8
45.22020367,22.8
45.22437067,22.8
45.22853767,22.8
45.23270467,22.8
45.23687167,22.8
45.24103867,22.8
45.24520567,22.8
45.24937267,22.8
45.25353967,22.8
45.25770667,22.8
45.26187367,22.8
45.26604067,22.8
45.27020767,22.8
45.27437467,22.8
45.27854167,22.8
45.28270867,22.8
45.28687567,22.8
45.29104267,22.8
45.29520967,22.8
45.29937667,22.8
45.30354367,22.8
45.30771067,22.8
45.31187767,22.8
45.31604467,22.8
45.32021167,22.8
45.32437867,22.8
45.32854567,22.8
45.33271267,22.8
45.33687967,22.8
45.34104667,22.8
45.34521367,22.8
45.34938067,22.8
45.35354767,22.8
45.35771467,22.8
45.36188167,22.8
45.36604867,22.8
45.37021567,22.8
45.37438267,22.8
45.37854967,22.8
45.38271667,22.8
45.38688367,22.8
45.39105067,22.8
45.39521767,22.8
45.39938467,22.8
45.40355167,22.8
45.40771867,22.8
45.41188567,22.8
45.41605267,22.8
45.42021967,22.8
45.42438667,22.8
45.42855367,22.8
45.43272067,22.8
45.43688767,22.8
45.44105467,22.8
45.44522167,22.8
45.44938867,22.8
45.45355567,22.8
45.45772267,22.8
45.46188967,22.8
45.46605667,22.8
45.47022367,22.8
45.47439067,22.8
45.47855767,22.8
45.48272467,22.8
45.48689167,22.8
45.49105867,22.8
45.49522567,22.8
45.49939267,22.8
45.50355967,22.8
45.50772667,22.8
45.51189367,22.8
45.51606067,22.8
45.52022767,22.8
45.52439467,22.8
45.52856167,22.8
45.53272867,22.8
45.53689567,22.8
45.54106267,22.8
45.54522967,22.8
45.54939667,22.8
45.55356367,22.8
45.55773067,22.8
45.56189767,22.8
45.56606467,22.8
45.57023167,22.8
45.57439867,22.8
45.57856567,22.8
45.58273267,22.8
45.58689967,22.8
45.59106667,22.8
45.59523367,22.8
45.59940067,22.8
45.60356767,22.8
45.60773467,22.8
45.61190167,22.8
45.61606867,22.8
45.62023567,22.8
45.62440267,22.8
45.62856967,22.8
45.63273667,22.8
45.63690367,22.8
45.64107067,22.8
45.64523767,22.8
45.64940467,22.8
45.65357167,22.8
45.65773867,22.8
45.66190567,22.8
45.66607267,22.8
45.67023967,22.8
45.67440667,22.8
45.67857367,22.8
45.68274067,22.8
45.68690767,22.8
45.69107467,22.8
45.69524167,22.8
45.69940867,22.8
45.70357567,22.8
45.70774267,22.8
45.71190967,22.8
45.71607667,22.8
45.72024367,22.8
45.72441067,22.8
45.72857767,22.8
45.73274467,22.8
45.73691167,22.8
45.74107867,22.8
45.74524567,22.8
45.74941267,22.8
45.75357967,22.8
45.75774667,22.8
45.76191367,22.8
45.76608067,22.8
45.77024767,22.8
45.77441467,22.8
45.77858167,22.8
45.78274867,22.8
45.78691567,22.8
45.79108267,22.8
45.79524967,22.8
45.79941667,22.8
45.80358367,22.8
45.80775067,22.8
45.81191767,22.8
45.81608467,22.8
45.82025167,22.8
45.82441867,22.8
45.82858567,22.8
45.83275267,22.8
45.83691967,22.8
45.84108667,22.8
45.84525367,22.8
45.84942067,22.8
45.85358767,22.8
45.85775467,22.8
45.86192167,22.8
45.86608867,22.8
45.87025567,22.8
45.87442267,22.8
45.87858967,22.8
45.88275667,22.8
45.88692367,22.8
45.89109067,22.8
45.89525767,22.8
45.89942467,22.8
45.90359167,22.8
45.90775867,22.8
45.91192567,22.8
45.91609267,22.8
45.92025967,22.8
45.92442667,22.8
45.92859367,22.8
45.93276067,22.8
45.93692767,22.8
45.94109467,22.8
45.94526167,22.8
45.94942867,22.8
45.95359567,22.8
45.95776267,22.8
45.96192967,22.8
45.96609667,22.8
45.97026367,22.8
45.97443067,22.8
45.97859767,22.8
45.98276467,22.8
45.98693167,22.8
45.99109867,22.8
45.99526567,22.8
45.99943267,22.8
46.00359967,22.8
46.00776667,22.8
46.01193367,22.8
46.01610067,22.8
46.02026767,22.8
46.02443467,22.8
46.02860167,22.8
46.03276867,22.8
46.03693567,22.8
46.04110267,22.8
46.04526967,22.8
46.04943667,22.8
46.05360367,22.8
46.05777067,22.8
46.06193767,22.8
46.06610467,22.8
46.07027167,22.8
46.07443867,22.8
46.07860567,22.8
46.08277267,22.8
46.08693967,22.8
46.09110667,22.8
46.09527367,22.8
46.09944067,22.8
46.10360767,22.8
46.10777467,22.8
46.11194167,22.8
46.11610867,22.8
46.12027567,22.8
46.12444267,22.8
46.12860967,22.8
46.13277667,22.8
46.13694367,22.8
46.14111067,22.8
46.14527767,22.8
46.14944467,22.8
46.15361167,22.8
46.15777867,22.8
46.16194567,22.8
46.16611267,22.8
46.17027967,22.8
46.17444667,22.8
46.17861367,22.8
46.18278067,22.8
46.18694767,22.8
46.19111467,22.8
46.19528167,22.8
46.19944867,22.8
46.20361567,22.8
46.20778267,22.8
46.21194967,22.8
46.21611667,22.8
46.22028367,22.8
46.22445067,22.8
46.22861767,22.8
46.23278467,22.8
46.23695167,22.8
46.24111867,22.8
46.24528567,22.8
46.24945267,22.8
46.25361967,22.8
46.25778667,22.8
46.26195367,22.8
46.26612067,22.8
46.27028767,22.8
46.27445467,22.8
46.27862167,22.8
46.28278867,22.8
46.28695567,22.8
46.29112267,22.8
46.29528967,22.8
46.29945667,22.8
46.30362367,22.8
46.30779067,22.8
46.31195767,22.8
46.31612467,22.8
46.32029167,22.8
46.32445867,22.8
46.32862567,22.8
46.33279267,22.8
46.33695967,22.8
46.34112667,22.8
46.34529367,22.8
46.34946067,22.8
46.35362767,22.8
46.35779467,22.8
46.36196167,22.8
46.36612867,22.8
46.37029567,22.8
46.37446267,22.8
46.37862967,22.8
46.38279667,22.8
46.38696367,22.8
46.39113067,22.8
46.39529767,22.8
46.39946467,22.8
46.40363167,22.8
46.40779867,22.8
46.41196567,22.8
46.41613267,22.8
46.42029967,22.8
46.42446667,22.8
46.42863367,22.8
46.43280067,22.8
46.43696767,22.8
46.44113467,22.8
46.44530167,22.8
46.44946867,22.8
46.45363567,22.8
46.45780267,22.8
46.46196967,22.8
46.46613667,22.8
46.47030367,22.8
46.47447067,22.8
46.47863767,22.8
46.48280467,22.8
46.48697167,22.8
46.49113867,22.8
46.49530567,22.8
46.49947267,22.8
46.50363967,22.8
46.50780667,22.8
46.51197367,22.8
46.51614067,22.8
46.52030767,22.8
46.52447467,22.8
46.52864167,22.8
46.53280867,22.8
46.53697567,22.8
46.54114267,22.8
46.54530967,22.8
46.54947667,22.8
46.55364367,22.8
46.55781067,22.8
46.56197767,22.8
46.56614467,22.8
46.57031167,22.8
46.57447867,22.8
46.57864567,22.8
46.58281267,22.8
46.58697967,22.8
46.59114667,22.8
46.59531367,22.8
46.59948067,22.8
46.60364767,22.8
46.60781467,22.8
46.61198167,22.8
46.61614867,22.8
46.62031567,22.8
46.62448267,22.8
46.62864967,22.8
46.63281667,22.8
46.63698367,22.8
46.64115067,22.8
46.64531767,22.8
46.64948467,22.8
46.65365167,22.8
46.65781867,22.8
46.66198567,22.8
46.66615267,22.8
46.67031967,22.8
46.67448667,22.8
46.67865367,22.8
46.68282067,22.8
46.68698767,22.8
46.69115467,22.8
46.69532167,22.8
46.69948867,22.8
46.70365567,22.8
46.70782267,22.8
46.71198967,22.8
46.71615667,22.8
46.72032367,22.8
46.72449067,22.8
46.72865767,22.8
46.73282467,22.8
46.73699167,22.8
46.74115867,22.8
46.74532567,22.8
46.74949267,22.8
46.75365967,22.8
46.75782667,22.8
46.76199367,22.8
46.76616067,22.8
46.77032767,22.8
46.77449467,22.8
46.77866167,22.8
46.78282867,22.8
46.78699567,22.8
46.79116267,22.8
46.79532967,22.8
46.79949667,22.8
46.80366367,22.8
46.80783067,22.8
46.81199767,22.8
46.81616467,22.8
46.82033167,22.8
46.82449867,22.8
46.82866567,22.8
46.83283267,22.8
46.83699967,22.8
46.84116667,22.8
46.84533367,22.8
46.84950067,22.8
46.85366767,22.8
46.85783467,22.8
46.86200167,22.8
46.86616867,22.8
46.87033567,22.8
46.87450267,22.8
46.87866967,22.8
46.88283667,22.8
46.88700367,22.8
46.89117067,22.8
46.89533767,22.8
46.89950467,22.8
46.90367167,22.8
46.90783867,22.8
46.91200567,22.8
46.91617267,22.8
46.92033967,22.8
46.92450667,22.8
46.92867367,22.8
46.93284067,22.8
46.93700767,22.8
46.94117467,22.8
46.94534167,22.8
46.94950867,22.8
46.95367567,22.8
46.95784267,22.8
46.96200967,22.8
46.96617667,22.8
46.97034367,22.8
46.97451067,22.8
46.97867767,22.8
46.98284467,22.8
46.98701167,22.8
46.99117867,22.8
46.99534567,22.8
46.99951267,22.8
47.00367967,22.8
47.00784667,22.8
47.01201367,22.8
47.01618067,22.8
47.02034767,22.8
47.02451467,22.8
47.02868167,22.8
47.03284867,22.8
47.03701567,22.8
47.04118267,22.8
47.04534967,22.8
47.04951667,22.8
47.05368367,22.8
47.05785067,22.8
47.06201767,22.8
47.06618467,22.8
47.07035167,22.8
47.07451867,22.8
47.07868567,22.8
47.08285267,22.8
47.08701967,22.8
47.09118667,22.8
47.09535367,22.8
47.09952067,22.8
47.10368767,22.8
47.10785467,22.8
47.11202167,22.8
47.11618867,22.8
47.12035567,22.8
47.12452267,22.8
47.12868967,22.8
47.13285667,22.8
47.13702367,22.8
47.14119067,22.8
47.14535767,22.8
47.14952467,22.8
47.15369167,22.8
47.15785867,22.8
47.16202567,22.8
47.16619267,22.8
47.17035967,22.8
47.17452667,22.8
47.17869367,22.8
47.18286067,22.8
47.18702767,22.8
47.19119467,22.8
47.19536167,22.8
47.19952867,22.8
47.20369567,22.8
47.20786267,22.8
47.21202967,22.8
47.21619667,22.8
47.22036367,22.8
47.22453067,22.8
47.22869767,22.8
47.23286467,22.8
47.23703167,22.8
47.24119867,22.8
47.24536567,22.8
47.24953267,22.8
47.25369967,22.8
47.25786667,22.8
47.26203367,22.8
47.26620067,22.8
47.27036767,22.8
47.27453467,22.8
47.27870167,22.8
47.28286867,22.8
47.28703567,22.8
47.29120267,22.8
47.29536967,22.8
47.29953667,22.8
47.30370367,22.8
47.30787067,22.8
47.31203767,22.8
47.31620467,22.8
47.32037167,22.8
47.32453867,22.8
47.32870567,22.8
47.33287267,22.8
47.33703967,22.8
47.34120667,22.8
47.34537367,22.8
47.34954067,22.8
47.35370767,22.8
47.35787467,22.8
47.36204167,22.8
47.36620867,22.8
47.37037567,22.8
47.37454267,22.8
47.37870967,22.8
47.38287667,22.8
47.38704367,22.8
47.39121067,22.8
47.39537767,22.8
47.39954467,22.8
47.40371167,22.8
47.40787867,22.8
47.41204567,22.8
47.41621267,22.8
47.42037967,22.8
47.42454667,22.8
47.42871367,22.8
47.43288067,22.8
47.43704767,22.8
47.44121467,22.8
47.44538167,22.8
47.44954867,22.8
47.45371567,22.8
47.45788267,22.8
47.46204967,22.8
47.46621667,22.8
47.47038367,22.8
47.47455067,22.8
47.47871767,22.8
47.48288467,22.8
47.48705167,22.8
47.49121867,22.8
47.49538567,22.8
47.49955267,22.8
47.50371967,22.8
47.50788667,22.8
47.51205367,22.8
47.51622067,22.8
47.52038767,22.8
47.52455467,22.8
47.52872167,22.8
47.53288867,22.8
47.53705567,22.8
47.54122267,22.8
47.54538967,22.8
47.54955667,22.8
47.55372367,22.8
47.55789067,22.8
47.56205767,22.8
47.56622467,22.8
47.57039167,22.8
47.57455867,22.8
47.57872567,22.8
47.58289267,22.8
47.58705967,22.8
47.59122667,22.8
47.59539367,22.8
47.59956067,22.8
47.60372767,22.8
47.60789467,22.8
47.61206167,22.8
47.61622867,22.8
47.62039567,22.8
47.62456267,22.8
47.62872967,22.8
47.63289667,22.8
47.63706367,22.8
47.64123067,22.8
47.64539767,22.8
47.64956467,22.8
47.65373167,22.8
47.65789867,22.8
47.66206567,22.8
47.66623267,22.8
47.67039967,22.8
47.67456667,22.8
47.67873367,22.8
47.68290067,22.8
47.68706767,22.8
47.69123467,22.8
47.69540167,22.8
47.69956867,22.8
47.70373567,22.8
47.70790267,22.8
47.71206967,22.8
47.71623667,22.8
47.72040367,22.8
47.72457067,22.8
47.72873767,22.8
47.73290467,22.8
47.73707167,22.8
47.74123867,22.8
47.74540567,22.8
47.74957267,22.8
47.75373967,22.8
47.75790667,22.8
47.76207367,22.8
47.76624067,22.8
47.77040767,22.8
47.77457467,22.8
47.77874167,22.8
47.78290867,22.8
47.78707567,22.8
47.79124267,22.8
47.79540967,22.8
47.79957667,22.8
47.80374367,22.8
47.80791067,22.8
47.81207767,22.8
47.81624467,22.8
47.82041167,22.8
47.82457867,22.8
47.82874567,22.8
47.83291267,22.8
47.83707967,22.8
47.84124667,22.8
47.84541367,22.8
47.84958067,22.8
47.85374767,22.8
47.85791467,22.8
47.86208167,22.8
47.86624867,22.8
47.87041567,22.8
47.87458267,22.8
47.87874967,22.8
47.88291667,22.8
47.88708367,22.8
47.89125067,22.8
47.89541767,22.8
47.89958467,22.8
47.90375167,22.8
47.90791867,22.8
47.91208567,22.8
47.91625267,22.8
47.92041967,22.8
47.92458667,22.8
47.92875367,22.8
47.93292067,22.8
47.93708767,22.8
47.94125467,22.8
47.94542167,22.8
47.94958867,22.8
47.95375567,22.8
47.95792267,22.8
47.96208967,22.8
47.96625667,22.8
47.97042367,22.8
47.97459067,22.8
47.97875767,22.8
47.98292467,22.8
47.98709167,22.8
47.99125867,22.8
47.99542567,22.8
47.99959267,22.8
48.00375967,22.8
48.00792667,22.8
48.01209367,22.8
48.01626067,22.8
48.02042767,22.8
48.02459467,22.8
48.02876167,22.8
48.03292867,22.8
48.03709567,22.8
48.04126267,22.8
48.04542967,22.8
48.04959667,22.8
48.05376367,22.8
48.05793067,22.8
48.06209767,22.8
48.06626467,22.8
48.07043167,22.8
48.07459867,22.8
48.07876567,22.8
48.08293267,22.8
48.08709967,22.8
48.09126667,22.8
48.09543367,22.8
48.09960067,22.8
48.10376767,22.8
48.10793467,22.8
48.11210167,22.8
48.11626867,22.8
48.12043567,22.8
48.12460267,22.8
48.12876967,22.8
48.13293667,22.8
48.13710367,22.8
48.14127067,22.8
48.14543767,22.8
48.14960467,22.8
48.15377167,22.8
48.15793867,22.8
48.16210567,22.8
48.16627267,22.8
48.17043967,22.8
48.17460667,22.8
48.17877367,22.8
48.18294067,22.8
48.18710767,22.8
48.19127467,22.8
48.19544167,22.8
48.19960867,22.8
48.20377567,22.8
48.20794267,22.8
48.21210967,22.8
48.21627667,22.8
48.22044367,22.8
48.22461067,22.8
48.22877767,22.8
48.23294467,22.8
48.23711167,22.8
48.24127867,22.8
48.24544567,22.8
48.24961267,22.8
48.25377967,22.8
48.25794667,22.8
48.26211367,22.8
48.26628067,22.8
48.27044767,22.8
48.27461467,22.8
48.27878167,22.8
48.28294867,22.8
48.28711567,22.8
48.29128267,22.8
48.29544967,22.8
48.29961667,22.8
48.30378367,22.8
48.30795067,22.8
48.31211767,22.8
48.31628467,22.8
48.32045167,22.8
48.32461867,22.8
48.32878567,22.8
48.33295267,22.8
48.33711967,22.8
48.34128667,22.8
48.34545367,22.8
48.34962067,22.8
48.35378767,22.8
48.35795467,22.8
48.36212167,22.8
48.36628867,22.8
48.37045567,22.8
48.37462267,22.8
48.37878967,22.8
48.38295667,22.8
48.38712367,22.8
48.39129067,22.8
48.39545767,22.8
48.39962467,22.8
48.40379167,22.8
48.40795867,22.8
48.41212567,22.8
48.41629267,22.8
48.42045967,22.8
48.42462667,22.8
48.42879367,22.8
48.43296067,22.8
48.43712767,22.8
48.44129467,22.8
48.44546167,22.8
48.44962867,22.8
48.45379567,22.8
48.45796267,22.8
48.46212967,22.8
48.46629667,22.8
48.47046367,22.8
48.47463067,22.8
48.47879767,22.8
48.48296467,22.8
48.48713167,22.8
48.49129867,22.8
48.49546567,22.8
48.49963267,22.8
48.50379967,22.8
48.50796667,22.8
48.51213367,22.8
48.51630067,22.8
48.52046767,22.8
48.52463467,22.8
48.52880167,22.8
48.53296867,22.8
48.53713567,22.8
48.54130267,22.8
48.54546967,22.8
48.54963667,22.8
48.55380367,22.8
48.55797067,22.8
48.56213767,22.8
48.56630467,22.8
48.57047167,22.8
48.57463867,22.8
48.57880567,22.8
48.58297267,22.8
48.58713967,22.8
48.59130667,22.8
48.59547367,22.8
48.59964067,22.8
48.60380767,22.8
48.60797467,22.8
48.61214167,22.8
48.61630867,22.8
48.62047567,22.8
48.62464267,22.8
48.62880967,22.8
48.63297667,22.8
48.63714367,22.8
48.64131067,22.8
48.64547767,22.8
48.64964467,22.8
48.65381167,22.8
48.65797867,22.8
48.66214567,22.8
48.66631267,22.8
48.67047967,22.8
48.67464667,22.8
48.67881367,22.8
48.68298067,22.8
48.68714767,22.8
48.69131467,22.8
48.69548167,22.8
48.69964867,22.8
48.70381567,22.8
48.70798267,22.8
48.71214967,22.8
48.71631667,22.8
48.72048367,22.8
48.72465067,22.8
48.72881767,22.8
48.73298467,22.8
48.73715167,22.8
48.74131867,22.8
48.74548567,22.8
48.74965267,22.8
48.75381967,22.8
48.75798667,22.8
48.76215367,22.8
48.76632067,22.8
48.77048767,22.8
48.77465467,22.8
48.77882167,22.8
48.78298867,22.8
48.78715567,22.8
48.79132267,22.8
48.79548967,22.8
48.79965667,22.8
48.80382367,22.8
48.80799067,22.8
48.81215767,22.8
48.81632467,22.8
48.82049167,22.8
48.82465867,22.8
48.82882567,22.8
48.83299267,22.8
48.83715967,22.8
48.84132667,22.8
48.84549367,22.8
48.84966067,22.8
48.85382767,22.8
48.85799467,22.8
48.86216167,22.8
48.86632867,22.8
48.87049567,22.8
48.87466267,22.8
48.87882967,22.8
48.88299667,22.8
48.88716367,22.8
48.89133067,22.8
48.89549767,22.8
48.89966467,22.8
48.90383167,22.8
48.90799867,22.8
48.91216567,22.8
48.91633267,22.8
48.92049967,22.8
48.92466667,22.8
48.92883367,22.8
48.93300067,22.8
48.93716767,22.8
48.94133467,22.8
48.94550167,22.8
48.94966867,22.8
48.95383567,22.8
48.95800267,22.8
48.96216967,22.8
48.96633667,22.8
48.97050367,22.8
48.97467067,22.8
48.97883767,22.8
48.98300467,22.8
48.98717167,22.8
48.99133867,22.8
48.99550567,22.8
48.99967267,22.8
49.00383967,22.8
49.00800667,22.8
49.01217367,22.8
49.01634067,22.8
49.02050767,22.8
49.02467467,22.8
49.02884167,22.8
49.03300867,22.8
49.03717567,22.8
49.04134267,22.8
49.04550967,22.8
49.04967667,22.8
49.05384367,22.8
49.05801067,22.8
49.06217767,22.8
49.06634467,22.8
49.07051167,22.8
49.07467867,22.8
49.07884567,22.8
49.08301267,22.8
49.08717967,22.8
49.09134667,22.8
49.09551367,22.8
49.09968067,22.8
49.10384767,22.8
49.10801467,22.8
49.11218167,22.8
49.11634867,22.8
49.12051567,22.8
49.12468267,22.8
49.12884967,22.8
49.13301667,22.8
49.13718367,22.8
49.14135067,22.8
49.14551767,22.8
49.14968467,22.8
49.15385167,22.8
49.15801867,22.8
49.16218567,22.8
49.16635267,22.8
49.17051967,22.8
49.17468667,22.8
49.17885367,22.8
49.18302067,22.8
49.18718767,22.8
49.19135467,22.8
49.19552167,22.8
49.19968867,22.8
49.20385567,22.8
49.20802267,22.8
49.21218967,22.8
49.21635667,22.8
49.22052367,22.8
49.22469067,22.8
49.22885767,22.8
49.23302467,22.8
49.23719167,22.8
49.24135867,22.8
49.24552567,22.8
49.24969267,22.8
49.25385967,22.8
49.25802667,22.8
49.26219367,22.8
49.26636067,22.8
49.27052767,22.8
49.27469467,22.8
49.27886167,22.8
49.28302867,22.8
49.28719567,22.8
49.29136267,22.8
49.29552967,22.8
49.29969667,22.8
49.30386367,22.8
49.30803067,22.8
49.31219767,22.8
49.31636467,22.8
49.32053167,22.8
49.32469867,22.8
49.32886567,22.8
49.33303267,22.8
49.33719967,22.8
49.34136667,22.8
49.34553367,22.8
49.34970067,22.8
49.35386767,22.8
49.35803467,22.8
49.36220167,22.8
49.36636867,22.8
49.37053567,22.8
49.37470267,22.8
49.37886967,22.8
49.38303667,22.8
49.38720367,22.8
49.39137067,22.8
49.39553767,22.8
49.39970467,22.8
49.40387167,22.8
49.40803867,22.8
49.41220567,22.8
49.41637267,22.8
49.42053967,22.8
49.42470667,22.8
49.42887367,22.8
49.43304067,22.8
49.43720767,22.8
49.44137467,22.8
49.44554167,22.8
49.44970867,22.8
49.45387567,22.8
49.45804267,22.8
49.46220967,22.8
49.46637667,22.8
49.47054367,22.8
49.47471067,22.8
49.47887767,22.8
49.48304467,22.8
49.48721167,22.8
49.49137867,22.8
49.49554567,22.8
49.49971267,22.8
49.50387967,22.8
49.50804667,22.8
49.51221367,22.8
49.51638067,22.8
49.52054767,22.8
49.52471467,22.8
49.52888167,22.8
49.53304867,22.8
49.53721567,22.8
49.54138267,22.8
49.54554967,22.8
49.54971667,22.8
49.55388367,22.8
49.55805067,22.8
49.56221767,22.8
49.56638467,22.8
49.57055167,22.8
49.57471867,22.8
49.57888567,22.8
49.58305267,22.8
49.58721967,22.8
49.59138667,22.8
49.59555367,22.8
49.59972067,22.8
49.60388767,22.8
49.60805467,22.8
49.61222167,22.8
49.61638867,22.8
49.62055567,22.8
49.62472267,22.8
49.62888967,22.8
49.63305667,22.8
49.63722367,22.8
49.64139067,22.8
49.64555767,22.8
49.64972467,22.8
49.65389167,22.8
49.65805867,22.8
49.66222567,22.8
49.66639267,22.8
49.67055967,22.8
49.67472667,22.8
49.67889367,22.8
49.68306067,22.8
49.68722767,22.8
49.69139467,22.8
49.69556167,22.8
49.69972867,22.8
49.70389567,22.8
49.70806267,22.8
49.71222967,22.8
49.71639667,22.8
49.72056367,22.8
49.72473067,22.8
49.72889767,22.8
49.73306467,22.8
49.73723167,22.8
49.74139867,22.8
49.74556567,22.8
49.74973267,22.8
49.75389967,22.8
49.75806667,22.8
49.76223367,22.8
49.76640067,22.8
49.77056767,22.8
49.77473467,22.8
49.77890167,22.8
49.78306867,22.8
49.78723567,22.8
49.79140267,22.8
49.79556967,22.8
49.79973667,22.8
49.80390367,22.8
49.80807067,22.8
49.81223767,22.8
49.81640467,22.8
49.82057167,22.8
49.82473867,22.8
49.82890567,22.8
49.83307267,22.8
49.83723967,22.8
49.84140667,22.8
49.84557367,22.8
49.84974067,22.8
49.85390767,22.8
49.85807467,22.8
49.86224167,22.8
49.86640867,22.8
49.87057567,22.8
49.87474267,22.8
49.87890967,22.8
49.88307667,22.8
49.88724367,22.8
49.89141067,22.8
49.89557767,22.8
49.89974467,22.8
49.90391167,22.8
49.90807867,22.8
49.91224567,22.8
49.91641267,22.8
49.92057967,22.8
49.92474667,22.8
49.92891367,22.8
49.93308067,22.8
49.93724767,22.8
49.94141467,22.8
49.94558167,22.8
49.94974867,22.8
49.95391567,22.8
49.95808267,22.8
49.96224967,22.8
49.96641667,22.8
49.97058367,22.8
49.97475067,22.8
49.97891767,22.8
49.98308467,22.8
49.98725167,22.8
49.99141867,22.8
49.99558567,22.8
49.99975267,22.8
50.00391967,22.8
50.00808667,22.8
50.01225367,22.8
50.01642067,22.8
50.02058767,22.8
50.02475467,22.8
50.02892167,22.8
50.03308867,22.8
50.03725567,22.8
50.04142267,22.8
50.04558967,22.8
50.04975667,22.8
50.05392367,22.8
50.05809067,22.8
50.06225767,22.8
50.06642467,22.8
50.07059167,22.8
50.07475867,22.8
50.07892567,22.8
50.08309267,22.8
50.08725967,22.8
50.09142667,22.8
50.09559367,22.8
50.09976067,22.8
50.10392767,22.8
50.10809467,22.8
50.11226167,22.8
50.11642867,22.8
50.12059567,22.8
50.12476267,22.8
50.12892967,22.8
50.13309667,22.8
50.13726367,22.8
50.14143067,22.8
50.14559767,22.8
50.14976467,22.8
50.15393167,22.8
50.15809867,22.8
50.16226567,22.8
50.16643267,22.8
50.17059967,22.8
50.17476667,22.8
50.17893367,22.8
50.18310067,22.8
50.18726767,22.8
50.19143467,22.8
50.19560167,22.8
50.19976867,22.8
50.20393567,22.8
50.20810267,22.8
50.21226967,22.8
50.21643667,22.8
50.22060367,22.8
50.22477067,22.8
50.22893767,22.8
50.23310467,22.8
50.23727167,22.8
50.24143867,22.8
50.24560567,22.8
50.24977267,22.8
50.25393967,22.8
50.25810667,22.8
50.26227367,22.8
50.26644067,22.8
50.27060767,22.8
50.27477467,22.8
50.27894167,22.8
50.28310867,22.8
50.28727567,22.8
50.29144267,22.8
50.29560967,22.8
50.29977667,22.8
50.30394367,22.8
50.30811067,22.8
50.31227767,22.8
50.31644467,22.8
50.32061167,22.8
50.32477867,22.8
50.32894567,22.8
50.33311267,22.8
50.33727967,22.8
50.34144667,22.8
50.34561367,22.8
50.34978067,22.8
50.35394767,22.8
50.35811467,22.8
50.36228167,22.8
50.36644867,22.8
50.37061567,22.8
50.37478267,22.8
50.37894967,22.8
50.38311667,22.8
50.38728367,22.8
50.39145067,22.8
50.39561767,22.8
50.39978467,22.8
50.40395167,22.8
50.40811867,22.8
50.41228567,22.8
50.41645267,22.8
50.42061967,22.8
50.42478667,22.8
50.42895367,22.8
50.43312067,22.8
50.43728767,22.8
50.44145467,22.8
50.44562167,22.8
50.44978867,22.8
50.45395567,22.8
50.45812267,22.8
50.46228967,22.8
50.46645667,22.8
50.47062367,22.8
50.47479067,22.8
50.47895767,22.8
50.48312467,22.8
50.48729167,22.8
50.49145867,22.8
50.49562567,22.8
50.49979267,22.8
50.50395967,22.8
50.50812667,22.8
50.51229367,22.8
50.51646067,22.8
50.52062767,22.8
50.52479467,22.8
50.52896167,22.8
50.53312867,22.8
50.53729567,22.8
50.54146267,22.8
50.54562967,22.8
50.54979667,22.8
50.55396367,22.8
50.55813067,22.8
50.56229767,22.8
50.56646467,22.8
50.57063167,22.8
50.57479867,22.8
50.57896567,22.8
50.58313267,22.8
50.58729967,22.8
50.59146667,22.8
50.59563367,22.8
50.59980067,22.8
50.60396767,22.8
50.60813467,22.8
50.61230167,22.8
50.61646867,22.8
50.62063567,22.8
50.62480267,22.8
50.62896967,22.8
50.63313667,22.8
50.63730367,22.8
50.64147067,22.8
50.64563767,22.8
50.64980467,22.8
50.65397167,22.8
50.65813867,22.8
50.66230567,22.8
50.66647267,22.8
50.67063967,22.8
50.67480667,22.8
50.67897367,22.8
50.68314067,22.8
50.68730767,22.8
50.69147467,22.8
50.69564167,22.8
50.69980867,22.8
50.70397567,22.8
50.70814267,22.8
50.71230967,22.8
50.71647667,22.8
50.72064367,22.8
50.72481067,22.8
50.72897767,22.8
50.73314467,22.8
50.73731167,22.8
50.74147867,22.8
50.74564567,22.8
50.74981267,22.8
50.75397967,22.8
50.75814667,22.8
50.76231367,22.8
50.76648067,22.8
50.77064767,22.8
50.77481467,22.8
50.77898167,22.8
50.78314867,22.8
50.78731567,22.8
50.79148267,22.8
50.79564967,22.8
50.79981667,22.8
50.80398367,22.8
50.80815067,22.8
50.81231767,22.8
50.81648467,22.8
50.82065167,22.8
50.82481867,22.8
50.82898567,22.8
50.83315267,22.8
50.83731967,22.8
50.84148667,22.8
50.84565367,22.8
50.84982067,22.8
50.85398767,22.8
50.85815467,22.8
50.86232167,22.8
50.86648867,22.8
50.87065567,22.8
50.87482267,22.8
50.87898967,22.8
50.88315667,22.8
50.88732367,22.8
50.89149067,22.8
50.89565767,22.8
50.89982467,22.8
50.90399167,22.8
50.90815867,22.8
50.91232567,22.8
50.91649267,22.8
50.92065967,22.8
50.92482667,22.8
50.92899367,22.8
50.93316067,22.8
50.93732767,22.8
50.94149467,22.8
50.94566167,22.8
50.94982867,22.8
50.95399567,22.8
50.95816267,22.8
50.96232967,22.8
50.96649667,22.8
50.97066367,22.8
50.97483067,22.8
50.97899767,22.8
50.98316467,22.8
50.98733167,22.8
50.99149867,22.8
50.99566567,22.8
50.99983267,22.8
51.00399967,22.8
51.00816667,22.8
51.01233367,22.8
51.01650067,22.8
51.02066767,22.8
51.02483467,22.8
51.02900167,22.8
51.03316867,22.8
51.03733567,22.8
51.04150267,22.8
51.04566967,22.8
51.04983667,22.8
51.05400367,22.8
51.05817067,22.8
51.06233767,22.8
51.06650467,22.8
51.07067167,22.8
51.07483867,22.8
51.07900567,22.8
51.08317267,22.8
51.08733967,22.8
51.09150667,22.8
51.09567367,22.8
51.09984067,22.8
51.10400767,22.8
51.10817467,22.8
51.11234167,22.8
51.11650867,22.8
51.12067567,22.8
51.12484267,22.8
51.12900967,22.8
51.13317667,22.8
51.13734367,22.8
51.14151067,22.8
51.14567767,22.8
51.14984467,22.8
51.15401167,22.8
51.15817867,22.8
51.16234567,22.8
51.16651267,22.8
51.17067967,22.8
51.17484667,22.8
51.17901367,22.8
51.18318067,22.8
51.18734767,22.8
51.19151467,22.8
51.19568167,22.8
51.19984867,22.8
51.20401567,22.8
51.20818267,22.8
51.21234967,22.8
51.21651667,22.8
51.22068367,22.8
51.22485067,22.8
51.22901767,22.8
51.23318467,22.8
51.23735167,22.8
51.24151867,22.8
51.24568567,22.8
51.24985267,22.8
51.25401967,22.8
51.25818667,22.8
51.26235367,22.8
51.26652067,22.8
51.27068767,22.8
51.27485467,22.8
51.27902167,22.8
51.28318867,22.8
51.28735567,22.8
51.29152267,22.8
51.29568967,22.8
51.29985667,22.8
51.30402367,22.8
51.30819067,22.8
51.31235767,22.8
51.31652467,22.8
51.32069167,22.8
51.32485867,22.8
51.32902567,22.8
51.33319267,22.8
51.33735967,22.8
51.34152667,22.8
51.34569367,22.8
51.34986067,22.8
51.35402767,22.8
51.35819467,22.8
51.36236167,22.8
51.36652867,22.8
51.37069567,22.8
51.37486267,22.8
51.37902967,22.8
51.38319667,22.8
51.38736367,22.8
51.39153067,22.8
51.39569767,22.8
51.39986467,22.8
51.40403167,22.8
51.40819867,22.8
51.41236567,22.8
51.41653267,22.8
51.42069967,22.8
51.42486667,22.8
51.42903367,22.8
51.43320067,22.8
51.43736767,22.8
51.44153467,22.8
51.44570167,22.8
51.44986867,22.8
51.45403567,22.8
51.45820267,22.8
51.46236967,22.8
51.46653667,22.8
51.47070367,22.8
51.47487067,22.8
51.47903767,22.8
51.48320467,22.8
51.48737167,22.8
51.49153867,22.8
51.49570567,22.8
51.49987267,22.8
51.50403967,22.8
51.50820667,22.8
51.51237367,22.8
51.51654067,22.8
51.52070767,22.8
51.52487467,22.8
51.52904167,22.8
51.53320867,22.8
51.53737567,22.8
51.54154267,22.8
51.54570967,22.8
51.54987667,22.8
51.55404367,22.8
51.55821067,22.8
51.56237767,22.8
51.56654467,22.8
51.57071167,22.8
51.57487867,22.8
51.57904567,22.8
51.58321267,22.8
51.58737967,22.8
51.59154667,22.8
51.59571367,22.8
51.59988067,22.8
51.60404767,22.8
51.60821467,22.8
51.61238167,22.8
51.61654867,22.8
51.62071567,22.8
51.62488267,22.8
51.62904967,22.8
51.63321667,22.8
51.63738367,22.8
51.64155067,22.8
51.64571767,22.8
51.64988467,22.8
51.65405167,22.8
51.65821867,22.8
51.66238567,22.8
51.66655267,22.8
51.67071967,22.8
51.67488667,22.8
51.67905367,22.8
51.68322067,22.8
51.68738767,22.8
51.69155467,22.8
51.69572167,22.8
51.69988867,22.8
51.70405567,22.8
51.70822267,22.8
51.71238967,22.8
51.71655667,22.8
51.72072367,22.8
51.72489067,22.8
51.72905767,22.8
51.73322467,22.8
51.73739167,22.8
51.74155867,22.8
51.74572567,22.8
51.74989267,22.8
51.75405967,22.8
51.75822667,22.8
51.76239367,22.8
51.76656067,22.8
51.77072767,22.8
51.77489467,22.8
51.77906167,22.8
51.78322867,22.8
51.78739567,22.8
51.79156267,22.8
51.79572967,22.8
51.79989667,22.8
51.80406367,22.8
51.80823067,22.8
51.81239767,22.8
51.81656467,22.8
51.82073167,22.8
51.82489867,22.8
51.82906567,22.8
51.83323267,22.8
51.83739967,22.8
51.84156667,22.8
51.84573367,22.8
51.84990067,22.8
51.85406767,22.8
51.85823467,22.8
51.86240167,22.8
51.86656867,22.8
51.87073567,22.8
51.87490267,22.8
51.87906967,22.8
51.88323667,22.8
51.88740367,22.8
51.89157067,22.8
51.89573767,22.8
51.89990467,22.8
51.90407167,22.8
51.90823867,22.8
51.91240567,22.8
51.91657267,22.8
51.92073967,22.8
51.92490667,22.8
51.92907367,22.8
51.93324067,22.8
51.93740767,22.8
51.94157467,22.8
51.94574167,22.8
51.94990867,22.8
51.95407567,22.8
51.95824267,22.8
51.96240967,22.8
51.96657667,22.8
51.97074367,22.8
51.97491067,22.8
51.97907767,22.8
51.98324467,22.8
51.98741167,22.8
51.99157867,22.8
51.99574567,22.8
51.99991267,22.8
52.00407967,22.8
52.00824667,22.8
52.01241367,22.8
52.01658067,22.8
52.02074767,22.8
52.02491467,22.8
52.02908167,22.8
52.03324867,22.8
52.03741567,22.8
52.04158267,22.8
52.04574967,22.8
52.04991667,22.8
52.05408367,22.8
52.05825067,22.8
52.06241767,22.8
52.06658467,22.8
52.07075167,22.8
52.07491867,22.8
52.07908567,22.8
52.08325267,22.8
52.08741967,22.8
52.09158667,22.8
52.09575367,22.8
52.09992067,22.8
52.10408767,22.8
52.10825467,22.8
52.11242167,22.8
52.11658867,22.8
52.12075567,22.8
52.12492267,22.8
52.12908967,22.8
52.13325667,22.8
52.13742367,22.8
52.14159067,22.8
52.14575767,22.8
52.14992467,22.8
52.15409167,22.8
52.15825867,22.8
52.16242567,22.8
52.16659267,22.8
52.17075967,22.8
52.17492667,22.8
52.17909367,22.8
52.18326067,22.8
52.18742767,22.8
52.19159467,22.8
52.19576167,22.8
52.19992867,22.8
52.20409567,22.8
52.20826267,22.8
52.21242967,22.8
52.21659667,22.8
52.22076367,22.8
52.22493067,22.8
52.22909767,22.8
52.23326467,22.8
52.23743167,22.8
52.24159867,22.8
52.24576567,22.8
52.24993267,22.8
52.25409967,22.8
52.25826667,22.8
52.26243367,22.8
52.26660067,22.8
52.27076767,22.8
52.27493467,22.8
52.27910167,22.8
52.28326867,22.8
52.28743567,22.8
52.29160267,22.8
52.29576967,22.8
52.29993667,22.8
52.30410367,22.8
52.30827067,22.8
52.31243767,22.8
52.31660467,22.8
52.32077167,22.8
52.32493867,22.8
52.32910567,22.8
52.33327267,22.8
52.33743967,22.8
52.34160667,22.8
52.34577367,22.8
52.34994067,22.8
52.35410767,22.8
52.35827467,22.8
52.36244167,22.8
52.36660867,22.8
52.37077567,22.8
52.37494267,22.8
52.37910967,22.8
52.38327667,22.8
52.38744367,22.8
52.39161067,22.8
52.39577767,22.8
52.39994467,22.8
52.40411167,22.8
52.40827867,22.8
52.41244567,22.8
52.41661267,22.8
52.42077967,22.8
52.42494667,22.8
52.42911367,22.8
52.43328067,22.8
52.43744767,22.8
52.44161467,22.8
52.44578167,22.8
52.44994867,22.8
52.45411567,22.8
52.45828267,22.8
52.46244967,22.8
52.46661667,22.8
52.47078367,22.8
52.47495067,22.8
52.47911767,22.8
52.48328467,22.8
52.48745167,22.8
52.49161867,22.8
52.49578567,22.8
52.49995267,22.8
52.50411967,22.8
52.50828667,22.8
52.51245367,22.8
52.51662067,22.8
52.52078767,22.8
52.52495467,22.8
52.52912167,22.8
52.53328867,22.8
52.53745567,22.8
52.54162267,22.8
52.54578967,22.8
52.54995667,22.8
52.55412367,22.8
52.55829067,22.8
52.56245767,22.8
52.56662467,22.8
52.57079167,22.8
52.57495867,22.8
52.57912567,22.8
52.58329267,22.8
52.58745967,22.8
52.59162667,22.8
52.59579367,22.8
52.59996067,22.8
52.60412767,22.8
52.60829467,22.8
52.61246167,22.8
52.61662867,22.8
52.62079567,22.8
52.62496267,22.8
52.62912967,22.8
52.63329667,22.8
52.63746367,22.8
52.64163067,22.8
52.64579767,22.8
52.64996467,22.8
52.65413167,22.8
52.65829867,22.8
52.66246567,22.8
52.66663267,22.8
52.67079967,22.8
52.67496667,22.8
52.67913367,22.8
52.68330067,22.8
52.68746767,22.8
52.69163467,22.8
52.69580167,22.8
52.69996867,22.8
52.70413567,22.8
52.70830267,22.8
52.71246967,22.8
52.71663667,22.8
52.72080367,22.8
52.72497067,22.8
52.72913767,22.8
52.73330467,22.8
52.73747167,22.8
52.74163867,22.8
52.74580567,22.8
52.74997267,22.8
52.75413967,22.8
52.75830667,22.8
52.76247367,22.8
52.76664067,22.8
52.77080767,22.8
52.77497467,22.8
52.77914167,22.8
52.78330867,22.8
52.78747567,22.8
52.79164267,22.8
52.79580967,22.8
52.79997667,22.8
52.80414367,22.8
52.80831067,22.8
52.81247767,22.8
52.81664467,22.8
52.82081167,22.8
52.82497867,22.8
52.82914567,22.8
52.83331267,22.8
52.83747967,22.8
52.84164667,22.8
52.84581367,22.8
52.84998067,22.8
52.85414767,22.8
52.85831467,22.8
52.86248167,22.8
52.86664867,22.8
52.87081567,22.8
52.87498267,22.8
52.87914967,22.8
52.88331667,22.8
52.88748367,22.8
52.89165067,22.8
52.89581767,22.8
52.89998467,22.8
52.90415167,22.8
52.90831867,22.8
52.91248567,22.8
52.91665267,22.8
52.92081967,22.8
52.92498667,22.8
52.92915367,22.8
52.93332067,22.8
52.93748767,22.8
52.94165467,22.8
52.94582167,22.8
52.94998867,22.8
52.95415567,22.8
52.95832267,22.8
52.96248967,22.8
52.96665667,22.8
52.97082367,22.8
52.97499067,22.8
52.97915767,22.8
52.98332467,22.8
52.98749167,22.8
52.99165867,22.8
52.99582567,22.8
52.99999267,22.8
53.00415967,22.8
53.00832667,22.8
53.01249367,22.8
53.01666067,22.8
53.02082767,22.8
53.02499467,22.8
53.02916167,22.8
53.03332867,22.8
53.03749567,22.8
53.04166267,22.8
53.04582967,22.8
53.04999667,22.8
53.05416367,22.8
53.05833067,22.8
53.06249767,22.8
53.06666467,22.8
53.07083167,22.8
53.07499867,22.8
53.07916567,22.8
53.08333267,22.8
53.08749967,22.8
53.09166667,22.8
53.09583367,22.8
53.10000067,22.8
53.10416767,22.8
53.10833467,22.8
53.11250167,22.8
53.11666867,22.8
53.12083567,22.8
53.12500267,22.8
53.12916967,22.8
53.13333667,22.8
53.13750367,22.8
53.14167067,22.8
53.14583767,22.8
53.15000467,22.8
53.15417167,22.8
53.15833867,22.8
53.16250567,22.8
53.16667267,22.8
53.17083967,22.8
53.17500667,22.8
53.17917367,22.8
53.18334067,22.8
53.18750767,22.8
53.19167467,22.8
53.19584167,22.8
53.20000867,22.8
53.20417567,22.8
53.20834267,22.8
53.21250967,22.8
53.21667667,22.8
53.22084367,22.8
53.22501067,22.8
53.22917767,22.8
53.23334467,22.8
53.23751167,22.8
53.24167867,22.8
53.24584567,22.8
53.25001267,22.8
53.25417967,22.8
53.25834667,22.8
53.26251367,22.8
53.26668067,22.8
53.27084767,22.8
53.27501467,22.8
53.27918167,22.8
53.28334867,22.8
53.28751567,22.8
53.29168267,22.8
53.29584967,22.8
53.30001667,22.8
53.30418367,22.8
53.30835067,22.8
53.31251767,22.8
53.31668467,22.8
53.32085167,22.8
53.32501867,22.8
53.32918567,22.8
53.33335267,22.8
53.33751967,22.8
53.34168667,22.8
53.34585367,22.8
53.35002067,22.8
53.35418767,22.8
53.35835467,22.8
53.36252167,22.8
53.36668867,22.8
53.37085567,22.8
53.37502267,22.8
53.37918967,22.8
53.38335667,22.8
53.38752367,22.8
53.39169067,22.8
53.39585767,22.8
53.40002467,22.8
53.40419167,22.8
53.40835867,22.8
53.41252567,22.8
53.41669267,22.8
53.42085967,22.8
53.42502667,22.8
53.42919367,22.8
53.43336067,22.8
53.43752767,22.8
53.44169467,22.8
53.44586167,22.8
53.45002867,22.8
53.45419567,22.8
53.45836267,22.8
53.46252967,22.8
53.46669667,22.8
53.47086367,22.8
53.47503067,22.8
53.47919767,22.8
53.48336467,22.8
53.48753167,22.8
53.49169867,22.8
53.49586567,22.8
53.50003267,22.8
53.50419967,22.8
53.50836667,22.8
53.51253367,22.8
53.51670067,22.8
53.52086767,22.8
53.52503467,22.8
53.52920167,22.8
53.53336867,22.8
53.53753567,22.8
53.54170267,22.8
53.54586967,22.8
53.55003667,22.8
53.55420367,22.8
53.55837067,22.8
53.56253767,22.8
53.56670467,22.8
53.57087167,22.8
53.57503867,22.8
53.57920567,22.8
53.58337267,22.8
53.58753967,22.8
53.59170667,22.8
53.59587367,22.8
53.60004067,22.8
53.60420767,22.8
53.60837467,22.8
53.61254167,22.8
53.61670867,22.8
53.62087567,22.8
53.62504267,22.8
53.62920967,22.8
53.63337667,22.8
53.63754367,22.8
53.64171067,22.8
53.64587767,22.8
53.65004467,22.8
53.65421167,22.8
53.65837867,22.8
53.66254567,22.8
53.66671267,22.8
53.67087967,22.8
53.67504667,22.8
53.67921367,22.8
53.68338067,22.8
53.68754767,22.8
53.69171467,22.8
53.69588167,22.8
53.70004867,22.8
53.70421567,22.8
53.70838267,22.8
53.71254967,22.8
53.71671667,22.8
53.72088367,22.8
53.72505067,22.8
53.72921767,22.8
53.73338467,22.8
53.73755167,22.8
53.74171867,22.8
53.74588567,22.8
53.75005267,22.8
53.75421967,22.8
53.75838667,22.8
53.76255367,22.8
53.76672067,22.8
53.77088767,22.8
53.77505467,22.8
53.77922167,22.8
53.78338867,22.8
53.78755567,22.8
53.79172267,22.8
53.79588967,22.8
53.80005667,22.8
53.80422367,22.8
53.80839067,22.8
53.81255767,22.8
53.81672467,22.8
53.82089167,22.8
53.82505867,22.8
53.82922567,22.8
53.83339267,22.8
53.83755967,22.8
53.84172667,22.8
53.84589367,22.8
53.85006067,22.8
53.85422767,22.8
53.85839467,22.8
53.86256167,22.8
53.86672867,22.8
53.87089567,22.8
53.87506267,22.8
53.87922967,22.8
53.88339667,22.8
53.88756367,22.8
53.89173067,22.8
53.89589767,22.8
53.90006467,22.8
53.90423167,22.8
53.90839867,22.8
53.91256567,22.8
53.91673267,22.8
53.92089967,22.8
53.92506667,22.8
53.92923367,22.8
53.93340067,22.8
53.93756767,22.8
53.94173467,22.8
53.94590167,22.8
53.95006867,22.8
53.95423567,22.8
53.95840267,22.8
53.96256967,22.8
53.96673667,22.8
53.97090367,22.8
53.97507067,22.8
53.97923767,22.8
53.98340467,22.8
53.98757167,22.8
53.99173867,22.8
53.99590567,22.8
54.00007267,22.8
54.00423967,22.8
54.00840667,22.8
54.01257367,22.8
54.01674067,22.8
54.02090767,22.8
54.02507467,22.8
54.02924167,22.8
54.03340867,22.8
54.03757567,22.8
54.04174267,22.8
54.04590967,22.8
54.05007667,22.8
54.05424367,22.8
54.05841067,22.8
54.06257767,22.8
54.06674467,22.8
54.07091167,22.8
54.07507867,22.8
54.07924567,22.8
54.08341267,22.8
54.08757967,22.8
54.09174667,22.8
54.09591367,22.8
54.10008067,22.8
54.10424767,22.8
54.10841467,22.8
54.11258167,22.8
54.11674867,22.8
54.12091567,22.8
54.12508267,22.8
54.12924967,22.8
54.13341667,22.8
54.13758367,22.8
54.14175067,22.8
54.14591767,22.8
54.15008467,22.8
54.15425167,22.8
54.15841867,22.8
54.16258567,22.8
54.16675267,22.8
54.17091967,22.8
54.17508667,22.8
54.17925367,22.8
54.18342067,22.8
54.18758767,22.8
54.19175467,22.8
54.19592167,22.8
54.20008867,22.8
54.20425567,22.8
54.20842267,22.8
54.21258967,22.8
54.21675667,22.8
54.22092367,22.8
54.22509067,22.8
54.22925767,22.8
54.23342467,22.8
54.23759167,22.8
54.24175867,22.8
54.24592567,22.8
54.25009267,22.8
54.25425967,22.8
54.25842667,22.8
54.26259367,22.8
54.26676067,22.8
54.27092767,22.8
54.27509467,22.8
54.27926167,22.8
54.28342867,22.8
54.28759567,22.8
54.29176267,22.8
54.29592967,22.8
54.30009667,22.8
54.30426367,22.8
54.30843067,22.8
54.31259767,22.8
54.31676467,22.8
54.32093167,22.8
54.32509867,22.8
54.32926567,22.8
54.33343267,22.8
54.33759967,22.8
54.34176667,22.8
54.34593367,22.8
54.35010067,22.8
54.35426767,22.8
54.35843467,22.8
54.36260167,22.8
54.36676867,22.8
54.37093567,22.8
54.37510267,22.8
54.37926967,22.8
54.38343667,22.8
54.38760367,22.8
54.39177067,22.8
54.39593767,22.8
54.40010467,22.8
54.40427167,22.8
54.40843867,22.8
54.41260567,22.8
54.41677267,22.8
54.42093967,22.8
54.42510667,22.8
54.42927367,22.8
54.43344067,22.8
54.43760767,22.8
54.44177467,22.8
54.44594167,22.8
54.45010867,22.8
54.45427567,22.8
54.45844267,22.8
54.46260967,22.8
54.46677667,22.8
54.47094367,22.8
54.47511067,22.8
54.47927767,22.8
54.48344467,22.8
54.48761167,22.8
54.49177867,22.8
54.49594567,22.8
54.50011267,22.8
54.50427967,22.8
54.50844667,22.8
54.51261367,22.8
54.51678067,22.8
54.52094767,22.8
54.52511467,22.8
54.52928167,22.8
54.53344867,22.8
54.53761567,22.8
54.54178267,22.8
54.54594967,22.8
54.55011667,22.8
54.55428367,22.8
54.55845067,22.8
54.56261767,22.8
54.56678467,22.8
54.57095167,22.8
54.57511867,22.8
54.57928567,22.8
54.58345267,22.8
54.58761967,22.8
54.59178667,22.8
54.59595367,22.8
54.60012067,22.8
54.60428767,22.8
54.60845467,22.8
54.61262167,22.8
54.61678867,22.8
54.62095567,22.8
54.62512267,22.8
54.62928967,22.8
54.63345667,22.8
54.63762367,22.8
54.64179067,22.8
54.64595767,22.8
54.65012467,22.8
54.65429167,22.8
54.65845867,22.8
54.66262567,22.8
54.66679267,22.8
54.67095967,22.8
54.67512667,22.8
54.67929367,22.8
54.68346067,22.8
54.68762767,22.8
54.69179467,22.8
54.69596167,22.8
54.70012867,22.8
54.70429567,22.8
54.70846267,22.8
54.71262967,22.8
54.71679667,22.8
54.72096367,22.8
54.72513067,22.8
54.72929767,22.8
54.73346467,22.8
54.73763167,22.8
54.74179867,22.8
54.74596567,22.8
54.75013267,22.8
54.75429967,22.8
54.75846667,22.8
54.76263367,22.8
54.76680067,22.8
54.77096767,22.8
54.77513467,22.8
54.77930167,22.8
54.78346867,22.8
54.78763567,22.8
54.79180267,22.8
54.79596967,22.8
54.80013667,22.8
54.80430367,22.8
54.80847067,22.8
54.81263767,22.8
54.81680467,22.8
54.82097167,22.8
54.82513867,22.8
54.82930567,22.8
54.83347267,22.8
54.83763967,22.8
54.84180667,22.8
54.84597367,22.8
54.85014067,22.8
54.85430767,22.8
54.85847467,22.8
54.86264167,22.8
54.86680867,22.8
54.87097567,22.8
54.87514267,22.8
54.87930967,22.8
54.88347667,22.8
54.88764367,22.8
54.89181067,22.8
54.89597767,22.8
54.90014467,22.8
54.90431167,22.8
54.90847867,22.8
54.91264567,22.8
54.91681267,22.8
54.92097967,22.8
54.92514667,22.8
54.92931367,22.8
54.93348067,22.8
54.93764767,22.8
54.94181467,22.8
54.94598167,22.8
54.95014867,22.8
54.95431567,22.8
54.95848267,22.8
54.96264967,22.8
54.96681667,22.8
54.97098367,22.8
54.97515067,22.8
54.97931767,22.8
54.98348467,22.8
54.98765167,22.8
54.99181867,22.8
54.99598567,22.8
55.00015267,22.8
55.00431967,22.8
55.00848667,22.8
55.01265367,22.8
55.01682067,22.8
55.02098767,22.8
55.02515467,22.8
55.02932167,22.8
55.03348867,22.8
55.03765567,22.8
55.04182267,22.8
55.04598967,22.8
55.05015667,22.8
55.05432367,22.8
55.05849067,22.8
55.06265767,22.8
55.06682467,22.8
55.07099167,22.8
55.07515867,22.8
55.07932567,22.8
55.08349267,22.8
55.08765967,22.8
55.09182667,22.8
55.09599367,22.8
55.10016067,22.8
55.10432767,22.8
55.10849467,22.8
55.11266167,22.8
55.11682867,22.8
55.12099567,22.8
55.12516267,22.8
55.12932967,22.8
55.13349667,22.8
55.13766367,22.8
55.14183067,22.8
55.14599767,22.8
55.15016467,22.8
55.15433167,22.8
55.15849867,22.8
55.16266567,22.8
55.16683267,22.8
55.17099967,22.8
55.17516667,22.8
55.17933367,22.8
55.18350067,22.8
55.18766767,22.8
55.19183467,22.8
55.19600167,22.8
55.20016867,22.8
55.20433567,22.8
55.20850267,22.8
55.21266967,22.8
55.21683667,22.8
55.22100367,22.8
55.22517067,22.8
55.22933767,22.8
55.23350467,22.8
55.23767167,22.8
55.24183867,22.8
55.24600567,22.8
55.25017267,22.8
55.25433967,22.8
55.25850667,22.8
55.26267367,22.8
55.26684067,22.8
55.27100767,22.8
55.27517467,22.8
55.27934167,22.8
55.28350867,22.8
55.28767567,22.8
55.29184267,22.8
55.29600967,22.8
55.30017667,22.8
55.30434367,22.8
55.30851067,22.8
55.31267767,22.8
55.31684467,22.8
55.32101167,22.8
55.32517867,22.8
55.32934567,22.8
55.33351267,22.8
55.33767967,22.8
55.34184667,22.8
55.34601367,22.8
55.35018067,22.8
55.35434767,22.8
55.35851467,22.8
55.36268167,22.8
55.36684867,22.8
55.37101567,22.8
55.37518267,22.8
55.37934967,22.8
55.38351667,22.8
55.38768367,22.8
55.39185067,22.8
55.39601767,22.8
55.40018467,22.8
55.40435167,22.8
55.40851867,22.8
55.41268567,22.8
55.41685267,22.8
55.42101967,22.8
55.42518667,22.8
55.42935367,22.8
55.43352067,22.8
55.43768767,22.8
55.44185467,22.8
55.44602167,22.8
55.45018867,22.8
55.45435567,22.8
55.45852267,22.8
55.46268967,22.8
55.46685667,22.8
55.47102367,22.8
55.47519067,22.8
55.47935767,22.8
55.48352467,22.8
55.48769167,22.8
55.49185867,22.8
55.49602567,22.8
55.50019267,22.8
55.50435967,22.8
55.50852667,22.8
55.51269367,22.8
55.51686067,22.8
55.52102767,22.8
55.52519467,22.8
55.52936167,22.8
55.53352867,22.8
55.53769567,22.8
55.54186267,22.8
55.54602967,22.8
55.55019667,22.8
55.55436367,22.8
55.55853067,22.8
55.56269767,22.8
55.56686467,22.8
55.57103167,22.8
55.57519867,22.8
55.57936567,22.8
55.58353267,22.8
55.58769967,22.8
55.59186667,22.8
55.59603367,22.8
55.60020067,22.8
55.60436767,22.8
55.60853467,22.8
55.61270167,22.8
55.61686867,22.8
55.62103567,22.8
55.62520267,22.8
55.62936967,22.8
55.63353667,22.8
55.63770367,22.8
55.64187067,22.8
55.64603767,22.8
55.65020467,22.8
55.65437167,22.8
55.65853867,22.8
55.66270567,22.8
55.66687267,22.8
55.67103967,22.8
55.67520667,22.8
55.67937367,22.8
55.68354067,22.8
55.68770767,22.8
55.69187467,22.8
55.69604167,22.8
55.70020867,22.8
55.70437567,22.8
55.70854267,22.8
55.71270967,22.8
55.71687667,22.8
55.72104367,22.8
55.72521067,22.8
55.72937767,22.8
55.73354467,22.8
55.73771167,22.8
55.74187867,22.8
55.74604567,22.8
55.75021267,22.8
55.75437967,22.8
55.75854667,22.8
55.76271367,22.8
55.76688067,22.8
55.77104767,22.8
55.77521467,22.8
55.77938167,22.8
55.78354867,22.8
55.78771567,22.8
55.79188267,22.8
55.79604967,22.8
55.80021667,22.8
55.80438367,22.8
55.80855067,22.8
55.81271767,22.8
55.81688467,22.8
55.82105167,22.8
55.82521867,22.8
55.82938567,22.8
55.83355267,22.8
55.83771967,22.8
55.84188667,22.8
55.84605367,22.8
55.85022067,22.8
55.85438767,22.8
55.85855467,22.8
55.86272167,22.8
55.86688867,22.8
55.87105567,22.8
55.87522267,22.8
55.87938967,22.8
55.88355667,22.8
55.88772367,22.8
55.89189067,22.8
55.89605767,22.8
55.90022467,22.8
55.90439167,22.8
55.90855867,22.8
55.91272567,22.8
55.91689267,22.8
55.92105967,22.8
55.92522667,22.8
55.92939367,22.8
55.93356067,22.8
55.93772767,22.8
55.94189467,22.8
55.94606167,22.8
55.95022867,22.8
55.95439567,22.8
55.95856267,22.8
55.96272967,22.8
55.96689667,22.8
55.97106367,22.8
55.97523067,22.8
55.97939767,22.8
55.98356467,22.8
55.98773167,22.8
55.99189867,22.8
55.99606567,22.8
56.00023267,22.8
56.00439967,22.8
56.00856667,22.8
56.01273367,22.8
56.01690067,22.8
56.02106767,22.8
56.02523467,22.8
56.02940167,22.8
56.03356867,22.8
56.03773567,22.8
56.04190267,22.8
56.04606967,22.8
56.05023667,22.8
56.05440367,22.8
56.05857067,22.8
56.06273767,22.8
56.06690467,22.8
56.07107167,22.8
56.07523867,22.8
56.07940567,22.8
56.08357267,22.8
56.08773967,22.8
56.09190667,22.8
56.09607367,22.8
56.10024067,22.8
56.10440767,22.8
56.10857467,22.8
56.11274167,22.8
56.11690867,22.8
56.12107567,22.8
56.12524267,22.8
56.12940967,22.8
56.13357667,22.8
56.13774367,22.8
56.14191067,22.8
56.14607767,22.8
56.15024467,22.8
56.15441167,22.8
56.15857867,22.8
56.16274567,22.8
56.16691267,22.8
56.17107967,22.8
56.17524667,22.8
56.17941367,22.8
56.18358067,22.8
56.18774767,22.8
56.19191467,22.8
56.19608167,22.8
56.20024867,22.8
56.20441567,22.8
56.20858267,22.8
56.21274967,22.8
56.21691667,22.8
56.22108367,22.8
56.22525067,22.8
56.22941767,22.8
56.23358467,22.8
56.23775167,22.8
56.24191867,22.8
56.24608567,22.8
56.25025267,22.8
56.25441967,22.8
56.25858667,22.8
56.26275367,22.8
56.26692067,22.8
56.27108767,22.8
56.27525467,22.8
56.27942167,22.8
56.28358867,22.8
56.28775567,22.8
56.29192267,22.8
56.29608967,22.8
56.30025667,22.8
56.30442367,22.8
56.30859067,22.8
56.31275767,22.8
56.31692467,22.8
56.32109167,22.8
56.32525867,22.8
56.32942567,22.8
56.33359267,22.8
56.33775967,22.8
56.34192667,22.8
56.34609367,22.8
56.35026067,22.8
56.35442767,22.8
56.35859467,22.8
56.36276167,22.8
56.36692867,22.8
56.37109567,22.8
56.37526267,22.8
56.37942967,22.8
56.38359667,22.8
56.38776367,22.8
56.39193067,22.8
56.39609767,22.8
56.40026467,22.8
56.40443167,22.8
56.40859867,22.8
56.41276567,22.8
56.41693267,22.8
56.42109967,22.8
56.42526667,22.8
56.42943367,22.8
56.43360067,22.8
56.43776767,22.8
56.44193467,22.8
56.44610167,22.8
56.45026867,22.8
56.45443567,22.8
56.45860267,22.8
56.46276967,22.8
56.46693667,22.8
56.47110367,22.8
56.47527067,22.8
56.47943767,22.8
56.48360467,22.8
56.48777167,22.8
56.49193867,22.8
56.49610567,22.8
56.50027267,22.8
56.50443967,22.8
56.50860667,22.8
56.51277367,22.8
56.51694067,22.8
56.52110767,22.8
56.52527467,22.8
56.52944167,22.8
56.53360867,22.8
56.53777567,22.8
56.54194267,22.8
56.54610967,22.8
56.55027667,22.8
56.55444367,22.8
56.55861067,22.8
56.56277767,22.8
56.56694467,22.8
56.57111167,22.8
56.57527867,22.8
56.57944567,22.8
56.58361267,22.8
56.58777967,22.8
56.59194667,22.8
56.59611367,22.8
56.60028067,22.8
56.60444767,22.8
56.60861467,22.8
56.61278167,22.8
56.61694867,22.8
56.62111567,22.8
56.62528267,22.8
56.62944967,22.8
56.63361667,22.8
56.63778367,22.8
56.64195067,22.8
56.64611767,22.8
56.65028467,22.8
56.65445167,22.8
56.65861867,22.8
56.66278567,22.8
56.66695267,22.8
56.67111967,22.8
56.67528667,22.8
56.67945367,22.8
56.68362067,22.8
56.68778767,22.8
56.69195467,22.8
56.69612167,22.8
56.70028867,22.8
56.70445567,22.8
56.70862267,22.8
56.71278967,22.8
56.71695667,22.8
56.72112367,22.8
56.72529067,22.8
56.72945767,22.8
56.73362467,22.8
56.73779167,22.8
56.74195867,22.8
56.74612567,22.8
56.75029267,22.8
56.75445967,22.8
56.75862667,22.8
56.76279367,22.8
56.76696067,22.8
56.77112767,22.8
56.77529467,22.8
56.77946167,22.8
56.78362867,22.8
56.78779567,22.8
56.79196267,22.8
56.79612967,22.8
56.80029667,22.8
56.80446367,22.8
56.80863067,22.8
56.81279767,22.8
56.81696467,22.8
56.82113167,22.8
56.82529867,22.8
56.82946567,22.8
56.83363267,22.8
56.83779967,22.8
56.84196667,22.8
56.84613367,22.8
56.85030067,22.8
56.85446767,22.8
56.85863467,22.8
56.86280167,22.8
56.86696867,22.8
56.87113567,22.8
56.87530267,22.8
56.87946967,22.8
56.88363667,22.8
56.88780367,22.8
56.89197067,22.8
56.89613767,22.8
56.90030467,22.8
56.90447167,22.8
56.90863867,22.8
56.91280567,22.8
56.91697267,22.8
56.92113967,22.8
56.92530667,22.8
56.92947367,22.8
56.93364067,22.8
56.93780767,22.8
56.94197467,22.8
56.94614167,22.8
56.95030867,22.8
56.95447567,22.8
56.95864267,22.8
56.96280967,22.8
56.96697667,22.8
56.97114367,22.8
56.97531067,22.8
56.97947767,22.8
56.98364467,22.8
56.98781167,22.8
56.99197867,22.8
56.99614567,22.8
57.00031267,22.8
57.00447967,22.8
57.00864667,22.8
57.01281367,22.8
57.01698067,22.8
57.02114767,22.8
57.02531467,22.8
57.02948167,22.8
57.03364867,22.8
57.03781567,22.8
57.04198267,22.8
57.04614967,22.8
57.05031667,22.8
57.05448367,22.8
57.05865067,22.8
57.06281767,22.8
57.06698467,22.8
57.07115167,22.8
57.07531867,22.8
57.07948567,22.8
57.08365267,22.8
57.08781967,22.8
57.09198667,22.8
57.09615367,22.8
57.10032067,22.8
57.10448767,22.8
57.10865467,22.8
57.11282167,22.8
57.11698867,22.8
57.12115567,22.8
57.12532267,22.8
57.12948967,22.8
57.13365667,22.8
57.13782367,22.8
57.14199067,22.8
57.14615767,22.8
57.15032467,22.8
57.15449167,22.8
57.15865867,22.8
57.16282567,22.8
57.16699267,22.8
57.17115967,22.8
57.17532667,22.8
57.17949367,22.8
57.18366067,22.8
57.18782767,22.8
57.19199467,22.8
57.19616167,22.8
57.20032867,22.8
57.20449567,22.8
57.20866267,22.8
57.21282967,22.8
57.21699667,22.8
57.22116367,22.8
57.22533067,22.8
57.22949767,22.8
57.23366467,22.8
57.23783167,22.8
57.24199867,22.8
57.24616567,22.8
57.25033267,22.8
57.25449967,22.8
57.25866667,22.8
57.26283367,22.8
57.26700067,22.8
57.27116767,22.8
57.27533467,22.8
57.27950167,22.8
57.28366867,22.8
57.28783567,22.8
57.29200267,22.8
57.29616967,22.8
57.30033667,22.8
57.30450367,22.8
57.30867067,22.8
57.31283767,22.8
57.31700467,22.8
57.32117167,22.8
57.32533867,22.8
57.32950567,22.8
57.33367267,22.8
57.33783967,22.8
57.34200667,22.8
57.34617367,22.8
57.35034067,22.8
57.35450767,22.8
57.35867467,22.8
57.36284167,22.8
57.36700867,22.8
57.37117567,22.8
57.37534267,22.8
57.37950967,22.8
57.38367667,22.8
57.38784367,22.8
57.39201067,22.8
57.39617767,22.8
57.40034467,22.8
57.40451167,22.8
57.40867867,22.8
57.41284567,22.8
57.41701267,22.8
57.42117967,22.8
57.42534667,22.8
57.42951367,22.8
57.43368067,22.8
57.43784767,22.8
57.44201467,22.8
57.44618167,22.8
57.45034867,22.8
57.45451567,22.8
57.45868267,22.8
57.46284967,22.8
57.46701667,22.8
57.47118367,22.8
57.47535067,22.8
57.47951767,22.8
57.48368467,22.8
57.48785167,22.8
57.49201867,22.8
57.49618567,22.8
57.50035267,22.8
57.50451967,22.8
57.50868667,22.8
57.51285367,22.8
57.51702067,22.8
57.52118767,22.8
57.52535467,22.8
57.52952167,22.8
57.53368867,22.8
57.53785567,22.8
57.54202267,22.8
57.54618967,22.8
57.55035667,22.8
57.55452367,22.8
57.55869067,22.8
57.56285767,22.8
57.56702467,22.8
57.57119167,22.8
57.57535867,22.8
57.57952567,22.8
57.58369267,22.8
57.58785967,22.8
57.59202667,22.8
57.59619367,22.8
57.60036067,22.8
57.60452767,22.8
57.60869467,22.8
57.61286167,22.8
57.61702867,22.8
57.62119567,22.8
57.62536267,22.8
57.62952967,22.8
57.63369667,22.8
57.63786367,22.8
57.64203067,22.8
57.64619767,22.8
57.65036467,22.8
57.65453167,22.8
57.65869867,22.8
57.66286567,22.8
57.66703267,22.8
57.67119967,22.8
57.67536667,22.8
57.67953367,22.8
57.68370067,22.8
57.68786767,22.8
57.69203467,22.8
57.69620167,22.8
57.70036867,22.8
57.70453567,22.8
57.70870267,22.8
57.71286967,22.8
57.71703667,22.8
57.72120367,22.8
57.72537067,22.8
57.72953767,22.8
57.73370467,22.8
57.73787167,22.8
57.74203867,22.8
57.74620567,22.8
57.75037267,22.8
57.75453967,22.8
57.75870667,22.8
57.76287367,22.8
57.76704067,22.8
57.77120767,22.8
57.77537467,22.8
57.77954167,22.8
57.78370867,22.8
57.78787567,22.8
57.79204267,22.8
57.79620967,22.8
57.80037667,22.8
57.80454367,22.8
57.80871067,22.8
57.81287767,22.8
57.81704467,22.8
57.82121167,22.8
57.82537867,22.8
57.82954567,22.8
57.83371267,22.8
57.83787967,22.8
57.84204667,22.8
57.84621367,22.8
57.85038067,22.8
57.85454767,22.8
57.85871467,22.8
57.86288167,22.8
57.86704867,22.8
57.87121567,22.8
57.87538267,22.8
57.87954967,22.8
57.88371667,22.8
57.88788367,22.8
57.89205067,22.8
57.89621767,22.8
57.90038467,22.8
57.90455167,22.8
57.90871867,22.8
57.91288567,22.8
57.91705267,22.8
57.92121967,22.8
57.92538667,22.8
57.92955367,22.8
57.93372067,22.8
57.93788767,22.8
57.94205467,22.8
57.94622167,22.8
57.95038867,22.8
57.95455567,22.8
57.95872267,22.8
57.96288967,22.8
57.96705667,22.8
57.97122367,22.8
57.97539067,22.8
57.97955767,22.8
57.98372467,22.8
57.98789167,22.8
57.99205867,22.8
57.99622567,22.8
58.00039267,22.8
58.00455967,22.8
58.00872667,22.8
58.01289367,22.8
58.01706067,22.8
58.02122767,22.8
58.02539467,22.8
58.02956167,22.8
58.03372867,22.8
58.03789567,22.8
58.04206267,22.8
58.04622967,22.8
58.05039667,22.8
58.05456367,22.8
58.05873067,22.8
58.06289767,22.8
58.06706467,22.8
58.07123167,22.8
58.07539867,22.8
58.07956567,22.8
58.08373267,22.8
58.08789967,22.8
58.09206667,22.8
58.09623367,22.8
58.10040067,22.8
58.10456767,22.8
58.10873467,22.8
58.11290167,22.8
58.11706867,22.8
58.12123567,22.8
58.12540267,22.8
58.12956967,22.8
58.13373667,22.8
58.13790367,22.8
58.14207067,22.8
58.14623767,22.8
58.15040467,22.8
58.15457167,22.8
58.15873867,22.8
58.16290567,22.8
58.16707267,22.8
58.17123967,22.8
58.17540667,22.8
58.17957367,22.8
58.18374067,22.8
58.18790767,22.8
58.19207467,22.8
58.19624167,22.8
58.20040867,22.8
58.20457567,22.8
58.20874267,22.8
58.21290967,22.8
58.21707667,22.8
58.22124367,22.8
58.22541067,22.8
58.22957767,22.8
58.23374467,22.8
58.23791167,22.8
58.24207867,22.8
58.24624567,22.8
58.25041267,22.8
58.25457967,22.8
58.25874667,22.8
58.26291367,22.8
58.26708067,22.8
58.27124767,22.8
58.27541467,22.8
58.27958167,22.8
58.28374867,22.8
58.28791567,22.8
58.29208267,22.8
58.29624967,22.8
58.30041667,22.8
58.30458367,22.8
58.30875067,22.8
58.31291767,22.8
58.31708467,22.8
58.32125167,22.8
58.32541867,22.8
58.32958567,22.8
58.33375267,22.8
58.33791967,22.8
58.34208667,22.8
58.34625367,22.8
58.35042067,22.8
58.35458767,22.8
58.35875467,22.8
58.36292167,22.8
58.36708867,22.8
58.37125567,22.8
58.37542267,22.8
58.37958967,22.8
58.38375667,22.8
58.38792367,22.8
58.39209067,22.8
58.39625767,22.8
58.40042467,22.8
58.40459167,22.8
58.40875867,22.8
58.41292567,22.8
58.41709267,22.8
58.42125967,22.8
58.42542667,22.8
58.42959367,22.8
58.43376067,22.8
58.43792767,22.8
58.44209467,22.8
58.44626167,22.8
58.45042867,22.8
58.45459567,22.8
58.45876267,22.8
58.46292967,22.8
58.46709667,22.8
58.47126367,22.8
58.47543067,22.8
58.47959767,22.8
58.48376467,22.8
58.48793167,22.8
58.49209867,22.8
58.49626567,22.8
58.50043267,22.8
58.50459967,22.8
58.50876667,22.8
58.51293367,22.8
58.51710067,22.8
58.52126767,22.8
58.52543467,22.8
58.52960167,22.8
58.53376867,22.8
58.53793567,22.8
58.54210267,22.8
58.54626967,22.8
58.55043667,22.8
58.55460367,22.8
58.55877067,22.8
58.56293767,22.8
58.56710467,22.8
58.57127167,22.8
58.57543867,22.8
58.57960567,22.8
58.58377267,22.8
58.58793967,22.8
58.59210667,22.8
58.59627367,22.8
58.60044067,22.8
58.60460767,22.8
58.60877467,22.8
58.61294167,22.8
58.61710867,22.8
58.62127567,22.8
58.62544267,22.8
58.62960967,22.8
58.63377667,22.8
58.63794367,22.8
58.64211067,22.8
58.64627767,22.8
58.65044467,22.8
58.65461167,22.8
58.65877867,22.8
58.66294567,22.8
58.66711267,22.8
58.67127967,22.8
58.67544667,22.8
58.67961367,22.8
58.68378067,22.8
58.68794767,22.8
58.69211467,22.8
58.69628167,22.8
58.70044867,22.8
58.70461567,22.8
58.70878267,22.8
58.71294967,22.8
58.71711667,22.8
58.72128367,22.8
58.72545067,22.8
58.72961767,22.8
58.73378467,22.8
58.73795167,22.8
58.74211867,22.8
58.74628567,22.8
58.75045267,22.8
58.75461967,22.8
58.75878667,22.8
58.76295367,22.8
58.76712067,22.8
58.77128767,22.8
58.77545467,22.8
58.77962167,22.8
58.78378867,22.8
58.78795567,22.8
58.79212267,22.8
58.79628967,22.8
58.80045667,22.8
58.80462367,22.8
58.80879067,22.8
58.81295767,22.8
58.81712467,22.8
58.82129167,22.8
58.82545867,22.8
58.82962567,22.8
58.83379267,22.8
58.83795967,22.8
58.84212667,22.8
58.84629367,22.8
58.85046067,22.8
58.85462767,22.8
58.85879467,22.8
58.86296167,22.8
58.86712867,22.8
58.87129567,22.8
58.87546267,22.8
58.87962967,22.8
58.88379667,22.8
58.88796367,22.8
58.89213067,22.8
58.89629767,22.8
58.90046467,22.8
58.90463167,22.8
58.90879867,22.8
58.91296567,22.8
58.91713267,22.8
58.92129967,22.8
58.92546667,22.8
58.92963367,22.8
58.93380067,22.8
58.93796767,22.8
58.94213467,22.8
58.94630167,22.8
58.95046867,22.8
58.95463567,22.8
58.95880267,22.8
58.96296967,22.8
58.96713667,22.8
58.97130367,22.8
58.97547067,22.8
58.97963767,22.8
58.98380467,22.8
58.98797167,22.8
58.99213867,22.8
58.99630567,22.8
59.00047267,22.8
59.00463967,22.8
59.00880667,22.8
59.01297367,22.8
59.01714067,22.8
59.02130767,22.8
59.02547467,22.8
59.02964167,22.8
59.03380867,22.8
59.03797567,22.8
59.04214267,22.8
59.04630967,22.8
59.05047667,22.8
59.05464367,22.8
