DateTimeStamp,JDAY,Station_Code,isSWMP,Historical,ProvisionalPlus,Frequency,F_Record,ATemp,F_ATemp,RH,F_RH,BP,F_BP,WSpd,F_WSpd,MaxWSpd,F_MaxWSpd,MaxWSpdT,Wdir,F_Wdir,SDWDir,F_SDWDir,TotPAR,F_TotPAR,TotPrcp,F_TotPrcp
04/15/2023 00:00,1.0,tjrtlmet,P,1.0,1.0,15.0,,11.2,<0> ,93.0,<0> ,1017.0,<0> ,0.8,<0> ,1.9,<0> ,23:47,318.0,<0> ,15.0,<0> ,0.0,<0> ,0.0,<0> 
04/15/2023 00:15,1.01041667,tjrtlmet,P,1.0,1.0,15.0,,11.2,<0> ,93.0,<0> ,1017.0,<0> ,0.7,<0> ,1.9,<0> ,00:05,323.0,<0> ,14.0,<0> ,0.0,<0> ,0.0,<0> 
04/15/2023 00:30,1.02083333,tjrtlmet,P,1.0,1.0,15.0,,11.3,<0> ,93.0,<0> ,1017.0,<0> ,1.2,<0> ,2.2,<0> ,00:20,315.0,<0> ,12.0,<0> ,0.0,<0> ,0.0,<0> 
04/15/2023 00:45,1.03125,tjrtlmet,P,1.0,1.0,15.0,,11.3,<0> ,93.0,<0> ,1017.0,<0> ,0.5,<0> ,1.5,<0> ,00:31,331.0,<0> ,21.0,<0> ,0.0,<0> ,0.0,<0> 
04/15/2023 01:00,1.04166667,tjrtlmet,P,1.0,1.0,15.0,,11.4,<0> ,93.0,<0> ,1017.0,<0> ,0.4,<0> ,1.0,<0> ,00:58,49.0,<0> ,30.0,<0> ,0.0,<0> ,0.0,<0> 
04/15/2023 01:15,1.05208333,tjrtlmet,P,1.0,1.0,15.0,,11.3,<0> ,93.0,<0> ,1017.0,<0> ,0.7,<0> ,1.4,<0> ,01:07,47.0,<0> ,12.0,<0> ,0.0,<0> ,0.0,<0> 
04/15/2023 01:30,1.0625,tjrtlmet,P,1.0,1.0,15.0,,11.0,<0> ,92.0,<0> ,1017.0,<0> ,0.4,<0> ,0.8,<0> ,01:26,89.0,<0> ,56.0,<0> ,0.0,<0> ,0.0,<0> 
04/15/2023 01:45,1.07291667,tjrtlmet,P,1.0,1.0,15.0,,9.9,<0> ,93.0,<0> ,1017.0,<0> ,0.6,<0> ,1.0,<0> ,01:40,103.0,<0> ,17.0,<0> ,0.0,<0> ,0.0,<0> 
04/15/2023 02:00,1.08333333,tjrtlmet,P,1.0,1.0,15.0,,10.1,<0> ,94.0,<0> ,1017.0,<0> ,0.6,<0> ,1.1,<0> ,01:59,71.0,<0> ,12.0,<0> ,0.0,<0> ,0.0,<0> 
04/15/2023 02:15,1.09375,tjrtlmet,P,1.0,1.0,15.0,,10.3,<0> ,94.0,<0> ,1017.0,<0> ,1.0,<0> ,1.6,<0> ,02:09,84.0,<0> ,15.0,<0> ,0.0,<0> ,0.0,<0> 
04/15/2023 02:30,1.10416667,tjrtlmet,P,1.0,1.0,15.0,,10.3,<0> ,93.0,<0> ,1017.0,<0> ,0.9,<0> ,1.3,<0> ,02:23,95.0,<0> ,6.0,<0> ,0.0,<0> ,0.0,<0> 
04/15/2023 02:45,1.11458333,tjrtlmet,P,1.0,1.0,15.0,,9.8,<0> ,92.0,<0> ,1017.0,<0> ,0.1,<0> ,0.8,<0> ,02:30,89.0,<0> ,4.0,<0> ,0.0,<0> ,0.0,<0> 
04/15/2023 03:00,1.125,tjrtlmet,P,1.0,1.0,15.0,,9.1,<0> ,92.0,<0> ,1017.0,<0> ,0.0,<0> ,0.1,<0> ,02:59,87.0,<0> ,0.0,<0> ,0.0,<0> ,0.0,<0> 
04/15/2023 03:15,1.13541667,tjrtlmet,P,1.0,1.0,15.0,,9.1,<0> ,93.0,<0> ,1017.0,<0> ,0.2,<0> ,0.8,<0> ,03:13,89.0,<0> ,3.0,<0> ,0.0,<0> ,0.0,<0> 
04/15/2023 03:30,1.14583333,tjrtlmet,P,1.0,1.0,15.0,,9.4,<0> ,94.0,<0> ,1017.0,<0> ,0.5,<0> ,1.1,<0> ,03:28,89.0,<0> ,9.0,<0> ,0.0,<0> ,0.0,<0> 
04/15/2023 03:45,1.15625,tjrtlmet,P,1.0,1.0,15.0,,9.6,<0> ,93.0,<0> ,1017.0,<0> ,1.0,<0> ,1.6,<0> ,03:33,80.0,<0> ,13.0,<0> ,0.0,<0> ,0.0,<0> 
04/15/2023 04:00,1.16666667,tjrtlmet,P,1.0,1.0,15.0,,9.6,<0> ,93.0,<0> ,1017.0,<0> ,0.7,<0> ,1.7,<0> ,03:53,72.0,<0> ,19.0,<0> ,0.0,<0> ,0.0,<0> 
04/15/2023 04:15,1.17708333,tjrtlmet,P,1.0,1.0,15.0,,9.5,<0> ,92.0,<0> ,1017.0,<0> ,1.0,<0> ,1.9,<0> ,04:14,76.0,<0> ,14.0,<0> ,0.0,<0> ,0.0,<0> 
04/15/2023 04:30,1.1875,tjrtlmet,P,1.0,1.0,15.0,,9.6,<0> ,92.0,<0> ,1017.0,<0> ,1.2,<0> ,2.0,<0> ,04:21,88.0,<0> ,13.0,<0> ,0.0,<0> ,0.0,<0> 
04/15/2023 04:45,1.19791667,tjrtlmet,P,1.0,1.0,15.0,,9.6,<0> ,92.0,<0> ,1017.0,<0> ,0.9,<0> ,1.8,<0> ,04:31,88.0,<0> ,17.0,<0> ,0.0,<0> ,0.0,<0> 
04/15/2023 05:00,1.20833333,tjrtlmet,P,1.0,1.0,15.0,,9.6,<0> ,92.0,<0> ,1017.0,<0> ,1.0,<0> ,1.9,<0> ,04:51,83.0,<0> ,13.0,<0> ,0.0,<0> ,0.0,<0> 
04/15/2023 05:15,1.21875,tjrtlmet,P,1.0,1.0,15.0,,9.7,<0> ,91.0,<0> ,1017.0,<0> ,0.8,<0> ,1.7,<0> ,05:04,86.0,<0> ,27.0,<0> ,1.5,<0> ,0.0,<0> 
04/15/2023 05:30,1.22916667,tjrtlmet,P,1.0,1.0,15.0,,8.9,<0> ,91.0,<0> ,1017.0,<0> ,0.1,<0> ,0.6,<0> ,05:17,250.0,<0> ,4.0,<0> ,13.4,<0> ,0.0,<0> 
04/15/2023 05:45,1.23958333,tjrtlmet,P,1.0,1.0,15.0,,9.1,<0> ,92.0,<0> ,1017.0,<0> ,0.2,<0> ,0.7,<0> ,05:41,57.0,<0> ,72.0,<0> ,42.8,<0> ,0.0,<0> 
04/15/2023 06:00,1.25,tjrtlmet,P,1.0,1.0,15.0,,9.5,<0> ,92.0,<0> ,1017.0,<0> ,0.6,<0> ,1.3,<0> ,05:58,73.0,<0> ,18.0,<0> ,101.9,<0> ,0.0,<0> 
04/15/2023 06:15,1.26041667,tjrtlmet,P,1.0,1.0,15.0,,10.0,<0> ,92.0,<0> ,1018.0,<0> ,0.8,<0> ,1.5,<0> ,06:03,84.0,<0> ,13.0,<0> ,180.9,<0> ,0.0,<0> 
04/15/2023 06:30,1.27083333,tjrtlmet,P,1.0,1.0,15.0,,10.6,<0> ,90.0,<0> ,1018.0,<0> ,0.9,<0> ,1.5,<0> ,06:25,80.0,<0> ,14.0,<0> ,269.0,<0> ,0.0,<0> 
04/15/2023 06:45,1.28125,tjrtlmet,P,1.0,1.0,15.0,,11.3,<0> ,88.0,<0> ,1018.0,<0> ,1.1,<0> ,1.8,<0> ,06:41,103.0,<0> ,17.0,<0> ,359.9,<0> ,0.0,<0> 
04/15/2023 07:00,1.29166667,tjrtlmet,P,1.0,1.0,15.0,,12.0,<0> ,87.0,<0> ,1019.0,<0> ,1.0,<0> ,1.7,<0> ,06:45,122.0,<0> ,13.0,<0> ,452.9,<0> ,0.0,<0> 
04/15/2023 07:15,1.30208333,tjrtlmet,P,1.0,1.0,15.0,,12.8,<0> ,85.0,<0> ,1019.0,<0> ,0.8,<0> ,1.4,<0> ,07:00,137.0,<0> ,14.0,<0> ,547.2,<0> ,0.0,<0> 
04/15/2023 07:30,1.3125,tjrtlmet,P,1.0,1.0,15.0,,13.6,<0> ,83.0,<0> ,1019.0,<0> ,0.4,<0> ,1.1,<0> ,07:20,151.0,<0> ,58.0,<0> ,647.6,<0> ,0.0,<0> 
04/15/2023 07:45,1.32291667,tjrtlmet,P,1.0,1.0,15.0,,14.1,<0> ,82.0,<0> ,1019.0,<0> ,0.8,<0> ,2.5,<0> ,07:42,301.0,<0> ,30.0,<0> ,731.1,<0> ,0.0,<0> 
04/15/2023 08:00,1.33333333,tjrtlmet,P,1.0,1.0,15.0,,14.3,<0> ,82.0,<0> ,1019.0,<0> ,1.2,<0> ,2.5,<0> ,07:51,309.0,<0> ,27.0,<0> ,743.3,<0> ,0.0,<0> 
04/15/2023 08:15,1.34375,tjrtlmet,P,1.0,1.0,15.0,,14.5,<0> ,81.0,<0> ,1019.0,<0> ,1.3,<0> ,2.5,<0> ,08:02,292.0,<0> ,28.0,<0> ,935.3,<0> ,0.0,<0> 
04/15/2023 08:30,1.35416667,tjrtlmet,P,1.0,1.0,15.0,,14.8,<0> ,81.0,<0> ,1019.0,<0> ,1.2,<0> ,2.6,<0> ,08:26,302.0,<0> ,25.0,<0> ,1032.8,<0> ,0.0,<0> 
04/15/2023 08:45,1.36458333,tjrtlmet,P,1.0,1.0,15.0,,15.0,<0> ,80.0,<0> ,1019.0,<0> ,1.5,<0> ,3.0,<0> ,08:32,294.0,<0> ,31.0,<0> ,1119.8,<0> ,0.0,<0> 
04/15/2023 09:00,1.375,tjrtlmet,P,1.0,1.0,15.0,,15.0,<0> ,80.0,<0> ,1019.0,<0> ,1.7,<0> ,2.7,<0> ,08:52,286.0,<0> ,28.0,<0> ,1196.9,<0> ,0.0,<0> 
04/15/2023 09:15,1.38541667,tjrtlmet,P,1.0,1.0,15.0,,15.2,<0> ,79.0,<0> ,1019.0,<0> ,1.8,<0> ,3.1,<0> ,09:10,293.0,<0> ,18.0,<0> ,1274.1,<0> ,0.0,<0> 
04/15/2023 09:30,1.39583333,tjrtlmet,P,1.0,1.0,15.0,,16.0,<0> ,78.0,<0> ,1019.0,<0> ,2.1,<0> ,3.4,<0> ,09:29,302.0,<0> ,19.0,<0> ,1337.4,<0> ,0.0,<0> 
04/15/2023 09:45,1.40625,tjrtlmet,P,1.0,1.0,15.0,,15.8,<0> ,78.0,<0> ,1019.0,<0> ,2.5,<0> ,4.2,<0> ,09:42,289.0,<0> ,19.0,<0> ,1414.9,<0> ,0.0,<0> 
04/15/2023 10:00,1.41666667,tjrtlmet,P,1.0,1.0,15.0,,16.3,<0> ,77.0,<0> ,1019.0,<0> ,3.0,<0> ,4.5,<0> ,09:49,288.0,<0> ,17.0,<0> ,1486.3,<0> ,0.0,<0> 
04/15/2023 10:15,1.42708333,tjrtlmet,P,1.0,1.0,15.0,,16.4,<0> ,77.0,<0> ,1019.0,<0> ,3.3,<0> ,4.7,<0> ,10:13,278.0,<0> ,13.0,<0> ,1512.6,<0> ,0.0,<0> 
04/15/2023 10:30,1.4375,tjrtlmet,P,1.0,1.0,15.0,,16.1,<0> ,80.0,<0> ,1019.0,<0> ,3.7,<0> ,5.0,<0> ,10:23,279.0,<0> ,12.0,<0> ,1550.0,<0> ,0.0,<0> 
04/15/2023 10:45,1.44791667,tjrtlmet,P,1.0,1.0,15.0,,16.4,<0> ,80.0,<0> ,1019.0,<0> ,3.7,<0> ,5.3,<0> ,10:38,281.0,<0> ,13.0,<0> ,1590.0,<0> ,0.0,<0> 
04/15/2023 11:00,1.45833333,tjrtlmet,P,1.0,1.0,15.0,,16.8,<0> ,78.0,<0> ,1019.0,<0> ,3.7,<0> ,5.6,<0> ,10:57,286.0,<0> ,15.0,<0> ,1626.8,<0> ,0.0,<0> 
04/15/2023 11:15,1.46875,tjrtlmet,P,1.0,1.0,15.0,,17.1,<0> ,78.0,<0> ,1019.0,<0> ,3.5,<0> ,5.5,<0> ,11:13,287.0,<0> ,14.0,<0> ,1653.5,<0> ,0.0,<0> 
04/15/2023 11:30,1.47916667,tjrtlmet,P,1.0,1.0,15.0,,16.8,<0> ,79.0,<0> ,1019.0,<0> ,4.0,<0> ,5.6,<0> ,11:17,287.0,<0> ,14.0,<0> ,1666.3,<0> ,0.0,<0> 
04/15/2023 11:45,1.48958333,tjrtlmet,P,1.0,1.0,15.0,,17.1,<0> ,77.0,<0> ,1019.0,<0> ,4.1,<0> ,6.0,<0> ,11:42,290.0,<0> ,13.0,<0> ,1678.3,<0> ,0.0,<0> 
04/15/2023 12:00,1.5,tjrtlmet,P,1.0,1.0,15.0,,17.1,<0> ,77.0,<0> ,1019.0,<0> ,4.0,<0> ,6.1,<0> ,11:57,289.0,<0> ,13.0,<0> ,1679.4,<0> ,0.0,<0> 
04/15/2023 12:15,1.51041667,tjrtlmet,P,1.0,1.0,15.0,,17.0,<0> ,77.0,<0> ,1019.0,<0> ,4.3,<0> ,5.8,<0> ,12:14,290.0,<0> ,14.0,<0> ,1672.7,<0> ,0.0,<0> 
04/15/2023 12:30,1.52083333,tjrtlmet,P,1.0,1.0,15.0,,16.9,<0> ,77.0,<0> ,1019.0,<0> ,4.3,<0> ,6.0,<0> ,12:15,284.0,<0> ,14.0,<0> ,1656.2,<0> ,0.0,<0> 
04/15/2023 12:45,1.53125,tjrtlmet,P,1.0,1.0,15.0,,16.7,<0> ,77.0,<0> ,1019.0,<0> ,4.3,<0> ,5.8,<0> ,12:37,286.0,<0> ,15.0,<0> ,1633.6,<0> ,0.0,<0> 
04/15/2023 13:00,1.54166667,tjrtlmet,P,1.0,1.0,15.0,,16.8,<0> ,76.0,<0> ,1019.0,<0> ,4.0,<0> ,5.9,<0> ,12:45,290.0,<0> ,15.0,<0> ,1605.5,<0> ,0.0,<0> 
04/15/2023 13:15,1.55208333,tjrtlmet,P,1.0,1.0,15.0,,16.8,<0> ,76.0,<0> ,1019.0,<0> ,4.0,<0> ,5.7,<0> ,13:14,289.0,<0> ,15.0,<0> ,1568.9,<0> ,0.0,<0> 
04/15/2023 13:30,1.5625,tjrtlmet,P,1.0,1.0,15.0,,16.8,<0> ,76.0,<0> ,1019.0,<0> ,3.9,<0> ,5.4,<0> ,13:24,295.0,<0> ,15.0,<0> ,1526.8,<0> ,0.0,<0> 
04/15/2023 13:45,1.57291667,tjrtlmet,P,1.0,1.0,15.0,,16.5,<0> ,77.0,<0> ,1019.0,<0> ,4.0,<0> ,6.0,<0> ,13:33,292.0,<0> ,15.0,<0> ,1478.2,<0> ,0.0,<0> 
04/15/2023 14:00,1.58333333,tjrtlmet,P,1.0,1.0,15.0,,16.6,<0> ,76.0,<0> ,1019.0,<0> ,3.8,<0> ,5.4,<0> ,13:56,292.0,<0> ,14.0,<0> ,1425.9,<0> ,0.0,<0> 
04/15/2023 14:15,1.59375,tjrtlmet,P,1.0,1.0,15.0,,16.7,<0> ,75.0,<0> ,1019.0,<0> ,3.6,<0> ,5.2,<0> ,14:09,292.0,<0> ,16.0,<0> ,1357.0,<0> ,0.0,<0> 
04/15/2023 14:30,1.60416667,tjrtlmet,P,1.0,1.0,15.0,,16.3,<0> ,76.0,<0> ,1019.0,<0> ,3.9,<0> ,5.6,<0> ,14:17,290.0,<0> ,13.0,<0> ,1294.7,<0> ,0.0,<0> 
04/15/2023 14:45,1.61458333,tjrtlmet,P,1.0,1.0,15.0,,16.2,<0> ,76.0,<0> ,1018.0,<0> ,3.8,<0> ,5.4,<0> ,14:34,294.0,<0> ,15.0,<0> ,1216.5,<0> ,0.0,<0> 
04/15/2023 15:00,1.625,tjrtlmet,P,1.0,1.0,15.0,,16.0,<0> ,76.0,<0> ,1018.0,<0> ,3.7,<0> ,5.3,<0> ,14:54,286.0,<0> ,14.0,<0> ,1137.3,<0> ,0.0,<0> 
04/15/2023 15:15,1.63541667,tjrtlmet,P,1.0,1.0,15.0,,16.1,<0> ,76.0,<0> ,1018.0,<0> ,3.3,<0> ,4.8,<0> ,15:01,288.0,<0> ,15.0,<0> ,1055.2,<0> ,0.0,<0> 
04/15/2023 15:30,1.64583333,tjrtlmet,P,1.0,1.0,15.0,,16.0,<0> ,76.0,<0> ,1018.0,<0> ,3.3,<0> ,4.8,<0> ,15:19,293.0,<0> ,15.0,<0> ,966.7,<0> ,0.0,<0> 
04/15/2023 15:45,1.65625,tjrtlmet,P,1.0,1.0,15.0,,15.9,<0> ,77.0,<0> ,1018.0,<0> ,3.2,<0> ,4.7,<0> ,15:39,288.0,<0> ,15.0,<0> ,880.4,<0> ,0.0,<0> 
04/15/2023 16:00,1.66666667,tjrtlmet,P,1.0,1.0,15.0,,15.8,<0> ,77.0,<0> ,1018.0,<0> ,3.3,<0> ,4.6,<0> ,15:49,287.0,<0> ,14.0,<0> ,789.8,<0> ,0.0,<0> 
04/15/2023 16:15,1.67708333,tjrtlmet,P,1.0,1.0,15.0,,15.7,<0> ,78.0,<0> ,1018.0,<0> ,3.2,<0> ,4.8,<0> ,16:01,292.0,<0> ,16.0,<0> ,695.0,<0> ,0.0,<0> 
04/15/2023 16:30,1.6875,tjrtlmet,P,1.0,1.0,15.0,,15.5,<0> ,79.0,<0> ,1018.0,<0> ,3.1,<0> ,4.9,<0> ,16:20,290.0,<0> ,13.0,<0> ,598.7,<0> ,0.0,<0> 
04/15/2023 16:45,1.69791667,tjrtlmet,P,1.0,1.0,15.0,,15.4,<0> ,79.0,<0> ,1018.0,<0> ,3.2,<0> ,5.1,<0> ,16:41,292.0,<0> ,14.0,<0> ,503.5,<0> ,0.0,<0> 
04/15/2023 17:00,1.70833333,tjrtlmet,P,1.0,1.0,15.0,,15.1,<0> ,80.0,<0> ,1018.0,<0> ,3.1,<0> ,4.9,<0> ,16:50,296.0,<0> ,14.0,<0> ,406.3,<0> ,0.0,<0> 
04/15/2023 17:15,1.71875,tjrtlmet,P,1.0,1.0,15.0,,14.7,<0> ,82.0,<0> ,1018.0,<0> ,3.1,<0> ,4.7,<0> ,17:00,291.0,<0> ,13.0,<0> ,311.1,<0> ,0.0,<0> 
04/15/2023 17:30,1.72916667,tjrtlmet,P,1.0,1.0,15.0,,14.5,<0> ,83.0,<0> ,1018.0,<0> ,2.9,<0> ,4.3,<0> ,17:21,294.0,<0> ,12.0,<0> ,220.2,<0> ,0.0,<0> 
04/15/2023 17:45,1.73958333,tjrtlmet,P,1.0,1.0,15.0,,14.2,<0> ,84.0,<0> ,1018.0,<0> ,2.7,<0> ,4.5,<0> ,17:32,297.0,<0> ,13.0,<0> ,139.5,<0> ,0.0,<0> 
04/15/2023 18:00,1.75,tjrtlmet,P,1.0,1.0,15.0,,13.9,<0> ,85.0,<0> ,1018.0,<0> ,2.4,<0> ,4.0,<0> ,17:56,299.0,<0> ,14.0,<0> ,71.1,<0> ,0.0,<0> 
04/15/2023 18:15,1.76041667,tjrtlmet,P,1.0,1.0,15.0,,13.5,<0> ,87.0,<0> ,1018.0,<0> ,2.3,<0> ,3.7,<0> ,18:09,297.0,<0> ,14.0,<0> ,26.0,<0> ,0.0,<0> 
04/15/2023 18:30,1.77083333,tjrtlmet,P,1.0,1.0,15.0,,13.2,<0> ,88.0,<0> ,1018.0,<0> ,2.3,<0> ,3.5,<0> ,18:23,290.0,<0> ,12.0,<0> ,5.8,<0> ,0.0,<0> 
04/15/2023 18:45,1.78125,tjrtlmet,P,1.0,1.0,15.0,,13.1,<0> ,89.0,<0> ,1018.0,<0> ,2.2,<0> ,3.4,<0> ,18:41,289.0,<0> ,13.0,<0> ,0.1,<0> ,0.0,<0> 
04/15/2023 19:00,1.79166667,tjrtlmet,P,1.0,1.0,15.0,,13.0,<0> ,89.0,<0> ,1019.0,<0> ,1.8,<0> ,3.2,<0> ,18:55,297.0,<0> ,14.0,<0> ,0.0,<0> ,0.0,<0> 
04/15/2023 19:15,1.80208333,tjrtlmet,P,1.0,1.0,15.0,,13.0,<0> ,89.0,<0> ,1019.0,<0> ,1.8,<0> ,3.2,<0> ,19:03,297.0,<0> ,12.0,<0> ,0.0,<0> ,0.0,<0> 
04/15/2023 19:30,1.8125,tjrtlmet,P,1.0,1.0,15.0,,12.8,<0> ,89.0,<0> ,1019.0,<0> ,1.6,<0> ,2.6,<0> ,19:26,306.0,<0> ,14.0,<0> ,0.0,<0> ,0.0,<0> 
04/15/2023 19:45,1.82291667,tjrtlmet,P,1.0,1.0,15.0,,12.8,<0> ,90.0,<0> ,1019.0,<0> ,1.4,<0> ,2.7,<0> ,19:43,313.0,<0> ,15.0,<0> ,0.0,<0> ,0.0,<0> 
04/15/2023 20:00,1.83333333,tjrtlmet,P,1.0,1.0,15.0,,13.0,<0> ,90.0,<0> ,1019.0,<0> ,1.4,<0> ,2.5,<0> ,19:47,318.0,<0> ,17.0,<0> ,0.0,<0> ,0.0,<0> 
04/15/2023 20:15,1.84375,tjrtlmet,P,1.0,1.0,15.0,,13.1,<0> ,89.0,<0> ,1019.0,<0> ,0.8,<0> ,2.0,<0> ,20:05,327.0,<0> ,28.0,<0> ,0.0,<0> ,0.0,<0> 
04/15/2023 20:30,1.85416667,tjrtlmet,P,1.0,1.0,15.0,,13.1,<0> ,88.0,<0> ,1020.0,<0> ,0.9,<0> ,2.3,<0> ,20:17,326.0,<0> ,27.0,<0> ,0.0,<0> ,0.0,<0> 
04/15/2023 20:45,1.86458333,tjrtlmet,P,1.0,1.0,15.0,,13.2,<0> ,87.0,<0> ,1020.0,<0> ,1.3,<0> ,2.3,<0> ,20:37,316.0,<0> ,20.0,<0> ,0.0,<0> ,0.0,<0> 
04/15/2023 21:00,1.875,tjrtlmet,P,1.0,1.0,15.0,,13.2,<0> ,86.0,<0> ,1020.0,<0> ,0.7,<0> ,1.7,<0> ,20:50,325.0,<0> ,26.0,<0> ,0.0,<0> ,0.0,<0> 
04/15/2023 21:15,1.88541667,tjrtlmet,P,1.0,1.0,15.0,,13.1,<0> ,86.0,<0> ,1020.0,<0> ,0.8,<0> ,1.9,<0> ,21:08,318.0,<0> ,23.0,<0> ,0.0,<0> ,0.0,<0> 
04/15/2023 21:30,1.89583333,tjrtlmet,P,1.0,1.0,15.0,,13.2,<0> ,86.0,<0> ,1020.0,<0> ,1.0,<0> ,2.1,<0> ,21:28,314.0,<0> ,19.0,<0> ,0.0,<0> ,0.0,<0> 
04/15/2023 21:45,1.90625,tjrtlmet,P,1.0,1.0,15.0,,13.3,<0> ,88.0,<0> ,1020.0,<0> ,1.5,<0> ,2.2,<0> ,21:32,304.0,<0> ,14.0,<0> ,0.0,<0> ,0.0,<0> 
04/15/2023 22:00,1.91666667,tjrtlmet,P,1.0,1.0,15.0,,13.4,<0> ,88.0,<0> ,1019.0,<0> ,1.5,<0> ,2.8,<0> ,21:58,305.0,<0> ,14.0,<0> ,0.0,<0> ,0.0,<0> 
04/15/2023 22:15,1.92708333,tjrtlmet,P,1.0,1.0,15.0,,13.5,<0> ,88.0,<0> ,1019.0,<0> ,1.5,<0> ,2.6,<0> ,22:08,306.0,<0> ,12.0,<0> ,0.0,<0> ,0.0,<0> 
04/15/2023 22:30,1.9375,tjrtlmet,P,1.0,1.0,15.0,,13.5,<0> ,87.0,<0> ,1019.0,<0> ,1.7,<0> ,2.9,<0> ,22:24,305.0,<0> ,16.0,<0> ,0.0,<0> ,0.0,<0> 
04/15/2023 22:45,1.94791667,tjrtlmet,P,1.0,1.0,15.0,,13.5,<0> ,87.0,<0> ,1019.0,<0> ,1.4,<0> ,2.4,<0> ,22:31,306.0,<0> ,13.0,<0> ,0.0,<0> ,0.0,<0> 
04/15/2023 23:00,1.95833333,tjrtlmet,P,1.0,1.0,15.0,,13.5,<0> ,87.0,<0> ,1019.0,<0> ,1.5,<0> ,2.5,<0> ,22:49,308.0,<0> ,15.0,<0> ,0.0,<0> ,0.0,<0> 
04/15/2023 23:15,1.96875,tjrtlmet,P,1.0,1.0,15.0,,13.5,<0> ,87.0,<0> ,1019.0,<0> ,1.7,<0> ,3.0,<0> ,23:09,307.0,<0> ,14.0,<0> ,0.0,<0> ,0.0,<0> 
04/15/2023 23:30,1.97916667,tjrtlmet,P,1.0,1.0,15.0,,13.5,<0> ,87.0,<0> ,1019.0,<0> ,1.8,<0> ,2.9,<0> ,23:17,310.0,<0> ,14.0,<0> ,0.0,<0> ,0.0,<0> 
04/15/2023 23:45,1.98958333,tjrtlmet,P,1.0,1.0,15.0,,13.5,<0> ,86.0,<0> ,1019.0,<0> ,1.9,<0> ,3.0,<0> ,23:42,304.0,<0> ,17.0,<0> ,0.0,<0> ,0.0,<0> 
04/16/2023 00:00,2.0,tjrtlmet,P,1.0,1.0,15.0,,13.5,<0> ,86.0,<0> ,1019.0,<0> ,2.1,<0> ,3.3,<0> ,23:48,309.0,<0> ,13.0,<0> ,0.0,<0> ,0.0,<0> 
04/16/2023 00:15,2.01041667,tjrtlmet,P,1.0,1.0,15.0,,13.5,<0> ,86.0,<0> ,1019.0,<0> ,1.9,<0> ,3.2,<0> ,00:11,299.0,<0> ,13.0,<0> ,0.0,<0> ,0.0,<0> 
04/16/2023 00:30,2.02083333,tjrtlmet,P,1.0,1.0,15.0,,13.4,<0> ,86.0,<0> ,1019.0,<0> ,1.8,<0> ,3.2,<0> ,00:22,303.0,<0> ,16.0,<0> ,0.0,<0> ,0.0,<0> 
04/16/2023 00:45,2.03125,tjrtlmet,P,1.0,1.0,15.0,,13.5,<0> ,86.0,<0> ,1018.0,<0> ,1.5,<0> ,2.8,<0> ,00:40,314.0,<0> ,16.0,<0> ,0.0,<0> ,0.0,<0> 
04/16/2023 01:00,2.04166667,tjrtlmet,P,1.0,1.0,15.0,,13.4,<0> ,87.0,<0> ,1018.0,<0> ,1.8,<0> ,2.8,<0> ,00:58,311.0,<0> ,17.0,<0> ,0.0,<0> ,0.0,<0> 
04/16/2023 01:15,2.05208333,tjrtlmet,P,1.0,1.0,15.0,,13.4,<0> ,86.0,<0> ,1018.0,<0> ,1.5,<0> ,3.1,<0> ,01:06,317.0,<0> ,20.0,<0> ,0.0,<0> ,0.0,<0> 
04/16/2023 01:30,2.0625,tjrtlmet,P,1.0,1.0,15.0,,13.4,<0> ,86.0,<0> ,1018.0,<0> ,1.6,<0> ,3.2,<0> ,01:26,315.0,<0> ,19.0,<0> ,0.0,<0> ,0.0,<0> 
04/16/2023 01:45,2.07291667,tjrtlmet,P,1.0,1.0,15.0,,13.4,<0> ,86.0,<0> ,1018.0,<0> ,1.9,<0> ,3.0,<0> ,01:36,311.0,<0> ,15.0,<0> ,0.0,<0> ,0.0,<0> 
04/16/2023 02:00,2.08333333,tjrtlmet,P,1.0,1.0,15.0,,13.3,<0> ,86.0,<0> ,1018.0,<0> ,2.1,<0> ,3.2,<0> ,01:48,306.0,<0> ,12.0,<0> ,0.0,<0> ,0.0,<0> 
04/16/2023 02:15,2.09375,tjrtlmet,P,1.0,1.0,15.0,,13.2,<0> ,86.0,<0> ,1018.0,<0> ,2.0,<0> ,3.0,<0> ,02:02,305.0,<0> ,14.0,<0> ,0.0,<0> ,0.0,<0> 
04/16/2023 02:30,2.10416667,tjrtlmet,P,1.0,1.0,15.0,,13.2,<0> ,87.0,<0> ,1018.0,<0> ,2.0,<0> ,3.2,<0> ,02:23,300.0,<0> ,14.0,<0> ,0.0,<0> ,0.0,<0> 
04/16/2023 02:45,2.11458333,tjrtlmet,P,1.0,1.0,15.0,,13.1,<0> ,86.0,<0> ,1018.0,<0> ,1.9,<0> ,3.5,<0> ,02:36,303.0,<0> ,14.0,<0> ,0.0,<0> ,0.0,<0> 
04/16/2023 03:00,2.125,tjrtlmet,P,1.0,1.0,15.0,,13.1,<0> ,86.0,<0> ,1018.0,<0> ,1.5,<0> ,2.8,<0> ,02:47,307.0,<0> ,19.0,<0> ,0.0,<0> ,0.0,<0> 
04/16/2023 03:15,2.13541667,tjrtlmet,P,1.0,1.0,15.0,,13.2,<0> ,86.0,<0> ,1018.0,<0> ,1.5,<0> ,2.6,<0> ,03:08,305.0,<0> ,17.0,<0> ,0.0,<0> ,0.0,<0> 
04/16/2023 03:30,2.14583333,tjrtlmet,P,1.0,1.0,15.0,,13.1,<0> ,86.0,<0> ,1018.0,<0> ,1.4,<0> ,2.3,<0> ,03:18,290.0,<0> ,17.0,<0> ,0.0,<0> ,0.0,<0> 
04/16/2023 03:45,2.15625,tjrtlmet,P,1.0,1.0,15.0,,13.2,<0> ,86.0,<0> ,1018.0,<0> ,1.0,<0> ,2.2,<0> ,03:30,315.0,<0> ,18.0,<0> ,0.0,<0> ,0.0,<0> 
04/16/2023 04:00,2.16666667,tjrtlmet,P,1.0,1.0,15.0,,13.3,<0> ,86.0,<0> ,1018.0,<0> ,0.6,<0> ,1.3,<0> ,03:53,329.0,<0> ,23.0,<0> ,0.0,<0> ,0.0,<0> 
04/16/2023 04:15,2.17708333,tjrtlmet,P,1.0,1.0,15.0,,13.3,<0> ,86.0,<0> ,1018.0,<0> ,1.4,<0> ,4.8,<0> ,04:13,298.0,<0> ,23.0,<0> ,0.0,<0> ,0.0,<0> 
04/16/2023 04:30,2.1875,tjrtlmet,P,1.0,1.0,15.0,,13.2,<0> ,88.0,<0> ,1018.0,<0> ,2.0,<0> ,3.4,<0> ,04:25,307.0,<0> ,14.0,<0> ,0.0,<0> ,0.0,<0> 
04/16/2023 04:45,2.19791667,tjrtlmet,P,1.0,1.0,15.0,,13.1,<0> ,89.0,<0> ,1018.0,<0> ,1.6,<0> ,3.0,<0> ,04:30,311.0,<0> ,13.0,<0> ,0.0,<0> ,0.0,<0> 
04/16/2023 05:00,2.20833333,tjrtlmet,P,1.0,1.0,15.0,,13.1,<0> ,89.0,<0> ,1019.0,<0> ,1.0,<0> ,2.0,<0> ,04:55,309.0,<0> ,17.0,<0> ,0.0,<0> ,0.0,<0> 
04/16/2023 05:15,2.21875,tjrtlmet,P,1.0,1.0,15.0,,13.1,<0> ,89.0,<0> ,1019.0,<0> ,1.2,<0> ,2.9,<0> ,05:10,328.0,<0> ,31.0,<0> ,0.0,<0> ,0.0,<0> 
04/16/2023 05:30,2.22916667,tjrtlmet,P,1.0,1.0,15.0,,13.0,<0> ,89.0,<0> ,1019.0,<0> ,1.3,<0> ,3.0,<0> ,05:29,323.0,<0> ,25.0,<0> ,2.3,<0> ,0.0,<0> 
04/16/2023 05:45,2.23958333,tjrtlmet,P,1.0,1.0,15.0,,13.0,<0> ,90.0,<0> ,1019.0,<0> ,1.4,<0> ,2.5,<0> ,05:30,312.0,<0> ,19.0,<0> ,6.2,<0> ,0.0,<0> 
04/16/2023 06:00,2.25,tjrtlmet,P,1.0,1.0,15.0,,13.0,<0> ,90.0,<0> ,1019.0,<0> ,1.4,<0> ,2.4,<0> ,05:45,311.0,<0> ,19.0,<0> ,11.9,<0> ,0.0,<0> 
04/16/2023 06:15,2.26041667,tjrtlmet,P,1.0,1.0,15.0,,13.0,<0> ,90.0,<0> ,1019.0,<0> ,1.9,<0> ,3.0,<0> ,06:09,308.0,<0> ,15.0,<0> ,19.2,<0> ,0.0,<0> 
04/16/2023 06:30,2.27083333,tjrtlmet,P,1.0,1.0,15.0,,13.0,<0> ,90.0,<0> ,1019.0,<0> ,1.2,<0> ,2.6,<0> ,06:16,315.0,<0> ,15.0,<0> ,30.1,<0> ,0.0,<0> 
04/16/2023 06:45,2.28125,tjrtlmet,P,1.0,1.0,15.0,,13.1,<0> ,90.0,<0> ,1019.0,<0> ,1.5,<0> ,2.6,<0> ,06:34,310.0,<0> ,16.0,<0> ,42.3,<0> ,0.0,<0> 
04/16/2023 07:00,2.29166667,tjrtlmet,P,1.0,1.0,15.0,,13.2,<0> ,90.0,<0> ,1019.0,<0> ,1.7,<0> ,2.6,<0> ,06:52,312.0,<0> ,18.0,<0> ,58.0,<0> ,0.0,<0> 
04/16/2023 07:15,2.30208333,tjrtlmet,P,1.0,1.0,15.0,,13.2,<0> ,89.0,<0> ,1019.0,<0> ,1.4,<0> ,2.7,<0> ,07:13,315.0,<0> ,18.0,<0> ,77.2,<0> ,0.0,<0> 
04/16/2023 07:30,2.3125,tjrtlmet,P,1.0,1.0,15.0,,13.3,<0> ,89.0,<0> ,1019.0,<0> ,1.4,<0> ,2.3,<0> ,07:23,311.0,<0> ,15.0,<0> ,103.1,<0> ,0.0,<0> 
04/16/2023 07:45,2.32291667,tjrtlmet,P,1.0,1.0,15.0,,13.5,<0> ,89.0,<0> ,1019.0,<0> ,1.3,<0> ,3.1,<0> ,07:35,319.0,<0> ,32.0,<0> ,130.2,<0> ,0.0,<0> 
04/16/2023 08:00,2.33333333,tjrtlmet,P,1.0,1.0,15.0,,13.6,<0> ,87.0,<0> ,1019.0,<0> ,0.7,<0> ,1.7,<0> ,07:52,3.0,<0> ,33.0,<0> ,178.1,<0> ,0.0,<0> 
04/16/2023 08:15,2.34375,tjrtlmet,P,1.0,1.0,15.0,,13.9,<0> ,86.0,<0> ,1019.0,<0> ,0.8,<0> ,2.6,<0> ,08:13,326.0,<0> ,28.0,<0> ,214.8,<0> ,0.0,<0> 
04/16/2023 08:30,2.35416667,tjrtlmet,P,1.0,1.0,15.0,,13.8,<0> ,87.0,<0> ,1020.0,<0> ,2.0,<0> ,3.0,<0> ,08:18,303.0,<0> ,13.0,<0> ,158.8,<0> ,0.0,<0> 
04/16/2023 08:45,2.36458333,tjrtlmet,P,1.0,1.0,15.0,,13.8,<0> ,88.0,<0> ,1020.0,<0> ,2.0,<0> ,3.0,<0> ,08:33,298.0,<0> ,14.0,<0> ,225.2,<0> ,0.0,<0> 
04/16/2023 09:00,2.375,tjrtlmet,P,1.0,1.0,15.0,,13.8,<0> ,88.0,<0> ,1020.0,<0> ,1.9,<0> ,3.1,<0> ,08:45,300.0,<0> ,15.0,<0> ,255.5,<0> ,0.0,<0> 
04/16/2023 09:15,2.38541667,tjrtlmet,P,1.0,1.0,15.0,,13.9,<0> ,87.0,<0> ,1020.0,<0> ,1.9,<0> ,3.1,<0> ,09:11,303.0,<0> ,18.0,<0> ,270.3,<0> ,0.0,<0> 
04/16/2023 09:30,2.39583333,tjrtlmet,P,1.0,1.0,15.0,,13.9,<0> ,87.0,<0> ,1020.0,<0> ,1.9,<0> ,2.7,<0> ,09:26,303.0,<0> ,16.0,<0> ,288.4,<0> ,0.0,<0> 
04/16/2023 09:45,2.40625,tjrtlmet,P,1.0,1.0,15.0,,14.1,<0> ,86.0,<0> ,1020.0,<0> ,1.9,<0> ,3.3,<0> ,09:35,304.0,<0> ,17.0,<0> ,406.7,<0> ,0.0,<0> 
04/16/2023 10:00,2.41666667,tjrtlmet,P,1.0,1.0,15.0,,14.3,<0> ,86.0,<0> ,1020.0,<0> ,2.0,<0> ,3.3,<0> ,09:46,299.0,<0> ,15.0,<0> ,426.6,<0> ,0.0,<0> 
04/16/2023 10:15,2.42708333,tjrtlmet,P,1.0,1.0,15.0,,14.4,<0> ,86.0,<0> ,1020.0,<0> ,2.0,<0> ,3.1,<0> ,10:13,298.0,<0> ,17.0,<0> ,478.5,<0> ,0.0,<0> 
04/16/2023 10:30,2.4375,tjrtlmet,P,1.0,1.0,15.0,,14.2,<0> ,85.0,<0> ,1020.0,<0> ,2.3,<0> ,3.4,<0> ,10:15,292.0,<0> ,14.0,<0> ,472.0,<0> ,0.0,<0> 
04/16/2023 10:45,2.44791667,tjrtlmet,P,1.0,1.0,15.0,,14.4,<0> ,87.0,<0> ,1020.0,<0> ,2.5,<0> ,3.6,<0> ,10:34,291.0,<0> ,13.0,<0> ,531.8,<0> ,0.0,<0> 
04/16/2023 11:00,2.45833333,tjrtlmet,P,1.0,1.0,15.0,,14.3,<0> ,88.0,<0> ,1020.0,<0> ,2.6,<0> ,3.9,<0> ,10:45,287.0,<0> ,13.0,<0> ,492.9,<0> ,0.0,<0> 
04/16/2023 11:15,2.46875,tjrtlmet,P,1.0,1.0,15.0,,14.1,<0> ,88.0,<0> ,1019.0,<0> ,2.7,<0> ,4.3,<0> ,11:07,281.0,<0> ,13.0,<0> ,422.4,<0> ,0.0,<0> 
04/16/2023 11:30,2.47916667,tjrtlmet,P,1.0,1.0,15.0,,14.3,<0> ,88.0,<0> ,1019.0,<0> ,2.7,<0> ,4.0,<0> ,11:20,283.0,<0> ,14.0,<0> ,562.2,<0> ,0.0,<0> 
04/16/2023 11:45,2.48958333,tjrtlmet,P,1.0,1.0,15.0,,14.5,<0> ,87.0,<0> ,1019.0,<0> ,2.8,<0> ,4.2,<0> ,11:37,284.0,<0> ,16.0,<0> ,620.2,<0> ,0.0,<0> 
04/16/2023 12:00,2.5,tjrtlmet,P,1.0,1.0,15.0,,14.6,<0> ,87.0,<0> ,1019.0,<0> ,3.3,<0> ,5.0,<0> ,11:59,282.0,<0> ,11.0,<0> ,693.8,<0> ,0.0,<0> 
04/16/2023 12:15,2.51041667,tjrtlmet,P,1.0,1.0,15.0,,14.4,<0> ,88.0,<0> ,1019.0,<0> ,3.9,<0> ,5.5,<0> ,12:06,283.0,<0> ,12.0,<0> ,720.6,<0> ,0.0,<0> 
04/16/2023 12:30,2.52083333,tjrtlmet,P,1.0,1.0,15.0,,14.3,<0> ,88.0,<0> ,1019.0,<0> ,3.6,<0> ,5.5,<0> ,12:16,290.0,<0> ,13.0,<0> ,661.2,<0> ,0.0,<0> 
04/16/2023 12:45,2.53125,tjrtlmet,P,1.0,1.0,15.0,,14.2,<0> ,88.0,<0> ,1019.0,<0> ,3.7,<0> ,5.5,<0> ,12:43,293.0,<0> ,14.0,<0> ,612.2,<0> ,0.0,<0> 
04/16/2023 13:00,2.54166667,tjrtlmet,P,1.0,1.0,15.0,,14.1,<0> ,88.0,<0> ,1019.0,<0> ,3.6,<0> ,5.3,<0> ,12:59,298.0,<0> ,12.0,<0> ,510.5,<0> ,0.0,<0> 
04/16/2023 13:15,2.55208333,tjrtlmet,P,1.0,1.0,15.0,,14.1,<0> ,88.0,<0> ,1019.0,<0> ,3.5,<0> ,5.2,<0> ,13:10,304.0,<0> ,15.0,<0> ,482.9,<0> ,0.0,<0> 
04/16/2023 13:30,2.5625,tjrtlmet,P,1.0,1.0,15.0,,14.1,<0> ,88.0,<0> ,1019.0,<0> ,3.2,<0> ,5.0,<0> ,13:16,303.0,<0> ,15.0,<0> ,463.2,<0> ,0.0,<0> 
04/16/2023 13:45,2.57291667,tjrtlmet,P,1.0,1.0,15.0,,14.1,<0> ,88.0,<0> ,1018.0,<0> ,3.1,<0> ,4.8,<0> ,13:33,302.0,<0> ,15.0,<0> ,527.0,<0> ,0.0,<0> 
04/16/2023 14:00,2.58333333,tjrtlmet,P,1.0,1.0,15.0,,14.5,<0> ,86.0,<0> ,1018.0,<0> ,3.1,<0> ,4.8,<0> ,13:48,306.0,<0> ,16.0,<0> ,674.3,<0> ,0.0,<0> 
04/16/2023 14:15,2.59375,tjrtlmet,P,1.0,1.0,15.0,,14.6,<0> ,85.0,<0> ,1018.0,<0> ,3.2,<0> ,4.9,<0> ,14:02,306.0,<0> ,15.0,<0> ,636.6,<0> ,0.0,<0> 
04/16/2023 14:30,2.60416667,tjrtlmet,P,1.0,1.0,15.0,,14.7,<0> ,85.0,<0> ,1018.0,<0> ,3.1,<0> ,4.9,<0> ,14:27,301.0,<0> ,15.0,<0> ,603.8,<0> ,0.0,<0> 
04/16/2023 14:45,2.61458333,tjrtlmet,P,1.0,1.0,15.0,,14.6,<0> ,84.0,<0> ,1018.0,<0> ,3.2,<0> ,5.0,<0> ,14:35,304.0,<0> ,15.0,<0> ,541.1,<0> ,0.0,<0> 
04/16/2023 15:00,2.625,tjrtlmet,P,1.0,1.0,15.0,,14.4,<0> ,84.0,<0> ,1017.0,<0> ,3.0,<0> ,5.4,<0> ,14:58,304.0,<0> ,13.0,<0> ,434.8,<0> ,0.0,<0> 
04/16/2023 15:15,2.63541667,tjrtlmet,P,1.0,1.0,15.0,,14.4,<0> ,84.0,<0> ,1017.0,<0> ,3.1,<0> ,4.4,<0> ,15:00,308.0,<0> ,17.0,<0> ,385.4,<0> ,0.0,<0> 
04/16/2023 15:30,2.64583333,tjrtlmet,P,1.0,1.0,15.0,,14.2,<0> ,84.0,<0> ,1017.0,<0> ,3.3,<0> ,5.2,<0> ,15:15,306.0,<0> ,15.0,<0> ,376.0,<0> ,0.0,<0> 
04/16/2023 15:45,2.65625,tjrtlmet,P,1.0,1.0,15.0,,14.3,<0> ,84.0,<0> ,1017.0,<0> ,2.9,<0> ,4.5,<0> ,15:30,307.0,<0> ,14.0,<0> ,363.7,<0> ,0.0,<0> 
04/16/2023 16:00,2.66666667,tjrtlmet,P,1.0,1.0,15.0,,14.2,<0> ,83.0,<0> ,1017.0,<0> ,3.3,<0> ,5.2,<0> ,15:50,303.0,<0> ,15.0,<0> ,337.7,<0> ,0.0,<0> 
04/16/2023 16:15,2.67708333,tjrtlmet,P,1.0,1.0,15.0,,14.2,<0> ,84.0,<0> ,1016.0,<0> ,3.0,<0> ,4.4,<0> ,16:07,306.0,<0> ,13.0,<0> ,298.6,<0> ,0.0,<0> 
04/16/2023 16:30,2.6875,tjrtlmet,P,1.0,1.0,15.0,,14.1,<0> ,84.0,<0> ,1016.0,<0> ,2.8,<0> ,4.4,<0> ,16:25,306.0,<0> ,17.0,<0> ,225.4,<0> ,0.0,<0> 
04/16/2023 16:45,2.69791667,tjrtlmet,P,1.0,1.0,15.0,,14.1,<0> ,84.0,<0> ,1016.0,<0> ,2.9,<0> ,4.1,<0> ,16:43,305.0,<0> ,14.0,<0> ,218.4,<0> ,0.0,<0> 
04/16/2023 17:00,2.70833333,tjrtlmet,P,1.0,1.0,15.0,,14.0,<0> ,85.0,<0> ,1016.0,<0> ,3.1,<0> ,4.8,<0> ,16:50,304.0,<0> ,14.0,<0> ,166.4,<0> ,0.0,<0> 
04/16/2023 17:15,2.71875,tjrtlmet,P,1.0,1.0,15.0,,13.9,<0> ,85.0,<0> ,1016.0,<0> ,2.8,<0> ,4.5,<0> ,17:10,300.0,<0> ,14.0,<0> ,112.4,<0> ,0.0,<0> 
04/16/2023 17:30,2.72916667,tjrtlmet,P,1.0,1.0,15.0,,13.7,<0> ,85.0,<0> ,1016.0,<0> ,2.8,<0> ,4.2,<0> ,17:16,295.0,<0> ,14.0,<0> ,75.8,<0> ,0.0,<0> 
04/16/2023 17:45,2.73958333,tjrtlmet,P,1.0,1.0,15.0,,13.5,<0> ,86.0,<0> ,1016.0,<0> ,2.3,<0> ,3.7,<0> ,17:30,300.0,<0> ,14.0,<0> ,49.7,<0> ,0.0,<0> 
04/16/2023 18:00,2.75,tjrtlmet,P,1.0,1.0,15.0,,13.4,<0> ,86.0,<0> ,1016.0,<0> ,2.4,<0> ,3.8,<0> ,17:59,296.0,<0> ,13.0,<0> ,25.1,<0> ,0.0,<0> 
04/16/2023 18:15,2.76041667,tjrtlmet,P,1.0,1.0,15.0,,13.3,<0> ,86.0,<0> ,1016.0,<0> ,2.5,<0> ,3.7,<0> ,18:10,292.0,<0> ,12.0,<0> ,9.6,<0> ,0.0,<0> 
04/16/2023 18:30,2.77083333,tjrtlmet,P,1.0,1.0,15.0,,13.2,<0> ,87.0,<0> ,1016.0,<0> ,2.1,<0> ,3.1,<0> ,18:19,290.0,<0> ,12.0,<0> ,2.0,<0> ,0.0,<0> 
04/16/2023 18:45,2.78125,tjrtlmet,P,1.0,1.0,15.0,,13.1,<0> ,87.0,<0> ,1016.0,<0> ,1.9,<0> ,2.7,<0> ,18:32,293.0,<0> ,11.0,<0> ,0.0,<0> ,0.0,<0> 
04/16/2023 19:00,2.79166667,tjrtlmet,P,1.0,1.0,15.0,,13.1,<0> ,87.0,<0> ,1016.0,<0> ,2.1,<0> ,3.7,<0> ,19:00,288.0,<0> ,13.0,<0> ,0.0,<0> ,0.0,<0> 
04/16/2023 19:15,2.80208333,tjrtlmet,P,1.0,1.0,15.0,,13.1,<0> ,87.0,<0> ,1016.0,<0> ,1.8,<0> ,3.1,<0> ,19:00,285.0,<0> ,12.0,<0> ,0.0,<0> ,0.0,<0> 
04/16/2023 19:30,2.8125,tjrtlmet,P,1.0,1.0,15.0,,13.0,<0> ,88.0,<0> ,1016.0,<0> ,1.9,<0> ,3.2,<0> ,19:29,292.0,<0> ,13.0,<0> ,0.0,<0> ,0.0,<0> 
04/16/2023 19:45,2.82291667,tjrtlmet,P,1.0,1.0,15.0,,12.9,<0> ,88.0,<0> ,1016.0,<0> ,2.0,<0> ,3.3,<0> ,19:40,299.0,<0> ,14.0,<0> ,0.0,<0> ,0.0,<0> 
04/16/2023 20:00,2.83333333,tjrtlmet,P,1.0,1.0,15.0,,12.8,<0> ,88.0,<0> ,1016.0,<0> ,2.0,<0> ,3.6,<0> ,19:50,297.0,<0> ,15.0,<0> ,0.0,<0> ,0.0,<0> 
04/16/2023 20:15,2.84375,tjrtlmet,P,1.0,1.0,15.0,,12.7,<0> ,89.0,<0> ,1016.0,<0> ,1.9,<0> ,3.1,<0> ,20:06,293.0,<0> ,17.0,<0> ,0.0,<0> ,0.0,<0> 
04/16/2023 20:30,2.85416667,tjrtlmet,P,1.0,1.0,15.0,,12.7,<0> ,89.0,<0> ,1016.0,<0> ,2.0,<0> ,3.6,<0> ,20:19,299.0,<0> ,16.0,<0> ,0.0,<0> ,0.0,<0> 
04/16/2023 20:45,2.86458333,tjrtlmet,P,1.0,1.0,15.0,,12.5,<0> ,90.0,<0> ,1016.0,<0> ,1.9,<0> ,3.0,<0> ,20:37,295.0,<0> ,15.0,<0> ,0.0,<0> ,0.0,<0> 
04/16/2023 21:00,2.875,tjrtlmet,P,1.0,1.0,15.0,,12.4,<0> ,91.0,<0> ,1016.0,<0> ,2.1,<0> ,3.3,<0> ,20:56,306.0,<0> ,16.0,<0> ,0.0,<0> ,0.0,<0> 
04/16/2023 21:15,2.88541667,tjrtlmet,P,1.0,1.0,15.0,,12.3,<0> ,91.0,<0> ,1016.0,<0> ,2.0,<0> ,3.0,<0> ,21:02,301.0,<0> ,15.0,<0> ,0.0,<0> ,0.0,<0> 
04/16/2023 21:30,2.89583333,tjrtlmet,P,1.0,1.0,15.0,,12.3,<0> ,91.0,<0> ,1016.0,<0> ,1.8,<0> ,3.0,<0> ,21:20,300.0,<0> ,13.0,<0> ,0.0,<0> ,0.0,<0> 
04/16/2023 21:45,2.90625,tjrtlmet,P,1.0,1.0,15.0,,12.4,<0> ,91.0,<0> ,1016.0,<0> ,2.0,<0> ,3.5,<0> ,21:41,309.0,<0> ,16.0,<0> ,0.0,<0> ,0.0,<0> 
04/16/2023 22:00,2.91666667,tjrtlmet,P,1.0,1.0,15.0,,12.4,<0> ,90.0,<0> ,1016.0,<0> ,2.3,<0> ,3.5,<0> ,21:46,304.0,<0> ,14.0,<0> ,0.0,<0> ,0.0,<0> 
04/16/2023 22:15,2.92708333,tjrtlmet,P,1.0,1.0,15.0,,12.4,<0> ,91.0,<0> ,1016.0,<0> ,2.1,<0> ,3.1,<0> ,22:00,308.0,<0> ,15.0,<0> ,0.0,<0> ,0.0,<0> 
04/16/2023 22:30,2.9375,tjrtlmet,P,1.0,1.0,15.0,,12.4,<0> ,90.0,<0> ,1016.0,<0> ,1.7,<0> ,3.1,<0> ,22:27,313.0,<0> ,15.0,<0> ,0.0,<0> ,0.0,<0> 
04/16/2023 22:45,2.94791667,tjrtlmet,P,1.0,1.0,15.0,,12.6,<0> ,90.0,<0> ,1016.0,<0> ,1.6,<0> ,2.8,<0> ,22:31,303.0,<0> ,13.0,<0> ,0.0,<0> ,0.0,<0> 
04/16/2023 23:00,2.95833333,tjrtlmet,P,1.0,1.0,15.0,,12.7,<0> ,90.0,<0> ,1016.0,<0> ,1.2,<0> ,2.4,<0> ,22:58,316.0,<0> ,17.0,<0> ,0.0,<0> ,0.0,<0> 
04/16/2023 23:15,2.96875,tjrtlmet,P,1.0,1.0,15.0,,12.6,<0> ,90.0,<0> ,1016.0,<0> ,1.9,<0> ,3.1,<0> ,23:11,305.0,<0> ,13.0,<0> ,0.0,<0> ,0.0,<0> 
04/16/2023 23:30,2.97916667,tjrtlmet,P,1.0,1.0,15.0,,12.6,<0> ,90.0,<0> ,1016.0,<0> ,1.8,<0> ,2.5,<0> ,23:26,298.0,<0> ,15.0,<0> ,0.0,<0> ,0.0,<0> 
04/16/2023 23:45,2.98958333,tjrtlmet,P,1.0,1.0,15.0,,12.5,<0> ,89.0,<0> ,1016.0,<0> ,1.4,<0> ,2.7,<0> ,23:37,295.0,<0> ,16.0,<0> ,0.0,<0> ,0.0,<0> 
04/17/2023 00:00,3.0,tjrtlmet,P,1.0,1.0,15.0,,12.5,<0> ,88.0,<0> ,1016.0,<0> ,1.7,<0> ,2.8,<0> ,23:52,280.0,<0> ,14.0,<0> ,0.0,<0> ,0.0,<0> 
04/17/2023 00:15,3.01041667,tjrtlmet,P,1.0,1.0,15.0,,12.5,<0> ,89.0,<0> ,1016.0,<0> ,1.6,<0> ,2.5,<0> ,00:05,276.0,<0> ,13.0,<0> ,0.0,<0> ,0.0,<0> 
04/17/2023 00:30,3.02083333,tjrtlmet,P,1.0,1.0,15.0,,12.4,<0> ,90.0,<0> ,1016.0,<0> ,1.1,<0> ,2.4,<0> ,00:16,242.0,<0> ,36.0,<0> ,0.0,<0> ,0.0,<0> 
04/17/2023 00:45,3.03125,tjrtlmet,P,1.0,1.0,15.0,,12.5,<0> ,89.0,<0> ,1016.0,<0> ,1.2,<0> ,2.3,<0> ,00:36,290.0,<0> ,14.0,<0> ,0.0,<0> ,0.0,<0> 
04/17/2023 01:00,3.04166667,tjrtlmet,P,1.0,1.0,15.0,,12.4,<0> ,90.0,<0> ,1016.0,<0> ,1.0,<0> ,1.6,<0> ,00:58,280.0,<0> ,9.0,<0> ,0.0,<0> ,0.0,<0> 
04/17/2023 01:15,3.05208333,tjrtlmet,P,1.0,1.0,15.0,,12.4,<0> ,91.0,<0> ,1016.0,<0> ,1.0,<0> ,1.7,<0> ,01:06,304.0,<0> ,17.0,<0> ,0.0,<0> ,0.0,<0> 
04/17/2023 01:30,3.0625,tjrtlmet,P,1.0,1.0,15.0,,12.3,<0> ,92.0,<0> ,1015.0,<0> ,0.2,<0> ,1.1,<0> ,01:16,319.0,<0> ,6.0,<0> ,0.0,<0> ,0.0,<0> 
04/17/2023 01:45,3.07291667,tjrtlmet,P,1.0,1.0,15.0,,12.3,<0> ,92.0,<0> ,1015.0,<0> ,0.1,<0> ,0.5,<0> ,01:42,184.0,<0> ,27.0,<0> ,0.0,<0> ,0.0,<0> 
04/17/2023 02:00,3.08333333,tjrtlmet,P,1.0,1.0,15.0,,12.2,<0> ,93.0,<0> ,1015.0,<0> ,0.6,<0> ,1.3,<0> ,01:49,266.0,<0> ,40.0,<0> ,0.0,<0> ,0.0,<0> 
04/17/2023 02:15,3.09375,tjrtlmet,P,1.0,1.0,15.0,,12.2,<0> ,93.0,<0> ,1015.0,<0> ,0.0,<0> ,0.5,<0> ,02:00,323.0,<0> ,0.0,<0> ,0.0,<0> ,0.0,<0> 
04/17/2023 02:30,3.10416667,tjrtlmet,P,1.0,1.0,15.0,,12.2,<0> ,93.0,<0> ,1015.0,<0> ,0.1,<0> ,0.4,<0> ,02:28,323.0,<0> ,0.0,<0> ,0.0,<0> ,0.0,<0> 
04/17/2023 02:45,3.11458333,tjrtlmet,P,1.0,1.0,15.0,,12.1,<0> ,94.0,<0> ,1015.0,<0> ,0.2,<0> ,0.6,<0> ,02:43,360.0,<0> ,19.0,<0> ,0.0,<0> ,0.0,<0> 
04/17/2023 03:00,3.125,tjrtlmet,P,1.0,1.0,15.0,,12.1,<0> ,94.0,<0> ,1015.0,<0> ,0.4,<0> ,0.7,<0> ,02:48,61.0,<0> ,28.0,<0> ,0.0,<0> ,0.0,<0> 
04/17/2023 03:15,3.13541667,tjrtlmet,P,1.0,1.0,15.0,,12.2,<0> ,94.0,<0> ,1015.0,<0> ,0.1,<0> ,0.7,<0> ,03:11,102.0,<0> ,10.0,<0> ,0.0,<0> ,0.0,<0> 
04/17/2023 03:30,3.14583333,tjrtlmet,P,1.0,1.0,15.0,,12.1,<0> ,94.0,<0> ,1015.0,<0> ,0.2,<0> ,0.5,<0> ,03:24,141.0,<0> ,12.0,<0> ,0.0,<0> ,0.0,<0> 
04/17/2023 03:45,3.15625,tjrtlmet,P,1.0,1.0,15.0,,12.1,<0> ,94.0,<0> ,1014.0,<0> ,0.0,<0> ,0.0,<0> ,03:30,0.0,<0> ,0.0,<0> ,0.0,<0> ,0.0,<0> 
04/17/2023 04:00,3.16666667,tjrtlmet,P,1.0,1.0,15.0,,12.1,<0> ,94.0,<0> ,1014.0,<0> ,0.0,<0> ,0.0,<0> ,03:45,0.0,<0> ,0.0,<0> ,0.0,<0> ,0.0,<0> 
04/17/2023 04:15,3.17708333,tjrtlmet,P,1.0,1.0,15.0,,12.1,<0> ,94.0,<0> ,1014.0,<0> ,0.1,<0> ,0.7,<0> ,04:14,224.0,<0> ,1.0,<0> ,0.0,<0> ,0.0,<0> 
04/17/2023 04:30,3.1875,tjrtlmet,P,1.0,1.0,15.0,,12.1,<0> ,94.0,<0> ,1014.0,<0> ,0.1,<0> ,0.5,<0> ,04:15,219.0,<0> ,0.0,<0> ,0.0,<0> ,0.0,<0> 
04/17/2023 04:45,3.19791667,tjrtlmet,P,1.0,1.0,15.0,,12.0,<0> ,94.0,<0> ,1014.0,<0> ,0.1,<0> ,0.6,<0> ,04:42,222.0,<0> ,1.0,<0> ,0.0,<0> ,0.0,<0> 
04/17/2023 05:00,3.20833333,tjrtlmet,P,1.0,1.0,15.0,,12.0,<0> ,94.0,<0> ,1014.0,<0> ,0.5,<0> ,0.7,<0> ,04:46,211.0,<0> ,12.0,<0> ,0.0,<0> ,0.0,<0> 
04/17/2023 05:15,3.21875,tjrtlmet,P,1.0,1.0,15.0,,12.0,<0> ,94.0,<0> ,1015.0,<0> ,0.3,<0> ,0.9,<0> ,05:10,202.0,<0> ,10.0,<0> ,0.1,<0> ,0.0,<0> 
04/17/2023 05:30,3.22916667,tjrtlmet,P,1.0,1.0,15.0,,12.0,<0> ,94.0,<0> ,1015.0,<0> ,0.5,<0> ,0.8,<0> ,05:28,171.0,<0> ,16.0,<0> ,2.8,<0> ,0.0,<0> 
04/17/2023 05:45,3.23958333,tjrtlmet,P,1.0,1.0,15.0,,12.0,<0> ,94.0,<0> ,1015.0,<0> ,0.7,<0> ,1.4,<0> ,05:42,152.0,<0> ,10.0,<0> ,7.4,<0> ,0.0,<0> 
04/17/2023 06:00,3.25,tjrtlmet,P,1.0,1.0,15.0,,12.0,<0> ,94.0,<0> ,1015.0,<0> ,0.8,<0> ,1.6,<0> ,05:55,154.0,<0> ,13.0,<0> ,15.3,<0> ,0.0,<0> 
04/17/2023 06:15,3.26041667,tjrtlmet,P,1.0,1.0,15.0,,12.0,<0> ,94.0,<0> ,1015.0,<0> ,0.8,<0> ,1.6,<0> ,06:02,182.0,<0> ,16.0,<0> ,25.8,<0> ,0.0,<0> 
04/17/2023 06:30,3.27083333,tjrtlmet,P,1.0,1.0,15.0,,12.0,<0> ,95.0,<0> ,1015.0,<0> ,0.7,<0> ,1.2,<0> ,06:23,173.0,<0> ,12.0,<0> ,37.5,<0> ,0.0,<0> 
04/17/2023 06:45,3.28125,tjrtlmet,P,1.0,1.0,15.0,,12.1,<0> ,95.0,<0> ,1015.0,<0> ,0.6,<0> ,1.1,<0> ,06:43,129.0,<0> ,19.0,<0> ,46.9,<0> ,0.0,<0> 
04/17/2023 07:00,3.29166667,tjrtlmet,P,1.0,1.0,15.0,,12.0,<0> ,95.0,<0> ,1015.0,<0> ,0.8,<0> ,1.2,<0> ,06:59,187.0,<0> ,16.0,<0> ,51.7,<0> ,0.0,<0> 
04/17/2023 07:15,3.30208333,tjrtlmet,P,1.0,1.0,15.0,,12.1,<0> ,95.0,<0> ,1015.0,<0> ,1.4,<0> ,2.8,<0> ,07:13,179.0,<0> ,22.0,<0> ,65.7,<0> ,0.0,<0> 
04/17/2023 07:30,3.3125,tjrtlmet,P,1.0,1.0,15.0,,12.1,<0> ,95.0,<0> ,1016.0,<0> ,1.6,<0> ,2.5,<0> ,07:15,214.0,<0> ,17.0,<0> ,72.2,<0> ,0.0,<0> 
04/17/2023 07:45,3.32291667,tjrtlmet,P,1.0,1.0,15.0,,12.2,<0> ,95.0,<0> ,1016.0,<0> ,1.2,<0> ,1.9,<0> ,07:31,199.0,<0> ,15.0,<0> ,81.5,<0> ,0.0,<0> 
04/17/2023 08:00,3.33333333,tjrtlmet,P,1.0,1.0,15.0,,12.2,<0> ,95.0,<0> ,1016.0,<0> ,1.6,<0> ,2.5,<0> ,07:53,226.0,<0> ,17.0,<0> ,79.5,<0> ,0.0,<0> 
04/17/2023 08:15,3.34375,tjrtlmet,P,1.0,1.0,15.0,,12.1,<0> ,96.0,<0> ,1016.0,<0> ,1.8,<0> ,2.5,<0> ,08:04,227.0,<0> ,10.0,<0> ,110.7,<0> ,0.0,<0> 
04/17/2023 08:30,3.35416667,tjrtlmet,P,1.0,1.0,15.0,,12.2,<0> ,96.0,<0> ,1016.0,<0> ,1.7,<0> ,2.7,<0> ,08:17,217.0,<0> ,14.0,<0> ,125.4,<0> ,0.0,<0> 
04/17/2023 08:45,3.36458333,tjrtlmet,P,1.0,1.0,15.0,,12.1,<0> ,96.0,<0> ,1016.0,<0> ,1.8,<0> ,2.6,<0> ,08:40,228.0,<0> ,13.0,<0> ,179.0,<0> ,0.0,<0> 
04/17/2023 09:00,3.375,tjrtlmet,P,1.0,1.0,15.0,,12.2,<0> ,95.0,<0> ,1016.0,<0> ,1.8,<0> ,2.5,<0> ,08:57,230.0,<0> ,12.0,<0> ,227.2,<0> ,0.0,<0> 
04/17/2023 09:15,3.38541667,tjrtlmet,P,1.0,1.0,15.0,,12.3,<0> ,95.0,<0> ,1016.0,<0> ,1.7,<0> ,2.5,<0> ,09:10,228.0,<0> ,13.0,<0> ,258.7,<0> ,0.0,<0> 
04/17/2023 09:30,3.39583333,tjrtlmet,P,1.0,1.0,15.0,,12.3,<0> ,95.0,<0> ,1016.0,<0> ,1.7,<0> ,2.5,<0> ,09:20,226.0,<0> ,14.0,<0> ,221.4,<0> ,0.0,<0> 
04/17/2023 09:45,3.40625,tjrtlmet,P,1.0,1.0,15.0,,12.4,<0> ,95.0,<0> ,1015.0,<0> ,1.5,<0> ,2.5,<0> ,09:43,219.0,<0> ,12.0,<0> ,282.5,<0> ,0.0,<0> 
04/17/2023 10:00,3.41666667,tjrtlmet,P,1.0,1.0,15.0,,12.4,<0> ,94.0,<0> ,1015.0,<0> ,1.7,<0> ,2.8,<0> ,09:45,226.0,<0> ,13.0,<0> ,309.6,<0> ,0.0,<0> 
04/17/2023 10:15,3.42708333,tjrtlmet,P,1.0,1.0,15.0,,12.5,<0> ,93.0,<0> ,1015.0,<0> ,1.4,<0> ,2.2,<0> ,10:12,220.0,<0> ,14.0,<0> ,355.3,<0> ,0.0,<0> 
04/17/2023 10:30,3.4375,tjrtlmet,P,1.0,1.0,15.0,,12.8,<0> ,91.0,<0> ,1015.0,<0> ,1.6,<0> ,2.4,<0> ,10:21,206.0,<0> ,16.0,<0> ,450.6,<0> ,0.0,<0> 
04/17/2023 10:45,3.44791667,tjrtlmet,P,1.0,1.0,15.0,,13.1,<0> ,89.0,<0> ,1015.0,<0> ,1.6,<0> ,2.6,<0> ,10:38,228.0,<0> ,16.0,<0> ,512.5,<0> ,0.0,<0> 
04/17/2023 11:00,3.45833333,tjrtlmet,P,1.0,1.0,15.0,,13.4,<0> ,87.0,<0> ,1015.0,<0> ,2.0,<0> ,3.0,<0> ,10:50,235.0,<0> ,15.0,<0> ,571.7,<0> ,0.0,<0> 
04/17/2023 11:15,3.46875,tjrtlmet,P,1.0,1.0,15.0,,13.6,<0> ,85.0,<0> ,1015.0,<0> ,2.0,<0> ,2.8,<0> ,11:01,225.0,<0> ,19.0,<0> ,672.1,<0> ,0.0,<0> 
04/17/2023 11:30,3.47916667,tjrtlmet,P,1.0,1.0,15.0,,13.9,<0> ,84.0,<0> ,1015.0,<0> ,2.2,<0> ,3.1,<0> ,11:30,243.0,<0> ,17.0,<0> ,765.3,<0> ,0.0,<0> 
04/17/2023 11:45,3.48958333,tjrtlmet,P,1.0,1.0,15.0,,14.1,<0> ,83.0,<0> ,1015.0,<0> ,2.6,<0> ,3.7,<0> ,11:43,240.0,<0> ,12.0,<0> ,727.7,<0> ,0.0,<0> 
04/17/2023 12:00,3.5,tjrtlmet,P,1.0,1.0,15.0,,14.2,<0> ,84.0,<0> ,1015.0,<0> ,2.8,<0> ,3.9,<0> ,11:54,242.0,<0> ,13.0,<0> ,723.8,<0> ,0.0,<0> 
04/17/2023 12:15,3.51041667,tjrtlmet,P,1.0,1.0,15.0,,14.1,<0> ,82.0,<0> ,1015.0,<0> ,2.7,<0> ,3.8,<0> ,12:02,237.0,<0> ,13.0,<0> ,666.6,<0> ,0.0,<0> 
04/17/2023 12:30,3.52083333,tjrtlmet,P,1.0,1.0,15.0,,14.2,<0> ,82.0,<0> ,1015.0,<0> ,2.8,<0> ,3.8,<0> ,12:20,254.0,<0> ,11.0,<0> ,722.8,<0> ,0.0,<0> 
04/17/2023 12:45,3.53125,tjrtlmet,P,1.0,1.0,15.0,,14.4,<0> ,81.0,<0> ,1015.0,<0> ,2.6,<0> ,3.8,<0> ,12:42,252.0,<0> ,13.0,<0> ,911.1,<0> ,0.0,<0> 
04/17/2023 13:00,3.54166667,tjrtlmet,P,1.0,1.0,15.0,,15.0,<0> ,80.0,<0> ,1014.0,<0> ,2.2,<0> ,3.4,<0> ,12:51,251.0,<0> ,15.0,<0> ,1456.1,<0> ,0.0,<0> 
04/17/2023 13:15,3.55208333,tjrtlmet,P,1.0,1.0,15.0,,15.0,<0> ,77.0,<0> ,1014.0,<0> ,2.0,<0> ,3.4,<0> ,13:08,270.0,<0> ,20.0,<0> ,1532.7,<0> ,0.0,<0> 
04/17/2023 13:30,3.5625,tjrtlmet,P,1.0,1.0,15.0,,15.4,<0> ,76.0,<0> ,1014.0,<0> ,2.0,<0> ,3.3,<0> ,13:18,264.0,<0> ,28.0,<0> ,1485.9,<0> ,0.0,<0> 
04/17/2023 13:45,3.57291667,tjrtlmet,P,1.0,1.0,15.0,,15.7,<0> ,75.0,<0> ,1014.0,<0> ,2.2,<0> ,3.4,<0> ,13:39,272.0,<0> ,19.0,<0> ,1375.8,<0> ,0.0,<0> 
04/17/2023 14:00,3.58333333,tjrtlmet,P,1.0,1.0,15.0,,15.6,<0> ,74.0,<0> ,1013.0,<0> ,2.6,<0> ,4.1,<0> ,13:54,269.0,<0> ,18.0,<0> ,1408.4,<0> ,0.0,<0> 
04/17/2023 14:15,3.59375,tjrtlmet,P,1.0,1.0,15.0,,15.8,<0> ,74.0,<0> ,1013.0,<0> ,2.6,<0> ,4.0,<0> ,14:11,269.0,<0> ,14.0,<0> ,1442.4,<0> ,0.0,<0> 
04/17/2023 14:30,3.60416667,tjrtlmet,P,1.0,1.0,15.0,,15.9,<0> ,73.0,<0> ,1013.0,<0> ,2.8,<0> ,4.0,<0> ,14:25,270.0,<0> ,14.0,<0> ,1343.1,<0> ,0.0,<0> 
04/17/2023 14:45,3.61458333,tjrtlmet,P,1.0,1.0,15.0,,15.9,<0> ,74.0,<0> ,1013.0,<0> ,3.0,<0> ,4.2,<0> ,14:32,276.0,<0> ,14.0,<0> ,1243.5,<0> ,0.0,<0> 
04/17/2023 15:00,3.625,tjrtlmet,P,1.0,1.0,15.0,,15.4,<0> ,75.0,<0> ,1013.0,<0> ,3.3,<0> ,4.6,<0> ,14:55,270.0,<0> ,15.0,<0> ,1162.3,<0> ,0.0,<0> 
04/17/2023 15:15,3.63541667,tjrtlmet,P,1.0,1.0,15.0,,15.6,<0> ,75.0,<0> ,1013.0,<0> ,3.1,<0> ,4.5,<0> ,15:13,270.0,<0> ,14.0,<0> ,1079.4,<0> ,0.0,<0> 
04/17/2023 15:30,3.64583333,tjrtlmet,P,1.0,1.0,15.0,,15.5,<0> ,75.0,<0> ,1013.0,<0> ,3.1,<0> ,4.4,<0> ,15:19,271.0,<0> ,14.0,<0> ,991.6,<0> ,0.0,<0> 
04/17/2023 15:45,3.65625,tjrtlmet,P,1.0,1.0,15.0,,15.4,<0> ,74.0,<0> ,1013.0,<0> ,2.8,<0> ,4.2,<0> ,15:32,261.0,<0> ,14.0,<0> ,889.4,<0> ,0.0,<0> 
04/17/2023 16:00,3.66666667,tjrtlmet,P,1.0,1.0,15.0,,15.4,<0> ,74.0,<0> ,1013.0,<0> ,2.9,<0> ,4.3,<0> ,15:49,259.0,<0> ,14.0,<0> ,806.6,<0> ,0.0,<0> 
04/17/2023 16:15,3.67708333,tjrtlmet,P,1.0,1.0,15.0,,15.3,<0> ,73.0,<0> ,1013.0,<0> ,3.0,<0> ,4.3,<0> ,16:08,255.0,<0> ,11.0,<0> ,707.9,<0> ,0.0,<0> 
04/17/2023 16:30,3.6875,tjrtlmet,P,1.0,1.0,15.0,,15.1,<0> ,73.0,<0> ,1013.0,<0> ,2.7,<0> ,3.8,<0> ,16:28,257.0,<0> ,14.0,<0> ,615.8,<0> ,0.0,<0> 
04/17/2023 16:45,3.69791667,tjrtlmet,P,1.0,1.0,15.0,,14.8,<0> ,74.0,<0> ,1013.0,<0> ,2.4,<0> ,3.4,<0> ,16:35,261.0,<0> ,14.0,<0> ,503.9,<0> ,0.0,<0> 
04/17/2023 17:00,3.70833333,tjrtlmet,P,1.0,1.0,15.0,,14.4,<0> ,75.0,<0> ,1013.0,<0> ,2.1,<0> ,3.4,<0> ,16:46,269.0,<0> ,13.0,<0> ,380.6,<0> ,0.0,<0> 
04/17/2023 17:15,3.71875,tjrtlmet,P,1.0,1.0,15.0,,14.1,<0> ,77.0,<0> ,1013.0,<0> ,2.4,<0> ,3.8,<0> ,17:10,269.0,<0> ,13.0,<0> ,248.7,<0> ,0.0,<0> 
04/17/2023 17:30,3.72916667,tjrtlmet,P,1.0,1.0,15.0,,13.9,<0> ,78.0,<0> ,1013.0,<0> ,2.1,<0> ,3.5,<0> ,17:17,274.0,<0> ,12.0,<0> ,156.5,<0> ,0.0,<0> 
04/17/2023 17:45,3.73958333,tjrtlmet,P,1.0,1.0,15.0,,13.7,<0> ,79.0,<0> ,1013.0,<0> ,2.1,<0> ,3.2,<0> ,17:33,268.0,<0> ,13.0,<0> ,92.0,<0> ,0.0,<0> 
04/17/2023 18:00,3.75,tjrtlmet,P,1.0,1.0,15.0,,13.5,<0> ,80.0,<0> ,1013.0,<0> ,2.1,<0> ,2.9,<0> ,17:53,261.0,<0> ,13.0,<0> ,44.6,<0> ,0.0,<0> 
04/17/2023 18:15,3.76041667,tjrtlmet,P,1.0,1.0,15.0,,13.4,<0> ,81.0,<0> ,1013.0,<0> ,2.2,<0> ,3.3,<0> ,18:06,259.0,<0> ,12.0,<0> ,15.8,<0> ,0.0,<0> 
04/17/2023 18:30,3.77083333,tjrtlmet,P,1.0,1.0,15.0,,13.3,<0> ,81.0,<0> ,1013.0,<0> ,1.9,<0> ,3.2,<0> ,18:22,260.0,<0> ,12.0,<0> ,3.0,<0> ,0.0,<0> 
04/17/2023 18:45,3.78125,tjrtlmet,P,1.0,1.0,15.0,,13.3,<0> ,82.0,<0> ,1013.0,<0> ,1.2,<0> ,2.1,<0> ,18:31,257.0,<0> ,14.0,<0> ,0.0,<0> ,0.0,<0> 
04/17/2023 19:00,3.79166667,tjrtlmet,P,1.0,1.0,15.0,,13.2,<0> ,83.0,<0> ,1013.0,<0> ,1.7,<0> ,2.9,<0> ,18:53,276.0,<0> ,12.0,<0> ,0.0,<0> ,0.0,<0> 
04/17/2023 19:15,3.80208333,tjrtlmet,P,1.0,1.0,15.0,,13.2,<0> ,83.0,<0> ,1013.0,<0> ,1.9,<0> ,3.0,<0> ,19:07,277.0,<0> ,12.0,<0> ,0.0,<0> ,0.0,<0> 
04/17/2023 19:30,3.8125,tjrtlmet,P,1.0,1.0,15.0,,13.2,<0> ,82.0,<0> ,1013.0,<0> ,1.2,<0> ,2.4,<0> ,19:15,254.0,<0> ,16.0,<0> ,0.0,<0> ,0.0,<0> 
04/17/2023 19:45,3.82291667,tjrtlmet,P,1.0,1.0,15.0,,13.2,<0> ,81.0,<0> ,1014.0,<0> ,1.3,<0> ,2.7,<0> ,19:35,252.0,<0> ,21.0,<0> ,0.0,<0> ,0.0,<0> 
04/17/2023 20:00,3.83333333,tjrtlmet,P,1.0,1.0,15.0,,13.2,<0> ,81.0,<0> ,1014.0,<0> ,1.0,<0> ,2.5,<0> ,19:59,277.0,<0> ,14.0,<0> ,0.0,<0> ,0.0,<0> 
04/17/2023 20:15,3.84375,tjrtlmet,P,1.0,1.0,15.0,,13.1,<0> ,81.0,<0> ,1014.0,<0> ,0.9,<0> ,1.7,<0> ,20:00,247.0,<0> ,24.0,<0> ,0.0,<0> ,0.0,<0> 
04/17/2023 20:30,3.85416667,tjrtlmet,P,1.0,1.0,15.0,,13.2,<0> ,81.0,<0> ,1014.0,<0> ,0.3,<0> ,1.9,<0> ,20:29,266.0,<0> ,10.0,<0> ,0.0,<0> ,0.0,<0> 
04/17/2023 20:45,3.86458333,tjrtlmet,P,1.0,1.0,15.0,,13.1,<0> ,80.0,<0> ,1014.0,<0> ,0.7,<0> ,2.6,<0> ,20:38,301.0,<0> ,32.0,<0> ,0.0,<0> ,0.0,<0> 
04/17/2023 21:00,3.875,tjrtlmet,P,1.0,1.0,15.0,,13.1,<0> ,80.0,<0> ,1014.0,<0> ,0.5,<0> ,1.2,<0> ,20:51,334.0,<0> ,42.0,<0> ,0.0,<0> ,0.0,<0> 
04/17/2023 21:15,3.88541667,tjrtlmet,P,1.0,1.0,15.0,,13.1,<0> ,80.0,<0> ,1014.0,<0> ,0.7,<0> ,1.5,<0> ,21:09,74.0,<0> ,58.0,<0> ,0.0,<0> ,0.0,<0> 
04/17/2023 21:30,3.89583333,tjrtlmet,P,1.0,1.0,15.0,,13.1,<0> ,81.0,<0> ,1014.0,<0> ,1.2,<0> ,2.2,<0> ,21:22,214.0,<0> ,23.0,<0> ,0.0,<0> ,0.0,<0> 
04/17/2023 21:45,3.90625,tjrtlmet,P,1.0,1.0,15.0,,13.1,<0> ,79.0,<0> ,1014.0,<0> ,0.5,<0> ,1.5,<0> ,21:34,171.0,<0> ,27.0,<0> ,0.0,<0> ,0.0,<0> 
04/17/2023 22:00,3.91666667,tjrtlmet,P,1.0,1.0,15.0,,13.1,<0> ,79.0,<0> ,1014.0,<0> ,0.6,<0> ,1.2,<0> ,21:53,129.0,<0> ,19.0,<0> ,0.0,<0> ,0.0,<0> 
04/17/2023 22:15,3.92708333,tjrtlmet,P,1.0,1.0,15.0,,13.0,<0> ,80.0,<0> ,1014.0,<0> ,0.3,<0> ,0.8,<0> ,22:13,131.0,<0> ,22.0,<0> ,0.0,<0> ,0.0,<0> 
04/17/2023 22:30,3.9375,tjrtlmet,P,1.0,1.0,15.0,,13.1,<0> ,81.0,<0> ,1014.0,<0> ,0.7,<0> ,1.4,<0> ,22:28,179.0,<0> ,13.0,<0> ,0.0,<0> ,0.0,<0> 
04/17/2023 22:45,3.94791667,tjrtlmet,P,1.0,1.0,15.0,,13.0,<0> ,83.0,<0> ,1014.0,<0> ,0.7,<0> ,1.1,<0> ,22:32,201.0,<0> ,14.0,<0> ,0.0,<0> ,0.0,<0> 
04/17/2023 23:00,3.95833333,tjrtlmet,P,1.0,1.0,15.0,,13.0,<0> ,82.0,<0> ,1014.0,<0> ,1.1,<0> ,1.8,<0> ,22:51,207.0,<0> ,15.0,<0> ,0.0,<0> ,0.0,<0> 
04/17/2023 23:15,3.96875,tjrtlmet,P,1.0,1.0,15.0,,13.0,<0> ,82.0,<0> ,1015.0,<0> ,1.7,<0> ,2.9,<0> ,23:06,215.0,<0> ,11.0,<0> ,0.0,<0> ,0.0,<0> 
04/17/2023 23:30,3.97916667,tjrtlmet,P,1.0,1.0,15.0,,12.9,<0> ,82.0,<0> ,1014.0,<0> ,1.7,<0> ,2.7,<0> ,23:23,209.0,<0> ,15.0,<0> ,0.0,<0> ,0.0,<0> 
04/17/2023 23:45,3.98958333,tjrtlmet,P,1.0,1.0,15.0,,12.9,<0> ,82.0,<0> ,1014.0,<0> ,1.3,<0> ,2.2,<0> ,23:31,190.0,<0> ,11.0,<0> ,0.0,<0> ,0.0,<0> 
04/18/2023 00:00,4.0,tjrtlmet,P,1.0,1.0,15.0,,12.8,<0> ,83.0,<0> ,1015.0,<0> ,1.4,<0> ,2.3,<0> ,23:58,201.0,<0> ,10.0,<0> ,0.0,<0> ,0.0,<0> 
04/18/2023 00:15,4.01041667,tjrtlmet,P,1.0,1.0,15.0,,12.8,<0> ,83.0,<0> ,1015.0,<0> ,1.3,<0> ,2.3,<0> ,00:09,217.0,<0> ,21.0,<0> ,0.0,<0> ,0.0,<0> 
04/18/2023 00:30,4.02083333,tjrtlmet,P,1.0,1.0,15.0,,12.7,<0> ,84.0,<0> ,1015.0,<0> ,0.5,<0> ,1.6,<0> ,00:15,219.0,<0> ,35.0,<0> ,0.0,<0> ,0.0,<0> 
04/18/2023 00:45,4.03125,tjrtlmet,P,1.0,1.0,15.0,,12.7,<0> ,84.0,<0> ,1015.0,<0> ,0.4,<0> ,1.0,<0> ,00:30,175.0,<0> ,21.0,<0> ,0.0,<0> ,0.0,<0> 
04/18/2023 01:00,4.04166667,tjrtlmet,P,1.0,1.0,15.0,,12.6,<0> ,84.0,<0> ,1015.0,<0> ,0.2,<0> ,0.7,<0> ,00:45,125.0,<0> ,34.0,<0> ,0.0,<0> ,0.0,<0> 
04/18/2023 01:15,4.05208333,tjrtlmet,P,1.0,1.0,15.0,,12.7,<0> ,86.0,<0> ,1015.0,<0> ,0.3,<0> ,0.8,<0> ,01:07,211.0,<0> ,7.0,<0> ,0.0,<0> ,0.0,<0> 
04/18/2023 01:30,4.0625,tjrtlmet,P,1.0,1.0,15.0,,12.6,<0> ,86.0,<0> ,1015.0,<0> ,0.1,<0> ,0.5,<0> ,01:19,228.0,<0> ,1.0,<0> ,0.0,<0> ,0.0,<0> 
04/18/2023 01:45,4.07291667,tjrtlmet,P,1.0,1.0,15.0,,12.5,<0> ,86.0,<0> ,1014.0,<0> ,0.3,<0> ,1.5,<0> ,01:42,154.0,<0> ,23.0,<0> ,0.0,<0> ,0.0,<0> 
04/18/2023 02:00,4.08333333,tjrtlmet,P,1.0,1.0,15.0,,12.4,<0> ,88.0,<0> ,1014.0,<0> ,0.2,<0> ,0.8,<0> ,01:56,166.0,<0> ,23.0,<0> ,0.0,<0> ,0.0,<0> 
04/18/2023 02:15,4.09375,tjrtlmet,P,1.0,1.0,15.0,,12.3,<0> ,88.0,<0> ,1015.0,<0> ,0.2,<0> ,0.8,<0> ,02:09,142.0,<0> ,9.0,<0> ,0.0,<0> ,0.0,<0> 
04/18/2023 02:30,4.10416667,tjrtlmet,P,1.0,1.0,15.0,,12.3,<0> ,89.0,<0> ,1015.0,<0> ,0.8,<0> ,1.5,<0> ,02:28,181.0,<0> ,16.0,<0> ,0.0,<0> ,0.0,<0> 
04/18/2023 02:45,4.11458333,tjrtlmet,P,1.0,1.0,15.0,,12.1,<0> ,91.0,<0> ,1015.0,<0> ,1.0,<0> ,1.7,<0> ,02:36,174.0,<0> ,16.0,<0> ,0.0,<0> ,0.0,<0> 
04/18/2023 03:00,4.125,tjrtlmet,P,1.0,1.0,15.0,,12.0,<0> ,93.0,<0> ,1015.0,<0> ,0.8,<0> ,1.4,<0> ,02:45,148.0,<0> ,7.0,<0> ,0.0,<0> ,0.0,<0> 
04/18/2023 03:15,4.13541667,tjrtlmet,P,1.0,1.0,15.0,,11.9,<0> ,94.0,<0> ,1015.0,<0> ,0.7,<0> ,1.5,<0> ,03:13,130.0,<0> ,8.0,<0> ,0.0,<0> ,0.0,<0> 
04/18/2023 03:30,4.14583333,tjrtlmet,P,1.0,1.0,15.0,,11.9,<0> ,95.0,<0> ,1014.0,<0> ,0.8,<0> ,1.4,<0> ,03:30,115.0,<0> ,15.0,<0> ,0.0,<0> ,0.0,<0> 
04/18/2023 03:45,4.15625,tjrtlmet,P,1.0,1.0,15.0,,11.9,<0> ,95.0,<0> ,1014.0,<0> ,1.7,<0> ,3.6,<0> ,03:40,153.0,<0> ,23.0,<0> ,0.0,<0> ,0.0,<0> 
04/18/2023 04:00,4.16666667,tjrtlmet,P,1.0,1.0,15.0,,11.9,<0> ,95.0,<0> ,1014.0,<0> ,1.9,<0> ,3.0,<0> ,03:51,203.0,<0> ,20.0,<0> ,0.0,<0> ,0.0,<0> 
04/18/2023 04:15,4.17708333,tjrtlmet,P,1.0,1.0,15.0,,11.9,<0> ,96.0,<0> ,1014.0,<0> ,1.8,<0> ,2.6,<0> ,04:09,214.0,<0> ,13.0,<0> ,0.0,<0> ,0.0,<0> 
04/18/2023 04:30,4.1875,tjrtlmet,P,1.0,1.0,15.0,,11.8,<0> ,96.0,<0> ,1014.0,<0> ,1.8,<0> ,2.7,<0> ,04:19,223.0,<0> ,12.0,<0> ,0.0,<0> ,0.0,<0> 
04/18/2023 04:45,4.19791667,tjrtlmet,P,1.0,1.0,15.0,,11.7,<0> ,96.0,<0> ,1015.0,<0> ,1.7,<0> ,2.5,<0> ,04:36,208.0,<0> ,13.0,<0> ,0.0,<0> ,0.0,<0> 
04/18/2023 05:00,4.20833333,tjrtlmet,P,1.0,1.0,15.0,,11.7,<0> ,96.0,<0> ,1015.0,<0> ,1.5,<0> ,2.7,<0> ,04:55,206.0,<0> ,12.0,<0> ,0.0,<0> ,0.0,<0> 
04/18/2023 05:15,4.21875,tjrtlmet,P,1.0,1.0,15.0,,11.7,<0> ,96.0,<0> ,1015.0,<0> ,1.6,<0> ,2.5,<0> ,05:02,192.0,<0> ,17.0,<0> ,0.4,<0> ,0.0,<0> 
04/18/2023 05:30,4.22916667,tjrtlmet,P,1.0,1.0,15.0,,11.7,<0> ,96.0,<0> ,1015.0,<0> ,1.7,<0> ,2.6,<0> ,05:16,179.0,<0> ,11.0,<0> ,6.9,<0> ,0.0,<0> 
04/18/2023 05:45,4.23958333,tjrtlmet,P,1.0,1.0,15.0,,11.7,<0> ,96.0,<0> ,1015.0,<0> ,1.1,<0> ,2.0,<0> ,05:30,171.0,<0> ,15.0,<0> ,25.9,<0> ,0.0,<0> 
04/18/2023 06:00,4.25,tjrtlmet,P,1.0,1.0,15.0,,11.8,<0> ,96.0,<0> ,1015.0,<0> ,1.2,<0> ,2.2,<0> ,05:50,153.0,<0> ,11.0,<0> ,58.4,<0> ,0.0,<0> 
04/18/2023 06:15,4.26041667,tjrtlmet,P,1.0,1.0,15.0,,12.0,<0> ,96.0,<0> ,1015.0,<0> ,1.3,<0> ,2.1,<0> ,06:06,165.0,<0> ,12.0,<0> ,84.5,<0> ,0.0,<0> 
04/18/2023 06:30,4.27083333,tjrtlmet,P,1.0,1.0,15.0,,12.1,<0> ,95.0,<0> ,1015.0,<0> ,1.4,<0> ,2.5,<0> ,06:29,171.0,<0> ,13.0,<0> ,113.1,<0> ,0.0,<0> 
04/18/2023 06:45,4.28125,tjrtlmet,P,1.0,1.0,15.0,,12.3,<0> ,94.0,<0> ,1015.0,<0> ,1.7,<0> ,2.8,<0> ,06:30,173.0,<0> ,15.0,<0> ,217.5,<0> ,0.0,<0> 
04/18/2023 07:00,4.29166667,tjrtlmet,P,1.0,1.0,15.0,,12.6,<0> ,91.0,<0> ,1015.0,<0> ,1.9,<0> ,3.2,<0> ,06:50,183.0,<0> ,15.0,<0> ,294.6,<0> ,0.0,<0> 
04/18/2023 07:15,4.30208333,tjrtlmet,P,1.0,1.0,15.0,,12.9,<0> ,88.0,<0> ,1016.0,<0> ,1.8,<0> ,2.8,<0> ,07:01,192.0,<0> ,13.0,<0> ,332.1,<0> ,0.0,<0> 
04/18/2023 07:30,4.3125,tjrtlmet,P,1.0,1.0,15.0,,13.4,<0> ,86.0,<0> ,1016.0,<0> ,1.8,<0> ,2.6,<0> ,07:26,200.0,<0> ,20.0,<0> ,573.9,<0> ,0.0,<0> 
04/18/2023 07:45,4.32291667,tjrtlmet,P,1.0,1.0,15.0,,13.7,<0> ,84.0,<0> ,1016.0,<0> ,1.9,<0> ,2.7,<0> ,07:31,206.0,<0> ,15.0,<0> ,458.5,<0> ,0.0,<0> 
04/18/2023 08:00,4.33333333,tjrtlmet,P,1.0,1.0,15.0,,13.7,<0> ,83.0,<0> ,1016.0,<0> ,2.1,<0> ,3.4,<0> ,07:53,199.0,<0> ,15.0,<0> ,462.2,<0> ,0.0,<0> 
04/18/2023 08:15,4.34375,tjrtlmet,P,1.0,1.0,15.0,,13.8,<0> ,82.0,<0> ,1016.0,<0> ,2.3,<0> ,3.5,<0> ,08:13,204.0,<0> ,15.0,<0> ,726.6,<0> ,0.0,<0> 
04/18/2023 08:30,4.35416667,tjrtlmet,P,1.0,1.0,15.0,,14.4,<0> ,80.0,<0> ,1016.0,<0> ,2.7,<0> ,4.5,<0> ,08:26,208.0,<0> ,16.0,<0> ,1085.9,<0> ,0.0,<0> 
04/18/2023 08:45,4.36458333,tjrtlmet,P,1.0,1.0,15.0,,14.7,<0> ,78.0,<0> ,1016.0,<0> ,3.1,<0> ,4.7,<0> ,08:33,203.0,<0> ,14.0,<0> ,1153.3,<0> ,0.0,<0> 
04/18/2023 09:00,4.375,tjrtlmet,P,1.0,1.0,15.0,,15.0,<0> ,77.0,<0> ,1016.0,<0> ,3.1,<0> ,4.6,<0> ,08:46,209.0,<0> ,17.0,<0> ,1228.7,<0> ,0.0,<0> 
04/18/2023 09:15,4.38541667,tjrtlmet,P,1.0,1.0,15.0,,15.0,<0> ,77.0,<0> ,1016.0,<0> ,3.5,<0> ,5.2,<0> ,09:10,218.0,<0> ,16.0,<0> ,1310.4,<0> ,0.0,<0> 
04/18/2023 09:30,4.39583333,tjrtlmet,P,1.0,1.0,15.0,,15.4,<0> ,76.0,<0> ,1016.0,<0> ,3.2,<0> ,4.7,<0> ,09:25,225.0,<0> ,15.0,<0> ,1400.8,<0> ,0.0,<0> 
04/18/2023 09:45,4.40625,tjrtlmet,P,1.0,1.0,15.0,,15.5,<0> ,74.0,<0> ,1016.0,<0> ,3.6,<0> ,5.3,<0> ,09:40,217.0,<0> ,14.0,<0> ,1435.5,<0> ,0.0,<0> 
04/18/2023 10:00,4.41666667,tjrtlmet,P,1.0,1.0,15.0,,15.6,<0> ,74.0,<0> ,1016.0,<0> ,3.8,<0> ,5.6,<0> ,09:53,225.0,<0> ,17.0,<0> ,1496.4,<0> ,0.0,<0> 
04/18/2023 10:15,4.42708333,tjrtlmet,P,1.0,1.0,15.0,,15.8,<0> ,73.0,<0> ,1016.0,<0> ,3.8,<0> ,5.4,<0> ,10:09,229.0,<0> ,13.0,<0> ,1551.8,<0> ,0.0,<0> 
04/18/2023 10:30,4.4375,tjrtlmet,P,1.0,1.0,15.0,,15.5,<0> ,73.0,<0> ,1016.0,<0> ,3.7,<0> ,5.2,<0> ,10:20,226.0,<0> ,13.0,<0> ,1328.2,<0> ,0.0,<0> 
04/18/2023 10:45,4.44791667,tjrtlmet,P,1.0,1.0,15.0,,15.6,<0> ,73.0,<0> ,1016.0,<0> ,3.6,<0> ,4.9,<0> ,10:31,230.0,<0> ,12.0,<0> ,1472.4,<0> ,0.0,<0> 
04/18/2023 11:00,4.45833333,tjrtlmet,P,1.0,1.0,15.0,,15.8,<0> ,73.0,<0> ,1016.0,<0> ,3.5,<0> ,4.8,<0> ,10:47,238.0,<0> ,15.0,<0> ,1479.5,<0> ,0.0,<0> 
04/18/2023 11:15,4.46875,tjrtlmet,P,1.0,1.0,15.0,,15.9,<0> ,73.0,<0> ,1016.0,<0> ,3.6,<0> ,5.1,<0> ,11:03,250.0,<0> ,16.0,<0> ,1527.1,<0> ,0.0,<0> 
04/18/2023 11:30,4.47916667,tjrtlmet,P,1.0,1.0,15.0,,15.7,<0> ,74.0,<0> ,1016.0,<0> ,3.5,<0> ,5.0,<0> ,11:25,253.0,<0> ,12.0,<0> ,1435.2,<0> ,0.0,<0> 
04/18/2023 11:45,4.48958333,tjrtlmet,P,1.0,1.0,15.0,,16.0,<0> ,72.0,<0> ,1015.0,<0> ,3.6,<0> ,5.2,<0> ,11:37,255.0,<0> ,13.0,<0> ,1578.7,<0> ,0.0,<0> 
04/18/2023 12:00,4.5,tjrtlmet,P,1.0,1.0,15.0,,16.1,<0> ,73.0,<0> ,1015.0,<0> ,3.6,<0> ,5.2,<0> ,11:52,265.0,<0> ,16.0,<0> ,1633.3,<0> ,0.0,<0> 
04/18/2023 12:15,4.51041667,tjrtlmet,P,1.0,1.0,15.0,,16.1,<0> ,73.0,<0> ,1015.0,<0> ,3.8,<0> ,5.3,<0> ,12:09,270.0,<0> ,16.0,<0> ,1628.6,<0> ,0.0,<0> 
04/18/2023 12:30,4.52083333,tjrtlmet,P,1.0,1.0,15.0,,16.2,<0> ,73.0,<0> ,1015.0,<0> ,3.9,<0> ,5.3,<0> ,12:17,281.0,<0> ,14.0,<0> ,1682.2,<0> ,0.0,<0> 
04/18/2023 12:45,4.53125,tjrtlmet,P,1.0,1.0,15.0,,16.4,<0> ,73.0,<0> ,1015.0,<0> ,3.7,<0> ,5.4,<0> ,12:42,283.0,<0> ,16.0,<0> ,1584.7,<0> ,0.0,<0> 
04/18/2023 13:00,4.54166667,tjrtlmet,P,1.0,1.0,15.0,,16.5,<0> ,72.0,<0> ,1015.0,<0> ,3.6,<0> ,5.3,<0> ,12:45,287.0,<0> ,15.0,<0> ,1525.9,<0> ,0.0,<0> 
04/18/2023 13:15,4.55208333,tjrtlmet,P,1.0,1.0,15.0,,16.3,<0> ,72.0,<0> ,1015.0,<0> ,3.7,<0> ,5.8,<0> ,13:03,284.0,<0> ,16.0,<0> ,1489.5,<0> ,0.0,<0> 
04/18/2023 13:30,4.5625,tjrtlmet,P,1.0,1.0,15.0,,16.7,<0> ,72.0,<0> ,1015.0,<0> ,3.6,<0> ,5.3,<0> ,13:26,292.0,<0> ,16.0,<0> ,1539.2,<0> ,0.0,<0> 
04/18/2023 13:45,4.57291667,tjrtlmet,P,1.0,1.0,15.0,,16.4,<0> ,72.0,<0> ,1015.0,<0> ,3.7,<0> ,5.5,<0> ,13:36,296.0,<0> ,16.0,<0> ,1381.0,<0> ,0.0,<0> 
04/18/2023 14:00,4.58333333,tjrtlmet,P,1.0,1.0,15.0,,16.4,<0> ,72.0,<0> ,1015.0,<0> ,3.4,<0> ,5.2,<0> ,13:48,300.0,<0> ,14.0,<0> ,1378.6,<0> ,0.0,<0> 
04/18/2023 14:15,4.59375,tjrtlmet,P,1.0,1.0,15.0,,17.0,<0> ,70.0,<0> ,1015.0,<0> ,3.4,<0> ,5.1,<0> ,14:10,297.0,<0> ,15.0,<0> ,1400.6,<0> ,0.0,<0> 
04/18/2023 14:30,4.60416667,tjrtlmet,P,1.0,1.0,15.0,,16.6,<0> ,72.0,<0> ,1015.0,<0> ,3.6,<0> ,5.6,<0> ,14:21,301.0,<0> ,15.0,<0> ,1304.1,<0> ,0.0,<0> 
04/18/2023 14:45,4.61458333,tjrtlmet,P,1.0,1.0,15.0,,16.6,<0> ,71.0,<0> ,1015.0,<0> ,3.3,<0> ,4.6,<0> ,14:37,295.0,<0> ,16.0,<0> ,1241.3,<0> ,0.0,<0> 
04/18/2023 15:00,4.625,tjrtlmet,P,1.0,1.0,15.0,,16.8,<0> ,71.0,<0> ,1014.0,<0> ,3.2,<0> ,4.9,<0> ,14:58,293.0,<0> ,16.0,<0> ,1165.6,<0> ,0.0,<0> 
04/18/2023 15:15,4.63541667,tjrtlmet,P,1.0,1.0,15.0,,16.6,<0> ,71.0,<0> ,1014.0,<0> ,3.2,<0> ,4.8,<0> ,15:06,291.0,<0> ,15.0,<0> ,1082.1,<0> ,0.0,<0> 
04/18/2023 15:30,4.64583333,tjrtlmet,P,1.0,1.0,15.0,,16.4,<0> ,71.0,<0> ,1014.0,<0> ,3.0,<0> ,4.6,<0> ,15:27,296.0,<0> ,15.0,<0> ,992.3,<0> ,0.0,<0> 
04/18/2023 15:45,4.65625,tjrtlmet,P,1.0,1.0,15.0,,16.2,<0> ,73.0,<0> ,1014.0,<0> ,3.0,<0> ,4.4,<0> ,15:37,293.0,<0> ,15.0,<0> ,899.9,<0> ,0.0,<0> 
04/18/2023 16:00,4.66666667,tjrtlmet,P,1.0,1.0,15.0,,16.1,<0> ,74.0,<0> ,1014.0,<0> ,3.1,<0> ,4.5,<0> ,15:52,293.0,<0> ,15.0,<0> ,806.9,<0> ,0.0,<0> 
04/18/2023 16:15,4.67708333,tjrtlmet,P,1.0,1.0,15.0,,16.0,<0> ,75.0,<0> ,1014.0,<0> ,3.1,<0> ,5.0,<0> ,16:14,293.0,<0> ,15.0,<0> ,711.0,<0> ,0.0,<0> 
04/18/2023 16:30,4.6875,tjrtlmet,P,1.0,1.0,15.0,,15.7,<0> ,76.0,<0> ,1014.0,<0> ,3.5,<0> ,4.7,<0> ,16:16,293.0,<0> ,13.0,<0> ,616.6,<0> ,0.0,<0> 
04/18/2023 16:45,4.69791667,tjrtlmet,P,1.0,1.0,15.0,,15.4,<0> ,77.0,<0> ,1014.0,<0> ,3.6,<0> ,5.4,<0> ,16:39,291.0,<0> ,13.0,<0> ,524.6,<0> ,0.0,<0> 
04/18/2023 17:00,4.70833333,tjrtlmet,P,1.0,1.0,15.0,,15.2,<0> ,78.0,<0> ,1014.0,<0> ,3.5,<0> ,4.8,<0> ,16:46,292.0,<0> ,13.0,<0> ,428.1,<0> ,0.0,<0> 
04/18/2023 17:15,4.71875,tjrtlmet,P,1.0,1.0,15.0,,14.9,<0> ,79.0,<0> ,1014.0,<0> ,3.3,<0> ,5.0,<0> ,17:14,295.0,<0> ,14.0,<0> ,341.3,<0> ,0.0,<0> 
04/18/2023 17:30,4.72916667,tjrtlmet,P,1.0,1.0,15.0,,14.7,<0> ,80.0,<0> ,1014.0,<0> ,3.1,<0> ,5.0,<0> ,17:21,293.0,<0> ,15.0,<0> ,247.4,<0> ,0.0,<0> 
04/18/2023 17:45,4.73958333,tjrtlmet,P,1.0,1.0,15.0,,14.4,<0> ,82.0,<0> ,1014.0,<0> ,3.1,<0> ,4.6,<0> ,17:42,295.0,<0> ,14.0,<0> ,161.5,<0> ,0.0,<0> 
04/18/2023 18:00,4.75,tjrtlmet,P,1.0,1.0,15.0,,14.0,<0> ,83.0,<0> ,1014.0,<0> ,3.2,<0> ,5.2,<0> ,17:46,296.0,<0> ,14.0,<0> ,85.9,<0> ,0.0,<0> 
04/18/2023 18:15,4.76041667,tjrtlmet,P,1.0,1.0,15.0,,13.6,<0> ,83.0,<0> ,1014.0,<0> ,3.4,<0> ,5.1,<0> ,18:09,295.0,<0> ,12.0,<0> ,32.3,<0> ,0.0,<0> 
04/18/2023 18:30,4.77083333,tjrtlmet,P,1.0,1.0,15.0,,13.3,<0> ,82.0,<0> ,1015.0,<0> ,3.4,<0> ,5.5,<0> ,18:28,293.0,<0> ,14.0,<0> ,7.0,<0> ,0.0,<0> 
04/18/2023 18:45,4.78125,tjrtlmet,P,1.0,1.0,15.0,,13.1,<0> ,82.0,<0> ,1015.0,<0> ,3.4,<0> ,5.0,<0> ,18:39,295.0,<0> ,15.0,<0> ,0.3,<0> ,0.0,<0> 
04/18/2023 19:00,4.79166667,tjrtlmet,P,1.0,1.0,15.0,,13.0,<0> ,82.0,<0> ,1015.0,<0> ,2.6,<0> ,4.5,<0> ,18:52,303.0,<0> ,14.0,<0> ,0.0,<0> ,0.0,<0> 
04/18/2023 19:15,4.80208333,tjrtlmet,P,1.0,1.0,15.0,,12.9,<0> ,83.0,<0> ,1015.0,<0> ,2.6,<0> ,4.5,<0> ,19:02,304.0,<0> ,14.0,<0> ,0.0,<0> ,0.0,<0> 
04/18/2023 19:30,4.8125,tjrtlmet,P,1.0,1.0,15.0,,12.8,<0> ,83.0,<0> ,1015.0,<0> ,2.5,<0> ,3.9,<0> ,19:16,307.0,<0> ,14.0,<0> ,0.0,<0> ,0.0,<0> 
04/18/2023 19:45,4.82291667,tjrtlmet,P,1.0,1.0,15.0,,12.8,<0> ,84.0,<0> ,1015.0,<0> ,2.5,<0> ,4.0,<0> ,19:36,305.0,<0> ,13.0,<0> ,0.0,<0> ,0.0,<0> 
04/18/2023 20:00,4.83333333,tjrtlmet,P,1.0,1.0,15.0,,13.0,<0> ,86.0,<0> ,1015.0,<0> ,2.2,<0> ,3.7,<0> ,19:49,306.0,<0> ,12.0,<0> ,0.0,<0> ,0.0,<0> 
04/18/2023 20:15,4.84375,tjrtlmet,P,1.0,1.0,15.0,,13.2,<0> ,86.0,<0> ,1016.0,<0> ,2.7,<0> ,4.1,<0> ,20:09,302.0,<0> ,12.0,<0> ,0.0,<0> ,0.0,<0> 
04/18/2023 20:30,4.85416667,tjrtlmet,P,1.0,1.0,15.0,,13.2,<0> ,86.0,<0> ,1016.0,<0> ,2.4,<0> ,3.6,<0> ,20:18,294.0,<0> ,12.0,<0> ,0.0,<0> ,0.0,<0> 
04/18/2023 20:45,4.86458333,tjrtlmet,P,1.0,1.0,15.0,,13.2,<0> ,86.0,<0> ,1016.0,<0> ,2.6,<0> ,3.6,<0> ,20:40,293.0,<0> ,12.0,<0> ,0.0,<0> ,0.0,<0> 
04/18/2023 21:00,4.875,tjrtlmet,P,1.0,1.0,15.0,,13.1,<0> ,87.0,<0> ,1016.0,<0> ,2.3,<0> ,3.6,<0> ,20:58,289.0,<0> ,13.0,<0> ,0.0,<0> ,0.0,<0> 
04/18/2023 21:15,4.88541667,tjrtlmet,P,1.0,1.0,15.0,,13.1,<0> ,87.0,<0> ,1016.0,<0> ,2.5,<0> ,3.8,<0> ,21:12,291.0,<0> ,12.0,<0> ,0.0,<0> ,0.0,<0> 
04/18/2023 21:30,4.89583333,tjrtlmet,P,1.0,1.0,15.0,,13.1,<0> ,87.0,<0> ,1016.0,<0> ,2.4,<0> ,3.4,<0> ,21:28,285.0,<0> ,12.0,<0> ,0.0,<0> ,0.0,<0> 
04/18/2023 21:45,4.90625,tjrtlmet,P,1.0,1.0,15.0,,13.0,<0> ,88.0,<0> ,1016.0,<0> ,2.4,<0> ,4.0,<0> ,21:38,284.0,<0> ,11.0,<0> ,0.0,<0> ,0.0,<0> 
04/18/2023 22:00,4.91666667,tjrtlmet,P,1.0,1.0,15.0,,12.9,<0> ,88.0,<0> ,1016.0,<0> ,2.4,<0> ,4.0,<0> ,21:46,282.0,<0> ,11.0,<0> ,0.0,<0> ,0.0,<0> 
04/18/2023 22:15,4.92708333,tjrtlmet,P,1.0,1.0,15.0,,13.1,<0> ,89.0,<0> ,1016.0,<0> ,2.2,<0> ,3.5,<0> ,22:00,287.0,<0> ,12.0,<0> ,0.0,<0> ,0.0,<0> 
04/18/2023 22:30,4.9375,tjrtlmet,P,1.0,1.0,15.0,,13.1,<0> ,87.0,<0> ,1016.0,<0> ,2.9,<0> ,4.4,<0> ,22:29,292.0,<0> ,11.0,<0> ,0.0,<0> ,0.0,<0> 
04/18/2023 22:45,4.94791667,tjrtlmet,P,1.0,1.0,15.0,,12.9,<0> ,87.0,<0> ,1016.0,<0> ,2.9,<0> ,4.8,<0> ,22:36,292.0,<0> ,11.0,<0> ,0.0,<0> ,0.0,<0> 
04/18/2023 23:00,4.95833333,tjrtlmet,P,1.0,1.0,15.0,,12.7,<0> ,88.0,<0> ,1016.0,<0> ,2.5,<0> ,3.9,<0> ,23:00,285.0,<0> ,12.0,<0> ,0.0,<0> ,0.0,<0> 
04/18/2023 23:15,4.96875,tjrtlmet,P,1.0,1.0,15.0,,12.6,<0> ,87.0,<0> ,1016.0,<0> ,2.8,<0> ,4.3,<0> ,23:12,285.0,<0> ,12.0,<0> ,0.0,<0> ,0.0,<0> 
04/18/2023 23:30,4.97916667,tjrtlmet,P,1.0,1.0,15.0,,12.7,<0> ,86.0,<0> ,1016.0,<0> ,2.9,<0> ,4.3,<0> ,23:26,283.0,<0> ,11.0,<0> ,0.0,<0> ,0.0,<0> 
04/18/2023 23:45,4.98958333,tjrtlmet,P,1.0,1.0,15.0,,12.5,<0> ,86.0,<0> ,1016.0,<0> ,2.8,<0> ,4.3,<0> ,23:39,284.0,<0> ,12.0,<0> ,0.0,<0> ,0.0,<0> 
04/19/2023 00:00,5.0,tjrtlmet,P,1.0,1.0,15.0,,12.5,<0> ,85.0,<0> ,1016.0,<0> ,2.5,<0> ,3.7,<0> ,23:54,288.0,<0> ,12.0,<0> ,0.0,<0> ,0.0,<0> 
04/19/2023 00:15,5.01041667,tjrtlmet,P,1.0,1.0,15.0,,12.6,<0> ,83.0,<0> ,1016.0,<0> ,2.7,<0> ,4.1,<0> ,00:02,287.0,<0> ,13.0,<0> ,0.0,<0> ,0.0,<0> 
04/19/2023 00:30,5.02083333,tjrtlmet,P,1.0,1.0,15.0,,12.4,<0> ,83.0,<0> ,1016.0,<0> ,2.7,<0> ,4.4,<0> ,00:17,280.0,<0> ,13.0,<0> ,0.0,<0> ,0.0,<0> 
04/19/2023 00:45,5.03125,tjrtlmet,P,1.0,1.0,15.0,,12.4,<0> ,82.0,<0> ,1016.0,<0> ,2.8,<0> ,4.0,<0> ,00:36,282.0,<0> ,11.0,<0> ,0.0,<0> ,0.0,<0> 
04/19/2023 01:00,5.04166667,tjrtlmet,P,1.0,1.0,15.0,,12.4,<0> ,80.0,<0> ,1016.0,<0> ,2.8,<0> ,4.3,<0> ,00:55,279.0,<0> ,12.0,<0> ,0.0,<0> ,0.0,<0> 
04/19/2023 01:15,5.05208333,tjrtlmet,P,1.0,1.0,15.0,,12.4,<0> ,80.0,<0> ,1016.0,<0> ,2.9,<0> ,4.5,<0> ,01:07,275.0,<0> ,11.0,<0> ,0.0,<0> ,0.0,<0> 
04/19/2023 01:30,5.0625,tjrtlmet,P,1.0,1.0,15.0,,12.2,<0> ,80.0,<0> ,1016.0,<0> ,2.6,<0> ,3.4,<0> ,01:16,277.0,<0> ,11.0,<0> ,0.0,<0> ,0.0,<0> 
04/19/2023 01:45,5.07291667,tjrtlmet,P,1.0,1.0,15.0,,12.1,<0> ,80.0,<0> ,1016.0,<0> ,2.1,<0> ,3.5,<0> ,01:31,274.0,<0> ,10.0,<0> ,0.0,<0> ,0.0,<0> 
04/19/2023 02:00,5.08333333,tjrtlmet,P,1.0,1.0,15.0,,11.8,<0> ,80.0,<0> ,1016.0,<0> ,2.1,<0> ,3.3,<0> ,01:49,266.0,<0> ,12.0,<0> ,0.0,<0> ,0.0,<0> 
04/19/2023 02:15,5.09375,tjrtlmet,P,1.0,1.0,15.0,,11.7,<0> ,81.0,<0> ,1016.0,<0> ,2.2,<0> ,3.2,<0> ,02:09,263.0,<0> ,10.0,<0> ,0.0,<0> ,0.0,<0> 
04/19/2023 02:30,5.10416667,tjrtlmet,P,1.0,1.0,15.0,,11.6,<0> ,81.0,<0> ,1016.0,<0> ,2.0,<0> ,3.2,<0> ,02:17,257.0,<0> ,13.0,<0> ,0.0,<0> ,0.0,<0> 
04/19/2023 02:45,5.11458333,tjrtlmet,P,1.0,1.0,15.0,,11.5,<0> ,80.0,<0> ,1015.0,<0> ,1.9,<0> ,2.9,<0> ,02:43,258.0,<0> ,12.0,<0> ,0.0,<0> ,0.0,<0> 
04/19/2023 03:00,5.125,tjrtlmet,P,1.0,1.0,15.0,,11.3,<0> ,80.0,<0> ,1016.0,<0> ,1.2,<0> ,2.4,<0> ,02:58,242.0,<0> ,13.0,<0> ,0.0,<0> ,0.0,<0> 
04/19/2023 03:15,5.13541667,tjrtlmet,P,1.0,1.0,15.0,,10.9,<0> ,81.0,<0> ,1016.0,<0> ,1.2,<0> ,2.5,<0> ,03:02,196.0,<0> ,21.0,<0> ,0.0,<0> ,0.0,<0> 
04/19/2023 03:30,5.14583333,tjrtlmet,P,1.0,1.0,15.0,,10.6,<0> ,81.0,<0> ,1016.0,<0> ,1.3,<0> ,2.6,<0> ,03:23,199.0,<0> ,17.0,<0> ,0.0,<0> ,0.0,<0> 
04/19/2023 03:45,5.15625,tjrtlmet,P,1.0,1.0,15.0,,10.3,<0> ,82.0,<0> ,1016.0,<0> ,0.9,<0> ,1.6,<0> ,03:41,218.0,<0> ,23.0,<0> ,0.0,<0> ,0.0,<0> 
04/19/2023 04:00,5.16666667,tjrtlmet,P,1.0,1.0,15.0,,10.4,<0> ,83.0,<0> ,1016.0,<0> ,0.8,<0> ,1.4,<0> ,03:47,208.0,<0> ,26.0,<0> ,0.0,<0> ,0.0,<0> 
04/19/2023 04:15,5.17708333,tjrtlmet,P,1.0,1.0,15.0,,10.0,<0> ,84.0,<0> ,1016.0,<0> ,0.3,<0> ,0.8,<0> ,04:04,164.0,<0> ,18.0,<0> ,0.0,<0> ,0.0,<0> 
04/19/2023 04:30,5.1875,tjrtlmet,P,1.0,1.0,15.0,,10.0,<0> ,84.0,<0> ,1016.0,<0> ,0.6,<0> ,1.2,<0> ,04:27,140.0,<0> ,16.0,<0> ,0.0,<0> ,0.0,<0> 
04/19/2023 04:45,5.19791667,tjrtlmet,P,1.0,1.0,15.0,,10.0,<0> ,84.0,<0> ,1016.0,<0> ,0.9,<0> ,1.3,<0> ,04:44,106.0,<0> ,11.0,<0> ,0.0,<0> ,0.0,<0> 
04/19/2023 05:00,5.20833333,tjrtlmet,P,1.0,1.0,15.0,,10.4,<0> ,82.0,<0> ,1016.0,<0> ,0.7,<0> ,1.2,<0> ,04:45,110.0,<0> ,14.0,<0> ,0.0,<0> ,0.0,<0> 
04/19/2023 05:15,5.21875,tjrtlmet,P,1.0,1.0,15.0,,10.5,<0> ,82.0,<0> ,1016.0,<0> ,0.5,<0> ,1.0,<0> ,05:01,113.0,<0> ,26.0,<0> ,3.0,<0> ,0.0,<0> 
04/19/2023 05:30,5.22916667,tjrtlmet,P,1.0,1.0,15.0,,10.6,<0> ,82.0,<0> ,1016.0,<0> ,0.6,<0> ,1.1,<0> ,05:29,132.0,<0> ,31.0,<0> ,16.3,<0> ,0.0,<0> 
04/19/2023 05:45,5.23958333,tjrtlmet,P,1.0,1.0,15.0,,10.2,<0> ,85.0,<0> ,1016.0,<0> ,1.1,<0> ,1.5,<0> ,05:33,116.0,<0> ,12.0,<0> ,41.2,<0> ,0.0,<0> 
04/19/2023 06:00,5.25,tjrtlmet,P,1.0,1.0,15.0,,10.8,<0> ,84.0,<0> ,1016.0,<0> ,1.0,<0> ,2.0,<0> ,05:45,111.0,<0> ,11.0,<0> ,102.3,<0> ,0.0,<0> 
04/19/2023 06:15,5.26041667,tjrtlmet,P,1.0,1.0,15.0,,11.5,<0> ,84.0,<0> ,1016.0,<0> ,0.7,<0> ,1.2,<0> ,06:01,111.0,<0> ,13.0,<0> ,201.5,<0> ,0.0,<0> 
04/19/2023 06:30,5.27083333,tjrtlmet,P,1.0,1.0,15.0,,12.6,<0> ,79.0,<0> ,1017.0,<0> ,0.7,<0> ,1.5,<0> ,06:29,148.0,<0> ,19.0,<0> ,320.0,<0> ,0.0,<0> 
04/19/2023 06:45,5.28125,tjrtlmet,P,1.0,1.0,15.0,,13.2,<0> ,75.0,<0> ,1017.0,<0> ,1.1,<0> ,2.4,<0> ,06:43,171.0,<0> ,28.0,<0> ,272.4,<0> ,0.0,<0> 
04/19/2023 07:00,5.29166667,tjrtlmet,P,1.0,1.0,15.0,,13.3,<0> ,74.0,<0> ,1017.0,<0> ,1.7,<0> ,3.9,<0> ,06:51,189.0,<0> ,20.0,<0> ,310.7,<0> ,0.0,<0> 
04/19/2023 07:15,5.30208333,tjrtlmet,P,1.0,1.0,15.0,,13.1,<0> ,74.0,<0> ,1017.0,<0> ,1.8,<0> ,2.8,<0> ,07:08,213.0,<0> ,17.0,<0> ,286.9,<0> ,0.0,<0> 
04/19/2023 07:30,5.3125,tjrtlmet,P,1.0,1.0,15.0,,13.1,<0> ,74.0,<0> ,1017.0,<0> ,1.7,<0> ,2.6,<0> ,07:29,213.0,<0> ,14.0,<0> ,313.6,<0> ,0.0,<0> 
04/19/2023 07:45,5.32291667,tjrtlmet,P,1.0,1.0,15.0,,13.3,<0> ,73.0,<0> ,1017.0,<0> ,1.7,<0> ,2.9,<0> ,07:41,221.0,<0> ,21.0,<0> ,555.5,<0> ,0.0,<0> 
04/19/2023 08:00,5.33333333,tjrtlmet,P,1.0,1.0,15.0,,14.0,<0> ,71.0,<0> ,1017.0,<0> ,1.9,<0> ,3.3,<0> ,07:59,238.0,<0> ,15.0,<0> ,894.5,<0> ,0.0,<0> 
04/19/2023 08:15,5.34375,tjrtlmet,P,1.0,1.0,15.0,,14.2,<0> ,70.0,<0> ,1018.0,<0> ,2.1,<0> ,3.1,<0> ,08:01,228.0,<0> ,17.0,<0> ,985.5,<0> ,0.0,<0> 
04/19/2023 08:30,5.35416667,tjrtlmet,P,1.0,1.0,15.0,,14.4,<0> ,69.0,<0> ,1018.0,<0> ,2.5,<0> ,3.6,<0> ,08:22,233.0,<0> ,13.0,<0> ,1074.3,<0> ,0.0,<0> 
04/19/2023 08:45,5.36458333,tjrtlmet,P,1.0,1.0,15.0,,14.6,<0> ,68.0,<0> ,1018.0,<0> ,2.4,<0> ,3.8,<0> ,08:41,246.0,<0> ,15.0,<0> ,1161.2,<0> ,0.0,<0> 
04/19/2023 09:00,5.375,tjrtlmet,P,1.0,1.0,15.0,,14.7,<0> ,68.0,<0> ,1018.0,<0> ,2.5,<0> ,3.5,<0> ,08:57,248.0,<0> ,14.0,<0> ,1241.4,<0> ,0.0,<0> 
04/19/2023 09:15,5.38541667,tjrtlmet,P,1.0,1.0,15.0,,14.9,<0> ,69.0,<0> ,1018.0,<0> ,2.6,<0> ,4.0,<0> ,09:05,274.0,<0> ,17.0,<0> ,1314.5,<0> ,0.0,<0> 
04/19/2023 09:30,5.39583333,tjrtlmet,P,1.0,1.0,15.0,,15.1,<0> ,68.0,<0> ,1018.0,<0> ,2.5,<0> ,3.8,<0> ,09:29,280.0,<0> ,17.0,<0> ,1388.3,<0> ,0.0,<0> 
04/19/2023 09:45,5.40625,tjrtlmet,P,1.0,1.0,15.0,,15.1,<0> ,68.0,<0> ,1018.0,<0> ,2.9,<0> ,4.1,<0> ,09:41,268.0,<0> ,16.0,<0> ,1447.8,<0> ,0.0,<0> 
04/19/2023 10:00,5.41666667,tjrtlmet,P,1.0,1.0,15.0,,15.5,<0> ,68.0,<0> ,1018.0,<0> ,2.9,<0> ,4.3,<0> ,09:55,275.0,<0> ,15.0,<0> ,1505.0,<0> ,0.0,<0> 
04/19/2023 10:15,5.42708333,tjrtlmet,P,1.0,1.0,15.0,,15.5,<0> ,68.0,<0> ,1018.0,<0> ,3.0,<0> ,4.4,<0> ,10:01,268.0,<0> ,16.0,<0> ,1553.0,<0> ,0.0,<0> 
04/19/2023 10:30,5.4375,tjrtlmet,P,1.0,1.0,15.0,,15.7,<0> ,68.0,<0> ,1018.0,<0> ,3.2,<0> ,4.6,<0> ,10:24,268.0,<0> ,14.0,<0> ,1595.0,<0> ,0.0,<0> 
04/19/2023 10:45,5.44791667,tjrtlmet,P,1.0,1.0,15.0,,15.9,<0> ,69.0,<0> ,1018.0,<0> ,3.0,<0> ,4.4,<0> ,10:33,281.0,<0> ,14.0,<0> ,1633.1,<0> ,0.0,<0> 
04/19/2023 11:00,5.45833333,tjrtlmet,P,1.0,1.0,15.0,,16.1,<0> ,69.0,<0> ,1018.0,<0> ,3.4,<0> ,4.8,<0> ,10:55,279.0,<0> ,12.0,<0> ,1671.0,<0> ,0.0,<0> 
04/19/2023 11:15,5.46875,tjrtlmet,P,1.0,1.0,15.0,,16.3,<0> ,70.0,<0> ,1018.0,<0> ,3.6,<0> ,5.3,<0> ,11:00,279.0,<0> ,14.0,<0> ,1685.3,<0> ,0.0,<0> 
04/19/2023 11:30,5.47916667,tjrtlmet,P,1.0,1.0,15.0,,16.3,<0> ,71.0,<0> ,1017.0,<0> ,4.0,<0> ,5.5,<0> ,11:27,279.0,<0> ,13.0,<0> ,1710.9,<0> ,0.0,<0> 
04/19/2023 11:45,5.48958333,tjrtlmet,P,1.0,1.0,15.0,,16.4,<0> ,71.0,<0> ,1017.0,<0> ,3.7,<0> ,5.2,<0> ,11:42,282.0,<0> ,13.0,<0> ,1734.0,<0> ,0.0,<0> 
04/19/2023 12:00,5.5,tjrtlmet,P,1.0,1.0,15.0,,16.4,<0> ,71.0,<0> ,1017.0,<0> ,3.7,<0> ,5.4,<0> ,11:52,281.0,<0> ,15.0,<0> ,1749.7,<0> ,0.0,<0> 
04/19/2023 12:15,5.51041667,tjrtlmet,P,1.0,1.0,15.0,,16.7,<0> ,71.0,<0> ,1017.0,<0> ,3.6,<0> ,5.5,<0> ,12:15,276.0,<0> ,14.0,<0> ,1773.6,<0> ,0.0,<0> 
04/19/2023 12:30,5.52083333,tjrtlmet,P,1.0,1.0,15.0,,16.8,<0> ,71.0,<0> ,1017.0,<0> ,3.9,<0> ,5.6,<0> ,12:22,277.0,<0> ,12.0,<0> ,1698.1,<0> ,0.0,<0> 
04/19/2023 12:45,5.53125,tjrtlmet,P,1.0,1.0,15.0,,16.8,<0> ,72.0,<0> ,1017.0,<0> ,4.3,<0> ,5.9,<0> ,12:35,278.0,<0> ,12.0,<0> ,1707.8,<0> ,0.0,<0> 
04/19/2023 13:00,5.54166667,tjrtlmet,P,1.0,1.0,15.0,,16.7,<0> ,72.0,<0> ,1017.0,<0> ,4.3,<0> ,5.9,<0> ,12:53,281.0,<0> ,12.0,<0> ,1674.8,<0> ,0.0,<0> 
04/19/2023 13:15,5.55208333,tjrtlmet,P,1.0,1.0,15.0,,16.8,<0> ,71.0,<0> ,1017.0,<0> ,4.3,<0> ,5.7,<0> ,13:05,281.0,<0> ,13.0,<0> ,1567.7,<0> ,0.0,<0> 
04/19/2023 13:30,5.5625,tjrtlmet,P,1.0,1.0,15.0,,17.1,<0> ,71.0,<0> ,1017.0,<0> ,4.1,<0> ,5.9,<0> ,13:15,283.0,<0> ,14.0,<0> ,1574.7,<0> ,0.0,<0> 
04/19/2023 13:45,5.57291667,tjrtlmet,P,1.0,1.0,15.0,,17.1,<0> ,71.0,<0> ,1017.0,<0> ,4.2,<0> ,5.8,<0> ,13:34,280.0,<0> ,13.0,<0> ,1532.7,<0> ,0.0,<0> 
04/19/2023 14:00,5.58333333,tjrtlmet,P,1.0,1.0,15.0,,17.2,<0> ,71.0,<0> ,1017.0,<0> ,4.1,<0> ,6.1,<0> ,13:59,284.0,<0> ,13.0,<0> ,1473.6,<0> ,0.0,<0> 
04/19/2023 14:15,5.59375,tjrtlmet,P,1.0,1.0,15.0,,17.2,<0> ,70.0,<0> ,1017.0,<0> ,3.9,<0> ,5.9,<0> ,14:03,291.0,<0> ,14.0,<0> ,1434.0,<0> ,0.0,<0> 
04/19/2023 14:30,5.60416667,tjrtlmet,P,1.0,1.0,15.0,,17.4,<0> ,70.0,<0> ,1017.0,<0> ,3.5,<0> ,5.5,<0> ,14:23,293.0,<0> ,16.0,<0> ,1362.5,<0> ,0.0,<0> 
04/19/2023 14:45,5.61458333,tjrtlmet,P,1.0,1.0,15.0,,17.1,<0> ,71.0,<0> ,1017.0,<0> ,3.9,<0> ,6.0,<0> ,14:44,284.0,<0> ,14.0,<0> ,1277.7,<0> ,0.0,<0> 
04/19/2023 15:00,5.625,tjrtlmet,P,1.0,1.0,15.0,,17.2,<0> ,71.0,<0> ,1016.0,<0> ,4.1,<0> ,6.0,<0> ,14:49,284.0,<0> ,15.0,<0> ,1208.6,<0> ,0.0,<0> 
04/19/2023 15:15,5.63541667,tjrtlmet,P,1.0,1.0,15.0,,16.9,<0> ,73.0,<0> ,1016.0,<0> ,3.9,<0> ,6.7,<0> ,15:02,287.0,<0> ,14.0,<0> ,990.9,<0> ,0.0,<0> 
04/19/2023 15:30,5.64583333,tjrtlmet,P,1.0,1.0,15.0,,16.6,<0> ,74.0,<0> ,1016.0,<0> ,3.6,<0> ,5.2,<0> ,15:15,282.0,<0> ,14.0,<0> ,998.4,<0> ,0.0,<0> 
04/19/2023 15:45,5.65625,tjrtlmet,P,1.0,1.0,15.0,,16.3,<0> ,74.0,<0> ,1016.0,<0> ,3.4,<0> ,5.4,<0> ,15:34,282.0,<0> ,14.0,<0> ,897.3,<0> ,0.0,<0> 
04/19/2023 16:00,5.66666667,tjrtlmet,P,1.0,1.0,15.0,,16.2,<0> ,74.0,<0> ,1016.0,<0> ,3.2,<0> ,4.9,<0> ,15:45,286.0,<0> ,13.0,<0> ,678.7,<0> ,0.0,<0> 
04/19/2023 16:15,5.67708333,tjrtlmet,P,1.0,1.0,15.0,,15.5,<0> ,76.0,<0> ,1016.0,<0> ,3.4,<0> ,4.8,<0> ,16:10,292.0,<0> ,13.0,<0> ,468.8,<0> ,0.0,<0> 
04/19/2023 16:30,5.6875,tjrtlmet,P,1.0,1.0,15.0,,15.4,<0> ,78.0,<0> ,1016.0,<0> ,3.2,<0> ,4.8,<0> ,16:22,296.0,<0> ,13.0,<0> ,516.6,<0> ,0.0,<0> 
04/19/2023 16:45,5.69791667,tjrtlmet,P,1.0,1.0,15.0,,15.9,<0> ,77.0,<0> ,1016.0,<0> ,2.7,<0> ,4.2,<0> ,16:36,296.0,<0> ,16.0,<0> ,625.2,<0> ,0.0,<0> 
04/19/2023 17:00,5.70833333,tjrtlmet,P,1.0,1.0,15.0,,15.7,<0> ,76.0,<0> ,1016.0,<0> ,2.8,<0> ,4.3,<0> ,16:55,303.0,<0> ,15.0,<0> ,447.2,<0> ,0.0,<0> 
04/19/2023 17:15,5.71875,tjrtlmet,P,1.0,1.0,15.0,,15.7,<0> ,77.0,<0> ,1016.0,<0> ,2.7,<0> ,4.3,<0> ,17:01,306.0,<0> ,18.0,<0> ,393.8,<0> ,0.0,<0> 
04/19/2023 17:30,5.72916667,tjrtlmet,P,1.0,1.0,15.0,,15.4,<0> ,77.0,<0> ,1016.0,<0> ,2.6,<0> ,3.8,<0> ,17:28,309.0,<0> ,15.0,<0> ,272.4,<0> ,0.0,<0> 
04/19/2023 17:45,5.73958333,tjrtlmet,P,1.0,1.0,15.0,,14.9,<0> ,80.0,<0> ,1016.0,<0> ,2.6,<0> ,4.4,<0> ,17:43,305.0,<0> ,15.0,<0> ,174.1,<0> ,0.0,<0> 
04/19/2023 18:00,5.75,tjrtlmet,P,1.0,1.0,15.0,,14.4,<0> ,80.0,<0> ,1016.0,<0> ,2.9,<0> ,4.6,<0> ,17:53,305.0,<0> ,14.0,<0> ,95.1,<0> ,0.0,<0> 
04/19/2023 18:15,5.76041667,tjrtlmet,P,1.0,1.0,15.0,,13.9,<0> ,80.0,<0> ,1016.0,<0> ,2.3,<0> ,4.0,<0> ,18:05,306.0,<0> ,16.0,<0> ,36.2,<0> ,0.0,<0> 
04/19/2023 18:30,5.77083333,tjrtlmet,P,1.0,1.0,15.0,,13.5,<0> ,80.0,<0> ,1017.0,<0> ,2.0,<0> ,2.8,<0> ,18:16,309.0,<0> ,14.0,<0> ,8.8,<0> ,0.0,<0> 
04/19/2023 18:45,5.78125,tjrtlmet,P,1.0,1.0,15.0,,13.3,<0> ,80.0,<0> ,1017.0,<0> ,2.1,<0> ,3.7,<0> ,18:30,313.0,<0> ,16.0,<0> ,0.6,<0> ,0.0,<0> 
04/19/2023 19:00,5.79166667,tjrtlmet,P,1.0,1.0,15.0,,13.1,<0> ,83.0,<0> ,1017.0,<0> ,1.1,<0> ,3.2,<0> ,18:47,316.0,<0> ,24.0,<0> ,0.0,<0> ,0.0,<0> 
04/19/2023 19:15,5.80208333,tjrtlmet,P,1.0,1.0,15.0,,12.8,<0> ,84.0,<0> ,1017.0,<0> ,1.2,<0> ,2.8,<0> ,19:14,317.0,<0> ,18.0,<0> ,0.0,<0> ,0.0,<0> 
04/19/2023 19:30,5.8125,tjrtlmet,P,1.0,1.0,15.0,,12.8,<0> ,83.0,<0> ,1017.0,<0> ,1.5,<0> ,3.1,<0> ,19:17,319.0,<0> ,20.0,<0> ,0.0,<0> ,0.0,<0> 
04/19/2023 19:45,5.82291667,tjrtlmet,P,1.0,1.0,15.0,,12.7,<0> ,81.0,<0> ,1017.0,<0> ,1.3,<0> ,3.3,<0> ,19:39,324.0,<0> ,23.0,<0> ,0.0,<0> ,0.0,<0> 
04/19/2023 20:00,5.83333333,tjrtlmet,P,1.0,1.0,15.0,,12.7,<0> ,81.0,<0> ,1017.0,<0> ,1.2,<0> ,3.3,<0> ,19:47,323.0,<0> ,25.0,<0> ,0.0,<0> ,0.0,<0> 
04/19/2023 20:15,5.84375,tjrtlmet,P,1.0,1.0,15.0,,12.7,<0> ,82.0,<0> ,1018.0,<0> ,1.2,<0> ,2.8,<0> ,20:13,321.0,<0> ,24.0,<0> ,0.0,<0> ,0.0,<0> 
04/19/2023 20:30,5.85416667,tjrtlmet,P,1.0,1.0,15.0,,12.8,<0> ,83.0,<0> ,1018.0,<0> ,1.4,<0> ,3.1,<0> ,20:19,322.0,<0> ,24.0,<0> ,0.0,<0> ,0.0,<0> 
04/19/2023 20:45,5.86458333,tjrtlmet,P,1.0,1.0,15.0,,12.8,<0> ,84.0,<0> ,1018.0,<0> ,1.1,<0> ,3.1,<0> ,20:34,322.0,<0> ,22.0,<0> ,0.0,<0> ,0.0,<0> 
04/19/2023 21:00,5.875,tjrtlmet,P,1.0,1.0,15.0,,12.7,<0> ,85.0,<0> ,1018.0,<0> ,0.7,<0> ,1.8,<0> ,20:55,334.0,<0> ,31.0,<0> ,0.0,<0> ,0.0,<0> 
04/19/2023 21:15,5.88541667,tjrtlmet,P,1.0,1.0,15.0,,12.9,<0> ,85.0,<0> ,1018.0,<0> ,0.7,<0> ,1.6,<0> ,21:09,17.0,<0> ,21.0,<0> ,0.0,<0> ,0.0,<0> 
04/19/2023 21:30,5.89583333,tjrtlmet,P,1.0,1.0,15.0,,12.8,<0> ,84.0,<0> ,1018.0,<0> ,0.5,<0> ,1.4,<0> ,21:16,356.0,<0> ,22.0,<0> ,0.0,<0> ,0.0,<0> 
04/19/2023 21:45,5.90625,tjrtlmet,P,1.0,1.0,15.0,,12.7,<0> ,84.0,<0> ,1018.0,<0> ,0.5,<0> ,1.6,<0> ,21:37,360.0,<0> ,16.0,<0> ,0.0,<0> ,0.0,<0> 
04/19/2023 22:00,5.91666667,tjrtlmet,P,1.0,1.0,15.0,,12.5,<0> ,83.0,<0> ,1018.0,<0> ,0.4,<0> ,1.2,<0> ,21:52,5.0,<0> ,18.0,<0> ,0.0,<0> ,0.0,<0> 
04/19/2023 22:15,5.92708333,tjrtlmet,P,1.0,1.0,15.0,,12.6,<0> ,83.0,<0> ,1018.0,<0> ,0.7,<0> ,2.1,<0> ,22:02,7.0,<0> ,20.0,<0> ,0.0,<0> ,0.0,<0> 
04/19/2023 22:30,5.9375,tjrtlmet,P,1.0,1.0,15.0,,12.6,<0> ,83.0,<0> ,1018.0,<0> ,0.8,<0> ,1.6,<0> ,22:20,37.0,<0> ,17.0,<0> ,0.0,<0> ,0.0,<0> 
04/19/2023 22:45,5.94791667,tjrtlmet,P,1.0,1.0,15.0,,12.6,<0> ,83.0,<0> ,1018.0,<0> ,0.8,<0> ,1.5,<0> ,22:42,35.0,<0> ,14.0,<0> ,0.0,<0> ,0.0,<0> 
04/19/2023 23:00,5.95833333,tjrtlmet,P,1.0,1.0,15.0,,12.6,<0> ,82.0,<0> ,1018.0,<0> ,0.6,<0> ,1.4,<0> ,22:52,78.0,<0> ,22.0,<0> ,0.0,<0> ,0.0,<0> 
04/19/2023 23:15,5.96875,tjrtlmet,P,1.0,1.0,15.0,,12.3,<0> ,82.0,<0> ,1018.0,<0> ,0.3,<0> ,1.0,<0> ,23:03,80.0,<0> ,10.0,<0> ,0.0,<0> ,0.0,<0> 
04/19/2023 23:30,5.97916667,tjrtlmet,P,1.0,1.0,15.0,,11.8,<0> ,83.0,<0> ,1018.0,<0> ,0.0,<0> ,0.2,<0> ,23:16,89.0,<0> ,0.0,<0> ,0.0,<0> ,0.0,<0> 
04/19/2023 23:45,5.98958333,tjrtlmet,P,1.0,1.0,15.0,,11.4,<0> ,85.0,<0> ,1018.0,<0> ,0.0,<0> ,0.2,<0> ,23:40,89.0,<0> ,0.0,<0> ,0.0,<0> ,0.0,<0> 
04/20/2023 00:00,6.0,tjrtlmet,P,1.0,1.0,15.0,,11.5,<0> ,85.0,<0> ,1018.0,<0> ,0.3,<0> ,0.7,<0> ,23:47,62.0,<0> ,5.0,<0> ,0.0,<0> ,0.0,<0> 
04/20/2023 00:15,6.01041667,tjrtlmet,P,1.0,1.0,15.0,,11.3,<0> ,85.0,<0> ,1018.0,<0> ,0.0,<0> ,0.0,<0> ,00:00,0.0,<0> ,0.0,<0> ,0.0,<0> ,0.0,<0> 
04/20/2023 00:30,6.02083333,tjrtlmet,P,1.0,1.0,15.0,,11.2,<0> ,85.0,<0> ,1018.0,<0> ,0.3,<0> ,0.5,<0> ,00:22,43.0,<0> ,22.0,<0> ,0.0,<0> ,0.0,<0> 
04/20/2023 00:45,6.03125,tjrtlmet,P,1.0,1.0,15.0,,11.1,<0> ,85.0,<0> ,1018.0,<0> ,0.5,<0> ,0.8,<0> ,00:32,47.0,<0> ,9.0,<0> ,0.0,<0> ,0.0,<0> 
04/20/2023 01:00,6.04166667,tjrtlmet,P,1.0,1.0,15.0,,11.4,<0> ,84.0,<0> ,1018.0,<0> ,0.6,<0> ,1.0,<0> ,00:49,62.0,<0> ,9.0,<0> ,0.0,<0> ,0.0,<0> 
04/20/2023 01:15,6.05208333,tjrtlmet,P,1.0,1.0,15.0,,11.5,<0> ,83.0,<0> ,1017.0,<0> ,0.5,<0> ,0.9,<0> ,01:14,57.0,<0> ,6.0,<0> ,0.0,<0> ,0.0,<0> 
04/20/2023 01:30,6.0625,tjrtlmet,P,1.0,1.0,15.0,,11.2,<0> ,84.0,<0> ,1017.0,<0> ,0.6,<0> ,1.0,<0> ,01:15,56.0,<0> ,5.0,<0> ,0.0,<0> ,0.0,<0> 
04/20/2023 01:45,6.07291667,tjrtlmet,P,1.0,1.0,15.0,,10.7,<0> ,85.0,<0> ,1018.0,<0> ,0.3,<0> ,0.8,<0> ,01:44,42.0,<0> ,10.0,<0> ,0.0,<0> ,0.0,<0> 
04/20/2023 02:00,6.08333333,tjrtlmet,P,1.0,1.0,15.0,,10.6,<0> ,86.0,<0> ,1018.0,<0> ,0.7,<0> ,1.2,<0> ,01:55,53.0,<0> ,8.0,<0> ,0.0,<0> ,0.0,<0> 
04/20/2023 02:15,6.09375,tjrtlmet,P,1.0,1.0,15.0,,10.4,<0> ,87.0,<0> ,1017.0,<0> ,0.6,<0> ,1.1,<0> ,02:03,60.0,<0> ,11.0,<0> ,0.0,<0> ,0.0,<0> 
04/20/2023 02:30,6.10416667,tjrtlmet,P,1.0,1.0,15.0,,10.3,<0> ,87.0,<0> ,1017.0,<0> ,0.7,<0> ,1.5,<0> ,02:29,62.0,<0> ,13.0,<0> ,0.0,<0> ,0.0,<0> 
04/20/2023 02:45,6.11458333,tjrtlmet,P,1.0,1.0,15.0,,10.1,<0> ,88.0,<0> ,1018.0,<0> ,1.1,<0> ,1.7,<0> ,02:37,43.0,<0> ,10.0,<0> ,0.0,<0> ,0.0,<0> 
04/20/2023 03:00,6.125,tjrtlmet,P,1.0,1.0,15.0,,10.0,<0> ,88.0,<0> ,1018.0,<0> ,0.9,<0> ,1.5,<0> ,02:57,61.0,<0> ,14.0,<0> ,0.0,<0> ,0.0,<0> 
04/20/2023 03:15,6.13541667,tjrtlmet,P,1.0,1.0,15.0,,9.9,<0> ,89.0,<0> ,1018.0,<0> ,1.0,<0> ,2.1,<0> ,03:06,68.0,<0> ,15.0,<0> ,0.0,<0> ,0.0,<0> 
04/20/2023 03:30,6.14583333,tjrtlmet,P,1.0,1.0,15.0,,9.8,<0> ,89.0,<0> ,1018.0,<0> ,0.9,<0> ,1.7,<0> ,03:16,56.0,<0> ,14.0,<0> ,0.0,<0> ,0.0,<0> 
04/20/2023 03:45,6.15625,tjrtlmet,P,1.0,1.0,15.0,,9.7,<0> ,89.0,<0> ,1018.0,<0> ,0.9,<0> ,1.3,<0> ,03:40,47.0,<0> ,12.0,<0> ,0.0,<0> ,0.0,<0> 
04/20/2023 04:00,6.16666667,tjrtlmet,P,1.0,1.0,15.0,,9.9,<0> ,89.0,<0> ,1018.0,<0> ,0.9,<0> ,1.5,<0> ,03:54,50.0,<0> ,11.0,<0> ,0.0,<0> ,0.0,<0> 
04/20/2023 04:15,6.17708333,tjrtlmet,P,1.0,1.0,15.0,,9.7,<0> ,88.0,<0> ,1018.0,<0> ,1.1,<0> ,1.7,<0> ,04:14,42.0,<0> ,7.0,<0> ,0.0,<0> ,0.0,<0> 
04/20/2023 04:30,6.1875,tjrtlmet,P,1.0,1.0,15.0,,9.6,<0> ,89.0,<0> ,1018.0,<0> ,1.2,<0> ,2.0,<0> ,04:16,45.0,<0> ,11.0,<0> ,0.0,<0> ,0.0,<0> 
04/20/2023 04:45,6.19791667,tjrtlmet,P,1.0,1.0,15.0,,9.6,<0> ,89.0,<0> ,1018.0,<0> ,1.1,<0> ,1.8,<0> ,04:31,52.0,<0> ,13.0,<0> ,0.0,<0> ,0.0,<0> 
04/20/2023 05:00,6.20833333,tjrtlmet,P,1.0,1.0,15.0,,9.6,<0> ,89.0,<0> ,1018.0,<0> ,1.1,<0> ,1.7,<0> ,04:50,50.0,<0> ,11.0,<0> ,0.0,<0> ,0.0,<0> 
04/20/2023 05:15,6.21875,tjrtlmet,P,1.0,1.0,15.0,,9.6,<0> ,89.0,<0> ,1018.0,<0> ,1.0,<0> ,1.6,<0> ,05:01,49.0,<0> ,8.0,<0> ,4.7,<0> ,0.0,<0> 
04/20/2023 05:30,6.22916667,tjrtlmet,P,1.0,1.0,15.0,,9.5,<0> ,89.0,<0> ,1018.0,<0> ,1.1,<0> ,1.7,<0> ,05:16,41.0,<0> ,8.0,<0> ,22.4,<0> ,0.0,<0> 
04/20/2023 05:45,6.23958333,tjrtlmet,P,1.0,1.0,15.0,,9.4,<0> ,89.0,<0> ,1018.0,<0> ,1.1,<0> ,1.7,<0> ,05:41,41.0,<0> ,8.0,<0> ,54.7,<0> ,0.0,<0> 
04/20/2023 06:00,6.25,tjrtlmet,P,1.0,1.0,15.0,,9.5,<0> ,89.0,<0> ,1018.0,<0> ,1.2,<0> ,2.1,<0> ,05:49,38.0,<0> ,11.0,<0> ,132.4,<0> ,0.0,<0> 
04/20/2023 06:15,6.26041667,tjrtlmet,P,1.0,1.0,15.0,,10.2,<0> ,88.0,<0> ,1018.0,<0> ,1.3,<0> ,2.2,<0> ,06:09,43.0,<0> ,12.0,<0> ,216.4,<0> ,0.0,<0> 
04/20/2023 06:30,6.27083333,tjrtlmet,P,1.0,1.0,15.0,,10.9,<0> ,86.0,<0> ,1018.0,<0> ,1.2,<0> ,2.1,<0> ,06:22,43.0,<0> ,15.0,<0> ,307.7,<0> ,0.0,<0> 
04/20/2023 06:45,6.28125,tjrtlmet,P,1.0,1.0,15.0,,11.8,<0> ,84.0,<0> ,1018.0,<0> ,0.9,<0> ,1.7,<0> ,06:32,38.0,<0> ,15.0,<0> ,405.7,<0> ,0.0,<0> 
04/20/2023 07:00,6.29166667,tjrtlmet,P,1.0,1.0,15.0,,13.0,<0> ,79.0,<0> ,1018.0,<0> ,0.9,<0> ,1.8,<0> ,06:58,59.0,<0> ,24.0,<0> ,506.3,<0> ,0.0,<0> 
04/20/2023 07:15,6.30208333,tjrtlmet,P,1.0,1.0,15.0,,14.2,<0> ,74.0,<0> ,1018.0,<0> ,1.3,<0> ,2.6,<0> ,07:14,85.0,<0> ,21.0,<0> ,603.1,<0> ,0.0,<0> 
04/20/2023 07:30,6.3125,tjrtlmet,P,1.0,1.0,15.0,,15.1,<0> ,69.0,<0> ,1018.0,<0> ,1.4,<0> ,3.4,<0> ,07:16,80.0,<0> ,21.0,<0> ,700.8,<0> ,0.0,<0> 
04/20/2023 07:45,6.32291667,tjrtlmet,P,1.0,1.0,15.0,,16.1,<0> ,67.0,<0> ,1018.0,<0> ,0.9,<0> ,2.1,<0> ,07:32,71.0,<0> ,30.0,<0> ,793.2,<0> ,0.0,<0> 
04/20/2023 08:00,6.33333333,tjrtlmet,P,1.0,1.0,15.0,,16.8,<0> ,64.0,<0> ,1018.0,<0> ,0.9,<0> ,2.1,<0> ,07:52,37.0,<0> ,42.0,<0> ,894.0,<0> ,0.0,<0> 
04/20/2023 08:15,6.34375,tjrtlmet,P,1.0,1.0,15.0,,17.4,<0> ,65.0,<0> ,1019.0,<0> ,1.1,<0> ,3.0,<0> ,08:14,348.0,<0> ,39.0,<0> ,991.5,<0> ,0.0,<0> 
04/20/2023 08:30,6.35416667,tjrtlmet,P,1.0,1.0,15.0,,16.9,<0> ,69.0,<0> ,1019.0,<0> ,2.4,<0> ,4.0,<0> ,08:17,316.0,<0> ,16.0,<0> ,1082.2,<0> ,0.0,<0> 
04/20/2023 08:45,6.36458333,tjrtlmet,P,1.0,1.0,15.0,,16.7,<0> ,71.0,<0> ,1019.0,<0> ,2.5,<0> ,3.4,<0> ,08:36,313.0,<0> ,14.0,<0> ,1170.3,<0> ,0.0,<0> 
04/20/2023 09:00,6.375,tjrtlmet,P,1.0,1.0,15.0,,16.8,<0> ,70.0,<0> ,1019.0,<0> ,2.6,<0> ,4.4,<0> ,08:59,315.0,<0> ,17.0,<0> ,1254.0,<0> ,0.0,<0> 
04/20/2023 09:15,6.38541667,tjrtlmet,P,1.0,1.0,15.0,,16.4,<0> ,72.0,<0> ,1019.0,<0> ,3.3,<0> ,4.6,<0> ,09:09,302.0,<0> ,15.0,<0> ,1325.1,<0> ,0.0,<0> 
04/20/2023 09:30,6.39583333,tjrtlmet,P,1.0,1.0,15.0,,16.6,<0> ,73.0,<0> ,1019.0,<0> ,3.2,<0> ,4.8,<0> ,09:19,299.0,<0> ,16.0,<0> ,1395.8,<0> ,0.0,<0> 
04/20/2023 09:45,6.40625,tjrtlmet,P,1.0,1.0,15.0,,16.8,<0> ,74.0,<0> ,1019.0,<0> ,3.6,<0> ,5.4,<0> ,09:44,303.0,<0> ,16.0,<0> ,1462.6,<0> ,0.0,<0> 
04/20/2023 10:00,6.41666667,tjrtlmet,P,1.0,1.0,15.0,,16.9,<0> ,76.0,<0> ,1019.0,<0> ,3.7,<0> ,5.3,<0> ,09:55,304.0,<0> ,16.0,<0> ,1520.5,<0> ,0.0,<0> 
04/20/2023 10:15,6.42708333,tjrtlmet,P,1.0,1.0,15.0,,16.9,<0> ,77.0,<0> ,1019.0,<0> ,3.8,<0> ,5.7,<0> ,10:14,303.0,<0> ,14.0,<0> ,1571.7,<0> ,0.0,<0> 
04/20/2023 10:30,6.4375,tjrtlmet,P,1.0,1.0,15.0,,17.1,<0> ,78.0,<0> ,1020.0,<0> ,3.8,<0> ,5.5,<0> ,10:17,302.0,<0> ,14.0,<0> ,1616.0,<0> ,0.0,<0> 
04/20/2023 10:45,6.44791667,tjrtlmet,P,1.0,1.0,15.0,,17.2,<0> ,77.0,<0> ,1019.0,<0> ,3.9,<0> ,5.5,<0> ,10:37,301.0,<0> ,14.0,<0> ,1654.0,<0> ,0.0,<0> 
04/20/2023 11:00,6.45833333,tjrtlmet,P,1.0,1.0,15.0,,17.2,<0> ,76.0,<0> ,1019.0,<0> ,3.9,<0> ,5.3,<0> ,10:56,300.0,<0> ,14.0,<0> ,1683.7,<0> ,0.0,<0> 
04/20/2023 11:15,6.46875,tjrtlmet,P,1.0,1.0,15.0,,17.3,<0> ,76.0,<0> ,1019.0,<0> ,3.8,<0> ,5.4,<0> ,11:00,299.0,<0> ,13.0,<0> ,1706.6,<0> ,0.0,<0> 
04/20/2023 11:30,6.47916667,tjrtlmet,P,1.0,1.0,15.0,,17.8,<0> ,73.0,<0> ,1019.0,<0> ,3.2,<0> ,5.0,<0> ,11:29,297.0,<0> ,16.0,<0> ,1723.6,<0> ,0.0,<0> 
04/20/2023 11:45,6.48958333,tjrtlmet,P,1.0,1.0,15.0,,18.1,<0> ,71.0,<0> ,1019.0,<0> ,3.6,<0> ,5.1,<0> ,11:37,300.0,<0> ,14.0,<0> ,1729.0,<0> ,0.0,<0> 
04/20/2023 12:00,6.5,tjrtlmet,P,1.0,1.0,15.0,,18.4,<0> ,70.0,<0> ,1019.0,<0> ,3.7,<0> ,5.6,<0> ,11:46,301.0,<0> ,14.0,<0> ,1728.3,<0> ,0.0,<0> 
04/20/2023 12:15,6.51041667,tjrtlmet,P,1.0,1.0,15.0,,19.0,<0> ,68.0,<0> ,1019.0,<0> ,3.4,<0> ,4.8,<0> ,12:03,307.0,<0> ,16.0,<0> ,1722.7,<0> ,0.0,<0> 
04/20/2023 12:30,6.52083333,tjrtlmet,P,1.0,1.0,15.0,,19.7,<0> ,65.0,<0> ,1019.0,<0> ,2.6,<0> ,4.1,<0> ,12:26,303.0,<0> ,23.0,<0> ,1709.2,<0> ,0.0,<0> 
04/20/2023 12:45,6.53125,tjrtlmet,P,1.0,1.0,15.0,,19.5,<0> ,65.0,<0> ,1018.0,<0> ,2.6,<0> ,4.0,<0> ,12:37,291.0,<0> ,16.0,<0> ,1687.1,<0> ,0.0,<0> 
04/20/2023 13:00,6.54166667,tjrtlmet,P,1.0,1.0,15.0,,19.4,<0> ,64.0,<0> ,1018.0,<0> ,3.3,<0> ,5.1,<0> ,12:50,302.0,<0> ,14.0,<0> ,1655.4,<0> ,0.0,<0> 
04/20/2023 13:15,6.55208333,tjrtlmet,P,1.0,1.0,15.0,,19.2,<0> ,67.0,<0> ,1018.0,<0> ,3.1,<0> ,4.4,<0> ,13:14,292.0,<0> ,16.0,<0> ,1618.9,<0> ,0.0,<0> 
04/20/2023 13:30,6.5625,tjrtlmet,P,1.0,1.0,15.0,,18.8,<0> ,69.0,<0> ,1018.0,<0> ,3.6,<0> ,5.3,<0> ,13:27,291.0,<0> ,15.0,<0> ,1573.1,<0> ,0.0,<0> 
04/20/2023 13:45,6.57291667,tjrtlmet,P,1.0,1.0,15.0,,19.1,<0> ,63.0,<0> ,1018.0,<0> ,3.7,<0> ,5.4,<0> ,13:30,295.0,<0> ,16.0,<0> ,1521.9,<0> ,0.0,<0> 
04/20/2023 14:00,6.58333333,tjrtlmet,P,1.0,1.0,15.0,,18.8,<0> ,64.0,<0> ,1018.0,<0> ,3.8,<0> ,5.7,<0> ,13:54,288.0,<0> ,14.0,<0> ,1465.1,<0> ,0.0,<0> 
04/20/2023 14:15,6.59375,tjrtlmet,P,1.0,1.0,15.0,,18.8,<0> ,66.0,<0> ,1018.0,<0> ,3.7,<0> ,5.8,<0> ,14:05,288.0,<0> ,14.0,<0> ,1404.2,<0> ,0.0,<0> 
04/20/2023 14:30,6.60416667,tjrtlmet,P,1.0,1.0,15.0,,18.8,<0> ,65.0,<0> ,1018.0,<0> ,3.2,<0> ,5.4,<0> ,14:18,288.0,<0> ,16.0,<0> ,1338.7,<0> ,0.0,<0> 
04/20/2023 14:45,6.61458333,tjrtlmet,P,1.0,1.0,15.0,,18.7,<0> ,65.0,<0> ,1018.0,<0> ,3.0,<0> ,4.5,<0> ,14:38,283.0,<0> ,14.0,<0> ,1250.2,<0> ,0.0,<0> 
04/20/2023 15:00,6.625,tjrtlmet,P,1.0,1.0,15.0,,18.6,<0> ,66.0,<0> ,1018.0,<0> ,3.1,<0> ,5.0,<0> ,14:59,285.0,<0> ,17.0,<0> ,1188.6,<0> ,0.0,<0> 
04/20/2023 15:15,6.63541667,tjrtlmet,P,1.0,1.0,15.0,,18.2,<0> ,72.0,<0> ,1018.0,<0> ,3.3,<0> ,5.2,<0> ,15:13,281.0,<0> ,15.0,<0> ,1099.9,<0> ,0.0,<0> 
04/20/2023 15:30,6.64583333,tjrtlmet,P,1.0,1.0,15.0,,17.9,<0> ,75.0,<0> ,1018.0,<0> ,3.1,<0> ,4.7,<0> ,15:15,286.0,<0> ,15.0,<0> ,1003.0,<0> ,0.0,<0> 
04/20/2023 15:45,6.65625,tjrtlmet,P,1.0,1.0,15.0,,17.4,<0> ,78.0,<0> ,1018.0,<0> ,3.5,<0> ,5.2,<0> ,15:40,268.0,<0> ,12.0,<0> ,924.1,<0> ,0.0,<0> 
04/20/2023 16:00,6.66666667,tjrtlmet,P,1.0,1.0,15.0,,17.0,<0> ,80.0,<0> ,1018.0,<0> ,3.5,<0> ,4.8,<0> ,15:50,268.0,<0> ,12.0,<0> ,824.8,<0> ,0.0,<0> 
04/20/2023 16:15,6.67708333,tjrtlmet,P,1.0,1.0,15.0,,16.9,<0> ,81.0,<0> ,1018.0,<0> ,3.6,<0> ,5.3,<0> ,16:08,272.0,<0> ,12.0,<0> ,734.6,<0> ,0.0,<0> 
04/20/2023 16:30,6.6875,tjrtlmet,P,1.0,1.0,15.0,,16.8,<0> ,82.0,<0> ,1018.0,<0> ,3.4,<0> ,5.4,<0> ,16:20,277.0,<0> ,14.0,<0> ,642.8,<0> ,0.0,<0> 
04/20/2023 16:45,6.69791667,tjrtlmet,P,1.0,1.0,15.0,,16.8,<0> ,83.0,<0> ,1017.0,<0> ,3.3,<0> ,4.6,<0> ,16:31,281.0,<0> ,12.0,<0> ,545.3,<0> ,0.0,<0> 
04/20/2023 17:00,6.70833333,tjrtlmet,P,1.0,1.0,15.0,,16.6,<0> ,83.0,<0> ,1018.0,<0> ,3.1,<0> ,4.9,<0> ,16:52,285.0,<0> ,14.0,<0> ,454.2,<0> ,0.0,<0> 
04/20/2023 17:15,6.71875,tjrtlmet,P,1.0,1.0,15.0,,16.4,<0> ,82.0,<0> ,1018.0,<0> ,3.1,<0> ,4.8,<0> ,17:07,292.0,<0> ,14.0,<0> ,332.0,<0> ,0.0,<0> 
04/20/2023 17:30,6.72916667,tjrtlmet,P,1.0,1.0,15.0,,16.1,<0> ,83.0,<0> ,1018.0,<0> ,3.1,<0> ,4.9,<0> ,17:16,300.0,<0> ,13.0,<0> ,259.4,<0> ,0.0,<0> 
04/20/2023 17:45,6.73958333,tjrtlmet,P,1.0,1.0,15.0,,16.0,<0> ,83.0,<0> ,1018.0,<0> ,3.2,<0> ,4.8,<0> ,17:35,304.0,<0> ,13.0,<0> ,181.5,<0> ,0.0,<0> 
04/20/2023 18:00,6.75,tjrtlmet,P,1.0,1.0,15.0,,15.6,<0> ,84.0,<0> ,1018.0,<0> ,2.2,<0> ,3.2,<0> ,17:45,298.0,<0> ,14.0,<0> ,104.1,<0> ,0.0,<0> 
04/20/2023 18:15,6.76041667,tjrtlmet,P,1.0,1.0,15.0,,15.1,<0> ,86.0,<0> ,1018.0,<0> ,2.5,<0> ,4.2,<0> ,18:12,294.0,<0> ,15.0,<0> ,41.1,<0> ,0.0,<0> 
04/20/2023 18:30,6.77083333,tjrtlmet,P,1.0,1.0,15.0,,14.7,<0> ,88.0,<0> ,1018.0,<0> ,2.2,<0> ,3.7,<0> ,18:15,302.0,<0> ,16.0,<0> ,10.0,<0> ,0.0,<0> 
04/20/2023 18:45,6.78125,tjrtlmet,P,1.0,1.0,15.0,,14.5,<0> ,90.0,<0> ,1018.0,<0> ,2.1,<0> ,3.3,<0> ,18:41,307.0,<0> ,17.0,<0> ,0.6,<0> ,0.0,<0> 
04/20/2023 19:00,6.79166667,tjrtlmet,P,1.0,1.0,15.0,,14.4,<0> ,90.0,<0> ,1018.0,<0> ,1.5,<0> ,3.1,<0> ,18:47,313.0,<0> ,21.0,<0> ,0.0,<0> ,0.0,<0> 
04/20/2023 19:15,6.80208333,tjrtlmet,P,1.0,1.0,15.0,,14.1,<0> ,89.0,<0> ,1018.0,<0> ,0.4,<0> ,1.0,<0> ,19:08,106.0,<0> ,39.0,<0> ,0.0,<0> ,0.0,<0> 
04/20/2023 19:30,6.8125,tjrtlmet,P,1.0,1.0,15.0,,13.8,<0> ,87.0,<0> ,1018.0,<0> ,0.7,<0> ,1.3,<0> ,19:19,106.0,<0> ,60.0,<0> ,0.0,<0> ,0.0,<0> 
04/20/2023 19:45,6.82291667,tjrtlmet,P,1.0,1.0,15.0,,13.6,<0> ,88.0,<0> ,1018.0,<0> ,0.4,<0> ,0.9,<0> ,19:39,150.0,<0> ,14.0,<0> ,0.0,<0> ,0.0,<0> 
04/20/2023 20:00,6.83333333,tjrtlmet,P,1.0,1.0,15.0,,12.9,<0> ,88.0,<0> ,1019.0,<0> ,0.1,<0> ,0.7,<0> ,20:00,149.0,<0> ,9.0,<0> ,0.0,<0> ,0.0,<0> 
04/20/2023 20:15,6.84375,tjrtlmet,P,1.0,1.0,15.0,,12.6,<0> ,91.0,<0> ,1019.0,<0> ,0.7,<0> ,1.2,<0> ,20:02,133.0,<0> ,25.0,<0> ,0.0,<0> ,0.0,<0> 
04/20/2023 20:30,6.85416667,tjrtlmet,P,1.0,1.0,15.0,,12.8,<0> ,93.0,<0> ,1019.0,<0> ,0.4,<0> ,1.1,<0> ,20:21,113.0,<0> ,7.0,<0> ,0.0,<0> ,0.0,<0> 
04/20/2023 20:45,6.86458333,tjrtlmet,P,1.0,1.0,15.0,,13.0,<0> ,93.0,<0> ,1019.0,<0> ,0.1,<0> ,0.6,<0> ,20:35,104.0,<0> ,7.0,<0> ,0.0,<0> ,0.0,<0> 
04/20/2023 21:00,6.875,tjrtlmet,P,1.0,1.0,15.0,,12.7,<0> ,93.0,<0> ,1019.0,<0> ,0.1,<0> ,0.4,<0> ,20:45,94.0,<0> ,0.0,<0> ,0.0,<0> ,0.0,<0> 
04/20/2023 21:15,6.88541667,tjrtlmet,P,1.0,1.0,15.0,,12.3,<0> ,93.0,<0> ,1019.0,<0> ,0.1,<0> ,0.6,<0> ,21:09,94.0,<0> ,0.0,<0> ,0.0,<0> ,0.0,<0> 
04/20/2023 21:30,6.89583333,tjrtlmet,P,1.0,1.0,15.0,,11.9,<0> ,93.0,<0> ,1019.0,<0> ,0.0,<0> ,0.5,<0> ,21:15,94.0,<0> ,0.0,<0> ,0.0,<0> ,0.0,<0> 
04/20/2023 21:45,6.90625,tjrtlmet,P,1.0,1.0,15.0,,11.5,<0> ,94.0,<0> ,1019.0,<0> ,0.2,<0> ,0.7,<0> ,21:35,319.0,<0> ,39.0,<0> ,0.0,<0> ,0.0,<0> 
04/20/2023 22:00,6.91666667,tjrtlmet,P,1.0,1.0,15.0,,11.8,<0> ,95.0,<0> ,1019.0,<0> ,0.2,<0> ,0.6,<0> ,21:56,342.0,<0> ,19.0,<0> ,0.0,<0> ,0.0,<0> 
04/20/2023 22:15,6.92708333,tjrtlmet,P,1.0,1.0,15.0,,12.1,<0> ,94.0,<0> ,1019.0,<0> ,0.1,<0> ,0.6,<0> ,22:11,323.0,<0> ,0.0,<0> ,0.0,<0> ,0.0,<0> 
04/20/2023 22:30,6.9375,tjrtlmet,P,1.0,1.0,15.0,,12.0,<0> ,93.0,<0> ,1019.0,<0> ,0.3,<0> ,1.0,<0> ,22:27,355.0,<0> ,51.0,<0> ,0.0,<0> ,0.0,<0> 
04/20/2023 22:45,6.94791667,tjrtlmet,P,1.0,1.0,15.0,,12.0,<0> ,92.0,<0> ,1019.0,<0> ,0.4,<0> ,0.9,<0> ,22:37,35.0,<0> ,39.0,<0> ,0.0,<0> ,0.0,<0> 
04/20/2023 23:00,6.95833333,tjrtlmet,P,1.0,1.0,15.0,,12.5,<0> ,90.0,<0> ,1019.0,<0> ,0.6,<0> ,1.1,<0> ,22:56,57.0,<0> ,10.0,<0> ,0.0,<0> ,0.0,<0> 
04/20/2023 23:15,6.96875,tjrtlmet,P,1.0,1.0,15.0,,13.2,<0> ,84.0,<0> ,1019.0,<0> ,0.5,<0> ,0.9,<0> ,23:04,56.0,<0> ,14.0,<0> ,0.0,<0> ,0.0,<0> 
04/20/2023 23:30,6.97916667,tjrtlmet,P,1.0,1.0,15.0,,12.8,<0> ,85.0,<0> ,1019.0,<0> ,0.5,<0> ,1.0,<0> ,23:28,41.0,<0> ,9.0,<0> ,0.0,<0> ,0.0,<0> 
04/20/2023 23:45,6.98958333,tjrtlmet,P,1.0,1.0,15.0,,13.2,<0> ,82.0,<0> ,1019.0,<0> ,1.0,<0> ,1.3,<0> ,23:36,51.0,<0> ,9.0,<0> ,0.0,<0> ,0.0,<0> 
04/21/2023 00:00,7.0,tjrtlmet,P,1.0,1.0,15.0,,13.6,<0> ,80.0,<0> ,1019.0,<0> ,1.2,<0> ,1.9,<0> ,23:46,65.0,<0> ,14.0,<0> ,0.0,<0> ,0.0,<0> 
04/21/2023 00:15,7.01041667,tjrtlmet,P,1.0,1.0,15.0,,13.9,<0> ,77.0,<0> ,1019.0,<0> ,1.0,<0> ,1.6,<0> ,00:01,39.0,<0> ,18.0,<0> ,0.0,<0> ,0.0,<0> 
04/21/2023 00:30,7.02083333,tjrtlmet,P,1.0,1.0,15.0,,12.6,<0> ,79.0,<0> ,1019.0,<0> ,1.2,<0> ,2.6,<0> ,00:24,22.0,<0> ,19.0,<0> ,0.0,<0> ,0.0,<0> 
04/21/2023 00:45,7.03125,tjrtlmet,P,1.0,1.0,15.0,,12.5,<0> ,76.0,<0> ,1019.0,<0> ,1.3,<0> ,1.9,<0> ,00:41,38.0,<0> ,10.0,<0> ,0.0,<0> ,0.0,<0> 
04/21/2023 01:00,7.04166667,tjrtlmet,P,1.0,1.0,15.0,,12.5,<0> ,76.0,<0> ,1018.0,<0> ,1.7,<0> ,2.4,<0> ,00:46,34.0,<0> ,10.0,<0> ,0.0,<0> ,0.0,<0> 
04/21/2023 01:15,7.05208333,tjrtlmet,P,1.0,1.0,15.0,,12.9,<0> ,75.0,<0> ,1018.0,<0> ,1.6,<0> ,3.0,<0> ,01:13,35.0,<0> ,14.0,<0> ,0.0,<0> ,0.0,<0> 
04/21/2023 01:30,7.0625,tjrtlmet,P,1.0,1.0,15.0,,13.1,<0> ,74.0,<0> ,1018.0,<0> ,1.5,<0> ,2.3,<0> ,01:16,42.0,<0> ,14.0,<0> ,0.0,<0> ,0.0,<0> 
04/21/2023 01:45,7.07291667,tjrtlmet,P,1.0,1.0,15.0,,13.0,<0> ,73.0,<0> ,1018.0,<0> ,1.5,<0> ,2.5,<0> ,01:41,43.0,<0> ,14.0,<0> ,0.0,<0> ,0.0,<0> 
04/21/2023 02:00,7.08333333,tjrtlmet,P,1.0,1.0,15.0,,12.6,<0> ,74.0,<0> ,1018.0,<0> ,1.6,<0> ,2.7,<0> ,01:48,32.0,<0> ,13.0,<0> ,0.0,<0> ,0.0,<0> 
04/21/2023 02:15,7.09375,tjrtlmet,P,1.0,1.0,15.0,,12.4,<0> ,74.0,<0> ,1018.0,<0> ,1.4,<0> ,2.5,<0> ,02:02,33.0,<0> ,14.0,<0> ,0.0,<0> ,0.0,<0> 
04/21/2023 02:30,7.10416667,tjrtlmet,P,1.0,1.0,15.0,,12.5,<0> ,75.0,<0> ,1018.0,<0> ,1.3,<0> ,2.1,<0> ,02:27,38.0,<0> ,14.0,<0> ,0.0,<0> ,0.0,<0> 
04/21/2023 02:45,7.11458333,tjrtlmet,P,1.0,1.0,15.0,,12.9,<0> ,71.0,<0> ,1018.0,<0> ,1.2,<0> ,2.0,<0> ,02:31,45.0,<0> ,13.0,<0> ,0.0,<0> ,0.0,<0> 
04/21/2023 03:00,7.125,tjrtlmet,P,1.0,1.0,15.0,,12.9,<0> ,69.0,<0> ,1018.0,<0> ,1.4,<0> ,2.0,<0> ,02:55,37.0,<0> ,10.0,<0> ,0.0,<0> ,0.0,<0> 
04/21/2023 03:15,7.13541667,tjrtlmet,P,1.0,1.0,15.0,,12.4,<0> ,71.0,<0> ,1018.0,<0> ,1.7,<0> ,2.4,<0> ,03:11,29.0,<0> ,10.0,<0> ,0.0,<0> ,0.0,<0> 
04/21/2023 03:30,7.14583333,tjrtlmet,P,1.0,1.0,15.0,,12.1,<0> ,73.0,<0> ,1018.0,<0> ,1.9,<0> ,2.6,<0> ,03:28,32.0,<0> ,10.0,<0> ,0.0,<0> ,0.0,<0> 
04/21/2023 03:45,7.15625,tjrtlmet,P,1.0,1.0,15.0,,12.4,<0> ,72.0,<0> ,1018.0,<0> ,1.9,<0> ,3.2,<0> ,03:38,29.0,<0> ,11.0,<0> ,0.0,<0> ,0.0,<0> 
04/21/2023 04:00,7.16666667,tjrtlmet,P,1.0,1.0,15.0,,12.7,<0> ,71.0,<0> ,1018.0,<0> ,1.6,<0> ,2.4,<0> ,03:51,29.0,<0> ,13.0,<0> ,0.0,<0> ,0.0,<0> 
04/21/2023 04:15,7.17708333,tjrtlmet,P,1.0,1.0,15.0,,12.9,<0> ,67.0,<0> ,1018.0,<0> ,1.5,<0> ,2.1,<0> ,04:04,34.0,<0> ,9.0,<0> ,0.0,<0> ,0.0,<0> 
04/21/2023 04:30,7.1875,tjrtlmet,P,1.0,1.0,15.0,,12.8,<0> ,66.0,<0> ,1018.0,<0> ,1.3,<0> ,2.3,<0> ,04:18,43.0,<0> ,11.0,<0> ,0.0,<0> ,0.0,<0> 
04/21/2023 04:45,7.19791667,tjrtlmet,P,1.0,1.0,15.0,,12.4,<0> ,68.0,<0> ,1018.0,<0> ,1.4,<0> ,2.0,<0> ,04:34,48.0,<0> ,10.0,<0> ,0.0,<0> ,0.0,<0> 
04/21/2023 05:00,7.20833333,tjrtlmet,P,1.0,1.0,15.0,,12.0,<0> ,68.0,<0> ,1018.0,<0> ,1.4,<0> ,2.0,<0> ,04:51,44.0,<0> ,8.0,<0> ,0.1,<0> ,0.0,<0> 
04/21/2023 05:15,7.21875,tjrtlmet,P,1.0,1.0,15.0,,11.6,<0> ,69.0,<0> ,1018.0,<0> ,1.4,<0> ,1.9,<0> ,05:13,38.0,<0> ,7.0,<0> ,5.8,<0> ,0.0,<0> 
04/21/2023 05:30,7.22916667,tjrtlmet,P,1.0,1.0,15.0,,11.7,<0> ,69.0,<0> ,1018.0,<0> ,1.5,<0> ,2.2,<0> ,05:29,37.0,<0> ,9.0,<0> ,24.8,<0> ,0.0,<0> 
04/21/2023 05:45,7.23958333,tjrtlmet,P,1.0,1.0,15.0,,11.4,<0> ,70.0,<0> ,1018.0,<0> ,1.5,<0> ,2.1,<0> ,05:37,34.0,<0> ,10.0,<0> ,54.5,<0> ,0.0,<0> 
04/21/2023 06:00,7.25,tjrtlmet,P,1.0,1.0,15.0,,12.1,<0> ,67.0,<0> ,1019.0,<0> ,1.8,<0> ,2.6,<0> ,05:46,32.0,<0> ,11.0,<0> ,146.4,<0> ,0.0,<0> 
04/21/2023 06:15,7.26041667,tjrtlmet,P,1.0,1.0,15.0,,12.8,<0> ,63.0,<0> ,1019.0,<0> ,1.6,<0> ,2.9,<0> ,06:00,39.0,<0> ,15.0,<0> ,242.7,<0> ,0.0,<0> 
04/21/2023 06:30,7.27083333,tjrtlmet,P,1.0,1.0,15.0,,14.0,<0> ,59.0,<0> ,1019.0,<0> ,1.5,<0> ,2.5,<0> ,06:24,44.0,<0> ,16.0,<0> ,335.7,<0> ,0.0,<0> 
04/21/2023 06:45,7.28125,tjrtlmet,P,1.0,1.0,15.0,,14.9,<0> ,57.0,<0> ,1019.0,<0> ,1.3,<0> ,2.3,<0> ,06:30,36.0,<0> ,15.0,<0> ,431.8,<0> ,0.0,<0> 
04/21/2023 07:00,7.29166667,tjrtlmet,P,1.0,1.0,15.0,,16.1,<0> ,53.0,<0> ,1019.0,<0> ,1.3,<0> ,2.2,<0> ,06:45,39.0,<0> ,16.0,<0> ,530.1,<0> ,0.0,<0> 
04/21/2023 07:15,7.30208333,tjrtlmet,P,1.0,1.0,15.0,,17.3,<0> ,52.0,<0> ,1019.0,<0> ,1.3,<0> ,2.8,<0> ,07:01,27.0,<0> ,22.0,<0> ,630.6,<0> ,0.0,<0> 
04/21/2023 07:30,7.3125,tjrtlmet,P,1.0,1.0,15.0,,18.5,<0> ,48.0,<0> ,1019.0,<0> ,1.2,<0> ,2.1,<0> ,07:30,32.0,<0> ,17.0,<0> ,730.4,<0> ,0.0,<0> 
04/21/2023 07:45,7.32291667,tjrtlmet,P,1.0,1.0,15.0,,19.7,<0> ,44.0,<0> ,1019.0,<0> ,1.0,<0> ,2.0,<0> ,07:45,36.0,<0> ,23.0,<0> ,826.7,<0> ,0.0,<0> 
04/21/2023 08:00,7.33333333,tjrtlmet,P,1.0,1.0,15.0,,20.9,<0> ,41.0,<0> ,1019.0,<0> ,1.3,<0> ,2.5,<0> ,07:53,22.0,<0> ,21.0,<0> ,921.9,<0> ,0.0,<0> 
04/21/2023 08:15,7.34375,tjrtlmet,P,1.0,1.0,15.0,,21.4,<0> ,41.0,<0> ,1019.0,<0> ,0.9,<0> ,2.3,<0> ,08:00,354.0,<0> ,34.0,<0> ,1016.6,<0> ,0.0,<0> 
04/21/2023 08:30,7.35416667,tjrtlmet,P,1.0,1.0,15.0,,22.0,<0> ,39.0,<0> ,1019.0,<0> ,1.1,<0> ,2.5,<0> ,08:21,21.0,<0> ,30.0,<0> ,1109.1,<0> ,0.0,<0> 
04/21/2023 08:45,7.36458333,tjrtlmet,P,1.0,1.0,15.0,,22.8,<0> ,37.0,<0> ,1019.0,<0> ,1.2,<0> ,2.6,<0> ,08:41,13.0,<0> ,29.0,<0> ,1193.2,<0> ,0.0,<0> 
04/21/2023 09:00,7.375,tjrtlmet,P,1.0,1.0,15.0,,23.4,<0> ,41.0,<0> ,1018.0,<0> ,1.6,<0> ,2.9,<0> ,08:56,325.0,<0> ,31.0,<0> ,1274.0,<0> ,0.0,<0> 
04/21/2023 09:15,7.38541667,tjrtlmet,P,1.0,1.0,15.0,,22.3,<0> ,46.0,<0> ,1018.0,<0> ,2.1,<0> ,3.5,<0> ,09:12,308.0,<0> ,16.0,<0> ,1346.2,<0> ,0.0,<0> 
04/21/2023 09:30,7.39583333,tjrtlmet,P,1.0,1.0,15.0,,20.9,<0> ,52.0,<0> ,1019.0,<0> ,2.5,<0> ,3.9,<0> ,09:22,310.0,<0> ,15.0,<0> ,1413.2,<0> ,0.0,<0> 
04/21/2023 09:45,7.40625,tjrtlmet,P,1.0,1.0,15.0,,20.9,<0> ,55.0,<0> ,1018.0,<0> ,2.2,<0> ,3.4,<0> ,09:31,293.0,<0> ,15.0,<0> ,1478.5,<0> ,0.0,<0> 
04/21/2023 10:00,7.41666667,tjrtlmet,P,1.0,1.0,15.0,,20.7,<0> ,59.0,<0> ,1018.0,<0> ,2.3,<0> ,3.3,<0> ,09:52,290.0,<0> ,14.0,<0> ,1536.7,<0> ,0.0,<0> 
04/21/2023 10:15,7.42708333,tjrtlmet,P,1.0,1.0,15.0,,20.8,<0> ,63.0,<0> ,1018.0,<0> ,2.5,<0> ,4.1,<0> ,10:13,295.0,<0> ,15.0,<0> ,1587.7,<0> ,0.0,<0> 
04/21/2023 10:30,7.4375,tjrtlmet,P,1.0,1.0,15.0,,20.2,<0> ,63.0,<0> ,1018.0,<0> ,3.1,<0> ,4.4,<0> ,10:21,299.0,<0> ,13.0,<0> ,1631.1,<0> ,0.0,<0> 
04/21/2023 10:45,7.44791667,tjrtlmet,P,1.0,1.0,15.0,,20.0,<0> ,59.0,<0> ,1018.0,<0> ,3.7,<0> ,5.3,<0> ,10:38,300.0,<0> ,12.0,<0> ,1667.8,<0> ,0.0,<0> 
04/21/2023 11:00,7.45833333,tjrtlmet,P,1.0,1.0,15.0,,20.2,<0> ,60.0,<0> ,1018.0,<0> ,3.6,<0> ,5.2,<0> ,10:51,299.0,<0> ,13.0,<0> ,1700.1,<0> ,0.0,<0> 
04/21/2023 11:15,7.46875,tjrtlmet,P,1.0,1.0,15.0,,20.5,<0> ,60.0,<0> ,1018.0,<0> ,3.7,<0> ,6.1,<0> ,11:13,298.0,<0> ,14.0,<0> ,1724.0,<0> ,0.0,<0> 
04/21/2023 11:30,7.47916667,tjrtlmet,P,1.0,1.0,15.0,,20.5,<0> ,59.0,<0> ,1018.0,<0> ,3.6,<0> ,5.2,<0> ,11:24,297.0,<0> ,15.0,<0> ,1739.3,<0> ,0.0,<0> 
04/21/2023 11:45,7.48958333,tjrtlmet,P,1.0,1.0,15.0,,21.2,<0> ,53.0,<0> ,1017.0,<0> ,3.8,<0> ,5.2,<0> ,11:39,299.0,<0> ,14.0,<0> ,1748.7,<0> ,0.0,<0> 
04/21/2023 12:00,7.5,tjrtlmet,P,1.0,1.0,15.0,,20.8,<0> ,54.0,<0> ,1017.0,<0> ,4.2,<0> ,6.3,<0> ,11:55,299.0,<0> ,15.0,<0> ,1747.4,<0> ,0.0,<0> 
04/21/2023 12:15,7.51041667,tjrtlmet,P,1.0,1.0,15.0,,20.9,<0> ,55.0,<0> ,1017.0,<0> ,3.9,<0> ,5.7,<0> ,12:11,306.0,<0> ,15.0,<0> ,1738.5,<0> ,0.0,<0> 
04/21/2023 12:30,7.52083333,tjrtlmet,P,1.0,1.0,15.0,,21.3,<0> ,56.0,<0> ,1017.0,<0> ,3.7,<0> ,5.6,<0> ,12:29,306.0,<0> ,18.0,<0> ,1724.5,<0> ,0.0,<0> 
04/21/2023 12:45,7.53125,tjrtlmet,P,1.0,1.0,15.0,,21.0,<0> ,59.0,<0> ,1017.0,<0> ,4.2,<0> ,6.7,<0> ,12:36,311.0,<0> ,15.0,<0> ,1700.1,<0> ,0.0,<0> 
04/21/2023 13:00,7.54166667,tjrtlmet,P,1.0,1.0,15.0,,21.0,<0> ,59.0,<0> ,1016.0,<0> ,3.6,<0> ,6.1,<0> ,12:51,311.0,<0> ,21.0,<0> ,1669.0,<0> ,0.0,<0> 
04/21/2023 13:15,7.55208333,tjrtlmet,P,1.0,1.0,15.0,,21.0,<0> ,58.0,<0> ,1016.0,<0> ,3.7,<0> ,5.7,<0> ,13:02,305.0,<0> ,15.0,<0> ,1632.2,<0> ,0.0,<0> 
04/21/2023 13:30,7.5625,tjrtlmet,P,1.0,1.0,15.0,,21.2,<0> ,58.0,<0> ,1016.0,<0> ,3.5,<0> ,5.4,<0> ,13:24,304.0,<0> ,19.0,<0> ,1587.6,<0> ,0.0,<0> 
04/21/2023 13:45,7.57291667,tjrtlmet,P,1.0,1.0,15.0,,21.6,<0> ,54.0,<0> ,1016.0,<0> ,3.7,<0> ,5.8,<0> ,13:32,307.0,<0> ,17.0,<0> ,1537.7,<0> ,0.0,<0> 
04/21/2023 14:00,7.58333333,tjrtlmet,P,1.0,1.0,15.0,,21.4,<0> ,54.0,<0> ,1016.0,<0> ,4.0,<0> ,5.8,<0> ,13:55,300.0,<0> ,15.0,<0> ,1480.1,<0> ,0.0,<0> 
04/21/2023 14:15,7.59375,tjrtlmet,P,1.0,1.0,15.0,,21.1,<0> ,56.0,<0> ,1015.0,<0> ,3.7,<0> ,5.5,<0> ,14:00,302.0,<0> ,17.0,<0> ,1416.2,<0> ,0.0,<0> 
04/21/2023 14:30,7.60416667,tjrtlmet,P,1.0,1.0,15.0,,21.3,<0> ,55.0,<0> ,1015.0,<0> ,3.7,<0> ,6.0,<0> ,14:20,303.0,<0> ,16.0,<0> ,1348.0,<0> ,0.0,<0> 
04/21/2023 14:45,7.61458333,tjrtlmet,P,1.0,1.0,15.0,,21.4,<0> ,55.0,<0> ,1015.0,<0> ,3.2,<0> ,5.4,<0> ,14:43,299.0,<0> ,16.0,<0> ,1275.0,<0> ,0.0,<0> 
04/21/2023 15:00,7.625,tjrtlmet,P,1.0,1.0,15.0,,20.5,<0> ,60.0,<0> ,1015.0,<0> ,3.1,<0> ,4.9,<0> ,14:48,280.0,<0> ,17.0,<0> ,1195.8,<0> ,0.0,<0> 
04/21/2023 15:15,7.63541667,tjrtlmet,P,1.0,1.0,15.0,,19.4,<0> ,68.0,<0> ,1015.0,<0> ,2.3,<0> ,3.8,<0> ,15:01,260.0,<0> ,18.0,<0> ,1113.4,<0> ,0.0,<0> 
04/21/2023 15:30,7.64583333,tjrtlmet,P,1.0,1.0,15.0,,19.5,<0> ,69.0,<0> ,1015.0,<0> ,2.8,<0> ,4.2,<0> ,15:26,258.0,<0> ,17.0,<0> ,1026.8,<0> ,0.0,<0> 
04/21/2023 15:45,7.65625,tjrtlmet,P,1.0,1.0,15.0,,19.4,<0> ,70.0,<0> ,1015.0,<0> ,2.7,<0> ,4.1,<0> ,15:43,272.0,<0> ,15.0,<0> ,935.9,<0> ,0.0,<0> 
04/21/2023 16:00,7.66666667,tjrtlmet,P,1.0,1.0,15.0,,19.0,<0> ,73.0,<0> ,1015.0,<0> ,2.5,<0> ,3.8,<0> ,15:52,271.0,<0> ,14.0,<0> ,844.3,<0> ,0.0,<0> 
04/21/2023 16:15,7.67708333,tjrtlmet,P,1.0,1.0,15.0,,18.9,<0> ,72.0,<0> ,1015.0,<0> ,2.3,<0> ,3.6,<0> ,16:00,272.0,<0> ,14.0,<0> ,752.1,<0> ,0.0,<0> 
04/21/2023 16:30,7.6875,tjrtlmet,P,1.0,1.0,15.0,,18.9,<0> ,72.0,<0> ,1015.0,<0> ,2.1,<0> ,3.3,<0> ,16:29,263.0,<0> ,14.0,<0> ,656.3,<0> ,0.0,<0> 
04/21/2023 16:45,7.69791667,tjrtlmet,P,1.0,1.0,15.0,,18.6,<0> ,74.0,<0> ,1015.0,<0> ,2.6,<0> ,3.6,<0> ,16:43,268.0,<0> ,13.0,<0> ,560.1,<0> ,0.0,<0> 
04/21/2023 17:00,7.70833333,tjrtlmet,P,1.0,1.0,15.0,,18.5,<0> ,74.0,<0> ,1015.0,<0> ,2.2,<0> ,3.5,<0> ,16:47,261.0,<0> ,16.0,<0> ,464.0,<0> ,0.0,<0> 
04/21/2023 17:15,7.71875,tjrtlmet,P,1.0,1.0,15.0,,18.4,<0> ,74.0,<0> ,1014.0,<0> ,1.6,<0> ,3.0,<0> ,17:01,266.0,<0> ,17.0,<0> ,369.1,<0> ,0.0,<0> 
04/21/2023 17:30,7.72916667,tjrtlmet,P,1.0,1.0,15.0,,18.3,<0> ,74.0,<0> ,1014.0,<0> ,1.9,<0> ,2.8,<0> ,17:23,267.0,<0> ,13.0,<0> ,277.0,<0> ,0.0,<0> 
04/21/2023 17:45,7.73958333,tjrtlmet,P,1.0,1.0,15.0,,17.8,<0> ,75.0,<0> ,1014.0,<0> ,2.1,<0> ,3.2,<0> ,17:35,261.0,<0> ,11.0,<0> ,191.2,<0> ,0.0,<0> 
04/21/2023 18:00,7.75,tjrtlmet,P,1.0,1.0,15.0,,17.3,<0> ,77.0,<0> ,1014.0,<0> ,1.8,<0> ,2.7,<0> ,17:53,275.0,<0> ,10.0,<0> ,110.0,<0> ,0.0,<0> 
04/21/2023 18:15,7.76041667,tjrtlmet,P,1.0,1.0,15.0,,16.7,<0> ,79.0,<0> ,1014.0,<0> ,1.8,<0> ,2.5,<0> ,18:14,266.0,<0> ,12.0,<0> ,44.9,<0> ,0.0,<0> 
04/21/2023 18:30,7.77083333,tjrtlmet,P,1.0,1.0,15.0,,16.1,<0> ,82.0,<0> ,1015.0,<0> ,1.5,<0> ,2.6,<0> ,18:29,284.0,<0> ,17.0,<0> ,10.9,<0> ,0.0,<0> 
04/21/2023 18:45,7.78125,tjrtlmet,P,1.0,1.0,15.0,,15.8,<0> ,84.0,<0> ,1015.0,<0> ,1.6,<0> ,2.7,<0> ,18:42,286.0,<0> ,14.0,<0> ,0.9,<0> ,0.0,<0> 
04/21/2023 19:00,7.79166667,tjrtlmet,P,1.0,1.0,15.0,,15.5,<0> ,85.0,<0> ,1015.0,<0> ,1.8,<0> ,2.7,<0> ,18:57,293.0,<0> ,10.0,<0> ,0.0,<0> ,0.0,<0> 
04/21/2023 19:15,7.80208333,tjrtlmet,P,1.0,1.0,15.0,,15.1,<0> ,88.0,<0> ,1015.0,<0> ,1.4,<0> ,2.4,<0> ,19:01,288.0,<0> ,14.0,<0> ,0.0,<0> ,0.0,<0> 
04/21/2023 19:30,7.8125,tjrtlmet,P,1.0,1.0,15.0,,14.7,<0> ,88.0,<0> ,1015.0,<0> ,0.6,<0> ,1.8,<0> ,19:25,136.0,<0> ,41.0,<0> ,0.0,<0> ,0.0,<0> 
04/21/2023 19:45,7.82291667,tjrtlmet,P,1.0,1.0,15.0,,14.8,<0> ,85.0,<0> ,1015.0,<0> ,0.4,<0> ,0.9,<0> ,19:44,125.0,<0> ,34.0,<0> ,0.0,<0> ,0.0,<0> 
04/21/2023 20:00,7.83333333,tjrtlmet,P,1.0,1.0,15.0,,14.7,<0> ,85.0,<0> ,1015.0,<0> ,0.3,<0> ,1.1,<0> ,19:46,152.0,<0> ,29.0,<0> ,0.0,<0> ,0.0,<0> 
04/21/2023 20:15,7.84375,tjrtlmet,P,1.0,1.0,15.0,,14.2,<0> ,87.0,<0> ,1015.0,<0> ,0.6,<0> ,0.9,<0> ,20:04,148.0,<0> ,28.0,<0> ,0.0,<0> ,0.0,<0> 
04/21/2023 20:30,7.85416667,tjrtlmet,P,1.0,1.0,15.0,,13.8,<0> ,88.0,<0> ,1015.0,<0> ,0.3,<0> ,0.8,<0> ,20:23,122.0,<0> ,7.0,<0> ,0.0,<0> ,0.0,<0> 
04/21/2023 20:45,7.86458333,tjrtlmet,P,1.0,1.0,15.0,,14.0,<0> ,89.0,<0> ,1015.0,<0> ,0.6,<0> ,1.0,<0> ,20:31,144.0,<0> ,17.0,<0> ,0.0,<0> ,0.0,<0> 
04/21/2023 21:00,7.875,tjrtlmet,P,1.0,1.0,15.0,,13.9,<0> ,90.0,<0> ,1015.0,<0> ,0.1,<0> ,0.4,<0> ,20:45,163.0,<0> ,0.0,<0> ,0.0,<0> ,0.0,<0> 
04/21/2023 21:15,7.88541667,tjrtlmet,P,1.0,1.0,15.0,,13.6,<0> ,91.0,<0> ,1015.0,<0> ,0.1,<0> ,0.5,<0> ,21:08,249.0,<0> ,49.0,<0> ,0.0,<0> ,0.0,<0> 
04/21/2023 21:30,7.89583333,tjrtlmet,P,1.0,1.0,15.0,,13.7,<0> ,91.0,<0> ,1015.0,<0> ,0.1,<0> ,1.1,<0> ,21:29,158.0,<0> ,15.0,<0> ,0.0,<0> ,0.0,<0> 
04/21/2023 21:45,7.90625,tjrtlmet,P,1.0,1.0,15.0,,13.1,<0> ,92.0,<0> ,1015.0,<0> ,1.0,<0> ,1.4,<0> ,21:33,126.0,<0> ,8.0,<0> ,0.0,<0> ,0.0,<0> 
04/21/2023 22:00,7.91666667,tjrtlmet,P,1.0,1.0,15.0,,12.5,<0> ,93.0,<0> ,1015.0,<0> ,0.6,<0> ,1.2,<0> ,21:46,144.0,<0> ,8.0,<0> ,0.0,<0> ,0.0,<0> 
04/21/2023 22:15,7.92708333,tjrtlmet,P,1.0,1.0,15.0,,12.0,<0> ,92.0,<0> ,1015.0,<0> ,0.4,<0> ,0.9,<0> ,22:15,179.0,<0> ,10.0,<0> ,0.0,<0> ,0.0,<0> 
04/21/2023 22:30,7.9375,tjrtlmet,P,1.0,1.0,15.0,,12.0,<0> ,92.0,<0> ,1015.0,<0> ,0.7,<0> ,1.1,<0> ,22:29,170.0,<0> ,13.0,<0> ,0.0,<0> ,0.0,<0> 
04/21/2023 22:45,7.94791667,tjrtlmet,P,1.0,1.0,15.0,,12.6,<0> ,93.0,<0> ,1015.0,<0> ,1.1,<0> ,2.1,<0> ,22:41,170.0,<0> ,8.0,<0> ,0.0,<0> ,0.0,<0> 
04/21/2023 23:00,7.95833333,tjrtlmet,P,1.0,1.0,15.0,,13.2,<0> ,94.0,<0> ,1014.0,<0> ,1.2,<0> ,2.0,<0> ,22:49,173.0,<0> ,12.0,<0> ,0.0,<0> ,0.0,<0> 
04/21/2023 23:15,7.96875,tjrtlmet,P,1.0,1.0,15.0,,13.3,<0> ,95.0,<0> ,1014.0,<0> ,1.2,<0> ,1.7,<0> ,23:08,182.0,<0> ,10.0,<0> ,0.0,<0> ,0.0,<0> 
04/21/2023 23:30,7.97916667,tjrtlmet,P,1.0,1.0,15.0,,13.1,<0> ,95.0,<0> ,1014.0,<0> ,0.8,<0> ,1.4,<0> ,23:15,162.0,<0> ,23.0,<0> ,0.0,<0> ,0.0,<0> 
04/21/2023 23:45,7.98958333,tjrtlmet,P,1.0,1.0,15.0,,12.7,<0> ,94.0,<0> ,1014.0,<0> ,0.8,<0> ,1.2,<0> ,23:37,118.0,<0> ,12.0,<0> ,0.0,<0> ,0.0,<0> 
04/22/2023 00:00,8.0,tjrtlmet,P,1.0,1.0,15.0,,12.3,<0> ,93.0,<0> ,1014.0,<0> ,0.3,<0> ,0.7,<0> ,23:48,141.0,<0> ,8.0,<0> ,0.0,<0> ,0.0,<0> 
04/22/2023 00:15,8.01041667,tjrtlmet,P,1.0,1.0,15.0,,11.3,<0> ,92.0,<0> ,1014.0,<0> ,0.0,<0> ,0.3,<0> ,00:01,148.0,<0> ,0.0,<0> ,0.0,<0> ,0.0,<0> 
04/22/2023 00:30,8.02083333,tjrtlmet,P,1.0,1.0,15.0,,10.9,<0> ,92.0,<0> ,1013.0,<0> ,0.0,<0> ,0.4,<0> ,00:23,148.0,<0> ,0.0,<0> ,0.0,<0> ,0.0,<0> 
04/22/2023 00:45,8.03125,tjrtlmet,P,1.0,1.0,15.0,,11.0,<0> ,93.0,<0> ,1013.0,<0> ,0.0,<0> ,0.0,<0> ,00:30,0.0,<0> ,0.0,<0> ,0.0,<0> ,0.0,<0> 
04/22/2023 01:00,8.04166667,tjrtlmet,P,1.0,1.0,15.0,,11.2,<0> ,94.0,<0> ,1013.0,<0> ,0.0,<0> ,0.3,<0> ,00:46,148.0,<0> ,0.0,<0> ,0.0,<0> ,0.0,<0> 
04/22/2023 01:15,8.05208333,tjrtlmet,P,1.0,1.0,15.0,,11.7,<0> ,92.0,<0> ,1013.0,<0> ,0.1,<0> ,0.4,<0> ,01:09,148.0,<0> ,0.0,<0> ,0.0,<0> ,0.0,<0> 
04/22/2023 01:30,8.0625,tjrtlmet,P,1.0,1.0,15.0,,11.9,<0> ,89.0,<0> ,1013.0,<0> ,0.4,<0> ,0.7,<0> ,01:29,42.0,<0> ,81.0,<0> ,0.0,<0> ,0.0,<0> 
04/22/2023 01:45,8.07291667,tjrtlmet,P,1.0,1.0,15.0,,11.8,<0> ,85.0,<0> ,1013.0,<0> ,0.4,<0> ,0.9,<0> ,01:36,16.0,<0> ,12.0,<0> ,0.0,<0> ,0.0,<0> 
04/22/2023 02:00,8.08333333,tjrtlmet,P,1.0,1.0,15.0,,11.7,<0> ,86.0,<0> ,1013.0,<0> ,0.1,<0> ,0.5,<0> ,01:46,336.0,<0> ,8.0,<0> ,0.0,<0> ,0.0,<0> 
04/22/2023 02:15,8.09375,tjrtlmet,P,1.0,1.0,15.0,,12.7,<0> ,88.0,<0> ,1013.0,<0> ,0.5,<0> ,0.9,<0> ,02:03,1.0,<0> ,13.0,<0> ,0.0,<0> ,0.0,<0> 
04/22/2023 02:30,8.10416667,tjrtlmet,P,1.0,1.0,15.0,,13.2,<0> ,89.0,<0> ,1013.0,<0> ,0.0,<0> ,0.1,<0> ,02:15,350.0,<0> ,0.0,<0> ,0.0,<0> ,0.0,<0> 
04/22/2023 02:45,8.11458333,tjrtlmet,P,1.0,1.0,15.0,,12.9,<0> ,89.0,<0> ,1013.0,<0> ,0.4,<0> ,0.9,<0> ,02:37,35.0,<0> ,20.0,<0> ,0.0,<0> ,0.0,<0> 
04/22/2023 03:00,8.125,tjrtlmet,P,1.0,1.0,15.0,,12.4,<0> ,89.0,<0> ,1012.0,<0> ,0.5,<0> ,1.1,<0> ,02:57,56.0,<0> ,3.0,<0> ,0.0,<0> ,0.0,<0> 
04/22/2023 03:15,8.13541667,tjrtlmet,P,1.0,1.0,15.0,,11.4,<0> ,85.0,<0> ,1012.0,<0> ,0.5,<0> ,0.8,<0> ,03:11,100.0,<0> ,28.0,<0> ,0.0,<0> ,0.0,<0> 
04/22/2023 03:30,8.14583333,tjrtlmet,P,1.0,1.0,15.0,,11.5,<0> ,82.0,<0> ,1012.0,<0> ,0.9,<0> ,1.6,<0> ,03:23,64.0,<0> ,13.0,<0> ,0.0,<0> ,0.0,<0> 
04/22/2023 03:45,8.15625,tjrtlmet,P,1.0,1.0,15.0,,12.1,<0> ,77.0,<0> ,1012.0,<0> ,0.9,<0> ,1.5,<0> ,03:33,65.0,<0> ,10.0,<0> ,0.0,<0> ,0.0,<0> 
04/22/2023 04:00,8.16666667,tjrtlmet,P,1.0,1.0,15.0,,12.0,<0> ,75.0,<0> ,1012.0,<0> ,1.0,<0> ,1.8,<0> ,03:59,70.0,<0> ,11.0,<0> ,0.0,<0> ,0.0,<0> 
04/22/2023 04:15,8.17708333,tjrtlmet,P,1.0,1.0,15.0,,11.9,<0> ,77.0,<0> ,1012.0,<0> ,0.8,<0> ,1.4,<0> ,04:14,61.0,<0> ,10.0,<0> ,0.0,<0> ,0.0,<0> 
04/22/2023 04:30,8.1875,tjrtlmet,P,1.0,1.0,15.0,,11.8,<0> ,78.0,<0> ,1012.0,<0> ,0.9,<0> ,1.5,<0> ,04:16,62.0,<0> ,13.0,<0> ,0.0,<0> ,0.0,<0> 
04/22/2023 04:45,8.19791667,tjrtlmet,P,1.0,1.0,15.0,,11.7,<0> ,79.0,<0> ,1012.0,<0> ,0.9,<0> ,1.3,<0> ,04:39,50.0,<0> ,9.0,<0> ,0.0,<0> ,0.0,<0> 
04/22/2023 05:00,8.20833333,tjrtlmet,P,1.0,1.0,15.0,,11.9,<0> ,77.0,<0> ,1012.0,<0> ,0.5,<0> ,1.1,<0> ,04:46,52.0,<0> ,5.0,<0> ,0.2,<0> ,0.0,<0> 
04/22/2023 05:15,8.21875,tjrtlmet,P,1.0,1.0,15.0,,11.9,<0> ,75.0,<0> ,1011.0,<0> ,0.4,<0> ,0.7,<0> ,05:00,76.0,<0> ,17.0,<0> ,6.4,<0> ,0.0,<0> 
04/22/2023 05:30,8.22916667,tjrtlmet,P,1.0,1.0,15.0,,11.6,<0> ,77.0,<0> ,1011.0,<0> ,0.5,<0> ,1.0,<0> ,05:23,42.0,<0> ,9.0,<0> ,25.9,<0> ,0.0,<0> 
04/22/2023 05:45,8.23958333,tjrtlmet,P,1.0,1.0,15.0,,11.0,<0> ,79.0,<0> ,1011.0,<0> ,0.3,<0> ,0.8,<0> ,05:38,122.0,<0> ,34.0,<0> ,56.1,<0> ,0.0,<0> 
04/22/2023 06:00,8.25,tjrtlmet,P,1.0,1.0,15.0,,10.9,<0> ,80.0,<0> ,1012.0,<0> ,0.1,<0> ,0.7,<0> ,05:48,69.0,<0> ,8.0,<0> ,136.0,<0> ,0.0,<0> 
04/22/2023 06:15,8.26041667,tjrtlmet,P,1.0,1.0,15.0,,10.9,<0> ,85.0,<0> ,1012.0,<0> ,0.0,<0> ,0.2,<0> ,06:14,74.0,<0> ,0.0,<0> ,222.5,<0> ,0.0,<0> 
04/22/2023 06:30,8.27083333,tjrtlmet,P,1.0,1.0,15.0,,12.1,<0> ,86.0,<0> ,1012.0,<0> ,0.1,<0> ,0.8,<0> ,06:26,95.0,<0> ,4.0,<0> ,313.7,<0> ,0.0,<0> 
04/22/2023 06:45,8.28125,tjrtlmet,P,1.0,1.0,15.0,,13.6,<0> ,82.0,<0> ,1012.0,<0> ,0.4,<0> ,0.9,<0> ,06:42,227.0,<0> ,55.0,<0> ,418.5,<0> ,0.0,<0> 
04/22/2023 07:00,8.29166667,tjrtlmet,P,1.0,1.0,15.0,,14.3,<0> ,82.0,<0> ,1012.0,<0> ,0.2,<0> ,0.7,<0> ,06:53,289.0,<0> ,9.0,<0> ,516.4,<0> ,0.0,<0> 
04/22/2023 07:15,8.30208333,tjrtlmet,P,1.0,1.0,15.0,,15.3,<0> ,81.0,<0> ,1012.0,<0> ,0.2,<0> ,0.9,<0> ,07:11,188.0,<0> ,26.0,<0> ,622.3,<0> ,0.0,<0> 
04/22/2023 07:30,8.3125,tjrtlmet,P,1.0,1.0,15.0,,16.1,<0> ,79.0,<0> ,1012.0,<0> ,0.5,<0> ,1.3,<0> ,07:27,201.0,<0> ,26.0,<0> ,722.6,<0> ,0.0,<0> 
04/22/2023 07:45,8.32291667,tjrtlmet,P,1.0,1.0,15.0,,16.6,<0> ,77.0,<0> ,1012.0,<0> ,0.9,<0> ,1.5,<0> ,07:42,251.0,<0> ,34.0,<0> ,820.9,<0> ,0.0,<0> 
04/22/2023 08:00,8.33333333,tjrtlmet,P,1.0,1.0,15.0,,16.8,<0> ,77.0,<0> ,1012.0,<0> ,1.0,<0> ,1.8,<0> ,07:47,286.0,<0> ,17.0,<0> ,917.8,<0> ,0.0,<0> 
04/22/2023 08:15,8.34375,tjrtlmet,P,1.0,1.0,15.0,,17.1,<0> ,75.0,<0> ,1012.0,<0> ,1.1,<0> ,1.9,<0> ,08:14,270.0,<0> ,22.0,<0> ,1014.3,<0> ,0.0,<0> 
04/22/2023 08:30,8.35416667,tjrtlmet,P,1.0,1.0,15.0,,17.2,<0> ,74.0,<0> ,1012.0,<0> ,1.5,<0> ,2.4,<0> ,08:22,268.0,<0> ,16.0,<0> ,1099.1,<0> ,0.0,<0> 
04/22/2023 08:45,8.36458333,tjrtlmet,P,1.0,1.0,15.0,,17.4,<0> ,74.0,<0> ,1012.0,<0> ,1.6,<0> ,2.5,<0> ,08:34,255.0,<0> ,16.0,<0> ,1183.3,<0> ,0.0,<0> 
04/22/2023 09:00,8.375,tjrtlmet,P,1.0,1.0,15.0,,17.7,<0> ,74.0,<0> ,1011.0,<0> ,1.8,<0> ,2.9,<0> ,09:00,260.0,<0> ,17.0,<0> ,1262.0,<0> ,0.0,<0> 
04/22/2023 09:15,8.38541667,tjrtlmet,P,1.0,1.0,15.0,,17.0,<0> ,79.0,<0> ,1012.0,<0> ,2.5,<0> ,3.3,<0> ,09:00,272.0,<0> ,12.0,<0> ,1333.8,<0> ,0.0,<0> 
04/22/2023 09:30,8.39583333,tjrtlmet,P,1.0,1.0,15.0,,17.4,<0> ,79.0,<0> ,1012.0,<0> ,2.1,<0> ,2.9,<0> ,09:21,268.0,<0> ,19.0,<0> ,1404.5,<0> ,0.0,<0> 
04/22/2023 09:45,8.40625,tjrtlmet,P,1.0,1.0,15.0,,17.8,<0> ,78.0,<0> ,1011.0,<0> ,2.4,<0> ,3.4,<0> ,09:43,252.0,<0> ,14.0,<0> ,1465.4,<0> ,0.0,<0> 
04/22/2023 10:00,8.41666667,tjrtlmet,P,1.0,1.0,15.0,,17.7,<0> ,78.0,<0> ,1012.0,<0> ,2.6,<0> ,3.4,<0> ,09:59,251.0,<0> ,14.0,<0> ,1522.9,<0> ,0.0,<0> 
04/22/2023 10:15,8.42708333,tjrtlmet,P,1.0,1.0,15.0,,18.0,<0> ,79.0,<0> ,1011.0,<0> ,2.8,<0> ,3.8,<0> ,10:07,242.0,<0> ,15.0,<0> ,1579.0,<0> ,0.0,<0> 
04/22/2023 10:30,8.4375,tjrtlmet,P,1.0,1.0,15.0,,18.2,<0> ,79.0,<0> ,1011.0,<0> ,2.8,<0> ,3.9,<0> ,10:20,252.0,<0> ,13.0,<0> ,1619.9,<0> ,0.0,<0> 
04/22/2023 10:45,8.44791667,tjrtlmet,P,1.0,1.0,15.0,,18.1,<0> ,80.0,<0> ,1011.0,<0> ,2.8,<0> ,3.6,<0> ,10:43,255.0,<0> ,12.0,<0> ,1653.9,<0> ,0.0,<0> 
04/22/2023 11:00,8.45833333,tjrtlmet,P,1.0,1.0,15.0,,18.3,<0> ,81.0,<0> ,1011.0,<0> ,2.7,<0> ,3.6,<0> ,10:57,245.0,<0> ,14.0,<0> ,1695.9,<0> ,0.0,<0> 
04/22/2023 11:15,8.46875,tjrtlmet,P,1.0,1.0,15.0,,18.7,<0> ,80.0,<0> ,1011.0,<0> ,2.8,<0> ,3.6,<0> ,11:12,246.0,<0> ,17.0,<0> ,1721.2,<0> ,0.0,<0> 
04/22/2023 11:30,8.47916667,tjrtlmet,P,1.0,1.0,15.0,,18.6,<0> ,81.0,<0> ,1011.0,<0> ,2.7,<0> ,3.8,<0> ,11:21,245.0,<0> ,13.0,<0> ,1738.3,<0> ,0.0,<0> 
04/22/2023 11:45,8.48958333,tjrtlmet,P,1.0,1.0,15.0,,18.6,<0> ,82.0,<0> ,1011.0,<0> ,2.9,<0> ,3.8,<0> ,11:37,252.0,<0> ,13.0,<0> ,1741.2,<0> ,0.0,<0> 
04/22/2023 12:00,8.5,tjrtlmet,P,1.0,1.0,15.0,,19.2,<0> ,81.0,<0> ,1011.0,<0> ,2.5,<0> ,3.8,<0> ,11:50,243.0,<0> ,16.0,<0> ,1741.9,<0> ,0.0,<0> 
04/22/2023 12:15,8.51041667,tjrtlmet,P,1.0,1.0,15.0,,19.6,<0> ,79.0,<0> ,1011.0,<0> ,2.3,<0> ,3.4,<0> ,12:13,243.0,<0> ,17.0,<0> ,1738.1,<0> ,0.0,<0> 
04/22/2023 12:30,8.52083333,tjrtlmet,P,1.0,1.0,15.0,,19.4,<0> ,80.0,<0> ,1010.0,<0> ,2.6,<0> ,3.7,<0> ,12:25,254.0,<0> ,16.0,<0> ,1721.7,<0> ,0.0,<0> 
04/22/2023 12:45,8.53125,tjrtlmet,P,1.0,1.0,15.0,,19.5,<0> ,79.0,<0> ,1010.0,<0> ,2.4,<0> ,3.4,<0> ,12:38,259.0,<0> ,15.0,<0> ,1693.9,<0> ,0.0,<0> 
04/22/2023 13:00,8.54166667,tjrtlmet,P,1.0,1.0,15.0,,19.6,<0> ,75.0,<0> ,1010.0,<0> ,2.3,<0> ,3.4,<0> ,12:55,247.0,<0> ,16.0,<0> ,1662.9,<0> ,0.0,<0> 
04/22/2023 13:15,8.55208333,tjrtlmet,P,1.0,1.0,15.0,,20.2,<0> ,66.0,<0> ,1010.0,<0> ,2.5,<0> ,3.7,<0> ,13:09,260.0,<0> ,19.0,<0> ,1631.2,<0> ,0.0,<0> 
04/22/2023 13:30,8.5625,tjrtlmet,P,1.0,1.0,15.0,,20.4,<0> ,69.0,<0> ,1010.0,<0> ,2.5,<0> ,3.8,<0> ,13:29,241.0,<0> ,13.0,<0> ,1587.2,<0> ,0.0,<0> 
04/22/2023 13:45,8.57291667,tjrtlmet,P,1.0,1.0,15.0,,20.3,<0> ,69.0,<0> ,1010.0,<0> ,2.5,<0> ,4.0,<0> ,13:34,233.0,<0> ,20.0,<0> ,1533.0,<0> ,0.0,<0> 
04/22/2023 14:00,8.58333333,tjrtlmet,P,1.0,1.0,15.0,,20.8,<0> ,69.0,<0> ,1009.0,<0> ,2.5,<0> ,3.6,<0> ,13:51,235.0,<0> ,21.0,<0> ,1483.3,<0> ,0.0,<0> 
04/22/2023 14:15,8.59375,tjrtlmet,P,1.0,1.0,15.0,,20.7,<0> ,70.0,<0> ,1009.0,<0> ,2.9,<0> ,4.1,<0> ,14:10,245.0,<0> ,17.0,<0> ,1418.0,<0> ,0.0,<0> 
04/22/2023 14:30,8.60416667,tjrtlmet,P,1.0,1.0,15.0,,20.4,<0> ,72.0,<0> ,1009.0,<0> ,2.9,<0> ,4.1,<0> ,14:19,249.0,<0> ,13.0,<0> ,1348.9,<0> ,0.0,<0> 
04/22/2023 14:45,8.61458333,tjrtlmet,P,1.0,1.0,15.0,,20.1,<0> ,78.0,<0> ,1009.0,<0> ,2.9,<0> ,4.1,<0> ,14:40,264.0,<0> ,18.0,<0> ,1249.0,<0> ,0.0,<0> 
04/22/2023 15:00,8.625,tjrtlmet,P,1.0,1.0,15.0,,19.5,<0> ,83.0,<0> ,1009.0,<0> ,2.6,<0> ,3.9,<0> ,14:46,264.0,<0> ,19.0,<0> ,1196.5,<0> ,0.0,<0> 
04/22/2023 15:15,8.63541667,tjrtlmet,P,1.0,1.0,15.0,,19.7,<0> ,81.0,<0> ,1009.0,<0> ,2.4,<0> ,3.7,<0> ,15:03,244.0,<0> ,15.0,<0> ,1105.9,<0> ,0.0,<0> 
04/22/2023 15:30,8.64583333,tjrtlmet,P,1.0,1.0,15.0,,19.4,<0> ,81.0,<0> ,1009.0,<0> ,2.6,<0> ,3.6,<0> ,15:25,240.0,<0> ,14.0,<0> ,1032.8,<0> ,0.0,<0> 
04/22/2023 15:45,8.65625,tjrtlmet,P,1.0,1.0,15.0,,19.0,<0> ,83.0,<0> ,1009.0,<0> ,2.5,<0> ,3.5,<0> ,15:33,241.0,<0> ,14.0,<0> ,942.7,<0> ,0.0,<0> 
04/22/2023 16:00,8.66666667,tjrtlmet,P,1.0,1.0,15.0,,18.9,<0> ,84.0,<0> ,1009.0,<0> ,2.5,<0> ,3.5,<0> ,15:52,238.0,<0> ,12.0,<0> ,754.7,<0> ,0.0,<0> 
04/22/2023 16:15,8.67708333,tjrtlmet,P,1.0,1.0,15.0,,18.6,<0> ,84.0,<0> ,1009.0,<0> ,2.4,<0> ,3.5,<0> ,16:14,237.0,<0> ,13.0,<0> ,671.7,<0> ,0.0,<0> 
04/22/2023 16:30,8.6875,tjrtlmet,P,1.0,1.0,15.0,,18.5,<0> ,85.0,<0> ,1009.0,<0> ,2.5,<0> ,3.6,<0> ,16:28,251.0,<0> ,11.0,<0> ,662.1,<0> ,0.0,<0> 
04/22/2023 16:45,8.69791667,tjrtlmet,P,1.0,1.0,15.0,,18.2,<0> ,85.0,<0> ,1009.0,<0> ,2.4,<0> ,3.2,<0> ,16:45,254.0,<0> ,14.0,<0> ,548.4,<0> ,0.0,<0> 
04/22/2023 17:00,8.70833333,tjrtlmet,P,1.0,1.0,15.0,,18.0,<0> ,86.0,<0> ,1009.0,<0> ,2.1,<0> ,3.2,<0> ,16:45,250.0,<0> ,14.0,<0> ,352.7,<0> ,0.0,<0> 
04/22/2023 17:15,8.71875,tjrtlmet,P,1.0,1.0,15.0,,17.6,<0> ,88.0,<0> ,1009.0,<0> ,1.9,<0> ,3.2,<0> ,17:00,252.0,<0> ,14.0,<0> ,282.4,<0> ,0.0,<0> 
04/22/2023 17:30,8.72916667,tjrtlmet,P,1.0,1.0,15.0,,17.5,<0> ,88.0,<0> ,1009.0,<0> ,1.9,<0> ,2.7,<0> ,17:19,233.0,<0> ,12.0,<0> ,246.0,<0> ,0.0,<0> 
04/22/2023 17:45,8.73958333,tjrtlmet,P,1.0,1.0,15.0,,17.2,<0> ,90.0,<0> ,1008.0,<0> ,1.7,<0> ,2.5,<0> ,17:36,240.0,<0> ,12.0,<0> ,166.1,<0> ,0.0,<0> 
04/22/2023 18:00,8.75,tjrtlmet,P,1.0,1.0,15.0,,16.9,<0> ,90.0,<0> ,1009.0,<0> ,1.8,<0> ,2.6,<0> ,17:57,252.0,<0> ,10.0,<0> ,107.3,<0> ,0.0,<0> 
04/22/2023 18:15,8.76041667,tjrtlmet,P,1.0,1.0,15.0,,16.6,<0> ,91.0,<0> ,1009.0,<0> ,1.9,<0> ,2.7,<0> ,18:05,254.0,<0> ,10.0,<0> ,54.6,<0> ,0.0,<0> 
04/22/2023 18:30,8.77083333,tjrtlmet,P,1.0,1.0,15.0,,16.1,<0> ,92.0,<0> ,1009.0,<0> ,1.6,<0> ,2.6,<0> ,18:25,252.0,<0> ,9.0,<0> ,12.6,<0> ,0.0,<0> 
04/22/2023 18:45,8.78125,tjrtlmet,P,1.0,1.0,15.0,,15.8,<0> ,93.0,<0> ,1009.0,<0> ,1.4,<0> ,2.3,<0> ,18:34,241.0,<0> ,11.0,<0> ,0.8,<0> ,0.0,<0> 
04/22/2023 19:00,8.79166667,tjrtlmet,P,1.0,1.0,15.0,,15.6,<0> ,94.0,<0> ,1009.0,<0> ,1.3,<0> ,2.3,<0> ,18:48,241.0,<0> ,9.0,<0> ,0.0,<0> ,0.0,<0> 
04/22/2023 19:15,8.80208333,tjrtlmet,P,1.0,1.0,15.0,,15.5,<0> ,95.0,<0> ,1009.0,<0> ,1.1,<0> ,2.1,<0> ,19:01,239.0,<0> ,8.0,<0> ,0.0,<0> ,0.0,<0> 
04/22/2023 19:30,8.8125,tjrtlmet,P,1.0,1.0,15.0,,15.1,<0> ,95.0,<0> ,1009.0,<0> ,0.5,<0> ,1.1,<0> ,19:16,199.0,<0> ,21.0,<0> ,0.0,<0> ,0.0,<0> 
04/22/2023 19:45,8.82291667,tjrtlmet,P,1.0,1.0,15.0,,14.9,<0> ,95.0,<0> ,1009.0,<0> ,0.4,<0> ,0.6,<0> ,19:42,162.0,<0> ,11.0,<0> ,0.0,<0> ,0.0,<0> 
04/22/2023 20:00,8.83333333,tjrtlmet,P,1.0,1.0,15.0,,14.9,<0> ,95.0,<0> ,1009.0,<0> ,0.1,<0> ,0.5,<0> ,19:54,155.0,<0> ,18.0,<0> ,0.0,<0> ,0.0,<0> 
04/22/2023 20:15,8.84375,tjrtlmet,P,1.0,1.0,15.0,,14.8,<0> ,96.0,<0> ,1009.0,<0> ,0.5,<0> ,0.8,<0> ,20:09,166.0,<0> ,16.0,<0> ,0.0,<0> ,0.0,<0> 
04/22/2023 20:30,8.85416667,tjrtlmet,P,1.0,1.0,15.0,,14.8,<0> ,96.0,<0> ,1010.0,<0> ,0.2,<0> ,0.6,<0> ,20:15,154.0,<0> ,12.0,<0> ,0.0,<0> ,0.0,<0> 
04/22/2023 20:45,8.86458333,tjrtlmet,P,1.0,1.0,15.0,,14.9,<0> ,96.0,<0> ,1010.0,<0> ,0.3,<0> ,1.0,<0> ,20:43,289.0,<0> ,18.0,<0> ,0.0,<0> ,0.0,<0> 
04/22/2023 21:00,8.875,tjrtlmet,P,1.0,1.0,15.0,,15.1,<0> ,96.0,<0> ,1010.0,<0> ,0.9,<0> ,2.1,<0> ,20:56,276.0,<0> ,14.0,<0> ,0.0,<0> ,0.0,<0> 
04/22/2023 21:15,8.88541667,tjrtlmet,P,1.0,1.0,15.0,,15.2,<0> ,96.0,<0> ,1010.0,<0> ,0.5,<0> ,1.1,<0> ,21:04,260.0,<0> ,27.0,<0> ,0.0,<0> ,0.0,<0> 
04/22/2023 21:30,8.89583333,tjrtlmet,P,1.0,1.0,15.0,,15.1,<0> ,96.0,<0> ,1010.0,<0> ,0.9,<0> ,1.7,<0> ,21:25,210.0,<0> ,14.0,<0> ,0.0,<0> ,0.0,<0> 
04/22/2023 21:45,8.90625,tjrtlmet,P,1.0,1.0,15.0,,15.1,<0> ,96.0,<0> ,1010.0,<0> ,1.2,<0> ,2.0,<0> ,21:33,215.0,<0> ,26.0,<0> ,0.0,<0> ,0.0,<0> 
04/22/2023 22:00,8.91666667,tjrtlmet,P,1.0,1.0,15.0,,15.1,<0> ,96.0,<0> ,1009.0,<0> ,1.6,<0> ,2.6,<0> ,21:47,201.0,<0> ,14.0,<0> ,0.0,<0> ,0.0,<0> 
04/22/2023 22:15,8.92708333,tjrtlmet,P,1.0,1.0,15.0,,15.2,<0> ,97.0,<0> ,1009.0,<0> ,1.4,<0> ,2.4,<0> ,22:07,196.0,<0> ,18.0,<0> ,0.0,<0> ,0.0,<0> 
04/22/2023 22:30,8.9375,tjrtlmet,P,1.0,1.0,15.0,,15.1,<0> ,96.0,<0> ,1009.0,<0> ,1.5,<0> ,3.0,<0> ,22:28,199.0,<0> ,16.0,<0> ,0.0,<0> ,0.0,<0> 
04/22/2023 22:45,8.94791667,tjrtlmet,P,1.0,1.0,15.0,,14.9,<0> ,96.0,<0> ,1009.0,<0> ,1.6,<0> ,2.9,<0> ,22:38,187.0,<0> ,14.0,<0> ,0.0,<0> ,0.0,<0> 
04/22/2023 23:00,8.95833333,tjrtlmet,P,1.0,1.0,15.0,,14.8,<0> ,96.0,<0> ,1009.0,<0> ,1.3,<0> ,2.6,<0> ,22:46,199.0,<0> ,12.0,<0> ,0.0,<0> ,0.0,<0> 
04/22/2023 23:15,8.96875,tjrtlmet,P,1.0,1.0,15.0,,14.8,<0> ,96.0,<0> ,1009.0,<0> ,1.5,<0> ,2.6,<0> ,23:08,207.0,<0> ,16.0,<0> ,0.0,<0> ,0.0,<0> 
04/22/2023 23:30,8.97916667,tjrtlmet,P,1.0,1.0,15.0,,14.9,<0> ,96.0,<0> ,1009.0,<0> ,1.8,<0> ,3.0,<0> ,23:21,193.0,<0> ,12.0,<0> ,0.0,<0> ,0.0,<0> 
04/22/2023 23:45,8.98958333,tjrtlmet,P,1.0,1.0,15.0,,14.8,<0> ,96.0,<0> ,1009.0,<0> ,1.7,<0> ,2.9,<0> ,23:40,181.0,<0> ,13.0,<0> ,0.0,<0> ,0.0,<0> 
04/23/2023 00:00,9.0,tjrtlmet,P,1.0,1.0,15.0,,14.7,<0> ,96.0,<0> ,1009.0,<0> ,2.3,<0> ,3.8,<0> ,23:51,193.0,<0> ,13.0,<0> ,0.0,<0> ,0.0,<0> 
04/23/2023 00:15,9.01041667,tjrtlmet,P,1.0,1.0,15.0,,14.5,<0> ,96.0,<0> ,1009.0,<0> ,2.3,<0> ,3.7,<0> ,00:05,183.0,<0> ,16.0,<0> ,0.0,<0> ,0.0,<0> 
04/23/2023 00:30,9.02083333,tjrtlmet,P,1.0,1.0,15.0,,14.3,<0> ,97.0,<0> ,1009.0,<0> ,2.2,<0> ,3.6,<0> ,00:15,178.0,<0> ,13.0,<0> ,0.0,<0> ,0.0,<0> 
04/23/2023 00:45,9.03125,tjrtlmet,P,1.0,1.0,15.0,,14.2,<0> ,97.0,<0> ,1009.0,<0> ,1.8,<0> ,2.9,<0> ,00:44,180.0,<0> ,13.0,<0> ,0.0,<0> ,0.0,<0> 
04/23/2023 01:00,9.04166667,tjrtlmet,P,1.0,1.0,15.0,,14.1,<0> ,97.0,<0> ,1008.0,<0> ,1.6,<0> ,2.7,<0> ,00:54,172.0,<0> ,12.0,<0> ,0.0,<0> ,0.0,<0> 
04/23/2023 01:15,9.05208333,tjrtlmet,P,1.0,1.0,15.0,,14.2,<0> ,97.0,<0> ,1008.0,<0> ,1.6,<0> ,2.6,<0> ,01:02,167.0,<0> ,13.0,<0> ,0.0,<0> ,0.0,<0> 
04/23/2023 01:30,9.0625,tjrtlmet,P,1.0,1.0,15.0,,14.1,<0> ,97.0,<0> ,1008.0,<0> ,0.9,<0> ,1.9,<0> ,01:28,187.0,<0> ,29.0,<0> ,0.0,<0> ,0.0,<0> 
04/23/2023 01:45,9.07291667,tjrtlmet,P,1.0,1.0,15.0,,14.0,<0> ,97.0,<0> ,1008.0,<0> ,1.5,<0> ,2.5,<0> ,01:34,195.0,<0> ,15.0,<0> ,0.0,<0> ,0.0,<0> 
04/23/2023 02:00,9.08333333,tjrtlmet,P,1.0,1.0,15.0,,14.0,<0> ,97.0,<0> ,1008.0,<0> ,1.3,<0> ,2.1,<0> ,01:59,170.0,<0> ,14.0,<0> ,0.0,<0> ,0.0,<0> 
04/23/2023 02:15,9.09375,tjrtlmet,P,1.0,1.0,15.0,,14.0,<0> ,97.0,<0> ,1008.0,<0> ,2.1,<0> ,4.1,<0> ,02:12,180.0,<0> ,20.0,<0> ,0.0,<0> ,0.0,<0> 
04/23/2023 02:30,9.10416667,tjrtlmet,P,1.0,1.0,15.0,,13.9,<0> ,97.0,<0> ,1008.0,<0> ,2.8,<0> ,4.8,<0> ,02:26,194.0,<0> ,14.0,<0> ,0.0,<0> ,0.0,<0> 
04/23/2023 02:45,9.11458333,tjrtlmet,P,1.0,1.0,15.0,,13.8,<0> ,96.0,<0> ,1008.0,<0> ,3.5,<0> ,4.9,<0> ,02:37,198.0,<0> ,13.0,<0> ,0.0,<0> ,0.0,<0> 
04/23/2023 03:00,9.125,tjrtlmet,P,1.0,1.0,15.0,,13.5,<0> ,96.0,<0> ,1008.0,<0> ,3.2,<0> ,5.2,<0> ,02:57,186.0,<0> ,12.0,<0> ,0.0,<0> ,0.0,<0> 
04/23/2023 03:15,9.13541667,tjrtlmet,P,1.0,1.0,15.0,,13.5,<0> ,95.0,<0> ,1008.0,<0> ,3.0,<0> ,4.7,<0> ,03:04,173.0,<0> ,14.0,<0> ,0.0,<0> ,0.0,<0> 
04/23/2023 03:30,9.14583333,tjrtlmet,P,1.0,1.0,15.0,,13.3,<0> ,95.0,<0> ,1008.0,<0> ,1.9,<0> ,3.4,<0> ,03:29,160.0,<0> ,14.0,<0> ,0.0,<0> ,0.0,<0> 
04/23/2023 03:45,9.15625,tjrtlmet,P,1.0,1.0,15.0,,13.2,<0> ,94.0,<0> ,1008.0,<0> ,1.7,<0> ,3.3,<0> ,03:32,160.0,<0> ,13.0,<0> ,0.0,<0> ,0.0,<0> 
04/23/2023 04:00,9.16666667,tjrtlmet,P,1.0,1.0,15.0,,13.2,<0> ,94.0,<0> ,1008.0,<0> ,1.7,<0> ,3.3,<0> ,03:47,157.0,<0> ,14.0,<0> ,0.0,<0> ,0.0,<0> 
04/23/2023 04:15,9.17708333,tjrtlmet,P,1.0,1.0,15.0,,13.0,<0> ,94.0,<0> ,1008.0,<0> ,1.4,<0> ,3.3,<0> ,04:04,150.0,<0> ,16.0,<0> ,0.0,<0> ,0.0,<0> 
04/23/2023 04:30,9.1875,tjrtlmet,P,1.0,1.0,15.0,,12.9,<0> ,94.0,<0> ,1008.0,<0> ,1.7,<0> ,3.0,<0> ,04:23,176.0,<0> ,14.0,<0> ,0.0,<0> ,0.0,<0> 
04/23/2023 04:45,9.19791667,tjrtlmet,P,1.0,1.0,15.0,,13.0,<0> ,94.0,<0> ,1008.0,<0> ,1.7,<0> ,3.1,<0> ,04:31,176.0,<0> ,19.0,<0> ,0.0,<0> ,0.0,<0> 
04/23/2023 05:00,9.20833333,tjrtlmet,P,1.0,1.0,15.0,,13.3,<0> ,94.0,<0> ,1008.0,<0> ,2.7,<0> ,4.1,<0> ,04:48,191.0,<0> ,13.0,<0> ,0.1,<0> ,0.0,<0> 
04/23/2023 05:15,9.21875,tjrtlmet,P,1.0,1.0,15.0,,13.3,<0> ,94.0,<0> ,1008.0,<0> ,2.4,<0> ,4.5,<0> ,05:12,181.0,<0> ,17.0,<0> ,4.4,<0> ,0.0,<0> 
04/23/2023 05:30,9.22916667,tjrtlmet,P,1.0,1.0,15.0,,13.1,<0> ,93.0,<0> ,1009.0,<0> ,2.0,<0> ,3.7,<0> ,05:24,177.0,<0> ,15.0,<0> ,16.9,<0> ,0.0,<0> 
04/23/2023 05:45,9.23958333,tjrtlmet,P,1.0,1.0,15.0,,13.2,<0> ,93.0,<0> ,1009.0,<0> ,2.4,<0> ,4.0,<0> ,05:34,187.0,<0> ,12.0,<0> ,33.5,<0> ,0.0,<0> 
04/23/2023 06:00,9.25,tjrtlmet,P,1.0,1.0,15.0,,13.5,<0> ,92.0,<0> ,1009.0,<0> ,2.2,<0> ,3.4,<0> ,05:50,188.0,<0> ,16.0,<0> ,52.6,<0> ,0.0,<0> 
04/23/2023 06:15,9.26041667,tjrtlmet,P,1.0,1.0,15.0,,13.6,<0> ,92.0,<0> ,1009.0,<0> ,1.9,<0> ,3.4,<0> ,06:01,167.0,<0> ,17.0,<0> ,93.5,<0> ,0.0,<0> 
04/23/2023 06:30,9.27083333,tjrtlmet,P,1.0,1.0,15.0,,13.8,<0> ,91.0,<0> ,1009.0,<0> ,1.6,<0> ,2.5,<0> ,06:17,150.0,<0> ,16.0,<0> ,135.4,<0> ,0.0,<0> 
04/23/2023 06:45,9.28125,tjrtlmet,P,1.0,1.0,15.0,,14.0,<0> ,89.0,<0> ,1009.0,<0> ,1.9,<0> ,2.9,<0> ,06:39,153.0,<0> ,15.0,<0> ,172.8,<0> ,0.0,<0> 
04/23/2023 07:00,9.29166667,tjrtlmet,P,1.0,1.0,15.0,,14.2,<0> ,87.0,<0> ,1009.0,<0> ,1.8,<0> ,3.2,<0> ,06:54,127.0,<0> ,13.0,<0> ,223.2,<0> ,0.0,<0> 
04/23/2023 07:15,9.30208333,tjrtlmet,P,1.0,1.0,15.0,,14.4,<0> ,86.0,<0> ,1009.0,<0> ,1.6,<0> ,3.0,<0> ,07:06,154.0,<0> ,19.0,<0> ,283.3,<0> ,0.0,<0> 
04/23/2023 07:30,9.3125,tjrtlmet,P,1.0,1.0,15.0,,14.6,<0> ,86.0,<0> ,1010.0,<0> ,1.9,<0> ,3.9,<0> ,07:17,174.0,<0> ,30.0,<0> ,271.3,<0> ,0.0,<0> 
04/23/2023 07:45,9.32291667,tjrtlmet,P,1.0,1.0,15.0,,14.5,<0> ,87.0,<0> ,1010.0,<0> ,2.9,<0> ,4.5,<0> ,07:33,202.0,<0> ,13.0,<0> ,305.5,<0> ,0.0,<0> 
04/23/2023 08:00,9.33333333,tjrtlmet,P,1.0,1.0,15.0,,14.8,<0> ,87.0,<0> ,1010.0,<0> ,3.0,<0> ,4.6,<0> ,07:49,207.0,<0> ,14.0,<0> ,389.9,<0> ,0.0,<0> 
04/23/2023 08:15,9.34375,tjrtlmet,P,1.0,1.0,15.0,,14.9,<0> ,86.0,<0> ,1010.0,<0> ,3.4,<0> ,4.4,<0> ,08:14,199.0,<0> ,14.0,<0> ,506.4,<0> ,0.0,<0> 
04/23/2023 08:30,9.35416667,tjrtlmet,P,1.0,1.0,15.0,,15.1,<0> ,85.0,<0> ,1010.0,<0> ,3.7,<0> ,5.3,<0> ,08:18,207.0,<0> ,13.0,<0> ,690.7,<0> ,0.0,<0> 
04/23/2023 08:45,9.36458333,tjrtlmet,P,1.0,1.0,15.0,,15.5,<0> ,84.0,<0> ,1010.0,<0> ,3.6,<0> ,5.0,<0> ,08:34,206.0,<0> ,16.0,<0> ,942.5,<0> ,0.0,<0> 
04/23/2023 09:00,9.375,tjrtlmet,P,1.0,1.0,15.0,,16.1,<0> ,81.0,<0> ,1010.0,<0> ,3.8,<0> ,6.0,<0> ,08:58,203.0,<0> ,14.0,<0> ,1152.7,<0> ,0.0,<0> 
04/23/2023 09:15,9.38541667,tjrtlmet,P,1.0,1.0,15.0,,16.2,<0> ,80.0,<0> ,1010.0,<0> ,4.2,<0> ,5.9,<0> ,09:00,206.0,<0> ,15.0,<0> ,1329.3,<0> ,0.0,<0> 
04/23/2023 09:30,9.39583333,tjrtlmet,P,1.0,1.0,15.0,,16.4,<0> ,80.0,<0> ,1010.0,<0> ,4.3,<0> ,6.2,<0> ,09:29,215.0,<0> ,13.0,<0> ,1399.7,<0> ,0.0,<0> 
04/23/2023 09:45,9.40625,tjrtlmet,P,1.0,1.0,15.0,,16.5,<0> ,80.0,<0> ,1010.0,<0> ,4.4,<0> ,6.7,<0> ,09:31,217.0,<0> ,15.0,<0> ,1465.5,<0> ,0.0,<0> 
04/23/2023 10:00,9.41666667,tjrtlmet,P,1.0,1.0,15.0,,16.8,<0> ,78.0,<0> ,1010.0,<0> ,4.7,<0> ,7.6,<0> ,09:52,209.0,<0> ,15.0,<0> ,1525.0,<0> ,0.0,<0> 
04/23/2023 10:15,9.42708333,tjrtlmet,P,1.0,1.0,15.0,,16.8,<0> ,78.0,<0> ,1010.0,<0> ,5.2,<0> ,7.6,<0> ,10:05,206.0,<0> ,14.0,<0> ,1577.8,<0> ,0.0,<0> 
04/23/2023 10:30,9.4375,tjrtlmet,P,1.0,1.0,15.0,,16.9,<0> ,78.0,<0> ,1010.0,<0> ,5.2,<0> ,7.2,<0> ,10:16,204.0,<0> ,15.0,<0> ,1622.2,<0> ,0.0,<0> 
04/23/2023 10:45,9.44791667,tjrtlmet,P,1.0,1.0,15.0,,17.0,<0> ,77.0,<0> ,1010.0,<0> ,5.3,<0> ,8.2,<0> ,10:41,208.0,<0> ,14.0,<0> ,1659.2,<0> ,0.0,<0> 
04/23/2023 11:00,9.45833333,tjrtlmet,P,1.0,1.0,15.0,,17.0,<0> ,77.0,<0> ,1010.0,<0> ,5.6,<0> ,7.9,<0> ,10:56,203.0,<0> ,13.0,<0> ,1688.3,<0> ,0.0,<0> 
04/23/2023 11:15,9.46875,tjrtlmet,P,1.0,1.0,15.0,,17.2,<0> ,77.0,<0> ,1010.0,<0> ,5.5,<0> ,8.2,<0> ,11:01,201.0,<0> ,14.0,<0> ,1710.2,<0> ,0.0,<0> 
04/23/2023 11:30,9.47916667,tjrtlmet,P,1.0,1.0,15.0,,17.2,<0> ,76.0,<0> ,1010.0,<0> ,5.6,<0> ,7.7,<0> ,11:21,202.0,<0> ,13.0,<0> ,1724.4,<0> ,0.0,<0> 
04/23/2023 11:45,9.48958333,tjrtlmet,P,1.0,1.0,15.0,,17.3,<0> ,76.0,<0> ,1010.0,<0> ,5.8,<0> ,8.0,<0> ,11:32,196.0,<0> ,14.0,<0> ,1732.4,<0> ,0.0,<0> 
04/23/2023 12:00,9.5,tjrtlmet,P,1.0,1.0,15.0,,17.3,<0> ,76.0,<0> ,1010.0,<0> ,5.5,<0> ,8.0,<0> ,11:52,206.0,<0> ,14.0,<0> ,1731.7,<0> ,0.0,<0> 
04/23/2023 12:15,9.51041667,tjrtlmet,P,1.0,1.0,15.0,,17.3,<0> ,76.0,<0> ,1010.0,<0> ,5.2,<0> ,6.9,<0> ,12:02,213.0,<0> ,14.0,<0> ,1724.0,<0> ,0.0,<0> 
04/23/2023 12:30,9.52083333,tjrtlmet,P,1.0,1.0,15.0,,17.5,<0> ,76.0,<0> ,1010.0,<0> ,5.4,<0> ,7.3,<0> ,12:15,215.0,<0> ,13.0,<0> ,1710.9,<0> ,0.0,<0> 
04/23/2023 12:45,9.53125,tjrtlmet,P,1.0,1.0,15.0,,17.6,<0> ,76.0,<0> ,1010.0,<0> ,5.5,<0> ,7.7,<0> ,12:44,214.0,<0> ,14.0,<0> ,1688.0,<0> ,0.0,<0> 
04/23/2023 13:00,9.54166667,tjrtlmet,P,1.0,1.0,15.0,,17.5,<0> ,75.0,<0> ,1010.0,<0> ,5.6,<0> ,7.8,<0> ,12:50,215.0,<0> ,14.0,<0> ,1656.3,<0> ,0.0,<0> 
04/23/2023 13:15,9.55208333,tjrtlmet,P,1.0,1.0,15.0,,17.4,<0> ,76.0,<0> ,1010.0,<0> ,5.3,<0> ,7.4,<0> ,13:11,209.0,<0> ,14.0,<0> ,1617.9,<0> ,0.0,<0> 
04/23/2023 13:30,9.5625,tjrtlmet,P,1.0,1.0,15.0,,17.4,<0> ,75.0,<0> ,1009.0,<0> ,5.8,<0> ,7.9,<0> ,13:26,205.0,<0> ,14.0,<0> ,1575.6,<0> ,0.0,<0> 
04/23/2023 13:45,9.57291667,tjrtlmet,P,1.0,1.0,15.0,,17.3,<0> ,75.0,<0> ,1009.0,<0> ,6.2,<0> ,8.9,<0> ,13:37,202.0,<0> ,13.0,<0> ,1526.1,<0> ,0.0,<0> 
04/23/2023 14:00,9.58333333,tjrtlmet,P,1.0,1.0,15.0,,17.2,<0> ,75.0,<0> ,1009.0,<0> ,5.8,<0> ,8.4,<0> ,13:49,204.0,<0> ,14.0,<0> ,1468.0,<0> ,0.0,<0> 
04/23/2023 14:15,9.59375,tjrtlmet,P,1.0,1.0,15.0,,17.1,<0> ,75.0,<0> ,1009.0,<0> ,5.9,<0> ,8.2,<0> ,14:08,206.0,<0> ,13.0,<0> ,1403.0,<0> ,0.0,<0> 
04/23/2023 14:30,9.60416667,tjrtlmet,P,1.0,1.0,15.0,,17.1,<0> ,75.0,<0> ,1009.0,<0> ,5.8,<0> ,8.2,<0> ,14:25,199.0,<0> ,14.0,<0> ,1333.0,<0> ,0.0,<0> 
04/23/2023 14:45,9.61458333,tjrtlmet,P,1.0,1.0,15.0,,17.2,<0> ,75.0,<0> ,1009.0,<0> ,5.6,<0> ,8.3,<0> ,14:34,209.0,<0> ,13.0,<0> ,1262.0,<0> ,0.0,<0> 
04/23/2023 15:00,9.625,tjrtlmet,P,1.0,1.0,15.0,,17.2,<0> ,76.0,<0> ,1009.0,<0> ,5.3,<0> ,7.7,<0> ,14:57,209.0,<0> ,13.0,<0> ,1179.8,<0> ,0.0,<0> 
04/23/2023 15:15,9.63541667,tjrtlmet,P,1.0,1.0,15.0,,16.9,<0> ,77.0,<0> ,1009.0,<0> ,5.4,<0> ,7.9,<0> ,15:13,206.0,<0> ,12.0,<0> ,1103.9,<0> ,0.0,<0> 
04/23/2023 15:30,9.64583333,tjrtlmet,P,1.0,1.0,15.0,,16.7,<0> ,77.0,<0> ,1009.0,<0> ,5.1,<0> ,6.9,<0> ,15:16,222.0,<0> ,14.0,<0> ,1003.3,<0> ,0.0,<0> 
04/23/2023 15:45,9.65625,tjrtlmet,P,1.0,1.0,15.0,,16.4,<0> ,78.0,<0> ,1009.0,<0> ,4.8,<0> ,7.0,<0> ,15:30,223.0,<0> ,12.0,<0> ,909.4,<0> ,0.0,<0> 
04/23/2023 16:00,9.66666667,tjrtlmet,P,1.0,1.0,15.0,,16.3,<0> ,78.0,<0> ,1009.0,<0> ,4.6,<0> ,6.3,<0> ,15:59,216.0,<0> ,12.0,<0> ,757.7,<0> ,0.0,<0> 
04/23/2023 16:15,9.67708333,tjrtlmet,P,1.0,1.0,15.0,,16.2,<0> ,78.0,<0> ,1009.0,<0> ,4.3,<0> ,6.4,<0> ,16:13,210.0,<0> ,14.0,<0> ,713.8,<0> ,0.0,<0> 
04/23/2023 16:30,9.6875,tjrtlmet,P,1.0,1.0,15.0,,15.9,<0> ,79.0,<0> ,1009.0,<0> ,4.0,<0> ,5.9,<0> ,16:22,215.0,<0> ,14.0,<0> ,471.0,<0> ,0.0,<0> 
04/23/2023 16:45,9.69791667,tjrtlmet,P,1.0,1.0,15.0,,15.3,<0> ,81.0,<0> ,1009.0,<0> ,3.7,<0> ,6.3,<0> ,16:32,218.0,<0> ,12.0,<0> ,295.8,<0> ,0.0,<0> 
04/23/2023 17:00,9.70833333,tjrtlmet,P,1.0,1.0,15.0,,15.0,<0> ,82.0,<0> ,1009.0,<0> ,3.3,<0> ,5.3,<0> ,16:58,210.0,<0> ,17.0,<0> ,234.0,<0> ,0.0,<0> 
04/23/2023 17:15,9.71875,tjrtlmet,P,1.0,1.0,15.0,,14.8,<0> ,83.0,<0> ,1009.0,<0> ,3.2,<0> ,5.2,<0> ,17:11,218.0,<0> ,14.0,<0> ,167.9,<0> ,0.0,<0> 
04/23/2023 17:30,9.72916667,tjrtlmet,P,1.0,1.0,15.0,,14.7,<0> ,83.0,<0> ,1009.0,<0> ,3.0,<0> ,4.9,<0> ,17:29,208.0,<0> ,17.0,<0> ,119.1,<0> ,0.0,<0> 
04/23/2023 17:45,9.73958333,tjrtlmet,P,1.0,1.0,15.0,,14.7,<0> ,84.0,<0> ,1009.0,<0> ,2.7,<0> ,4.5,<0> ,17:40,210.0,<0> ,18.0,<0> ,86.1,<0> ,0.0,<0> 
04/23/2023 18:00,9.75,tjrtlmet,P,1.0,1.0,15.0,,14.4,<0> ,84.0,<0> ,1009.0,<0> ,2.4,<0> ,4.1,<0> ,17:45,205.0,<0> ,14.0,<0> ,54.2,<0> ,0.0,<0> 
04/23/2023 18:15,9.76041667,tjrtlmet,P,1.0,1.0,15.0,,14.1,<0> ,85.0,<0> ,1009.0,<0> ,2.6,<0> ,4.8,<0> ,18:06,201.0,<0> ,17.0,<0> ,24.3,<0> ,0.0,<0> 
04/23/2023 18:30,9.77083333,tjrtlmet,P,1.0,1.0,15.0,,13.9,<0> ,86.0,<0> ,1010.0,<0> ,1.9,<0> ,3.4,<0> ,18:19,209.0,<0> ,14.0,<0> ,7.1,<0> ,0.0,<0> 
04/23/2023 18:45,9.78125,tjrtlmet,P,1.0,1.0,15.0,,13.8,<0> ,87.0,<0> ,1010.0,<0> ,2.3,<0> ,3.9,<0> ,18:30,204.0,<0> ,16.0,<0> ,0.5,<0> ,0.0,<0> 
04/23/2023 19:00,9.79166667,tjrtlmet,P,1.0,1.0,15.0,,13.5,<0> ,88.0,<0> ,1010.0,<0> ,1.8,<0> ,3.2,<0> ,18:46,214.0,<0> ,16.0,<0> ,0.0,<0> ,0.0,<0> 
04/23/2023 19:15,9.80208333,tjrtlmet,P,1.0,1.0,15.0,,13.4,<0> ,88.0,<0> ,1010.0,<0> ,1.9,<0> ,3.2,<0> ,19:06,200.0,<0> ,13.0,<0> ,0.0,<0> ,0.0,<0> 
04/23/2023 19:30,9.8125,tjrtlmet,P,1.0,1.0,15.0,,13.4,<0> ,89.0,<0> ,1010.0,<0> ,1.6,<0> ,3.1,<0> ,19:24,202.0,<0> ,14.0,<0> ,0.0,<0> ,0.0,<0> 
04/23/2023 19:45,9.82291667,tjrtlmet,P,1.0,1.0,15.0,,13.1,<0> ,90.0,<0> ,1010.0,<0> ,1.6,<0> ,2.7,<0> ,19:30,196.0,<0> ,11.0,<0> ,0.0,<0> ,0.0,<0> 
04/23/2023 20:00,9.83333333,tjrtlmet,P,1.0,1.0,15.0,,13.4,<0> ,90.0,<0> ,1010.0,<0> ,1.5,<0> ,2.6,<0> ,19:48,231.0,<0> ,17.0,<0> ,0.0,<0> ,0.0,<0> 
04/23/2023 20:15,9.84375,tjrtlmet,P,1.0,1.0,15.0,,13.6,<0> ,90.0,<0> ,1010.0,<0> ,1.2,<0> ,2.6,<0> ,20:06,204.0,<0> ,18.0,<0> ,0.0,<0> ,0.0,<0> 
04/23/2023 20:30,9.85416667,tjrtlmet,P,1.0,1.0,15.0,,13.7,<0> ,89.0,<0> ,1011.0,<0> ,1.4,<0> ,2.8,<0> ,20:16,197.0,<0> ,13.0,<0> ,0.0,<0> ,0.0,<0> 
04/23/2023 20:45,9.86458333,tjrtlmet,P,1.0,1.0,15.0,,13.7,<0> ,89.0,<0> ,1011.0,<0> ,1.5,<0> ,2.5,<0> ,20:35,210.0,<0> ,22.0,<0> ,0.0,<0> ,0.0,<0> 
04/23/2023 21:00,9.875,tjrtlmet,P,1.0,1.0,15.0,,13.8,<0> ,88.0,<0> ,1011.0,<0> ,1.2,<0> ,1.9,<0> ,20:45,230.0,<0> ,9.0,<0> ,0.0,<0> ,0.0,<0> 
04/23/2023 21:15,9.88541667,tjrtlmet,P,1.0,1.0,15.0,,13.9,<0> ,88.0,<0> ,1011.0,<0> ,1.2,<0> ,2.2,<0> ,21:13,193.0,<0> ,15.0,<0> ,0.0,<0> ,0.0,<0> 
04/23/2023 21:30,9.89583333,tjrtlmet,P,1.0,1.0,15.0,,13.9,<0> ,88.0,<0> ,1011.0,<0> ,1.5,<0> ,2.5,<0> ,21:21,201.0,<0> ,15.0,<0> ,0.0,<0> ,0.0,<0> 
04/23/2023 21:45,9.90625,tjrtlmet,P,1.0,1.0,15.0,,14.0,<0> ,88.0,<0> ,1011.0,<0> ,1.6,<0> ,2.5,<0> ,21:39,233.0,<0> ,11.0,<0> ,0.0,<0> ,0.0,<0> 
04/23/2023 22:00,9.91666667,tjrtlmet,P,1.0,1.0,15.0,,14.1,<0> ,87.0,<0> ,1011.0,<0> ,1.6,<0> ,2.6,<0> ,21:56,223.0,<0> ,12.0,<0> ,0.0,<0> ,0.0,<0> 
04/23/2023 22:15,9.92708333,tjrtlmet,P,1.0,1.0,15.0,,14.1,<0> ,87.0,<0> ,1011.0,<0> ,1.6,<0> ,2.5,<0> ,22:06,205.0,<0> ,12.0,<0> ,0.0,<0> ,0.0,<0> 
04/23/2023 22:30,9.9375,tjrtlmet,P,1.0,1.0,15.0,,14.0,<0> ,87.0,<0> ,1011.0,<0> ,1.3,<0> ,2.2,<0> ,22:16,196.0,<0> ,10.0,<0> ,0.0,<0> ,0.0,<0> 
04/23/2023 22:45,9.94791667,tjrtlmet,P,1.0,1.0,15.0,,14.0,<0> ,87.0,<0> ,1011.0,<0> ,1.2,<0> ,1.9,<0> ,22:36,183.0,<0> ,12.0,<0> ,0.0,<0> ,0.0,<0> 
04/23/2023 23:00,9.95833333,tjrtlmet,P,1.0,1.0,15.0,,14.0,<0> ,87.0,<0> ,1011.0,<0> ,1.3,<0> ,2.4,<0> ,22:56,190.0,<0> ,14.0,<0> ,0.0,<0> ,0.0,<0> 
04/23/2023 23:15,9.96875,tjrtlmet,P,1.0,1.0,15.0,,14.0,<0> ,87.0,<0> ,1011.0,<0> ,1.3,<0> ,2.4,<0> ,23:10,203.0,<0> ,15.0,<0> ,0.0,<0> ,0.0,<0> 
04/23/2023 23:30,9.97916667,tjrtlmet,P,1.0,1.0,15.0,,14.0,<0> ,87.0,<0> ,1011.0,<0> ,1.4,<0> ,2.5,<0> ,23:29,181.0,<0> ,11.0,<0> ,0.0,<0> ,0.0,<0> 
04/23/2023 23:45,9.98958333,tjrtlmet,P,1.0,1.0,15.0,,14.0,<0> ,87.0,<0> ,1011.0,<0> ,1.7,<0> ,3.1,<0> ,23:39,193.0,<0> ,16.0,<0> ,0.0,<0> ,0.0,<0> 
04/24/2023 00:00,10.0,tjrtlmet,P,1.0,1.0,15.0,,13.9,<0> ,87.0,<0> ,1011.0,<0> ,1.9,<0> ,3.2,<0> ,23:46,205.0,<0> ,17.0,<0> ,0.0,<0> ,0.0,<0> 
04/24/2023 00:15,10.01041667,tjrtlmet,P,1.0,1.0,15.0,,13.9,<0> ,87.0,<0> ,1011.0,<0> ,2.1,<0> ,3.1,<0> ,00:10,211.0,<0> ,16.0,<0> ,0.0,<0> ,0.0,<0> 
04/24/2023 00:30,10.02083333,tjrtlmet,P,1.0,1.0,15.0,,13.9,<0> ,87.0,<0> ,1011.0,<0> ,2.0,<0> ,3.1,<0> ,00:18,197.0,<0> ,12.0,<0> ,0.0,<0> ,0.0,<0> 
04/24/2023 00:45,10.03125,tjrtlmet,P,1.0,1.0,15.0,,13.9,<0> ,87.0,<0> ,1011.0,<0> ,1.7,<0> ,3.6,<0> ,00:43,194.0,<0> ,15.0,<0> ,0.0,<0> ,0.0,<0> 
04/24/2023 01:00,10.04166667,tjrtlmet,P,1.0,1.0,15.0,,13.9,<0> ,87.0,<0> ,1011.0,<0> ,1.9,<0> ,3.3,<0> ,00:51,195.0,<0> ,19.0,<0> ,0.0,<0> ,0.0,<0> 
04/24/2023 01:15,10.05208333,tjrtlmet,P,1.0,1.0,15.0,,13.8,<0> ,87.0,<0> ,1011.0,<0> ,2.2,<0> ,4.9,<0> ,01:07,198.0,<0> ,15.0,<0> ,0.0,<0> ,0.0,<0> 
04/24/2023 01:30,10.0625,tjrtlmet,P,1.0,1.0,15.0,,13.7,<0> ,86.0,<0> ,1011.0,<0> ,2.0,<0> ,3.6,<0> ,01:25,183.0,<0> ,12.0,<0> ,0.0,<0> ,0.0,<0> 
04/24/2023 01:45,10.07291667,tjrtlmet,P,1.0,1.0,15.0,,13.7,<0> ,86.0,<0> ,1011.0,<0> ,2.6,<0> ,4.3,<0> ,01:40,188.0,<0> ,14.0,<0> ,0.0,<0> ,0.0,<0> 
04/24/2023 02:00,10.08333333,tjrtlmet,P,1.0,1.0,15.0,,13.7,<0> ,87.0,<0> ,1011.0,<0> ,3.0,<0> ,4.4,<0> ,01:45,198.0,<0> ,13.0,<0> ,0.0,<0> ,0.0,<0> 
04/24/2023 02:15,10.09375,tjrtlmet,P,1.0,1.0,15.0,,13.6,<0> ,87.0,<0> ,1011.0,<0> ,2.4,<0> ,3.7,<0> ,02:13,190.0,<0> ,13.0,<0> ,0.0,<0> ,0.0,<0> 
04/24/2023 02:30,10.10416667,tjrtlmet,P,1.0,1.0,15.0,,13.6,<0> ,86.0,<0> ,1011.0,<0> ,2.4,<0> ,4.1,<0> ,02:29,175.0,<0> ,15.0,<0> ,0.0,<0> ,0.0,<0> 
04/24/2023 02:45,10.11458333,tjrtlmet,P,1.0,1.0,15.0,,13.7,<0> ,86.0,<0> ,1011.0,<0> ,2.4,<0> ,4.2,<0> ,02:33,168.0,<0> ,18.0,<0> ,0.0,<0> ,0.0,<0> 
04/24/2023 03:00,10.125,tjrtlmet,P,1.0,1.0,15.0,,13.7,<0> ,86.0,<0> ,1011.0,<0> ,2.2,<0> ,3.5,<0> ,02:54,148.0,<0> ,16.0,<0> ,0.0,<0> ,0.0,<0> 
04/24/2023 03:15,10.13541667,tjrtlmet,P,1.0,1.0,15.0,,13.7,<0> ,86.0,<0> ,1011.0,<0> ,1.9,<0> ,3.6,<0> ,03:14,178.0,<0> ,14.0,<0> ,0.0,<0> ,0.0,<0> 
04/24/2023 03:30,10.14583333,tjrtlmet,P,1.0,1.0,15.0,,13.7,<0> ,85.0,<0> ,1011.0,<0> ,1.8,<0> ,4.0,<0> ,03:15,157.0,<0> ,19.0,<0> ,0.0,<0> ,0.0,<0> 
04/24/2023 03:45,10.15625,tjrtlmet,P,1.0,1.0,15.0,,13.7,<0> ,85.0,<0> ,1011.0,<0> ,1.4,<0> ,2.5,<0> ,03:42,163.0,<0> ,16.0,<0> ,0.0,<0> ,0.0,<0> 
04/24/2023 04:00,10.16666667,tjrtlmet,P,1.0,1.0,15.0,,13.8,<0> ,85.0,<0> ,1011.0,<0> ,1.3,<0> ,2.5,<0> ,03:53,168.0,<0> ,19.0,<0> ,0.0,<0> ,0.0,<0> 
04/24/2023 04:15,10.17708333,tjrtlmet,P,1.0,1.0,15.0,,13.7,<0> ,85.0,<0> ,1011.0,<0> ,1.4,<0> ,2.5,<0> ,04:03,178.0,<0> ,16.0,<0> ,0.0,<0> ,0.0,<0> 
04/24/2023 04:30,10.1875,tjrtlmet,P,1.0,1.0,15.0,,13.8,<0> ,85.0,<0> ,1011.0,<0> ,1.1,<0> ,2.0,<0> ,04:19,144.0,<0> ,21.0,<0> ,0.0,<0> ,0.0,<0> 
04/24/2023 04:45,10.19791667,tjrtlmet,P,1.0,1.0,15.0,,13.8,<0> ,84.0,<0> ,1011.0,<0> ,1.7,<0> ,3.7,<0> ,04:35,151.0,<0> ,14.0,<0> ,0.0,<0> ,0.0,<0> 
04/24/2023 05:00,10.20833333,tjrtlmet,P,1.0,1.0,15.0,,13.8,<0> ,83.0,<0> ,1012.0,<0> ,1.6,<0> ,2.8,<0> ,04:49,116.0,<0> ,17.0,<0> ,0.0,<0> ,0.0,<0> 
04/24/2023 05:15,10.21875,tjrtlmet,P,1.0,1.0,15.0,,13.8,<0> ,83.0,<0> ,1011.0,<0> ,1.6,<0> ,2.7,<0> ,05:06,117.0,<0> ,17.0,<0> ,2.0,<0> ,0.0,<0> 
04/24/2023 05:30,10.22916667,tjrtlmet,P,1.0,1.0,15.0,,13.8,<0> ,82.0,<0> ,1011.0,<0> ,1.7,<0> ,3.0,<0> ,05:18,129.0,<0> ,15.0,<0> ,8.9,<0> ,0.0,<0> 
04/24/2023 05:45,10.23958333,tjrtlmet,P,1.0,1.0,15.0,,13.9,<0> ,83.0,<0> ,1011.0,<0> ,1.6,<0> ,3.3,<0> ,05:42,155.0,<0> ,16.0,<0> ,18.1,<0> ,0.0,<0> 
04/24/2023 06:00,10.25,tjrtlmet,P,1.0,1.0,15.0,,13.9,<0> ,83.0,<0> ,1012.0,<0> ,1.8,<0> ,2.7,<0> ,05:51,136.0,<0> ,14.0,<0> ,37.3,<0> ,0.0,<0> 
04/24/2023 06:15,10.26041667,tjrtlmet,P,1.0,1.0,15.0,,14.0,<0> ,81.0,<0> ,1012.0,<0> ,1.7,<0> ,3.2,<0> ,06:14,134.0,<0> ,18.0,<0> ,66.1,<0> ,0.0,<0> 
04/24/2023 06:30,10.27083333,tjrtlmet,P,1.0,1.0,15.0,,14.1,<0> ,81.0,<0> ,1012.0,<0> ,1.7,<0> ,3.8,<0> ,06:16,140.0,<0> ,20.0,<0> ,98.5,<0> ,0.0,<0> 
04/24/2023 06:45,10.28125,tjrtlmet,P,1.0,1.0,15.0,,14.2,<0> ,81.0,<0> ,1012.0,<0> ,1.3,<0> ,2.5,<0> ,06:32,149.0,<0> ,19.0,<0> ,122.0,<0> ,0.0,<0> 
04/24/2023 07:00,10.29166667,tjrtlmet,P,1.0,1.0,15.0,,14.4,<0> ,80.0,<0> ,1012.0,<0> ,1.1,<0> ,1.9,<0> ,06:45,157.0,<0> ,19.0,<0> ,171.0,<0> ,0.0,<0> 
04/24/2023 07:15,10.30208333,tjrtlmet,P,1.0,1.0,15.0,,14.6,<0> ,79.0,<0> ,1012.0,<0> ,1.4,<0> ,2.2,<0> ,07:07,169.0,<0> ,17.0,<0> ,248.9,<0> ,0.0,<0> 
04/24/2023 07:30,10.3125,tjrtlmet,P,1.0,1.0,15.0,,14.8,<0> ,78.0,<0> ,1012.0,<0> ,0.6,<0> ,2.1,<0> ,07:29,211.0,<0> ,38.0,<0> ,305.9,<0> ,0.0,<0> 
04/24/2023 07:45,10.32291667,tjrtlmet,P,1.0,1.0,15.0,,15.2,<0> ,77.0,<0> ,1012.0,<0> ,1.5,<0> ,3.2,<0> ,07:44,198.0,<0> ,21.0,<0> ,342.1,<0> ,0.0,<0> 
04/24/2023 08:00,10.33333333,tjrtlmet,P,1.0,1.0,15.0,,15.3,<0> ,76.0,<0> ,1012.0,<0> ,1.8,<0> ,3.1,<0> ,07:58,203.0,<0> ,29.0,<0> ,381.3,<0> ,0.0,<0> 
04/24/2023 08:15,10.34375,tjrtlmet,P,1.0,1.0,15.0,,15.3,<0> ,77.0,<0> ,1012.0,<0> ,2.1,<0> ,3.0,<0> ,08:09,234.0,<0> ,17.0,<0> ,462.7,<0> ,0.0,<0> 
04/24/2023 08:30,10.35416667,tjrtlmet,P,1.0,1.0,15.0,,15.5,<0> ,77.0,<0> ,1012.0,<0> ,1.9,<0> ,3.3,<0> ,08:20,238.0,<0> ,17.0,<0> ,576.1,<0> ,0.0,<0> 
04/24/2023 08:45,10.36458333,tjrtlmet,P,1.0,1.0,15.0,,15.7,<0> ,76.0,<0> ,1012.0,<0> ,2.4,<0> ,3.8,<0> ,08:42,231.0,<0> ,17.0,<0> ,609.4,<0> ,0.0,<0> 
04/24/2023 09:00,10.375,tjrtlmet,P,1.0,1.0,15.0,,15.8,<0> ,76.0,<0> ,1012.0,<0> ,2.3,<0> ,3.3,<0> ,08:54,231.0,<0> ,16.0,<0> ,729.4,<0> ,0.0,<0> 
04/24/2023 09:15,10.38541667,tjrtlmet,P,1.0,1.0,15.0,,16.3,<0> ,76.0,<0> ,1012.0,<0> ,2.7,<0> ,4.2,<0> ,09:13,236.0,<0> ,14.0,<0> ,1031.3,<0> ,0.0,<0> 
04/24/2023 09:30,10.39583333,tjrtlmet,P,1.0,1.0,15.0,,16.4,<0> ,75.0,<0> ,1012.0,<0> ,3.1,<0> ,4.4,<0> ,09:29,242.0,<0> ,17.0,<0> ,1118.5,<0> ,0.0,<0> 
04/24/2023 09:45,10.40625,tjrtlmet,P,1.0,1.0,15.0,,16.6,<0> ,75.0,<0> ,1013.0,<0> ,2.9,<0> ,4.2,<0> ,09:37,241.0,<0> ,18.0,<0> ,1401.3,<0> ,0.0,<0> 
04/24/2023 10:00,10.41666667,tjrtlmet,P,1.0,1.0,15.0,,17.0,<0> ,74.0,<0> ,1012.0,<0> ,2.8,<0> ,4.1,<0> ,09:57,229.0,<0> ,19.0,<0> ,1533.1,<0> ,0.0,<0> 
04/24/2023 10:15,10.42708333,tjrtlmet,P,1.0,1.0,15.0,,16.7,<0> ,75.0,<0> ,1012.0,<0> ,2.9,<0> ,4.3,<0> ,10:06,224.0,<0> ,14.0,<0> ,1585.5,<0> ,0.0,<0> 
04/24/2023 10:30,10.4375,tjrtlmet,P,1.0,1.0,15.0,,17.0,<0> ,75.0,<0> ,1012.0,<0> ,2.8,<0> ,4.3,<0> ,10:26,245.0,<0> ,17.0,<0> ,1631.9,<0> ,0.0,<0> 
04/24/2023 10:45,10.44791667,tjrtlmet,P,1.0,1.0,15.0,,17.3,<0> ,74.0,<0> ,1012.0,<0> ,3.0,<0> ,4.6,<0> ,10:36,254.0,<0> ,17.0,<0> ,1658.6,<0> ,0.0,<0> 
04/24/2023 11:00,10.45833333,tjrtlmet,P,1.0,1.0,15.0,,17.2,<0> ,74.0,<0> ,1012.0,<0> ,3.0,<0> ,4.2,<0> ,10:52,250.0,<0> ,20.0,<0> ,1686.8,<0> ,0.0,<0> 
04/24/2023 11:15,10.46875,tjrtlmet,P,1.0,1.0,15.0,,17.2,<0> ,74.0,<0> ,1012.0,<0> ,3.1,<0> ,4.2,<0> ,11:14,254.0,<0> ,14.0,<0> ,1708.0,<0> ,0.0,<0> 
04/24/2023 11:30,10.47916667,tjrtlmet,P,1.0,1.0,15.0,,17.4,<0> ,74.0,<0> ,1012.0,<0> ,3.2,<0> ,5.0,<0> ,11:25,246.0,<0> ,19.0,<0> ,1721.1,<0> ,0.0,<0> 
04/24/2023 11:45,10.48958333,tjrtlmet,P,1.0,1.0,15.0,,17.8,<0> ,73.0,<0> ,1012.0,<0> ,3.0,<0> ,4.3,<0> ,11:38,236.0,<0> ,16.0,<0> ,1736.3,<0> ,0.0,<0> 
04/24/2023 12:00,10.5,tjrtlmet,P,1.0,1.0,15.0,,17.8,<0> ,72.0,<0> ,1012.0,<0> ,3.1,<0> ,4.6,<0> ,11:54,242.0,<0> ,16.0,<0> ,1786.8,<0> ,0.0,<0> 
04/24/2023 12:15,10.51041667,tjrtlmet,P,1.0,1.0,15.0,,18.0,<0> ,72.0,<0> ,1012.0,<0> ,3.3,<0> ,4.9,<0> ,12:12,235.0,<0> ,17.0,<0> ,1657.9,<0> ,0.0,<0> 
04/24/2023 12:30,10.52083333,tjrtlmet,P,1.0,1.0,15.0,,17.6,<0> ,73.0,<0> ,1012.0,<0> ,3.4,<0> ,4.9,<0> ,12:23,234.0,<0> ,16.0,<0> ,1560.5,<0> ,0.0,<0> 
04/24/2023 12:45,10.53125,tjrtlmet,P,1.0,1.0,15.0,,17.4,<0> ,74.0,<0> ,1012.0,<0> ,3.1,<0> ,4.4,<0> ,12:35,237.0,<0> ,16.0,<0> ,1274.0,<0> ,0.0,<0> 
04/24/2023 13:00,10.54166667,tjrtlmet,P,1.0,1.0,15.0,,17.3,<0> ,75.0,<0> ,1012.0,<0> ,3.1,<0> ,4.8,<0> ,12:59,243.0,<0> ,14.0,<0> ,1212.1,<0> ,0.0,<0> 
04/24/2023 13:15,10.55208333,tjrtlmet,P,1.0,1.0,15.0,,17.1,<0> ,78.0,<0> ,1012.0,<0> ,3.4,<0> ,4.8,<0> ,13:04,252.0,<0> ,13.0,<0> ,1189.1,<0> ,0.0,<0> 
04/24/2023 13:30,10.5625,tjrtlmet,P,1.0,1.0,15.0,,17.3,<0> ,78.0,<0> ,1012.0,<0> ,3.0,<0> ,4.3,<0> ,13:21,256.0,<0> ,13.0,<0> ,1090.6,<0> ,0.0,<0> 
04/24/2023 13:45,10.57291667,tjrtlmet,P,1.0,1.0,15.0,,16.6,<0> ,79.0,<0> ,1012.0,<0> ,2.8,<0> ,4.3,<0> ,13:38,250.0,<0> ,17.0,<0> ,802.0,<0> ,0.0,<0> 
04/24/2023 14:00,10.58333333,tjrtlmet,P,1.0,1.0,15.0,,16.6,<0> ,78.0,<0> ,1012.0,<0> ,2.7,<0> ,4.4,<0> ,13:47,245.0,<0> ,19.0,<0> ,813.2,<0> ,0.0,<0> 
04/24/2023 14:15,10.59375,tjrtlmet,P,1.0,1.0,15.0,,16.5,<0> ,79.0,<0> ,1012.0,<0> ,2.5,<0> ,3.9,<0> ,14:09,229.0,<0> ,17.0,<0> ,710.0,<0> ,0.0,<0> 
04/24/2023 14:30,10.60416667,tjrtlmet,P,1.0,1.0,15.0,,16.2,<0> ,80.0,<0> ,1011.0,<0> ,2.9,<0> ,4.3,<0> ,14:17,227.0,<0> ,16.0,<0> ,575.9,<0> ,0.0,<0> 
04/24/2023 14:45,10.61458333,tjrtlmet,P,1.0,1.0,15.0,,15.9,<0> ,79.0,<0> ,1011.0,<0> ,2.9,<0> ,4.2,<0> ,14:35,215.0,<0> ,15.0,<0> ,540.3,<0> ,0.0,<0> 
04/24/2023 15:00,10.625,tjrtlmet,P,1.0,1.0,15.0,,15.8,<0> ,79.0,<0> ,1011.0,<0> ,2.7,<0> ,4.0,<0> ,14:48,218.0,<0> ,15.0,<0> ,444.7,<0> ,0.0,<0> 
04/24/2023 15:15,10.63541667,tjrtlmet,P,1.0,1.0,15.0,,15.8,<0> ,80.0,<0> ,1011.0,<0> ,2.4,<0> ,3.9,<0> ,15:05,221.0,<0> ,12.0,<0> ,367.8,<0> ,0.0,<0> 
04/24/2023 15:30,10.64583333,tjrtlmet,P,1.0,1.0,15.0,,15.7,<0> ,81.0,<0> ,1011.0,<0> ,2.3,<0> ,3.3,<0> ,15:21,219.0,<0> ,15.0,<0> ,292.6,<0> ,0.0,<0> 
04/24/2023 15:45,10.65625,tjrtlmet,P,1.0,1.0,15.0,,15.6,<0> ,82.0,<0> ,1011.0,<0> ,2.1,<0> ,3.4,<0> ,15:30,239.0,<0> ,17.0,<0> ,289.5,<0> ,0.0,<0> 
04/24/2023 16:00,10.66666667,tjrtlmet,P,1.0,1.0,15.0,,15.6,<0> ,83.0,<0> ,1011.0,<0> ,2.1,<0> ,3.1,<0> ,15:48,219.0,<0> ,23.0,<0> ,259.8,<0> ,0.0,<0> 
04/24/2023 16:15,10.67708333,tjrtlmet,P,1.0,1.0,15.0,,15.5,<0> ,82.0,<0> ,1011.0,<0> ,2.4,<0> ,3.7,<0> ,16:14,205.0,<0> ,15.0,<0> ,287.5,<0> ,0.0,<0> 
04/24/2023 16:30,10.6875,tjrtlmet,P,1.0,1.0,15.0,,15.5,<0> ,82.0,<0> ,1011.0,<0> ,2.3,<0> ,4.0,<0> ,16:18,205.0,<0> ,14.0,<0> ,270.8,<0> ,0.0,<0> 
04/24/2023 16:45,10.69791667,tjrtlmet,P,1.0,1.0,15.0,,15.4,<0> ,82.0,<0> ,1011.0,<0> ,1.8,<0> ,2.9,<0> ,16:41,219.0,<0> ,25.0,<0> ,187.3,<0> ,0.0,<0> 
04/24/2023 17:00,10.70833333,tjrtlmet,P,1.0,1.0,15.0,,15.1,<0> ,82.0,<0> ,1011.0,<0> ,1.8,<0> ,3.1,<0> ,16:52,218.0,<0> ,29.0,<0> ,127.4,<0> ,0.0,<0> 
04/24/2023 17:15,10.71875,tjrtlmet,P,1.0,1.0,15.0,,15.1,<0> ,82.0,<0> ,1011.0,<0> ,1.7,<0> ,3.1,<0> ,17:01,220.0,<0> ,25.0,<0> ,110.7,<0> ,0.0,<0> 
04/24/2023 17:30,10.72916667,tjrtlmet,P,1.0,1.0,15.0,,15.0,<0> ,82.0,<0> ,1011.0,<0> ,1.8,<0> ,2.7,<0> ,17:29,240.0,<0> ,17.0,<0> ,95.3,<0> ,0.0,<0> 
04/24/2023 17:45,10.73958333,tjrtlmet,P,1.0,1.0,15.0,,14.8,<0> ,82.0,<0> ,1011.0,<0> ,1.6,<0> ,3.1,<0> ,17:32,261.0,<0> ,15.0,<0> ,69.1,<0> ,0.0,<0> 
04/24/2023 18:00,10.75,tjrtlmet,P,1.0,1.0,15.0,,14.7,<0> ,83.0,<0> ,1011.0,<0> ,1.5,<0> ,2.2,<0> ,17:49,246.0,<0> ,18.0,<0> ,31.4,<0> ,0.0,<0> 
04/24/2023 18:15,10.76041667,tjrtlmet,P,1.0,1.0,15.0,,14.6,<0> ,83.0,<0> ,1011.0,<0> ,1.4,<0> ,2.3,<0> ,18:12,231.0,<0> ,22.0,<0> ,16.0,<0> ,0.0,<0> 
04/24/2023 18:30,10.77083333,tjrtlmet,P,1.0,1.0,15.0,,14.5,<0> ,83.0,<0> ,1011.0,<0> ,1.2,<0> ,2.2,<0> ,18:24,192.0,<0> ,13.0,<0> ,5.6,<0> ,0.0,<0> 
04/24/2023 18:45,10.78125,tjrtlmet,P,1.0,1.0,15.0,,14.3,<0> ,83.0,<0> ,1011.0,<0> ,1.5,<0> ,2.7,<0> ,18:31,195.0,<0> ,19.0,<0> ,0.3,<0> ,0.0,<0> 
04/24/2023 19:00,10.79166667,tjrtlmet,P,1.0,1.0,15.0,,14.2,<0> ,84.0,<0> ,1011.0,<0> ,1.1,<0> ,2.2,<0> ,18:53,191.0,<0> ,20.0,<0> ,0.0,<0> ,0.0,<0> 
04/24/2023 19:15,10.80208333,tjrtlmet,P,1.0,1.0,15.0,,14.1,<0> ,84.0,<0> ,1011.0,<0> ,1.2,<0> ,1.8,<0> ,19:02,176.0,<0> ,10.0,<0> ,0.0,<0> ,0.0,<0> 
04/24/2023 19:30,10.8125,tjrtlmet,P,1.0,1.0,15.0,,14.1,<0> ,84.0,<0> ,1012.0,<0> ,1.2,<0> ,2.0,<0> ,19:24,187.0,<0> ,9.0,<0> ,0.0,<0> ,0.0,<0> 
04/24/2023 19:45,10.82291667,tjrtlmet,P,1.0,1.0,15.0,,14.1,<0> ,85.0,<0> ,1012.0,<0> ,1.1,<0> ,2.2,<0> ,19:43,205.0,<0> ,17.0,<0> ,0.0,<0> ,0.0,<0> 
04/24/2023 20:00,10.83333333,tjrtlmet,P,1.0,1.0,15.0,,14.1,<0> ,85.0,<0> ,1012.0,<0> ,1.7,<0> ,2.7,<0> ,19:51,216.0,<0> ,17.0,<0> ,0.0,<0> ,0.0,<0> 
04/24/2023 20:15,10.84375,tjrtlmet,P,1.0,1.0,15.0,,14.0,<0> ,85.0,<0> ,1012.0,<0> ,1.4,<0> ,2.8,<0> ,20:05,203.0,<0> ,25.0,<0> ,0.0,<0> ,0.0,<0> 
04/24/2023 20:30,10.85416667,tjrtlmet,P,1.0,1.0,15.0,,14.0,<0> ,85.0,<0> ,1012.0,<0> ,1.4,<0> ,2.3,<0> ,20:23,227.0,<0> ,25.0,<0> ,0.0,<0> ,0.0,<0> 
04/24/2023 20:45,10.86458333,tjrtlmet,P,1.0,1.0,15.0,,13.9,<0> ,85.0,<0> ,1012.0,<0> ,1.5,<0> ,2.3,<0> ,20:31,250.0,<0> ,15.0,<0> ,0.0,<0> ,0.0,<0> 
04/24/2023 21:00,10.875,tjrtlmet,P,1.0,1.0,15.0,,13.9,<0> ,85.0,<0> ,1012.0,<0> ,1.6,<0> ,3.0,<0> ,20:57,220.0,<0> ,21.0,<0> ,0.0,<0> ,0.0,<0> 
04/24/2023 21:15,10.88541667,tjrtlmet,P,1.0,1.0,15.0,,13.9,<0> ,86.0,<0> ,1013.0,<0> ,1.5,<0> ,2.6,<0> ,21:00,224.0,<0> ,23.0,<0> ,0.0,<0> ,0.0,<0> 
04/24/2023 21:30,10.89583333,tjrtlmet,P,1.0,1.0,15.0,,13.8,<0> ,86.0,<0> ,1013.0,<0> ,0.6,<0> ,1.1,<0> ,21:27,240.0,<0> ,29.0,<0> ,0.0,<0> ,0.0,<0> 
04/24/2023 21:45,10.90625,tjrtlmet,P,1.0,1.0,15.0,,13.9,<0> ,86.0,<0> ,1013.0,<0> ,0.9,<0> ,1.9,<0> ,21:38,197.0,<0> ,15.0,<0> ,0.0,<0> ,0.0,<0> 
04/24/2023 22:00,10.91666667,tjrtlmet,P,1.0,1.0,15.0,,13.8,<0> ,86.0,<0> ,1013.0,<0> ,0.6,<0> ,1.5,<0> ,21:49,150.0,<0> ,30.0,<0> ,0.0,<0> ,0.0,<0> 
04/24/2023 22:15,10.92708333,tjrtlmet,P,1.0,1.0,15.0,,13.8,<0> ,86.0,<0> ,1012.0,<0> ,1.1,<0> ,2.6,<0> ,22:08,159.0,<0> ,29.0,<0> ,0.0,<0> ,0.0,<0> 
04/24/2023 22:30,10.9375,tjrtlmet,P,1.0,1.0,15.0,,13.8,<0> ,86.0,<0> ,1012.0,<0> ,0.9,<0> ,1.7,<0> ,22:23,234.0,<0> ,49.0,<0> ,0.0,<0> ,0.0,<0> 
04/24/2023 22:45,10.94791667,tjrtlmet,P,1.0,1.0,15.0,,13.7,<0> ,86.0,<0> ,1012.0,<0> ,0.8,<0> ,1.8,<0> ,22:39,232.0,<0> ,20.0,<0> ,0.0,<0> ,0.0,<0> 
04/24/2023 23:00,10.95833333,tjrtlmet,P,1.0,1.0,15.0,,13.8,<0> ,87.0,<0> ,1012.0,<0> ,1.2,<0> ,1.9,<0> ,22:47,222.0,<0> ,20.0,<0> ,0.0,<0> ,0.0,<0> 
04/24/2023 23:15,10.96875,tjrtlmet,P,1.0,1.0,15.0,,13.8,<0> ,87.0,<0> ,1012.0,<0> ,1.6,<0> ,2.4,<0> ,23:07,201.0,<0> ,14.0,<0> ,0.0,<0> ,0.0,<0> 
04/24/2023 23:30,10.97916667,tjrtlmet,P,1.0,1.0,15.0,,13.7,<0> ,88.0,<0> ,1012.0,<0> ,1.4,<0> ,2.7,<0> ,23:29,199.0,<0> ,13.0,<0> ,0.0,<0> ,0.0,<0> 
04/24/2023 23:45,10.98958333,tjrtlmet,P,1.0,1.0,15.0,,13.7,<0> ,88.0,<0> ,1012.0,<0> ,1.7,<0> ,2.8,<0> ,23:43,201.0,<0> ,14.0,<0> ,0.0,<0> ,0.0,<0> 
04/25/2023 00:00,11.0,tjrtlmet,P,1.0,1.0,15.0,,13.6,<0> ,88.0,<0> ,1012.0,<0> ,2.0,<0> ,3.0,<0> ,23:56,205.0,<0> ,14.0,<0> ,0.0,<0> ,0.0,<0> 
04/25/2023 00:15,11.01041667,tjrtlmet,P,1.0,1.0,15.0,,13.6,<0> ,88.0,<0> ,1012.0,<0> ,2.1,<0> ,3.4,<0> ,00:07,205.0,<0> ,15.0,<0> ,0.0,<0> ,0.0,<0> 
04/25/2023 00:30,11.02083333,tjrtlmet,P,1.0,1.0,15.0,,13.6,<0> ,88.0,<0> ,1012.0,<0> ,2.3,<0> ,3.7,<0> ,00:20,190.0,<0> ,16.0,<0> ,0.0,<0> ,0.0,<0> 
04/25/2023 00:45,11.03125,tjrtlmet,P,1.0,1.0,15.0,,13.8,<0> ,87.0,<0> ,1012.0,<0> ,1.9,<0> ,3.6,<0> ,00:40,174.0,<0> ,16.0,<0> ,0.0,<0> ,0.0,<0> 
04/25/2023 01:00,11.04166667,tjrtlmet,P,1.0,1.0,15.0,,13.9,<0> ,86.0,<0> ,1012.0,<0> ,2.0,<0> ,4.0,<0> ,00:48,166.0,<0> ,13.0,<0> ,0.0,<0> ,0.0,<0> 
04/25/2023 01:15,11.05208333,tjrtlmet,P,1.0,1.0,15.0,,13.8,<0> ,86.0,<0> ,1012.0,<0> ,2.0,<0> ,3.3,<0> ,01:12,161.0,<0> ,12.0,<0> ,0.0,<0> ,0.0,<0> 
04/25/2023 01:30,11.0625,tjrtlmet,P,1.0,1.0,15.0,,13.8,<0> ,87.0,<0> ,1012.0,<0> ,1.9,<0> ,3.3,<0> ,01:17,159.0,<0> ,11.0,<0> ,0.0,<0> ,0.0,<0> 
04/25/2023 01:45,11.07291667,tjrtlmet,P,1.0,1.0,15.0,,13.7,<0> ,87.0,<0> ,1011.0,<0> ,2.1,<0> ,4.2,<0> ,01:37,155.0,<0> ,14.0,<0> ,0.0,<0> ,0.0,<0> 
04/25/2023 02:00,11.08333333,tjrtlmet,P,1.0,1.0,15.0,,13.6,<0> ,87.0,<0> ,1011.0,<0> ,1.8,<0> ,3.4,<0> ,01:58,157.0,<0> ,13.0,<0> ,0.0,<0> ,0.0,<0> 
04/25/2023 02:15,11.09375,tjrtlmet,P,1.0,1.0,15.0,,13.7,<0> ,87.0,<0> ,1011.0,<0> ,1.9,<0> ,3.6,<0> ,02:08,166.0,<0> ,14.0,<0> ,0.0,<0> ,0.0,<0> 
04/25/2023 02:30,11.10416667,tjrtlmet,P,1.0,1.0,15.0,,13.7,<0> ,86.0,<0> ,1011.0,<0> ,1.9,<0> ,2.8,<0> ,02:23,188.0,<0> ,11.0,<0> ,0.0,<0> ,0.0,<0> 
04/25/2023 02:45,11.11458333,tjrtlmet,P,1.0,1.0,15.0,,13.7,<0> ,85.0,<0> ,1011.0,<0> ,2.1,<0> ,3.2,<0> ,02:39,196.0,<0> ,12.0,<0> ,0.0,<0> ,0.0,<0> 
04/25/2023 03:00,11.125,tjrtlmet,P,1.0,1.0,15.0,,13.7,<0> ,85.0,<0> ,1011.0,<0> ,2.0,<0> ,3.1,<0> ,02:58,196.0,<0> ,17.0,<0> ,0.0,<0> ,0.0,<0> 
04/25/2023 03:15,11.13541667,tjrtlmet,P,1.0,1.0,15.0,,13.8,<0> ,85.0,<0> ,1011.0,<0> ,2.0,<0> ,3.2,<0> ,03:12,207.0,<0> ,13.0,<0> ,0.0,<0> ,0.0,<0> 
04/25/2023 03:30,11.14583333,tjrtlmet,P,1.0,1.0,15.0,,13.7,<0> ,85.0,<0> ,1011.0,<0> ,2.1,<0> ,3.6,<0> ,03:18,223.0,<0> ,16.0,<0> ,0.0,<0> ,0.0,<0> 
04/25/2023 03:45,11.15625,tjrtlmet,P,1.0,1.0,15.0,,13.8,<0> ,86.0,<0> ,1011.0,<0> ,2.1,<0> ,3.6,<0> ,03:37,226.0,<0> ,13.0,<0> ,0.0,<0> ,0.0,<0> 
04/25/2023 04:00,11.16666667,tjrtlmet,P,1.0,1.0,15.0,,13.7,<0> ,86.0,<0> ,1011.0,<0> ,1.5,<0> ,2.8,<0> ,03:50,219.0,<0> ,16.0,<0> ,0.0,<0> ,0.0,<0> 
04/25/2023 04:15,11.17708333,tjrtlmet,P,1.0,1.0,15.0,,13.7,<0> ,86.0,<0> ,1011.0,<0> ,1.3,<0> ,2.0,<0> ,04:05,200.0,<0> ,18.0,<0> ,0.0,<0> ,0.0,<0> 
04/25/2023 04:30,11.1875,tjrtlmet,P,1.0,1.0,15.0,,13.7,<0> ,86.0,<0> ,1011.0,<0> ,1.1,<0> ,1.9,<0> ,04:29,193.0,<0> ,13.0,<0> ,0.0,<0> ,0.0,<0> 
04/25/2023 04:45,11.19791667,tjrtlmet,P,1.0,1.0,15.0,,13.6,<0> ,86.0,<0> ,1012.0,<0> ,1.4,<0> ,2.4,<0> ,04:42,170.0,<0> ,20.0,<0> ,0.0,<0> ,0.0,<0> 
04/25/2023 05:00,11.20833333,tjrtlmet,P,1.0,1.0,15.0,,13.5,<0> ,87.0,<0> ,1012.0,<0> ,1.5,<0> ,2.4,<0> ,04:55,155.0,<0> ,13.0,<0> ,0.0,<0> ,0.0,<0> 
04/25/2023 05:15,11.21875,tjrtlmet,P,1.0,1.0,15.0,,13.5,<0> ,87.0,<0> ,1012.0,<0> ,1.0,<0> ,2.1,<0> ,05:04,172.0,<0> ,11.0,<0> ,1.9,<0> ,0.0,<0> 
04/25/2023 05:30,11.22916667,tjrtlmet,P,1.0,1.0,15.0,,13.5,<0> ,87.0,<0> ,1012.0,<0> ,1.2,<0> ,2.1,<0> ,05:26,170.0,<0> ,13.0,<0> ,9.4,<0> ,0.0,<0> 
04/25/2023 05:45,11.23958333,tjrtlmet,P,1.0,1.0,15.0,,13.6,<0> ,87.0,<0> ,1012.0,<0> ,1.2,<0> ,1.9,<0> ,05:33,165.0,<0> ,10.0,<0> ,19.0,<0> ,0.0,<0> 
04/25/2023 06:00,11.25,tjrtlmet,P,1.0,1.0,15.0,,13.7,<0> ,86.0,<0> ,1012.0,<0> ,1.1,<0> ,1.9,<0> ,05:50,170.0,<0> ,12.0,<0> ,31.7,<0> ,0.0,<0> 
04/25/2023 06:15,11.26041667,tjrtlmet,P,1.0,1.0,15.0,,13.8,<0> ,85.0,<0> ,1012.0,<0> ,1.3,<0> ,2.2,<0> ,06:11,171.0,<0> ,11.0,<0> ,54.8,<0> ,0.0,<0> 
04/25/2023 06:30,11.27083333,tjrtlmet,P,1.0,1.0,15.0,,14.0,<0> ,84.0,<0> ,1012.0,<0> ,1.4,<0> ,2.5,<0> ,06:16,176.0,<0> ,13.0,<0> ,86.5,<0> ,0.0,<0> 
04/25/2023 06:45,11.28125,tjrtlmet,P,1.0,1.0,15.0,,14.2,<0> ,83.0,<0> ,1012.0,<0> ,1.5,<0> ,2.2,<0> ,06:38,162.0,<0> ,12.0,<0> ,115.8,<0> ,0.0,<0> 
04/25/2023 07:00,11.29166667,tjrtlmet,P,1.0,1.0,15.0,,14.4,<0> ,82.0,<0> ,1012.0,<0> ,1.3,<0> ,1.9,<0> ,06:51,155.0,<0> ,14.0,<0> ,152.2,<0> ,0.0,<0> 
04/25/2023 07:15,11.30208333,tjrtlmet,P,1.0,1.0,15.0,,14.7,<0> ,81.0,<0> ,1012.0,<0> ,1.3,<0> ,2.3,<0> ,07:09,173.0,<0> ,16.0,<0> ,186.2,<0> ,0.0,<0> 
04/25/2023 07:30,11.3125,tjrtlmet,P,1.0,1.0,15.0,,14.9,<0> ,79.0,<0> ,1012.0,<0> ,1.6,<0> ,2.9,<0> ,07:27,179.0,<0> ,15.0,<0> ,239.0,<0> ,0.0,<0> 
04/25/2023 07:45,11.32291667,tjrtlmet,P,1.0,1.0,15.0,,15.1,<0> ,78.0,<0> ,1012.0,<0> ,1.7,<0> ,2.8,<0> ,07:43,173.0,<0> ,14.0,<0> ,301.0,<0> ,0.0,<0> 
04/25/2023 08:00,11.33333333,tjrtlmet,P,1.0,1.0,15.0,,15.3,<0> ,77.0,<0> ,1012.0,<0> ,1.8,<0> ,3.0,<0> ,07:46,187.0,<0> ,16.0,<0> ,357.5,<0> ,0.0,<0> 
04/25/2023 08:15,11.34375,tjrtlmet,P,1.0,1.0,15.0,,15.5,<0> ,77.0,<0> ,1013.0,<0> ,2.0,<0> ,3.2,<0> ,08:09,194.0,<0> ,18.0,<0> ,440.9,<0> ,0.0,<0> 
04/25/2023 08:30,11.35416667,tjrtlmet,P,1.0,1.0,15.0,,15.7,<0> ,77.0,<0> ,1013.0,<0> ,1.9,<0> ,3.1,<0> ,08:28,214.0,<0> ,22.0,<0> ,449.4,<0> ,0.0,<0> 
04/25/2023 08:45,11.36458333,tjrtlmet,P,1.0,1.0,15.0,,15.8,<0> ,77.0,<0> ,1013.0,<0> ,2.2,<0> ,3.3,<0> ,08:41,214.0,<0> ,17.0,<0> ,519.8,<0> ,0.0,<0> 
04/25/2023 09:00,11.375,tjrtlmet,P,1.0,1.0,15.0,,16.0,<0> ,76.0,<0> ,1013.0,<0> ,2.3,<0> ,3.5,<0> ,08:55,213.0,<0> ,18.0,<0> ,566.3,<0> ,0.0,<0> 
04/25/2023 09:15,11.38541667,tjrtlmet,P,1.0,1.0,15.0,,16.0,<0> ,76.0,<0> ,1013.0,<0> ,2.0,<0> ,3.0,<0> ,09:13,223.0,<0> ,17.0,<0> ,599.1,<0> ,0.0,<0> 
04/25/2023 09:30,11.39583333,tjrtlmet,P,1.0,1.0,15.0,,16.2,<0> ,76.0,<0> ,1013.0,<0> ,2.3,<0> ,3.5,<0> ,09:16,220.0,<0> ,15.0,<0> ,742.8,<0> ,0.0,<0> 
04/25/2023 09:45,11.40625,tjrtlmet,P,1.0,1.0,15.0,,16.6,<0> ,75.0,<0> ,1013.0,<0> ,2.2,<0> ,3.4,<0> ,09:41,224.0,<0> ,15.0,<0> ,888.4,<0> ,0.0,<0> 
04/25/2023 10:00,11.41666667,tjrtlmet,P,1.0,1.0,15.0,,16.9,<0> ,75.0,<0> ,1013.0,<0> ,2.4,<0> ,3.8,<0> ,09:47,232.0,<0> ,17.0,<0> ,1074.3,<0> ,0.0,<0> 
04/25/2023 10:15,11.42708333,tjrtlmet,P,1.0,1.0,15.0,,17.2,<0> ,75.0,<0> ,1013.0,<0> ,3.0,<0> ,4.4,<0> ,10:13,224.0,<0> ,16.0,<0> ,1494.7,<0> ,0.0,<0> 
04/25/2023 10:30,11.4375,tjrtlmet,P,1.0,1.0,15.0,,17.4,<0> ,75.0,<0> ,1013.0,<0> ,3.3,<0> ,4.7,<0> ,10:17,228.0,<0> ,15.0,<0> ,1649.9,<0> ,0.0,<0> 
04/25/2023 10:45,11.44791667,tjrtlmet,P,1.0,1.0,15.0,,17.6,<0> ,75.0,<0> ,1013.0,<0> ,3.5,<0> ,5.1,<0> ,10:34,230.0,<0> ,14.0,<0> ,1656.4,<0> ,0.0,<0> 
04/25/2023 11:00,11.45833333,tjrtlmet,P,1.0,1.0,15.0,,17.5,<0> ,75.0,<0> ,1013.0,<0> ,3.8,<0> ,5.3,<0> ,10:55,228.0,<0> ,12.0,<0> ,1708.3,<0> ,0.0,<0> 
04/25/2023 11:15,11.46875,tjrtlmet,P,1.0,1.0,15.0,,17.3,<0> ,76.0,<0> ,1013.0,<0> ,4.1,<0> ,5.6,<0> ,11:02,229.0,<0> ,11.0,<0> ,1714.7,<0> ,0.0,<0> 
04/25/2023 11:30,11.47916667,tjrtlmet,P,1.0,1.0,15.0,,17.6,<0> ,76.0,<0> ,1013.0,<0> ,3.4,<0> ,5.1,<0> ,11:27,228.0,<0> ,12.0,<0> ,1736.0,<0> ,0.0,<0> 
04/25/2023 11:45,11.48958333,tjrtlmet,P,1.0,1.0,15.0,,17.3,<0> ,78.0,<0> ,1013.0,<0> ,3.9,<0> ,5.1,<0> ,11:30,242.0,<0> ,11.0,<0> ,1748.0,<0> ,0.0,<0> 
04/25/2023 12:00,11.5,tjrtlmet,P,1.0,1.0,15.0,,17.2,<0> ,79.0,<0> ,1013.0,<0> ,3.8,<0> ,5.2,<0> ,11:45,240.0,<0> ,14.0,<0> ,1636.8,<0> ,0.0,<0> 
04/25/2023 12:15,11.51041667,tjrtlmet,P,1.0,1.0,15.0,,17.3,<0> ,80.0,<0> ,1013.0,<0> ,3.7,<0> ,5.6,<0> ,12:02,242.0,<0> ,13.0,<0> ,1752.7,<0> ,0.0,<0> 
04/25/2023 12:30,11.52083333,tjrtlmet,P,1.0,1.0,15.0,,17.6,<0> ,79.0,<0> ,1013.0,<0> ,3.5,<0> ,5.1,<0> ,12:15,237.0,<0> ,18.0,<0> ,1607.7,<0> ,0.0,<0> 
04/25/2023 12:45,11.53125,tjrtlmet,P,1.0,1.0,15.0,,17.4,<0> ,79.0,<0> ,1012.0,<0> ,3.9,<0> ,5.5,<0> ,12:34,229.0,<0> ,13.0,<0> ,1715.2,<0> ,0.0,<0> 
04/25/2023 13:00,11.54166667,tjrtlmet,P,1.0,1.0,15.0,,17.2,<0> ,80.0,<0> ,1012.0,<0> ,3.8,<0> ,5.4,<0> ,12:52,224.0,<0> ,14.0,<0> ,1642.0,<0> ,0.0,<0> 
04/25/2023 13:15,11.55208333,tjrtlmet,P,1.0,1.0,15.0,,17.5,<0> ,79.0,<0> ,1012.0,<0> ,3.8,<0> ,5.8,<0> ,13:13,228.0,<0> ,15.0,<0> ,1610.4,<0> ,0.0,<0> 
04/25/2023 13:30,11.5625,tjrtlmet,P,1.0,1.0,15.0,,17.2,<0> ,79.0,<0> ,1012.0,<0> ,3.9,<0> ,5.5,<0> ,13:15,227.0,<0> ,12.0,<0> ,1565.7,<0> ,0.0,<0> 
04/25/2023 13:45,11.57291667,tjrtlmet,P,1.0,1.0,15.0,,17.4,<0> ,78.0,<0> ,1012.0,<0> ,3.7,<0> ,5.4,<0> ,13:42,242.0,<0> ,14.0,<0> ,1518.2,<0> ,0.0,<0> 
04/25/2023 14:00,11.58333333,tjrtlmet,P,1.0,1.0,15.0,,17.2,<0> ,79.0,<0> ,1012.0,<0> ,3.6,<0> ,5.3,<0> ,13:45,237.0,<0> ,16.0,<0> ,1466.2,<0> ,0.0,<0> 
04/25/2023 14:15,11.59375,tjrtlmet,P,1.0,1.0,15.0,,17.1,<0> ,78.0,<0> ,1012.0,<0> ,3.7,<0> ,5.0,<0> ,14:10,238.0,<0> ,16.0,<0> ,1397.7,<0> ,0.0,<0> 
04/25/2023 14:30,11.60416667,tjrtlmet,P,1.0,1.0,15.0,,17.1,<0> ,78.0,<0> ,1012.0,<0> ,3.6,<0> ,5.2,<0> ,14:27,239.0,<0> ,15.0,<0> ,1291.9,<0> ,0.0,<0> 
04/25/2023 14:45,11.61458333,tjrtlmet,P,1.0,1.0,15.0,,17.2,<0> ,78.0,<0> ,1012.0,<0> ,3.4,<0> ,4.7,<0> ,14:37,234.0,<0> ,19.0,<0> ,1259.3,<0> ,0.0,<0> 
04/25/2023 15:00,11.625,tjrtlmet,P,1.0,1.0,15.0,,17.2,<0> ,78.0,<0> ,1012.0,<0> ,3.2,<0> ,5.1,<0> ,14:49,239.0,<0> ,13.0,<0> ,1191.2,<0> ,0.0,<0> 
04/25/2023 15:15,11.63541667,tjrtlmet,P,1.0,1.0,15.0,,17.1,<0> ,78.0,<0> ,1011.0,<0> ,3.5,<0> ,4.9,<0> ,15:05,257.0,<0> ,11.0,<0> ,1108.4,<0> ,0.0,<0> 
04/25/2023 15:30,11.64583333,tjrtlmet,P,1.0,1.0,15.0,,17.0,<0> ,78.0,<0> ,1012.0,<0> ,3.5,<0> ,5.1,<0> ,15:27,250.0,<0> ,13.0,<0> ,982.5,<0> ,0.0,<0> 
04/25/2023 15:45,11.65625,tjrtlmet,P,1.0,1.0,15.0,,16.7,<0> ,78.0,<0> ,1012.0,<0> ,3.1,<0> ,4.7,<0> ,15:40,242.0,<0> ,12.0,<0> ,682.4,<0> ,0.0,<0> 
04/25/2023 16:00,11.66666667,tjrtlmet,P,1.0,1.0,15.0,,16.3,<0> ,80.0,<0> ,1012.0,<0> ,2.9,<0> ,4.2,<0> ,15:57,249.0,<0> ,16.0,<0> ,507.9,<0> ,0.0,<0> 
04/25/2023 16:15,11.67708333,tjrtlmet,P,1.0,1.0,15.0,,16.0,<0> ,80.0,<0> ,1012.0,<0> ,3.0,<0> ,4.6,<0> ,16:11,240.0,<0> ,13.0,<0> ,474.1,<0> ,0.0,<0> 
04/25/2023 16:30,11.6875,tjrtlmet,P,1.0,1.0,15.0,,16.0,<0> ,80.0,<0> ,1012.0,<0> ,2.8,<0> ,3.9,<0> ,16:23,235.0,<0> ,14.0,<0> ,415.8,<0> ,0.0,<0> 
04/25/2023 16:45,11.69791667,tjrtlmet,P,1.0,1.0,15.0,,15.7,<0> ,80.0,<0> ,1012.0,<0> ,2.9,<0> ,4.2,<0> ,16:32,230.0,<0> ,12.0,<0> ,272.9,<0> ,0.0,<0> 
04/25/2023 17:00,11.70833333,tjrtlmet,P,1.0,1.0,15.0,,15.5,<0> ,80.0,<0> ,1012.0,<0> ,2.9,<0> ,3.9,<0> ,16:45,229.0,<0> ,14.0,<0> ,206.4,<0> ,0.0,<0> 
04/25/2023 17:15,11.71875,tjrtlmet,P,1.0,1.0,15.0,,15.5,<0> ,81.0,<0> ,1012.0,<0> ,2.3,<0> ,4.2,<0> ,17:03,230.0,<0> ,14.0,<0> ,160.1,<0> ,0.0,<0> 
04/25/2023 17:30,11.72916667,tjrtlmet,P,1.0,1.0,15.0,,15.3,<0> ,81.0,<0> ,1012.0,<0> ,2.0,<0> ,4.0,<0> ,17:16,223.0,<0> ,16.0,<0> ,102.6,<0> ,0.0,<0> 
04/25/2023 17:45,11.73958333,tjrtlmet,P,1.0,1.0,15.0,,15.1,<0> ,81.0,<0> ,1012.0,<0> ,1.9,<0> ,3.2,<0> ,17:32,231.0,<0> ,15.0,<0> ,65.0,<0> ,0.0,<0> 
04/25/2023 18:00,11.75,tjrtlmet,P,1.0,1.0,15.0,,15.0,<0> ,82.0,<0> ,1012.0,<0> ,2.0,<0> ,3.1,<0> ,17:56,233.0,<0> ,13.0,<0> ,44.8,<0> ,0.0,<0> 
04/25/2023 18:15,11.76041667,tjrtlmet,P,1.0,1.0,15.0,,15.0,<0> ,82.0,<0> ,1012.0,<0> ,1.9,<0> ,3.0,<0> ,18:04,219.0,<0> ,15.0,<0> ,21.4,<0> ,0.0,<0> 
04/25/2023 18:30,11.77083333,tjrtlmet,P,1.0,1.0,15.0,,14.8,<0> ,83.0,<0> ,1012.0,<0> ,2.0,<0> ,2.9,<0> ,18:22,226.0,<0> ,12.0,<0> ,6.5,<0> ,0.0,<0> 
04/25/2023 18:45,11.78125,tjrtlmet,P,1.0,1.0,15.0,,14.8,<0> ,83.0,<0> ,1012.0,<0> ,1.9,<0> ,3.0,<0> ,18:31,218.0,<0> ,12.0,<0> ,0.4,<0> ,0.0,<0> 
04/25/2023 19:00,11.79166667,tjrtlmet,P,1.0,1.0,15.0,,14.8,<0> ,84.0,<0> ,1013.0,<0> ,1.8,<0> ,2.7,<0> ,18:48,222.0,<0> ,13.0,<0> ,0.0,<0> ,0.0,<0> 
04/25/2023 19:15,11.80208333,tjrtlmet,P,1.0,1.0,15.0,,14.7,<0> ,84.0,<0> ,1013.0,<0> ,1.5,<0> ,2.4,<0> ,19:01,217.0,<0> ,15.0,<0> ,0.0,<0> ,0.0,<0> 
04/25/2023 19:30,11.8125,tjrtlmet,P,1.0,1.0,15.0,,14.7,<0> ,84.0,<0> ,1013.0,<0> ,1.5,<0> ,2.3,<0> ,19:25,227.0,<0> ,14.0,<0> ,0.0,<0> ,0.0,<0> 
04/25/2023 19:45,11.82291667,tjrtlmet,P,1.0,1.0,15.0,,14.7,<0> ,84.0,<0> ,1013.0,<0> ,1.6,<0> ,2.5,<0> ,19:36,229.0,<0> ,13.0,<0> ,0.0,<0> ,0.0,<0> 
04/25/2023 20:00,11.83333333,tjrtlmet,P,1.0,1.0,15.0,,14.7,<0> ,84.0,<0> ,1013.0,<0> ,1.6,<0> ,2.7,<0> ,19:52,228.0,<0> ,12.0,<0> ,0.0,<0> ,0.0,<0> 
04/25/2023 20:15,11.84375,tjrtlmet,P,1.0,1.0,15.0,,14.7,<0> ,84.0,<0> ,1013.0,<0> ,1.5,<0> ,2.3,<0> ,20:02,219.0,<0> ,12.0,<0> ,0.0,<0> ,0.0,<0> 
04/25/2023 20:30,11.85416667,tjrtlmet,P,1.0,1.0,15.0,,14.6,<0> ,84.0,<0> ,1014.0,<0> ,1.4,<0> ,2.5,<0> ,20:28,220.0,<0> ,13.0,<0> ,0.0,<0> ,0.0,<0> 
04/25/2023 20:45,11.86458333,tjrtlmet,P,1.0,1.0,15.0,,14.6,<0> ,85.0,<0> ,1014.0,<0> ,1.6,<0> ,2.7,<0> ,20:35,214.0,<0> ,12.0,<0> ,0.0,<0> ,0.0,<0> 
04/25/2023 21:00,11.875,tjrtlmet,P,1.0,1.0,15.0,,14.6,<0> ,85.0,<0> ,1014.0,<0> ,1.5,<0> ,2.4,<0> ,20:56,221.0,<0> ,11.0,<0> ,0.0,<0> ,0.0,<0> 
04/25/2023 21:15,11.88541667,tjrtlmet,P,1.0,1.0,15.0,,14.6,<0> ,85.0,<0> ,1014.0,<0> ,1.5,<0> ,2.3,<0> ,21:06,223.0,<0> ,14.0,<0> ,0.0,<0> ,0.0,<0> 
04/25/2023 21:30,11.89583333,tjrtlmet,P,1.0,1.0,15.0,,14.6,<0> ,86.0,<0> ,1014.0,<0> ,1.5,<0> ,2.4,<0> ,21:29,229.0,<0> ,14.0,<0> ,0.0,<0> ,0.0,<0> 
04/25/2023 21:45,11.90625,tjrtlmet,P,1.0,1.0,15.0,,14.5,<0> ,86.0,<0> ,1014.0,<0> ,1.6,<0> ,2.5,<0> ,21:37,229.0,<0> ,14.0,<0> ,0.0,<0> ,0.0,<0> 
04/25/2023 22:00,11.91666667,tjrtlmet,P,1.0,1.0,15.0,,14.5,<0> ,86.0,<0> ,1014.0,<0> ,1.6,<0> ,2.5,<0> ,21:48,231.0,<0> ,13.0,<0> ,0.0,<0> ,0.0,<0> 
04/25/2023 22:15,11.92708333,tjrtlmet,P,1.0,1.0,15.0,,14.5,<0> ,86.0,<0> ,1014.0,<0> ,1.4,<0> ,2.5,<0> ,22:00,223.0,<0> ,12.0,<0> ,0.0,<0> ,0.0,<0> 
04/25/2023 22:30,11.9375,tjrtlmet,P,1.0,1.0,15.0,,14.5,<0> ,86.0,<0> ,1014.0,<0> ,1.6,<0> ,2.5,<0> ,22:26,223.0,<0> ,12.0,<0> ,0.0,<0> ,0.0,<0> 
04/25/2023 22:45,11.94791667,tjrtlmet,P,1.0,1.0,15.0,,14.6,<0> ,87.0,<0> ,1014.0,<0> ,1.5,<0> ,2.3,<0> ,22:44,221.0,<0> ,12.0,<0> ,0.0,<0> ,0.0,<0> 
04/25/2023 23:00,11.95833333,tjrtlmet,P,1.0,1.0,15.0,,14.5,<0> ,87.0,<0> ,1014.0,<0> ,1.4,<0> ,2.3,<0> ,22:53,230.0,<0> ,15.0,<0> ,0.0,<0> ,0.0,<0> 
04/25/2023 23:15,11.96875,tjrtlmet,P,1.0,1.0,15.0,,14.5,<0> ,87.0,<0> ,1014.0,<0> ,1.6,<0> ,2.4,<0> ,23:10,214.0,<0> ,10.0,<0> ,0.0,<0> ,0.0,<0> 
04/25/2023 23:30,11.97916667,tjrtlmet,P,1.0,1.0,15.0,,14.5,<0> ,87.0,<0> ,1014.0,<0> ,1.5,<0> ,2.7,<0> ,23:17,211.0,<0> ,14.0,<0> ,0.0,<0> ,0.0,<0> 
04/25/2023 23:45,11.98958333,tjrtlmet,P,1.0,1.0,15.0,,14.5,<0> ,88.0,<0> ,1014.0,<0> ,1.6,<0> ,2.6,<0> ,23:41,212.0,<0> ,15.0,<0> ,0.0,<0> ,0.0,<0> 
04/26/2023 00:00,12.0,tjrtlmet,P,1.0,1.0,15.0,,14.4,<0> ,88.0,<0> ,1014.0,<0> ,1.5,<0> ,2.4,<0> ,23:45,205.0,<0> ,14.0,<0> ,0.0,<0> ,0.0,<0> 
04/26/2023 00:15,12.01041667,tjrtlmet,P,1.0,1.0,15.0,,14.4,<0> ,89.0,<0> ,1014.0,<0> ,1.2,<0> ,1.9,<0> ,00:09,221.0,<0> ,16.0,<0> ,0.0,<0> ,0.0,<0> 
04/26/2023 00:30,12.02083333,tjrtlmet,P,1.0,1.0,15.0,,14.3,<0> ,89.0,<0> ,1014.0,<0> ,1.0,<0> ,1.9,<0> ,00:19,219.0,<0> ,14.0,<0> ,0.0,<0> ,0.0,<0> 
04/26/2023 00:45,12.03125,tjrtlmet,P,1.0,1.0,15.0,,14.3,<0> ,89.0,<0> ,1014.0,<0> ,0.9,<0> ,1.3,<0> ,00:32,238.0,<0> ,14.0,<0> ,0.0,<0> ,0.0,<0> 
04/26/2023 01:00,12.04166667,tjrtlmet,P,1.0,1.0,15.0,,14.4,<0> ,89.0,<0> ,1014.0,<0> ,1.0,<0> ,1.7,<0> ,00:59,222.0,<0> ,13.0,<0> ,0.0,<0> ,0.0,<0> 
04/26/2023 01:15,12.05208333,tjrtlmet,P,1.0,1.0,15.0,,14.3,<0> ,89.0,<0> ,1014.0,<0> ,1.1,<0> ,2.0,<0> ,01:12,221.0,<0> ,13.0,<0> ,0.0,<0> ,0.0,<0> 
04/26/2023 01:30,12.0625,tjrtlmet,P,1.0,1.0,15.0,,14.3,<0> ,90.0,<0> ,1013.0,<0> ,1.2,<0> ,1.7,<0> ,01:16,248.0,<0> ,14.0,<0> ,0.0,<0> ,0.0,<0> 
04/26/2023 01:45,12.07291667,tjrtlmet,P,1.0,1.0,15.0,,14.3,<0> ,90.0,<0> ,1013.0,<0> ,1.4,<0> ,2.3,<0> ,01:31,265.0,<0> ,11.0,<0> ,0.0,<0> ,0.0,<0> 
04/26/2023 02:00,12.08333333,tjrtlmet,P,1.0,1.0,15.0,,14.3,<0> ,90.0,<0> ,1013.0,<0> ,0.9,<0> ,1.5,<0> ,01:50,251.0,<0> ,16.0,<0> ,0.0,<0> ,0.0,<0> 
04/26/2023 02:15,12.09375,tjrtlmet,P,1.0,1.0,15.0,,14.3,<0> ,90.0,<0> ,1013.0,<0> ,0.9,<0> ,1.4,<0> ,02:03,252.0,<0> ,12.0,<0> ,0.0,<0> ,0.0,<0> 
04/26/2023 02:30,12.10416667,tjrtlmet,P,1.0,1.0,15.0,,14.3,<0> ,90.0,<0> ,1013.0,<0> ,0.9,<0> ,1.5,<0> ,02:26,255.0,<0> ,11.0,<0> ,0.0,<0> ,0.0,<0> 
04/26/2023 02:45,12.11458333,tjrtlmet,P,1.0,1.0,15.0,,14.4,<0> ,91.0,<0> ,1013.0,<0> ,1.0,<0> ,1.8,<0> ,02:42,252.0,<0> ,15.0,<0> ,0.0,<0> ,0.0,<0> 
04/26/2023 03:00,12.125,tjrtlmet,P,1.0,1.0,15.0,,14.4,<0> ,91.0,<0> ,1013.0,<0> ,1.2,<0> ,1.8,<0> ,02:51,258.0,<0> ,9.0,<0> ,0.0,<0> ,0.0,<0> 
04/26/2023 03:15,12.13541667,tjrtlmet,P,1.0,1.0,15.0,,14.5,<0> ,90.0,<0> ,1013.0,<0> ,1.2,<0> ,1.9,<0> ,03:14,271.0,<0> ,13.0,<0> ,0.0,<0> ,0.0,<0> 
04/26/2023 03:30,12.14583333,tjrtlmet,P,1.0,1.0,15.0,,14.6,<0> ,90.0,<0> ,1013.0,<0> ,1.3,<0> ,2.1,<0> ,03:24,292.0,<0> ,15.0,<0> ,0.0,<0> ,0.0,<0> 
04/26/2023 03:45,12.15625,tjrtlmet,P,1.0,1.0,15.0,,14.7,<0> ,90.0,<0> ,1013.0,<0> ,0.5,<0> ,1.5,<0> ,03:38,335.0,<0> ,23.0,<0> ,0.0,<0> ,0.0,<0> 
04/26/2023 04:00,12.16666667,tjrtlmet,P,1.0,1.0,15.0,,14.7,<0> ,89.0,<0> ,1013.0,<0> ,0.6,<0> ,2.1,<0> ,03:50,345.0,<0> ,32.0,<0> ,0.0,<0> ,0.0,<0> 
04/26/2023 04:15,12.17708333,tjrtlmet,P,1.0,1.0,15.0,,14.8,<0> ,88.0,<0> ,1013.0,<0> ,1.1,<0> ,2.5,<0> ,04:11,310.0,<0> ,21.0,<0> ,0.0,<0> ,0.0,<0> 
04/26/2023 04:30,12.1875,tjrtlmet,P,1.0,1.0,15.0,,14.8,<0> ,89.0,<0> ,1013.0,<0> ,1.2,<0> ,2.3,<0> ,04:27,283.0,<0> ,15.0,<0> ,0.0,<0> ,0.0,<0> 
04/26/2023 04:45,12.19791667,tjrtlmet,P,1.0,1.0,15.0,,14.8,<0> ,88.0,<0> ,1013.0,<0> ,0.6,<0> ,1.8,<0> ,04:30,307.0,<0> ,35.0,<0> ,0.0,<0> ,0.0,<0> 
04/26/2023 05:00,12.20833333,tjrtlmet,P,1.0,1.0,15.0,,14.9,<0> ,89.0,<0> ,1013.0,<0> ,0.8,<0> ,2.0,<0> ,04:51,301.0,<0> ,19.0,<0> ,0.0,<0> ,0.0,<0> 
04/26/2023 05:15,12.21875,tjrtlmet,P,1.0,1.0,15.0,,14.9,<0> ,89.0,<0> ,1013.0,<0> ,0.9,<0> ,1.8,<0> ,05:05,307.0,<0> ,21.0,<0> ,1.8,<0> ,0.0,<0> 
04/26/2023 05:30,12.22916667,tjrtlmet,P,1.0,1.0,15.0,,15.0,<0> ,88.0,<0> ,1013.0,<0> ,0.9,<0> ,1.7,<0> ,05:25,306.0,<0> ,13.0,<0> ,7.8,<0> ,0.0,<0> 
04/26/2023 05:45,12.23958333,tjrtlmet,P,1.0,1.0,15.0,,15.1,<0> ,88.0,<0> ,1013.0,<0> ,0.3,<0> ,0.9,<0> ,05:37,79.0,<0> ,53.0,<0> ,16.6,<0> ,0.0,<0> 
04/26/2023 06:00,12.25,tjrtlmet,P,1.0,1.0,15.0,,15.2,<0> ,87.0,<0> ,1014.0,<0> ,0.3,<0> ,0.7,<0> ,05:59,122.0,<0> ,15.0,<0> ,26.0,<0> ,0.0,<0> 
04/26/2023 06:15,12.26041667,tjrtlmet,P,1.0,1.0,15.0,,15.2,<0> ,87.0,<0> ,1014.0,<0> ,0.1,<0> ,0.9,<0> ,06:14,138.0,<0> ,20.0,<0> ,43.3,<0> ,0.0,<0> 
04/26/2023 06:30,12.27083333,tjrtlmet,P,1.0,1.0,15.0,,15.3,<0> ,88.0,<0> ,1014.0,<0> ,0.5,<0> ,1.6,<0> ,06:20,180.0,<0> ,21.0,<0> ,61.7,<0> ,0.0,<0> 
04/26/2023 06:45,12.28125,tjrtlmet,P,1.0,1.0,15.0,,15.5,<0> ,88.0,<0> ,1014.0,<0> ,0.6,<0> ,1.5,<0> ,06:39,279.0,<0> ,32.0,<0> ,83.2,<0> ,0.0,<0> 
04/26/2023 07:00,12.29166667,tjrtlmet,P,1.0,1.0,15.0,,15.6,<0> ,87.0,<0> ,1014.0,<0> ,1.2,<0> ,2.5,<0> ,06:57,297.0,<0> ,18.0,<0> ,109.1,<0> ,0.0,<0> 
04/26/2023 07:15,12.30208333,tjrtlmet,P,1.0,1.0,15.0,,15.7,<0> ,87.0,<0> ,1014.0,<0> ,1.4,<0> ,3.2,<0> ,07:10,318.0,<0> ,24.0,<0> ,141.5,<0> ,0.0,<0> 
04/26/2023 07:30,12.3125,tjrtlmet,P,1.0,1.0,15.0,,15.7,<0> ,86.0,<0> ,1014.0,<0> ,1.6,<0> ,3.1,<0> ,07:26,320.0,<0> ,20.0,<0> ,197.6,<0> ,0.0,<0> 
04/26/2023 07:45,12.32291667,tjrtlmet,P,1.0,1.0,15.0,,16.0,<0> ,86.0,<0> ,1014.0,<0> ,1.6,<0> ,2.9,<0> ,07:33,311.0,<0> ,18.0,<0> ,258.0,<0> ,0.0,<0> 
04/26/2023 08:00,12.33333333,tjrtlmet,P,1.0,1.0,15.0,,16.2,<0> ,85.0,<0> ,1014.0,<0> ,1.6,<0> ,3.0,<0> ,07:57,315.0,<0> ,21.0,<0> ,289.4,<0> ,0.0,<0> 
04/26/2023 08:15,12.34375,tjrtlmet,P,1.0,1.0,15.0,,16.2,<0> ,84.0,<0> ,1014.0,<0> ,2.2,<0> ,3.5,<0> ,08:13,318.0,<0> ,18.0,<0> ,366.8,<0> ,0.0,<0> 
04/26/2023 08:30,12.35416667,tjrtlmet,P,1.0,1.0,15.0,,16.3,<0> ,84.0,<0> ,1014.0,<0> ,2.0,<0> ,3.4,<0> ,08:18,313.0,<0> ,19.0,<0> ,388.6,<0> ,0.0,<0> 
04/26/2023 08:45,12.36458333,tjrtlmet,P,1.0,1.0,15.0,,16.5,<0> ,84.0,<0> ,1014.0,<0> ,2.2,<0> ,3.8,<0> ,08:37,302.0,<0> ,17.0,<0> ,457.1,<0> ,0.0,<0> 
04/26/2023 09:00,12.375,tjrtlmet,P,1.0,1.0,15.0,,16.8,<0> ,83.0,<0> ,1014.0,<0> ,2.6,<0> ,4.3,<0> ,08:56,305.0,<0> ,17.0,<0> ,562.6,<0> ,0.0,<0> 
04/26/2023 09:15,12.38541667,tjrtlmet,P,1.0,1.0,15.0,,17.4,<0> ,80.0,<0> ,1014.0,<0> ,2.2,<0> ,4.2,<0> ,09:10,308.0,<0> ,19.0,<0> ,745.1,<0> ,0.0,<0> 
04/26/2023 09:30,12.39583333,tjrtlmet,P,1.0,1.0,15.0,,17.7,<0> ,79.0,<0> ,1014.0,<0> ,2.6,<0> ,4.3,<0> ,09:16,309.0,<0> ,19.0,<0> ,913.0,<0> ,0.0,<0> 
04/26/2023 09:45,12.40625,tjrtlmet,P,1.0,1.0,15.0,,18.1,<0> ,79.0,<0> ,1015.0,<0> ,2.1,<0> ,3.4,<0> ,09:30,292.0,<0> ,18.0,<0> ,1290.8,<0> ,0.0,<0> 
04/26/2023 10:00,12.41666667,tjrtlmet,P,1.0,1.0,15.0,,18.5,<0> ,80.0,<0> ,1015.0,<0> ,2.9,<0> ,4.5,<0> ,10:00,299.0,<0> ,16.0,<0> ,1570.3,<0> ,0.0,<0> 
04/26/2023 10:15,12.42708333,tjrtlmet,P,1.0,1.0,15.0,,18.8,<0> ,78.0,<0> ,1015.0,<0> ,3.5,<0> ,5.0,<0> ,10:00,297.0,<0> ,18.0,<0> ,1647.1,<0> ,0.0,<0> 
04/26/2023 10:30,12.4375,tjrtlmet,P,1.0,1.0,15.0,,18.6,<0> ,78.0,<0> ,1015.0,<0> ,3.8,<0> ,5.3,<0> ,10:19,291.0,<0> ,15.0,<0> ,1652.9,<0> ,0.0,<0> 
04/26/2023 10:45,12.44791667,tjrtlmet,P,1.0,1.0,15.0,,18.5,<0> ,78.0,<0> ,1014.0,<0> ,4.0,<0> ,6.1,<0> ,10:43,292.0,<0> ,14.0,<0> ,1680.1,<0> ,0.0,<0> 
04/26/2023 11:00,12.45833333,tjrtlmet,P,1.0,1.0,15.0,,18.7,<0> ,78.0,<0> ,1014.0,<0> ,3.8,<0> ,5.4,<0> ,10:48,291.0,<0> ,13.0,<0> ,1710.6,<0> ,0.0,<0> 
04/26/2023 11:15,12.46875,tjrtlmet,P,1.0,1.0,15.0,,19.1,<0> ,77.0,<0> ,1014.0,<0> ,3.6,<0> ,5.3,<0> ,11:10,292.0,<0> ,16.0,<0> ,1727.5,<0> ,0.0,<0> 
04/26/2023 11:30,12.47916667,tjrtlmet,P,1.0,1.0,15.0,,19.0,<0> ,77.0,<0> ,1014.0,<0> ,4.1,<0> ,5.9,<0> ,11:22,294.0,<0> ,16.0,<0> ,1740.4,<0> ,0.0,<0> 
04/26/2023 11:45,12.48958333,tjrtlmet,P,1.0,1.0,15.0,,19.0,<0> ,77.0,<0> ,1014.0,<0> ,4.1,<0> ,6.1,<0> ,11:42,294.0,<0> ,18.0,<0> ,1746.8,<0> ,0.0,<0> 
04/26/2023 12:00,12.5,tjrtlmet,P,1.0,1.0,15.0,,19.2,<0> ,76.0,<0> ,1014.0,<0> ,4.0,<0> ,6.4,<0> ,11:55,300.0,<0> ,15.0,<0> ,1748.4,<0> ,0.0,<0> 
04/26/2023 12:15,12.51041667,tjrtlmet,P,1.0,1.0,15.0,,18.9,<0> ,77.0,<0> ,1014.0,<0> ,4.5,<0> ,6.7,<0> ,12:00,301.0,<0> ,16.0,<0> ,1736.9,<0> ,0.0,<0> 
04/26/2023 12:30,12.52083333,tjrtlmet,P,1.0,1.0,15.0,,18.8,<0> ,77.0,<0> ,1014.0,<0> ,4.5,<0> ,6.4,<0> ,12:17,301.0,<0> ,13.0,<0> ,1723.0,<0> ,0.0,<0> 
04/26/2023 12:45,12.53125,tjrtlmet,P,1.0,1.0,15.0,,19.0,<0> ,76.0,<0> ,1013.0,<0> ,4.2,<0> ,6.1,<0> ,12:44,301.0,<0> ,14.0,<0> ,1700.6,<0> ,0.0,<0> 
04/26/2023 13:00,12.54166667,tjrtlmet,P,1.0,1.0,15.0,,18.9,<0> ,76.0,<0> ,1013.0,<0> ,4.3,<0> ,6.7,<0> ,12:45,302.0,<0> ,16.0,<0> ,1668.4,<0> ,0.0,<0> 
04/26/2023 13:15,12.55208333,tjrtlmet,P,1.0,1.0,15.0,,18.9,<0> ,76.0,<0> ,1013.0,<0> ,4.2,<0> ,6.1,<0> ,13:06,290.0,<0> ,14.0,<0> ,1631.6,<0> ,0.0,<0> 
04/26/2023 13:30,12.5625,tjrtlmet,P,1.0,1.0,15.0,,18.8,<0> ,76.0,<0> ,1013.0,<0> ,4.5,<0> ,6.7,<0> ,13:22,295.0,<0> ,15.0,<0> ,1587.4,<0> ,0.0,<0> 
04/26/2023 13:45,12.57291667,tjrtlmet,P,1.0,1.0,15.0,,18.7,<0> ,77.0,<0> ,1013.0,<0> ,4.5,<0> ,6.5,<0> ,13:32,295.0,<0> ,14.0,<0> ,1538.5,<0> ,0.0,<0> 
04/26/2023 14:00,12.58333333,tjrtlmet,P,1.0,1.0,15.0,,18.8,<0> ,77.0,<0> ,1013.0,<0> ,4.4,<0> ,6.5,<0> ,13:58,297.0,<0> ,16.0,<0> ,1483.2,<0> ,0.0,<0> 
04/26/2023 14:15,12.59375,tjrtlmet,P,1.0,1.0,15.0,,18.2,<0> ,79.0,<0> ,1013.0,<0> ,4.8,<0> ,6.8,<0> ,14:06,293.0,<0> ,12.0,<0> ,1417.5,<0> ,0.0,<0> 
04/26/2023 14:30,12.60416667,tjrtlmet,P,1.0,1.0,15.0,,18.1,<0> ,79.0,<0> ,1013.0,<0> ,4.6,<0> ,6.8,<0> ,14:21,298.0,<0> ,15.0,<0> ,1252.8,<0> ,0.0,<0> 
04/26/2023 14:45,12.61458333,tjrtlmet,P,1.0,1.0,15.0,,17.9,<0> ,79.0,<0> ,1013.0,<0> ,4.2,<0> ,6.3,<0> ,14:30,293.0,<0> ,15.0,<0> ,1271.5,<0> ,0.0,<0> 
04/26/2023 15:00,12.625,tjrtlmet,P,1.0,1.0,15.0,,17.9,<0> ,80.0,<0> ,1013.0,<0> ,3.7,<0> ,5.8,<0> ,14:58,292.0,<0> ,15.0,<0> ,971.0,<0> ,0.0,<0> 
04/26/2023 15:15,12.63541667,tjrtlmet,P,1.0,1.0,15.0,,17.4,<0> ,82.0,<0> ,1013.0,<0> ,3.4,<0> ,5.1,<0> ,15:02,298.0,<0> ,18.0,<0> ,764.7,<0> ,0.0,<0> 
04/26/2023 15:30,12.64583333,tjrtlmet,P,1.0,1.0,15.0,,17.4,<0> ,81.0,<0> ,1013.0,<0> ,3.5,<0> ,5.6,<0> ,15:27,301.0,<0> ,14.0,<0> ,749.5,<0> ,0.0,<0> 
04/26/2023 15:45,12.65625,tjrtlmet,P,1.0,1.0,15.0,,17.3,<0> ,81.0,<0> ,1013.0,<0> ,3.4,<0> ,4.8,<0> ,15:32,304.0,<0> ,18.0,<0> ,759.0,<0> ,0.0,<0> 
04/26/2023 16:00,12.66666667,tjrtlmet,P,1.0,1.0,15.0,,17.1,<0> ,82.0,<0> ,1013.0,<0> ,3.1,<0> ,4.6,<0> ,15:52,305.0,<0> ,19.0,<0> ,543.9,<0> ,0.0,<0> 
04/26/2023 16:15,12.67708333,tjrtlmet,P,1.0,1.0,15.0,,16.9,<0> ,83.0,<0> ,1013.0,<0> ,2.7,<0> ,4.5,<0> ,16:01,295.0,<0> ,17.0,<0> ,442.6,<0> ,0.0,<0> 
04/26/2023 16:30,12.6875,tjrtlmet,P,1.0,1.0,15.0,,16.6,<0> ,85.0,<0> ,1012.0,<0> ,2.7,<0> ,4.4,<0> ,16:29,298.0,<0> ,15.0,<0> ,318.3,<0> ,0.0,<0> 
04/26/2023 16:45,12.69791667,tjrtlmet,P,1.0,1.0,15.0,,16.3,<0> ,85.0,<0> ,1012.0,<0> ,2.7,<0> ,3.9,<0> ,16:36,293.0,<0> ,16.0,<0> ,282.8,<0> ,0.0,<0> 
04/26/2023 17:00,12.70833333,tjrtlmet,P,1.0,1.0,15.0,,16.1,<0> ,86.0,<0> ,1012.0,<0> ,2.7,<0> ,4.5,<0> ,16:53,294.0,<0> ,16.0,<0> ,213.0,<0> ,0.0,<0> 
04/26/2023 17:15,12.71875,tjrtlmet,P,1.0,1.0,15.0,,15.9,<0> ,86.0,<0> ,1013.0,<0> ,2.6,<0> ,3.9,<0> ,17:01,293.0,<0> ,16.0,<0> ,185.3,<0> ,0.0,<0> 
04/26/2023 17:30,12.72916667,tjrtlmet,P,1.0,1.0,15.0,,15.7,<0> ,87.0,<0> ,1013.0,<0> ,2.4,<0> ,3.8,<0> ,17:16,296.0,<0> ,17.0,<0> ,125.4,<0> ,0.0,<0> 
04/26/2023 17:45,12.73958333,tjrtlmet,P,1.0,1.0,15.0,,15.5,<0> ,88.0,<0> ,1013.0,<0> ,2.5,<0> ,3.5,<0> ,17:30,295.0,<0> ,17.0,<0> ,79.2,<0> ,0.0,<0> 
04/26/2023 18:00,12.75,tjrtlmet,P,1.0,1.0,15.0,,15.3,<0> ,88.0,<0> ,1013.0,<0> ,2.0,<0> ,3.2,<0> ,17:49,292.0,<0> ,21.0,<0> ,50.7,<0> ,0.0,<0> 
04/26/2023 18:15,12.76041667,tjrtlmet,P,1.0,1.0,15.0,,15.3,<0> ,89.0,<0> ,1013.0,<0> ,2.4,<0> ,3.8,<0> ,18:14,290.0,<0> ,16.0,<0> ,17.4,<0> ,0.0,<0> 
04/26/2023 18:30,12.77083333,tjrtlmet,P,1.0,1.0,15.0,,15.2,<0> ,90.0,<0> ,1013.0,<0> ,2.3,<0> ,3.6,<0> ,18:16,302.0,<0> ,14.0,<0> ,5.8,<0> ,0.0,<0> 
04/26/2023 18:45,12.78125,tjrtlmet,P,1.0,1.0,15.0,,15.1,<0> ,90.0,<0> ,1013.0,<0> ,2.2,<0> ,3.2,<0> ,18:30,296.0,<0> ,16.0,<0> ,0.4,<0> ,0.0,<0> 
04/26/2023 19:00,12.79166667,tjrtlmet,P,1.0,1.0,15.0,,15.1,<0> ,90.0,<0> ,1013.0,<0> ,2.1,<0> ,3.2,<0> ,18:51,299.0,<0> ,14.0,<0> ,0.0,<0> ,0.0,<0> 
04/26/2023 19:15,12.80208333,tjrtlmet,P,1.0,1.0,15.0,,15.2,<0> ,91.0,<0> ,1013.0,<0> ,2.1,<0> ,3.3,<0> ,19:04,300.0,<0> ,15.0,<0> ,0.0,<0> ,0.0,<0> 
04/26/2023 19:30,12.8125,tjrtlmet,P,1.0,1.0,15.0,,15.1,<0> ,91.0,<0> ,1013.0,<0> ,2.2,<0> ,3.3,<0> ,19:22,301.0,<0> ,12.0,<0> ,0.0,<0> ,0.0,<0> 
04/26/2023 19:45,12.82291667,tjrtlmet,P,1.0,1.0,15.0,,15.1,<0> ,91.0,<0> ,1014.0,<0> ,1.7,<0> ,2.7,<0> ,19:36,303.0,<0> ,16.0,<0> ,0.0,<0> ,0.0,<0> 
04/26/2023 20:00,12.83333333,tjrtlmet,P,1.0,1.0,15.0,,15.1,<0> ,91.0,<0> ,1014.0,<0> ,2.0,<0> ,3.1,<0> ,19:56,302.0,<0> ,16.0,<0> ,0.0,<0> ,0.0,<0> 
04/26/2023 20:15,12.84375,tjrtlmet,P,1.0,1.0,15.0,,15.0,<0> ,92.0,<0> ,1014.0,<0> ,2.0,<0> ,3.1,<0> ,20:01,294.0,<0> ,14.0,<0> ,0.0,<0> ,0.0,<0> 
04/26/2023 20:30,12.85416667,tjrtlmet,P,1.0,1.0,15.0,,15.0,<0> ,92.0,<0> ,1014.0,<0> ,2.1,<0> ,3.4,<0> ,20:26,296.0,<0> ,14.0,<0> ,0.0,<0> ,0.0,<0> 
04/26/2023 20:45,12.86458333,tjrtlmet,P,1.0,1.0,15.0,,14.9,<0> ,92.0,<0> ,1014.0,<0> ,2.3,<0> ,3.5,<0> ,20:31,305.0,<0> ,14.0,<0> ,0.0,<0> ,0.0,<0> 
04/26/2023 21:00,12.875,tjrtlmet,P,1.0,1.0,15.0,,14.9,<0> ,92.0,<0> ,1014.0,<0> ,1.9,<0> ,3.2,<0> ,20:50,303.0,<0> ,17.0,<0> ,0.0,<0> ,0.0,<0> 
04/26/2023 21:15,12.88541667,tjrtlmet,P,1.0,1.0,15.0,,14.9,<0> ,92.0,<0> ,1014.0,<0> ,2.0,<0> ,3.3,<0> ,21:03,302.0,<0> ,14.0,<0> ,0.0,<0> ,0.0,<0> 
04/26/2023 21:30,12.89583333,tjrtlmet,P,1.0,1.0,15.0,,14.8,<0> ,92.0,<0> ,1014.0,<0> ,1.9,<0> ,3.1,<0> ,21:18,303.0,<0> ,16.0,<0> ,0.0,<0> ,0.0,<0> 
04/26/2023 21:45,12.90625,tjrtlmet,P,1.0,1.0,15.0,,14.8,<0> ,92.0,<0> ,1014.0,<0> ,1.5,<0> ,2.6,<0> ,21:37,307.0,<0> ,20.0,<0> ,0.0,<0> ,0.0,<0> 
04/26/2023 22:00,12.91666667,tjrtlmet,P,1.0,1.0,15.0,,14.9,<0> ,92.0,<0> ,1013.0,<0> ,1.5,<0> ,2.4,<0> ,21:56,297.0,<0> ,13.0,<0> ,0.0,<0> ,0.0,<0> 
04/26/2023 22:15,12.92708333,tjrtlmet,P,1.0,1.0,15.0,,15.0,<0> ,93.0,<0> ,1013.0,<0> ,1.6,<0> ,2.8,<0> ,22:12,301.0,<0> ,16.0,<0> ,0.0,<0> ,0.0,<0> 
04/26/2023 22:30,12.9375,tjrtlmet,P,1.0,1.0,15.0,,15.0,<0> ,92.0,<0> ,1013.0,<0> ,1.8,<0> ,2.5,<0> ,22:16,295.0,<0> ,13.0,<0> ,0.0,<0> ,0.0,<0> 
04/26/2023 22:45,12.94791667,tjrtlmet,P,1.0,1.0,15.0,,15.0,<0> ,93.0,<0> ,1013.0,<0> ,1.6,<0> ,3.2,<0> ,22:32,296.0,<0> ,17.0,<0> ,0.0,<0> ,0.0,<0> 
04/26/2023 23:00,12.95833333,tjrtlmet,P,1.0,1.0,15.0,,15.0,<0> ,93.0,<0> ,1013.0,<0> ,1.5,<0> ,2.4,<0> ,22:45,304.0,<0> ,20.0,<0> ,0.0,<0> ,0.0,<0> 
04/26/2023 23:15,12.96875,tjrtlmet,P,1.0,1.0,15.0,,15.1,<0> ,92.0,<0> ,1013.0,<0> ,1.6,<0> ,2.3,<0> ,23:11,299.0,<0> ,13.0,<0> ,0.0,<0> ,0.0,<0> 
04/26/2023 23:30,12.97916667,tjrtlmet,P,1.0,1.0,15.0,,15.1,<0> ,92.0,<0> ,1013.0,<0> ,1.6,<0> ,2.4,<0> ,23:26,295.0,<0> ,14.0,<0> ,0.0,<0> ,0.0,<0> 
04/26/2023 23:45,12.98958333,tjrtlmet,P,1.0,1.0,15.0,,15.1,<0> ,92.0,<0> ,1013.0,<0> ,1.5,<0> ,2.4,<0> ,23:42,276.0,<0> ,11.0,<0> ,0.0,<0> ,0.0,<0> 
04/27/2023 00:00,13.0,tjrtlmet,P,1.0,1.0,15.0,,15.1,<0> ,93.0,<0> ,1013.0,<0> ,1.2,<0> ,1.9,<0> ,23:45,282.0,<0> ,13.0,<0> ,0.0,<0> ,0.0,<0> 
04/27/2023 00:15,13.01041667,tjrtlmet,P,1.0,1.0,15.0,,15.0,<0> ,93.0,<0> ,1013.0,<0> ,1.8,<0> ,2.8,<0> ,00:06,293.0,<0> ,12.0,<0> ,0.0,<0> ,0.0,<0> 
04/27/2023 00:30,13.02083333,tjrtlmet,P,1.0,1.0,15.0,,15.0,<0> ,93.0,<0> ,1013.0,<0> ,1.8,<0> ,3.1,<0> ,00:20,299.0,<0> ,12.0,<0> ,0.0,<0> ,0.0,<0> 
04/27/2023 00:45,13.03125,tjrtlmet,P,1.0,1.0,15.0,,14.9,<0> ,93.0,<0> ,1013.0,<0> ,1.6,<0> ,2.6,<0> ,00:39,290.0,<0> ,14.0,<0> ,0.0,<0> ,0.0,<0> 
04/27/2023 01:00,13.04166667,tjrtlmet,P,1.0,1.0,15.0,,14.8,<0> ,93.0,<0> ,1013.0,<0> ,1.5,<0> ,2.5,<0> ,00:48,286.0,<0> ,13.0,<0> ,0.0,<0> ,0.0,<0> 
04/27/2023 01:15,13.05208333,tjrtlmet,P,1.0,1.0,15.0,,14.8,<0> ,94.0,<0> ,1013.0,<0> ,1.6,<0> ,2.8,<0> ,01:11,281.0,<0> ,13.0,<0> ,0.0,<0> ,0.0,<0> 
04/27/2023 01:30,13.0625,tjrtlmet,P,1.0,1.0,15.0,,14.6,<0> ,94.0,<0> ,1013.0,<0> ,1.9,<0> ,2.7,<0> ,01:22,275.0,<0> ,12.0,<0> ,0.0,<0> ,0.0,<0> 
04/27/2023 01:45,13.07291667,tjrtlmet,P,1.0,1.0,15.0,,14.5,<0> ,94.0,<0> ,1013.0,<0> ,1.7,<0> ,2.7,<0> ,01:35,292.0,<0> ,16.0,<0> ,0.0,<0> ,0.0,<0> 
04/27/2023 02:00,13.08333333,tjrtlmet,P,1.0,1.0,15.0,,14.5,<0> ,94.0,<0> ,1013.0,<0> ,1.3,<0> ,2.5,<0> ,01:57,281.0,<0> ,14.0,<0> ,0.0,<0> ,0.0,<0> 
04/27/2023 02:15,13.09375,tjrtlmet,P,1.0,1.0,15.0,,14.5,<0> ,95.0,<0> ,1013.0,<0> ,1.6,<0> ,2.5,<0> ,02:09,296.0,<0> ,15.0,<0> ,0.0,<0> ,0.0,<0> 
04/27/2023 02:30,13.10416667,tjrtlmet,P,1.0,1.0,15.0,,14.4,<0> ,95.0,<0> ,1012.0,<0> ,1.3,<0> ,2.2,<0> ,02:27,291.0,<0> ,18.0,<0> ,0.0,<0> ,0.0,<0> 
04/27/2023 02:45,13.11458333,tjrtlmet,P,1.0,1.0,15.0,,14.4,<0> ,95.0,<0> ,1013.0,<0> ,1.4,<0> ,2.5,<0> ,02:36,304.0,<0> ,22.0,<0> ,0.0,<0> ,0.0,<0> 
04/27/2023 03:00,13.125,tjrtlmet,P,1.0,1.0,15.0,,14.4,<0> ,95.0,<0> ,1012.0,<0> ,1.1,<0> ,2.0,<0> ,02:50,300.0,<0> ,17.0,<0> ,0.0,<0> ,0.0,<0> 
04/27/2023 03:15,13.13541667,tjrtlmet,P,1.0,1.0,15.0,,14.4,<0> ,95.0,<0> ,1013.0,<0> ,1.0,<0> ,1.8,<0> ,03:03,298.0,<0> ,17.0,<0> ,0.0,<0> ,0.0,<0> 
04/27/2023 03:30,13.14583333,tjrtlmet,P,1.0,1.0,15.0,,14.3,<0> ,96.0,<0> ,1013.0,<0> ,0.6,<0> ,1.2,<0> ,03:21,275.0,<0> ,15.0,<0> ,0.0,<0> ,0.0,<0> 
04/27/2023 03:45,13.15625,tjrtlmet,P,1.0,1.0,15.0,,14.3,<0> ,96.0,<0> ,1013.0,<0> ,0.2,<0> ,0.7,<0> ,03:40,262.0,<0> ,16.0,<0> ,0.0,<0> ,0.0,<0> 
04/27/2023 04:00,13.16666667,tjrtlmet,P,1.0,1.0,15.0,,14.4,<0> ,96.0,<0> ,1013.0,<0> ,1.1,<0> ,1.8,<0> ,03:58,285.0,<0> ,22.0,<0> ,0.0,<0> ,0.0,<0> 
04/27/2023 04:15,13.17708333,tjrtlmet,P,1.0,1.0,15.0,,14.4,<0> ,96.0,<0> ,1013.0,<0> ,0.7,<0> ,1.5,<0> ,04:14,270.0,<0> ,11.0,<0> ,0.0,<0> ,0.0,<0> 
04/27/2023 04:30,13.1875,tjrtlmet,P,1.0,1.0,15.0,,14.4,<0> ,96.0,<0> ,1013.0,<0> ,1.0,<0> ,2.2,<0> ,04:27,280.0,<0> ,27.0,<0> ,0.0,<0> ,0.0,<0> 
04/27/2023 04:45,13.19791667,tjrtlmet,P,1.0,1.0,15.0,,14.3,<0> ,96.0,<0> ,1013.0,<0> ,1.2,<0> ,1.9,<0> ,04:37,283.0,<0> ,11.0,<0> ,0.0,<0> ,0.0,<0> 
04/27/2023 05:00,13.20833333,tjrtlmet,P,1.0,1.0,15.0,,14.3,<0> ,96.0,<0> ,1013.0,<0> ,1.2,<0> ,2.0,<0> ,04:55,283.0,<0> ,20.0,<0> ,0.0,<0> ,0.0,<0> 
04/27/2023 05:15,13.21875,tjrtlmet,P,1.0,1.0,15.0,,14.3,<0> ,96.0,<0> ,1013.0,<0> ,1.7,<0> ,2.8,<0> ,05:01,305.0,<0> ,15.0,<0> ,2.8,<0> ,0.0,<0> 
04/27/2023 05:30,13.22916667,tjrtlmet,P,1.0,1.0,15.0,,14.2,<0> ,96.0,<0> ,1013.0,<0> ,1.3,<0> ,2.5,<0> ,05:23,302.0,<0> ,16.0,<0> ,8.5,<0> ,0.0,<0> 
04/27/2023 05:45,13.23958333,tjrtlmet,P,1.0,1.0,15.0,,14.2,<0> ,96.0,<0> ,1013.0,<0> ,1.5,<0> ,2.5,<0> ,05:33,292.0,<0> ,18.0,<0> ,17.8,<0> ,0.0,<0> 
04/27/2023 06:00,13.25,tjrtlmet,P,1.0,1.0,15.0,,14.2,<0> ,96.0,<0> ,1013.0,<0> ,1.7,<0> ,2.8,<0> ,05:48,302.0,<0> ,14.0,<0> ,30.1,<0> ,0.0,<0> 
04/27/2023 06:15,13.26041667,tjrtlmet,P,1.0,1.0,15.0,,14.2,<0> ,96.0,<0> ,1013.0,<0> ,1.6,<0> ,2.5,<0> ,06:13,301.0,<0> ,15.0,<0> ,57.9,<0> ,0.0,<0> 
04/27/2023 06:30,13.27083333,tjrtlmet,P,1.0,1.0,15.0,,14.2,<0> ,96.0,<0> ,1014.0,<0> ,1.7,<0> ,2.5,<0> ,06:23,312.0,<0> ,18.0,<0> ,68.7,<0> ,0.0,<0> 
04/27/2023 06:45,13.28125,tjrtlmet,P,1.0,1.0,15.0,,14.3,<0> ,96.0,<0> ,1014.0,<0> ,1.6,<0> ,2.4,<0> ,06:34,300.0,<0> ,15.0,<0> ,103.4,<0> ,0.0,<0> 
04/27/2023 07:00,13.29166667,tjrtlmet,P,1.0,1.0,15.0,,14.4,<0> ,96.0,<0> ,1014.0,<0> ,1.6,<0> ,2.5,<0> ,06:59,297.0,<0> ,13.0,<0> ,121.2,<0> ,0.0,<0> 
04/27/2023 07:15,13.30208333,tjrtlmet,P,1.0,1.0,15.0,,14.5,<0> ,96.0,<0> ,1014.0,<0> ,1.7,<0> ,2.9,<0> ,07:10,308.0,<0> ,19.0,<0> ,162.5,<0> ,0.0,<0> 
04/27/2023 07:30,13.3125,tjrtlmet,P,1.0,1.0,15.0,,14.7,<0> ,95.0,<0> ,1014.0,<0> ,1.7,<0> ,2.6,<0> ,07:16,306.0,<0> ,18.0,<0> ,212.3,<0> ,0.0,<0> 
04/27/2023 07:45,13.32291667,tjrtlmet,P,1.0,1.0,15.0,,14.8,<0> ,94.0,<0> ,1014.0,<0> ,2.2,<0> ,3.4,<0> ,07:32,298.0,<0> ,12.0,<0> ,252.7,<0> ,0.0,<0> 
04/27/2023 08:00,13.33333333,tjrtlmet,P,1.0,1.0,15.0,,14.9,<0> ,94.0,<0> ,1014.0,<0> ,2.3,<0> ,3.4,<0> ,07:47,296.0,<0> ,12.0,<0> ,301.8,<0> ,0.0,<0> 
04/27/2023 08:15,13.34375,tjrtlmet,P,1.0,1.0,15.0,,15.2,<0> ,93.0,<0> ,1014.0,<0> ,2.3,<0> ,4.0,<0> ,08:14,295.0,<0> ,15.0,<0> ,370.5,<0> ,0.0,<0> 
04/27/2023 08:30,13.35416667,tjrtlmet,P,1.0,1.0,15.0,,15.3,<0> ,92.0,<0> ,1014.0,<0> ,2.6,<0> ,3.7,<0> ,08:23,294.0,<0> ,13.0,<0> ,444.1,<0> ,0.0,<0> 
04/27/2023 08:45,13.36458333,tjrtlmet,P,1.0,1.0,15.0,,15.5,<0> ,91.0,<0> ,1014.0,<0> ,2.3,<0> ,3.5,<0> ,08:41,295.0,<0> ,16.0,<0> ,536.5,<0> ,0.0,<0> 
04/27/2023 09:00,13.375,tjrtlmet,P,1.0,1.0,15.0,,15.7,<0> ,90.0,<0> ,1014.0,<0> ,2.4,<0> ,3.4,<0> ,08:53,290.0,<0> ,15.0,<0> ,554.9,<0> ,0.0,<0> 
04/27/2023 09:15,13.38541667,tjrtlmet,P,1.0,1.0,15.0,,15.9,<0> ,89.0,<0> ,1014.0,<0> ,2.4,<0> ,3.7,<0> ,09:13,292.0,<0> ,15.0,<0> ,716.4,<0> ,0.0,<0> 
04/27/2023 09:30,13.39583333,tjrtlmet,P,1.0,1.0,15.0,,16.3,<0> ,88.0,<0> ,1014.0,<0> ,2.4,<0> ,3.9,<0> ,09:29,289.0,<0> ,17.0,<0> ,889.1,<0> ,0.0,<0> 
04/27/2023 09:45,13.40625,tjrtlmet,P,1.0,1.0,15.0,,16.7,<0> ,86.0,<0> ,1014.0,<0> ,2.6,<0> ,3.9,<0> ,09:43,296.0,<0> ,18.0,<0> ,1082.2,<0> ,0.0,<0> 
04/27/2023 10:00,13.41666667,tjrtlmet,P,1.0,1.0,15.0,,16.9,<0> ,85.0,<0> ,1014.0,<0> ,3.0,<0> ,4.5,<0> ,09:57,297.0,<0> ,15.0,<0> ,1242.5,<0> ,0.0,<0> 
04/27/2023 10:15,13.42708333,tjrtlmet,P,1.0,1.0,15.0,,17.4,<0> ,84.0,<0> ,1014.0,<0> ,3.2,<0> ,4.7,<0> ,10:12,298.0,<0> ,18.0,<0> ,1592.9,<0> ,0.0,<0> 
04/27/2023 10:30,13.4375,tjrtlmet,P,1.0,1.0,15.0,,17.8,<0> ,82.0,<0> ,1014.0,<0> ,3.1,<0> ,4.7,<0> ,10:20,291.0,<0> ,16.0,<0> ,1647.0,<0> ,0.0,<0> 
04/27/2023 10:45,13.44791667,tjrtlmet,P,1.0,1.0,15.0,,17.7,<0> ,81.0,<0> ,1014.0,<0> ,3.4,<0> ,4.9,<0> ,10:31,292.0,<0> ,15.0,<0> ,1658.2,<0> ,0.0,<0> 
04/27/2023 11:00,13.45833333,tjrtlmet,P,1.0,1.0,15.0,,17.4,<0> ,82.0,<0> ,1014.0,<0> ,3.4,<0> ,5.0,<0> ,10:59,283.0,<0> ,15.0,<0> ,1479.2,<0> ,0.0,<0> 
04/27/2023 11:15,13.46875,tjrtlmet,P,1.0,1.0,15.0,,17.2,<0> ,82.0,<0> ,1014.0,<0> ,3.5,<0> ,5.3,<0> ,11:11,288.0,<0> ,14.0,<0> ,1443.3,<0> ,0.0,<0> 
04/27/2023 11:30,13.47916667,tjrtlmet,P,1.0,1.0,15.0,,17.2,<0> ,82.0,<0> ,1014.0,<0> ,3.8,<0> ,5.6,<0> ,11:18,281.0,<0> ,13.0,<0> ,1623.0,<0> ,0.0,<0> 
04/27/2023 11:45,13.48958333,tjrtlmet,P,1.0,1.0,15.0,,17.5,<0> ,81.0,<0> ,1014.0,<0> ,3.8,<0> ,5.4,<0> ,11:41,284.0,<0> ,13.0,<0> ,1707.3,<0> ,0.0,<0> 
04/27/2023 12:00,13.5,tjrtlmet,P,1.0,1.0,15.0,,17.5,<0> ,80.0,<0> ,1014.0,<0> ,3.9,<0> ,5.2,<0> ,11:48,280.0,<0> ,12.0,<0> ,1779.9,<0> ,0.0,<0> 
04/27/2023 12:15,13.51041667,tjrtlmet,P,1.0,1.0,15.0,,17.4,<0> ,80.0,<0> ,1014.0,<0> ,4.1,<0> ,5.6,<0> ,12:03,281.0,<0> ,13.0,<0> ,1695.9,<0> ,0.0,<0> 
04/27/2023 12:30,13.52083333,tjrtlmet,P,1.0,1.0,15.0,,17.3,<0> ,80.0,<0> ,1014.0,<0> ,4.0,<0> ,5.6,<0> ,12:22,281.0,<0> ,13.0,<0> ,1737.7,<0> ,0.0,<0> 
04/27/2023 12:45,13.53125,tjrtlmet,P,1.0,1.0,15.0,,17.6,<0> ,79.0,<0> ,1014.0,<0> ,3.4,<0> ,4.8,<0> ,12:44,289.0,<0> ,16.0,<0> ,1626.9,<0> ,0.0,<0> 
04/27/2023 13:00,13.54166667,tjrtlmet,P,1.0,1.0,15.0,,17.5,<0> ,79.0,<0> ,1014.0,<0> ,3.6,<0> ,5.8,<0> ,12:59,281.0,<0> ,14.0,<0> ,1570.8,<0> ,0.0,<0> 
04/27/2023 13:15,13.55208333,tjrtlmet,P,1.0,1.0,15.0,,17.6,<0> ,79.0,<0> ,1013.0,<0> ,3.3,<0> ,5.2,<0> ,13:11,293.0,<0> ,15.0,<0> ,1372.9,<0> ,0.0,<0> 
04/27/2023 13:30,13.5625,tjrtlmet,P,1.0,1.0,15.0,,18.2,<0> ,77.0,<0> ,1013.0,<0> ,3.3,<0> ,4.9,<0> ,13:25,291.0,<0> ,16.0,<0> ,1571.8,<0> ,0.0,<0> 
04/27/2023 13:45,13.57291667,tjrtlmet,P,1.0,1.0,15.0,,18.0,<0> ,78.0,<0> ,1013.0,<0> ,3.3,<0> ,4.8,<0> ,13:41,292.0,<0> ,16.0,<0> ,1550.0,<0> ,0.0,<0> 
04/27/2023 14:00,13.58333333,tjrtlmet,P,1.0,1.0,15.0,,17.8,<0> ,78.0,<0> ,1013.0,<0> ,3.6,<0> ,5.0,<0> ,13:48,290.0,<0> ,15.0,<0> ,1494.1,<0> ,0.0,<0> 
04/27/2023 14:15,13.59375,tjrtlmet,P,1.0,1.0,15.0,,17.7,<0> ,78.0,<0> ,1013.0,<0> ,3.6,<0> ,5.6,<0> ,14:00,291.0,<0> ,16.0,<0> ,1428.1,<0> ,0.0,<0> 
04/27/2023 14:30,13.60416667,tjrtlmet,P,1.0,1.0,15.0,,17.5,<0> ,78.0,<0> ,1013.0,<0> ,3.7,<0> ,5.4,<0> ,14:17,288.0,<0> ,14.0,<0> ,1359.5,<0> ,0.0,<0> 
04/27/2023 14:45,13.61458333,tjrtlmet,P,1.0,1.0,15.0,,17.4,<0> ,78.0,<0> ,1013.0,<0> ,3.7,<0> ,5.9,<0> ,14:37,289.0,<0> ,14.0,<0> ,1283.6,<0> ,0.0,<0> 
04/27/2023 15:00,13.625,tjrtlmet,P,1.0,1.0,15.0,,17.4,<0> ,79.0,<0> ,1013.0,<0> ,3.6,<0> ,5.0,<0> ,14:51,287.0,<0> ,15.0,<0> ,1169.2,<0> ,0.0,<0> 
04/27/2023 15:15,13.63541667,tjrtlmet,P,1.0,1.0,15.0,,17.1,<0> ,79.0,<0> ,1013.0,<0> ,3.6,<0> ,5.5,<0> ,15:12,291.0,<0> ,14.0,<0> ,1118.9,<0> ,0.0,<0> 
04/27/2023 15:30,13.64583333,tjrtlmet,P,1.0,1.0,15.0,,17.2,<0> ,79.0,<0> ,1013.0,<0> ,3.3,<0> ,5.5,<0> ,15:21,287.0,<0> ,16.0,<0> ,1036.9,<0> ,0.0,<0> 
04/27/2023 15:45,13.65625,tjrtlmet,P,1.0,1.0,15.0,,16.9,<0> ,80.0,<0> ,1013.0,<0> ,3.5,<0> ,5.2,<0> ,15:39,288.0,<0> ,15.0,<0> ,864.4,<0> ,0.0,<0> 
04/27/2023 16:00,13.66666667,tjrtlmet,P,1.0,1.0,15.0,,16.7,<0> ,80.0,<0> ,1013.0,<0> ,3.3,<0> ,4.8,<0> ,15:48,294.0,<0> ,15.0,<0> ,842.7,<0> ,0.0,<0> 
04/27/2023 16:15,13.67708333,tjrtlmet,P,1.0,1.0,15.0,,16.5,<0> ,81.0,<0> ,1013.0,<0> ,3.2,<0> ,5.0,<0> ,16:06,287.0,<0> ,14.0,<0> ,725.2,<0> ,0.0,<0> 
04/27/2023 16:30,13.6875,tjrtlmet,P,1.0,1.0,15.0,,16.5,<0> ,81.0,<0> ,1013.0,<0> ,3.1,<0> ,4.4,<0> ,16:27,298.0,<0> ,14.0,<0> ,659.4,<0> ,0.0,<0> 
04/27/2023 16:45,13.69791667,tjrtlmet,P,1.0,1.0,15.0,,16.2,<0> ,81.0,<0> ,1013.0,<0> ,3.0,<0> ,4.3,<0> ,16:43,288.0,<0> ,14.0,<0> ,561.2,<0> ,0.0,<0> 
04/27/2023 17:00,13.70833333,tjrtlmet,P,1.0,1.0,15.0,,15.8,<0> ,82.0,<0> ,1013.0,<0> ,3.1,<0> ,4.9,<0> ,16:58,284.0,<0> ,15.0,<0> ,468.7,<0> ,0.0,<0> 
04/27/2023 17:15,13.71875,tjrtlmet,P,1.0,1.0,15.0,,15.6,<0> ,83.0,<0> ,1013.0,<0> ,2.8,<0> ,4.1,<0> ,17:06,290.0,<0> ,13.0,<0> ,379.0,<0> ,0.0,<0> 
04/27/2023 17:30,13.72916667,tjrtlmet,P,1.0,1.0,15.0,,15.4,<0> ,83.0,<0> ,1013.0,<0> ,2.4,<0> ,3.6,<0> ,17:26,290.0,<0> ,14.0,<0> ,273.8,<0> ,0.0,<0> 
04/27/2023 17:45,13.73958333,tjrtlmet,P,1.0,1.0,15.0,,15.1,<0> ,85.0,<0> ,1013.0,<0> ,2.6,<0> ,4.0,<0> ,17:39,290.0,<0> ,15.0,<0> ,205.0,<0> ,0.0,<0> 
04/27/2023 18:00,13.75,tjrtlmet,P,1.0,1.0,15.0,,14.6,<0> ,85.0,<0> ,1013.0,<0> ,2.4,<0> ,3.7,<0> ,17:50,294.0,<0> ,14.0,<0> ,112.0,<0> ,0.0,<0> 
04/27/2023 18:15,13.76041667,tjrtlmet,P,1.0,1.0,15.0,,14.2,<0> ,87.0,<0> ,1013.0,<0> ,2.0,<0> ,3.4,<0> ,18:12,294.0,<0> ,14.0,<0> ,42.8,<0> ,0.0,<0> 
04/27/2023 18:30,13.77083333,tjrtlmet,P,1.0,1.0,15.0,,13.9,<0> ,89.0,<0> ,1013.0,<0> ,2.1,<0> ,3.5,<0> ,18:20,293.0,<0> ,13.0,<0> ,14.1,<0> ,0.0,<0> 
04/27/2023 18:45,13.78125,tjrtlmet,P,1.0,1.0,15.0,,13.7,<0> ,89.0,<0> ,1013.0,<0> ,1.9,<0> ,3.2,<0> ,18:36,295.0,<0> ,12.0,<0> ,1.6,<0> ,0.0,<0> 
04/27/2023 19:00,13.79166667,tjrtlmet,P,1.0,1.0,15.0,,13.7,<0> ,90.0,<0> ,1013.0,<0> ,1.3,<0> ,2.3,<0> ,18:53,297.0,<0> ,16.0,<0> ,0.0,<0> ,0.0,<0> 
04/27/2023 19:15,13.80208333,tjrtlmet,P,1.0,1.0,15.0,,13.8,<0> ,90.0,<0> ,1013.0,<0> ,1.4,<0> ,2.6,<0> ,19:04,305.0,<0> ,16.0,<0> ,0.0,<0> ,0.0,<0> 
04/27/2023 19:30,13.8125,tjrtlmet,P,1.0,1.0,15.0,,13.8,<0> ,90.0,<0> ,1013.0,<0> ,1.4,<0> ,2.5,<0> ,19:22,297.0,<0> ,16.0,<0> ,0.0,<0> ,0.0,<0> 
04/27/2023 19:45,13.82291667,tjrtlmet,P,1.0,1.0,15.0,,13.7,<0> ,90.0,<0> ,1013.0,<0> ,1.2,<0> ,2.6,<0> ,19:31,318.0,<0> ,22.0,<0> ,0.0,<0> ,0.0,<0> 
04/27/2023 20:00,13.83333333,tjrtlmet,P,1.0,1.0,15.0,,13.5,<0> ,90.0,<0> ,1013.0,<0> ,0.8,<0> ,2.0,<0> ,19:58,325.0,<0> ,26.0,<0> ,0.0,<0> ,0.0,<0> 
04/27/2023 20:15,13.84375,tjrtlmet,P,1.0,1.0,15.0,,13.6,<0> ,90.0,<0> ,1013.0,<0> ,1.0,<0> ,2.2,<0> ,20:05,307.0,<0> ,31.0,<0> ,0.0,<0> ,0.0,<0> 
04/27/2023 20:30,13.85416667,tjrtlmet,P,1.0,1.0,15.0,,13.7,<0> ,90.0,<0> ,1013.0,<0> ,0.8,<0> ,1.7,<0> ,20:19,321.0,<0> ,24.0,<0> ,0.0,<0> ,0.0,<0> 
04/27/2023 20:45,13.86458333,tjrtlmet,P,1.0,1.0,15.0,,13.7,<0> ,90.0,<0> ,1013.0,<0> ,0.7,<0> ,1.9,<0> ,20:43,309.0,<0> ,29.0,<0> ,0.0,<0> ,0.0,<0> 
04/27/2023 21:00,13.875,tjrtlmet,P,1.0,1.0,15.0,,13.8,<0> ,90.0,<0> ,1013.0,<0> ,1.2,<0> ,2.4,<0> ,20:54,320.0,<0> ,29.0,<0> ,0.0,<0> ,0.0,<0> 
04/27/2023 21:15,13.88541667,tjrtlmet,P,1.0,1.0,15.0,,13.7,<0> ,90.0,<0> ,1013.0,<0> ,1.3,<0> ,2.3,<0> ,21:14,297.0,<0> ,17.0,<0> ,0.0,<0> ,0.0,<0> 
04/27/2023 21:30,13.89583333,tjrtlmet,P,1.0,1.0,15.0,,13.7,<0> ,90.0,<0> ,1013.0,<0> ,1.4,<0> ,2.5,<0> ,21:29,299.0,<0> ,16.0,<0> ,0.0,<0> ,0.0,<0> 
04/27/2023 21:45,13.90625,tjrtlmet,P,1.0,1.0,15.0,,13.7,<0> ,90.0,<0> ,1013.0,<0> ,0.9,<0> ,2.4,<0> ,21:33,288.0,<0> ,22.0,<0> ,0.0,<0> ,0.0,<0> 
04/27/2023 22:00,13.91666667,tjrtlmet,P,1.0,1.0,15.0,,13.8,<0> ,91.0,<0> ,1013.0,<0> ,1.7,<0> ,2.8,<0> ,21:56,298.0,<0> ,13.0,<0> ,0.0,<0> ,0.0,<0> 
04/27/2023 22:15,13.92708333,tjrtlmet,P,1.0,1.0,15.0,,13.8,<0> ,91.0,<0> ,1014.0,<0> ,1.6,<0> ,2.6,<0> ,22:03,303.0,<0> ,16.0,<0> ,0.0,<0> ,0.0,<0> 
04/27/2023 22:30,13.9375,tjrtlmet,P,1.0,1.0,15.0,,13.7,<0> ,91.0,<0> ,1014.0,<0> ,1.4,<0> ,2.5,<0> ,22:18,285.0,<0> ,14.0,<0> ,0.0,<0> ,0.0,<0> 
04/27/2023 22:45,13.94791667,tjrtlmet,P,1.0,1.0,15.0,,13.8,<0> ,91.0,<0> ,1013.0,<0> ,1.6,<0> ,2.7,<0> ,22:43,294.0,<0> ,13.0,<0> ,0.0,<0> ,0.0,<0> 
04/27/2023 23:00,13.95833333,tjrtlmet,P,1.0,1.0,15.0,,13.8,<0> ,91.0,<0> ,1013.0,<0> ,1.8,<0> ,3.0,<0> ,22:54,292.0,<0> ,11.0,<0> ,0.0,<0> ,0.0,<0> 
04/27/2023 23:15,13.96875,tjrtlmet,P,1.0,1.0,15.0,,13.8,<0> ,91.0,<0> ,1013.0,<0> ,1.3,<0> ,2.8,<0> ,23:00,312.0,<0> ,29.0,<0> ,0.0,<0> ,0.0,<0> 
04/27/2023 23:30,13.97916667,tjrtlmet,P,1.0,1.0,15.0,,13.8,<0> ,90.0,<0> ,1013.0,<0> ,0.6,<0> ,2.3,<0> ,23:25,338.0,<0> ,27.0,<0> ,0.0,<0> ,0.0,<0> 
04/27/2023 23:45,13.98958333,tjrtlmet,P,1.0,1.0,15.0,,13.7,<0> ,90.0,<0> ,1013.0,<0> ,0.8,<0> ,2.1,<0> ,23:30,330.0,<0> ,38.0,<0> ,0.0,<0> ,0.0,<0> 
04/28/2023 00:00,14.0,tjrtlmet,P,1.0,1.0,15.0,,13.7,<0> ,91.0,<0> ,1013.0,<0> ,1.0,<0> ,1.6,<0> ,23:54,298.0,<0> ,20.0,<0> ,0.0,<0> ,0.0,<0> 
04/28/2023 00:15,14.01041667,tjrtlmet,P,1.0,1.0,15.0,,13.7,<0> ,91.0,<0> ,1013.0,<0> ,0.8,<0> ,1.7,<0> ,00:03,322.0,<0> ,31.0,<0> ,0.0,<0> ,0.0,<0> 
04/28/2023 00:30,14.02083333,tjrtlmet,P,1.0,1.0,15.0,,13.7,<0> ,91.0,<0> ,1013.0,<0> ,1.3,<0> ,2.4,<0> ,00:18,319.0,<0> ,17.0,<0> ,0.0,<0> ,0.0,<0> 
04/28/2023 00:45,14.03125,tjrtlmet,P,1.0,1.0,15.0,,13.6,<0> ,91.0,<0> ,1013.0,<0> ,1.2,<0> ,2.4,<0> ,00:44,313.0,<0> ,20.0,<0> ,0.0,<0> ,0.0,<0> 
04/28/2023 01:00,14.04166667,tjrtlmet,P,1.0,1.0,15.0,,13.5,<0> ,92.0,<0> ,1013.0,<0> ,1.5,<0> ,2.3,<0> ,00:55,298.0,<0> ,13.0,<0> ,0.0,<0> ,0.0,<0> 
04/28/2023 01:15,14.05208333,tjrtlmet,P,1.0,1.0,15.0,,13.6,<0> ,92.0,<0> ,1013.0,<0> ,1.3,<0> ,2.5,<0> ,01:14,304.0,<0> ,16.0,<0> ,0.0,<0> ,0.0,<0> 
04/28/2023 01:30,14.0625,tjrtlmet,P,1.0,1.0,15.0,,13.6,<0> ,92.0,<0> ,1013.0,<0> ,1.2,<0> ,2.1,<0> ,01:24,312.0,<0> ,29.0,<0> ,0.0,<0> ,0.0,<0> 
04/28/2023 01:45,14.07291667,tjrtlmet,P,1.0,1.0,15.0,,13.7,<0> ,92.0,<0> ,1012.0,<0> ,0.6,<0> ,1.9,<0> ,01:44,334.0,<0> ,26.0,<0> ,0.0,<0> ,0.0,<0> 
04/28/2023 02:00,14.08333333,tjrtlmet,P,1.0,1.0,15.0,,13.7,<0> ,92.0,<0> ,1012.0,<0> ,1.1,<0> ,2.4,<0> ,01:46,313.0,<0> ,17.0,<0> ,0.0,<0> ,0.0,<0> 
04/28/2023 02:15,14.09375,tjrtlmet,P,1.0,1.0,15.0,,13.8,<0> ,92.0,<0> ,1012.0,<0> ,0.9,<0> ,2.1,<0> ,02:01,319.0,<0> ,23.0,<0> ,0.0,<0> ,0.0,<0> 
04/28/2023 02:30,14.10416667,tjrtlmet,P,1.0,1.0,15.0,,13.8,<0> ,91.0,<0> ,1012.0,<0> ,1.0,<0> ,3.2,<0> ,02:20,9.0,<0> ,31.0,<0> ,0.0,<0> ,0.0,<0> 
04/28/2023 02:45,14.11458333,tjrtlmet,P,1.0,1.0,15.0,,13.7,<0> ,91.0,<0> ,1012.0,<0> ,0.8,<0> ,2.1,<0> ,02:36,331.0,<0> ,31.0,<0> ,0.0,<0> ,0.0,<0> 
04/28/2023 03:00,14.125,tjrtlmet,P,1.0,1.0,15.0,,13.7,<0> ,91.0,<0> ,1012.0,<0> ,0.6,<0> ,1.8,<0> ,02:52,349.0,<0> ,32.0,<0> ,0.0,<0> ,0.0,<0> 
04/28/2023 03:15,14.13541667,tjrtlmet,P,1.0,1.0,15.0,,13.7,<0> ,91.0,<0> ,1012.0,<0> ,0.4,<0> ,1.3,<0> ,03:05,360.0,<0> ,28.0,<0> ,0.0,<0> ,0.0,<0> 
04/28/2023 03:30,14.14583333,tjrtlmet,P,1.0,1.0,15.0,,13.8,<0> ,91.0,<0> ,1012.0,<0> ,0.2,<0> ,0.8,<0> ,03:29,280.0,<0> ,62.0,<0> ,0.0,<0> ,0.0,<0> 
04/28/2023 03:45,14.15625,tjrtlmet,P,1.0,1.0,15.0,,13.7,<0> ,91.0,<0> ,1012.0,<0> ,0.6,<0> ,1.9,<0> ,03:37,313.0,<0> ,80.0,<0> ,0.0,<0> ,0.0,<0> 
04/28/2023 04:00,14.16666667,tjrtlmet,P,1.0,1.0,15.0,,13.6,<0> ,91.0,<0> ,1012.0,<0> ,0.6,<0> ,2.1,<0> ,03:56,234.0,<0> ,60.0,<0> ,0.0,<0> ,0.0,<0> 
04/28/2023 04:15,14.17708333,tjrtlmet,P,1.0,1.0,15.0,,13.7,<0> ,92.0,<0> ,1013.0,<0> ,1.2,<0> ,2.3,<0> ,04:12,292.0,<0> ,13.0,<0> ,0.0,<0> ,0.0,<0> 
04/28/2023 04:30,14.1875,tjrtlmet,P,1.0,1.0,15.0,,13.6,<0> ,92.0,<0> ,1013.0,<0> ,1.1,<0> ,2.6,<0> ,04:16,314.0,<0> ,30.0,<0> ,0.0,<0> ,0.0,<0> 
04/28/2023 04:45,14.19791667,tjrtlmet,P,1.0,1.0,15.0,,13.6,<0> ,92.0,<0> ,1013.0,<0> ,0.9,<0> ,2.2,<0> ,04:42,320.0,<0> ,25.0,<0> ,0.0,<0> ,0.0,<0> 
04/28/2023 05:00,14.20833333,tjrtlmet,P,1.0,1.0,15.0,,13.6,<0> ,93.0,<0> ,1013.0,<0> ,1.7,<0> ,2.6,<0> ,04:49,306.0,<0> ,17.0,<0> ,0.0,<0> ,0.0,<0> 
04/28/2023 05:15,14.21875,tjrtlmet,P,1.0,1.0,15.0,,13.5,<0> ,93.0,<0> ,1013.0,<0> ,1.2,<0> ,2.3,<0> ,05:08,318.0,<0> ,23.0,<0> ,3.3,<0> ,0.0,<0> 
04/28/2023 05:30,14.22916667,tjrtlmet,P,1.0,1.0,15.0,,13.4,<0> ,93.0,<0> ,1013.0,<0> ,0.7,<0> ,1.6,<0> ,05:17,300.0,<0> ,26.0,<0> ,10.9,<0> ,0.0,<0> 
04/28/2023 05:45,14.23958333,tjrtlmet,P,1.0,1.0,15.0,,13.5,<0> ,94.0,<0> ,1013.0,<0> ,1.1,<0> ,2.8,<0> ,05:44,299.0,<0> ,15.0,<0> ,19.3,<0> ,0.0,<0> 
04/28/2023 06:00,14.25,tjrtlmet,P,1.0,1.0,15.0,,13.4,<0> ,94.0,<0> ,1014.0,<0> ,1.3,<0> ,2.5,<0> ,05:52,313.0,<0> ,20.0,<0> ,31.8,<0> ,0.0,<0> 
04/28/2023 06:15,14.26041667,tjrtlmet,P,1.0,1.0,15.0,,13.4,<0> ,94.0,<0> ,1014.0,<0> ,0.9,<0> ,2.5,<0> ,06:08,321.0,<0> ,20.0,<0> ,47.7,<0> ,0.0,<0> 
04/28/2023 06:30,14.27083333,tjrtlmet,P,1.0,1.0,15.0,,13.4,<0> ,94.0,<0> ,1014.0,<0> ,0.6,<0> ,1.8,<0> ,06:18,15.0,<0> ,44.0,<0> ,66.2,<0> ,0.0,<0> 
04/28/2023 06:45,14.28125,tjrtlmet,P,1.0,1.0,15.0,,13.5,<0> ,94.0,<0> ,1014.0,<0> ,0.7,<0> ,1.8,<0> ,06:44,325.0,<0> ,32.0,<0> ,82.3,<0> ,0.0,<0> 
04/28/2023 07:00,14.29166667,tjrtlmet,P,1.0,1.0,15.0,,13.5,<0> ,94.0,<0> ,1014.0,<0> ,1.0,<0> ,2.7,<0> ,06:46,312.0,<0> ,20.0,<0> ,119.4,<0> ,0.0,<0> 
04/28/2023 07:15,14.30208333,tjrtlmet,P,1.0,1.0,15.0,,13.8,<0> ,94.0,<0> ,1014.0,<0> ,1.4,<0> ,2.4,<0> ,07:04,310.0,<0> ,19.0,<0> ,146.1,<0> ,0.0,<0> 
04/28/2023 07:30,14.3125,tjrtlmet,P,1.0,1.0,15.0,,14.0,<0> ,93.0,<0> ,1014.0,<0> ,1.0,<0> ,2.1,<0> ,07:17,309.0,<0> ,21.0,<0> ,184.5,<0> ,0.0,<0> 
04/28/2023 07:45,14.32291667,tjrtlmet,P,1.0,1.0,15.0,,14.2,<0> ,93.0,<0> ,1014.0,<0> ,1.6,<0> ,2.9,<0> ,07:37,301.0,<0> ,15.0,<0> ,220.7,<0> ,0.0,<0> 
04/28/2023 08:00,14.33333333,tjrtlmet,P,1.0,1.0,15.0,,14.2,<0> ,92.0,<0> ,1015.0,<0> ,1.5,<0> ,2.5,<0> ,07:47,306.0,<0> ,20.0,<0> ,233.5,<0> ,0.0,<0> 
04/28/2023 08:15,14.34375,tjrtlmet,P,1.0,1.0,15.0,,14.0,<0> ,92.0,<0> ,1015.0,<0> ,1.7,<0> ,2.6,<0> ,08:06,273.0,<0> ,14.0,<0> ,238.9,<0> ,0.0,<0> 
04/28/2023 08:30,14.35416667,tjrtlmet,P,1.0,1.0,15.0,,14.4,<0> ,92.0,<0> ,1015.0,<0> ,2.0,<0> ,3.2,<0> ,08:16,293.0,<0> ,16.0,<0> ,311.9,<0> ,0.0,<0> 
04/28/2023 08:45,14.36458333,tjrtlmet,P,1.0,1.0,15.0,,14.5,<0> ,90.0,<0> ,1015.0,<0> ,2.0,<0> ,3.0,<0> ,08:30,286.0,<0> ,14.0,<0> ,358.5,<0> ,0.0,<0> 
04/28/2023 09:00,14.375,tjrtlmet,P,1.0,1.0,15.0,,14.7,<0> ,89.0,<0> ,1015.0,<0> ,1.8,<0> ,2.8,<0> ,08:50,286.0,<0> ,15.0,<0> ,435.2,<0> ,0.0,<0> 
04/28/2023 09:15,14.38541667,tjrtlmet,P,1.0,1.0,15.0,,15.1,<0> ,88.0,<0> ,1015.0,<0> ,1.9,<0> ,2.9,<0> ,09:05,294.0,<0> ,14.0,<0> ,512.6,<0> ,0.0,<0> 
04/28/2023 09:30,14.39583333,tjrtlmet,P,1.0,1.0,15.0,,15.3,<0> ,86.0,<0> ,1015.0,<0> ,1.8,<0> ,3.0,<0> ,09:22,297.0,<0> ,22.0,<0> ,598.2,<0> ,0.0,<0> 
04/28/2023 09:45,14.40625,tjrtlmet,P,1.0,1.0,15.0,,15.5,<0> ,85.0,<0> ,1015.0,<0> ,1.4,<0> ,2.5,<0> ,09:41,291.0,<0> ,22.0,<0> ,740.3,<0> ,0.0,<0> 
04/28/2023 10:00,14.41666667,tjrtlmet,P,1.0,1.0,15.0,,16.1,<0> ,83.0,<0> ,1015.0,<0> ,2.0,<0> ,3.9,<0> ,09:59,301.0,<0> ,17.0,<0> ,865.5,<0> ,0.0,<0> 
04/28/2023 10:15,14.42708333,tjrtlmet,P,1.0,1.0,15.0,,16.2,<0> ,83.0,<0> ,1015.0,<0> ,2.7,<0> ,3.9,<0> ,10:06,296.0,<0> ,16.0,<0> ,945.4,<0> ,0.0,<0> 
04/28/2023 10:30,14.4375,tjrtlmet,P,1.0,1.0,15.0,,16.4,<0> ,83.0,<0> ,1015.0,<0> ,2.9,<0> ,4.7,<0> ,10:29,286.0,<0> ,14.0,<0> ,1109.1,<0> ,0.0,<0> 
04/28/2023 10:45,14.44791667,tjrtlmet,P,1.0,1.0,15.0,,16.5,<0> ,82.0,<0> ,1015.0,<0> ,2.7,<0> ,4.1,<0> ,10:30,280.0,<0> ,18.0,<0> ,1275.5,<0> ,0.0,<0> 
04/28/2023 11:00,14.45833333,tjrtlmet,P,1.0,1.0,15.0,,16.6,<0> ,82.0,<0> ,1015.0,<0> ,3.2,<0> ,4.6,<0> ,10:52,283.0,<0> ,15.0,<0> ,1402.6,<0> ,0.0,<0> 
04/28/2023 11:15,14.46875,tjrtlmet,P,1.0,1.0,15.0,,16.9,<0> ,81.0,<0> ,1015.0,<0> ,3.2,<0> ,4.8,<0> ,11:14,293.0,<0> ,18.0,<0> ,1446.0,<0> ,0.0,<0> 
04/28/2023 11:30,14.47916667,tjrtlmet,P,1.0,1.0,15.0,,17.1,<0> ,80.0,<0> ,1015.0,<0> ,3.3,<0> ,4.9,<0> ,11:26,289.0,<0> ,16.0,<0> ,1633.9,<0> ,0.0,<0> 
04/28/2023 11:45,14.48958333,tjrtlmet,P,1.0,1.0,15.0,,17.2,<0> ,79.0,<0> ,1015.0,<0> ,3.2,<0> ,5.1,<0> ,11:39,286.0,<0> ,17.0,<0> ,1784.5,<0> ,0.0,<0> 
04/28/2023 12:00,14.5,tjrtlmet,P,1.0,1.0,15.0,,17.4,<0> ,78.0,<0> ,1015.0,<0> ,3.6,<0> ,5.4,<0> ,11:58,290.0,<0> ,14.0,<0> ,1764.7,<0> ,0.0,<0> 
04/28/2023 12:15,14.51041667,tjrtlmet,P,1.0,1.0,15.0,,17.5,<0> ,77.0,<0> ,1015.0,<0> ,3.7,<0> ,6.0,<0> ,12:00,294.0,<0> ,16.0,<0> ,1762.9,<0> ,0.0,<0> 
04/28/2023 12:30,14.52083333,tjrtlmet,P,1.0,1.0,15.0,,17.7,<0> ,77.0,<0> ,1015.0,<0> ,3.5,<0> ,5.4,<0> ,12:22,286.0,<0> ,14.0,<0> ,1754.7,<0> ,0.0,<0> 
04/28/2023 12:45,14.53125,tjrtlmet,P,1.0,1.0,15.0,,17.7,<0> ,76.0,<0> ,1015.0,<0> ,3.6,<0> ,5.0,<0> ,12:34,286.0,<0> ,15.0,<0> ,1726.0,<0> ,0.0,<0> 
04/28/2023 13:00,14.54166667,tjrtlmet,P,1.0,1.0,15.0,,17.5,<0> ,76.0,<0> ,1015.0,<0> ,3.7,<0> ,5.4,<0> ,12:59,288.0,<0> ,16.0,<0> ,1690.4,<0> ,0.0,<0> 
04/28/2023 13:15,14.55208333,tjrtlmet,P,1.0,1.0,15.0,,17.5,<0> ,76.0,<0> ,1015.0,<0> ,3.7,<0> ,5.5,<0> ,13:01,285.0,<0> ,15.0,<0> ,1646.2,<0> ,0.0,<0> 
04/28/2023 13:30,14.5625,tjrtlmet,P,1.0,1.0,15.0,,17.6,<0> ,76.0,<0> ,1015.0,<0> ,3.8,<0> ,5.5,<0> ,13:26,284.0,<0> ,14.0,<0> ,1588.2,<0> ,0.0,<0> 
04/28/2023 13:45,14.57291667,tjrtlmet,P,1.0,1.0,15.0,,17.5,<0> ,77.0,<0> ,1015.0,<0> ,3.7,<0> ,5.3,<0> ,13:43,284.0,<0> ,14.0,<0> ,1560.1,<0> ,0.0,<0> 
04/28/2023 14:00,14.58333333,tjrtlmet,P,1.0,1.0,15.0,,17.5,<0> ,77.0,<0> ,1015.0,<0> ,3.6,<0> ,5.3,<0> ,13:55,287.0,<0> ,17.0,<0> ,1468.9,<0> ,0.0,<0> 
04/28/2023 14:15,14.59375,tjrtlmet,P,1.0,1.0,15.0,,17.3,<0> ,78.0,<0> ,1015.0,<0> ,3.8,<0> ,5.7,<0> ,14:07,284.0,<0> ,15.0,<0> ,1308.8,<0> ,0.0,<0> 
04/28/2023 14:30,14.60416667,tjrtlmet,P,1.0,1.0,15.0,,17.1,<0> ,77.0,<0> ,1015.0,<0> ,3.8,<0> ,6.0,<0> ,14:19,288.0,<0> ,16.0,<0> ,1226.1,<0> ,0.0,<0> 
04/28/2023 14:45,14.61458333,tjrtlmet,P,1.0,1.0,15.0,,17.1,<0> ,77.0,<0> ,1015.0,<0> ,3.3,<0> ,5.3,<0> ,14:31,293.0,<0> ,17.0,<0> ,1156.6,<0> ,0.0,<0> 
04/28/2023 15:00,14.625,tjrtlmet,P,1.0,1.0,15.0,,17.1,<0> ,77.0,<0> ,1014.0,<0> ,3.4,<0> ,4.8,<0> ,14:46,292.0,<0> ,13.0,<0> ,1115.3,<0> ,0.0,<0> 
04/28/2023 15:15,14.63541667,tjrtlmet,P,1.0,1.0,15.0,,16.5,<0> ,79.0,<0> ,1014.0,<0> ,3.1,<0> ,4.7,<0> ,15:10,293.0,<0> ,14.0,<0> ,819.1,<0> ,0.0,<0> 
04/28/2023 15:30,14.64583333,tjrtlmet,P,1.0,1.0,15.0,,16.6,<0> ,79.0,<0> ,1014.0,<0> ,3.2,<0> ,4.7,<0> ,15:20,288.0,<0> ,15.0,<0> ,802.5,<0> ,0.0,<0> 
04/28/2023 15:45,14.65625,tjrtlmet,P,1.0,1.0,15.0,,16.0,<0> ,81.0,<0> ,1014.0,<0> ,3.4,<0> ,4.7,<0> ,15:39,286.0,<0> ,14.0,<0> ,622.8,<0> ,0.0,<0> 
04/28/2023 16:00,14.66666667,tjrtlmet,P,1.0,1.0,15.0,,16.1,<0> ,80.0,<0> ,1014.0,<0> ,3.0,<0> ,5.1,<0> ,15:47,288.0,<0> ,17.0,<0> ,696.5,<0> ,0.0,<0> 
04/28/2023 16:15,14.67708333,tjrtlmet,P,1.0,1.0,15.0,,15.7,<0> ,82.0,<0> ,1014.0,<0> ,3.0,<0> ,5.1,<0> ,16:14,293.0,<0> ,16.0,<0> ,351.9,<0> ,0.0,<0> 
04/28/2023 16:30,14.6875,tjrtlmet,P,1.0,1.0,15.0,,15.2,<0> ,83.0,<0> ,1015.0,<0> ,3.2,<0> ,4.4,<0> ,16:20,283.0,<0> ,15.0,<0> ,343.4,<0> ,0.0,<0> 
04/28/2023 16:45,14.69791667,tjrtlmet,P,1.0,1.0,15.0,,15.1,<0> ,84.0,<0> ,1015.0,<0> ,2.6,<0> ,4.4,<0> ,16:38,278.0,<0> ,17.0,<0> ,294.0,<0> ,0.0,<0> 
04/28/2023 17:00,14.70833333,tjrtlmet,P,1.0,1.0,15.0,,14.9,<0> ,84.0,<0> ,1015.0,<0> ,2.8,<0> ,4.1,<0> ,16:57,284.0,<0> ,15.0,<0> ,193.9,<0> ,0.0,<0> 
04/28/2023 17:15,14.71875,tjrtlmet,P,1.0,1.0,15.0,,14.7,<0> ,84.0,<0> ,1015.0,<0> ,2.2,<0> ,3.6,<0> ,17:01,277.0,<0> ,14.0,<0> ,143.4,<0> ,0.0,<0> 
04/28/2023 17:30,14.72916667,tjrtlmet,P,1.0,1.0,15.0,,14.6,<0> ,85.0,<0> ,1015.0,<0> ,2.1,<0> ,3.5,<0> ,17:18,274.0,<0> ,17.0,<0> ,88.5,<0> ,0.0,<0> 
04/28/2023 17:45,14.73958333,tjrtlmet,P,1.0,1.0,15.0,,14.5,<0> ,85.0,<0> ,1015.0,<0> ,2.4,<0> ,3.4,<0> ,17:43,281.0,<0> ,11.0,<0> ,63.7,<0> ,0.0,<0> 
04/28/2023 18:00,14.75,tjrtlmet,P,1.0,1.0,15.0,,14.4,<0> ,86.0,<0> ,1015.0,<0> ,2.0,<0> ,3.1,<0> ,17:51,294.0,<0> ,14.0,<0> ,36.6,<0> ,0.0,<0> 
04/28/2023 18:15,14.76041667,tjrtlmet,P,1.0,1.0,15.0,,14.3,<0> ,86.0,<0> ,1015.0,<0> ,1.7,<0> ,3.0,<0> ,18:08,288.0,<0> ,16.0,<0> ,17.6,<0> ,0.0,<0> 
04/28/2023 18:30,14.77083333,tjrtlmet,P,1.0,1.0,15.0,,14.3,<0> ,87.0,<0> ,1015.0,<0> ,1.8,<0> ,2.7,<0> ,18:21,292.0,<0> ,13.0,<0> ,6.2,<0> ,0.0,<0> 
04/28/2023 18:45,14.78125,tjrtlmet,P,1.0,1.0,15.0,,14.1,<0> ,87.0,<0> ,1015.0,<0> ,1.6,<0> ,2.8,<0> ,18:34,285.0,<0> ,14.0,<0> ,0.6,<0> ,0.0,<0> 
04/28/2023 19:00,14.79166667,tjrtlmet,P,1.0,1.0,15.0,,14.1,<0> ,87.0,<0> ,1015.0,<0> ,1.6,<0> ,3.3,<0> ,18:49,282.0,<0> ,14.0,<0> ,0.0,<0> ,0.0,<0> 
04/28/2023 19:15,14.80208333,tjrtlmet,P,1.0,1.0,15.0,,14.0,<0> ,87.0,<0> ,1015.0,<0> ,1.6,<0> ,2.4,<0> ,19:07,278.0,<0> ,14.0,<0> ,0.0,<0> ,0.0,<0> 
04/28/2023 19:30,14.8125,tjrtlmet,P,1.0,1.0,15.0,,14.0,<0> ,88.0,<0> ,1015.0,<0> ,1.6,<0> ,2.5,<0> ,19:18,287.0,<0> ,15.0,<0> ,0.0,<0> ,0.0,<0> 
04/28/2023 19:45,14.82291667,tjrtlmet,P,1.0,1.0,15.0,,14.1,<0> ,88.0,<0> ,1016.0,<0> ,1.7,<0> ,3.0,<0> ,19:40,286.0,<0> ,16.0,<0> ,0.0,<0> ,0.0,<0> 
04/28/2023 20:00,14.83333333,tjrtlmet,P,1.0,1.0,15.0,,14.1,<0> ,88.0,<0> ,1016.0,<0> ,1.9,<0> ,3.0,<0> ,19:58,293.0,<0> ,16.0,<0> ,0.0,<0> ,0.0,<0> 
04/28/2023 20:15,14.84375,tjrtlmet,P,1.0,1.0,15.0,,14.0,<0> ,88.0,<0> ,1016.0,<0> ,2.2,<0> ,3.3,<0> ,20:02,297.0,<0> ,13.0,<0> ,0.0,<0> ,0.0,<0> 
04/28/2023 20:30,14.85416667,tjrtlmet,P,1.0,1.0,15.0,,13.9,<0> ,88.0,<0> ,1016.0,<0> ,2.0,<0> ,3.4,<0> ,20:23,305.0,<0> ,15.0,<0> ,0.0,<0> ,0.0,<0> 
04/28/2023 20:45,14.86458333,tjrtlmet,P,1.0,1.0,15.0,,13.9,<0> ,88.0,<0> ,1016.0,<0> ,2.1,<0> ,3.3,<0> ,20:43,303.0,<0> ,12.0,<0> ,0.0,<0> ,0.0,<0> 
04/28/2023 21:00,14.875,tjrtlmet,P,1.0,1.0,15.0,,13.9,<0> ,88.0,<0> ,1016.0,<0> ,1.9,<0> ,2.9,<0> ,20:45,294.0,<0> ,13.0,<0> ,0.0,<0> ,0.0,<0> 
04/28/2023 21:15,14.88541667,tjrtlmet,P,1.0,1.0,15.0,,13.8,<0> ,89.0,<0> ,1016.0,<0> ,1.3,<0> ,2.2,<0> ,21:00,290.0,<0> ,14.0,<0> ,0.0,<0> ,0.0,<0> 
04/28/2023 21:30,14.89583333,tjrtlmet,P,1.0,1.0,15.0,,13.9,<0> ,89.0,<0> ,1016.0,<0> ,1.3,<0> ,2.0,<0> ,21:29,295.0,<0> ,15.0,<0> ,0.0,<0> ,0.0,<0> 
04/28/2023 21:45,14.90625,tjrtlmet,P,1.0,1.0,15.0,,13.8,<0> ,89.0,<0> ,1016.0,<0> ,1.7,<0> ,2.5,<0> ,21:36,284.0,<0> ,14.0,<0> ,0.0,<0> ,0.0,<0> 
04/28/2023 22:00,14.91666667,tjrtlmet,P,1.0,1.0,15.0,,13.8,<0> ,89.0,<0> ,1016.0,<0> ,1.6,<0> ,2.4,<0> ,21:56,291.0,<0> ,15.0,<0> ,0.0,<0> ,0.0,<0> 
04/28/2023 22:15,14.92708333,tjrtlmet,P,1.0,1.0,15.0,,13.8,<0> ,89.0,<0> ,1016.0,<0> ,1.5,<0> ,2.1,<0> ,22:00,296.0,<0> ,15.0,<0> ,0.0,<0> ,0.0,<0> 
04/28/2023 22:30,14.9375,tjrtlmet,P,1.0,1.0,15.0,,13.8,<0> ,89.0,<0> ,1016.0,<0> ,1.2,<0> ,2.2,<0> ,22:17,287.0,<0> ,14.0,<0> ,0.0,<0> ,0.0,<0> 
04/28/2023 22:45,14.94791667,tjrtlmet,P,1.0,1.0,15.0,,13.8,<0> ,89.0,<0> ,1016.0,<0> ,1.2,<0> ,1.8,<0> ,22:31,282.0,<0> ,12.0,<0> ,0.0,<0> ,0.0,<0> 
04/28/2023 23:00,14.95833333,tjrtlmet,P,1.0,1.0,15.0,,13.9,<0> ,89.0,<0> ,1016.0,<0> ,0.9,<0> ,1.8,<0> ,23:00,283.0,<0> ,15.0,<0> ,0.0,<0> ,0.0,<0> 
04/28/2023 23:15,14.96875,tjrtlmet,P,1.0,1.0,15.0,,13.9,<0> ,89.0,<0> ,1016.0,<0> ,1.2,<0> ,1.9,<0> ,23:09,308.0,<0> ,15.0,<0> ,0.0,<0> ,0.0,<0> 
04/28/2023 23:30,14.97916667,tjrtlmet,P,1.0,1.0,15.0,,13.9,<0> ,89.0,<0> ,1016.0,<0> ,1.3,<0> ,2.4,<0> ,23:26,309.0,<0> ,16.0,<0> ,0.0,<0> ,0.0,<0> 
04/28/2023 23:45,14.98958333,tjrtlmet,P,1.0,1.0,15.0,,13.9,<0> ,89.0,<0> ,1016.0,<0> ,1.6,<0> ,3.0,<0> ,23:35,303.0,<0> ,13.0,<0> ,0.0,<0> ,0.0,<0> 
04/29/2023 00:00,15.0,tjrtlmet,P,1.0,1.0,15.0,,13.8,<0> ,89.0,<0> ,1016.0,<0> ,1.8,<0> ,2.8,<0> ,23:47,298.0,<0> ,13.0,<0> ,0.0,<0> ,0.0,<0> 
04/29/2023 00:15,15.01041667,tjrtlmet,P,1.0,1.0,15.0,,13.8,<0> ,89.0,<0> ,1016.0,<0> ,1.8,<0> ,2.6,<0> ,00:12,297.0,<0> ,12.0,<0> ,0.0,<0> ,0.0,<0> 
04/29/2023 00:30,15.02083333,tjrtlmet,P,1.0,1.0,15.0,,13.8,<0> ,89.0,<0> ,1016.0,<0> ,1.3,<0> ,3.0,<0> ,00:29,300.0,<0> ,15.0,<0> ,0.0,<0> ,0.0,<0> 
04/29/2023 00:45,15.03125,tjrtlmet,P,1.0,1.0,15.0,,13.7,<0> ,89.0,<0> ,1016.0,<0> ,1.5,<0> ,2.6,<0> ,00:38,299.0,<0> ,15.0,<0> ,0.0,<0> ,0.0,<0> 
04/29/2023 01:00,15.04166667,tjrtlmet,P,1.0,1.0,15.0,,13.7,<0> ,89.0,<0> ,1016.0,<0> ,1.7,<0> ,2.8,<0> ,00:46,293.0,<0> ,15.0,<0> ,0.0,<0> ,0.0,<0> 
04/29/2023 01:15,15.05208333,tjrtlmet,P,1.0,1.0,15.0,,13.7,<0> ,90.0,<0> ,1016.0,<0> ,1.6,<0> ,2.5,<0> ,01:02,296.0,<0> ,13.0,<0> ,0.0,<0> ,0.0,<0> 
04/29/2023 01:30,15.0625,tjrtlmet,P,1.0,1.0,15.0,,13.7,<0> ,90.0,<0> ,1016.0,<0> ,1.2,<0> ,1.9,<0> ,01:29,285.0,<0> ,14.0,<0> ,0.0,<0> ,0.0,<0> 
04/29/2023 01:45,15.07291667,tjrtlmet,P,1.0,1.0,15.0,,13.7,<0> ,90.0,<0> ,1016.0,<0> ,1.4,<0> ,2.5,<0> ,01:36,290.0,<0> ,11.0,<0> ,0.0,<0> ,0.0,<0> 
04/29/2023 02:00,15.08333333,tjrtlmet,P,1.0,1.0,15.0,,13.7,<0> ,90.0,<0> ,1016.0,<0> ,1.2,<0> ,2.2,<0> ,01:50,286.0,<0> ,12.0,<0> ,0.0,<0> ,0.0,<0> 
04/29/2023 02:15,15.09375,tjrtlmet,P,1.0,1.0,15.0,,13.7,<0> ,90.0,<0> ,1016.0,<0> ,1.3,<0> ,2.3,<0> ,02:08,289.0,<0> ,25.0,<0> ,0.0,<0> ,0.0,<0> 
04/29/2023 02:30,15.10416667,tjrtlmet,P,1.0,1.0,15.0,,13.7,<0> ,90.0,<0> ,1015.0,<0> ,1.6,<0> ,2.7,<0> ,02:19,284.0,<0> ,14.0,<0> ,0.0,<0> ,0.0,<0> 
04/29/2023 02:45,15.11458333,tjrtlmet,P,1.0,1.0,15.0,,13.7,<0> ,90.0,<0> ,1015.0,<0> ,1.5,<0> ,2.5,<0> ,02:36,303.0,<0> ,13.0,<0> ,0.0,<0> ,0.0,<0> 
04/29/2023 03:00,15.125,tjrtlmet,P,1.0,1.0,15.0,,13.7,<0> ,90.0,<0> ,1015.0,<0> ,1.7,<0> ,2.9,<0> ,02:54,305.0,<0> ,13.0,<0> ,0.0,<0> ,0.0,<0> 
04/29/2023 03:15,15.13541667,tjrtlmet,P,1.0,1.0,15.0,,13.8,<0> ,90.0,<0> ,1015.0,<0> ,1.3,<0> ,2.7,<0> ,03:14,316.0,<0> ,22.0,<0> ,0.0,<0> ,0.0,<0> 
04/29/2023 03:30,15.14583333,tjrtlmet,P,1.0,1.0,15.0,,13.7,<0> ,90.0,<0> ,1015.0,<0> ,1.6,<0> ,3.3,<0> ,03:27,309.0,<0> ,16.0,<0> ,0.0,<0> ,0.0,<0> 
04/29/2023 03:45,15.15625,tjrtlmet,P,1.0,1.0,15.0,,13.7,<0> ,90.0,<0> ,1015.0,<0> ,1.7,<0> ,2.6,<0> ,03:35,305.0,<0> ,13.0,<0> ,0.0,<0> ,0.0,<0> 
04/29/2023 04:00,15.16666667,tjrtlmet,P,1.0,1.0,15.0,,13.6,<0> ,90.0,<0> ,1015.0,<0> ,1.6,<0> ,2.5,<0> ,03:56,302.0,<0> ,13.0,<0> ,0.0,<0> ,0.0,<0> 
04/29/2023 04:15,15.17708333,tjrtlmet,P,1.0,1.0,15.0,,13.6,<0> ,90.0,<0> ,1015.0,<0> ,1.4,<0> ,2.6,<0> ,04:06,313.0,<0> ,16.0,<0> ,0.0,<0> ,0.0,<0> 
04/29/2023 04:30,15.1875,tjrtlmet,P,1.0,1.0,15.0,,13.7,<0> ,90.0,<0> ,1015.0,<0> ,1.6,<0> ,2.8,<0> ,04:18,310.0,<0> ,15.0,<0> ,0.0,<0> ,0.0,<0> 
04/29/2023 04:45,15.19791667,tjrtlmet,P,1.0,1.0,15.0,,13.7,<0> ,90.0,<0> ,1015.0,<0> ,1.8,<0> ,3.1,<0> ,04:34,310.0,<0> ,18.0,<0> ,0.0,<0> ,0.0,<0> 
04/29/2023 05:00,15.20833333,tjrtlmet,P,1.0,1.0,15.0,,13.8,<0> ,89.0,<0> ,1015.0,<0> ,1.9,<0> ,3.1,<0> ,04:50,307.0,<0> ,14.0,<0> ,0.4,<0> ,0.0,<0> 
04/29/2023 05:15,15.21875,tjrtlmet,P,1.0,1.0,15.0,,13.8,<0> ,89.0,<0> ,1015.0,<0> ,1.8,<0> ,3.6,<0> ,05:04,308.0,<0> ,18.0,<0> ,5.4,<0> ,0.0,<0> 
04/29/2023 05:30,15.22916667,tjrtlmet,P,1.0,1.0,15.0,,13.8,<0> ,89.0,<0> ,1015.0,<0> ,1.5,<0> ,2.6,<0> ,05:19,314.0,<0> ,21.0,<0> ,16.1,<0> ,0.0,<0> 
04/29/2023 05:45,15.23958333,tjrtlmet,P,1.0,1.0,15.0,,13.8,<0> ,89.0,<0> ,1015.0,<0> ,1.9,<0> ,3.4,<0> ,05:33,305.0,<0> ,16.0,<0> ,30.2,<0> ,0.0,<0> 
04/29/2023 06:00,15.25,tjrtlmet,P,1.0,1.0,15.0,,13.9,<0> ,89.0,<0> ,1015.0,<0> ,1.8,<0> ,3.4,<0> ,05:58,306.0,<0> ,19.0,<0> ,49.7,<0> ,0.0,<0> 
04/29/2023 06:15,15.26041667,tjrtlmet,P,1.0,1.0,15.0,,13.9,<0> ,89.0,<0> ,1015.0,<0> ,2.2,<0> ,3.3,<0> ,06:06,307.0,<0> ,14.0,<0> ,74.2,<0> ,0.0,<0> 
04/29/2023 06:30,15.27083333,tjrtlmet,P,1.0,1.0,15.0,,14.0,<0> ,89.0,<0> ,1016.0,<0> ,2.1,<0> ,3.4,<0> ,06:21,308.0,<0> ,18.0,<0> ,95.5,<0> ,0.0,<0> 
04/29/2023 06:45,15.28125,tjrtlmet,P,1.0,1.0,15.0,,14.1,<0> ,89.0,<0> ,1016.0,<0> ,1.9,<0> ,3.1,<0> ,06:34,299.0,<0> ,15.0,<0> ,118.7,<0> ,0.0,<0> 
04/29/2023 07:00,15.29166667,tjrtlmet,P,1.0,1.0,15.0,,14.2,<0> ,89.0,<0> ,1016.0,<0> ,1.7,<0> ,3.3,<0> ,06:48,300.0,<0> ,18.0,<0> ,143.1,<0> ,0.0,<0> 
04/29/2023 07:15,15.30208333,tjrtlmet,P,1.0,1.0,15.0,,14.3,<0> ,89.0,<0> ,1016.0,<0> ,2.0,<0> ,3.4,<0> ,07:10,303.0,<0> ,13.0,<0> ,177.0,<0> ,0.0,<0> 
04/29/2023 07:30,15.3125,tjrtlmet,P,1.0,1.0,15.0,,14.4,<0> ,88.0,<0> ,1016.0,<0> ,2.1,<0> ,3.2,<0> ,07:24,303.0,<0> ,13.0,<0> ,226.6,<0> ,0.0,<0> 
04/29/2023 07:45,15.32291667,tjrtlmet,P,1.0,1.0,15.0,,14.6,<0> ,88.0,<0> ,1016.0,<0> ,2.0,<0> ,3.5,<0> ,07:44,301.0,<0> ,15.0,<0> ,297.1,<0> ,0.0,<0> 
04/29/2023 08:00,15.33333333,tjrtlmet,P,1.0,1.0,15.0,,14.8,<0> ,87.0,<0> ,1016.0,<0> ,1.9,<0> ,3.3,<0> ,07:45,303.0,<0> ,17.0,<0> ,368.9,<0> ,0.0,<0> 
04/29/2023 08:15,15.34375,tjrtlmet,P,1.0,1.0,15.0,,15.0,<0> ,86.0,<0> ,1016.0,<0> ,1.9,<0> ,3.1,<0> ,08:02,302.0,<0> ,18.0,<0> ,381.0,<0> ,0.0,<0> 
04/29/2023 08:30,15.35416667,tjrtlmet,P,1.0,1.0,15.0,,14.9,<0> ,87.0,<0> ,1016.0,<0> ,2.0,<0> ,3.4,<0> ,08:20,296.0,<0> ,14.0,<0> ,408.7,<0> ,0.0,<0> 
04/29/2023 08:45,15.36458333,tjrtlmet,P,1.0,1.0,15.0,,15.0,<0> ,87.0,<0> ,1016.0,<0> ,2.2,<0> ,3.4,<0> ,08:31,297.0,<0> ,16.0,<0> ,470.1,<0> ,0.0,<0> 
04/29/2023 09:00,15.375,tjrtlmet,P,1.0,1.0,15.0,,15.2,<0> ,87.0,<0> ,1016.0,<0> ,2.3,<0> ,3.8,<0> ,08:55,292.0,<0> ,16.0,<0> ,524.1,<0> ,0.0,<0> 
04/29/2023 09:15,15.38541667,tjrtlmet,P,1.0,1.0,15.0,,15.4,<0> ,86.0,<0> ,1016.0,<0> ,2.4,<0> ,3.6,<0> ,09:08,294.0,<0> ,16.0,<0> ,605.6,<0> ,0.0,<0> 
04/29/2023 09:30,15.39583333,tjrtlmet,P,1.0,1.0,15.0,,15.4,<0> ,86.0,<0> ,1016.0,<0> ,2.3,<0> ,3.8,<0> ,09:18,287.0,<0> ,15.0,<0> ,715.3,<0> ,0.0,<0> 
04/29/2023 09:45,15.40625,tjrtlmet,P,1.0,1.0,15.0,,16.0,<0> ,85.0,<0> ,1016.0,<0> ,2.5,<0> ,4.0,<0> ,09:44,297.0,<0> ,17.0,<0> ,1033.4,<0> ,0.0,<0> 
04/29/2023 10:00,15.41666667,tjrtlmet,P,1.0,1.0,15.0,,16.8,<0> ,83.0,<0> ,1016.0,<0> ,2.8,<0> ,4.3,<0> ,09:50,297.0,<0> ,16.0,<0> ,1446.7,<0> ,0.0,<0> 
04/29/2023 10:15,15.42708333,tjrtlmet,P,1.0,1.0,15.0,,16.8,<0> ,82.0,<0> ,1016.0,<0> ,3.2,<0> ,4.4,<0> ,10:08,289.0,<0> ,15.0,<0> ,1623.6,<0> ,0.0,<0> 
04/29/2023 10:30,15.4375,tjrtlmet,P,1.0,1.0,15.0,,16.9,<0> ,83.0,<0> ,1016.0,<0> ,2.9,<0> ,4.7,<0> ,10:22,290.0,<0> ,17.0,<0> ,1685.1,<0> ,0.0,<0> 
04/29/2023 10:45,15.44791667,tjrtlmet,P,1.0,1.0,15.0,,17.3,<0> ,81.0,<0> ,1016.0,<0> ,3.0,<0> ,4.2,<0> ,10:31,290.0,<0> ,17.0,<0> ,1704.6,<0> ,0.0,<0> 
04/29/2023 11:00,15.45833333,tjrtlmet,P,1.0,1.0,15.0,,17.0,<0> ,83.0,<0> ,1016.0,<0> ,3.5,<0> ,4.9,<0> ,10:46,278.0,<0> ,13.0,<0> ,1412.8,<0> ,0.0,<0> 
04/29/2023 11:15,15.46875,tjrtlmet,P,1.0,1.0,15.0,,16.8,<0> ,84.0,<0> ,1016.0,<0> ,3.3,<0> ,4.6,<0> ,11:02,282.0,<0> ,14.0,<0> ,1231.1,<0> ,0.0,<0> 
04/29/2023 11:30,15.47916667,tjrtlmet,P,1.0,1.0,15.0,,17.2,<0> ,82.0,<0> ,1016.0,<0> ,3.1,<0> ,4.5,<0> ,11:24,291.0,<0> ,15.0,<0> ,1376.9,<0> ,0.0,<0> 
04/29/2023 11:45,15.48958333,tjrtlmet,P,1.0,1.0,15.0,,17.6,<0> ,81.0,<0> ,1016.0,<0> ,3.0,<0> ,4.5,<0> ,11:44,292.0,<0> ,16.0,<0> ,1547.9,<0> ,0.0,<0> 
04/29/2023 12:00,15.5,tjrtlmet,P,1.0,1.0,15.0,,17.4,<0> ,80.0,<0> ,1015.0,<0> ,3.1,<0> ,4.6,<0> ,11:47,298.0,<0> ,16.0,<0> ,1314.5,<0> ,0.0,<0> 
04/29/2023 12:15,15.51041667,tjrtlmet,P,1.0,1.0,15.0,,17.4,<0> ,81.0,<0> ,1015.0,<0> ,3.1,<0> ,4.5,<0> ,12:05,296.0,<0> ,16.0,<0> ,1294.6,<0> ,0.0,<0> 
04/29/2023 12:30,15.52083333,tjrtlmet,P,1.0,1.0,15.0,,17.3,<0> ,81.0,<0> ,1015.0,<0> ,3.1,<0> ,4.8,<0> ,12:16,293.0,<0> ,17.0,<0> ,1118.1,<0> ,0.0,<0> 
04/29/2023 12:45,15.53125,tjrtlmet,P,1.0,1.0,15.0,,17.3,<0> ,82.0,<0> ,1015.0,<0> ,3.0,<0> ,4.8,<0> ,12:33,288.0,<0> ,15.0,<0> ,1058.6,<0> ,0.0,<0> 
04/29/2023 13:00,15.54166667,tjrtlmet,P,1.0,1.0,15.0,,16.7,<0> ,84.0,<0> ,1015.0,<0> ,3.2,<0> ,4.4,<0> ,12:50,283.0,<0> ,12.0,<0> ,793.3,<0> ,0.0,<0> 
04/29/2023 13:15,15.55208333,tjrtlmet,P,1.0,1.0,15.0,,16.8,<0> ,84.0,<0> ,1015.0,<0> ,3.1,<0> ,4.4,<0> ,13:05,284.0,<0> ,14.0,<0> ,884.6,<0> ,0.0,<0> 
04/29/2023 13:30,15.5625,tjrtlmet,P,1.0,1.0,15.0,,16.7,<0> ,84.0,<0> ,1015.0,<0> ,2.8,<0> ,4.4,<0> ,13:17,280.0,<0> ,14.0,<0> ,708.0,<0> ,0.0,<0> 
04/29/2023 13:45,15.57291667,tjrtlmet,P,1.0,1.0,15.0,,16.7,<0> ,85.0,<0> ,1015.0,<0> ,2.7,<0> ,4.2,<0> ,13:43,284.0,<0> ,16.0,<0> ,602.2,<0> ,0.0,<0> 
04/29/2023 14:00,15.58333333,tjrtlmet,P,1.0,1.0,15.0,,16.4,<0> ,85.0,<0> ,1015.0,<0> ,2.9,<0> ,4.6,<0> ,13:45,280.0,<0> ,13.0,<0> ,500.0,<0> ,0.0,<0> 
04/29/2023 14:15,15.59375,tjrtlmet,P,1.0,1.0,15.0,,16.1,<0> ,86.0,<0> ,1015.0,<0> ,3.2,<0> ,4.9,<0> ,14:14,279.0,<0> ,11.0,<0> ,494.7,<0> ,0.0,<0> 
04/29/2023 14:30,15.60416667,tjrtlmet,P,1.0,1.0,15.0,,16.2,<0> ,85.0,<0> ,1015.0,<0> ,2.9,<0> ,4.4,<0> ,14:25,278.0,<0> ,14.0,<0> ,547.2,<0> ,0.0,<0> 
04/29/2023 14:45,15.61458333,tjrtlmet,P,1.0,1.0,15.0,,16.1,<0> ,85.0,<0> ,1015.0,<0> ,3.1,<0> ,4.4,<0> ,14:32,273.0,<0> ,13.0,<0> ,557.5,<0> ,0.0,<0> 
04/29/2023 15:00,15.625,tjrtlmet,P,1.0,1.0,15.0,,16.1,<0> ,85.0,<0> ,1015.0,<0> ,2.9,<0> ,4.0,<0> ,14:47,275.0,<0> ,12.0,<0> ,525.1,<0> ,0.0,<0> 
04/29/2023 15:15,15.63541667,tjrtlmet,P,1.0,1.0,15.0,,16.0,<0> ,85.0,<0> ,1015.0,<0> ,2.7,<0> ,4.4,<0> ,15:13,277.0,<0> ,12.0,<0> ,362.3,<0> ,0.0,<0> 
04/29/2023 15:30,15.64583333,tjrtlmet,P,1.0,1.0,15.0,,15.8,<0> ,85.0,<0> ,1015.0,<0> ,3.2,<0> ,5.1,<0> ,15:22,287.0,<0> ,13.0,<0> ,349.9,<0> ,0.0,<0> 
04/29/2023 15:45,15.65625,tjrtlmet,P,1.0,1.0,15.0,,15.5,<0> ,85.0,<0> ,1015.0,<0> ,3.1,<0> ,4.3,<0> ,15:40,275.0,<0> ,13.0,<0> ,309.7,<0> ,0.0,<0> 
04/29/2023 16:00,15.66666667,tjrtlmet,P,1.0,1.0,15.0,,15.2,<0> ,86.0,<0> ,1015.0,<0> ,2.7,<0> ,3.9,<0> ,15:49,270.0,<0> ,13.0,<0> ,252.4,<0> ,0.0,<0> 
04/29/2023 16:15,15.67708333,tjrtlmet,P,1.0,1.0,15.0,,15.2,<0> ,86.0,<0> ,1015.0,<0> ,2.6,<0> ,3.9,<0> ,16:04,278.0,<0> ,15.0,<0> ,239.7,<0> ,0.0,<0> 
04/29/2023 16:30,15.6875,tjrtlmet,P,1.0,1.0,15.0,,15.1,<0> ,85.0,<0> ,1015.0,<0> ,2.4,<0> ,3.4,<0> ,16:20,271.0,<0> ,12.0,<0> ,216.3,<0> ,0.0,<0> 
04/29/2023 16:45,15.69791667,tjrtlmet,P,1.0,1.0,15.0,,14.9,<0> ,85.0,<0> ,1015.0,<0> ,2.2,<0> ,3.5,<0> ,16:38,276.0,<0> ,14.0,<0> ,187.8,<0> ,0.0,<0> 
04/29/2023 17:00,15.70833333,tjrtlmet,P,1.0,1.0,15.0,,14.8,<0> ,86.0,<0> ,1015.0,<0> ,1.9,<0> ,3.2,<0> ,16:56,272.0,<0> ,13.0,<0> ,144.8,<0> ,0.0,<0> 
04/29/2023 17:15,15.71875,tjrtlmet,P,1.0,1.0,15.0,,14.7,<0> ,86.0,<0> ,1015.0,<0> ,1.8,<0> ,2.7,<0> ,17:01,266.0,<0> ,14.0,<0> ,109.6,<0> ,0.0,<0> 
04/29/2023 17:30,15.72916667,tjrtlmet,P,1.0,1.0,15.0,,14.7,<0> ,86.0,<0> ,1015.0,<0> ,1.6,<0> ,2.5,<0> ,17:18,257.0,<0> ,13.0,<0> ,86.4,<0> ,0.0,<0> 
04/29/2023 17:45,15.73958333,tjrtlmet,P,1.0,1.0,15.0,,14.6,<0> ,86.0,<0> ,1015.0,<0> ,1.4,<0> ,2.4,<0> ,17:36,257.0,<0> ,24.0,<0> ,56.3,<0> ,0.0,<0> 
04/29/2023 18:00,15.75,tjrtlmet,P,1.0,1.0,15.0,,14.5,<0> ,87.0,<0> ,1015.0,<0> ,1.2,<0> ,2.5,<0> ,17:51,283.0,<0> ,21.0,<0> ,33.5,<0> ,0.0,<0> 
04/29/2023 18:15,15.76041667,tjrtlmet,P,1.0,1.0,15.0,,14.4,<0> ,87.0,<0> ,1015.0,<0> ,0.8,<0> ,1.7,<0> ,18:09,310.0,<0> ,15.0,<0> ,17.4,<0> ,0.0,<0> 
04/29/2023 18:30,15.77083333,tjrtlmet,P,1.0,1.0,15.0,,14.3,<0> ,87.0,<0> ,1015.0,<0> ,1.0,<0> ,1.9,<0> ,18:17,304.0,<0> ,20.0,<0> ,5.9,<0> ,0.0,<0> 
04/29/2023 18:45,15.78125,tjrtlmet,P,1.0,1.0,15.0,,14.3,<0> ,87.0,<0> ,1015.0,<0> ,0.7,<0> ,1.7,<0> ,18:32,309.0,<0> ,18.0,<0> ,0.7,<0> ,0.0,<0> 
04/29/2023 19:00,15.79166667,tjrtlmet,P,1.0,1.0,15.0,,14.2,<0> ,88.0,<0> ,1015.0,<0> ,0.7,<0> ,2.2,<0> ,18:47,322.0,<0> ,25.0,<0> ,0.0,<0> ,0.0,<0> 
04/29/2023 19:15,15.80208333,tjrtlmet,P,1.0,1.0,15.0,,14.2,<0> ,88.0,<0> ,1015.0,<0> ,0.6,<0> ,1.1,<0> ,19:13,316.0,<0> ,23.0,<0> ,0.0,<0> ,0.0,<0> 
04/29/2023 19:30,15.8125,tjrtlmet,P,1.0,1.0,15.0,,14.2,<0> ,88.0,<0> ,1015.0,<0> ,0.2,<0> ,0.9,<0> ,19:15,298.0,<0> ,15.0,<0> ,0.0,<0> ,0.0,<0> 
04/29/2023 19:45,15.82291667,tjrtlmet,P,1.0,1.0,15.0,,14.2,<0> ,88.0,<0> ,1015.0,<0> ,0.5,<0> ,1.0,<0> ,19:41,280.0,<0> ,14.0,<0> ,0.0,<0> ,0.0,<0> 
04/29/2023 20:00,15.83333333,tjrtlmet,P,1.0,1.0,15.0,,14.2,<0> ,88.0,<0> ,1015.0,<0> ,0.7,<0> ,1.2,<0> ,19:47,282.0,<0> ,18.0,<0> ,0.0,<0> ,0.0,<0> 
04/29/2023 20:15,15.84375,tjrtlmet,P,1.0,1.0,15.0,,14.2,<0> ,89.0,<0> ,1015.0,<0> ,0.8,<0> ,1.4,<0> ,20:01,281.0,<0> ,13.0,<0> ,0.0,<0> ,0.0,<0> 
04/29/2023 20:30,15.85416667,tjrtlmet,P,1.0,1.0,15.0,,14.2,<0> ,89.0,<0> ,1015.0,<0> ,0.5,<0> ,1.2,<0> ,20:16,278.0,<0> ,10.0,<0> ,0.0,<0> ,0.0,<0> 
04/29/2023 20:45,15.86458333,tjrtlmet,P,1.0,1.0,15.0,,14.2,<0> ,89.0,<0> ,1015.0,<0> ,0.5,<0> ,0.9,<0> ,20:36,291.0,<0> ,11.0,<0> ,0.0,<0> ,0.0,<0> 
04/29/2023 21:00,15.875,tjrtlmet,P,1.0,1.0,15.0,,14.1,<0> ,89.0,<0> ,1015.0,<0> ,0.5,<0> ,1.2,<0> ,20:46,276.0,<0> ,8.0,<0> ,0.0,<0> ,0.0,<0> 
04/29/2023 21:15,15.88541667,tjrtlmet,P,1.0,1.0,15.0,,14.2,<0> ,90.0,<0> ,1015.0,<0> ,0.7,<0> ,1.8,<0> ,21:11,278.0,<0> ,9.0,<0> ,0.0,<0> ,0.0,<0> 
04/29/2023 21:30,15.89583333,tjrtlmet,P,1.0,1.0,15.0,,14.1,<0> ,90.0,<0> ,1015.0,<0> ,0.5,<0> ,1.2,<0> ,21:25,277.0,<0> ,18.0,<0> ,0.0,<0> ,0.0,<0> 
04/29/2023 21:45,15.90625,tjrtlmet,P,1.0,1.0,15.0,,14.1,<0> ,90.0,<0> ,1015.0,<0> ,1.2,<0> ,1.9,<0> ,21:35,284.0,<0> ,10.0,<0> ,0.0,<0> ,0.0,<0> 
04/29/2023 22:00,15.91666667,tjrtlmet,P,1.0,1.0,15.0,,14.1,<0> ,90.0,<0> ,1015.0,<0> ,0.9,<0> ,1.7,<0> ,21:45,290.0,<0> ,10.0,<0> ,0.0,<0> ,0.0,<0> 
04/29/2023 22:15,15.92708333,tjrtlmet,P,1.0,1.0,15.0,,14.1,<0> ,90.0,<0> ,1015.0,<0> ,1.0,<0> ,1.9,<0> ,22:12,288.0,<0> ,13.0,<0> ,0.0,<0> ,0.0,<0> 
04/29/2023 22:30,15.9375,tjrtlmet,P,1.0,1.0,15.0,,14.1,<0> ,90.0,<0> ,1015.0,<0> ,0.9,<0> ,1.6,<0> ,22:16,291.0,<0> ,15.0,<0> ,0.0,<0> ,0.0,<0> 
04/29/2023 22:45,15.94791667,tjrtlmet,P,1.0,1.0,15.0,,14.1,<0> ,90.0,<0> ,1015.0,<0> ,1.2,<0> ,2.4,<0> ,22:37,290.0,<0> ,20.0,<0> ,0.0,<0> ,0.0,<0> 
04/29/2023 23:00,15.95833333,tjrtlmet,P,1.0,1.0,15.0,,14.1,<0> ,90.0,<0> ,1015.0,<0> ,1.0,<0> ,1.8,<0> ,22:56,305.0,<0> ,15.0,<0> ,0.0,<0> ,0.0,<0> 
04/29/2023 23:15,15.96875,tjrtlmet,P,1.0,1.0,15.0,,14.1,<0> ,91.0,<0> ,1015.0,<0> ,1.0,<0> ,1.6,<0> ,23:02,306.0,<0> ,16.0,<0> ,0.0,<0> ,0.0,<0> 
04/29/2023 23:30,15.97916667,tjrtlmet,P,1.0,1.0,15.0,,14.0,<0> ,91.0,<0> ,1015.0,<0> ,1.2,<0> ,2.0,<0> ,23:29,284.0,<0> ,15.0,<0> ,0.0,<0> ,0.0,<0> 
04/29/2023 23:45,15.98958333,tjrtlmet,P,1.0,1.0,15.0,,13.9,<0> ,91.0,<0> ,1015.0,<0> ,1.4,<0> ,2.2,<0> ,23:30,293.0,<0> ,17.0,<0> ,0.0,<0> ,0.0,<0> 
04/30/2023 00:00,16.0,tjrtlmet,P,1.0,1.0,15.0,,13.9,<0> ,91.0,<0> ,1015.0,<0> ,1.2,<0> ,2.0,<0> ,23:50,289.0,<0> ,26.0,<0> ,0.0,<0> ,0.0,<0> 
04/30/2023 00:15,16.01041667,tjrtlmet,P,1.0,1.0,15.0,,13.8,<0> ,91.0,<0> ,1014.0,<0> ,0.9,<0> ,1.7,<0> ,00:00,303.0,<0> ,26.0,<0> ,0.0,<0> ,0.0,<0> 
04/30/2023 00:30,16.02083333,tjrtlmet,P,1.0,1.0,15.0,,13.8,<0> ,91.0,<0> ,1014.0,<0> ,0.7,<0> ,1.8,<0> ,00:17,304.0,<0> ,22.0,<0> ,0.0,<0> ,0.0,<0> 
04/30/2023 00:45,16.03125,tjrtlmet,P,1.0,1.0,15.0,,13.8,<0> ,92.0,<0> ,1014.0,<0> ,0.8,<0> ,1.3,<0> ,00:39,276.0,<0> ,16.0,<0> ,0.0,<0> ,0.0,<0> 
04/30/2023 01:00,16.04166667,tjrtlmet,P,1.0,1.0,15.0,,13.8,<0> ,92.0,<0> ,1014.0,<0> ,0.8,<0> ,1.9,<0> ,00:53,290.0,<0> ,23.0,<0> ,0.0,<0> ,0.0,<0> 
04/30/2023 01:15,16.05208333,tjrtlmet,P,1.0,1.0,15.0,,13.8,<0> ,92.0,<0> ,1014.0,<0> ,1.3,<0> ,2.6,<0> ,01:08,294.0,<0> ,16.0,<0> ,0.0,<0> ,0.0,<0> 
04/30/2023 01:30,16.0625,tjrtlmet,P,1.0,1.0,15.0,,13.8,<0> ,92.0,<0> ,1014.0,<0> ,0.7,<0> ,1.4,<0> ,01:21,278.0,<0> ,11.0,<0> ,0.0,<0> ,0.0,<0> 
04/30/2023 01:45,16.07291667,tjrtlmet,P,1.0,1.0,15.0,,13.8,<0> ,92.0,<0> ,1014.0,<0> ,1.0,<0> ,2.2,<0> ,01:43,294.0,<0> ,18.0,<0> ,0.0,<0> ,0.0,<0> 
04/30/2023 02:00,16.08333333,tjrtlmet,P,1.0,1.0,15.0,,13.8,<0> ,92.0,<0> ,1013.0,<0> ,1.6,<0> ,2.5,<0> ,01:58,308.0,<0> ,14.0,<0> ,0.0,<0> ,0.0,<0> 
04/30/2023 02:15,16.09375,tjrtlmet,P,1.0,1.0,15.0,,13.8,<0> ,92.0,<0> ,1013.0,<0> ,1.8,<0> ,2.8,<0> ,02:05,309.0,<0> ,15.0,<0> ,0.0,<0> ,0.0,<0> 
04/30/2023 02:30,16.10416667,tjrtlmet,P,1.0,1.0,15.0,,13.7,<0> ,92.0,<0> ,1013.0,<0> ,1.7,<0> ,3.0,<0> ,02:28,301.0,<0> ,17.0,<0> ,0.0,<0> ,0.0,<0> 
04/30/2023 02:45,16.11458333,tjrtlmet,P,1.0,1.0,15.0,,13.7,<0> ,92.0,<0> ,1013.0,<0> ,1.7,<0> ,2.5,<0> ,02:39,307.0,<0> ,12.0,<0> ,0.0,<0> ,0.0,<0> 
04/30/2023 03:00,16.125,tjrtlmet,P,1.0,1.0,15.0,,13.7,<0> ,92.0,<0> ,1013.0,<0> ,1.7,<0> ,2.5,<0> ,02:53,307.0,<0> ,14.0,<0> ,0.0,<0> ,0.0,<0> 
04/30/2023 03:15,16.13541667,tjrtlmet,P,1.0,1.0,15.0,,13.7,<0> ,92.0,<0> ,1013.0,<0> ,1.6,<0> ,2.7,<0> ,03:04,296.0,<0> ,12.0,<0> ,0.0,<0> ,0.0,<0> 
04/30/2023 03:30,16.14583333,tjrtlmet,P,1.0,1.0,15.0,,13.7,<0> ,92.0,<0> ,1013.0,<0> ,1.6,<0> ,2.4,<0> ,03:17,300.0,<0> ,14.0,<0> ,0.0,<0> ,0.0,<0> 
04/30/2023 03:45,16.15625,tjrtlmet,P,1.0,1.0,15.0,,13.6,<0> ,92.0,<0> ,1013.0,<0> ,1.0,<0> ,1.9,<0> ,03:32,296.0,<0> ,16.0,<0> ,0.0,<0> ,0.0,<0> 
04/30/2023 04:00,16.16666667,tjrtlmet,P,1.0,1.0,15.0,,13.7,<0> ,92.0,<0> ,1012.0,<0> ,1.3,<0> ,2.2,<0> ,03:56,300.0,<0> ,17.0,<0> ,0.0,<0> ,0.0,<0> 
04/30/2023 04:15,16.17708333,tjrtlmet,P,1.0,1.0,15.0,,13.7,<0> ,93.0,<0> ,1012.0,<0> ,1.3,<0> ,2.2,<0> ,04:08,297.0,<0> ,14.0,<0> ,0.0,<0> ,0.0,<0> 
04/30/2023 04:30,16.1875,tjrtlmet,P,1.0,1.0,15.0,,13.7,<0> ,93.0,<0> ,1012.0,<0> ,1.5,<0> ,2.3,<0> ,04:28,304.0,<0> ,12.0,<0> ,0.0,<0> ,0.0,<0> 
04/30/2023 04:45,16.19791667,tjrtlmet,P,1.0,1.0,15.0,,13.6,<0> ,93.0,<0> ,1012.0,<0> ,1.6,<0> ,2.6,<0> ,04:40,297.0,<0> ,14.0,<0> ,0.0,<0> ,0.0,<0> 
04/30/2023 05:00,16.20833333,tjrtlmet,P,1.0,1.0,15.0,,13.6,<0> ,93.0,<0> ,1012.0,<0> ,1.8,<0> ,3.0,<0> ,04:45,302.0,<0> ,17.0,<0> ,0.0,<0> ,0.0,<0> 
04/30/2023 05:15,16.21875,tjrtlmet,P,1.0,1.0,15.0,,13.6,<0> ,93.0,<0> ,1012.0,<0> ,1.8,<0> ,2.7,<0> ,05:00,301.0,<0> ,16.0,<0> ,2.2,<0> ,0.0,<0> 
04/30/2023 05:30,16.22916667,tjrtlmet,P,1.0,1.0,15.0,,13.6,<0> ,93.0,<0> ,1012.0,<0> ,2.0,<0> ,3.3,<0> ,05:20,296.0,<0> ,14.0,<0> ,6.7,<0> ,0.0,<0> 
04/30/2023 05:45,16.23958333,tjrtlmet,P,1.0,1.0,15.0,,13.5,<0> ,94.0,<0> ,1012.0,<0> ,1.8,<0> ,2.6,<0> ,05:40,294.0,<0> ,15.0,<0> ,16.1,<0> ,0.0,<0> 
04/30/2023 06:00,16.25,tjrtlmet,P,1.0,1.0,15.0,,13.6,<0> ,94.0,<0> ,1013.0,<0> ,1.6,<0> ,2.5,<0> ,05:55,290.0,<0> ,13.0,<0> ,25.6,<0> ,0.0,<0> 
04/30/2023 06:15,16.26041667,tjrtlmet,P,1.0,1.0,15.0,,13.6,<0> ,94.0,<0> ,1013.0,<0> ,1.6,<0> ,2.7,<0> ,06:00,286.0,<0> ,16.0,<0> ,41.4,<0> ,0.0,<0> 
04/30/2023 06:30,16.27083333,tjrtlmet,P,1.0,1.0,15.0,,13.6,<0> ,94.0,<0> ,1013.0,<0> ,1.3,<0> ,2.5,<0> ,06:29,299.0,<0> ,18.0,<0> ,42.5,<0> ,0.0,<0> 
04/30/2023 06:45,16.28125,tjrtlmet,P,1.0,1.0,15.0,,13.6,<0> ,94.0,<0> ,1013.0,<0> ,1.7,<0> ,2.8,<0> ,06:35,294.0,<0> ,15.0,<0> ,53.1,<0> ,0.0,<0> 
04/30/2023 07:00,16.29166667,tjrtlmet,P,1.0,1.0,15.0,,13.5,<0> ,94.0,<0> ,1013.0,<0> ,2.3,<0> ,3.4,<0> ,06:56,291.0,<0> ,14.0,<0> ,67.4,<0> ,0.0,<0> 
04/30/2023 07:15,16.30208333,tjrtlmet,P,1.0,1.0,15.0,,13.4,<0> ,94.0,<0> ,1013.0,<0> ,2.2,<0> ,3.3,<0> ,07:14,288.0,<0> ,15.0,<0> ,88.2,<0> ,0.0,<0> 
04/30/2023 07:30,16.3125,tjrtlmet,P,1.0,1.0,15.0,,13.5,<0> ,94.0,<0> ,1013.0,<0> ,2.2,<0> ,3.5,<0> ,07:16,287.0,<0> ,12.0,<0> ,109.0,<0> ,0.0,<0> 
04/30/2023 07:45,16.32291667,tjrtlmet,P,1.0,1.0,15.0,,13.5,<0> ,94.0,<0> ,1013.0,<0> ,2.0,<0> ,3.4,<0> ,07:35,281.0,<0> ,14.0,<0> ,126.7,<0> ,0.0,<0> 
04/30/2023 08:00,16.33333333,tjrtlmet,P,1.0,1.0,15.0,,13.5,<0> ,94.0,<0> ,1013.0,<0> ,2.0,<0> ,3.1,<0> ,07:58,290.0,<0> ,14.0,<0> ,156.5,<0> ,0.0,<0> 
04/30/2023 08:15,16.34375,tjrtlmet,P,1.0,1.0,15.0,,13.6,<0> ,93.0,<0> ,1013.0,<0> ,2.3,<0> ,3.6,<0> ,08:07,288.0,<0> ,15.0,<0> ,182.3,<0> ,0.0,<0> 
04/30/2023 08:30,16.35416667,tjrtlmet,P,1.0,1.0,15.0,,13.8,<0> ,91.0,<0> ,1013.0,<0> ,2.2,<0> ,3.2,<0> ,08:16,286.0,<0> ,14.0,<0> ,236.1,<0> ,0.0,<0> 
04/30/2023 08:45,16.36458333,tjrtlmet,P,1.0,1.0,15.0,,13.9,<0> ,91.0,<0> ,1013.0,<0> ,2.0,<0> ,3.6,<0> ,08:36,293.0,<0> ,18.0,<0> ,260.7,<0> ,0.0,<0> 
04/30/2023 09:00,16.375,tjrtlmet,P,1.0,1.0,15.0,,14.0,<0> ,91.0,<0> ,1013.0,<0> ,1.7,<0> ,2.7,<0> ,08:46,304.0,<0> ,14.0,<0> ,324.7,<0> ,0.0,<0> 
04/30/2023 09:15,16.38541667,tjrtlmet,P,1.0,1.0,15.0,,14.1,<0> ,91.0,<0> ,1013.0,<0> ,1.6,<0> ,2.5,<0> ,09:04,298.0,<0> ,17.0,<0> ,367.5,<0> ,0.0,<0> 
04/30/2023 09:30,16.39583333,tjrtlmet,P,1.0,1.0,15.0,,14.4,<0> ,90.0,<0> ,1013.0,<0> ,1.6,<0> ,2.5,<0> ,09:26,296.0,<0> ,16.0,<0> ,407.4,<0> ,0.0,<0> 
04/30/2023 09:45,16.40625,tjrtlmet,P,1.0,1.0,15.0,,14.6,<0> ,89.0,<0> ,1014.0,<0> ,1.5,<0> ,2.5,<0> ,09:32,291.0,<0> ,19.0,<0> ,448.5,<0> ,0.0,<0> 
04/30/2023 10:00,16.41666667,tjrtlmet,P,1.0,1.0,15.0,,14.5,<0> ,89.0,<0> ,1014.0,<0> ,1.8,<0> ,3.0,<0> ,09:49,278.0,<0> ,15.0,<0> ,486.8,<0> ,0.0,<0> 
04/30/2023 10:15,16.42708333,tjrtlmet,P,1.0,1.0,15.0,,14.6,<0> ,88.0,<0> ,1014.0,<0> ,1.7,<0> ,2.6,<0> ,10:02,272.0,<0> ,16.0,<0> ,542.1,<0> ,0.0,<0> 
04/30/2023 10:30,16.4375,tjrtlmet,P,1.0,1.0,15.0,,14.7,<0> ,87.0,<0> ,1013.0,<0> ,1.8,<0> ,2.5,<0> ,10:18,266.0,<0> ,12.0,<0> ,614.0,<0> ,0.0,<0> 
04/30/2023 10:45,16.44791667,tjrtlmet,P,1.0,1.0,15.0,,15.1,<0> ,86.0,<0> ,1013.0,<0> ,1.7,<0> ,2.7,<0> ,10:37,265.0,<0> ,18.0,<0> ,667.7,<0> ,0.0,<0> 
04/30/2023 11:00,16.45833333,tjrtlmet,P,1.0,1.0,15.0,,15.4,<0> ,85.0,<0> ,1013.0,<0> ,2.0,<0> ,3.1,<0> ,10:49,281.0,<0> ,18.0,<0> ,737.9,<0> ,0.0,<0> 
04/30/2023 11:15,16.46875,tjrtlmet,P,1.0,1.0,15.0,,15.4,<0> ,85.0,<0> ,1013.0,<0> ,2.1,<0> ,3.4,<0> ,11:13,278.0,<0> ,15.0,<0> ,751.4,<0> ,0.0,<0> 
04/30/2023 11:30,16.47916667,tjrtlmet,P,1.0,1.0,15.0,,15.5,<0> ,85.0,<0> ,1013.0,<0> ,2.5,<0> ,3.8,<0> ,11:20,279.0,<0> ,15.0,<0> ,772.3,<0> ,0.0,<0> 
04/30/2023 11:45,16.48958333,tjrtlmet,P,1.0,1.0,15.0,,15.8,<0> ,84.0,<0> ,1013.0,<0> ,2.3,<0> ,3.7,<0> ,11:38,278.0,<0> ,16.0,<0> ,738.6,<0> ,0.0,<0> 
04/30/2023 12:00,16.5,tjrtlmet,P,1.0,1.0,15.0,,15.6,<0> ,83.0,<0> ,1013.0,<0> ,2.4,<0> ,3.4,<0> ,11:54,261.0,<0> ,18.0,<0> ,763.5,<0> ,0.0,<0> 
04/30/2023 12:15,16.51041667,tjrtlmet,P,1.0,1.0,15.0,,15.7,<0> ,83.0,<0> ,1013.0,<0> ,2.5,<0> ,3.9,<0> ,12:10,256.0,<0> ,14.0,<0> ,774.2,<0> ,0.0,<0> 
04/30/2023 12:30,16.52083333,tjrtlmet,P,1.0,1.0,15.0,,15.7,<0> ,82.0,<0> ,1013.0,<0> ,2.7,<0> ,4.1,<0> ,12:19,257.0,<0> ,15.0,<0> ,738.5,<0> ,0.0,<0> 
04/30/2023 12:45,16.53125,tjrtlmet,P,1.0,1.0,15.0,,15.9,<0> ,82.0,<0> ,1013.0,<0> ,2.8,<0> ,4.3,<0> ,12:44,257.0,<0> ,13.0,<0> ,795.5,<0> ,0.0,<0> 
04/30/2023 13:00,16.54166667,tjrtlmet,P,1.0,1.0,15.0,,15.9,<0> ,82.0,<0> ,1013.0,<0> ,2.7,<0> ,3.9,<0> ,12:48,255.0,<0> ,14.0,<0> ,714.2,<0> ,0.0,<0> 
04/30/2023 13:15,16.55208333,tjrtlmet,P,1.0,1.0,15.0,,15.8,<0> ,82.0,<0> ,1013.0,<0> ,2.6,<0> ,3.9,<0> ,13:01,258.0,<0> ,18.0,<0> ,736.5,<0> ,0.0,<0> 
04/30/2023 13:30,16.5625,tjrtlmet,P,1.0,1.0,15.0,,15.9,<0> ,82.0,<0> ,1013.0,<0> ,2.9,<0> ,4.1,<0> ,13:18,250.0,<0> ,14.0,<0> ,722.2,<0> ,0.0,<0> 
04/30/2023 13:45,16.57291667,tjrtlmet,P,1.0,1.0,15.0,,15.8,<0> ,82.0,<0> ,1013.0,<0> ,2.8,<0> ,3.8,<0> ,13:35,255.0,<0> ,13.0,<0> ,530.6,<0> ,0.0,<0> 
04/30/2023 14:00,16.58333333,tjrtlmet,P,1.0,1.0,15.0,,15.4,<0> ,84.0,<0> ,1013.0,<0> ,2.8,<0> ,4.1,<0> ,13:57,255.0,<0> ,13.0,<0> ,409.0,<0> ,0.0,<0> 
04/30/2023 14:15,16.59375,tjrtlmet,P,1.0,1.0,15.0,,15.3,<0> ,84.0,<0> ,1013.0,<0> ,2.6,<0> ,3.8,<0> ,14:07,263.0,<0> ,13.0,<0> ,521.0,<0> ,0.0,<0> 
04/30/2023 14:30,16.60416667,tjrtlmet,P,1.0,1.0,15.0,,15.5,<0> ,83.0,<0> ,1013.0,<0> ,2.6,<0> ,3.8,<0> ,14:17,268.0,<0> ,13.0,<0> ,583.6,<0> ,0.0,<0> 
04/30/2023 14:45,16.61458333,tjrtlmet,P,1.0,1.0,15.0,,15.4,<0> ,84.0,<0> ,1013.0,<0> ,2.8,<0> ,3.8,<0> ,14:43,265.0,<0> ,15.0,<0> ,458.4,<0> ,0.0,<0> 
04/30/2023 15:00,16.625,tjrtlmet,P,1.0,1.0,15.0,,15.3,<0> ,85.0,<0> ,1012.0,<0> ,2.8,<0> ,4.1,<0> ,14:47,257.0,<0> ,14.0,<0> ,438.0,<0> ,0.0,<0> 
04/30/2023 15:15,16.63541667,tjrtlmet,P,1.0,1.0,15.0,,15.2,<0> ,85.0,<0> ,1012.0,<0> ,2.7,<0> ,4.2,<0> ,15:12,260.0,<0> ,14.0,<0> ,346.6,<0> ,0.0,<0> 
04/30/2023 15:30,16.64583333,tjrtlmet,P,1.0,1.0,15.0,,14.9,<0> ,86.0,<0> ,1012.0,<0> ,2.9,<0> ,4.3,<0> ,15:22,258.0,<0> ,13.0,<0> ,275.3,<0> ,0.0,<0> 
04/30/2023 15:45,16.65625,tjrtlmet,P,1.0,1.0,15.0,,14.8,<0> ,87.0,<0> ,1012.0,<0> ,2.6,<0> ,4.5,<0> ,15:36,264.0,<0> ,15.0,<0> ,223.5,<0> ,0.0,<0> 
04/30/2023 16:00,16.66666667,tjrtlmet,P,1.0,1.0,15.0,,14.6,<0> ,86.0,<0> ,1012.0,<0> ,2.3,<0> ,3.4,<0> ,15:48,260.0,<0> ,16.0,<0> ,214.9,<0> ,0.0,<0> 
04/30/2023 16:15,16.67708333,tjrtlmet,P,1.0,1.0,15.0,,14.6,<0> ,86.0,<0> ,1012.0,<0> ,1.8,<0> ,2.7,<0> ,16:14,255.0,<0> ,11.0,<0> ,198.7,<0> ,0.0,<0> 
04/30/2023 16:30,16.6875,tjrtlmet,P,1.0,1.0,15.0,,14.5,<0> ,86.0,<0> ,1012.0,<0> ,2.3,<0> ,3.3,<0> ,16:24,258.0,<0> ,12.0,<0> ,150.8,<0> ,0.0,<0> 
04/30/2023 16:45,16.69791667,tjrtlmet,P,1.0,1.0,15.0,,14.4,<0> ,86.0,<0> ,1012.0,<0> ,2.2,<0> ,3.3,<0> ,16:42,253.0,<0> ,13.0,<0> ,126.5,<0> ,0.0,<0> 
04/30/2023 17:00,16.70833333,tjrtlmet,P,1.0,1.0,15.0,,14.4,<0> ,86.0,<0> ,1012.0,<0> ,2.2,<0> ,3.8,<0> ,16:59,255.0,<0> ,14.0,<0> ,96.4,<0> ,0.0,<0> 
04/30/2023 17:15,16.71875,tjrtlmet,P,1.0,1.0,15.0,,14.2,<0> ,86.0,<0> ,1012.0,<0> ,2.4,<0> ,3.5,<0> ,17:10,255.0,<0> ,12.0,<0> ,67.8,<0> ,0.0,<0> 
04/30/2023 17:30,16.72916667,tjrtlmet,P,1.0,1.0,15.0,,14.1,<0> ,86.0,<0> ,1012.0,<0> ,2.4,<0> ,3.7,<0> ,17:23,240.0,<0> ,14.0,<0> ,42.3,<0> ,0.0,<0> 
04/30/2023 17:45,16.73958333,tjrtlmet,P,1.0,1.0,15.0,,14.0,<0> ,86.0,<0> ,1012.0,<0> ,2.4,<0> ,3.9,<0> ,17:41,240.0,<0> ,13.0,<0> ,34.1,<0> ,0.0,<0> 
04/30/2023 18:00,16.75,tjrtlmet,P,1.0,1.0,15.0,,13.9,<0> ,86.0,<0> ,1012.0,<0> ,2.3,<0> ,3.6,<0> ,17:48,237.0,<0> ,12.0,<0> ,18.1,<0> ,0.0,<0> 
04/30/2023 18:15,16.76041667,tjrtlmet,P,1.0,1.0,15.0,,13.9,<0> ,86.0,<0> ,1012.0,<0> ,2.1,<0> ,3.5,<0> ,18:14,233.0,<0> ,16.0,<0> ,10.0,<0> ,0.0,<0> 
04/30/2023 18:30,16.77083333,tjrtlmet,P,1.0,1.0,15.0,,13.8,<0> ,86.0,<0> ,1012.0,<0> ,2.2,<0> ,3.9,<0> ,18:17,227.0,<0> ,13.0,<0> ,3.7,<0> ,0.0,<0> 
04/30/2023 18:45,16.78125,tjrtlmet,P,1.0,1.0,15.0,,13.7,<0> ,87.0,<0> ,1012.0,<0> ,1.4,<0> ,2.5,<0> ,18:37,219.0,<0> ,18.0,<0> ,0.1,<0> ,0.0,<0> 
04/30/2023 19:00,16.79166667,tjrtlmet,P,1.0,1.0,15.0,,13.7,<0> ,87.0,<0> ,1012.0,<0> ,1.7,<0> ,3.0,<0> ,18:45,194.0,<0> ,13.0,<0> ,0.0,<0> ,0.0,<0> 
04/30/2023 19:15,16.80208333,tjrtlmet,P,1.0,1.0,15.0,,13.7,<0> ,86.0,<0> ,1012.0,<0> ,1.5,<0> ,2.5,<0> ,19:04,205.0,<0> ,21.0,<0> ,0.0,<0> ,0.0,<0> 
04/30/2023 19:30,16.8125,tjrtlmet,P,1.0,1.0,15.0,,13.7,<0> ,86.0,<0> ,1012.0,<0> ,1.4,<0> ,3.0,<0> ,19:20,188.0,<0> ,23.0,<0> ,0.0,<0> ,0.0,<0> 
04/30/2023 19:45,16.82291667,tjrtlmet,P,1.0,1.0,15.0,,13.6,<0> ,86.0,<0> ,1012.0,<0> ,1.7,<0> ,3.2,<0> ,19:33,201.0,<0> ,15.0,<0> ,0.0,<0> ,0.0,<0> 
04/30/2023 20:00,16.83333333,tjrtlmet,P,1.0,1.0,15.0,,13.6,<0> ,86.0,<0> ,1012.0,<0> ,1.4,<0> ,2.4,<0> ,19:56,171.0,<0> ,17.0,<0> ,0.0,<0> ,0.0,<0> 
04/30/2023 20:15,16.84375,tjrtlmet,P,1.0,1.0,15.0,,13.6,<0> ,86.0,<0> ,1012.0,<0> ,1.5,<0> ,2.7,<0> ,20:08,172.0,<0> ,20.0,<0> ,0.0,<0> ,0.0,<0> 
04/30/2023 20:30,16.85416667,tjrtlmet,P,1.0,1.0,15.0,,13.6,<0> ,86.0,<0> ,1012.0,<0> ,1.7,<0> ,2.9,<0> ,20:17,158.0,<0> ,19.0,<0> ,0.0,<0> ,0.0,<0> 
04/30/2023 20:45,16.86458333,tjrtlmet,P,1.0,1.0,15.0,,13.6,<0> ,86.0,<0> ,1012.0,<0> ,1.9,<0> ,3.1,<0> ,20:35,166.0,<0> ,17.0,<0> ,0.0,<0> ,0.0,<0> 
04/30/2023 21:00,16.875,tjrtlmet,P,1.0,1.0,15.0,,13.5,<0> ,86.0,<0> ,1012.0,<0> ,1.6,<0> ,2.6,<0> ,20:58,196.0,<0> ,14.0,<0> ,0.0,<0> ,0.0,<0> 
04/30/2023 21:15,16.88541667,tjrtlmet,P,1.0,1.0,15.0,,13.5,<0> ,86.0,<0> ,1012.0,<0> ,2.3,<0> ,3.9,<0> ,21:12,202.0,<0> ,20.0,<0> ,0.0,<0> ,0.0,<0> 
04/30/2023 21:30,16.89583333,tjrtlmet,P,1.0,1.0,15.0,,13.4,<0> ,86.0,<0> ,1012.0,<0> ,1.7,<0> ,3.2,<0> ,21:15,214.0,<0> ,18.0,<0> ,0.0,<0> ,0.0,<0> 
04/30/2023 21:45,16.90625,tjrtlmet,P,1.0,1.0,15.0,,13.3,<0> ,86.0,<0> ,1012.0,<0> ,2.3,<0> ,3.9,<0> ,21:38,190.0,<0> ,15.0,<0> ,0.0,<0> ,0.0,<0> 
04/30/2023 22:00,16.91666667,tjrtlmet,P,1.0,1.0,15.0,,13.4,<0> ,85.0,<0> ,1012.0,<0> ,2.0,<0> ,3.5,<0> ,21:47,178.0,<0> ,22.0,<0> ,0.0,<0> ,0.0,<0> 
04/30/2023 22:15,16.92708333,tjrtlmet,P,1.0,1.0,15.0,,13.3,<0> ,86.0,<0> ,1012.0,<0> ,2.3,<0> ,3.9,<0> ,22:04,176.0,<0> ,18.0,<0> ,0.0,<0> ,0.0,<0> 
04/30/2023 22:30,16.9375,tjrtlmet,P,1.0,1.0,15.0,,13.1,<0> ,86.0,<0> ,1012.0,<0> ,1.7,<0> ,3.3,<0> ,22:21,178.0,<0> ,21.0,<0> ,0.0,<0> ,0.0,<0> 
04/30/2023 22:45,16.94791667,tjrtlmet,P,1.0,1.0,15.0,,13.2,<0> ,86.0,<0> ,1012.0,<0> ,1.7,<0> ,3.3,<0> ,22:36,193.0,<0> ,25.0,<0> ,0.0,<0> ,0.0,<0> 
04/30/2023 23:00,16.95833333,tjrtlmet,P,1.0,1.0,15.0,,13.3,<0> ,85.0,<0> ,1012.0,<0> ,1.6,<0> ,2.8,<0> ,22:45,169.0,<0> ,18.0,<0> ,0.0,<0> ,0.0,<0> 
04/30/2023 23:15,16.96875,tjrtlmet,P,1.0,1.0,15.0,,13.3,<0> ,85.0,<0> ,1012.0,<0> ,1.7,<0> ,3.0,<0> ,23:03,184.0,<0> ,16.0,<0> ,0.0,<0> ,0.0,<0> 
04/30/2023 23:30,16.97916667,tjrtlmet,P,1.0,1.0,15.0,,13.3,<0> ,84.0,<0> ,1012.0,<0> ,2.3,<0> ,3.9,<0> ,23:21,187.0,<0> ,16.0,<0> ,0.0,<0> ,0.0,<0> 
04/30/2023 23:45,16.98958333,tjrtlmet,P,1.0,1.0,15.0,,13.3,<0> ,83.0,<0> ,1012.0,<0> ,1.6,<0> ,2.8,<0> ,23:31,176.0,<0> ,14.0,<0> ,0.0,<0> ,0.0,<0> 
05/01/2023 00:00,17.0,tjrtlmet,P,1.0,1.0,15.0,,13.2,<0> ,83.0,<0> ,1011.0,<0> ,2.4,<0> ,4.2,<0> ,23:50,200.0,<0> ,14.0,<0> ,0.0,<0> ,0.0,<0> 
05/01/2023 00:15,17.01041667,tjrtlmet,P,1.0,1.0,15.0,,13.1,<0> ,83.0,<0> ,1011.0,<0> ,2.0,<0> ,3.6,<0> ,00:06,194.0,<0> ,14.0,<0> ,0.0,<0> ,0.0,<0> 
05/01/2023 00:30,17.02083333,tjrtlmet,P,1.0,1.0,15.0,,13.2,<0> ,83.0,<0> ,1011.0,<0> ,2.6,<0> ,3.7,<0> ,00:29,182.0,<0> ,16.0,<0> ,0.0,<0> ,0.0,<0> 
05/01/2023 00:45,17.03125,tjrtlmet,P,1.0,1.0,15.0,,13.2,<0> ,83.0,<0> ,1011.0,<0> ,1.8,<0> ,3.2,<0> ,00:32,177.0,<0> ,17.0,<0> ,0.0,<0> ,0.0,<0> 
05/01/2023 01:00,17.04166667,tjrtlmet,P,1.0,1.0,15.0,,13.1,<0> ,84.0,<0> ,1011.0,<0> ,1.8,<0> ,3.5,<0> ,00:57,187.0,<0> ,19.0,<0> ,0.0,<0> ,0.0,<0> 
05/01/2023 01:15,17.05208333,tjrtlmet,P,1.0,1.0,15.0,,13.0,<0> ,84.0,<0> ,1011.0,<0> ,1.6,<0> ,2.8,<0> ,01:13,161.0,<0> ,15.0,<0> ,0.0,<0> ,0.0,<0> 
05/01/2023 01:30,17.0625,tjrtlmet,P,1.0,1.0,15.0,,13.0,<0> ,84.0,<0> ,1011.0,<0> ,1.4,<0> ,2.3,<0> ,01:21,167.0,<0> ,15.0,<0> ,0.0,<0> ,0.0,<0> 
05/01/2023 01:45,17.07291667,tjrtlmet,P,1.0,1.0,15.0,,13.0,<0> ,84.0,<0> ,1010.0,<0> ,1.7,<0> ,2.8,<0> ,01:31,169.0,<0> ,19.0,<0> ,0.0,<0> ,0.0,<0> 
05/01/2023 02:00,17.08333333,tjrtlmet,P,1.0,1.0,15.0,,12.9,<0> ,87.0,<0> ,1010.0,<0> ,1.5,<0> ,2.5,<0> ,01:52,166.0,<0> ,16.0,<0> ,0.0,<0> ,0.0,<0> 
05/01/2023 02:15,17.09375,tjrtlmet,P,1.0,1.0,15.0,,12.7,<0> ,87.0,<0> ,1010.0,<0> ,1.7,<0> ,3.2,<0> ,02:14,159.0,<0> ,16.0,<0> ,0.0,<0> ,0.0,<0> 
05/01/2023 02:30,17.10416667,tjrtlmet,P,1.0,1.0,15.0,,12.7,<0> ,86.0,<0> ,1010.0,<0> ,1.7,<0> ,2.9,<0> ,02:19,156.0,<0> ,17.0,<0> ,0.0,<0> ,0.0,<0> 
05/01/2023 02:45,17.11458333,tjrtlmet,P,1.0,1.0,15.0,,12.7,<0> ,86.0,<0> ,1010.0,<0> ,1.9,<0> ,3.6,<0> ,02:37,150.0,<0> ,16.0,<0> ,0.0,<0> ,0.0,<0> 
05/01/2023 03:00,17.125,tjrtlmet,P,1.0,1.0,15.0,,12.6,<0> ,86.0,<0> ,1010.0,<0> ,2.1,<0> ,3.4,<0> ,02:56,142.0,<0> ,16.0,<0> ,0.0,<0> ,0.0,<0> 
05/01/2023 03:15,17.13541667,tjrtlmet,P,1.0,1.0,15.0,,12.6,<0> ,86.0,<0> ,1010.0,<0> ,1.8,<0> ,3.3,<0> ,03:08,140.0,<0> ,14.0,<0> ,0.0,<0> ,0.0,<0> 
05/01/2023 03:30,17.14583333,tjrtlmet,P,1.0,1.0,15.0,,12.5,<0> ,86.0,<0> ,1010.0,<0> ,1.8,<0> ,2.9,<0> ,03:26,133.0,<0> ,16.0,<0> ,0.0,<0> ,0.0,<0> 
05/01/2023 03:45,17.15625,tjrtlmet,P,1.0,1.0,15.0,,12.6,<0> ,84.0,<0> ,1010.0,<0> ,2.0,<0> ,2.9,<0> ,03:39,141.0,<0> ,13.0,<0> ,0.0,<0> ,0.0,<0> 
05/01/2023 04:00,17.16666667,tjrtlmet,P,1.0,1.0,15.0,,12.7,<0> ,84.0,<0> ,1010.0,<0> ,2.0,<0> ,3.5,<0> ,03:58,144.0,<0> ,13.0,<0> ,0.0,<0> ,0.0,<0> 
05/01/2023 04:15,17.17708333,tjrtlmet,P,1.0,1.0,15.0,,12.7,<0> ,84.0,<0> ,1010.0,<0> ,1.8,<0> ,3.2,<0> ,04:10,141.0,<0> ,14.0,<0> ,0.0,<0> ,0.0,<0> 
05/01/2023 04:30,17.1875,tjrtlmet,P,1.0,1.0,15.0,,12.7,<0> ,84.0,<0> ,1010.0,<0> ,2.1,<0> ,3.7,<0> ,04:25,136.0,<0> ,15.0,<0> ,0.0,<0> ,0.0,<0> 
05/01/2023 04:45,17.19791667,tjrtlmet,P,1.0,1.0,15.0,,12.7,<0> ,84.0,<0> ,1010.0,<0> ,1.6,<0> ,2.8,<0> ,04:40,143.0,<0> ,14.0,<0> ,0.0,<0> ,0.0,<0> 
05/01/2023 05:00,17.20833333,tjrtlmet,P,1.0,1.0,15.0,,12.7,<0> ,84.0,<0> ,1010.0,<0> ,1.9,<0> ,3.4,<0> ,04:51,156.0,<0> ,14.0,<0> ,0.3,<0> ,0.0,<0> 
05/01/2023 05:15,17.21875,tjrtlmet,P,1.0,1.0,15.0,,12.6,<0> ,85.0,<0> ,1010.0,<0> ,1.8,<0> ,2.8,<0> ,05:01,162.0,<0> ,13.0,<0> ,3.5,<0> ,0.0,<0> 
05/01/2023 05:30,17.22916667,tjrtlmet,P,1.0,1.0,15.0,,12.5,<0> ,87.0,<0> ,1011.0,<0> ,1.7,<0> ,3.0,<0> ,05:15,163.0,<0> ,14.0,<0> ,9.3,<0> ,0.0,<0> 
05/01/2023 05:45,17.23958333,tjrtlmet,P,1.0,1.0,15.0,,12.5,<0> ,87.0,<0> ,1011.0,<0> ,1.6,<0> ,2.6,<0> ,05:32,160.0,<0> ,12.0,<0> ,27.7,<0> ,0.0,<0> 
05/01/2023 06:00,17.25,tjrtlmet,P,1.0,1.0,15.0,,12.7,<0> ,86.0,<0> ,1011.0,<0> ,1.9,<0> ,3.5,<0> ,05:55,171.0,<0> ,13.0,<0> ,47.7,<0> ,0.0,<0> 
05/01/2023 06:15,17.26041667,tjrtlmet,P,1.0,1.0,15.0,,12.9,<0> ,86.0,<0> ,1011.0,<0> ,2.5,<0> ,4.2,<0> ,06:07,163.0,<0> ,14.0,<0> ,84.1,<0> ,0.0,<0> 
05/01/2023 06:30,17.27083333,tjrtlmet,P,1.0,1.0,15.0,,13.1,<0> ,85.0,<0> ,1011.0,<0> ,2.5,<0> ,4.8,<0> ,06:23,153.0,<0> ,15.0,<0> ,140.2,<0> ,0.0,<0> 
05/01/2023 06:45,17.28125,tjrtlmet,P,1.0,1.0,15.0,,13.5,<0> ,84.0,<0> ,1011.0,<0> ,2.5,<0> ,3.9,<0> ,06:30,157.0,<0> ,17.0,<0> ,211.1,<0> ,0.0,<0> 
05/01/2023 07:00,17.29166667,tjrtlmet,P,1.0,1.0,15.0,,13.6,<0> ,83.0,<0> ,1011.0,<0> ,2.5,<0> ,4.2,<0> ,06:49,166.0,<0> ,14.0,<0> ,185.3,<0> ,0.0,<0> 
05/01/2023 07:15,17.30208333,tjrtlmet,P,1.0,1.0,15.0,,13.7,<0> ,83.0,<0> ,1011.0,<0> ,3.0,<0> ,5.2,<0> ,07:04,168.0,<0> ,14.0,<0> ,208.8,<0> ,0.0,<0> 
05/01/2023 07:30,17.3125,tjrtlmet,P,1.0,1.0,15.0,,13.8,<0> ,83.0,<0> ,1011.0,<0> ,2.9,<0> ,5.0,<0> ,07:16,162.0,<0> ,15.0,<0> ,299.4,<0> ,0.0,<0> 
05/01/2023 07:45,17.32291667,tjrtlmet,P,1.0,1.0,15.0,,14.2,<0> ,82.0,<0> ,1011.0,<0> ,2.9,<0> ,4.4,<0> ,07:41,160.0,<0> ,15.0,<0> ,408.4,<0> ,0.0,<0> 
05/01/2023 08:00,17.33333333,tjrtlmet,P,1.0,1.0,15.0,,14.3,<0> ,81.0,<0> ,1011.0,<0> ,2.8,<0> ,4.6,<0> ,07:51,157.0,<0> ,15.0,<0> ,343.2,<0> ,0.0,<0> 
05/01/2023 08:15,17.34375,tjrtlmet,P,1.0,1.0,15.0,,14.6,<0> ,80.0,<0> ,1012.0,<0> ,3.0,<0> ,4.8,<0> ,08:08,157.0,<0> ,19.0,<0> ,474.0,<0> ,0.0,<0> 
05/01/2023 08:30,17.35416667,tjrtlmet,P,1.0,1.0,15.0,,15.0,<0> ,78.0,<0> ,1012.0,<0> ,3.3,<0> ,5.4,<0> ,08:25,182.0,<0> ,16.0,<0> ,564.7,<0> ,0.0,<0> 
05/01/2023 08:45,17.36458333,tjrtlmet,P,1.0,1.0,15.0,,15.2,<0> ,77.0,<0> ,1012.0,<0> ,3.8,<0> ,5.9,<0> ,08:33,179.0,<0> ,14.0,<0> ,614.9,<0> ,0.0,<0> 
05/01/2023 09:00,17.375,tjrtlmet,P,1.0,1.0,15.0,,15.3,<0> ,78.0,<0> ,1012.0,<0> ,3.9,<0> ,6.1,<0> ,08:59,185.0,<0> ,15.0,<0> ,641.3,<0> ,0.0,<0> 
05/01/2023 09:15,17.38541667,tjrtlmet,P,1.0,1.0,15.0,,15.4,<0> ,79.0,<0> ,1012.0,<0> ,4.7,<0> ,7.3,<0> ,09:04,190.0,<0> ,14.0,<0> ,941.5,<0> ,0.0,<0> 
05/01/2023 09:30,17.39583333,tjrtlmet,P,1.0,1.0,15.0,,15.5,<0> ,79.0,<0> ,1012.0,<0> ,4.2,<0> ,6.3,<0> ,09:20,186.0,<0> ,16.0,<0> ,795.4,<0> ,0.0,<0> 
05/01/2023 09:45,17.40625,tjrtlmet,P,1.0,1.0,15.0,,15.4,<0> ,80.0,<0> ,1012.0,<0> ,3.4,<0> ,5.5,<0> ,09:43,176.0,<0> ,15.0,<0> ,860.9,<0> ,0.0,<0> 
05/01/2023 10:00,17.41666667,tjrtlmet,P,1.0,1.0,15.0,,16.2,<0> ,76.0,<0> ,1012.0,<0> ,3.6,<0> ,5.4,<0> ,09:59,207.0,<0> ,18.0,<0> ,1051.2,<0> ,0.0,<0> 
05/01/2023 10:15,17.42708333,tjrtlmet,P,1.0,1.0,15.0,,15.5,<0> ,77.0,<0> ,1012.0,<0> ,3.4,<0> ,5.1,<0> ,10:02,224.0,<0> ,15.0,<0> ,597.7,<0> ,0.0,<0> 
05/01/2023 10:30,17.4375,tjrtlmet,P,1.0,1.0,15.0,,15.1,<0> ,76.0,<0> ,1012.0,<0> ,3.1,<0> ,4.4,<0> ,10:29,228.0,<0> ,13.0,<0> ,555.9,<0> ,0.0,<0> 
05/01/2023 10:45,17.44791667,tjrtlmet,P,1.0,1.0,15.0,,15.8,<0> ,75.0,<0> ,1012.0,<0> ,3.1,<0> ,4.6,<0> ,10:39,225.0,<0> ,14.0,<0> ,907.7,<0> ,0.0,<0> 
05/01/2023 11:00,17.45833333,tjrtlmet,P,1.0,1.0,15.0,,16.7,<0> ,74.0,<0> ,1012.0,<0> ,3.4,<0> ,5.0,<0> ,10:59,227.0,<0> ,16.0,<0> ,1669.4,<0> ,0.0,<0> 
05/01/2023 11:15,17.46875,tjrtlmet,P,1.0,1.0,15.0,,16.8,<0> ,73.0,<0> ,1012.0,<0> ,3.5,<0> ,4.9,<0> ,11:09,233.0,<0> ,20.0,<0> ,1203.7,<0> ,0.0,<0> 
05/01/2023 11:30,17.47916667,tjrtlmet,P,1.0,1.0,15.0,,16.2,<0> ,76.0,<0> ,1012.0,<0> ,3.1,<0> ,4.8,<0> ,11:25,242.0,<0> ,15.0,<0> ,798.0,<0> ,0.0,<0> 
05/01/2023 11:45,17.48958333,tjrtlmet,P,1.0,1.0,15.0,,16.6,<0> ,74.0,<0> ,1012.0,<0> ,3.3,<0> ,5.1,<0> ,11:30,256.0,<0> ,14.0,<0> ,1180.1,<0> ,0.0,<0> 
05/01/2023 12:00,17.5,tjrtlmet,P,1.0,1.0,15.0,,16.1,<0> ,75.0,<0> ,1012.0,<0> ,3.5,<0> ,5.2,<0> ,11:52,259.0,<0> ,14.0,<0> ,1082.5,<0> ,0.0,<0> 
05/01/2023 12:15,17.51041667,tjrtlmet,P,1.0,1.0,15.0,,15.9,<0> ,75.0,<0> ,1012.0,<0> ,3.2,<0> ,5.2,<0> ,12:12,266.0,<0> ,13.0,<0> ,626.8,<0> ,0.0,<0> 
05/01/2023 12:30,17.52083333,tjrtlmet,P,1.0,1.0,15.0,,15.1,<0> ,77.0,<0> ,1012.0,<0> ,3.7,<0> ,5.6,<0> ,12:28,267.0,<0> ,12.0,<0> ,462.5,<0> ,0.0,<0> 
05/01/2023 12:45,17.53125,tjrtlmet,P,1.0,1.0,15.0,,15.4,<0> ,76.0,<0> ,1012.0,<0> ,4.0,<0> ,6.0,<0> ,12:43,256.0,<0> ,13.0,<0> ,737.2,<0> ,0.0,<0> 
05/01/2023 13:00,17.54166667,tjrtlmet,P,1.0,1.0,15.0,,15.7,<0> ,75.0,<0> ,1012.0,<0> ,4.1,<0> ,6.0,<0> ,12:48,264.0,<0> ,12.0,<0> ,1138.6,<0> ,0.0,<0> 
05/01/2023 13:15,17.55208333,tjrtlmet,P,1.0,1.0,15.0,,16.3,<0> ,73.0,<0> ,1012.0,<0> ,3.8,<0> ,5.7,<0> ,13:01,261.0,<0> ,13.0,<0> ,1015.2,<0> ,0.0,<0> 
05/01/2023 13:30,17.5625,tjrtlmet,P,1.0,1.0,15.0,,16.3,<0> ,73.0,<0> ,1012.0,<0> ,3.9,<0> ,6.1,<0> ,13:15,264.0,<0> ,15.0,<0> ,1418.4,<0> ,0.0,<0> 
05/01/2023 13:45,17.57291667,tjrtlmet,P,1.0,1.0,15.0,,16.3,<0> ,73.0,<0> ,1012.0,<0> ,3.8,<0> ,5.5,<0> ,13:32,268.0,<0> ,12.0,<0> ,1359.9,<0> ,0.0,<0> 
05/01/2023 14:00,17.58333333,tjrtlmet,P,1.0,1.0,15.0,,16.5,<0> ,71.0,<0> ,1012.0,<0> ,3.9,<0> ,5.9,<0> ,13:54,262.0,<0> ,16.0,<0> ,1152.4,<0> ,0.0,<0> 
05/01/2023 14:15,17.59375,tjrtlmet,P,1.0,1.0,15.0,,16.1,<0> ,72.0,<0> ,1012.0,<0> ,3.7,<0> ,5.5,<0> ,14:00,265.0,<0> ,16.0,<0> ,910.7,<0> ,0.0,<0> 
05/01/2023 14:30,17.60416667,tjrtlmet,P,1.0,1.0,15.0,,16.3,<0> ,71.0,<0> ,1012.0,<0> ,3.7,<0> ,5.2,<0> ,14:17,255.0,<0> ,14.0,<0> ,1222.1,<0> ,0.0,<0> 
05/01/2023 14:45,17.61458333,tjrtlmet,P,1.0,1.0,15.0,,16.0,<0> ,69.0,<0> ,1011.0,<0> ,3.5,<0> ,5.4,<0> ,14:36,255.0,<0> ,13.0,<0> ,974.0,<0> ,0.0,<0> 
05/01/2023 15:00,17.625,tjrtlmet,P,1.0,1.0,15.0,,16.2,<0> ,69.0,<0> ,1011.0,<0> ,3.5,<0> ,5.1,<0> ,14:47,256.0,<0> ,12.0,<0> ,1034.7,<0> ,0.0,<0> 
05/01/2023 15:15,17.63541667,tjrtlmet,P,1.0,1.0,15.0,,15.9,<0> ,69.0,<0> ,1011.0,<0> ,3.3,<0> ,4.9,<0> ,15:12,250.0,<0> ,15.0,<0> ,758.5,<0> ,0.0,<0> 
05/01/2023 15:30,17.64583333,tjrtlmet,P,1.0,1.0,15.0,,15.9,<0> ,69.0,<0> ,1011.0,<0> ,3.4,<0> ,5.4,<0> ,15:18,243.0,<0> ,15.0,<0> ,864.6,<0> ,0.0,<0> 
05/01/2023 15:45,17.65625,tjrtlmet,P,1.0,1.0,15.0,,16.0,<0> ,69.0,<0> ,1011.0,<0> ,3.5,<0> ,5.2,<0> ,15:32,252.0,<0> ,12.0,<0> ,828.6,<0> ,0.0,<0> 
05/01/2023 16:00,17.66666667,tjrtlmet,P,1.0,1.0,15.0,,15.5,<0> ,70.0,<0> ,1011.0,<0> ,3.5,<0> ,5.1,<0> ,15:57,253.0,<0> ,12.0,<0> ,689.7,<0> ,0.0,<0> 
05/01/2023 16:15,17.67708333,tjrtlmet,P,1.0,1.0,15.0,,15.9,<0> ,67.0,<0> ,1011.0,<0> ,3.3,<0> ,4.7,<0> ,16:00,245.0,<0> ,17.0,<0> ,793.5,<0> ,0.0,<0> 
05/01/2023 16:30,17.6875,tjrtlmet,P,1.0,1.0,15.0,,15.8,<0> ,65.0,<0> ,1011.0,<0> ,3.4,<0> ,5.3,<0> ,16:20,232.0,<0> ,15.0,<0> ,770.6,<0> ,0.0,<0> 
05/01/2023 16:45,17.69791667,tjrtlmet,P,1.0,1.0,15.0,,15.8,<0> ,64.0,<0> ,1011.0,<0> ,3.2,<0> ,4.9,<0> ,16:33,234.0,<0> ,18.0,<0> ,719.3,<0> ,0.0,<0> 
05/01/2023 17:00,17.70833333,tjrtlmet,P,1.0,1.0,15.0,,15.5,<0> ,69.0,<0> ,1011.0,<0> ,3.3,<0> ,4.8,<0> ,16:46,245.0,<0> ,16.0,<0> ,419.1,<0> ,0.0,<0> 
05/01/2023 17:15,17.71875,tjrtlmet,P,1.0,1.0,15.0,,14.8,<0> ,71.0,<0> ,1011.0,<0> ,3.9,<0> ,5.4,<0> ,17:01,252.0,<0> ,11.0,<0> ,260.6,<0> ,0.0,<0> 
05/01/2023 17:30,17.72916667,tjrtlmet,P,1.0,1.0,15.0,,14.4,<0> ,72.0,<0> ,1011.0,<0> ,4.0,<0> ,5.8,<0> ,17:19,255.0,<0> ,11.0,<0> ,130.4,<0> ,0.0,<0> 
05/01/2023 17:45,17.73958333,tjrtlmet,P,1.0,1.0,15.0,,14.2,<0> ,73.0,<0> ,1011.0,<0> ,3.9,<0> ,5.7,<0> ,17:36,252.0,<0> ,13.0,<0> ,81.3,<0> ,0.0,<0> 
05/01/2023 18:00,17.75,tjrtlmet,P,1.0,1.0,15.0,,14.0,<0> ,72.0,<0> ,1011.0,<0> ,3.3,<0> ,4.9,<0> ,17:57,248.0,<0> ,14.0,<0> ,36.9,<0> ,0.0,<0> 
05/01/2023 18:15,17.76041667,tjrtlmet,P,1.0,1.0,15.0,,14.0,<0> ,73.0,<0> ,1011.0,<0> ,3.2,<0> ,5.3,<0> ,18:13,249.0,<0> ,13.0,<0> ,19.9,<0> ,0.0,<0> 
05/01/2023 18:30,17.77083333,tjrtlmet,P,1.0,1.0,15.0,,13.9,<0> ,70.0,<0> ,1011.0,<0> ,3.8,<0> ,5.5,<0> ,18:24,255.0,<0> ,11.0,<0> ,7.0,<0> ,0.0,<0> 
05/01/2023 18:45,17.78125,tjrtlmet,P,1.0,1.0,15.0,,13.8,<0> ,70.0,<0> ,1011.0,<0> ,2.3,<0> ,3.5,<0> ,18:30,253.0,<0> ,11.0,<0> ,0.5,<0> ,0.0,<0> 
05/01/2023 19:00,17.79166667,tjrtlmet,P,1.0,1.0,15.0,,13.8,<0> ,72.0,<0> ,1011.0,<0> ,3.4,<0> ,5.7,<0> ,18:52,254.0,<0> ,13.0,<0> ,0.0,<0> ,0.0,<0> 
05/01/2023 19:15,17.80208333,tjrtlmet,P,1.0,1.0,15.0,,13.8,<0> ,72.0,<0> ,1012.0,<0> ,2.7,<0> ,4.3,<0> ,19:00,241.0,<0> ,13.0,<0> ,0.0,<0> ,0.0,<0> 
05/01/2023 19:30,17.8125,tjrtlmet,P,1.0,1.0,15.0,,13.8,<0> ,73.0,<0> ,1012.0,<0> ,2.0,<0> ,3.4,<0> ,19:21,239.0,<0> ,13.0,<0> ,0.0,<0> ,0.0,<0> 
05/01/2023 19:45,17.82291667,tjrtlmet,P,1.0,1.0,15.0,,13.8,<0> ,72.0,<0> ,1012.0,<0> ,2.3,<0> ,3.7,<0> ,19:41,227.0,<0> ,13.0,<0> ,0.0,<0> ,0.0,<0> 
05/01/2023 20:00,17.83333333,tjrtlmet,P,1.0,1.0,15.0,,13.8,<0> ,73.0,<0> ,1012.0,<0> ,1.8,<0> ,3.0,<0> ,19:59,222.0,<0> ,14.0,<0> ,0.0,<0> ,0.0,<0> 
05/01/2023 20:15,17.84375,tjrtlmet,P,1.0,1.0,15.0,,13.8,<0> ,73.0,<0> ,1012.0,<0> ,2.3,<0> ,3.5,<0> ,20:09,244.0,<0> ,14.0,<0> ,0.0,<0> ,0.0,<0> 
05/01/2023 20:30,17.85416667,tjrtlmet,P,1.0,1.0,15.0,,13.8,<0> ,73.0,<0> ,1012.0,<0> ,2.4,<0> ,3.8,<0> ,20:22,248.0,<0> ,15.0,<0> ,0.0,<0> ,0.0,<0> 
05/01/2023 20:45,17.86458333,tjrtlmet,P,1.0,1.0,15.0,,13.8,<0> ,72.0,<0> ,1012.0,<0> ,2.4,<0> ,4.0,<0> ,20:38,251.0,<0> ,13.0,<0> ,0.0,<0> ,0.0,<0> 
05/01/2023 21:00,17.875,tjrtlmet,P,1.0,1.0,15.0,,13.8,<0> ,71.0,<0> ,1012.0,<0> ,2.1,<0> ,3.9,<0> ,20:53,252.0,<0> ,15.0,<0> ,0.0,<0> ,0.0,<0> 
05/01/2023 21:15,17.88541667,tjrtlmet,P,1.0,1.0,15.0,,13.8,<0> ,71.0,<0> ,1012.0,<0> ,2.2,<0> ,3.6,<0> ,21:06,239.0,<0> ,13.0,<0> ,0.0,<0> ,0.0,<0> 
05/01/2023 21:30,17.89583333,tjrtlmet,P,1.0,1.0,15.0,,13.8,<0> ,71.0,<0> ,1012.0,<0> ,1.9,<0> ,3.0,<0> ,21:22,228.0,<0> ,10.0,<0> ,0.0,<0> ,0.0,<0> 
05/01/2023 21:45,17.90625,tjrtlmet,P,1.0,1.0,15.0,,13.8,<0> ,74.0,<0> ,1012.0,<0> ,2.2,<0> ,3.8,<0> ,21:39,204.0,<0> ,16.0,<0> ,0.0,<0> ,0.0,<0> 
05/01/2023 22:00,17.91666667,tjrtlmet,P,1.0,1.0,15.0,,13.6,<0> ,76.0,<0> ,1012.0,<0> ,1.7,<0> ,3.0,<0> ,21:46,203.0,<0> ,12.0,<0> ,0.0,<0> ,0.0,<0> 
05/01/2023 22:15,17.92708333,tjrtlmet,P,1.0,1.0,15.0,,13.7,<0> ,75.0,<0> ,1012.0,<0> ,1.5,<0> ,2.4,<0> ,22:07,237.0,<0> ,17.0,<0> ,0.0,<0> ,0.0,<0> 
05/01/2023 22:30,17.9375,tjrtlmet,P,1.0,1.0,15.0,,13.7,<0> ,74.0,<0> ,1012.0,<0> ,2.1,<0> ,3.7,<0> ,22:25,250.0,<0> ,16.0,<0> ,0.0,<0> ,0.0,<0> 
05/01/2023 22:45,17.94791667,tjrtlmet,P,1.0,1.0,15.0,,13.7,<0> ,75.0,<0> ,1012.0,<0> ,2.3,<0> ,3.8,<0> ,22:30,254.0,<0> ,11.0,<0> ,0.0,<0> ,0.0,<0> 
05/01/2023 23:00,17.95833333,tjrtlmet,P,1.0,1.0,15.0,,13.6,<0> ,74.0,<0> ,1012.0,<0> ,2.1,<0> ,3.7,<0> ,22:48,250.0,<0> ,12.0,<0> ,0.0,<0> ,0.0,<0> 
05/01/2023 23:15,17.96875,tjrtlmet,P,1.0,1.0,15.0,,13.5,<0> ,74.0,<0> ,1012.0,<0> ,1.8,<0> ,2.8,<0> ,23:04,251.0,<0> ,14.0,<0> ,0.0,<0> ,0.0,<0> 
05/01/2023 23:30,17.97916667,tjrtlmet,P,1.0,1.0,15.0,,13.5,<0> ,74.0,<0> ,1012.0,<0> ,1.6,<0> ,2.6,<0> ,23:17,250.0,<0> ,10.0,<0> ,0.0,<0> ,0.0,<0> 
05/01/2023 23:45,17.98958333,tjrtlmet,P,1.0,1.0,15.0,,13.2,<0> ,74.0,<0> ,1012.0,<0> ,1.2,<0> ,2.0,<0> ,23:30,255.0,<0> ,9.0,<0> ,0.0,<0> ,0.0,<0> 
05/02/2023 00:00,18.0,tjrtlmet,P,1.0,1.0,15.0,,13.2,<0> ,75.0,<0> ,1012.0,<0> ,1.2,<0> ,2.3,<0> ,23:56,250.0,<0> ,12.0,<0> ,0.0,<0> ,0.0,<0> 
05/02/2023 00:15,18.01041667,tjrtlmet,P,1.0,1.0,15.0,,13.4,<0> ,76.0,<0> ,1012.0,<0> ,1.7,<0> ,3.4,<0> ,00:12,262.0,<0> ,15.0,<0> ,0.0,<0> ,0.0,<0> 
05/02/2023 00:30,18.02083333,tjrtlmet,P,1.0,1.0,15.0,,13.4,<0> ,77.0,<0> ,1012.0,<0> ,2.1,<0> ,3.3,<0> ,00:22,264.0,<0> ,16.0,<0> ,0.0,<0> ,0.0,<0> 
05/02/2023 00:45,18.03125,tjrtlmet,P,1.0,1.0,15.0,,13.5,<0> ,77.0,<0> ,1012.0,<0> ,2.3,<0> ,3.4,<0> ,00:44,263.0,<0> ,13.0,<0> ,0.0,<0> ,0.0,<0> 
05/02/2023 01:00,18.04166667,tjrtlmet,P,1.0,1.0,15.0,,13.5,<0> ,75.0,<0> ,1012.0,<0> ,2.6,<0> ,3.8,<0> ,00:52,271.0,<0> ,12.0,<0> ,0.0,<0> ,0.0,<0> 
05/02/2023 01:15,18.05208333,tjrtlmet,P,1.0,1.0,15.0,,13.5,<0> ,76.0,<0> ,1012.0,<0> ,2.5,<0> ,4.1,<0> ,01:09,274.0,<0> ,12.0,<0> ,0.0,<0> ,0.0,<0> 
05/02/2023 01:30,18.0625,tjrtlmet,P,1.0,1.0,15.0,,13.5,<0> ,77.0,<0> ,1012.0,<0> ,2.7,<0> ,4.0,<0> ,01:26,273.0,<0> ,13.0,<0> ,0.0,<0> ,0.0,<0> 
05/02/2023 01:45,18.07291667,tjrtlmet,P,1.0,1.0,15.0,,13.4,<0> ,79.0,<0> ,1012.0,<0> ,2.9,<0> ,4.3,<0> ,01:37,284.0,<0> ,14.0,<0> ,0.0,<0> ,0.0,<0> 
05/02/2023 02:00,18.08333333,tjrtlmet,P,1.0,1.0,15.0,,13.2,<0> ,79.0,<0> ,1012.0,<0> ,2.7,<0> ,4.2,<0> ,01:56,286.0,<0> ,14.0,<0> ,0.0,<0> ,0.0,<0> 
05/02/2023 02:15,18.09375,tjrtlmet,P,1.0,1.0,15.0,,13.1,<0> ,78.0,<0> ,1012.0,<0> ,2.4,<0> ,3.5,<0> ,02:02,293.0,<0> ,13.0,<0> ,0.0,<0> ,0.0,<0> 
05/02/2023 02:30,18.10416667,tjrtlmet,P,1.0,1.0,15.0,,13.2,<0> ,78.0,<0> ,1012.0,<0> ,2.5,<0> ,3.8,<0> ,02:20,294.0,<0> ,13.0,<0> ,0.0,<0> ,0.0,<0> 
05/02/2023 02:45,18.11458333,tjrtlmet,P,1.0,1.0,15.0,,13.2,<0> ,75.0,<0> ,1012.0,<0> ,2.2,<0> ,3.3,<0> ,02:30,292.0,<0> ,13.0,<0> ,0.0,<0> ,0.0,<0> 
05/02/2023 03:00,18.125,tjrtlmet,P,1.0,1.0,15.0,,13.2,<0> ,75.0,<0> ,1012.0,<0> ,2.0,<0> ,3.3,<0> ,02:50,294.0,<0> ,12.0,<0> ,0.0,<0> ,0.0,<0> 
05/02/2023 03:15,18.13541667,tjrtlmet,P,1.0,1.0,15.0,,13.0,<0> ,77.0,<0> ,1012.0,<0> ,1.6,<0> ,2.7,<0> ,03:04,291.0,<0> ,14.0,<0> ,0.0,<0> ,0.0,<0> 
05/02/2023 03:30,18.14583333,tjrtlmet,P,1.0,1.0,15.0,,13.1,<0> ,75.0,<0> ,1012.0,<0> ,1.7,<0> ,2.8,<0> ,03:21,274.0,<0> ,10.0,<0> ,0.0,<0> ,0.0,<0> 
05/02/2023 03:45,18.15625,tjrtlmet,P,1.0,1.0,15.0,,13.0,<0> ,75.0,<0> ,1012.0,<0> ,1.7,<0> ,2.9,<0> ,03:43,276.0,<0> ,12.0,<0> ,0.0,<0> ,0.0,<0> 
05/02/2023 04:00,18.16666667,tjrtlmet,P,1.0,1.0,15.0,,13.0,<0> ,75.0,<0> ,1012.0,<0> ,1.9,<0> ,3.0,<0> ,03:58,276.0,<0> ,11.0,<0> ,0.0,<0> ,0.0,<0> 
05/02/2023 04:15,18.17708333,tjrtlmet,P,1.0,1.0,15.0,,12.9,<0> ,75.0,<0> ,1012.0,<0> ,1.7,<0> ,2.7,<0> ,04:13,276.0,<0> ,10.0,<0> ,0.0,<0> ,0.0,<0> 
05/02/2023 04:30,18.1875,tjrtlmet,P,1.0,1.0,15.0,,13.0,<0> ,76.0,<0> ,1012.0,<0> ,1.9,<0> ,2.8,<0> ,04:19,280.0,<0> ,13.0,<0> ,0.0,<0> ,0.0,<0> 
05/02/2023 04:45,18.19791667,tjrtlmet,P,1.0,1.0,15.0,,12.9,<0> ,78.0,<0> ,1012.0,<0> ,2.0,<0> ,3.3,<0> ,04:40,285.0,<0> ,12.0,<0> ,0.0,<0> ,0.0,<0> 
05/02/2023 05:00,18.20833333,tjrtlmet,P,1.0,1.0,15.0,,12.9,<0> ,77.0,<0> ,1012.0,<0> ,2.2,<0> ,3.2,<0> ,04:48,284.0,<0> ,11.0,<0> ,2.1,<0> ,0.0,<0> 
05/02/2023 05:15,18.21875,tjrtlmet,P,1.0,1.0,15.0,,12.9,<0> ,76.0,<0> ,1012.0,<0> ,2.0,<0> ,2.8,<0> ,05:10,284.0,<0> ,11.0,<0> ,13.5,<0> ,0.0,<0> 
05/02/2023 05:30,18.22916667,tjrtlmet,P,1.0,1.0,15.0,,12.8,<0> ,76.0,<0> ,1012.0,<0> ,1.7,<0> ,2.6,<0> ,05:28,287.0,<0> ,14.0,<0> ,37.3,<0> ,0.0,<0> 
05/02/2023 05:45,18.23958333,tjrtlmet,P,1.0,1.0,15.0,,13.0,<0> ,76.0,<0> ,1012.0,<0> ,1.6,<0> ,2.7,<0> ,05:35,292.0,<0> ,12.0,<0> ,73.4,<0> ,0.0,<0> 
05/02/2023 06:00,18.25,tjrtlmet,P,1.0,1.0,15.0,,13.2,<0> ,74.0,<0> ,1012.0,<0> ,1.7,<0> ,3.1,<0> ,05:59,284.0,<0> ,12.0,<0> ,113.2,<0> ,0.0,<0> 
05/02/2023 06:15,18.26041667,tjrtlmet,P,1.0,1.0,15.0,,13.4,<0> ,73.0,<0> ,1013.0,<0> ,1.7,<0> ,2.7,<0> ,06:12,290.0,<0> ,14.0,<0> ,174.7,<0> ,0.0,<0> 
05/02/2023 06:30,18.27083333,tjrtlmet,P,1.0,1.0,15.0,,13.6,<0> ,70.0,<0> ,1013.0,<0> ,1.8,<0> ,3.0,<0> ,06:19,288.0,<0> ,12.0,<0> ,203.9,<0> ,0.0,<0> 
05/02/2023 06:45,18.28125,tjrtlmet,P,1.0,1.0,15.0,,13.5,<0> ,69.0,<0> ,1013.0,<0> ,1.6,<0> ,2.8,<0> ,06:30,299.0,<0> ,12.0,<0> ,215.5,<0> ,0.0,<0> 
05/02/2023 07:00,18.29166667,tjrtlmet,P,1.0,1.0,15.0,,13.6,<0> ,68.0,<0> ,1013.0,<0> ,1.0,<0> ,1.9,<0> ,06:58,292.0,<0> ,19.0,<0> ,284.8,<0> ,0.0,<0> 
05/02/2023 07:15,18.30208333,tjrtlmet,P,1.0,1.0,15.0,,13.8,<0> ,66.0,<0> ,1013.0,<0> ,1.1,<0> ,1.8,<0> ,07:01,277.0,<0> ,16.0,<0> ,341.0,<0> ,0.0,<0> 
05/02/2023 07:30,18.3125,tjrtlmet,P,1.0,1.0,15.0,,14.1,<0> ,64.0,<0> ,1013.0,<0> ,0.7,<0> ,1.6,<0> ,07:28,277.0,<0> ,19.0,<0> ,517.8,<0> ,0.0,<0> 
05/02/2023 07:45,18.32291667,tjrtlmet,P,1.0,1.0,15.0,,14.9,<0> ,63.0,<0> ,1013.0,<0> ,1.6,<0> ,3.5,<0> ,07:43,308.0,<0> ,29.0,<0> ,677.8,<0> ,0.0,<0> 
05/02/2023 08:00,18.33333333,tjrtlmet,P,1.0,1.0,15.0,,15.3,<0> ,62.0,<0> ,1013.0,<0> ,1.9,<0> ,3.3,<0> ,07:49,316.0,<0> ,20.0,<0> ,1019.2,<0> ,0.0,<0> 
05/02/2023 08:15,18.34375,tjrtlmet,P,1.0,1.0,15.0,,15.7,<0> ,62.0,<0> ,1013.0,<0> ,1.8,<0> ,3.0,<0> ,08:11,298.0,<0> ,22.0,<0> ,1070.9,<0> ,0.0,<0> 
05/02/2023 08:30,18.35416667,tjrtlmet,P,1.0,1.0,15.0,,15.8,<0> ,63.0,<0> ,1013.0,<0> ,2.2,<0> ,3.6,<0> ,08:24,299.0,<0> ,17.0,<0> ,967.8,<0> ,0.0,<0> 
05/02/2023 08:45,18.36458333,tjrtlmet,P,1.0,1.0,15.0,,16.0,<0> ,63.0,<0> ,1013.0,<0> ,2.7,<0> ,4.1,<0> ,08:44,297.0,<0> ,17.0,<0> ,1204.6,<0> ,0.0,<0> 
05/02/2023 09:00,18.375,tjrtlmet,P,1.0,1.0,15.0,,16.1,<0> ,62.0,<0> ,1013.0,<0> ,2.7,<0> ,4.0,<0> ,08:59,293.0,<0> ,19.0,<0> ,1246.5,<0> ,0.0,<0> 
05/02/2023 09:15,18.38541667,tjrtlmet,P,1.0,1.0,15.0,,16.0,<0> ,60.0,<0> ,1013.0,<0> ,2.9,<0> ,4.2,<0> ,09:01,289.0,<0> ,14.0,<0> ,1284.4,<0> ,0.0,<0> 
05/02/2023 09:30,18.39583333,tjrtlmet,P,1.0,1.0,15.0,,16.5,<0> ,61.0,<0> ,1013.0,<0> ,2.9,<0> ,4.3,<0> ,09:15,293.0,<0> ,16.0,<0> ,1453.3,<0> ,0.0,<0> 
05/02/2023 09:45,18.40625,tjrtlmet,P,1.0,1.0,15.0,,16.8,<0> ,64.0,<0> ,1013.0,<0> ,3.0,<0> ,4.8,<0> ,09:38,293.0,<0> ,17.0,<0> ,1504.9,<0> ,0.0,<0> 
05/02/2023 10:00,18.41666667,tjrtlmet,P,1.0,1.0,15.0,,16.7,<0> ,66.0,<0> ,1013.0,<0> ,3.3,<0> ,4.8,<0> ,09:51,287.0,<0> ,15.0,<0> ,1379.6,<0> ,0.0,<0> 
05/02/2023 10:15,18.42708333,tjrtlmet,P,1.0,1.0,15.0,,16.7,<0> ,66.0,<0> ,1013.0,<0> ,3.2,<0> ,4.8,<0> ,10:10,293.0,<0> ,18.0,<0> ,1541.7,<0> ,0.0,<0> 
05/02/2023 10:30,18.4375,tjrtlmet,P,1.0,1.0,15.0,,16.6,<0> ,66.0,<0> ,1013.0,<0> ,3.3,<0> ,5.0,<0> ,10:30,292.0,<0> ,15.0,<0> ,1532.4,<0> ,0.0,<0> 
05/02/2023 10:45,18.44791667,tjrtlmet,P,1.0,1.0,15.0,,16.6,<0> ,67.0,<0> ,1013.0,<0> ,3.4,<0> ,5.1,<0> ,10:39,289.0,<0> ,17.0,<0> ,1491.7,<0> ,0.0,<0> 
05/02/2023 11:00,18.45833333,tjrtlmet,P,1.0,1.0,15.0,,16.6,<0> ,68.0,<0> ,1013.0,<0> ,3.6,<0> ,5.1,<0> ,10:50,281.0,<0> ,15.0,<0> ,1592.9,<0> ,0.0,<0> 
05/02/2023 11:15,18.46875,tjrtlmet,P,1.0,1.0,15.0,,16.7,<0> ,68.0,<0> ,1013.0,<0> ,3.5,<0> ,5.3,<0> ,11:01,280.0,<0> ,14.0,<0> ,1635.0,<0> ,0.0,<0> 
05/02/2023 11:30,18.47916667,tjrtlmet,P,1.0,1.0,15.0,,16.9,<0> ,68.0,<0> ,1013.0,<0> ,3.5,<0> ,5.7,<0> ,11:19,290.0,<0> ,17.0,<0> ,1587.3,<0> ,0.0,<0> 
05/02/2023 11:45,18.48958333,tjrtlmet,P,1.0,1.0,15.0,,16.7,<0> ,67.0,<0> ,1013.0,<0> ,3.7,<0> ,5.3,<0> ,11:35,283.0,<0> ,16.0,<0> ,1628.2,<0> ,0.0,<0> 
05/02/2023 12:00,18.5,tjrtlmet,P,1.0,1.0,15.0,,17.1,<0> ,64.0,<0> ,1013.0,<0> ,3.6,<0> ,5.2,<0> ,11:54,281.0,<0> ,14.0,<0> ,1712.2,<0> ,0.0,<0> 
05/02/2023 12:15,18.51041667,tjrtlmet,P,1.0,1.0,15.0,,17.0,<0> ,64.0,<0> ,1013.0,<0> ,3.7,<0> ,5.3,<0> ,12:07,274.0,<0> ,15.0,<0> ,1644.6,<0> ,0.0,<0> 
05/02/2023 12:30,18.52083333,tjrtlmet,P,1.0,1.0,15.0,,17.0,<0> ,65.0,<0> ,1013.0,<0> ,3.7,<0> ,5.8,<0> ,12:27,278.0,<0> ,14.0,<0> ,1752.7,<0> ,0.0,<0> 
05/02/2023 12:45,18.53125,tjrtlmet,P,1.0,1.0,15.0,,17.0,<0> ,64.0,<0> ,1013.0,<0> ,3.8,<0> ,5.8,<0> ,12:38,279.0,<0> ,15.0,<0> ,1682.6,<0> ,0.0,<0> 
05/02/2023 13:00,18.54166667,tjrtlmet,P,1.0,1.0,15.0,,17.2,<0> ,64.0,<0> ,1013.0,<0> ,3.7,<0> ,5.3,<0> ,12:47,278.0,<0> ,16.0,<0> ,1683.0,<0> ,0.0,<0> 
05/02/2023 13:15,18.55208333,tjrtlmet,P,1.0,1.0,15.0,,17.0,<0> ,65.0,<0> ,1013.0,<0> ,4.0,<0> ,6.1,<0> ,13:06,279.0,<0> ,14.0,<0> ,1645.0,<0> ,0.0,<0> 
05/02/2023 13:30,18.5625,tjrtlmet,P,1.0,1.0,15.0,,17.0,<0> ,65.0,<0> ,1013.0,<0> ,3.8,<0> ,5.7,<0> ,13:20,276.0,<0> ,14.0,<0> ,1591.4,<0> ,0.0,<0> 
05/02/2023 13:45,18.57291667,tjrtlmet,P,1.0,1.0,15.0,,17.1,<0> ,65.0,<0> ,1013.0,<0> ,3.9,<0> ,6.1,<0> ,13:33,280.0,<0> ,13.0,<0> ,1540.0,<0> ,0.0,<0> 
05/02/2023 14:00,18.58333333,tjrtlmet,P,1.0,1.0,15.0,,17.0,<0> ,65.0,<0> ,1013.0,<0> ,3.9,<0> ,5.6,<0> ,13:54,282.0,<0> ,12.0,<0> ,1479.7,<0> ,0.0,<0> 
05/02/2023 14:15,18.59375,tjrtlmet,P,1.0,1.0,15.0,,16.9,<0> ,67.0,<0> ,1013.0,<0> ,4.2,<0> ,5.7,<0> ,14:13,277.0,<0> ,12.0,<0> ,1421.0,<0> ,0.0,<0> 
05/02/2023 14:30,18.60416667,tjrtlmet,P,1.0,1.0,15.0,,16.8,<0> ,67.0,<0> ,1013.0,<0> ,3.9,<0> ,5.5,<0> ,14:21,280.0,<0> ,14.0,<0> ,1357.2,<0> ,0.0,<0> 
05/02/2023 14:45,18.61458333,tjrtlmet,P,1.0,1.0,15.0,,16.8,<0> ,67.0,<0> ,1012.0,<0> ,4.0,<0> ,5.5,<0> ,14:33,282.0,<0> ,14.0,<0> ,1279.9,<0> ,0.0,<0> 
05/02/2023 15:00,18.625,tjrtlmet,P,1.0,1.0,15.0,,16.5,<0> ,66.0,<0> ,1012.0,<0> ,3.8,<0> ,5.5,<0> ,14:47,282.0,<0> ,13.0,<0> ,1122.9,<0> ,0.0,<0> 
05/02/2023 15:15,18.63541667,tjrtlmet,P,1.0,1.0,15.0,,16.6,<0> ,65.0,<0> ,1012.0,<0> ,3.6,<0> ,4.9,<0> ,15:04,287.0,<0> ,15.0,<0> ,1125.7,<0> ,0.0,<0> 
05/02/2023 15:30,18.64583333,tjrtlmet,P,1.0,1.0,15.0,,16.6,<0> ,63.0,<0> ,1012.0,<0> ,3.4,<0> ,5.1,<0> ,15:26,283.0,<0> ,15.0,<0> ,1044.8,<0> ,0.0,<0> 
05/02/2023 15:45,18.65625,tjrtlmet,P,1.0,1.0,15.0,,16.6,<0> ,64.0,<0> ,1012.0,<0> ,3.2,<0> ,4.8,<0> ,15:43,286.0,<0> ,14.0,<0> ,958.5,<0> ,0.0,<0> 
05/02/2023 16:00,18.66666667,tjrtlmet,P,1.0,1.0,15.0,,16.4,<0> ,65.0,<0> ,1012.0,<0> ,3.3,<0> ,4.9,<0> ,15:54,283.0,<0> ,13.0,<0> ,868.8,<0> ,0.0,<0> 
05/02/2023 16:15,18.67708333,tjrtlmet,P,1.0,1.0,15.0,,16.1,<0> ,66.0,<0> ,1012.0,<0> ,3.2,<0> ,5.0,<0> ,16:05,284.0,<0> ,14.0,<0> ,773.7,<0> ,0.0,<0> 
05/02/2023 16:30,18.6875,tjrtlmet,P,1.0,1.0,15.0,,16.1,<0> ,68.0,<0> ,1012.0,<0> ,3.1,<0> ,4.4,<0> ,16:21,282.0,<0> ,15.0,<0> ,678.6,<0> ,0.0,<0> 
05/02/2023 16:45,18.69791667,tjrtlmet,P,1.0,1.0,15.0,,15.9,<0> ,68.0,<0> ,1013.0,<0> ,3.2,<0> ,5.0,<0> ,16:43,282.0,<0> ,12.0,<0> ,593.9,<0> ,0.0,<0> 
05/02/2023 17:00,18.70833333,tjrtlmet,P,1.0,1.0,15.0,,15.4,<0> ,70.0,<0> ,1013.0,<0> ,3.4,<0> ,4.9,<0> ,16:49,283.0,<0> ,13.0,<0> ,483.1,<0> ,0.0,<0> 
05/02/2023 17:15,18.71875,tjrtlmet,P,1.0,1.0,15.0,,15.4,<0> ,70.0,<0> ,1013.0,<0> ,3.1,<0> ,4.9,<0> ,17:08,289.0,<0> ,14.0,<0> ,400.5,<0> ,0.0,<0> 
05/02/2023 17:30,18.72916667,tjrtlmet,P,1.0,1.0,15.0,,14.9,<0> ,71.0,<0> ,1013.0,<0> ,2.9,<0> ,4.4,<0> ,17:26,292.0,<0> ,13.0,<0> ,219.5,<0> ,0.0,<0> 
05/02/2023 17:45,18.73958333,tjrtlmet,P,1.0,1.0,15.0,,14.7,<0> ,72.0,<0> ,1013.0,<0> ,2.9,<0> ,4.5,<0> ,17:39,290.0,<0> ,14.0,<0> ,234.2,<0> ,0.0,<0> 
05/02/2023 18:00,18.75,tjrtlmet,P,1.0,1.0,15.0,,14.4,<0> ,73.0,<0> ,1013.0,<0> ,2.8,<0> ,4.5,<0> ,17:47,286.0,<0> ,16.0,<0> ,132.4,<0> ,0.0,<0> 
05/02/2023 18:15,18.76041667,tjrtlmet,P,1.0,1.0,15.0,,14.0,<0> ,72.0,<0> ,1013.0,<0> ,2.2,<0> ,3.7,<0> ,18:04,298.0,<0> ,14.0,<0> ,64.3,<0> ,0.0,<0> 
05/02/2023 18:30,18.77083333,tjrtlmet,P,1.0,1.0,15.0,,13.6,<0> ,73.0,<0> ,1013.0,<0> ,1.8,<0> ,3.3,<0> ,18:29,295.0,<0> ,14.0,<0> ,19.4,<0> ,0.0,<0> 
05/02/2023 18:45,18.78125,tjrtlmet,P,1.0,1.0,15.0,,13.4,<0> ,75.0,<0> ,1013.0,<0> ,2.0,<0> ,3.3,<0> ,18:43,291.0,<0> ,13.0,<0> ,3.4,<0> ,0.0,<0> 
05/02/2023 19:00,18.79166667,tjrtlmet,P,1.0,1.0,15.0,,13.3,<0> ,76.0,<0> ,1013.0,<0> ,1.9,<0> ,3.1,<0> ,18:47,289.0,<0> ,12.0,<0> ,0.0,<0> ,0.0,<0> 
05/02/2023 19:15,18.80208333,tjrtlmet,P,1.0,1.0,15.0,,13.1,<0> ,76.0,<0> ,1013.0,<0> ,1.9,<0> ,3.0,<0> ,19:04,304.0,<0> ,15.0,<0> ,0.0,<0> ,0.0,<0> 
05/02/2023 19:30,18.8125,tjrtlmet,P,1.0,1.0,15.0,,12.9,<0> ,78.0,<0> ,1013.0,<0> ,1.6,<0> ,2.9,<0> ,19:15,293.0,<0> ,15.0,<0> ,0.0,<0> ,0.0,<0> 
05/02/2023 19:45,18.82291667,tjrtlmet,P,1.0,1.0,15.0,,13.1,<0> ,78.0,<0> ,1013.0,<0> ,1.6,<0> ,3.4,<0> ,19:42,299.0,<0> ,15.0,<0> ,0.0,<0> ,0.0,<0> 
05/02/2023 20:00,18.83333333,tjrtlmet,P,1.0,1.0,15.0,,13.2,<0> ,77.0,<0> ,1013.0,<0> ,2.0,<0> ,3.7,<0> ,19:49,290.0,<0> ,14.0,<0> ,0.0,<0> ,0.0,<0> 
05/02/2023 20:15,18.84375,tjrtlmet,P,1.0,1.0,15.0,,13.1,<0> ,77.0,<0> ,1014.0,<0> ,1.6,<0> ,2.4,<0> ,20:13,284.0,<0> ,12.0,<0> ,0.0,<0> ,0.0,<0> 
05/02/2023 20:30,18.85416667,tjrtlmet,P,1.0,1.0,15.0,,12.9,<0> ,78.0,<0> ,1014.0,<0> ,1.5,<0> ,2.3,<0> ,20:20,285.0,<0> ,13.0,<0> ,0.0,<0> ,0.0,<0> 
05/02/2023 20:45,18.86458333,tjrtlmet,P,1.0,1.0,15.0,,12.6,<0> ,79.0,<0> ,1014.0,<0> ,1.1,<0> ,2.0,<0> ,20:33,300.0,<0> ,14.0,<0> ,0.0,<0> ,0.0,<0> 
05/02/2023 21:00,18.875,tjrtlmet,P,1.0,1.0,15.0,,12.3,<0> ,80.0,<0> ,1014.0,<0> ,0.8,<0> ,2.1,<0> ,20:53,308.0,<0> ,18.0,<0> ,0.0,<0> ,0.0,<0> 
05/02/2023 21:15,18.88541667,tjrtlmet,P,1.0,1.0,15.0,,12.1,<0> ,79.0,<0> ,1014.0,<0> ,0.6,<0> ,1.6,<0> ,21:00,326.0,<0> ,28.0,<0> ,0.0,<0> ,0.0,<0> 
05/02/2023 21:30,18.89583333,tjrtlmet,P,1.0,1.0,15.0,,12.3,<0> ,78.0,<0> ,1013.0,<0> ,0.2,<0> ,0.7,<0> ,21:22,342.0,<0> ,17.0,<0> ,0.0,<0> ,0.0,<0> 
05/02/2023 21:45,18.90625,tjrtlmet,P,1.0,1.0,15.0,,12.2,<0> ,78.0,<0> ,1013.0,<0> ,0.2,<0> ,1.0,<0> ,21:33,326.0,<0> ,16.0,<0> ,0.0,<0> ,0.0,<0> 
05/02/2023 22:00,18.91666667,tjrtlmet,P,1.0,1.0,15.0,,11.9,<0> ,81.0,<0> ,1013.0,<0> ,0.3,<0> ,0.9,<0> ,21:54,299.0,<0> ,16.0,<0> ,0.0,<0> ,0.0,<0> 
05/02/2023 22:15,18.92708333,tjrtlmet,P,1.0,1.0,15.0,,11.7,<0> ,83.0,<0> ,1013.0,<0> ,0.5,<0> ,1.1,<0> ,22:15,293.0,<0> ,10.0,<0> ,0.0,<0> ,0.0,<0> 
05/02/2023 22:30,18.9375,tjrtlmet,P,1.0,1.0,15.0,,11.6,<0> ,84.0,<0> ,1013.0,<0> ,0.7,<0> ,1.6,<0> ,22:28,302.0,<0> ,11.0,<0> ,0.0,<0> ,0.0,<0> 
05/02/2023 22:45,18.94791667,tjrtlmet,P,1.0,1.0,15.0,,11.6,<0> ,84.0,<0> ,1013.0,<0> ,1.0,<0> ,1.9,<0> ,22:40,297.0,<0> ,16.0,<0> ,0.0,<0> ,0.0,<0> 
05/02/2023 23:00,18.95833333,tjrtlmet,P,1.0,1.0,15.0,,11.7,<0> ,84.0,<0> ,1013.0,<0> ,0.7,<0> ,1.6,<0> ,22:59,300.0,<0> ,19.0,<0> ,0.0,<0> ,0.0,<0> 
05/02/2023 23:15,18.96875,tjrtlmet,P,1.0,1.0,15.0,,11.8,<0> ,84.0,<0> ,1013.0,<0> ,0.7,<0> ,1.7,<0> ,23:11,310.0,<0> ,17.0,<0> ,0.0,<0> ,0.0,<0> 
05/02/2023 23:30,18.97916667,tjrtlmet,P,1.0,1.0,15.0,,12.0,<0> ,83.0,<0> ,1013.0,<0> ,1.1,<0> ,2.2,<0> ,23:24,313.0,<0> ,16.0,<0> ,0.0,<0> ,0.0,<0> 
05/02/2023 23:45,18.98958333,tjrtlmet,P,1.0,1.0,15.0,,12.1,<0> ,82.0,<0> ,1013.0,<0> ,1.1,<0> ,1.9,<0> ,23:43,303.0,<0> ,14.0,<0> ,0.0,<0> ,0.0,<0> 
05/03/2023 00:00,19.0,tjrtlmet,P,1.0,1.0,15.0,,11.9,<0> ,81.0,<0> ,1013.0,<0> ,0.6,<0> ,1.6,<0> ,23:59,321.0,<0> ,17.0,<0> ,0.0,<0> ,0.0,<0> 
05/03/2023 00:15,19.01041667,tjrtlmet,P,1.0,1.0,15.0,,11.8,<0> ,81.0,<0> ,1013.0,<0> ,0.7,<0> ,1.8,<0> ,00:01,306.0,<0> ,15.0,<0> ,0.0,<0> ,0.0,<0> 
05/03/2023 00:30,19.02083333,tjrtlmet,P,1.0,1.0,15.0,,11.6,<0> ,81.0,<0> ,1013.0,<0> ,0.4,<0> ,1.1,<0> ,00:21,333.0,<0> ,18.0,<0> ,0.0,<0> ,0.0,<0> 
05/03/2023 00:45,19.03125,tjrtlmet,P,1.0,1.0,15.0,,11.9,<0> ,79.0,<0> ,1012.0,<0> ,0.0,<0> ,0.2,<0> ,00:32,337.0,<0> ,0.0,<0> ,0.0,<0> ,0.0,<0> 
05/03/2023 01:00,19.04166667,tjrtlmet,P,1.0,1.0,15.0,,12.0,<0> ,79.0,<0> ,1012.0,<0> ,0.2,<0> ,0.4,<0> ,00:59,337.0,<0> ,0.0,<0> ,0.0,<0> ,0.0,<0> 
05/03/2023 01:15,19.05208333,tjrtlmet,P,1.0,1.0,15.0,,11.9,<0> ,79.0,<0> ,1012.0,<0> ,0.3,<0> ,0.8,<0> ,01:01,12.0,<0> ,23.0,<0> ,0.0,<0> ,0.0,<0> 
05/03/2023 01:30,19.0625,tjrtlmet,P,1.0,1.0,15.0,,10.8,<0> ,82.0,<0> ,1012.0,<0> ,0.7,<0> ,1.0,<0> ,01:18,115.0,<0> ,28.0,<0> ,0.0,<0> ,0.0,<0> 
05/03/2023 01:45,19.07291667,tjrtlmet,P,1.0,1.0,15.0,,10.2,<0> ,84.0,<0> ,1012.0,<0> ,0.4,<0> ,1.0,<0> ,01:30,116.0,<0> ,1.0,<0> ,0.0,<0> ,0.0,<0> 
05/03/2023 02:00,19.08333333,tjrtlmet,P,1.0,1.0,15.0,,9.6,<0> ,86.0,<0> ,1012.0,<0> ,0.1,<0> ,0.5,<0> ,01:54,115.0,<0> ,0.0,<0> ,0.0,<0> ,0.0,<0> 
05/03/2023 02:15,19.09375,tjrtlmet,P,1.0,1.0,15.0,,9.9,<0> ,87.0,<0> ,1012.0,<0> ,0.0,<0> ,0.5,<0> ,02:12,108.0,<0> ,2.0,<0> ,0.0,<0> ,0.0,<0> 
05/03/2023 02:30,19.10416667,tjrtlmet,P,1.0,1.0,15.0,,10.1,<0> ,87.0,<0> ,1012.0,<0> ,0.5,<0> ,0.8,<0> ,02:20,48.0,<0> ,12.0,<0> ,0.0,<0> ,0.0,<0> 
05/03/2023 02:45,19.11458333,tjrtlmet,P,1.0,1.0,15.0,,10.8,<0> ,84.0,<0> ,1012.0,<0> ,0.5,<0> ,0.8,<0> ,02:43,53.0,<0> ,12.0,<0> ,0.0,<0> ,0.0,<0> 
05/03/2023 03:00,19.125,tjrtlmet,P,1.0,1.0,15.0,,11.2,<0> ,83.0,<0> ,1011.0,<0> ,0.6,<0> ,0.9,<0> ,02:57,58.0,<0> ,10.0,<0> ,0.0,<0> ,0.0,<0> 
05/03/2023 03:15,19.13541667,tjrtlmet,P,1.0,1.0,15.0,,11.4,<0> ,83.0,<0> ,1011.0,<0> ,0.7,<0> ,1.1,<0> ,03:02,78.0,<0> ,19.0,<0> ,0.0,<0> ,0.0,<0> 
05/03/2023 03:30,19.14583333,tjrtlmet,P,1.0,1.0,15.0,,11.2,<0> ,83.0,<0> ,1012.0,<0> ,0.3,<0> ,0.7,<0> ,03:18,159.0,<0> ,22.0,<0> ,0.0,<0> ,0.0,<0> 
05/03/2023 03:45,19.15625,tjrtlmet,P,1.0,1.0,15.0,,10.9,<0> ,88.0,<0> ,1012.0,<0> ,0.3,<0> ,0.7,<0> ,03:35,123.0,<0> ,7.0,<0> ,0.0,<0> ,0.0,<0> 
05/03/2023 04:00,19.16666667,tjrtlmet,P,1.0,1.0,15.0,,11.0,<0> ,89.0,<0> ,1012.0,<0> ,0.5,<0> ,1.2,<0> ,04:00,103.0,<0> ,15.0,<0> ,0.0,<0> ,0.0,<0> 
05/03/2023 04:15,19.17708333,tjrtlmet,P,1.0,1.0,15.0,,11.4,<0> ,87.0,<0> ,1012.0,<0> ,0.9,<0> ,1.5,<0> ,04:14,103.0,<0> ,8.0,<0> ,0.0,<0> ,0.0,<0> 
05/03/2023 04:30,19.1875,tjrtlmet,P,1.0,1.0,15.0,,11.6,<0> ,85.0,<0> ,1012.0,<0> ,0.8,<0> ,1.5,<0> ,04:23,115.0,<0> ,8.0,<0> ,0.0,<0> ,0.0,<0> 
05/03/2023 04:45,19.19791667,tjrtlmet,P,1.0,1.0,15.0,,11.6,<0> ,86.0,<0> ,1012.0,<0> ,0.4,<0> ,0.9,<0> ,04:41,231.0,<0> ,76.0,<0> ,0.0,<0> ,0.0,<0> 
05/03/2023 05:00,19.20833333,tjrtlmet,P,1.0,1.0,15.0,,11.4,<0> ,88.0,<0> ,1012.0,<0> ,0.4,<0> ,1.3,<0> ,04:59,102.0,<0> ,74.0,<0> ,1.2,<0> ,0.0,<0> 
05/03/2023 05:15,19.21875,tjrtlmet,P,1.0,1.0,15.0,,11.5,<0> ,88.0,<0> ,1012.0,<0> ,0.7,<0> ,1.3,<0> ,05:06,110.0,<0> ,16.0,<0> ,7.0,<0> ,0.0,<0> 
05/03/2023 05:30,19.22916667,tjrtlmet,P,1.0,1.0,15.0,,11.6,<0> ,87.0,<0> ,1012.0,<0> ,0.5,<0> ,0.8,<0> ,05:28,98.0,<0> ,11.0,<0> ,17.0,<0> ,0.0,<0> 
05/03/2023 05:45,19.23958333,tjrtlmet,P,1.0,1.0,15.0,,11.9,<0> ,87.0,<0> ,1012.0,<0> ,0.5,<0> ,1.3,<0> ,05:37,108.0,<0> ,12.0,<0> ,22.4,<0> ,0.0,<0> 
05/03/2023 06:00,19.25,tjrtlmet,P,1.0,1.0,15.0,,11.8,<0> ,89.0,<0> ,1012.0,<0> ,0.8,<0> ,1.4,<0> ,05:55,96.0,<0> ,10.0,<0> ,52.3,<0> ,0.0,<0> 
05/03/2023 06:15,19.26041667,tjrtlmet,P,1.0,1.0,15.0,,11.9,<0> ,90.0,<0> ,1012.0,<0> ,1.0,<0> ,1.8,<0> ,06:02,109.0,<0> ,9.0,<0> ,96.5,<0> ,0.0,<0> 
05/03/2023 06:30,19.27083333,tjrtlmet,P,1.0,1.0,15.0,,12.2,<0> ,89.0,<0> ,1013.0,<0> ,0.9,<0> ,1.6,<0> ,06:19,101.0,<0> ,15.0,<0> ,124.1,<0> ,0.0,<0> 
05/03/2023 06:45,19.28125,tjrtlmet,P,1.0,1.0,15.0,,12.3,<0> ,88.0,<0> ,1013.0,<0> ,0.8,<0> ,1.4,<0> ,06:32,110.0,<0> ,8.0,<0> ,194.8,<0> ,0.0,<0> 
05/03/2023 07:00,19.29166667,tjrtlmet,P,1.0,1.0,15.0,,12.9,<0> ,87.0,<0> ,1013.0,<0> ,0.8,<0> ,1.6,<0> ,06:57,116.0,<0> ,15.0,<0> ,475.8,<0> ,0.0,<0> 
05/03/2023 07:15,19.30208333,tjrtlmet,P,1.0,1.0,15.0,,13.8,<0> ,81.0,<0> ,1013.0,<0> ,1.5,<0> ,2.4,<0> ,07:13,128.0,<0> ,19.0,<0> ,697.8,<0> ,0.0,<0> 
05/03/2023 07:30,19.3125,tjrtlmet,P,1.0,1.0,15.0,,14.1,<0> ,78.0,<0> ,1013.0,<0> ,1.5,<0> ,2.4,<0> ,07:17,113.0,<0> ,21.0,<0> ,789.0,<0> ,0.0,<0> 
05/03/2023 07:45,19.32291667,tjrtlmet,P,1.0,1.0,15.0,,14.8,<0> ,74.0,<0> ,1013.0,<0> ,1.7,<0> ,2.8,<0> ,07:35,126.0,<0> ,24.0,<0> ,948.9,<0> ,0.0,<0> 
05/03/2023 08:00,19.33333333,tjrtlmet,P,1.0,1.0,15.0,,15.1,<0> ,71.0,<0> ,1013.0,<0> ,1.2,<0> ,3.0,<0> ,07:50,117.0,<0> ,22.0,<0> ,938.0,<0> ,0.0,<0> 
05/03/2023 08:15,19.34375,tjrtlmet,P,1.0,1.0,15.0,,15.6,<0> ,68.0,<0> ,1013.0,<0> ,0.8,<0> ,2.4,<0> ,08:14,249.0,<0> ,84.0,<0> ,1255.8,<0> ,0.0,<0> 
05/03/2023 08:30,19.35416667,tjrtlmet,P,1.0,1.0,15.0,,14.9,<0> ,70.0,<0> ,1013.0,<0> ,1.6,<0> ,2.7,<0> ,08:16,258.0,<0> ,24.0,<0> ,299.6,<0> ,0.0,<0> 
05/03/2023 08:45,19.36458333,tjrtlmet,P,1.0,1.0,15.0,,14.1,<0> ,72.0,<0> ,1013.0,<0> ,1.1,<0> ,1.8,<0> ,08:36,213.0,<0> ,21.0,<0> ,238.7,<0> ,0.0,<0> 
05/03/2023 09:00,19.375,tjrtlmet,P,1.0,1.0,15.0,,14.2,<0> ,71.0,<0> ,1013.0,<0> ,1.1,<0> ,2.5,<0> ,08:56,239.0,<0> ,27.0,<0> ,544.4,<0> ,0.0,<0> 
05/03/2023 09:15,19.38541667,tjrtlmet,P,1.0,1.0,15.0,,15.1,<0> ,70.0,<0> ,1013.0,<0> ,1.6,<0> ,3.0,<0> ,09:06,238.0,<0> ,33.0,<0> ,1028.7,<0> ,0.0,<0> 
05/03/2023 09:30,19.39583333,tjrtlmet,P,1.0,1.0,15.0,,16.1,<0> ,68.0,<0> ,1013.0,<0> ,2.2,<0> ,4.2,<0> ,09:28,243.0,<0> ,24.0,<0> ,1525.6,<0> ,0.0,<0> 
05/03/2023 09:45,19.40625,tjrtlmet,P,1.0,1.0,15.0,,16.3,<0> ,68.0,<0> ,1013.0,<0> ,2.5,<0> ,4.1,<0> ,09:35,246.0,<0> ,17.0,<0> ,1552.4,<0> ,0.0,<0> 
05/03/2023 10:00,19.41666667,tjrtlmet,P,1.0,1.0,15.0,,16.4,<0> ,68.0,<0> ,1013.0,<0> ,2.9,<0> ,4.5,<0> ,09:59,247.0,<0> ,18.0,<0> ,1602.9,<0> ,0.0,<0> 
05/03/2023 10:15,19.42708333,tjrtlmet,P,1.0,1.0,15.0,,16.4,<0> ,67.0,<0> ,1013.0,<0> ,2.8,<0> ,4.3,<0> ,10:06,265.0,<0> ,17.0,<0> ,1602.7,<0> ,0.0,<0> 
05/03/2023 10:30,19.4375,tjrtlmet,P,1.0,1.0,15.0,,16.5,<0> ,66.0,<0> ,1013.0,<0> ,2.8,<0> ,4.4,<0> ,10:18,250.0,<0> ,15.0,<0> ,1692.1,<0> ,0.0,<0> 
05/03/2023 10:45,19.44791667,tjrtlmet,P,1.0,1.0,15.0,,16.9,<0> ,64.0,<0> ,1013.0,<0> ,3.0,<0> ,4.5,<0> ,10:44,248.0,<0> ,17.0,<0> ,1709.4,<0> ,0.0,<0> 
05/03/2023 11:00,19.45833333,tjrtlmet,P,1.0,1.0,15.0,,17.0,<0> ,62.0,<0> ,1013.0,<0> ,3.2,<0> ,4.9,<0> ,10:53,240.0,<0> ,15.0,<0> ,1724.3,<0> ,0.0,<0> 
05/03/2023 11:15,19.46875,tjrtlmet,P,1.0,1.0,15.0,,17.2,<0> ,62.0,<0> ,1013.0,<0> ,3.4,<0> ,5.5,<0> ,11:12,252.0,<0> ,13.0,<0> ,1744.0,<0> ,0.0,<0> 
05/03/2023 11:30,19.47916667,tjrtlmet,P,1.0,1.0,15.0,,17.4,<0> ,61.0,<0> ,1013.0,<0> ,3.4,<0> ,5.0,<0> ,11:26,252.0,<0> ,16.0,<0> ,1800.3,<0> ,0.0,<0> 
05/03/2023 11:45,19.48958333,tjrtlmet,P,1.0,1.0,15.0,,17.3,<0> ,62.0,<0> ,1013.0,<0> ,3.7,<0> ,5.2,<0> ,11:34,252.0,<0> ,12.0,<0> ,1702.1,<0> ,0.0,<0> 
05/03/2023 12:00,19.5,tjrtlmet,P,1.0,1.0,15.0,,17.4,<0> ,62.0,<0> ,1013.0,<0> ,3.9,<0> ,5.5,<0> ,11:51,257.0,<0> ,14.0,<0> ,1794.3,<0> ,0.0,<0> 
05/03/2023 12:15,19.51041667,tjrtlmet,P,1.0,1.0,15.0,,17.2,<0> ,62.0,<0> ,1013.0,<0> ,4.1,<0> ,6.0,<0> ,12:00,254.0,<0> ,12.0,<0> ,1775.9,<0> ,0.0,<0> 
05/03/2023 12:30,19.52083333,tjrtlmet,P,1.0,1.0,15.0,,17.3,<0> ,61.0,<0> ,1013.0,<0> ,3.8,<0> ,5.1,<0> ,12:25,252.0,<0> ,15.0,<0> ,1760.9,<0> ,0.0,<0> 
05/03/2023 12:45,19.53125,tjrtlmet,P,1.0,1.0,15.0,,17.5,<0> ,61.0,<0> ,1013.0,<0> ,4.0,<0> ,5.6,<0> ,12:42,251.0,<0> ,16.0,<0> ,1732.6,<0> ,0.0,<0> 
05/03/2023 13:00,19.54166667,tjrtlmet,P,1.0,1.0,15.0,,17.5,<0> ,61.0,<0> ,1012.0,<0> ,3.9,<0> ,5.7,<0> ,12:45,247.0,<0> ,16.0,<0> ,1697.9,<0> ,0.0,<0> 
05/03/2023 13:15,19.55208333,tjrtlmet,P,1.0,1.0,15.0,,17.5,<0> ,62.0,<0> ,1012.0,<0> ,3.9,<0> ,6.5,<0> ,13:04,250.0,<0> ,14.0,<0> ,1663.3,<0> ,0.0,<0> 
05/03/2023 13:30,19.5625,tjrtlmet,P,1.0,1.0,15.0,,17.6,<0> ,61.0,<0> ,1012.0,<0> ,3.9,<0> ,5.7,<0> ,13:29,238.0,<0> ,13.0,<0> ,1618.2,<0> ,0.0,<0> 
05/03/2023 13:45,19.57291667,tjrtlmet,P,1.0,1.0,15.0,,17.7,<0> ,61.0,<0> ,1012.0,<0> ,3.9,<0> ,6.0,<0> ,13:40,245.0,<0> ,16.0,<0> ,1566.9,<0> ,0.0,<0> 
05/03/2023 14:00,19.58333333,tjrtlmet,P,1.0,1.0,15.0,,17.7,<0> ,62.0,<0> ,1012.0,<0> ,3.7,<0> ,5.5,<0> ,13:48,241.0,<0> ,13.0,<0> ,1511.6,<0> ,0.0,<0> 
05/03/2023 14:15,19.59375,tjrtlmet,P,1.0,1.0,15.0,,17.5,<0> ,61.0,<0> ,1012.0,<0> ,4.0,<0> ,5.8,<0> ,14:09,240.0,<0> ,16.0,<0> ,1448.0,<0> ,0.0,<0> 
05/03/2023 14:30,19.60416667,tjrtlmet,P,1.0,1.0,15.0,,17.3,<0> ,61.0,<0> ,1012.0,<0> ,4.3,<0> ,6.2,<0> ,14:22,242.0,<0> ,13.0,<0> ,1381.3,<0> ,0.0,<0> 
05/03/2023 14:45,19.61458333,tjrtlmet,P,1.0,1.0,15.0,,17.3,<0> ,62.0,<0> ,1012.0,<0> ,4.5,<0> ,6.5,<0> ,14:39,247.0,<0> ,15.0,<0> ,1308.0,<0> ,0.0,<0> 
05/03/2023 15:00,19.625,tjrtlmet,P,1.0,1.0,15.0,,17.2,<0> ,63.0,<0> ,1011.0,<0> ,4.4,<0> ,6.1,<0> ,14:45,250.0,<0> ,15.0,<0> ,1233.4,<0> ,0.0,<0> 
05/03/2023 15:15,19.63541667,tjrtlmet,P,1.0,1.0,15.0,,17.0,<0> ,63.0,<0> ,1011.0,<0> ,4.6,<0> ,6.6,<0> ,15:00,250.0,<0> ,14.0,<0> ,1153.8,<0> ,0.0,<0> 
05/03/2023 15:30,19.64583333,tjrtlmet,P,1.0,1.0,15.0,,17.0,<0> ,62.0,<0> ,1011.0,<0> ,4.1,<0> ,6.2,<0> ,15:28,249.0,<0> ,15.0,<0> ,1032.4,<0> ,0.0,<0> 
05/03/2023 15:45,19.65625,tjrtlmet,P,1.0,1.0,15.0,,16.6,<0> ,64.0,<0> ,1011.0,<0> ,4.0,<0> ,6.2,<0> ,15:36,244.0,<0> ,15.0,<0> ,852.6,<0> ,0.0,<0> 
05/03/2023 16:00,19.66666667,tjrtlmet,P,1.0,1.0,15.0,,16.4,<0> ,64.0,<0> ,1011.0,<0> ,4.0,<0> ,6.3,<0> ,15:48,249.0,<0> ,15.0,<0> ,750.7,<0> ,0.0,<0> 
05/03/2023 16:15,19.67708333,tjrtlmet,P,1.0,1.0,15.0,,16.0,<0> ,65.0,<0> ,1012.0,<0> ,4.0,<0> ,6.5,<0> ,16:14,250.0,<0> ,14.0,<0> ,581.0,<0> ,0.0,<0> 
05/03/2023 16:30,19.6875,tjrtlmet,P,1.0,1.0,15.0,,15.7,<0> ,66.0,<0> ,1012.0,<0> ,4.4,<0> ,5.8,<0> ,16:19,255.0,<0> ,11.0,<0> ,609.3,<0> ,0.0,<0> 
05/03/2023 16:45,19.69791667,tjrtlmet,P,1.0,1.0,15.0,,15.6,<0> ,66.0,<0> ,1012.0,<0> ,4.0,<0> ,6.2,<0> ,16:42,251.0,<0> ,12.0,<0> ,448.5,<0> ,0.0,<0> 
05/03/2023 17:00,19.70833333,tjrtlmet,P,1.0,1.0,15.0,,15.1,<0> ,67.0,<0> ,1012.0,<0> ,3.9,<0> ,5.6,<0> ,16:50,252.0,<0> ,13.0,<0> ,323.6,<0> ,0.0,<0> 
05/03/2023 17:15,19.71875,tjrtlmet,P,1.0,1.0,15.0,,15.2,<0> ,68.0,<0> ,1012.0,<0> ,3.9,<0> ,5.5,<0> ,17:06,249.0,<0> ,14.0,<0> ,331.2,<0> ,0.0,<0> 
05/03/2023 17:30,19.72916667,tjrtlmet,P,1.0,1.0,15.0,,14.7,<0> ,69.0,<0> ,1012.0,<0> ,3.2,<0> ,4.8,<0> ,17:23,245.0,<0> ,13.0,<0> ,190.2,<0> ,0.0,<0> 
05/03/2023 17:45,19.73958333,tjrtlmet,P,1.0,1.0,15.0,,14.7,<0> ,69.0,<0> ,1012.0,<0> ,3.5,<0> ,5.0,<0> ,17:41,243.0,<0> ,12.0,<0> ,174.5,<0> ,0.0,<0> 
05/03/2023 18:00,19.75,tjrtlmet,P,1.0,1.0,15.0,,14.3,<0> ,71.0,<0> ,1012.0,<0> ,3.2,<0> ,5.2,<0> ,17:45,241.0,<0> ,14.0,<0> ,89.0,<0> ,0.0,<0> 
05/03/2023 18:15,19.76041667,tjrtlmet,P,1.0,1.0,15.0,,14.1,<0> ,70.0,<0> ,1012.0,<0> ,2.4,<0> ,4.5,<0> ,18:00,241.0,<0> ,14.0,<0> ,37.6,<0> ,0.0,<0> 
05/03/2023 18:30,19.77083333,tjrtlmet,P,1.0,1.0,15.0,,13.9,<0> ,71.0,<0> ,1012.0,<0> ,2.1,<0> ,3.5,<0> ,18:25,229.0,<0> ,13.0,<0> ,13.9,<0> ,0.0,<0> 
05/03/2023 18:45,19.78125,tjrtlmet,P,1.0,1.0,15.0,,13.9,<0> ,71.0,<0> ,1012.0,<0> ,2.0,<0> ,3.4,<0> ,18:38,219.0,<0> ,13.0,<0> ,3.8,<0> ,0.0,<0> 
05/03/2023 19:00,19.79166667,tjrtlmet,P,1.0,1.0,15.0,,13.6,<0> ,73.0,<0> ,1012.0,<0> ,1.9,<0> ,3.3,<0> ,18:48,222.0,<0> ,12.0,<0> ,0.0,<0> ,0.0,<0> 
05/03/2023 19:15,19.80208333,tjrtlmet,P,1.0,1.0,15.0,,13.6,<0> ,73.0,<0> ,1012.0,<0> ,1.9,<0> ,3.3,<0> ,19:01,229.0,<0> ,12.0,<0> ,0.0,<0> ,0.0,<0> 
05/03/2023 19:30,19.8125,tjrtlmet,P,1.0,1.0,15.0,,13.3,<0> ,74.0,<0> ,1012.0,<0> ,1.4,<0> ,2.2,<0> ,19:23,203.0,<0> ,14.0,<0> ,0.0,<0> ,0.0,<0> 
05/03/2023 19:45,19.82291667,tjrtlmet,P,1.0,1.0,15.0,,13.0,<0> ,75.0,<0> ,1012.0,<0> ,1.2,<0> ,2.2,<0> ,19:31,174.0,<0> ,18.0,<0> ,0.0,<0> ,0.0,<0> 
05/03/2023 20:00,19.83333333,tjrtlmet,P,1.0,1.0,15.0,,12.6,<0> ,78.0,<0> ,1012.0,<0> ,1.0,<0> ,1.4,<0> ,19:46,139.0,<0> ,18.0,<0> ,0.0,<0> ,0.0,<0> 
05/03/2023 20:15,19.84375,tjrtlmet,P,1.0,1.0,15.0,,12.3,<0> ,80.0,<0> ,1012.0,<0> ,0.7,<0> ,1.2,<0> ,20:05,134.0,<0> ,16.0,<0> ,0.0,<0> ,0.0,<0> 
05/03/2023 20:30,19.85416667,tjrtlmet,P,1.0,1.0,15.0,,12.5,<0> ,78.0,<0> ,1012.0,<0> ,0.6,<0> ,1.5,<0> ,20:28,142.0,<0> ,23.0,<0> ,0.0,<0> ,0.0,<0> 
05/03/2023 20:45,19.86458333,tjrtlmet,P,1.0,1.0,15.0,,12.4,<0> ,78.0,<0> ,1012.0,<0> ,0.4,<0> ,0.9,<0> ,20:30,175.0,<0> ,42.0,<0> ,0.0,<0> ,0.0,<0> 
05/03/2023 21:00,19.875,tjrtlmet,P,1.0,1.0,15.0,,12.0,<0> ,81.0,<0> ,1012.0,<0> ,0.8,<0> ,1.5,<0> ,20:52,159.0,<0> ,20.0,<0> ,0.0,<0> ,0.0,<0> 
05/03/2023 21:15,19.88541667,tjrtlmet,P,1.0,1.0,15.0,,12.3,<0> ,82.0,<0> ,1012.0,<0> ,0.7,<0> ,1.4,<0> ,21:10,143.0,<0> ,15.0,<0> ,0.0,<0> ,0.0,<0> 
05/03/2023 21:30,19.89583333,tjrtlmet,P,1.0,1.0,15.0,,12.3,<0> ,81.0,<0> ,1012.0,<0> ,0.5,<0> ,1.2,<0> ,21:19,175.0,<0> ,32.0,<0> ,0.0,<0> ,0.0,<0> 
05/03/2023 21:45,19.90625,tjrtlmet,P,1.0,1.0,15.0,,12.2,<0> ,82.0,<0> ,1012.0,<0> ,1.0,<0> ,1.7,<0> ,21:36,159.0,<0> ,12.0,<0> ,0.0,<0> ,0.0,<0> 
05/03/2023 22:00,19.91666667,tjrtlmet,P,1.0,1.0,15.0,,12.3,<0> ,83.0,<0> ,1012.0,<0> ,1.7,<0> ,2.6,<0> ,21:50,172.0,<0> ,17.0,<0> ,0.0,<0> ,0.0,<0> 
05/03/2023 22:15,19.92708333,tjrtlmet,P,1.0,1.0,15.0,,12.4,<0> ,82.0,<0> ,1012.0,<0> ,1.1,<0> ,2.5,<0> ,22:00,141.0,<0> ,14.0,<0> ,0.0,<0> ,0.0,<0> 
05/03/2023 22:30,19.9375,tjrtlmet,P,1.0,1.0,15.0,,11.9,<0> ,84.0,<0> ,1012.0,<0> ,1.0,<0> ,1.7,<0> ,22:23,148.0,<0> ,17.0,<0> ,0.0,<0> ,0.0,<0> 
05/03/2023 22:45,19.94791667,tjrtlmet,P,1.0,1.0,15.0,,11.8,<0> ,85.0,<0> ,1012.0,<0> ,1.1,<0> ,2.0,<0> ,22:35,152.0,<0> ,12.0,<0> ,0.0,<0> ,0.0,<0> 
05/03/2023 23:00,19.95833333,tjrtlmet,P,1.0,1.0,15.0,,12.0,<0> ,84.0,<0> ,1012.0,<0> ,1.3,<0> ,2.2,<0> ,22:46,153.0,<0> ,15.0,<0> ,0.0,<0> ,0.0,<0> 
05/03/2023 23:15,19.96875,tjrtlmet,P,1.0,1.0,15.0,,12.6,<0> ,83.0,<0> ,1012.0,<0> ,2.0,<0> ,3.6,<0> ,23:14,183.0,<0> ,13.0,<0> ,0.0,<0> ,0.0,<0> 
05/03/2023 23:30,19.97916667,tjrtlmet,P,1.0,1.0,15.0,,13.6,<0> ,81.0,<0> ,1012.0,<0> ,2.8,<0> ,4.3,<0> ,23:26,206.0,<0> ,16.0,<0> ,0.0,<0> ,0.0,<0> 
05/03/2023 23:45,19.98958333,tjrtlmet,P,1.0,1.0,15.0,,13.6,<0> ,81.0,<0> ,1012.0,<0> ,2.9,<0> ,4.7,<0> ,23:30,208.0,<0> ,15.0,<0> ,0.0,<0> ,0.0,<0> 
05/04/2023 00:00,20.0,tjrtlmet,P,1.0,1.0,15.0,,13.6,<0> ,81.0,<0> ,1012.0,<0> ,2.8,<0> ,5.3,<0> ,23:50,203.0,<0> ,14.0,<0> ,0.0,<0> ,0.0,<0> 
05/04/2023 00:15,20.01041667,tjrtlmet,P,1.0,1.0,15.0,,13.8,<0> ,78.0,<0> ,1012.0,<0> ,3.3,<0> ,4.9,<0> ,00:11,208.0,<0> ,13.0,<0> ,0.0,<0> ,0.0,<0> 
05/04/2023 00:30,20.02083333,tjrtlmet,P,1.0,1.0,15.0,,13.9,<0> ,78.0,<0> ,1012.0,<0> ,3.3,<0> ,5.9,<0> ,00:16,204.0,<0> ,14.0,<0> ,0.0,<0> ,0.0,<0> 
05/04/2023 00:45,20.03125,tjrtlmet,P,1.0,1.0,15.0,,13.8,<0> ,78.0,<0> ,1012.0,<0> ,3.3,<0> ,4.6,<0> ,00:39,202.0,<0> ,14.0,<0> ,0.0,<0> ,0.0,<0> 
05/04/2023 01:00,20.04166667,tjrtlmet,P,1.0,1.0,15.0,,13.6,<0> ,79.0,<0> ,1011.0,<0> ,3.2,<0> ,5.2,<0> ,00:55,201.0,<0> ,13.0,<0> ,0.0,<0> ,0.0,<0> 
05/04/2023 01:15,20.05208333,tjrtlmet,P,1.0,1.0,15.0,,13.6,<0> ,80.0,<0> ,1011.0,<0> ,3.3,<0> ,5.2,<0> ,01:11,195.0,<0> ,13.0,<0> ,0.0,<0> ,0.0,<0> 
05/04/2023 01:30,20.0625,tjrtlmet,P,1.0,1.0,15.0,,13.6,<0> ,79.0,<0> ,1011.0,<0> ,3.2,<0> ,4.7,<0> ,01:15,180.0,<0> ,13.0,<0> ,0.0,<0> ,0.0,<0> 
05/04/2023 01:45,20.07291667,tjrtlmet,P,1.0,1.0,15.0,,13.7,<0> ,79.0,<0> ,1011.0,<0> ,3.8,<0> ,6.1,<0> ,01:43,186.0,<0> ,13.0,<0> ,0.0,<0> ,0.0,<0> 
05/04/2023 02:00,20.08333333,tjrtlmet,P,1.0,1.0,15.0,,13.8,<0> ,78.0,<0> ,1011.0,<0> ,3.9,<0> ,5.7,<0> ,01:51,198.0,<0> ,13.0,<0> ,0.0,<0> ,0.0,<0> 
05/04/2023 02:15,20.09375,tjrtlmet,P,1.0,1.0,15.0,,13.8,<0> ,78.0,<0> ,1011.0,<0> ,4.1,<0> ,6.0,<0> ,02:03,200.0,<0> ,12.0,<0> ,0.0,<0> ,0.0,<0> 
05/04/2023 02:30,20.10416667,tjrtlmet,P,1.0,1.0,15.0,,13.7,<0> ,78.0,<0> ,1011.0,<0> ,4.1,<0> ,6.6,<0> ,02:20,201.0,<0> ,13.0,<0> ,0.0,<0> ,0.0,<0> 
05/04/2023 02:45,20.11458333,tjrtlmet,P,1.0,1.0,15.0,,13.5,<0> ,77.0,<0> ,1011.0,<0> ,3.8,<0> ,6.1,<0> ,02:35,205.0,<0> ,15.0,<0> ,0.0,<0> ,0.0,<0> 
05/04/2023 03:00,20.125,tjrtlmet,P,1.0,1.0,15.0,,13.4,<0> ,79.0,<0> ,1011.0,<0> ,3.4,<0> ,6.7,<0> ,02:51,202.0,<0> ,14.0,<0> ,0.0,<0> ,0.0,<0> 
05/04/2023 03:15,20.13541667,tjrtlmet,P,1.0,1.0,15.0,,13.5,<0> ,80.0,<0> ,1011.0,<0> ,3.6,<0> ,5.6,<0> ,03:10,201.0,<0> ,13.0,<0> ,0.0,<0> ,0.0,<0> 
05/04/2023 03:30,20.14583333,tjrtlmet,P,1.0,1.0,15.0,,13.6,<0> ,79.0,<0> ,1011.0,<0> ,3.6,<0> ,6.5,<0> ,03:23,194.0,<0> ,14.0,<0> ,0.0,<0> ,0.0,<0> 
05/04/2023 03:45,20.15625,tjrtlmet,P,1.0,1.0,15.0,,13.7,<0> ,79.0,<0> ,1011.0,<0> ,3.5,<0> ,6.5,<0> ,03:39,187.0,<0> ,15.0,<0> ,0.0,<0> ,0.0,<0> 
05/04/2023 04:00,20.16666667,tjrtlmet,P,1.0,1.0,15.0,,13.7,<0> ,79.0,<0> ,1011.0,<0> ,3.8,<0> ,6.4,<0> ,03:52,190.0,<0> ,14.0,<0> ,0.0,<0> ,0.0,<0> 
05/04/2023 04:15,20.17708333,tjrtlmet,P,1.0,1.0,15.0,,13.7,<0> ,78.0,<0> ,1011.0,<0> ,3.9,<0> ,6.0,<0> ,04:02,194.0,<0> ,14.0,<0> ,0.0,<0> ,0.0,<0> 
05/04/2023 04:30,20.1875,tjrtlmet,P,1.0,1.0,15.0,,13.8,<0> ,79.0,<0> ,1011.0,<0> ,4.0,<0> ,6.3,<0> ,04:16,192.0,<0> ,15.0,<0> ,0.0,<0> ,0.0,<0> 
05/04/2023 04:45,20.19791667,tjrtlmet,P,1.0,1.0,15.0,,13.8,<0> ,80.0,<0> ,1011.0,<0> ,3.5,<0> ,5.4,<0> ,04:31,193.0,<0> ,12.0,<0> ,0.0,<0> ,0.0,<0> 
05/04/2023 05:00,20.20833333,tjrtlmet,P,1.0,1.0,15.0,,13.8,<0> ,79.0,<0> ,1011.0,<0> ,4.1,<0> ,6.4,<0> ,04:46,190.0,<0> ,13.0,<0> ,1.8,<0> ,0.0,<0> 
05/04/2023 05:15,20.21875,tjrtlmet,P,1.0,1.0,15.0,,14.0,<0> ,79.0,<0> ,1011.0,<0> ,4.0,<0> ,6.2,<0> ,05:10,190.0,<0> ,13.0,<0> ,9.7,<0> ,0.0,<0> 
05/04/2023 05:30,20.22916667,tjrtlmet,P,1.0,1.0,15.0,,13.8,<0> ,82.0,<0> ,1012.0,<0> ,4.0,<0> ,6.3,<0> ,05:26,192.0,<0> ,14.0,<0> ,17.1,<0> ,0.0,<0> 
05/04/2023 05:45,20.23958333,tjrtlmet,P,1.0,1.0,15.0,,13.6,<0> ,79.0,<0> ,1012.0,<0> ,3.9,<0> ,6.7,<0> ,05:41,196.0,<0> ,15.0,<0> ,27.1,<0> ,0.0,<0> 
05/04/2023 06:00,20.25,tjrtlmet,P,1.0,1.0,15.0,,13.2,<0> ,85.0,<0> ,1012.0,<0> ,3.7,<0> ,6.6,<0> ,05:57,192.0,<0> ,16.0,<0> ,58.5,<0> ,0.0,<0> 
05/04/2023 06:15,20.26041667,tjrtlmet,P,1.0,1.0,15.0,,13.2,<0> ,87.0,<0> ,1012.0,<0> ,3.0,<0> ,5.0,<0> ,06:02,173.0,<0> ,15.0,<0> ,105.8,<0> ,0.0,<0> 
05/04/2023 06:30,20.27083333,tjrtlmet,P,1.0,1.0,15.0,,12.9,<0> ,89.0,<0> ,1013.0,<0> ,2.6,<0> ,5.6,<0> ,06:29,165.0,<0> ,16.0,<0> ,103.2,<0> ,0.5,<0> 
05/04/2023 06:45,20.28125,tjrtlmet,P,1.0,1.0,15.0,,12.9,<0> ,91.0,<0> ,1013.0,<0> ,4.1,<0> ,6.6,<0> ,06:32,185.0,<0> ,13.0,<0> ,127.1,<0> ,0.3,<0> 
05/04/2023 07:00,20.29166667,tjrtlmet,P,1.0,1.0,15.0,,13.1,<0> ,92.0,<0> ,1013.0,<0> ,4.2,<0> ,6.3,<0> ,06:48,187.0,<0> ,13.0,<0> ,205.3,<0> ,0.0,<0> 
05/04/2023 07:15,20.30208333,tjrtlmet,P,1.0,1.0,15.0,,13.2,<0> ,92.0,<0> ,1013.0,<0> ,3.5,<0> ,5.9,<0> ,07:00,173.0,<0> ,13.0,<0> ,399.5,<0> ,0.0,<0> 
05/04/2023 07:30,20.3125,tjrtlmet,P,1.0,1.0,15.0,,13.8,<0> ,91.0,<0> ,1013.0,<0> ,3.6,<0> ,5.5,<0> ,07:21,173.0,<0> ,14.0,<0> ,670.1,<0> ,0.0,<0> 
05/04/2023 07:45,20.32291667,tjrtlmet,P,1.0,1.0,15.0,,14.1,<0> ,89.0,<0> ,1013.0,<0> ,3.6,<0> ,5.8,<0> ,07:34,171.0,<0> ,14.0,<0> ,450.3,<0> ,0.0,<0> 
05/04/2023 08:00,20.33333333,tjrtlmet,P,1.0,1.0,15.0,,14.3,<0> ,89.0,<0> ,1013.0,<0> ,3.8,<0> ,5.7,<0> ,07:53,176.0,<0> ,13.0,<0> ,436.2,<0> ,0.0,<0> 
05/04/2023 08:15,20.34375,tjrtlmet,P,1.0,1.0,15.0,,13.8,<0> ,91.0,<0> ,1013.0,<0> ,4.1,<0> ,7.0,<0> ,08:08,178.0,<0> ,14.0,<0> ,385.5,<0> ,0.3,<0> 
05/04/2023 08:30,20.35416667,tjrtlmet,P,1.0,1.0,15.0,,14.6,<0> ,91.0,<0> ,1014.0,<0> ,4.6,<0> ,7.7,<0> ,08:18,176.0,<0> ,13.0,<0> ,1221.7,<0> ,0.0,<0> 
05/04/2023 08:45,20.36458333,tjrtlmet,P,1.0,1.0,15.0,,15.2,<0> ,87.0,<0> ,1014.0,<0> ,4.0,<0> ,6.0,<0> ,08:37,187.0,<0> ,15.0,<0> ,1300.2,<0> ,0.0,<0> 
05/04/2023 09:00,20.375,tjrtlmet,P,1.0,1.0,15.0,,15.7,<0> ,84.0,<0> ,1014.0,<0> ,4.0,<0> ,5.8,<0> ,08:45,190.0,<0> ,14.0,<0> ,1353.1,<0> ,0.0,<0> 
05/04/2023 09:15,20.38541667,tjrtlmet,P,1.0,1.0,15.0,,15.9,<0> ,83.0,<0> ,1014.0,<0> ,3.5,<0> ,5.2,<0> ,09:11,191.0,<0> ,15.0,<0> ,946.5,<0> ,0.0,<0> 
05/04/2023 09:30,20.39583333,tjrtlmet,P,1.0,1.0,15.0,,15.8,<0> ,84.0,<0> ,1014.0,<0> ,4.0,<0> ,6.5,<0> ,09:26,197.0,<0> ,15.0,<0> ,706.4,<0> ,0.0,<0> 
05/04/2023 09:45,20.40625,tjrtlmet,P,1.0,1.0,15.0,,16.2,<0> ,81.0,<0> ,1014.0,<0> ,4.7,<0> ,6.8,<0> ,09:43,213.0,<0> ,13.0,<0> ,1456.3,<0> ,0.0,<0> 
05/04/2023 10:00,20.41666667,tjrtlmet,P,1.0,1.0,15.0,,16.9,<0> ,78.0,<0> ,1014.0,<0> ,4.3,<0> ,6.1,<0> ,09:49,220.0,<0> ,14.0,<0> ,1507.9,<0> ,0.0,<0> 
05/04/2023 10:15,20.42708333,tjrtlmet,P,1.0,1.0,15.0,,17.2,<0> ,76.0,<0> ,1015.0,<0> ,4.2,<0> ,6.5,<0> ,10:13,222.0,<0> ,16.0,<0> ,1697.3,<0> ,0.0,<0> 
05/04/2023 10:30,20.4375,tjrtlmet,P,1.0,1.0,15.0,,17.2,<0> ,74.0,<0> ,1015.0,<0> ,4.3,<0> ,6.1,<0> ,10:18,230.0,<0> ,13.0,<0> ,1734.0,<0> ,0.0,<0> 
05/04/2023 10:45,20.44791667,tjrtlmet,P,1.0,1.0,15.0,,17.4,<0> ,74.0,<0> ,1015.0,<0> ,3.9,<0> ,5.9,<0> ,10:41,226.0,<0> ,15.0,<0> ,1667.9,<0> ,0.0,<0> 
05/04/2023 11:00,20.45833333,tjrtlmet,P,1.0,1.0,15.0,,17.5,<0> ,73.0,<0> ,1015.0,<0> ,4.1,<0> ,5.9,<0> ,10:58,224.0,<0> ,13.0,<0> ,1681.4,<0> ,0.0,<0> 
05/04/2023 11:15,20.46875,tjrtlmet,P,1.0,1.0,15.0,,17.6,<0> ,73.0,<0> ,1015.0,<0> ,4.1,<0> ,5.9,<0> ,11:04,226.0,<0> ,15.0,<0> ,1947.5,<0> ,0.0,<0> 
05/04/2023 11:30,20.47916667,tjrtlmet,P,1.0,1.0,15.0,,17.1,<0> ,74.0,<0> ,1015.0,<0> ,3.7,<0> ,5.7,<0> ,11:22,234.0,<0> ,16.0,<0> ,1118.1,<0> ,0.0,<0> 
05/04/2023 11:45,20.48958333,tjrtlmet,P,1.0,1.0,15.0,,17.7,<0> ,72.0,<0> ,1015.0,<0> ,3.8,<0> ,5.5,<0> ,11:36,243.0,<0> ,16.0,<0> ,1795.5,<0> ,0.0,<0> 
05/04/2023 12:00,20.5,tjrtlmet,P,1.0,1.0,15.0,,17.7,<0> ,71.0,<0> ,1015.0,<0> ,3.9,<0> ,5.9,<0> ,11:51,240.0,<0> ,13.0,<0> ,1803.4,<0> ,0.0,<0> 
05/04/2023 12:15,20.51041667,tjrtlmet,P,1.0,1.0,15.0,,17.7,<0> ,70.0,<0> ,1015.0,<0> ,3.6,<0> ,5.1,<0> ,12:06,235.0,<0> ,13.0,<0> ,1825.2,<0> ,0.0,<0> 
05/04/2023 12:30,20.52083333,tjrtlmet,P,1.0,1.0,15.0,,17.8,<0> ,69.0,<0> ,1015.0,<0> ,3.4,<0> ,5.0,<0> ,12:16,244.0,<0> ,17.0,<0> ,1774.1,<0> ,0.0,<0> 
05/04/2023 12:45,20.53125,tjrtlmet,P,1.0,1.0,15.0,,17.9,<0> ,67.0,<0> ,1015.0,<0> ,3.5,<0> ,5.2,<0> ,12:31,239.0,<0> ,16.0,<0> ,1587.6,<0> ,0.0,<0> 
05/04/2023 13:00,20.54166667,tjrtlmet,P,1.0,1.0,15.0,,16.9,<0> ,69.0,<0> ,1015.0,<0> ,3.1,<0> ,4.5,<0> ,12:58,238.0,<0> ,13.0,<0> ,962.1,<0> ,0.0,<0> 
05/04/2023 13:15,20.55208333,tjrtlmet,P,1.0,1.0,15.0,,17.1,<0> ,69.0,<0> ,1015.0,<0> ,3.4,<0> ,4.9,<0> ,13:04,239.0,<0> ,15.0,<0> ,1449.4,<0> ,0.0,<0> 
05/04/2023 13:30,20.5625,tjrtlmet,P,1.0,1.0,15.0,,17.5,<0> ,68.0,<0> ,1015.0,<0> ,3.4,<0> ,5.1,<0> ,13:20,250.0,<0> ,16.0,<0> ,1496.3,<0> ,0.0,<0> 
05/04/2023 13:45,20.57291667,tjrtlmet,P,1.0,1.0,15.0,,17.5,<0> ,67.0,<0> ,1015.0,<0> ,3.5,<0> ,4.8,<0> ,13:38,253.0,<0> ,14.0,<0> ,1455.7,<0> ,0.0,<0> 
05/04/2023 14:00,20.58333333,tjrtlmet,P,1.0,1.0,15.0,,17.1,<0> ,68.0,<0> ,1015.0,<0> ,3.3,<0> ,4.8,<0> ,13:58,255.0,<0> ,14.0,<0> ,1233.2,<0> ,0.0,<0> 
05/04/2023 14:15,20.59375,tjrtlmet,P,1.0,1.0,15.0,,17.4,<0> ,67.0,<0> ,1015.0,<0> ,3.5,<0> ,4.7,<0> ,14:03,253.0,<0> ,12.0,<0> ,1335.1,<0> ,0.0,<0> 
05/04/2023 14:30,20.60416667,tjrtlmet,P,1.0,1.0,15.0,,16.9,<0> ,69.0,<0> ,1015.0,<0> ,3.1,<0> ,4.3,<0> ,14:21,253.0,<0> ,13.0,<0> ,788.0,<0> ,0.0,<0> 
05/04/2023 14:45,20.61458333,tjrtlmet,P,1.0,1.0,15.0,,16.2,<0> ,72.0,<0> ,1015.0,<0> ,2.8,<0> ,4.0,<0> ,14:35,249.0,<0> ,14.0,<0> ,572.5,<0> ,0.0,<0> 
05/04/2023 15:00,20.625,tjrtlmet,P,1.0,1.0,15.0,,16.7,<0> ,70.0,<0> ,1015.0,<0> ,3.1,<0> ,4.3,<0> ,14:55,254.0,<0> ,12.0,<0> ,1029.0,<0> ,0.0,<0> 
05/04/2023 15:15,20.63541667,tjrtlmet,P,1.0,1.0,15.0,,16.6,<0> ,68.0,<0> ,1015.0,<0> ,3.3,<0> ,4.5,<0> ,15:03,251.0,<0> ,11.0,<0> ,1070.9,<0> ,0.0,<0> 
05/04/2023 15:30,20.64583333,tjrtlmet,P,1.0,1.0,15.0,,17.0,<0> ,67.0,<0> ,1015.0,<0> ,3.2,<0> ,4.6,<0> ,15:15,253.0,<0> ,13.0,<0> ,1062.3,<0> ,0.0,<0> 
05/04/2023 15:45,20.65625,tjrtlmet,P,1.0,1.0,15.0,,17.0,<0> ,66.0,<0> ,1015.0,<0> ,3.1,<0> ,4.6,<0> ,15:35,254.0,<0> ,14.0,<0> ,1051.8,<0> ,0.0,<0> 
05/04/2023 16:00,20.66666667,tjrtlmet,P,1.0,1.0,15.0,,17.0,<0> ,66.0,<0> ,1014.0,<0> ,3.2,<0> ,4.9,<0> ,15:55,256.0,<0> ,13.0,<0> ,914.6,<0> ,0.0,<0> 
05/04/2023 16:15,20.67708333,tjrtlmet,P,1.0,1.0,15.0,,16.9,<0> ,66.0,<0> ,1014.0,<0> ,3.0,<0> ,4.4,<0> ,16:03,254.0,<0> ,14.0,<0> ,808.2,<0> ,0.0,<0> 
05/04/2023 16:30,20.6875,tjrtlmet,P,1.0,1.0,15.0,,16.2,<0> ,68.0,<0> ,1014.0,<0> ,3.0,<0> ,4.6,<0> ,16:20,256.0,<0> ,13.0,<0> ,504.0,<0> ,0.0,<0> 
05/04/2023 16:45,20.69791667,tjrtlmet,P,1.0,1.0,15.0,,15.6,<0> ,70.0,<0> ,1014.0,<0> ,2.7,<0> ,4.1,<0> ,16:35,254.0,<0> ,14.0,<0> ,438.9,<0> ,0.0,<0> 
05/04/2023 17:00,20.70833333,tjrtlmet,P,1.0,1.0,15.0,,16.1,<0> ,67.0,<0> ,1015.0,<0> ,3.0,<0> ,4.5,<0> ,16:49,253.0,<0> ,15.0,<0> ,477.7,<0> ,0.0,<0> 
05/04/2023 17:15,20.71875,tjrtlmet,P,1.0,1.0,15.0,,15.3,<0> ,71.0,<0> ,1015.0,<0> ,2.5,<0> ,3.6,<0> ,17:06,255.0,<0> ,12.0,<0> ,288.5,<0> ,0.0,<0> 
05/04/2023 17:30,20.72916667,tjrtlmet,P,1.0,1.0,15.0,,15.3,<0> ,71.0,<0> ,1015.0,<0> ,2.4,<0> ,3.4,<0> ,17:28,260.0,<0> ,12.0,<0> ,321.3,<0> ,0.0,<0> 
05/04/2023 17:45,20.73958333,tjrtlmet,P,1.0,1.0,15.0,,15.4,<0> ,71.0,<0> ,1015.0,<0> ,2.5,<0> ,4.0,<0> ,17:40,258.0,<0> ,12.0,<0> ,262.4,<0> ,0.0,<0> 
05/04/2023 18:00,20.75,tjrtlmet,P,1.0,1.0,15.0,,15.0,<0> ,72.0,<0> ,1015.0,<0> ,2.2,<0> ,3.4,<0> ,17:47,251.0,<0> ,13.0,<0> ,146.3,<0> ,0.0,<0> 
05/04/2023 18:15,20.76041667,tjrtlmet,P,1.0,1.0,15.0,,14.5,<0> ,74.0,<0> ,1015.0,<0> ,1.8,<0> ,3.3,<0> ,18:03,254.0,<0> ,10.0,<0> ,63.9,<0> ,0.0,<0> 
05/04/2023 18:30,20.77083333,tjrtlmet,P,1.0,1.0,15.0,,14.0,<0> ,76.0,<0> ,1015.0,<0> ,1.4,<0> ,2.3,<0> ,18:22,239.0,<0> ,12.0,<0> ,18.8,<0> ,0.0,<0> 
05/04/2023 18:45,20.78125,tjrtlmet,P,1.0,1.0,15.0,,13.5,<0> ,78.0,<0> ,1015.0,<0> ,1.5,<0> ,2.7,<0> ,18:44,254.0,<0> ,9.0,<0> ,4.5,<0> ,0.0,<0> 
05/04/2023 19:00,20.79166667,tjrtlmet,P,1.0,1.0,15.0,,13.5,<0> ,78.0,<0> ,1015.0,<0> ,1.6,<0> ,2.6,<0> ,18:56,245.0,<0> ,13.0,<0> ,0.0,<0> ,0.0,<0> 
05/04/2023 19:15,20.80208333,tjrtlmet,P,1.0,1.0,15.0,,13.2,<0> ,80.0,<0> ,1015.0,<0> ,1.1,<0> ,1.9,<0> ,19:11,238.0,<0> ,11.0,<0> ,0.0,<0> ,0.0,<0> 
05/04/2023 19:30,20.8125,tjrtlmet,P,1.0,1.0,15.0,,12.9,<0> ,82.0,<0> ,1015.0,<0> ,0.7,<0> ,1.3,<0> ,19:15,201.0,<0> ,16.0,<0> ,0.0,<0> ,0.0,<0> 
05/04/2023 19:45,20.82291667,tjrtlmet,P,1.0,1.0,15.0,,12.6,<0> ,83.0,<0> ,1016.0,<0> ,0.8,<0> ,1.6,<0> ,19:38,220.0,<0> ,12.0,<0> ,0.0,<0> ,0.0,<0> 
05/04/2023 20:00,20.83333333,tjrtlmet,P,1.0,1.0,15.0,,12.6,<0> ,84.0,<0> ,1016.0,<0> ,0.7,<0> ,1.7,<0> ,19:58,225.0,<0> ,9.0,<0> ,0.0,<0> ,0.0,<0> 
05/04/2023 20:15,20.84375,tjrtlmet,P,1.0,1.0,15.0,,12.6,<0> ,83.0,<0> ,1016.0,<0> ,1.4,<0> ,2.5,<0> ,20:13,254.0,<0> ,7.0,<0> ,0.0,<0> ,0.0,<0> 
05/04/2023 20:30,20.85416667,tjrtlmet,P,1.0,1.0,15.0,,13.0,<0> ,82.0,<0> ,1016.0,<0> ,1.4,<0> ,2.3,<0> ,20:28,247.0,<0> ,13.0,<0> ,0.0,<0> ,0.0,<0> 
05/04/2023 20:45,20.86458333,tjrtlmet,P,1.0,1.0,15.0,,13.1,<0> ,81.0,<0> ,1016.0,<0> ,1.3,<0> ,2.3,<0> ,20:37,244.0,<0> ,11.0,<0> ,0.0,<0> ,0.0,<0> 
05/04/2023 21:00,20.875,tjrtlmet,P,1.0,1.0,15.0,,13.0,<0> ,81.0,<0> ,1016.0,<0> ,1.1,<0> ,2.1,<0> ,20:50,228.0,<0> ,12.0,<0> ,0.0,<0> ,0.0,<0> 
05/04/2023 21:15,20.88541667,tjrtlmet,P,1.0,1.0,15.0,,13.0,<0> ,81.0,<0> ,1016.0,<0> ,1.1,<0> ,1.9,<0> ,21:05,232.0,<0> ,12.0,<0> ,0.0,<0> ,0.0,<0> 
05/04/2023 21:30,20.89583333,tjrtlmet,P,1.0,1.0,15.0,,13.0,<0> ,81.0,<0> ,1016.0,<0> ,1.1,<0> ,1.7,<0> ,21:28,230.0,<0> ,9.0,<0> ,0.0,<0> ,0.0,<0> 
05/04/2023 21:45,20.90625,tjrtlmet,P,1.0,1.0,15.0,,12.9,<0> ,82.0,<0> ,1016.0,<0> ,0.6,<0> ,1.4,<0> ,21:30,199.0,<0> ,30.0,<0> ,0.0,<0> ,0.0,<0> 
05/04/2023 22:00,20.91666667,tjrtlmet,P,1.0,1.0,15.0,,12.6,<0> ,83.0,<0> ,1016.0,<0> ,0.8,<0> ,2.1,<0> ,21:58,253.0,<0> ,22.0,<0> ,0.0,<0> ,0.0,<0> 
05/04/2023 22:15,20.92708333,tjrtlmet,P,1.0,1.0,15.0,,13.2,<0> ,80.0,<0> ,1016.0,<0> ,1.2,<0> ,1.8,<0> ,22:03,255.0,<0> ,10.0,<0> ,0.0,<0> ,0.0,<0> 
05/04/2023 22:30,20.9375,tjrtlmet,P,1.0,1.0,15.0,,13.0,<0> ,81.0,<0> ,1016.0,<0> ,1.1,<0> ,2.0,<0> ,22:26,245.0,<0> ,13.0,<0> ,0.0,<0> ,0.0,<0> 
05/04/2023 22:45,20.94791667,tjrtlmet,P,1.0,1.0,15.0,,13.0,<0> ,80.0,<0> ,1016.0,<0> ,1.0,<0> ,1.7,<0> ,22:43,242.0,<0> ,18.0,<0> ,0.0,<0> ,0.0,<0> 
05/04/2023 23:00,20.95833333,tjrtlmet,P,1.0,1.0,15.0,,12.8,<0> ,81.0,<0> ,1016.0,<0> ,0.7,<0> ,1.8,<0> ,22:49,235.0,<0> ,19.0,<0> ,0.0,<0> ,0.0,<0> 
05/04/2023 23:15,20.96875,tjrtlmet,P,1.0,1.0,15.0,,12.4,<0> ,83.0,<0> ,1016.0,<0> ,0.3,<0> ,0.7,<0> ,23:02,167.0,<0> ,42.0,<0> ,0.0,<0> ,0.0,<0> 
05/04/2023 23:30,20.97916667,tjrtlmet,P,1.0,1.0,15.0,,12.2,<0> ,84.0,<0> ,1016.0,<0> ,0.7,<0> ,1.4,<0> ,23:17,90.0,<0> ,19.0,<0> ,0.0,<0> ,0.0,<0> 
05/04/2023 23:45,20.98958333,tjrtlmet,P,1.0,1.0,15.0,,12.2,<0> ,83.0,<0> ,1016.0,<0> ,0.8,<0> ,1.0,<0> ,23:41,104.0,<0> ,9.0,<0> ,0.0,<0> ,0.0,<0> 
05/05/2023 00:00,21.0,tjrtlmet,P,1.0,1.0,15.0,,12.1,<0> ,84.0,<0> ,1016.0,<0> ,0.5,<0> ,1.0,<0> ,23:56,106.0,<0> ,32.0,<0> ,0.0,<0> ,0.0,<0> 
05/05/2023 00:15,21.01041667,tjrtlmet,P,1.0,1.0,15.0,,11.9,<0> ,84.0,<0> ,1016.0,<0> ,0.5,<0> ,1.2,<0> ,00:10,112.0,<0> ,47.0,<0> ,0.0,<0> ,0.0,<0> 
05/05/2023 00:30,21.02083333,tjrtlmet,P,1.0,1.0,15.0,,11.7,<0> ,86.0,<0> ,1016.0,<0> ,0.3,<0> ,1.1,<0> ,00:28,74.0,<0> ,48.0,<0> ,0.0,<0> ,0.0,<0> 
05/05/2023 00:45,21.03125,tjrtlmet,P,1.0,1.0,15.0,,11.7,<0> ,87.0,<0> ,1016.0,<0> ,0.7,<0> ,1.0,<0> ,00:30,79.0,<0> ,12.0,<0> ,0.0,<0> ,0.0,<0> 
05/05/2023 01:00,21.04166667,tjrtlmet,P,1.0,1.0,15.0,,11.9,<0> ,86.0,<0> ,1016.0,<0> ,0.9,<0> ,1.5,<0> ,00:45,85.0,<0> ,11.0,<0> ,0.0,<0> ,0.0,<0> 
05/05/2023 01:15,21.05208333,tjrtlmet,P,1.0,1.0,15.0,,11.8,<0> ,86.0,<0> ,1016.0,<0> ,0.9,<0> ,1.6,<0> ,01:07,102.0,<0> ,10.0,<0> ,0.0,<0> ,0.0,<0> 
05/05/2023 01:30,21.0625,tjrtlmet,P,1.0,1.0,15.0,,11.7,<0> ,86.0,<0> ,1016.0,<0> ,1.2,<0> ,2.3,<0> ,01:22,108.0,<0> ,9.0,<0> ,0.0,<0> ,0.0,<0> 
05/05/2023 01:45,21.07291667,tjrtlmet,P,1.0,1.0,15.0,,11.7,<0> ,87.0,<0> ,1016.0,<0> ,1.3,<0> ,2.1,<0> ,01:43,111.0,<0> ,11.0,<0> ,0.0,<0> ,0.0,<0> 
05/05/2023 02:00,21.08333333,tjrtlmet,P,1.0,1.0,15.0,,12.0,<0> ,85.0,<0> ,1015.0,<0> ,1.3,<0> ,2.4,<0> ,01:46,91.0,<0> ,14.0,<0> ,0.0,<0> ,0.0,<0> 
05/05/2023 02:15,21.09375,tjrtlmet,P,1.0,1.0,15.0,,12.2,<0> ,84.0,<0> ,1015.0,<0> ,1.2,<0> ,2.0,<0> ,02:06,90.0,<0> ,15.0,<0> ,0.0,<0> ,0.0,<0> 
05/05/2023 02:30,21.10416667,tjrtlmet,P,1.0,1.0,15.0,,12.2,<0> ,84.0,<0> ,1015.0,<0> ,1.3,<0> ,2.7,<0> ,02:24,107.0,<0> ,15.0,<0> ,0.0,<0> ,0.0,<0> 
05/05/2023 02:45,21.11458333,tjrtlmet,P,1.0,1.0,15.0,,12.0,<0> ,85.0,<0> ,1015.0,<0> ,1.4,<0> ,2.6,<0> ,02:30,110.0,<0> ,13.0,<0> ,0.0,<0> ,0.0,<0> 
05/05/2023 03:00,21.125,tjrtlmet,P,1.0,1.0,15.0,,11.9,<0> ,85.0,<0> ,1015.0,<0> ,1.1,<0> ,2.1,<0> ,02:50,93.0,<0> ,12.0,<0> ,0.0,<0> ,0.0,<0> 
05/05/2023 03:15,21.13541667,tjrtlmet,P,1.0,1.0,15.0,,11.9,<0> ,85.0,<0> ,1015.0,<0> ,0.9,<0> ,1.6,<0> ,03:01,85.0,<0> ,11.0,<0> ,0.0,<0> ,0.0,<0> 
05/05/2023 03:30,21.14583333,tjrtlmet,P,1.0,1.0,15.0,,12.0,<0> ,84.0,<0> ,1015.0,<0> ,1.2,<0> ,2.0,<0> ,03:23,94.0,<0> ,13.0,<0> ,0.0,<0> ,0.0,<0> 
05/05/2023 03:45,21.15625,tjrtlmet,P,1.0,1.0,15.0,,11.8,<0> ,85.0,<0> ,1015.0,<0> ,1.3,<0> ,2.1,<0> ,03:37,108.0,<0> ,8.0,<0> ,0.0,<0> ,0.0,<0> 
05/05/2023 04:00,21.16666667,tjrtlmet,P,1.0,1.0,15.0,,11.6,<0> ,86.0,<0> ,1015.0,<0> ,1.0,<0> ,2.0,<0> ,03:45,95.0,<0> ,12.0,<0> ,0.0,<0> ,0.0,<0> 
05/05/2023 04:15,21.17708333,tjrtlmet,P,1.0,1.0,15.0,,11.9,<0> ,85.0,<0> ,1016.0,<0> ,1.0,<0> ,1.7,<0> ,04:09,91.0,<0> ,13.0,<0> ,0.0,<0> ,0.0,<0> 
05/05/2023 04:30,21.1875,tjrtlmet,P,1.0,1.0,15.0,,12.0,<0> ,84.0,<0> ,1016.0,<0> ,1.3,<0> ,2.3,<0> ,04:29,99.0,<0> ,14.0,<0> ,0.0,<0> ,0.0,<0> 
05/05/2023 04:45,21.19791667,tjrtlmet,P,1.0,1.0,15.0,,12.0,<0> ,84.0,<0> ,1016.0,<0> ,1.3,<0> ,2.8,<0> ,04:30,112.0,<0> ,16.0,<0> ,0.0,<0> ,0.0,<0> 
05/05/2023 05:00,21.20833333,tjrtlmet,P,1.0,1.0,15.0,,11.9,<0> ,85.0,<0> ,1016.0,<0> ,1.3,<0> ,2.3,<0> ,04:52,103.0,<0> ,17.0,<0> ,2.0,<0> ,0.0,<0> 
05/05/2023 05:15,21.21875,tjrtlmet,P,1.0,1.0,15.0,,12.0,<0> ,85.0,<0> ,1016.0,<0> ,1.3,<0> ,2.4,<0> ,05:10,102.0,<0> ,16.0,<0> ,4.7,<0> ,0.0,<0> 
05/05/2023 05:30,21.22916667,tjrtlmet,P,1.0,1.0,15.0,,12.1,<0> ,86.0,<0> ,1016.0,<0> ,1.0,<0> ,2.4,<0> ,05:28,45.0,<0> ,72.0,<0> ,12.6,<0> ,0.0,<0> 
05/05/2023 05:45,21.23958333,tjrtlmet,P,1.0,1.0,15.0,,12.1,<0> ,87.0,<0> ,1017.0,<0> ,1.2,<0> ,1.9,<0> ,05:35,103.0,<0> ,28.0,<0> ,19.6,<0> ,0.5,<0> 
05/05/2023 06:00,21.25,tjrtlmet,P,1.0,1.0,15.0,,11.7,<0> ,90.0,<0> ,1017.0,<0> ,1.8,<0> ,3.1,<0> ,05:59,110.0,<0> ,12.0,<0> ,48.0,<0> ,0.0,<0> 
05/05/2023 06:15,21.26041667,tjrtlmet,P,1.0,1.0,15.0,,11.6,<0> ,92.0,<0> ,1017.0,<0> ,2.0,<0> ,3.7,<0> ,06:14,112.0,<0> ,12.0,<0> ,53.5,<0> ,0.3,<0> 
05/05/2023 06:30,21.27083333,tjrtlmet,P,1.0,1.0,15.0,,11.7,<0> ,92.0,<0> ,1017.0,<0> ,1.9,<0> ,3.4,<0> ,06:28,116.0,<0> ,15.0,<0> ,54.2,<0> ,0.3,<0> 
05/05/2023 06:45,21.28125,tjrtlmet,P,1.0,1.0,15.0,,11.7,<0> ,92.0,<0> ,1017.0,<0> ,1.8,<0> ,2.9,<0> ,06:30,110.0,<0> ,17.0,<0> ,69.9,<0> ,0.0,<0> 
05/05/2023 07:00,21.29166667,tjrtlmet,P,1.0,1.0,15.0,,11.7,<0> ,92.0,<0> ,1018.0,<0> ,2.0,<0> ,3.3,<0> ,06:46,112.0,<0> ,12.0,<0> ,126.6,<0> ,0.0,<0> 
05/05/2023 07:15,21.30208333,tjrtlmet,P,1.0,1.0,15.0,,12.0,<0> ,91.0,<0> ,1018.0,<0> ,1.7,<0> ,2.9,<0> ,07:13,103.0,<0> ,16.0,<0> ,185.7,<0> ,0.0,<0> 
05/05/2023 07:30,21.3125,tjrtlmet,P,1.0,1.0,15.0,,12.3,<0> ,89.0,<0> ,1018.0,<0> ,2.2,<0> ,3.6,<0> ,07:29,110.0,<0> ,17.0,<0> ,290.7,<0> ,0.0,<0> 
05/05/2023 07:45,21.32291667,tjrtlmet,P,1.0,1.0,15.0,,12.7,<0> ,87.0,<0> ,1018.0,<0> ,2.1,<0> ,3.4,<0> ,07:31,108.0,<0> ,13.0,<0> ,368.4,<0> ,0.0,<0> 
05/05/2023 08:00,21.33333333,tjrtlmet,P,1.0,1.0,15.0,,13.8,<0> ,87.0,<0> ,1018.0,<0> ,1.8,<0> ,3.5,<0> ,07:54,101.0,<0> ,19.0,<0> ,1055.9,<0> ,0.0,<0> 
05/05/2023 08:15,21.34375,tjrtlmet,P,1.0,1.0,15.0,,15.0,<0> ,82.0,<0> ,1018.0,<0> ,1.9,<0> ,3.1,<0> ,08:04,113.0,<0> ,21.0,<0> ,1055.9,<0> ,0.0,<0> 
05/05/2023 08:30,21.35416667,tjrtlmet,P,1.0,1.0,15.0,,14.5,<0> ,81.0,<0> ,1018.0,<0> ,1.8,<0> ,3.1,<0> ,08:22,106.0,<0> ,18.0,<0> ,403.8,<0> ,0.0,<0> 
05/05/2023 08:45,21.36458333,tjrtlmet,P,1.0,1.0,15.0,,14.5,<0> ,82.0,<0> ,1018.0,<0> ,1.3,<0> ,2.9,<0> ,08:30,137.0,<0> ,32.0,<0> ,413.8,<0> ,0.0,<0> 
05/05/2023 09:00,21.375,tjrtlmet,P,1.0,1.0,15.0,,14.6,<0> ,81.0,<0> ,1018.0,<0> ,1.3,<0> ,3.2,<0> ,08:51,171.0,<0> ,23.0,<0> ,401.9,<0> ,0.0,<0> 
05/05/2023 09:15,21.38541667,tjrtlmet,P,1.0,1.0,15.0,,14.9,<0> ,80.0,<0> ,1018.0,<0> ,1.2,<0> ,2.4,<0> ,09:01,133.0,<0> ,26.0,<0> ,364.8,<0> ,0.0,<0> 
05/05/2023 09:30,21.39583333,tjrtlmet,P,1.0,1.0,15.0,,14.9,<0> ,81.0,<0> ,1018.0,<0> ,1.6,<0> ,3.1,<0> ,09:26,166.0,<0> ,17.0,<0> ,305.1,<0> ,0.0,<0> 
05/05/2023 09:45,21.40625,tjrtlmet,P,1.0,1.0,15.0,,14.5,<0> ,82.0,<0> ,1018.0,<0> ,2.1,<0> ,3.9,<0> ,09:44,230.0,<0> ,26.0,<0> ,246.7,<0> ,0.0,<0> 
05/05/2023 10:00,21.41666667,tjrtlmet,P,1.0,1.0,15.0,,13.9,<0> ,86.0,<0> ,1019.0,<0> ,1.7,<0> ,4.3,<0> ,09:45,213.0,<0> ,14.0,<0> ,278.9,<0> ,0.3,<0> 
05/05/2023 10:15,21.42708333,tjrtlmet,P,1.0,1.0,15.0,,14.3,<0> ,85.0,<0> ,1018.0,<0> ,2.2,<0> ,3.4,<0> ,10:11,207.0,<0> ,16.0,<0> ,407.9,<0> ,0.0,<0> 
05/05/2023 10:30,21.4375,tjrtlmet,P,1.0,1.0,15.0,,14.7,<0> ,83.0,<0> ,1018.0,<0> ,2.2,<0> ,3.3,<0> ,10:19,203.0,<0> ,13.0,<0> ,555.0,<0> ,0.0,<0> 
05/05/2023 10:45,21.44791667,tjrtlmet,P,1.0,1.0,15.0,,15.4,<0> ,80.0,<0> ,1018.0,<0> ,2.5,<0> ,3.6,<0> ,10:40,220.0,<0> ,15.0,<0> ,949.3,<0> ,0.0,<0> 
05/05/2023 11:00,21.45833333,tjrtlmet,P,1.0,1.0,15.0,,15.8,<0> ,79.0,<0> ,1018.0,<0> ,2.5,<0> ,3.7,<0> ,10:50,229.0,<0> ,16.0,<0> ,1179.1,<0> ,0.0,<0> 
05/05/2023 11:15,21.46875,tjrtlmet,P,1.0,1.0,15.0,,16.3,<0> ,78.0,<0> ,1018.0,<0> ,2.4,<0> ,3.5,<0> ,11:12,246.0,<0> ,16.0,<0> ,1474.4,<0> ,0.0,<0> 
05/05/2023 11:30,21.47916667,tjrtlmet,P,1.0,1.0,15.0,,16.9,<0> ,77.0,<0> ,1018.0,<0> ,3.1,<0> ,4.4,<0> ,11:20,247.0,<0> ,15.0,<0> ,1886.1,<0> ,0.0,<0> 
05/05/2023 11:45,21.48958333,tjrtlmet,P,1.0,1.0,15.0,,17.2,<0> ,77.0,<0> ,1018.0,<0> ,2.8,<0> ,4.5,<0> ,11:31,255.0,<0> ,16.0,<0> ,1846.9,<0> ,0.0,<0> 
05/05/2023 12:00,21.5,tjrtlmet,P,1.0,1.0,15.0,,17.4,<0> ,76.0,<0> ,1018.0,<0> ,3.5,<0> ,4.7,<0> ,11:48,258.0,<0> ,15.0,<0> ,1841.3,<0> ,0.0,<0> 
05/05/2023 12:15,21.51041667,tjrtlmet,P,1.0,1.0,15.0,,17.4,<0> ,72.0,<0> ,1018.0,<0> ,3.7,<0> ,5.5,<0> ,12:01,273.0,<0> ,16.0,<0> ,1834.5,<0> ,0.0,<0> 
05/05/2023 12:30,21.52083333,tjrtlmet,P,1.0,1.0,15.0,,17.7,<0> ,72.0,<0> ,1018.0,<0> ,3.7,<0> ,5.8,<0> ,12:17,276.0,<0> ,14.0,<0> ,1773.1,<0> ,0.0,<0> 
05/05/2023 12:45,21.53125,tjrtlmet,P,1.0,1.0,15.0,,18.0,<0> ,70.0,<0> ,1018.0,<0> ,3.5,<0> ,5.1,<0> ,12:33,279.0,<0> ,17.0,<0> ,1787.3,<0> ,0.0,<0> 
05/05/2023 13:00,21.54166667,tjrtlmet,P,1.0,1.0,15.0,,18.1,<0> ,69.0,<0> ,1018.0,<0> ,3.4,<0> ,5.3,<0> ,12:57,276.0,<0> ,13.0,<0> ,1744.8,<0> ,0.0,<0> 
05/05/2023 13:15,21.55208333,tjrtlmet,P,1.0,1.0,15.0,,17.9,<0> ,70.0,<0> ,1018.0,<0> ,3.7,<0> ,5.3,<0> ,13:07,279.0,<0> ,12.0,<0> ,1711.7,<0> ,0.0,<0> 
05/05/2023 13:30,21.5625,tjrtlmet,P,1.0,1.0,15.0,,18.0,<0> ,70.0,<0> ,1018.0,<0> ,3.5,<0> ,5.0,<0> ,13:22,282.0,<0> ,16.0,<0> ,1511.8,<0> ,0.0,<0> 
05/05/2023 13:45,21.57291667,tjrtlmet,P,1.0,1.0,15.0,,18.1,<0> ,71.0,<0> ,1018.0,<0> ,3.2,<0> ,4.9,<0> ,13:38,295.0,<0> ,17.0,<0> ,1521.0,<0> ,0.0,<0> 
05/05/2023 14:00,21.58333333,tjrtlmet,P,1.0,1.0,15.0,,17.9,<0> ,71.0,<0> ,1018.0,<0> ,3.2,<0> ,4.6,<0> ,13:54,287.0,<0> ,16.0,<0> ,1324.0,<0> ,0.0,<0> 
05/05/2023 14:15,21.59375,tjrtlmet,P,1.0,1.0,15.0,,17.8,<0> ,72.0,<0> ,1018.0,<0> ,3.0,<0> ,4.8,<0> ,14:13,289.0,<0> ,14.0,<0> ,1276.4,<0> ,0.0,<0> 
05/05/2023 14:30,21.60416667,tjrtlmet,P,1.0,1.0,15.0,,18.0,<0> ,67.0,<0> ,1018.0,<0> ,3.5,<0> ,5.2,<0> ,14:19,280.0,<0> ,12.0,<0> ,1508.9,<0> ,0.0,<0> 
05/05/2023 14:45,21.61458333,tjrtlmet,P,1.0,1.0,15.0,,18.1,<0> ,68.0,<0> ,1018.0,<0> ,3.4,<0> ,4.7,<0> ,14:44,282.0,<0> ,16.0,<0> ,1408.5,<0> ,0.0,<0> 
05/05/2023 15:00,21.625,tjrtlmet,P,1.0,1.0,15.0,,18.1,<0> ,68.0,<0> ,1017.0,<0> ,3.0,<0> ,5.0,<0> ,14:55,289.0,<0> ,17.0,<0> ,1310.4,<0> ,0.0,<0> 
05/05/2023 15:15,21.63541667,tjrtlmet,P,1.0,1.0,15.0,,18.0,<0> ,68.0,<0> ,1017.0,<0> ,3.1,<0> ,4.8,<0> ,15:11,281.0,<0> ,14.0,<0> ,1250.6,<0> ,0.0,<0> 
05/05/2023 15:30,21.64583333,tjrtlmet,P,1.0,1.0,15.0,,17.8,<0> ,68.0,<0> ,1017.0,<0> ,3.2,<0> ,4.7,<0> ,15:21,281.0,<0> ,13.0,<0> ,1154.2,<0> ,0.0,<0> 
05/05/2023 15:45,21.65625,tjrtlmet,P,1.0,1.0,15.0,,17.8,<0> ,68.0,<0> ,1017.0,<0> ,3.1,<0> ,4.4,<0> ,15:39,287.0,<0> ,14.0,<0> ,1003.0,<0> ,0.0,<0> 
05/05/2023 16:00,21.66666667,tjrtlmet,P,1.0,1.0,15.0,,17.7,<0> ,68.0,<0> ,1017.0,<0> ,3.0,<0> ,4.5,<0> ,15:47,287.0,<0> ,17.0,<0> ,902.5,<0> ,0.0,<0> 
05/05/2023 16:15,21.67708333,tjrtlmet,P,1.0,1.0,15.0,,17.5,<0> ,68.0,<0> ,1017.0,<0> ,3.1,<0> ,5.0,<0> ,16:04,285.0,<0> ,14.0,<0> ,801.6,<0> ,0.0,<0> 
05/05/2023 16:30,21.6875,tjrtlmet,P,1.0,1.0,15.0,,17.3,<0> ,68.0,<0> ,1017.0,<0> ,3.2,<0> ,4.5,<0> ,16:26,291.0,<0> ,18.0,<0> ,704.8,<0> ,0.0,<0> 
05/05/2023 16:45,21.69791667,tjrtlmet,P,1.0,1.0,15.0,,17.2,<0> ,68.0,<0> ,1017.0,<0> ,3.0,<0> ,4.7,<0> ,16:36,294.0,<0> ,15.0,<0> ,611.4,<0> ,0.0,<0> 
05/05/2023 17:00,21.70833333,tjrtlmet,P,1.0,1.0,15.0,,16.9,<0> ,69.0,<0> ,1017.0,<0> ,2.7,<0> ,4.3,<0> ,16:48,293.0,<0> ,15.0,<0> ,511.4,<0> ,0.0,<0> 
05/05/2023 17:15,21.71875,tjrtlmet,P,1.0,1.0,15.0,,16.6,<0> ,70.0,<0> ,1017.0,<0> ,2.9,<0> ,4.6,<0> ,17:03,289.0,<0> ,15.0,<0> ,413.3,<0> ,0.0,<0> 
05/05/2023 17:30,21.72916667,tjrtlmet,P,1.0,1.0,15.0,,16.3,<0> ,71.0,<0> ,1017.0,<0> ,2.8,<0> ,4.2,<0> ,17:20,286.0,<0> ,15.0,<0> ,318.1,<0> ,0.0,<0> 
05/05/2023 17:45,21.73958333,tjrtlmet,P,1.0,1.0,15.0,,16.0,<0> ,73.0,<0> ,1017.0,<0> ,2.5,<0> ,3.9,<0> ,17:31,285.0,<0> ,14.0,<0> ,228.9,<0> ,0.0,<0> 
05/05/2023 18:00,21.75,tjrtlmet,P,1.0,1.0,15.0,,15.5,<0> ,74.0,<0> ,1017.0,<0> ,2.7,<0> ,4.0,<0> ,17:53,284.0,<0> ,13.0,<0> ,147.8,<0> ,0.0,<0> 
05/05/2023 18:15,21.76041667,tjrtlmet,P,1.0,1.0,15.0,,15.1,<0> ,75.0,<0> ,1017.0,<0> ,2.6,<0> ,4.1,<0> ,18:03,284.0,<0> ,12.0,<0> ,80.1,<0> ,0.0,<0> 
05/05/2023 18:30,21.77083333,tjrtlmet,P,1.0,1.0,15.0,,14.8,<0> ,77.0,<0> ,1017.0,<0> ,2.6,<0> ,4.2,<0> ,18:20,294.0,<0> ,14.0,<0> ,28.1,<0> ,0.0,<0> 
05/05/2023 18:45,21.78125,tjrtlmet,P,1.0,1.0,15.0,,14.5,<0> ,77.0,<0> ,1017.0,<0> ,2.7,<0> ,4.4,<0> ,18:41,291.0,<0> ,13.0,<0> ,5.6,<0> ,0.0,<0> 
05/05/2023 19:00,21.79166667,tjrtlmet,P,1.0,1.0,15.0,,14.5,<0> ,79.0,<0> ,1017.0,<0> ,2.8,<0> ,4.2,<0> ,18:51,298.0,<0> ,15.0,<0> ,0.1,<0> ,0.0,<0> 
05/05/2023 19:15,21.80208333,tjrtlmet,P,1.0,1.0,15.0,,14.3,<0> ,79.0,<0> ,1018.0,<0> ,2.3,<0> ,4.7,<0> ,19:14,306.0,<0> ,14.0,<0> ,0.0,<0> ,0.0,<0> 
05/05/2023 19:30,21.8125,tjrtlmet,P,1.0,1.0,15.0,,14.3,<0> ,78.0,<0> ,1018.0,<0> ,2.5,<0> ,3.8,<0> ,19:18,307.0,<0> ,14.0,<0> ,0.0,<0> ,0.0,<0> 
05/05/2023 19:45,21.82291667,tjrtlmet,P,1.0,1.0,15.0,,14.3,<0> ,79.0,<0> ,1018.0,<0> ,2.3,<0> ,4.0,<0> ,19:39,305.0,<0> ,16.0,<0> ,0.0,<0> ,0.0,<0> 
05/05/2023 20:00,21.83333333,tjrtlmet,P,1.0,1.0,15.0,,14.3,<0> ,79.0,<0> ,1018.0,<0> ,2.3,<0> ,3.9,<0> ,19:46,309.0,<0> ,14.0,<0> ,0.0,<0> ,0.0,<0> 
05/05/2023 20:15,21.84375,tjrtlmet,P,1.0,1.0,15.0,,14.3,<0> ,79.0,<0> ,1018.0,<0> ,2.5,<0> ,3.9,<0> ,20:08,308.0,<0> ,15.0,<0> ,0.0,<0> ,0.0,<0> 
05/05/2023 20:30,21.85416667,tjrtlmet,P,1.0,1.0,15.0,,14.2,<0> ,78.0,<0> ,1018.0,<0> ,2.0,<0> ,3.5,<0> ,20:26,312.0,<0> ,17.0,<0> ,0.0,<0> ,0.0,<0> 
05/05/2023 20:45,21.86458333,tjrtlmet,P,1.0,1.0,15.0,,14.1,<0> ,79.0,<0> ,1018.0,<0> ,1.4,<0> ,3.4,<0> ,20:37,321.0,<0> ,23.0,<0> ,0.0,<0> ,0.0,<0> 
05/05/2023 21:00,21.875,tjrtlmet,P,1.0,1.0,15.0,,13.9,<0> ,79.0,<0> ,1018.0,<0> ,1.2,<0> ,3.1,<0> ,20:49,321.0,<0> ,28.0,<0> ,0.0,<0> ,0.0,<0> 
05/05/2023 21:15,21.88541667,tjrtlmet,P,1.0,1.0,15.0,,13.8,<0> ,80.0,<0> ,1018.0,<0> ,0.9,<0> ,2.6,<0> ,21:02,327.0,<0> ,26.0,<0> ,0.0,<0> ,0.0,<0> 
05/05/2023 21:30,21.89583333,tjrtlmet,P,1.0,1.0,15.0,,13.6,<0> ,80.0,<0> ,1019.0,<0> ,1.0,<0> ,2.3,<0> ,21:22,327.0,<0> ,24.0,<0> ,0.0,<0> ,0.0,<0> 
05/05/2023 21:45,21.90625,tjrtlmet,P,1.0,1.0,15.0,,13.5,<0> ,81.0,<0> ,1018.0,<0> ,0.8,<0> ,2.3,<0> ,21:31,329.0,<0> ,26.0,<0> ,0.0,<0> ,0.0,<0> 
05/05/2023 22:00,21.91666667,tjrtlmet,P,1.0,1.0,15.0,,13.3,<0> ,81.0,<0> ,1018.0,<0> ,0.6,<0> ,1.9,<0> ,21:50,333.0,<0> ,22.0,<0> ,0.0,<0> ,0.0,<0> 
05/05/2023 22:15,21.92708333,tjrtlmet,P,1.0,1.0,15.0,,13.3,<0> ,82.0,<0> ,1018.0,<0> ,0.6,<0> ,2.1,<0> ,22:12,336.0,<0> ,24.0,<0> ,0.0,<0> ,0.0,<0> 
05/05/2023 22:30,21.9375,tjrtlmet,P,1.0,1.0,15.0,,13.3,<0> ,82.0,<0> ,1018.0,<0> ,0.9,<0> ,2.4,<0> ,22:27,334.0,<0> ,27.0,<0> ,0.0,<0> ,0.0,<0> 
05/05/2023 22:45,21.94791667,tjrtlmet,P,1.0,1.0,15.0,,13.4,<0> ,81.0,<0> ,1018.0,<0> ,0.6,<0> ,1.7,<0> ,22:33,338.0,<0> ,28.0,<0> ,0.0,<0> ,0.0,<0> 
05/05/2023 23:00,21.95833333,tjrtlmet,P,1.0,1.0,15.0,,13.5,<0> ,80.0,<0> ,1018.0,<0> ,0.6,<0> ,1.6,<0> ,22:49,1.0,<0> ,21.0,<0> ,0.0,<0> ,0.0,<0> 
05/05/2023 23:15,21.96875,tjrtlmet,P,1.0,1.0,15.0,,13.4,<0> ,81.0,<0> ,1018.0,<0> ,0.7,<0> ,2.1,<0> ,23:05,42.0,<0> ,32.0,<0> ,0.0,<0> ,0.0,<0> 
05/05/2023 23:30,21.97916667,tjrtlmet,P,1.0,1.0,15.0,,13.1,<0> ,81.0,<0> ,1018.0,<0> ,0.7,<0> ,1.1,<0> ,23:22,93.0,<0> ,12.0,<0> ,0.0,<0> ,0.0,<0> 
05/05/2023 23:45,21.98958333,tjrtlmet,P,1.0,1.0,15.0,,12.7,<0> ,82.0,<0> ,1018.0,<0> ,0.4,<0> ,1.2,<0> ,23:30,93.0,<0> ,10.0,<0> ,0.0,<0> ,0.0,<0> 
05/06/2023 00:00,22.0,tjrtlmet,P,1.0,1.0,15.0,,12.5,<0> ,83.0,<0> ,1018.0,<0> ,0.1,<0> ,0.5,<0> ,23:59,76.0,<0> ,11.0,<0> ,0.0,<0> ,0.0,<0> 
05/06/2023 00:15,22.01041667,tjrtlmet,P,1.0,1.0,15.0,,12.3,<0> ,83.0,<0> ,1018.0,<0> ,0.5,<0> ,0.8,<0> ,00:04,94.0,<0> ,13.0,<0> ,0.0,<0> ,0.0,<0> 
05/06/2023 00:30,22.02083333,tjrtlmet,P,1.0,1.0,15.0,,12.2,<0> ,84.0,<0> ,1018.0,<0> ,0.6,<0> ,1.0,<0> ,00:30,86.0,<0> ,7.0,<0> ,0.0,<0> ,0.0,<0> 
05/06/2023 00:45,22.03125,tjrtlmet,P,1.0,1.0,15.0,,11.9,<0> ,85.0,<0> ,1017.0,<0> ,0.7,<0> ,1.0,<0> ,00:33,102.0,<0> ,6.0,<0> ,0.0,<0> ,0.0,<0> 
05/06/2023 01:00,22.04166667,tjrtlmet,P,1.0,1.0,15.0,,11.9,<0> ,86.0,<0> ,1017.0,<0> ,0.5,<0> ,0.8,<0> ,00:59,86.0,<0> ,5.0,<0> ,0.0,<0> ,0.0,<0> 
05/06/2023 01:15,22.05208333,tjrtlmet,P,1.0,1.0,15.0,,12.0,<0> ,85.0,<0> ,1017.0,<0> ,0.5,<0> ,0.9,<0> ,01:02,70.0,<0> ,13.0,<0> ,0.0,<0> ,0.0,<0> 
05/06/2023 01:30,22.0625,tjrtlmet,P,1.0,1.0,15.0,,12.0,<0> ,85.0,<0> ,1017.0,<0> ,0.4,<0> ,0.7,<0> ,01:20,64.0,<0> ,9.0,<0> ,0.0,<0> ,0.0,<0> 
05/06/2023 01:45,22.07291667,tjrtlmet,P,1.0,1.0,15.0,,11.4,<0> ,85.0,<0> ,1017.0,<0> ,0.0,<0> ,0.4,<0> ,01:30,78.0,<0> ,0.0,<0> ,0.0,<0> ,0.0,<0> 
05/06/2023 02:00,22.08333333,tjrtlmet,P,1.0,1.0,15.0,,11.3,<0> ,88.0,<0> ,1017.0,<0> ,0.6,<0> ,1.0,<0> ,01:57,56.0,<0> ,10.0,<0> ,0.0,<0> ,0.0,<0> 
05/06/2023 02:15,22.09375,tjrtlmet,P,1.0,1.0,15.0,,11.5,<0> ,87.0,<0> ,1017.0,<0> ,0.9,<0> ,1.3,<0> ,02:12,62.0,<0> ,9.0,<0> ,0.0,<0> ,0.0,<0> 
05/06/2023 02:30,22.10416667,tjrtlmet,P,1.0,1.0,15.0,,11.5,<0> ,87.0,<0> ,1017.0,<0> ,0.9,<0> ,1.4,<0> ,02:27,70.0,<0> ,12.0,<0> ,0.0,<0> ,0.0,<0> 
05/06/2023 02:45,22.11458333,tjrtlmet,P,1.0,1.0,15.0,,11.6,<0> ,86.0,<0> ,1017.0,<0> ,1.1,<0> ,1.9,<0> ,02:37,73.0,<0> ,12.0,<0> ,0.0,<0> ,0.0,<0> 
05/06/2023 03:00,22.125,tjrtlmet,P,1.0,1.0,15.0,,11.6,<0> ,86.0,<0> ,1017.0,<0> ,1.1,<0> ,1.7,<0> ,02:52,78.0,<0> ,15.0,<0> ,0.0,<0> ,0.0,<0> 
05/06/2023 03:15,22.13541667,tjrtlmet,P,1.0,1.0,15.0,,11.5,<0> ,86.0,<0> ,1017.0,<0> ,1.0,<0> ,1.7,<0> ,03:00,79.0,<0> ,12.0,<0> ,0.0,<0> ,0.0,<0> 
05/06/2023 03:30,22.14583333,tjrtlmet,P,1.0,1.0,15.0,,11.5,<0> ,87.0,<0> ,1017.0,<0> ,1.0,<0> ,1.8,<0> ,03:21,88.0,<0> ,16.0,<0> ,0.0,<0> ,0.0,<0> 
05/06/2023 03:45,22.15625,tjrtlmet,P,1.0,1.0,15.0,,11.8,<0> ,86.0,<0> ,1017.0,<0> ,1.2,<0> ,1.8,<0> ,03:36,77.0,<0> ,13.0,<0> ,0.0,<0> ,0.0,<0> 
05/06/2023 04:00,22.16666667,tjrtlmet,P,1.0,1.0,15.0,,12.0,<0> ,85.0,<0> ,1017.0,<0> ,1.2,<0> ,2.4,<0> ,03:57,77.0,<0> ,17.0,<0> ,0.0,<0> ,0.0,<0> 
05/06/2023 04:15,22.17708333,tjrtlmet,P,1.0,1.0,15.0,,11.9,<0> ,84.0,<0> ,1017.0,<0> ,1.4,<0> ,2.7,<0> ,04:09,87.0,<0> ,17.0,<0> ,0.0,<0> ,0.0,<0> 
05/06/2023 04:30,22.1875,tjrtlmet,P,1.0,1.0,15.0,,11.7,<0> ,83.0,<0> ,1017.0,<0> ,1.4,<0> ,2.5,<0> ,04:16,90.0,<0> ,15.0,<0> ,0.0,<0> ,0.0,<0> 
05/06/2023 04:45,22.19791667,tjrtlmet,P,1.0,1.0,15.0,,11.4,<0> ,84.0,<0> ,1017.0,<0> ,1.3,<0> ,2.4,<0> ,04:38,93.0,<0> ,15.0,<0> ,0.2,<0> ,0.0,<0> 
05/06/2023 05:00,22.20833333,tjrtlmet,P,1.0,1.0,15.0,,11.2,<0> ,84.0,<0> ,1017.0,<0> ,1.4,<0> ,3.0,<0> ,04:52,95.0,<0> ,15.0,<0> ,5.3,<0> ,0.0,<0> 
05/06/2023 05:15,22.21875,tjrtlmet,P,1.0,1.0,15.0,,11.2,<0> ,84.0,<0> ,1017.0,<0> ,1.3,<0> ,2.3,<0> ,05:08,83.0,<0> ,16.0,<0> ,20.6,<0> ,0.0,<0> 
05/06/2023 05:30,22.22916667,tjrtlmet,P,1.0,1.0,15.0,,11.5,<0> ,84.0,<0> ,1017.0,<0> ,1.3,<0> ,2.7,<0> ,05:21,88.0,<0> ,16.0,<0> ,52.7,<0> ,0.0,<0> 
05/06/2023 05:45,22.23958333,tjrtlmet,P,1.0,1.0,15.0,,11.9,<0> ,83.0,<0> ,1018.0,<0> ,1.1,<0> ,2.3,<0> ,05:38,82.0,<0> ,19.0,<0> ,96.4,<0> ,0.0,<0> 
05/06/2023 06:00,22.25,tjrtlmet,P,1.0,1.0,15.0,,12.3,<0> ,81.0,<0> ,1018.0,<0> ,1.0,<0> ,1.9,<0> ,05:50,83.0,<0> ,21.0,<0> ,177.9,<0> ,0.0,<0> 
05/06/2023 06:15,22.26041667,tjrtlmet,P,1.0,1.0,15.0,,13.0,<0> ,79.0,<0> ,1018.0,<0> ,1.2,<0> ,2.4,<0> ,06:05,82.0,<0> ,20.0,<0> ,271.8,<0> ,0.0,<0> 
05/06/2023 06:30,22.27083333,tjrtlmet,P,1.0,1.0,15.0,,13.4,<0> ,77.0,<0> ,1018.0,<0> ,1.3,<0> ,2.2,<0> ,06:27,93.0,<0> ,23.0,<0> ,385.8,<0> ,0.0,<0> 
05/06/2023 06:45,22.28125,tjrtlmet,P,1.0,1.0,15.0,,14.1,<0> ,75.0,<0> ,1018.0,<0> ,1.3,<0> ,2.3,<0> ,06:30,96.0,<0> ,24.0,<0> ,504.6,<0> ,0.0,<0> 
05/06/2023 07:00,22.29166667,tjrtlmet,P,1.0,1.0,15.0,,14.2,<0> ,74.0,<0> ,1018.0,<0> ,1.3,<0> ,2.2,<0> ,06:51,108.0,<0> ,21.0,<0> ,589.5,<0> ,0.0,<0> 
05/06/2023 07:15,22.30208333,tjrtlmet,P,1.0,1.0,15.0,,14.8,<0> ,72.0,<0> ,1018.0,<0> ,1.3,<0> ,2.4,<0> ,07:09,103.0,<0> ,24.0,<0> ,707.9,<0> ,0.0,<0> 
05/06/2023 07:30,22.3125,tjrtlmet,P,1.0,1.0,15.0,,15.7,<0> ,70.0,<0> ,1018.0,<0> ,0.9,<0> ,2.0,<0> ,07:18,61.0,<0> ,63.0,<0> ,884.5,<0> ,0.0,<0> 
05/06/2023 07:45,22.32291667,tjrtlmet,P,1.0,1.0,15.0,,16.4,<0> ,69.0,<0> ,1018.0,<0> ,0.9,<0> ,2.6,<0> ,07:36,23.0,<0> ,41.0,<0> ,942.6,<0> ,0.0,<0> 
05/06/2023 08:00,22.33333333,tjrtlmet,P,1.0,1.0,15.0,,16.6,<0> ,67.0,<0> ,1018.0,<0> ,0.9,<0> ,1.9,<0> ,07:55,357.0,<0> ,45.0,<0> ,1021.8,<0> ,0.0,<0> 
05/06/2023 08:15,22.34375,tjrtlmet,P,1.0,1.0,15.0,,16.7,<0> ,64.0,<0> ,1018.0,<0> ,0.9,<0> ,2.6,<0> ,08:13,19.0,<0> ,54.0,<0> ,1125.7,<0> ,0.0,<0> 
05/06/2023 08:30,22.35416667,tjrtlmet,P,1.0,1.0,15.0,,17.2,<0> ,65.0,<0> ,1018.0,<0> ,1.2,<0> ,3.4,<0> ,08:25,321.0,<0> ,49.0,<0> ,1268.3,<0> ,0.0,<0> 
05/06/2023 08:45,22.36458333,tjrtlmet,P,1.0,1.0,15.0,,16.7,<0> ,67.0,<0> ,1018.0,<0> ,1.7,<0> ,3.2,<0> ,08:33,295.0,<0> ,20.0,<0> ,559.0,<0> ,0.0,<0> 
05/06/2023 09:00,22.375,tjrtlmet,P,1.0,1.0,15.0,,16.4,<0> ,70.0,<0> ,1019.0,<0> ,2.0,<0> ,3.1,<0> ,08:57,279.0,<0> ,17.0,<0> ,1257.5,<0> ,0.0,<0> 
05/06/2023 09:15,22.38541667,tjrtlmet,P,1.0,1.0,15.0,,16.9,<0> ,69.0,<0> ,1019.0,<0> ,2.5,<0> ,3.5,<0> ,09:08,275.0,<0> ,15.0,<0> ,1434.0,<0> ,0.0,<0> 
05/06/2023 09:30,22.39583333,tjrtlmet,P,1.0,1.0,15.0,,17.1,<0> ,70.0,<0> ,1019.0,<0> ,2.9,<0> ,4.4,<0> ,09:23,281.0,<0> ,14.0,<0> ,1492.3,<0> ,0.0,<0> 
05/06/2023 09:45,22.40625,tjrtlmet,P,1.0,1.0,15.0,,17.3,<0> ,70.0,<0> ,1019.0,<0> ,3.6,<0> ,5.2,<0> ,09:44,286.0,<0> ,14.0,<0> ,1547.9,<0> ,0.0,<0> 
05/06/2023 10:00,22.41666667,tjrtlmet,P,1.0,1.0,15.0,,17.4,<0> ,71.0,<0> ,1019.0,<0> ,3.4,<0> ,5.3,<0> ,09:45,290.0,<0> ,15.0,<0> ,1599.9,<0> ,0.0,<0> 
05/06/2023 10:15,22.42708333,tjrtlmet,P,1.0,1.0,15.0,,17.7,<0> ,71.0,<0> ,1019.0,<0> ,3.5,<0> ,5.0,<0> ,10:08,290.0,<0> ,13.0,<0> ,1649.4,<0> ,0.0,<0> 
05/06/2023 10:30,22.4375,tjrtlmet,P,1.0,1.0,15.0,,17.7,<0> ,71.0,<0> ,1019.0,<0> ,3.4,<0> ,5.1,<0> ,10:24,288.0,<0> ,16.0,<0> ,1692.8,<0> ,0.0,<0> 
05/06/2023 10:45,22.44791667,tjrtlmet,P,1.0,1.0,15.0,,18.0,<0> ,70.0,<0> ,1019.0,<0> ,3.6,<0> ,5.4,<0> ,10:36,288.0,<0> ,16.0,<0> ,1728.4,<0> ,0.0,<0> 
05/06/2023 11:00,22.45833333,tjrtlmet,P,1.0,1.0,15.0,,17.9,<0> ,70.0,<0> ,1019.0,<0> ,3.8,<0> ,6.0,<0> ,10:58,293.0,<0> ,16.0,<0> ,1756.0,<0> ,0.0,<0> 
05/06/2023 11:15,22.46875,tjrtlmet,P,1.0,1.0,15.0,,18.1,<0> ,70.0,<0> ,1019.0,<0> ,3.8,<0> ,5.9,<0> ,11:02,292.0,<0> ,15.0,<0> ,1776.2,<0> ,0.0,<0> 
05/06/2023 11:30,22.47916667,tjrtlmet,P,1.0,1.0,15.0,,18.4,<0> ,70.0,<0> ,1019.0,<0> ,3.7,<0> ,5.4,<0> ,11:16,288.0,<0> ,16.0,<0> ,1792.5,<0> ,0.0,<0> 
05/06/2023 11:45,22.48958333,tjrtlmet,P,1.0,1.0,15.0,,18.2,<0> ,70.0,<0> ,1019.0,<0> ,3.8,<0> ,5.4,<0> ,11:31,287.0,<0> ,14.0,<0> ,1798.9,<0> ,0.0,<0> 
05/06/2023 12:00,22.5,tjrtlmet,P,1.0,1.0,15.0,,18.2,<0> ,69.0,<0> ,1019.0,<0> ,4.1,<0> ,5.8,<0> ,11:52,292.0,<0> ,15.0,<0> ,1796.8,<0> ,0.0,<0> 
05/06/2023 12:15,22.51041667,tjrtlmet,P,1.0,1.0,15.0,,18.5,<0> ,68.0,<0> ,1019.0,<0> ,4.0,<0> ,6.2,<0> ,12:04,291.0,<0> ,15.0,<0> ,1788.2,<0> ,0.0,<0> 
05/06/2023 12:30,22.52083333,tjrtlmet,P,1.0,1.0,15.0,,18.4,<0> ,68.0,<0> ,1019.0,<0> ,4.0,<0> ,6.1,<0> ,12:28,290.0,<0> ,15.0,<0> ,1771.4,<0> ,0.0,<0> 
05/06/2023 12:45,22.53125,tjrtlmet,P,1.0,1.0,15.0,,18.2,<0> ,67.0,<0> ,1019.0,<0> ,4.3,<0> ,6.5,<0> ,12:33,291.0,<0> ,14.0,<0> ,1747.8,<0> ,0.0,<0> 
05/06/2023 13:00,22.54166667,tjrtlmet,P,1.0,1.0,15.0,,18.3,<0> ,67.0,<0> ,1019.0,<0> ,4.3,<0> ,6.8,<0> ,12:58,291.0,<0> ,15.0,<0> ,1716.7,<0> ,0.0,<0> 
05/06/2023 13:15,22.55208333,tjrtlmet,P,1.0,1.0,15.0,,18.1,<0> ,67.0,<0> ,1019.0,<0> ,4.6,<0> ,6.5,<0> ,13:13,292.0,<0> ,15.0,<0> ,1678.9,<0> ,0.0,<0> 
05/06/2023 13:30,22.5625,tjrtlmet,P,1.0,1.0,15.0,,18.2,<0> ,66.0,<0> ,1018.0,<0> ,4.4,<0> ,6.7,<0> ,13:23,289.0,<0> ,16.0,<0> ,1635.1,<0> ,0.0,<0> 
05/06/2023 13:45,22.57291667,tjrtlmet,P,1.0,1.0,15.0,,18.2,<0> ,66.0,<0> ,1018.0,<0> ,4.4,<0> ,6.6,<0> ,13:38,290.0,<0> ,15.0,<0> ,1583.8,<0> ,0.0,<0> 
05/06/2023 14:00,22.58333333,tjrtlmet,P,1.0,1.0,15.0,,18.1,<0> ,66.0,<0> ,1018.0,<0> ,4.4,<0> ,6.3,<0> ,13:45,287.0,<0> ,14.0,<0> ,1527.4,<0> ,0.0,<0> 
05/06/2023 14:15,22.59375,tjrtlmet,P,1.0,1.0,15.0,,18.3,<0> ,65.0,<0> ,1018.0,<0> ,4.1,<0> ,6.2,<0> ,14:14,288.0,<0> ,13.0,<0> ,1465.5,<0> ,0.0,<0> 
05/06/2023 14:30,22.60416667,tjrtlmet,P,1.0,1.0,15.0,,18.2,<0> ,68.0,<0> ,1018.0,<0> ,4.3,<0> ,6.1,<0> ,14:29,293.0,<0> ,14.0,<0> ,1396.3,<0> ,0.0,<0> 
05/06/2023 14:45,22.61458333,tjrtlmet,P,1.0,1.0,15.0,,17.8,<0> ,68.0,<0> ,1018.0,<0> ,4.4,<0> ,6.5,<0> ,14:31,292.0,<0> ,14.0,<0> ,1322.8,<0> ,0.0,<0> 
05/06/2023 15:00,22.625,tjrtlmet,P,1.0,1.0,15.0,,17.8,<0> ,69.0,<0> ,1018.0,<0> ,4.2,<0> ,5.8,<0> ,14:52,290.0,<0> ,16.0,<0> ,1245.6,<0> ,0.0,<0> 
05/06/2023 15:15,22.63541667,tjrtlmet,P,1.0,1.0,15.0,,17.8,<0> ,69.0,<0> ,1018.0,<0> ,3.9,<0> ,5.8,<0> ,15:09,288.0,<0> ,15.0,<0> ,1162.0,<0> ,0.0,<0> 
05/06/2023 15:30,22.64583333,tjrtlmet,P,1.0,1.0,15.0,,17.6,<0> ,69.0,<0> ,1018.0,<0> ,3.9,<0> ,5.7,<0> ,15:25,293.0,<0> ,14.0,<0> ,1079.5,<0> ,0.0,<0> 
05/06/2023 15:45,22.65625,tjrtlmet,P,1.0,1.0,15.0,,17.5,<0> ,70.0,<0> ,1018.0,<0> ,3.9,<0> ,5.6,<0> ,15:41,291.0,<0> ,13.0,<0> ,992.0,<0> ,0.0,<0> 
05/06/2023 16:00,22.66666667,tjrtlmet,P,1.0,1.0,15.0,,17.5,<0> ,70.0,<0> ,1018.0,<0> ,3.3,<0> ,5.3,<0> ,15:46,294.0,<0> ,15.0,<0> ,899.6,<0> ,0.0,<0> 
05/06/2023 16:15,22.67708333,tjrtlmet,P,1.0,1.0,15.0,,17.3,<0> ,71.0,<0> ,1018.0,<0> ,3.2,<0> ,5.4,<0> ,16:08,296.0,<0> ,17.0,<0> ,806.9,<0> ,0.0,<0> 
05/06/2023 16:30,22.6875,tjrtlmet,P,1.0,1.0,15.0,,17.1,<0> ,72.0,<0> ,1018.0,<0> ,3.5,<0> ,5.2,<0> ,16:17,296.0,<0> ,14.0,<0> ,696.8,<0> ,0.0,<0> 
05/06/2023 16:45,22.69791667,tjrtlmet,P,1.0,1.0,15.0,,17.0,<0> ,72.0,<0> ,1018.0,<0> ,3.3,<0> ,5.4,<0> ,16:30,295.0,<0> ,15.0,<0> ,620.0,<0> ,0.0,<0> 
05/06/2023 17:00,22.70833333,tjrtlmet,P,1.0,1.0,15.0,,16.9,<0> ,73.0,<0> ,1018.0,<0> ,2.9,<0> ,4.7,<0> ,16:47,298.0,<0> ,18.0,<0> ,514.9,<0> ,0.0,<0> 
05/06/2023 17:15,22.71875,tjrtlmet,P,1.0,1.0,15.0,,16.8,<0> ,73.0,<0> ,1018.0,<0> ,2.5,<0> ,3.9,<0> ,17:03,301.0,<0> ,17.0,<0> ,405.6,<0> ,0.0,<0> 
05/06/2023 17:30,22.72916667,tjrtlmet,P,1.0,1.0,15.0,,16.6,<0> ,74.0,<0> ,1018.0,<0> ,2.6,<0> ,4.4,<0> ,17:26,306.0,<0> ,15.0,<0> ,328.2,<0> ,0.0,<0> 
05/06/2023 17:45,22.73958333,tjrtlmet,P,1.0,1.0,15.0,,16.4,<0> ,74.0,<0> ,1018.0,<0> ,2.6,<0> ,3.9,<0> ,17:40,309.0,<0> ,17.0,<0> ,239.2,<0> ,0.0,<0> 
05/06/2023 18:00,22.75,tjrtlmet,P,1.0,1.0,15.0,,16.0,<0> ,76.0,<0> ,1018.0,<0> ,2.6,<0> ,4.3,<0> ,17:53,307.0,<0> ,15.0,<0> ,149.6,<0> ,0.0,<0> 
05/06/2023 18:15,22.76041667,tjrtlmet,P,1.0,1.0,15.0,,15.7,<0> ,75.0,<0> ,1018.0,<0> ,2.6,<0> ,4.5,<0> ,18:06,309.0,<0> ,18.0,<0> ,82.0,<0> ,0.0,<0> 
05/06/2023 18:30,22.77083333,tjrtlmet,P,1.0,1.0,15.0,,15.3,<0> ,72.0,<0> ,1018.0,<0> ,2.5,<0> ,4.4,<0> ,18:20,315.0,<0> ,18.0,<0> ,26.9,<0> ,0.0,<0> 
05/06/2023 18:45,22.78125,tjrtlmet,P,1.0,1.0,15.0,,15.0,<0> ,73.0,<0> ,1018.0,<0> ,1.9,<0> ,4.2,<0> ,18:38,321.0,<0> ,24.0,<0> ,5.1,<0> ,0.0,<0> 
05/06/2023 19:00,22.79166667,tjrtlmet,P,1.0,1.0,15.0,,14.8,<0> ,74.0,<0> ,1018.0,<0> ,1.7,<0> ,3.4,<0> ,18:45,324.0,<0> ,29.0,<0> ,0.1,<0> ,0.0,<0> 
05/06/2023 19:15,22.80208333,tjrtlmet,P,1.0,1.0,15.0,,14.8,<0> ,73.0,<0> ,1018.0,<0> ,1.8,<0> ,3.7,<0> ,19:07,324.0,<0> ,27.0,<0> ,0.0,<0> ,0.0,<0> 
05/06/2023 19:30,22.8125,tjrtlmet,P,1.0,1.0,15.0,,14.7,<0> ,74.0,<0> ,1019.0,<0> ,1.4,<0> ,3.4,<0> ,19:24,330.0,<0> ,33.0,<0> ,0.0,<0> ,0.0,<0> 
05/06/2023 19:45,22.82291667,tjrtlmet,P,1.0,1.0,15.0,,14.6,<0> ,74.0,<0> ,1019.0,<0> ,1.0,<0> ,2.8,<0> ,19:30,334.0,<0> ,32.0,<0> ,0.0,<0> ,0.0,<0> 
05/06/2023 20:00,22.83333333,tjrtlmet,P,1.0,1.0,15.0,,14.5,<0> ,73.0,<0> ,1019.0,<0> ,1.1,<0> ,4.1,<0> ,19:49,331.0,<0> ,32.0,<0> ,0.0,<0> ,0.0,<0> 
05/06/2023 20:15,22.84375,tjrtlmet,P,1.0,1.0,15.0,,14.3,<0> ,76.0,<0> ,1019.0,<0> ,1.0,<0> ,2.6,<0> ,20:11,332.0,<0> ,28.0,<0> ,0.0,<0> ,0.0,<0> 
05/06/2023 20:30,22.85416667,tjrtlmet,P,1.0,1.0,15.0,,14.3,<0> ,77.0,<0> ,1019.0,<0> ,0.7,<0> ,2.3,<0> ,20:23,345.0,<0> ,32.0,<0> ,0.0,<0> ,0.0,<0> 
05/06/2023 20:45,22.86458333,tjrtlmet,P,1.0,1.0,15.0,,14.2,<0> ,77.0,<0> ,1019.0,<0> ,0.6,<0> ,1.9,<0> ,20:34,346.0,<0> ,33.0,<0> ,0.0,<0> ,0.0,<0> 
05/06/2023 21:00,22.875,tjrtlmet,P,1.0,1.0,15.0,,14.2,<0> ,77.0,<0> ,1019.0,<0> ,0.6,<0> ,2.0,<0> ,20:52,349.0,<0> ,31.0,<0> ,0.0,<0> ,0.0,<0> 
05/06/2023 21:15,22.88541667,tjrtlmet,P,1.0,1.0,15.0,,14.2,<0> ,78.0,<0> ,1019.0,<0> ,0.5,<0> ,1.8,<0> ,21:05,355.0,<0> ,25.0,<0> ,0.0,<0> ,0.0,<0> 
05/06/2023 21:30,22.89583333,tjrtlmet,P,1.0,1.0,15.0,,14.0,<0> ,80.0,<0> ,1019.0,<0> ,0.6,<0> ,2.2,<0> ,21:29,355.0,<0> ,21.0,<0> ,0.0,<0> ,0.0,<0> 
05/06/2023 21:45,22.90625,tjrtlmet,P,1.0,1.0,15.0,,14.0,<0> ,80.0,<0> ,1019.0,<0> ,0.5,<0> ,1.5,<0> ,21:42,343.0,<0> ,25.0,<0> ,0.0,<0> ,0.0,<0> 
05/06/2023 22:00,22.91666667,tjrtlmet,P,1.0,1.0,15.0,,13.7,<0> ,82.0,<0> ,1019.0,<0> ,0.6,<0> ,1.7,<0> ,21:49,339.0,<0> ,30.0,<0> ,0.0,<0> ,0.0,<0> 
05/06/2023 22:15,22.92708333,tjrtlmet,P,1.0,1.0,15.0,,13.7,<0> ,82.0,<0> ,1019.0,<0> ,0.9,<0> ,2.2,<0> ,22:10,327.0,<0> ,25.0,<0> ,0.0,<0> ,0.0,<0> 
05/06/2023 22:30,22.9375,tjrtlmet,P,1.0,1.0,15.0,,13.6,<0> ,82.0,<0> ,1019.0,<0> ,0.5,<0> ,1.9,<0> ,22:17,338.0,<0> ,26.0,<0> ,0.0,<0> ,0.0,<0> 
05/06/2023 22:45,22.94791667,tjrtlmet,P,1.0,1.0,15.0,,13.6,<0> ,82.0,<0> ,1019.0,<0> ,0.5,<0> ,1.4,<0> ,22:31,354.0,<0> ,24.0,<0> ,0.0,<0> ,0.0,<0> 
05/06/2023 23:00,22.95833333,tjrtlmet,P,1.0,1.0,15.0,,13.8,<0> ,81.0,<0> ,1019.0,<0> ,0.5,<0> ,1.0,<0> ,22:57,3.0,<0> ,10.0,<0> ,0.0,<0> ,0.0,<0> 
05/06/2023 23:15,22.96875,tjrtlmet,P,1.0,1.0,15.0,,13.7,<0> ,81.0,<0> ,1019.0,<0> ,0.4,<0> ,0.8,<0> ,23:02,6.0,<0> ,30.0,<0> ,0.0,<0> ,0.0,<0> 
05/06/2023 23:30,22.97916667,tjrtlmet,P,1.0,1.0,15.0,,13.4,<0> ,82.0,<0> ,1018.0,<0> ,0.3,<0> ,0.7,<0> ,23:26,59.0,<0> ,6.0,<0> ,0.0,<0> ,0.0,<0> 
05/06/2023 23:45,22.98958333,tjrtlmet,P,1.0,1.0,15.0,,13.4,<0> ,82.0,<0> ,1018.0,<0> ,0.6,<0> ,0.9,<0> ,23:35,71.0,<0> ,7.0,<0> ,0.0,<0> ,0.0,<0> 
05/07/2023 00:00,23.0,tjrtlmet,P,1.0,1.0,15.0,,13.4,<0> ,82.0,<0> ,1018.0,<0> ,0.6,<0> ,0.9,<0> ,23:57,72.0,<0> ,12.0,<0> ,0.0,<0> ,0.0,<0> 
05/07/2023 00:15,23.01041667,tjrtlmet,P,1.0,1.0,15.0,,13.0,<0> ,81.0,<0> ,1018.0,<0> ,0.3,<0> ,0.8,<0> ,00:00,79.0,<0> ,10.0,<0> ,0.0,<0> ,0.0,<0> 
05/07/2023 00:30,23.02083333,tjrtlmet,P,1.0,1.0,15.0,,12.2,<0> ,84.0,<0> ,1018.0,<0> ,0.0,<0> ,0.1,<0> ,00:18,89.0,<0> ,0.0,<0> ,0.0,<0> ,0.0,<0> 
05/07/2023 00:45,23.03125,tjrtlmet,P,1.0,1.0,15.0,,11.8,<0> ,86.0,<0> ,1018.0,<0> ,0.2,<0> ,0.7,<0> ,00:43,86.0,<0> ,5.0,<0> ,0.0,<0> ,0.0,<0> 
05/07/2023 01:00,23.04166667,tjrtlmet,P,1.0,1.0,15.0,,11.9,<0> ,85.0,<0> ,1018.0,<0> ,0.6,<0> ,0.9,<0> ,00:48,62.0,<0> ,7.0,<0> ,0.0,<0> ,0.0,<0> 
05/07/2023 01:15,23.05208333,tjrtlmet,P,1.0,1.0,15.0,,11.8,<0> ,85.0,<0> ,1018.0,<0> ,0.6,<0> ,1.0,<0> ,01:14,59.0,<0> ,8.0,<0> ,0.0,<0> ,0.0,<0> 
05/07/2023 01:30,23.0625,tjrtlmet,P,1.0,1.0,15.0,,11.7,<0> ,85.0,<0> ,1018.0,<0> ,0.7,<0> ,1.5,<0> ,01:27,72.0,<0> ,9.0,<0> ,0.0,<0> ,0.0,<0> 
05/07/2023 01:45,23.07291667,tjrtlmet,P,1.0,1.0,15.0,,11.6,<0> ,85.0,<0> ,1018.0,<0> ,0.7,<0> ,1.2,<0> ,01:42,69.0,<0> ,10.0,<0> ,0.0,<0> ,0.0,<0> 
05/07/2023 02:00,23.08333333,tjrtlmet,P,1.0,1.0,15.0,,11.6,<0> ,84.0,<0> ,1018.0,<0> ,0.7,<0> ,1.3,<0> ,01:46,60.0,<0> ,13.0,<0> ,0.0,<0> ,0.0,<0> 
05/07/2023 02:15,23.09375,tjrtlmet,P,1.0,1.0,15.0,,11.6,<0> ,84.0,<0> ,1018.0,<0> ,0.7,<0> ,1.2,<0> ,02:06,60.0,<0> ,10.0,<0> ,0.0,<0> ,0.0,<0> 
05/07/2023 02:30,23.10416667,tjrtlmet,P,1.0,1.0,15.0,,11.5,<0> ,84.0,<0> ,1018.0,<0> ,0.6,<0> ,1.1,<0> ,02:28,63.0,<0> ,11.0,<0> ,0.0,<0> ,0.0,<0> 
05/07/2023 02:45,23.11458333,tjrtlmet,P,1.0,1.0,15.0,,11.3,<0> ,84.0,<0> ,1018.0,<0> ,0.8,<0> ,1.7,<0> ,02:39,57.0,<0> ,19.0,<0> ,0.0,<0> ,0.0,<0> 
05/07/2023 03:00,23.125,tjrtlmet,P,1.0,1.0,15.0,,11.2,<0> ,85.0,<0> ,1018.0,<0> ,0.8,<0> ,1.4,<0> ,02:50,74.0,<0> ,12.0,<0> ,0.0,<0> ,0.0,<0> 
05/07/2023 03:15,23.13541667,tjrtlmet,P,1.0,1.0,15.0,,11.2,<0> ,86.0,<0> ,1018.0,<0> ,0.8,<0> ,1.2,<0> ,03:04,67.0,<0> ,12.0,<0> ,0.0,<0> ,0.0,<0> 
05/07/2023 03:30,23.14583333,tjrtlmet,P,1.0,1.0,15.0,,11.2,<0> ,85.0,<0> ,1018.0,<0> ,0.7,<0> ,1.2,<0> ,03:19,65.0,<0> ,10.0,<0> ,0.0,<0> ,0.0,<0> 
05/07/2023 03:45,23.15625,tjrtlmet,P,1.0,1.0,15.0,,10.8,<0> ,85.0,<0> ,1018.0,<0> ,0.9,<0> ,1.2,<0> ,03:38,39.0,<0> ,10.0,<0> ,0.0,<0> ,0.0,<0> 
05/07/2023 04:00,23.16666667,tjrtlmet,P,1.0,1.0,15.0,,10.3,<0> ,87.0,<0> ,1018.0,<0> ,0.9,<0> ,1.2,<0> ,03:50,36.0,<0> ,6.0,<0> ,0.0,<0> ,0.0,<0> 
05/07/2023 04:15,23.17708333,tjrtlmet,P,1.0,1.0,15.0,,10.1,<0> ,87.0,<0> ,1017.0,<0> ,1.1,<0> ,1.6,<0> ,04:12,37.0,<0> ,6.0,<0> ,0.0,<0> ,0.0,<0> 
05/07/2023 04:30,23.1875,tjrtlmet,P,1.0,1.0,15.0,,10.0,<0> ,88.0,<0> ,1017.0,<0> ,1.2,<0> ,2.0,<0> ,04:21,49.0,<0> ,9.0,<0> ,0.0,<0> ,0.0,<0> 
05/07/2023 04:45,23.19791667,tjrtlmet,P,1.0,1.0,15.0,,10.2,<0> ,88.0,<0> ,1018.0,<0> ,1.0,<0> ,1.6,<0> ,04:35,48.0,<0> ,12.0,<0> ,0.1,<0> ,0.0,<0> 
05/07/2023 05:00,23.20833333,tjrtlmet,P,1.0,1.0,15.0,,10.1,<0> ,87.0,<0> ,1018.0,<0> ,1.0,<0> ,1.4,<0> ,04:46,49.0,<0> ,10.0,<0> ,4.5,<0> ,0.0,<0> 
05/07/2023 05:15,23.21875,tjrtlmet,P,1.0,1.0,15.0,,10.2,<0> ,87.0,<0> ,1018.0,<0> ,1.0,<0> ,1.6,<0> ,05:12,60.0,<0> ,11.0,<0> ,19.1,<0> ,0.0,<0> 
05/07/2023 05:30,23.22916667,tjrtlmet,P,1.0,1.0,15.0,,10.5,<0> ,86.0,<0> ,1018.0,<0> ,1.2,<0> ,1.9,<0> ,05:21,72.0,<0> ,13.0,<0> ,51.1,<0> ,0.0,<0> 
05/07/2023 05:45,23.23958333,tjrtlmet,P,1.0,1.0,15.0,,10.9,<0> ,85.0,<0> ,1018.0,<0> ,1.1,<0> ,1.8,<0> ,05:43,74.0,<0> ,13.0,<0> ,121.8,<0> ,0.0,<0> 
05/07/2023 06:00,23.25,tjrtlmet,P,1.0,1.0,15.0,,11.5,<0> ,83.0,<0> ,1018.0,<0> ,1.1,<0> ,2.1,<0> ,05:58,74.0,<0> ,15.0,<0> ,203.9,<0> ,0.0,<0> 
05/07/2023 06:15,23.26041667,tjrtlmet,P,1.0,1.0,15.0,,12.2,<0> ,81.0,<0> ,1018.0,<0> ,1.0,<0> ,1.8,<0> ,06:06,70.0,<0> ,17.0,<0> ,310.9,<0> ,0.0,<0> 
05/07/2023 06:30,23.27083333,tjrtlmet,P,1.0,1.0,15.0,,12.7,<0> ,80.0,<0> ,1019.0,<0> ,1.0,<0> ,1.9,<0> ,06:15,63.0,<0> ,20.0,<0> ,422.2,<0> ,0.0,<0> 
05/07/2023 06:45,23.28125,tjrtlmet,P,1.0,1.0,15.0,,13.4,<0> ,78.0,<0> ,1019.0,<0> ,1.1,<0> ,1.9,<0> ,06:32,68.0,<0> ,22.0,<0> ,500.9,<0> ,0.0,<0> 
05/07/2023 07:00,23.29166667,tjrtlmet,P,1.0,1.0,15.0,,14.3,<0> ,75.0,<0> ,1019.0,<0> ,0.9,<0> ,2.1,<0> ,06:45,60.0,<0> ,32.0,<0> ,606.4,<0> ,0.0,<0> 
05/07/2023 07:15,23.30208333,tjrtlmet,P,1.0,1.0,15.0,,15.0,<0> ,73.0,<0> ,1019.0,<0> ,1.2,<0> ,2.6,<0> ,07:11,54.0,<0> ,34.0,<0> ,734.7,<0> ,0.0,<0> 
05/07/2023 07:30,23.3125,tjrtlmet,P,1.0,1.0,15.0,,15.6,<0> ,71.0,<0> ,1019.0,<0> ,1.2,<0> ,2.1,<0> ,07:26,63.0,<0> ,30.0,<0> ,828.6,<0> ,0.0,<0> 
05/07/2023 07:45,23.32291667,tjrtlmet,P,1.0,1.0,15.0,,16.2,<0> ,70.0,<0> ,1019.0,<0> ,1.1,<0> ,2.8,<0> ,07:41,54.0,<0> ,34.0,<0> ,903.4,<0> ,0.0,<0> 
05/07/2023 08:00,23.33333333,tjrtlmet,P,1.0,1.0,15.0,,16.4,<0> ,70.0,<0> ,1019.0,<0> ,1.3,<0> ,3.1,<0> ,07:57,35.0,<0> ,36.0,<0> ,1025.5,<0> ,0.0,<0> 
05/07/2023 08:15,23.34375,tjrtlmet,P,1.0,1.0,15.0,,17.1,<0> ,70.0,<0> ,1019.0,<0> ,1.0,<0> ,2.7,<0> ,08:10,325.0,<0> ,45.0,<0> ,1223.6,<0> ,0.0,<0> 
05/07/2023 08:30,23.35416667,tjrtlmet,P,1.0,1.0,15.0,,17.5,<0> ,70.0,<0> ,1019.0,<0> ,2.1,<0> ,3.8,<0> ,08:22,302.0,<0> ,17.0,<0> ,1158.4,<0> ,0.0,<0> 
05/07/2023 08:45,23.36458333,tjrtlmet,P,1.0,1.0,15.0,,16.7,<0> ,72.0,<0> ,1019.0,<0> ,2.1,<0> ,3.5,<0> ,08:41,293.0,<0> ,16.0,<0> ,992.6,<0> ,0.0,<0> 
05/07/2023 09:00,23.375,tjrtlmet,P,1.0,1.0,15.0,,17.0,<0> ,71.0,<0> ,1019.0,<0> ,2.3,<0> ,3.5,<0> ,08:50,294.0,<0> ,19.0,<0> ,1345.4,<0> ,0.0,<0> 
05/07/2023 09:15,23.38541667,tjrtlmet,P,1.0,1.0,15.0,,17.3,<0> ,71.0,<0> ,1019.0,<0> ,2.5,<0> ,4.0,<0> ,09:14,286.0,<0> ,16.0,<0> ,1422.3,<0> ,0.0,<0> 
05/07/2023 09:30,23.39583333,tjrtlmet,P,1.0,1.0,15.0,,17.2,<0> ,71.0,<0> ,1019.0,<0> ,2.8,<0> ,3.9,<0> ,09:21,286.0,<0> ,14.0,<0> ,1489.5,<0> ,0.0,<0> 
05/07/2023 09:45,23.40625,tjrtlmet,P,1.0,1.0,15.0,,17.7,<0> ,71.0,<0> ,1019.0,<0> ,2.6,<0> ,3.9,<0> ,09:36,288.0,<0> ,17.0,<0> ,1518.9,<0> ,0.0,<0> 
05/07/2023 10:00,23.41666667,tjrtlmet,P,1.0,1.0,15.0,,17.7,<0> ,71.0,<0> ,1019.0,<0> ,3.0,<0> ,4.3,<0> ,09:59,287.0,<0> ,14.0,<0> ,1611.6,<0> ,0.0,<0> 
05/07/2023 10:15,23.42708333,tjrtlmet,P,1.0,1.0,15.0,,17.9,<0> ,71.0,<0> ,1019.0,<0> ,2.8,<0> ,4.1,<0> ,10:05,286.0,<0> ,15.0,<0> ,1658.8,<0> ,0.0,<0> 
05/07/2023 10:30,23.4375,tjrtlmet,P,1.0,1.0,15.0,,18.0,<0> ,71.0,<0> ,1019.0,<0> ,2.9,<0> ,4.4,<0> ,10:23,280.0,<0> ,14.0,<0> ,1702.1,<0> ,0.0,<0> 
05/07/2023 10:45,23.44791667,tjrtlmet,P,1.0,1.0,15.0,,18.0,<0> ,71.0,<0> ,1019.0,<0> ,2.9,<0> ,4.2,<0> ,10:37,284.0,<0> ,16.0,<0> ,1736.9,<0> ,0.0,<0> 
05/07/2023 11:00,23.45833333,tjrtlmet,P,1.0,1.0,15.0,,18.1,<0> ,71.0,<0> ,1019.0,<0> ,3.2,<0> ,4.8,<0> ,10:46,279.0,<0> ,14.0,<0> ,1764.8,<0> ,0.0,<0> 
05/07/2023 11:15,23.46875,tjrtlmet,P,1.0,1.0,15.0,,18.0,<0> ,70.0,<0> ,1019.0,<0> ,3.4,<0> ,4.5,<0> ,11:01,282.0,<0> ,13.0,<0> ,1786.9,<0> ,0.0,<0> 
05/07/2023 11:30,23.47916667,tjrtlmet,P,1.0,1.0,15.0,,18.2,<0> ,70.0,<0> ,1019.0,<0> ,3.4,<0> ,4.8,<0> ,11:24,281.0,<0> ,13.0,<0> ,1798.2,<0> ,0.0,<0> 
05/07/2023 11:45,23.48958333,tjrtlmet,P,1.0,1.0,15.0,,18.3,<0> ,70.0,<0> ,1019.0,<0> ,3.7,<0> ,5.2,<0> ,11:41,279.0,<0> ,14.0,<0> ,1805.6,<0> ,0.0,<0> 
05/07/2023 12:00,23.5,tjrtlmet,P,1.0,1.0,15.0,,18.4,<0> ,70.0,<0> ,1019.0,<0> ,3.8,<0> ,5.2,<0> ,11:52,283.0,<0> ,14.0,<0> ,1803.4,<0> ,0.0,<0> 
05/07/2023 12:15,23.51041667,tjrtlmet,P,1.0,1.0,15.0,,18.2,<0> ,70.0,<0> ,1019.0,<0> ,3.8,<0> ,5.2,<0> ,12:02,275.0,<0> ,14.0,<0> ,1794.3,<0> ,0.0,<0> 
05/07/2023 12:30,23.52083333,tjrtlmet,P,1.0,1.0,15.0,,18.1,<0> ,70.0,<0> ,1018.0,<0> ,3.9,<0> ,5.3,<0> ,12:20,268.0,<0> ,14.0,<0> ,1776.8,<0> ,0.0,<0> 
05/07/2023 12:45,23.53125,tjrtlmet,P,1.0,1.0,15.0,,18.4,<0> ,70.0,<0> ,1018.0,<0> ,3.6,<0> ,5.2,<0> ,12:32,280.0,<0> ,13.0,<0> ,1753.9,<0> ,0.0,<0> 
05/07/2023 13:00,23.54166667,tjrtlmet,P,1.0,1.0,15.0,,18.7,<0> ,69.0,<0> ,1018.0,<0> ,3.2,<0> ,4.7,<0> ,12:54,277.0,<0> ,13.0,<0> ,1724.1,<0> ,0.0,<0> 
05/07/2023 13:15,23.55208333,tjrtlmet,P,1.0,1.0,15.0,,18.7,<0> ,69.0,<0> ,1018.0,<0> ,3.4,<0> ,5.2,<0> ,13:13,286.0,<0> ,15.0,<0> ,1685.8,<0> ,0.0,<0> 
05/07/2023 13:30,23.5625,tjrtlmet,P,1.0,1.0,15.0,,18.9,<0> ,69.0,<0> ,1018.0,<0> ,3.4,<0> ,5.2,<0> ,13:22,289.0,<0> ,13.0,<0> ,1641.5,<0> ,0.0,<0> 
05/07/2023 13:45,23.57291667,tjrtlmet,P,1.0,1.0,15.0,,18.8,<0> ,68.0,<0> ,1018.0,<0> ,3.5,<0> ,5.1,<0> ,13:33,289.0,<0> ,16.0,<0> ,1590.4,<0> ,0.0,<0> 
05/07/2023 14:00,23.58333333,tjrtlmet,P,1.0,1.0,15.0,,19.0,<0> ,68.0,<0> ,1018.0,<0> ,3.5,<0> ,5.1,<0> ,13:53,296.0,<0> ,17.0,<0> ,1533.5,<0> ,0.0,<0> 
05/07/2023 14:15,23.59375,tjrtlmet,P,1.0,1.0,15.0,,18.9,<0> ,67.0,<0> ,1018.0,<0> ,3.5,<0> ,5.3,<0> ,14:01,294.0,<0> ,17.0,<0> ,1470.1,<0> ,0.0,<0> 
05/07/2023 14:30,23.60416667,tjrtlmet,P,1.0,1.0,15.0,,18.8,<0> ,68.0,<0> ,1018.0,<0> ,3.7,<0> ,5.3,<0> ,14:21,294.0,<0> ,15.0,<0> ,1402.1,<0> ,0.0,<0> 
05/07/2023 14:45,23.61458333,tjrtlmet,P,1.0,1.0,15.0,,19.0,<0> ,68.0,<0> ,1018.0,<0> ,3.4,<0> ,5.0,<0> ,14:32,298.0,<0> ,18.0,<0> ,1329.8,<0> ,0.0,<0> 
05/07/2023 15:00,23.625,tjrtlmet,P,1.0,1.0,15.0,,18.9,<0> ,66.0,<0> ,1018.0,<0> ,3.6,<0> ,5.2,<0> ,14:54,296.0,<0> ,15.0,<0> ,1251.9,<0> ,0.0,<0> 
05/07/2023 15:15,23.63541667,tjrtlmet,P,1.0,1.0,15.0,,18.8,<0> ,66.0,<0> ,1017.0,<0> ,3.7,<0> ,5.6,<0> ,15:08,294.0,<0> ,17.0,<0> ,1170.8,<0> ,0.0,<0> 
05/07/2023 15:30,23.64583333,tjrtlmet,P,1.0,1.0,15.0,,18.7,<0> ,65.0,<0> ,1017.0,<0> ,3.8,<0> ,5.6,<0> ,15:26,294.0,<0> ,13.0,<0> ,1085.6,<0> ,0.0,<0> 
05/07/2023 15:45,23.65625,tjrtlmet,P,1.0,1.0,15.0,,18.2,<0> ,66.0,<0> ,1017.0,<0> ,4.2,<0> ,6.6,<0> ,15:32,295.0,<0> ,15.0,<0> ,996.9,<0> ,0.0,<0> 
05/07/2023 16:00,23.66666667,tjrtlmet,P,1.0,1.0,15.0,,18.2,<0> ,68.0,<0> ,1017.0,<0> ,3.8,<0> ,6.0,<0> ,15:46,294.0,<0> ,16.0,<0> ,906.6,<0> ,0.0,<0> 
05/07/2023 16:15,23.67708333,tjrtlmet,P,1.0,1.0,15.0,,18.2,<0> ,70.0,<0> ,1017.0,<0> ,3.4,<0> ,5.7,<0> ,16:00,298.0,<0> ,15.0,<0> ,813.2,<0> ,0.0,<0> 
05/07/2023 16:30,23.6875,tjrtlmet,P,1.0,1.0,15.0,,17.9,<0> ,70.0,<0> ,1017.0,<0> ,3.5,<0> ,5.4,<0> ,16:16,300.0,<0> ,14.0,<0> ,718.4,<0> ,0.0,<0> 
05/07/2023 16:45,23.69791667,tjrtlmet,P,1.0,1.0,15.0,,17.6,<0> ,70.0,<0> ,1017.0,<0> ,3.4,<0> ,5.1,<0> ,16:30,302.0,<0> ,16.0,<0> ,622.2,<0> ,0.0,<0> 
05/07/2023 17:00,23.70833333,tjrtlmet,P,1.0,1.0,15.0,,17.5,<0> ,70.0,<0> ,1017.0,<0> ,3.3,<0> ,5.2,<0> ,16:52,297.0,<0> ,15.0,<0> ,525.3,<0> ,0.0,<0> 
05/07/2023 17:15,23.71875,tjrtlmet,P,1.0,1.0,15.0,,17.3,<0> ,71.0,<0> ,1017.0,<0> ,3.1,<0> ,4.9,<0> ,17:08,300.0,<0> ,16.0,<0> ,429.4,<0> ,0.0,<0> 
05/07/2023 17:30,23.72916667,tjrtlmet,P,1.0,1.0,15.0,,17.0,<0> ,73.0,<0> ,1017.0,<0> ,2.9,<0> ,4.6,<0> ,17:25,300.0,<0> ,16.0,<0> ,321.0,<0> ,0.0,<0> 
05/07/2023 17:45,23.73958333,tjrtlmet,P,1.0,1.0,15.0,,16.7,<0> ,74.0,<0> ,1017.0,<0> ,2.9,<0> ,4.4,<0> ,17:30,305.0,<0> ,15.0,<0> ,247.0,<0> ,0.0,<0> 
05/07/2023 18:00,23.75,tjrtlmet,P,1.0,1.0,15.0,,16.4,<0> ,76.0,<0> ,1017.0,<0> ,2.6,<0> ,4.1,<0> ,17:49,300.0,<0> ,12.0,<0> ,160.6,<0> ,0.0,<0> 
05/07/2023 18:15,23.76041667,tjrtlmet,P,1.0,1.0,15.0,,15.8,<0> ,78.0,<0> ,1017.0,<0> ,2.7,<0> ,4.2,<0> ,18:01,300.0,<0> ,15.0,<0> ,72.5,<0> ,0.0,<0> 
05/07/2023 18:30,23.77083333,tjrtlmet,P,1.0,1.0,15.0,,15.5,<0> ,80.0,<0> ,1017.0,<0> ,2.7,<0> ,4.5,<0> ,18:18,296.0,<0> ,13.0,<0> ,33.2,<0> ,0.0,<0> 
05/07/2023 18:45,23.78125,tjrtlmet,P,1.0,1.0,15.0,,15.1,<0> ,82.0,<0> ,1017.0,<0> ,2.3,<0> ,3.6,<0> ,18:32,301.0,<0> ,14.0,<0> ,7.0,<0> ,0.0,<0> 
05/07/2023 19:00,23.79166667,tjrtlmet,P,1.0,1.0,15.0,,14.9,<0> ,83.0,<0> ,1017.0,<0> ,2.3,<0> ,4.4,<0> ,18:53,308.0,<0> ,14.0,<0> ,0.3,<0> ,0.0,<0> 
05/07/2023 19:15,23.80208333,tjrtlmet,P,1.0,1.0,15.0,,14.8,<0> ,83.0,<0> ,1017.0,<0> ,2.0,<0> ,3.7,<0> ,19:06,311.0,<0> ,18.0,<0> ,0.0,<0> ,0.0,<0> 
05/07/2023 19:30,23.8125,tjrtlmet,P,1.0,1.0,15.0,,14.9,<0> ,83.0,<0> ,1017.0,<0> ,1.8,<0> ,3.5,<0> ,19:18,316.0,<0> ,21.0,<0> ,0.0,<0> ,0.0,<0> 
05/07/2023 19:45,23.82291667,tjrtlmet,P,1.0,1.0,15.0,,14.9,<0> ,82.0,<0> ,1017.0,<0> ,1.8,<0> ,4.0,<0> ,19:33,315.0,<0> ,21.0,<0> ,0.0,<0> ,0.0,<0> 
05/07/2023 20:00,23.83333333,tjrtlmet,P,1.0,1.0,15.0,,14.9,<0> ,82.0,<0> ,1017.0,<0> ,1.7,<0> ,3.5,<0> ,19:56,315.0,<0> ,26.0,<0> ,0.0,<0> ,0.0,<0> 
05/07/2023 20:15,23.84375,tjrtlmet,P,1.0,1.0,15.0,,14.9,<0> ,82.0,<0> ,1017.0,<0> ,1.5,<0> ,3.5,<0> ,20:01,317.0,<0> ,27.0,<0> ,0.0,<0> ,0.0,<0> 
05/07/2023 20:30,23.85416667,tjrtlmet,P,1.0,1.0,15.0,,14.7,<0> ,83.0,<0> ,1017.0,<0> ,1.1,<0> ,2.7,<0> ,20:18,328.0,<0> ,27.0,<0> ,0.0,<0> ,0.0,<0> 
05/07/2023 20:45,23.86458333,tjrtlmet,P,1.0,1.0,15.0,,14.6,<0> ,83.0,<0> ,1017.0,<0> ,1.7,<0> ,3.2,<0> ,20:36,314.0,<0> ,18.0,<0> ,0.0,<0> ,0.0,<0> 
05/07/2023 21:00,23.875,tjrtlmet,P,1.0,1.0,15.0,,14.5,<0> ,82.0,<0> ,1018.0,<0> ,1.1,<0> ,3.4,<0> ,20:48,328.0,<0> ,32.0,<0> ,0.0,<0> ,0.0,<0> 
05/07/2023 21:15,23.88541667,tjrtlmet,P,1.0,1.0,15.0,,14.2,<0> ,83.0,<0> ,1017.0,<0> ,0.9,<0> ,2.3,<0> ,21:12,330.0,<0> ,28.0,<0> ,0.0,<0> ,0.0,<0> 
05/07/2023 21:30,23.89583333,tjrtlmet,P,1.0,1.0,15.0,,14.2,<0> ,83.0,<0> ,1017.0,<0> ,0.9,<0> ,2.7,<0> ,21:17,332.0,<0> ,31.0,<0> ,0.0,<0> ,0.0,<0> 
05/07/2023 21:45,23.90625,tjrtlmet,P,1.0,1.0,15.0,,14.1,<0> ,83.0,<0> ,1017.0,<0> ,0.9,<0> ,2.1,<0> ,21:30,324.0,<0> ,26.0,<0> ,0.0,<0> ,0.0,<0> 
05/07/2023 22:00,23.91666667,tjrtlmet,P,1.0,1.0,15.0,,13.9,<0> ,84.0,<0> ,1017.0,<0> ,0.6,<0> ,1.5,<0> ,21:46,332.0,<0> ,24.0,<0> ,0.0,<0> ,0.0,<0> 
05/07/2023 22:15,23.92708333,tjrtlmet,P,1.0,1.0,15.0,,13.8,<0> ,85.0,<0> ,1017.0,<0> ,0.8,<0> ,2.3,<0> ,22:09,318.0,<0> ,22.0,<0> ,0.0,<0> ,0.0,<0> 
05/07/2023 22:30,23.9375,tjrtlmet,P,1.0,1.0,15.0,,13.9,<0> ,86.0,<0> ,1017.0,<0> ,1.2,<0> ,2.3,<0> ,22:18,313.0,<0> ,19.0,<0> ,0.0,<0> ,0.0,<0> 
05/07/2023 22:45,23.94791667,tjrtlmet,P,1.0,1.0,15.0,,13.9,<0> ,85.0,<0> ,1017.0,<0> ,1.0,<0> ,2.2,<0> ,22:42,323.0,<0> ,24.0,<0> ,0.0,<0> ,0.0,<0> 
05/07/2023 23:00,23.95833333,tjrtlmet,P,1.0,1.0,15.0,,14.2,<0> ,84.0,<0> ,1017.0,<0> ,1.1,<0> ,2.4,<0> ,22:49,318.0,<0> ,21.0,<0> ,0.0,<0> ,0.0,<0> 
05/07/2023 23:15,23.96875,tjrtlmet,P,1.0,1.0,15.0,,14.6,<0> ,83.0,<0> ,1017.0,<0> ,1.7,<0> ,3.0,<0> ,23:03,308.0,<0> ,18.0,<0> ,0.0,<0> ,0.0,<0> 
05/07/2023 23:30,23.97916667,tjrtlmet,P,1.0,1.0,15.0,,14.6,<0> ,82.0,<0> ,1017.0,<0> ,1.5,<0> ,2.5,<0> ,23:28,309.0,<0> ,15.0,<0> ,0.0,<0> ,0.0,<0> 
05/07/2023 23:45,23.98958333,tjrtlmet,P,1.0,1.0,15.0,,14.8,<0> ,81.0,<0> ,1017.0,<0> ,1.5,<0> ,2.6,<0> ,23:41,307.0,<0> ,16.0,<0> ,0.0,<0> ,0.0,<0> 
05/08/2023 00:00,24.0,tjrtlmet,P,1.0,1.0,15.0,,14.9,<0> ,81.0,<0> ,1017.0,<0> ,1.4,<0> ,2.8,<0> ,23:56,311.0,<0> ,18.0,<0> ,0.0,<0> ,0.0,<0> 
05/08/2023 00:15,24.01041667,tjrtlmet,P,1.0,1.0,15.0,,14.8,<0> ,80.0,<0> ,1017.0,<0> ,0.7,<0> ,1.9,<0> ,00:08,312.0,<0> ,19.0,<0> ,0.0,<0> ,0.0,<0> 
05/08/2023 00:30,24.02083333,tjrtlmet,P,1.0,1.0,15.0,,14.7,<0> ,80.0,<0> ,1017.0,<0> ,0.7,<0> ,2.1,<0> ,00:20,319.0,<0> ,18.0,<0> ,0.0,<0> ,0.0,<0> 
05/08/2023 00:45,24.03125,tjrtlmet,P,1.0,1.0,15.0,,14.6,<0> ,78.0,<0> ,1017.0,<0> ,0.5,<0> ,1.3,<0> ,00:35,20.0,<0> ,22.0,<0> ,0.0,<0> ,0.0,<0> 
05/08/2023 01:00,24.04166667,tjrtlmet,P,1.0,1.0,15.0,,14.7,<0> ,78.0,<0> ,1016.0,<0> ,0.2,<0> ,0.8,<0> ,00:52,257.0,<0> ,39.0,<0> ,0.0,<0> ,0.0,<0> 
05/08/2023 01:15,24.05208333,tjrtlmet,P,1.0,1.0,15.0,,14.5,<0> ,81.0,<0> ,1016.0,<0> ,0.0,<0> ,0.5,<0> ,01:07,321.0,<0> ,12.0,<0> ,0.0,<0> ,0.0,<0> 
05/08/2023 01:30,24.0625,tjrtlmet,P,1.0,1.0,15.0,,14.0,<0> ,83.0,<0> ,1016.0,<0> ,0.4,<0> ,0.9,<0> ,01:21,310.0,<0> ,10.0,<0> ,0.0,<0> ,0.0,<0> 
05/08/2023 01:45,24.07291667,tjrtlmet,P,1.0,1.0,15.0,,13.6,<0> ,85.0,<0> ,1016.0,<0> ,0.6,<0> ,1.4,<0> ,01:43,314.0,<0> ,12.0,<0> ,0.0,<0> ,0.0,<0> 
05/08/2023 02:00,24.08333333,tjrtlmet,P,1.0,1.0,15.0,,13.6,<0> ,86.0,<0> ,1016.0,<0> ,0.3,<0> ,1.0,<0> ,01:45,329.0,<0> ,16.0,<0> ,0.0,<0> ,0.0,<0> 
05/08/2023 02:15,24.09375,tjrtlmet,P,1.0,1.0,15.0,,13.9,<0> ,85.0,<0> ,1016.0,<0> ,0.3,<0> ,0.9,<0> ,02:06,353.0,<0> ,24.0,<0> ,0.0,<0> ,0.0,<0> 
05/08/2023 02:30,24.10416667,tjrtlmet,P,1.0,1.0,15.0,,14.4,<0> ,82.0,<0> ,1016.0,<0> ,0.6,<0> ,1.9,<0> ,02:16,26.0,<0> ,24.0,<0> ,0.0,<0> ,0.0,<0> 
05/08/2023 02:45,24.11458333,tjrtlmet,P,1.0,1.0,15.0,,14.5,<0> ,80.0,<0> ,1016.0,<0> ,0.6,<0> ,1.9,<0> ,02:36,339.0,<0> ,26.0,<0> ,0.0,<0> ,0.0,<0> 
05/08/2023 03:00,24.125,tjrtlmet,P,1.0,1.0,15.0,,14.3,<0> ,80.0,<0> ,1016.0,<0> ,0.1,<0> ,0.8,<0> ,02:46,336.0,<0> ,12.0,<0> ,0.0,<0> ,0.0,<0> 
05/08/2023 03:15,24.13541667,tjrtlmet,P,1.0,1.0,15.0,,14.6,<0> ,79.0,<0> ,1016.0,<0> ,0.4,<0> ,1.0,<0> ,03:14,8.0,<0> ,25.0,<0> ,0.0,<0> ,0.0,<0> 
05/08/2023 03:30,24.14583333,tjrtlmet,P,1.0,1.0,15.0,,14.7,<0> ,79.0,<0> ,1016.0,<0> ,0.6,<0> ,1.9,<0> ,03:18,20.0,<0> ,39.0,<0> ,0.0,<0> ,0.0,<0> 
05/08/2023 03:45,24.15625,tjrtlmet,P,1.0,1.0,15.0,,14.7,<0> ,78.0,<0> ,1016.0,<0> ,0.5,<0> ,1.6,<0> ,03:33,357.0,<0> ,36.0,<0> ,0.0,<0> ,0.0,<0> 
05/08/2023 04:00,24.16666667,tjrtlmet,P,1.0,1.0,15.0,,14.7,<0> ,79.0,<0> ,1016.0,<0> ,0.4,<0> ,1.6,<0> ,03:50,348.0,<0> ,28.0,<0> ,0.0,<0> ,0.0,<0> 
05/08/2023 04:15,24.17708333,tjrtlmet,P,1.0,1.0,15.0,,14.6,<0> ,79.0,<0> ,1016.0,<0> ,0.3,<0> ,1.3,<0> ,04:11,354.0,<0> ,17.0,<0> ,0.0,<0> ,0.0,<0> 
05/08/2023 04:30,24.1875,tjrtlmet,P,1.0,1.0,15.0,,14.6,<0> ,80.0,<0> ,1016.0,<0> ,0.5,<0> ,1.3,<0> ,04:16,323.0,<0> ,23.0,<0> ,0.0,<0> ,0.0,<0> 
05/08/2023 04:45,24.19791667,tjrtlmet,P,1.0,1.0,15.0,,14.5,<0> ,80.0,<0> ,1016.0,<0> ,0.6,<0> ,1.8,<0> ,04:39,5.0,<0> ,23.0,<0> ,0.0,<0> ,0.0,<0> 
05/08/2023 05:00,24.20833333,tjrtlmet,P,1.0,1.0,15.0,,14.6,<0> ,79.0,<0> ,1016.0,<0> ,0.6,<0> ,1.8,<0> ,04:48,51.0,<0> ,27.0,<0> ,4.2,<0> ,0.0,<0> 
05/08/2023 05:15,24.21875,tjrtlmet,P,1.0,1.0,15.0,,14.7,<0> ,79.0,<0> ,1016.0,<0> ,0.7,<0> ,1.6,<0> ,05:14,68.0,<0> ,23.0,<0> ,18.0,<0> ,0.0,<0> 
05/08/2023 05:30,24.22916667,tjrtlmet,P,1.0,1.0,15.0,,14.8,<0> ,78.0,<0> ,1016.0,<0> ,1.0,<0> ,1.8,<0> ,05:25,78.0,<0> ,22.0,<0> ,50.1,<0> ,0.0,<0> 
05/08/2023 05:45,24.23958333,tjrtlmet,P,1.0,1.0,15.0,,14.4,<0> ,80.0,<0> ,1016.0,<0> ,1.1,<0> ,2.1,<0> ,05:32,92.0,<0> ,16.0,<0> ,112.0,<0> ,0.0,<0> 
05/08/2023 06:00,24.25,tjrtlmet,P,1.0,1.0,15.0,,14.6,<0> ,79.0,<0> ,1017.0,<0> ,1.0,<0> ,2.1,<0> ,05:45,95.0,<0> ,17.0,<0> ,157.7,<0> ,0.0,<0> 
05/08/2023 06:15,24.26041667,tjrtlmet,P,1.0,1.0,15.0,,14.9,<0> ,78.0,<0> ,1017.0,<0> ,0.8,<0> ,1.9,<0> ,06:03,85.0,<0> ,30.0,<0> ,201.4,<0> ,0.0,<0> 
05/08/2023 06:30,24.27083333,tjrtlmet,P,1.0,1.0,15.0,,15.4,<0> ,76.0,<0> ,1017.0,<0> ,0.9,<0> ,1.8,<0> ,06:29,53.0,<0> ,27.0,<0> ,277.8,<0> ,0.0,<0> 
05/08/2023 06:45,24.28125,tjrtlmet,P,1.0,1.0,15.0,,15.8,<0> ,74.0,<0> ,1017.0,<0> ,1.0,<0> ,2.0,<0> ,06:32,100.0,<0> ,27.0,<0> ,371.9,<0> ,0.0,<0> 
05/08/2023 07:00,24.29166667,tjrtlmet,P,1.0,1.0,15.0,,16.2,<0> ,73.0,<0> ,1017.0,<0> ,0.9,<0> ,2.2,<0> ,06:59,78.0,<0> ,53.0,<0> ,503.8,<0> ,0.0,<0> 
05/08/2023 07:15,24.30208333,tjrtlmet,P,1.0,1.0,15.0,,16.4,<0> ,73.0,<0> ,1017.0,<0> ,0.7,<0> ,2.1,<0> ,07:13,301.0,<0> ,42.0,<0> ,452.3,<0> ,0.0,<0> 
05/08/2023 07:30,24.3125,tjrtlmet,P,1.0,1.0,15.0,,16.4,<0> ,73.0,<0> ,1017.0,<0> ,1.1,<0> ,2.1,<0> ,07:18,302.0,<0> ,33.0,<0> ,445.8,<0> ,0.0,<0> 
05/08/2023 07:45,24.32291667,tjrtlmet,P,1.0,1.0,15.0,,16.6,<0> ,71.0,<0> ,1017.0,<0> ,0.9,<0> ,2.3,<0> ,07:43,346.0,<0> ,43.0,<0> ,639.0,<0> ,0.0,<0> 
05/08/2023 08:00,24.33333333,tjrtlmet,P,1.0,1.0,15.0,,17.0,<0> ,70.0,<0> ,1017.0,<0> ,1.4,<0> ,2.9,<0> ,07:55,311.0,<0> ,31.0,<0> ,954.6,<0> ,0.0,<0> 
05/08/2023 08:15,24.34375,tjrtlmet,P,1.0,1.0,15.0,,16.6,<0> ,73.0,<0> ,1017.0,<0> ,1.3,<0> ,2.3,<0> ,08:03,290.0,<0> ,20.0,<0> ,501.5,<0> ,0.0,<0> 
05/08/2023 08:30,24.35416667,tjrtlmet,P,1.0,1.0,15.0,,17.1,<0> ,73.0,<0> ,1017.0,<0> ,1.9,<0> ,3.1,<0> ,08:22,288.0,<0> ,20.0,<0> ,1195.0,<0> ,0.0,<0> 
05/08/2023 08:45,24.36458333,tjrtlmet,P,1.0,1.0,15.0,,17.2,<0> ,72.0,<0> ,1017.0,<0> ,2.3,<0> ,3.2,<0> ,08:39,281.0,<0> ,15.0,<0> ,1281.0,<0> ,0.0,<0> 
05/08/2023 09:00,24.375,tjrtlmet,P,1.0,1.0,15.0,,17.4,<0> ,72.0,<0> ,1017.0,<0> ,2.6,<0> ,3.9,<0> ,08:58,276.0,<0> ,14.0,<0> ,1352.7,<0> ,0.0,<0> 
05/08/2023 09:15,24.38541667,tjrtlmet,P,1.0,1.0,15.0,,17.6,<0> ,73.0,<0> ,1017.0,<0> ,2.9,<0> ,4.5,<0> ,09:12,276.0,<0> ,15.0,<0> ,1426.4,<0> ,0.0,<0> 
05/08/2023 09:30,24.39583333,tjrtlmet,P,1.0,1.0,15.0,,18.0,<0> ,73.0,<0> ,1017.0,<0> ,3.1,<0> ,4.4,<0> ,09:25,279.0,<0> ,15.0,<0> ,1490.5,<0> ,0.0,<0> 
05/08/2023 09:45,24.40625,tjrtlmet,P,1.0,1.0,15.0,,17.9,<0> ,75.0,<0> ,1018.0,<0> ,3.6,<0> ,5.1,<0> ,09:41,279.0,<0> ,12.0,<0> ,1553.2,<0> ,0.0,<0> 
05/08/2023 10:00,24.41666667,tjrtlmet,P,1.0,1.0,15.0,,17.9,<0> ,73.0,<0> ,1018.0,<0> ,3.7,<0> ,5.5,<0> ,09:55,282.0,<0> ,12.0,<0> ,1609.4,<0> ,0.0,<0> 
05/08/2023 10:15,24.42708333,tjrtlmet,P,1.0,1.0,15.0,,18.2,<0> ,72.0,<0> ,1017.0,<0> ,3.6,<0> ,5.3,<0> ,10:01,283.0,<0> ,13.0,<0> ,1659.8,<0> ,0.0,<0> 
05/08/2023 10:30,24.4375,tjrtlmet,P,1.0,1.0,15.0,,18.2,<0> ,71.0,<0> ,1017.0,<0> ,3.6,<0> ,5.0,<0> ,10:27,280.0,<0> ,12.0,<0> ,1701.5,<0> ,0.0,<0> 
05/08/2023 10:45,24.44791667,tjrtlmet,P,1.0,1.0,15.0,,18.2,<0> ,72.0,<0> ,1018.0,<0> ,3.9,<0> ,5.4,<0> ,10:35,281.0,<0> ,12.0,<0> ,1733.9,<0> ,0.0,<0> 
05/08/2023 11:00,24.45833333,tjrtlmet,P,1.0,1.0,15.0,,18.3,<0> ,71.0,<0> ,1017.0,<0> ,3.9,<0> ,5.5,<0> ,10:57,279.0,<0> ,13.0,<0> ,1761.6,<0> ,0.0,<0> 
05/08/2023 11:15,24.46875,tjrtlmet,P,1.0,1.0,15.0,,18.2,<0> ,72.0,<0> ,1017.0,<0> ,3.9,<0> ,5.7,<0> ,11:10,279.0,<0> ,13.0,<0> ,1780.3,<0> ,0.0,<0> 
05/08/2023 11:30,24.47916667,tjrtlmet,P,1.0,1.0,15.0,,18.4,<0> ,71.0,<0> ,1017.0,<0> ,3.8,<0> ,5.1,<0> ,11:26,283.0,<0> ,13.0,<0> ,1794.3,<0> ,0.0,<0> 
05/08/2023 11:45,24.48958333,tjrtlmet,P,1.0,1.0,15.0,,18.4,<0> ,72.0,<0> ,1017.0,<0> ,3.9,<0> ,5.7,<0> ,11:41,278.0,<0> ,14.0,<0> ,1800.0,<0> ,0.0,<0> 
05/08/2023 12:00,24.5,tjrtlmet,P,1.0,1.0,15.0,,18.2,<0> ,72.0,<0> ,1017.0,<0> ,3.8,<0> ,5.1,<0> ,11:49,276.0,<0> ,12.0,<0> ,1797.4,<0> ,0.0,<0> 
05/08/2023 12:15,24.51041667,tjrtlmet,P,1.0,1.0,15.0,,18.4,<0> ,72.0,<0> ,1017.0,<0> ,3.7,<0> ,5.2,<0> ,12:12,280.0,<0> ,15.0,<0> ,1789.6,<0> ,0.0,<0> 
05/08/2023 12:30,24.52083333,tjrtlmet,P,1.0,1.0,15.0,,18.2,<0> ,72.0,<0> ,1017.0,<0> ,4.1,<0> ,5.7,<0> ,12:28,278.0,<0> ,13.0,<0> ,1773.2,<0> ,0.0,<0> 
05/08/2023 12:45,24.53125,tjrtlmet,P,1.0,1.0,15.0,,18.3,<0> ,73.0,<0> ,1017.0,<0> ,4.1,<0> ,5.8,<0> ,12:41,280.0,<0> ,13.0,<0> ,1749.7,<0> ,0.0,<0> 
05/08/2023 13:00,24.54166667,tjrtlmet,P,1.0,1.0,15.0,,18.5,<0> ,73.0,<0> ,1017.0,<0> ,4.1,<0> ,6.3,<0> ,12:45,283.0,<0> ,12.0,<0> ,1718.0,<0> ,0.0,<0> 
05/08/2023 13:15,24.55208333,tjrtlmet,P,1.0,1.0,15.0,,18.5,<0> ,73.0,<0> ,1017.0,<0> ,4.3,<0> ,6.1,<0> ,13:08,284.0,<0> ,12.0,<0> ,1680.9,<0> ,0.0,<0> 
05/08/2023 13:30,24.5625,tjrtlmet,P,1.0,1.0,15.0,,18.4,<0> ,74.0,<0> ,1017.0,<0> ,4.1,<0> ,6.2,<0> ,13:21,281.0,<0> ,14.0,<0> ,1634.4,<0> ,0.0,<0> 
05/08/2023 13:45,24.57291667,tjrtlmet,P,1.0,1.0,15.0,,18.4,<0> ,74.0,<0> ,1016.0,<0> ,4.0,<0> ,5.5,<0> ,13:30,280.0,<0> ,14.0,<0> ,1581.9,<0> ,0.0,<0> 
05/08/2023 14:00,24.58333333,tjrtlmet,P,1.0,1.0,15.0,,18.7,<0> ,74.0,<0> ,1016.0,<0> ,3.8,<0> ,5.4,<0> ,13:46,282.0,<0> ,14.0,<0> ,1522.6,<0> ,0.0,<0> 
05/08/2023 14:15,24.59375,tjrtlmet,P,1.0,1.0,15.0,,18.4,<0> ,74.0,<0> ,1016.0,<0> ,4.0,<0> ,5.5,<0> ,14:06,280.0,<0> ,13.0,<0> ,1456.4,<0> ,0.0,<0> 
05/08/2023 14:30,24.60416667,tjrtlmet,P,1.0,1.0,15.0,,18.5,<0> ,74.0,<0> ,1016.0,<0> ,3.7,<0> ,5.7,<0> ,14:20,282.0,<0> ,14.0,<0> ,1391.4,<0> ,0.0,<0> 
05/08/2023 14:45,24.61458333,tjrtlmet,P,1.0,1.0,15.0,,18.5,<0> ,74.0,<0> ,1016.0,<0> ,3.7,<0> ,5.3,<0> ,14:31,280.0,<0> ,13.0,<0> ,1302.4,<0> ,0.0,<0> 
05/08/2023 15:00,24.625,tjrtlmet,P,1.0,1.0,15.0,,18.4,<0> ,75.0,<0> ,1016.0,<0> ,3.7,<0> ,5.5,<0> ,14:55,281.0,<0> ,15.0,<0> ,1234.3,<0> ,0.0,<0> 
05/08/2023 15:15,24.63541667,tjrtlmet,P,1.0,1.0,15.0,,18.2,<0> ,75.0,<0> ,1016.0,<0> ,3.6,<0> ,5.1,<0> ,15:02,283.0,<0> ,13.0,<0> ,1116.8,<0> ,0.0,<0> 
05/08/2023 15:30,24.64583333,tjrtlmet,P,1.0,1.0,15.0,,18.1,<0> ,75.0,<0> ,1016.0,<0> ,3.4,<0> ,5.0,<0> ,15:18,286.0,<0> ,16.0,<0> ,943.8,<0> ,0.0,<0> 
05/08/2023 15:45,24.65625,tjrtlmet,P,1.0,1.0,15.0,,17.8,<0> ,76.0,<0> ,1016.0,<0> ,3.3,<0> ,4.8,<0> ,15:39,288.0,<0> ,14.0,<0> ,886.9,<0> ,0.0,<0> 
05/08/2023 16:00,24.66666667,tjrtlmet,P,1.0,1.0,15.0,,17.6,<0> ,76.0,<0> ,1016.0,<0> ,3.1,<0> ,4.4,<0> ,15:46,289.0,<0> ,15.0,<0> ,704.0,<0> ,0.0,<0> 
05/08/2023 16:15,24.67708333,tjrtlmet,P,1.0,1.0,15.0,,17.3,<0> ,77.0,<0> ,1016.0,<0> ,2.9,<0> ,4.4,<0> ,16:11,296.0,<0> ,17.0,<0> ,544.0,<0> ,0.0,<0> 
05/08/2023 16:30,24.6875,tjrtlmet,P,1.0,1.0,15.0,,17.1,<0> ,78.0,<0> ,1016.0,<0> ,2.9,<0> ,4.6,<0> ,16:25,299.0,<0> ,16.0,<0> ,572.2,<0> ,0.0,<0> 
05/08/2023 16:45,24.69791667,tjrtlmet,P,1.0,1.0,15.0,,17.0,<0> ,78.0,<0> ,1016.0,<0> ,2.8,<0> ,4.3,<0> ,16:44,292.0,<0> ,14.0,<0> ,369.4,<0> ,0.0,<0> 
05/08/2023 17:00,24.70833333,tjrtlmet,P,1.0,1.0,15.0,,16.4,<0> ,81.0,<0> ,1016.0,<0> ,2.4,<0> ,3.8,<0> ,16:58,297.0,<0> ,15.0,<0> ,270.4,<0> ,0.0,<0> 
05/08/2023 17:15,24.71875,tjrtlmet,P,1.0,1.0,15.0,,16.2,<0> ,81.0,<0> ,1016.0,<0> ,2.8,<0> ,4.5,<0> ,17:04,296.0,<0> ,16.0,<0> ,250.4,<0> ,0.0,<0> 
05/08/2023 17:30,24.72916667,tjrtlmet,P,1.0,1.0,15.0,,16.2,<0> ,81.0,<0> ,1016.0,<0> ,2.5,<0> ,3.9,<0> ,17:18,299.0,<0> ,15.0,<0> ,288.0,<0> ,0.0,<0> 
05/08/2023 17:45,24.73958333,tjrtlmet,P,1.0,1.0,15.0,,16.4,<0> ,80.0,<0> ,1015.0,<0> ,2.3,<0> ,3.5,<0> ,17:31,297.0,<0> ,14.0,<0> ,233.9,<0> ,0.0,<0> 
05/08/2023 18:00,24.75,tjrtlmet,P,1.0,1.0,15.0,,16.0,<0> ,82.0,<0> ,1015.0,<0> ,2.1,<0> ,3.4,<0> ,17:56,300.0,<0> ,15.0,<0> ,152.3,<0> ,0.0,<0> 
05/08/2023 18:15,24.76041667,tjrtlmet,P,1.0,1.0,15.0,,15.6,<0> ,83.0,<0> ,1015.0,<0> ,1.8,<0> ,2.7,<0> ,18:01,299.0,<0> ,15.0,<0> ,80.3,<0> ,0.0,<0> 
05/08/2023 18:30,24.77083333,tjrtlmet,P,1.0,1.0,15.0,,15.1,<0> ,85.0,<0> ,1015.0,<0> ,1.7,<0> ,2.8,<0> ,18:21,297.0,<0> ,14.0,<0> ,29.5,<0> ,0.0,<0> 
05/08/2023 18:45,24.78125,tjrtlmet,P,1.0,1.0,15.0,,14.8,<0> ,87.0,<0> ,1016.0,<0> ,2.0,<0> ,3.5,<0> ,18:30,298.0,<0> ,13.0,<0> ,7.4,<0> ,0.0,<0> 
05/08/2023 19:00,24.79166667,tjrtlmet,P,1.0,1.0,15.0,,14.6,<0> ,88.0,<0> ,1016.0,<0> ,2.1,<0> ,3.8,<0> ,18:57,297.0,<0> ,12.0,<0> ,0.3,<0> ,0.0,<0> 
05/08/2023 19:15,24.80208333,tjrtlmet,P,1.0,1.0,15.0,,14.5,<0> ,88.0,<0> ,1016.0,<0> ,2.1,<0> ,3.2,<0> ,19:05,295.0,<0> ,13.0,<0> ,0.0,<0> ,0.0,<0> 
05/08/2023 19:30,24.8125,tjrtlmet,P,1.0,1.0,15.0,,14.4,<0> ,88.0,<0> ,1016.0,<0> ,2.1,<0> ,3.2,<0> ,19:28,302.0,<0> ,12.0,<0> ,0.0,<0> ,0.0,<0> 
05/08/2023 19:45,24.82291667,tjrtlmet,P,1.0,1.0,15.0,,14.4,<0> ,88.0,<0> ,1015.0,<0> ,2.0,<0> ,3.2,<0> ,19:39,309.0,<0> ,14.0,<0> ,0.0,<0> ,0.0,<0> 
05/08/2023 20:00,24.83333333,tjrtlmet,P,1.0,1.0,15.0,,14.3,<0> ,88.0,<0> ,1016.0,<0> ,1.9,<0> ,3.4,<0> ,19:54,307.0,<0> ,16.0,<0> ,0.0,<0> ,0.0,<0> 
05/08/2023 20:15,24.84375,tjrtlmet,P,1.0,1.0,15.0,,14.4,<0> ,88.0,<0> ,1016.0,<0> ,2.1,<0> ,3.4,<0> ,20:11,308.0,<0> ,15.0,<0> ,0.0,<0> ,0.0,<0> 
05/08/2023 20:30,24.85416667,tjrtlmet,P,1.0,1.0,15.0,,14.3,<0> ,89.0,<0> ,1016.0,<0> ,2.1,<0> ,3.4,<0> ,20:26,307.0,<0> ,13.0,<0> ,0.0,<0> ,0.0,<0> 
05/08/2023 20:45,24.86458333,tjrtlmet,P,1.0,1.0,15.0,,14.3,<0> ,89.0,<0> ,1016.0,<0> ,1.8,<0> ,3.3,<0> ,20:31,311.0,<0> ,15.0,<0> ,0.0,<0> ,0.0,<0> 
05/08/2023 21:00,24.875,tjrtlmet,P,1.0,1.0,15.0,,14.1,<0> ,89.0,<0> ,1016.0,<0> ,1.3,<0> ,2.9,<0> ,20:45,315.0,<0> ,25.0,<0> ,0.0,<0> ,0.0,<0> 
05/08/2023 21:15,24.88541667,tjrtlmet,P,1.0,1.0,15.0,,13.9,<0> ,89.0,<0> ,1016.0,<0> ,1.6,<0> ,2.7,<0> ,21:13,309.0,<0> ,14.0,<0> ,0.0,<0> ,0.0,<0> 
05/08/2023 21:30,24.89583333,tjrtlmet,P,1.0,1.0,15.0,,14.0,<0> ,89.0,<0> ,1016.0,<0> ,1.8,<0> ,2.9,<0> ,21:22,309.0,<0> ,15.0,<0> ,0.0,<0> ,0.0,<0> 
05/08/2023 21:45,24.90625,tjrtlmet,P,1.0,1.0,15.0,,14.1,<0> ,89.0,<0> ,1016.0,<0> ,1.9,<0> ,3.4,<0> ,21:34,306.0,<0> ,15.0,<0> ,0.0,<0> ,0.0,<0> 
05/08/2023 22:00,24.91666667,tjrtlmet,P,1.0,1.0,15.0,,14.0,<0> ,89.0,<0> ,1016.0,<0> ,1.5,<0> ,2.7,<0> ,21:51,306.0,<0> ,13.0,<0> ,0.0,<0> ,0.0,<0> 
05/08/2023 22:15,24.92708333,tjrtlmet,P,1.0,1.0,15.0,,14.1,<0> ,89.0,<0> ,1016.0,<0> ,1.6,<0> ,2.7,<0> ,22:10,307.0,<0> ,18.0,<0> ,0.0,<0> ,0.0,<0> 
05/08/2023 22:30,24.9375,tjrtlmet,P,1.0,1.0,15.0,,14.3,<0> ,88.0,<0> ,1016.0,<0> ,1.5,<0> ,2.6,<0> ,22:19,305.0,<0> ,15.0,<0> ,0.0,<0> ,0.0,<0> 
05/08/2023 22:45,24.94791667,tjrtlmet,P,1.0,1.0,15.0,,14.2,<0> ,88.0,<0> ,1016.0,<0> ,1.6,<0> ,2.8,<0> ,22:44,302.0,<0> ,14.0,<0> ,0.0,<0> ,0.0,<0> 
05/08/2023 23:00,24.95833333,tjrtlmet,P,1.0,1.0,15.0,,13.8,<0> ,88.0,<0> ,1016.0,<0> ,0.8,<0> ,2.0,<0> ,22:59,320.0,<0> ,22.0,<0> ,0.0,<0> ,0.0,<0> 
05/08/2023 23:15,24.96875,tjrtlmet,P,1.0,1.0,15.0,,13.8,<0> ,89.0,<0> ,1016.0,<0> ,1.4,<0> ,2.5,<0> ,23:01,306.0,<0> ,17.0,<0> ,0.0,<0> ,0.0,<0> 
05/08/2023 23:30,24.97916667,tjrtlmet,P,1.0,1.0,15.0,,14.0,<0> ,89.0,<0> ,1016.0,<0> ,1.6,<0> ,2.5,<0> ,23:20,305.0,<0> ,15.0,<0> ,0.0,<0> ,0.0,<0> 
05/08/2023 23:45,24.98958333,tjrtlmet,P,1.0,1.0,15.0,,13.9,<0> ,88.0,<0> ,1016.0,<0> ,1.0,<0> ,2.0,<0> ,23:34,309.0,<0> ,19.0,<0> ,0.0,<0> ,0.0,<0> 
05/09/2023 00:00,25.0,tjrtlmet,P,1.0,1.0,15.0,,13.8,<0> ,89.0,<0> ,1016.0,<0> ,0.6,<0> ,1.6,<0> ,23:56,318.0,<0> ,24.0,<0> ,0.0,<0> ,0.0,<0> 
05/09/2023 00:15,25.01041667,tjrtlmet,P,1.0,1.0,15.0,,14.1,<0> ,88.0,<0> ,1016.0,<0> ,0.5,<0> ,1.8,<0> ,00:03,338.0,<0> ,29.0,<0> ,0.0,<0> ,0.0,<0> 
05/09/2023 00:30,25.02083333,tjrtlmet,P,1.0,1.0,15.0,,14.4,<0> ,87.0,<0> ,1016.0,<0> ,0.4,<0> ,1.1,<0> ,00:24,297.0,<0> ,38.0,<0> ,0.0,<0> ,0.0,<0> 
05/09/2023 00:45,25.03125,tjrtlmet,P,1.0,1.0,15.0,,14.5,<0> ,85.0,<0> ,1016.0,<0> ,0.8,<0> ,2.0,<0> ,00:31,285.0,<0> ,27.0,<0> ,0.0,<0> ,0.0,<0> 
05/09/2023 01:00,25.04166667,tjrtlmet,P,1.0,1.0,15.0,,14.6,<0> ,83.0,<0> ,1015.0,<0> ,0.1,<0> ,1.1,<0> ,00:50,297.0,<0> ,23.0,<0> ,0.0,<0> ,0.0,<0> 
05/09/2023 01:15,25.05208333,tjrtlmet,P,1.0,1.0,15.0,,14.6,<0> ,83.0,<0> ,1015.0,<0> ,0.9,<0> ,2.1,<0> ,01:08,240.0,<0> ,30.0,<0> ,0.0,<0> ,0.0,<0> 
05/09/2023 01:30,25.0625,tjrtlmet,P,1.0,1.0,15.0,,14.6,<0> ,83.0,<0> ,1015.0,<0> ,0.7,<0> ,1.6,<0> ,01:19,237.0,<0> ,19.0,<0> ,0.0,<0> ,0.0,<0> 
05/09/2023 01:45,25.07291667,tjrtlmet,P,1.0,1.0,15.0,,14.6,<0> ,81.0,<0> ,1015.0,<0> ,1.0,<0> ,1.9,<0> ,01:32,233.0,<0> ,25.0,<0> ,0.0,<0> ,0.0,<0> 
05/09/2023 02:00,25.08333333,tjrtlmet,P,1.0,1.0,15.0,,14.6,<0> ,80.0,<0> ,1015.0,<0> ,1.0,<0> ,2.2,<0> ,01:48,222.0,<0> ,44.0,<0> ,0.0,<0> ,0.0,<0> 
05/09/2023 02:15,25.09375,tjrtlmet,P,1.0,1.0,15.0,,14.5,<0> ,80.0,<0> ,1015.0,<0> ,0.3,<0> ,0.8,<0> ,02:00,191.0,<0> ,52.0,<0> ,0.0,<0> ,0.0,<0> 
05/09/2023 02:30,25.10416667,tjrtlmet,P,1.0,1.0,15.0,,14.6,<0> ,80.0,<0> ,1015.0,<0> ,0.3,<0> ,1.1,<0> ,02:22,44.0,<0> ,49.0,<0> ,0.0,<0> ,0.0,<0> 
05/09/2023 02:45,25.11458333,tjrtlmet,P,1.0,1.0,15.0,,14.7,<0> ,80.0,<0> ,1015.0,<0> ,1.1,<0> ,2.2,<0> ,02:37,281.0,<0> ,26.0,<0> ,0.0,<0> ,0.0,<0> 
05/09/2023 03:00,25.125,tjrtlmet,P,1.0,1.0,15.0,,14.6,<0> ,80.0,<0> ,1015.0,<0> ,1.5,<0> ,2.9,<0> ,02:52,285.0,<0> ,16.0,<0> ,0.0,<0> ,0.0,<0> 
05/09/2023 03:15,25.13541667,tjrtlmet,P,1.0,1.0,15.0,,14.6,<0> ,77.0,<0> ,1015.0,<0> ,0.7,<0> ,1.6,<0> ,03:13,203.0,<0> ,65.0,<0> ,0.0,<0> ,0.0,<0> 
05/09/2023 03:30,25.14583333,tjrtlmet,P,1.0,1.0,15.0,,14.7,<0> ,77.0,<0> ,1015.0,<0> ,0.5,<0> ,1.7,<0> ,03:28,308.0,<0> ,52.0,<0> ,0.0,<0> ,0.0,<0> 
05/09/2023 03:45,25.15625,tjrtlmet,P,1.0,1.0,15.0,,14.6,<0> ,78.0,<0> ,1015.0,<0> ,1.1,<0> ,2.9,<0> ,03:44,290.0,<0> ,39.0,<0> ,0.0,<0> ,0.0,<0> 
05/09/2023 04:00,25.16666667,tjrtlmet,P,1.0,1.0,15.0,,14.4,<0> ,79.0,<0> ,1015.0,<0> ,1.0,<0> ,2.3,<0> ,03:46,244.0,<0> ,27.0,<0> ,0.0,<0> ,0.0,<0> 
05/09/2023 04:15,25.17708333,tjrtlmet,P,1.0,1.0,15.0,,14.4,<0> ,79.0,<0> ,1015.0,<0> ,1.1,<0> ,2.9,<0> ,04:04,222.0,<0> ,22.0,<0> ,0.0,<0> ,0.0,<0> 
05/09/2023 04:30,25.1875,tjrtlmet,P,1.0,1.0,15.0,,14.5,<0> ,79.0,<0> ,1015.0,<0> ,0.9,<0> ,1.9,<0> ,04:24,273.0,<0> ,17.0,<0> ,0.0,<0> ,0.0,<0> 
05/09/2023 04:45,25.19791667,tjrtlmet,P,1.0,1.0,15.0,,14.4,<0> ,79.0,<0> ,1015.0,<0> ,1.7,<0> ,3.1,<0> ,04:40,277.0,<0> ,19.0,<0> ,0.0,<0> ,0.0,<0> 
05/09/2023 05:00,25.20833333,tjrtlmet,P,1.0,1.0,15.0,,14.4,<0> ,79.0,<0> ,1015.0,<0> ,1.2,<0> ,2.2,<0> ,04:59,251.0,<0> ,15.0,<0> ,2.6,<0> ,0.0,<0> 
05/09/2023 05:15,25.21875,tjrtlmet,P,1.0,1.0,15.0,,14.4,<0> ,80.0,<0> ,1015.0,<0> ,1.4,<0> ,3.0,<0> ,05:14,256.0,<0> ,25.0,<0> ,10.4,<0> ,0.0,<0> 
05/09/2023 05:30,25.22916667,tjrtlmet,P,1.0,1.0,15.0,,14.5,<0> ,78.0,<0> ,1015.0,<0> ,1.3,<0> ,2.7,<0> ,05:24,275.0,<0> ,20.0,<0> ,26.6,<0> ,0.0,<0> 
05/09/2023 05:45,25.23958333,tjrtlmet,P,1.0,1.0,15.0,,14.6,<0> ,78.0,<0> ,1016.0,<0> ,0.9,<0> ,1.8,<0> ,05:41,270.0,<0> ,12.0,<0> ,44.0,<0> ,0.0,<0> 
05/09/2023 06:00,25.25,tjrtlmet,P,1.0,1.0,15.0,,14.6,<0> ,79.0,<0> ,1016.0,<0> ,1.8,<0> ,3.2,<0> ,05:57,264.0,<0> ,15.0,<0> ,68.6,<0> ,0.0,<0> 
05/09/2023 06:15,25.26041667,tjrtlmet,P,1.0,1.0,15.0,,14.6,<0> ,79.0,<0> ,1016.0,<0> ,1.8,<0> ,3.0,<0> ,06:04,273.0,<0> ,13.0,<0> ,133.3,<0> ,0.0,<0> 
05/09/2023 06:30,25.27083333,tjrtlmet,P,1.0,1.0,15.0,,14.6,<0> ,77.0,<0> ,1016.0,<0> ,1.9,<0> ,2.9,<0> ,06:29,273.0,<0> ,12.0,<0> ,202.1,<0> ,0.0,<0> 
05/09/2023 06:45,25.28125,tjrtlmet,P,1.0,1.0,15.0,,14.9,<0> ,76.0,<0> ,1016.0,<0> ,2.1,<0> ,3.0,<0> ,06:44,273.0,<0> ,9.0,<0> ,284.1,<0> ,0.0,<0> 
05/09/2023 07:00,25.29166667,tjrtlmet,P,1.0,1.0,15.0,,15.2,<0> ,76.0,<0> ,1016.0,<0> ,1.9,<0> ,3.1,<0> ,06:46,248.0,<0> ,16.0,<0> ,389.2,<0> ,0.0,<0> 
05/09/2023 07:15,25.30208333,tjrtlmet,P,1.0,1.0,15.0,,15.6,<0> ,73.0,<0> ,1016.0,<0> ,2.0,<0> ,3.3,<0> ,07:00,238.0,<0> ,14.0,<0> ,552.0,<0> ,0.0,<0> 
05/09/2023 07:30,25.3125,tjrtlmet,P,1.0,1.0,15.0,,16.0,<0> ,70.0,<0> ,1016.0,<0> ,2.1,<0> ,3.2,<0> ,07:28,222.0,<0> ,21.0,<0> ,869.4,<0> ,0.0,<0> 
05/09/2023 07:45,25.32291667,tjrtlmet,P,1.0,1.0,15.0,,16.6,<0> ,67.0,<0> ,1016.0,<0> ,1.6,<0> ,3.4,<0> ,07:40,216.0,<0> ,43.0,<0> ,1127.7,<0> ,0.0,<0> 
05/09/2023 08:00,25.33333333,tjrtlmet,P,1.0,1.0,15.0,,17.0,<0> ,66.0,<0> ,1016.0,<0> ,1.2,<0> ,3.3,<0> ,07:49,206.0,<0> ,48.0,<0> ,913.6,<0> ,0.0,<0> 
05/09/2023 08:15,25.34375,tjrtlmet,P,1.0,1.0,15.0,,16.7,<0> ,68.0,<0> ,1016.0,<0> ,1.3,<0> ,2.6,<0> ,08:15,266.0,<0> ,30.0,<0> ,1058.2,<0> ,0.0,<0> 
05/09/2023 08:30,25.35416667,tjrtlmet,P,1.0,1.0,15.0,,16.5,<0> ,69.0,<0> ,1016.0,<0> ,1.4,<0> ,2.8,<0> ,08:25,216.0,<0> ,30.0,<0> ,725.4,<0> ,0.0,<0> 
05/09/2023 08:45,25.36458333,tjrtlmet,P,1.0,1.0,15.0,,16.6,<0> ,70.0,<0> ,1016.0,<0> ,1.6,<0> ,3.2,<0> ,08:39,190.0,<0> ,32.0,<0> ,985.8,<0> ,0.0,<0> 
05/09/2023 09:00,25.375,tjrtlmet,P,1.0,1.0,15.0,,17.0,<0> ,69.0,<0> ,1017.0,<0> ,2.1,<0> ,4.0,<0> ,08:51,218.0,<0> ,25.0,<0> ,1116.8,<0> ,0.0,<0> 
05/09/2023 09:15,25.38541667,tjrtlmet,P,1.0,1.0,15.0,,17.2,<0> ,70.0,<0> ,1016.0,<0> ,2.2,<0> ,3.7,<0> ,09:10,208.0,<0> ,23.0,<0> ,1195.8,<0> ,0.0,<0> 
05/09/2023 09:30,25.39583333,tjrtlmet,P,1.0,1.0,15.0,,17.6,<0> ,69.0,<0> ,1016.0,<0> ,2.7,<0> ,4.6,<0> ,09:27,202.0,<0> ,19.0,<0> ,1416.5,<0> ,0.0,<0> 
05/09/2023 09:45,25.40625,tjrtlmet,P,1.0,1.0,15.0,,17.8,<0> ,69.0,<0> ,1017.0,<0> ,2.9,<0> ,4.5,<0> ,09:35,202.0,<0> ,19.0,<0> ,1574.7,<0> ,0.0,<0> 
05/09/2023 10:00,25.41666667,tjrtlmet,P,1.0,1.0,15.0,,18.2,<0> ,68.0,<0> ,1017.0,<0> ,3.3,<0> ,4.8,<0> ,09:59,196.0,<0> ,17.0,<0> ,1614.7,<0> ,0.0,<0> 
05/09/2023 10:15,25.42708333,tjrtlmet,P,1.0,1.0,15.0,,17.9,<0> ,71.0,<0> ,1017.0,<0> ,3.6,<0> ,5.4,<0> ,10:00,217.0,<0> ,19.0,<0> ,1223.3,<0> ,0.0,<0> 
05/09/2023 10:30,25.4375,tjrtlmet,P,1.0,1.0,15.0,,17.9,<0> ,71.0,<0> ,1017.0,<0> ,3.5,<0> ,5.4,<0> ,10:18,241.0,<0> ,15.0,<0> ,1501.4,<0> ,0.0,<0> 
05/09/2023 10:45,25.44791667,tjrtlmet,P,1.0,1.0,15.0,,18.4,<0> ,71.0,<0> ,1017.0,<0> ,3.6,<0> ,5.3,<0> ,10:42,237.0,<0> ,16.0,<0> ,1739.5,<0> ,0.0,<0> 
05/09/2023 11:00,25.45833333,tjrtlmet,P,1.0,1.0,15.0,,18.2,<0> ,71.0,<0> ,1017.0,<0> ,3.5,<0> ,5.3,<0> ,10:52,235.0,<0> ,15.0,<0> ,1339.0,<0> ,0.0,<0> 
05/09/2023 11:15,25.46875,tjrtlmet,P,1.0,1.0,15.0,,18.0,<0> ,72.0,<0> ,1017.0,<0> ,3.8,<0> ,6.0,<0> ,11:13,255.0,<0> ,17.0,<0> ,1589.6,<0> ,0.0,<0> 
05/09/2023 11:30,25.47916667,tjrtlmet,P,1.0,1.0,15.0,,18.2,<0> ,72.0,<0> ,1017.0,<0> ,3.7,<0> ,5.2,<0> ,11:27,256.0,<0> ,14.0,<0> ,1825.4,<0> ,0.0,<0> 
05/09/2023 11:45,25.48958333,tjrtlmet,P,1.0,1.0,15.0,,18.1,<0> ,70.0,<0> ,1017.0,<0> ,3.7,<0> ,4.9,<0> ,11:40,254.0,<0> ,12.0,<0> ,1718.5,<0> ,0.0,<0> 
05/09/2023 12:00,25.5,tjrtlmet,P,1.0,1.0,15.0,,18.1,<0> ,69.0,<0> ,1017.0,<0> ,3.8,<0> ,5.6,<0> ,11:49,253.0,<0> ,13.0,<0> ,1796.5,<0> ,0.0,<0> 
05/09/2023 12:15,25.51041667,tjrtlmet,P,1.0,1.0,15.0,,18.1,<0> ,68.0,<0> ,1016.0,<0> ,3.7,<0> ,5.2,<0> ,12:12,255.0,<0> ,13.0,<0> ,1787.0,<0> ,0.0,<0> 
05/09/2023 12:30,25.52083333,tjrtlmet,P,1.0,1.0,15.0,,18.2,<0> ,67.0,<0> ,1016.0,<0> ,3.7,<0> ,5.2,<0> ,12:17,258.0,<0> ,15.0,<0> ,1772.5,<0> ,0.0,<0> 
05/09/2023 12:45,25.53125,tjrtlmet,P,1.0,1.0,15.0,,18.3,<0> ,66.0,<0> ,1016.0,<0> ,3.6,<0> ,4.9,<0> ,12:44,257.0,<0> ,14.0,<0> ,1753.8,<0> ,0.0,<0> 
05/09/2023 13:00,25.54166667,tjrtlmet,P,1.0,1.0,15.0,,18.4,<0> ,66.0,<0> ,1016.0,<0> ,3.8,<0> ,5.5,<0> ,12:59,259.0,<0> ,15.0,<0> ,1788.2,<0> ,0.0,<0> 
05/09/2023 13:15,25.55208333,tjrtlmet,P,1.0,1.0,15.0,,18.2,<0> ,68.0,<0> ,1016.0,<0> ,3.6,<0> ,5.3,<0> ,13:01,263.0,<0> ,18.0,<0> ,1517.4,<0> ,0.0,<0> 
05/09/2023 13:30,25.5625,tjrtlmet,P,1.0,1.0,15.0,,18.1,<0> ,68.0,<0> ,1016.0,<0> ,4.1,<0> ,5.8,<0> ,13:27,268.0,<0> ,13.0,<0> ,1623.1,<0> ,0.0,<0> 
05/09/2023 13:45,25.57291667,tjrtlmet,P,1.0,1.0,15.0,,18.0,<0> ,67.0,<0> ,1016.0,<0> ,3.7,<0> ,5.3,<0> ,13:33,268.0,<0> ,16.0,<0> ,1585.5,<0> ,0.0,<0> 
05/09/2023 14:00,25.58333333,tjrtlmet,P,1.0,1.0,15.0,,17.7,<0> ,69.0,<0> ,1016.0,<0> ,4.0,<0> ,6.0,<0> ,13:53,270.0,<0> ,13.0,<0> ,1526.9,<0> ,0.0,<0> 
05/09/2023 14:15,25.59375,tjrtlmet,P,1.0,1.0,15.0,,17.6,<0> ,69.0,<0> ,1015.0,<0> ,3.7,<0> ,5.3,<0> ,14:01,270.0,<0> ,12.0,<0> ,1465.8,<0> ,0.0,<0> 
05/09/2023 14:30,25.60416667,tjrtlmet,P,1.0,1.0,15.0,,17.5,<0> ,69.0,<0> ,1015.0,<0> ,3.6,<0> ,5.5,<0> ,14:15,265.0,<0> ,12.0,<0> ,1396.1,<0> ,0.0,<0> 
05/09/2023 14:45,25.61458333,tjrtlmet,P,1.0,1.0,15.0,,17.7,<0> ,70.0,<0> ,1015.0,<0> ,3.3,<0> ,5.0,<0> ,14:31,265.0,<0> ,17.0,<0> ,1318.9,<0> ,0.0,<0> 
05/09/2023 15:00,25.625,tjrtlmet,P,1.0,1.0,15.0,,17.4,<0> ,71.0,<0> ,1015.0,<0> ,3.6,<0> ,5.3,<0> ,14:58,267.0,<0> ,12.0,<0> ,1238.4,<0> ,0.0,<0> 
05/09/2023 15:15,25.63541667,tjrtlmet,P,1.0,1.0,15.0,,17.4,<0> ,71.0,<0> ,1015.0,<0> ,3.7,<0> ,5.4,<0> ,15:01,264.0,<0> ,14.0,<0> ,1148.1,<0> ,0.0,<0> 
05/09/2023 15:30,25.64583333,tjrtlmet,P,1.0,1.0,15.0,,17.2,<0> ,71.0,<0> ,1015.0,<0> ,3.4,<0> ,4.8,<0> ,15:16,260.0,<0> ,16.0,<0> ,1049.2,<0> ,0.0,<0> 
05/09/2023 15:45,25.65625,tjrtlmet,P,1.0,1.0,15.0,,17.2,<0> ,71.0,<0> ,1015.0,<0> ,3.1,<0> ,4.4,<0> ,15:41,248.0,<0> ,13.0,<0> ,976.4,<0> ,0.0,<0> 
05/09/2023 16:00,25.66666667,tjrtlmet,P,1.0,1.0,15.0,,17.1,<0> ,72.0,<0> ,1015.0,<0> ,3.2,<0> ,4.6,<0> ,15:50,259.0,<0> ,14.0,<0> ,885.2,<0> ,0.0,<0> 
05/09/2023 16:15,25.67708333,tjrtlmet,P,1.0,1.0,15.0,,17.0,<0> ,73.0,<0> ,1015.0,<0> ,3.3,<0> ,4.7,<0> ,16:05,255.0,<0> ,13.0,<0> ,792.2,<0> ,0.0,<0> 
05/09/2023 16:30,25.6875,tjrtlmet,P,1.0,1.0,15.0,,16.9,<0> ,72.0,<0> ,1015.0,<0> ,3.1,<0> ,4.9,<0> ,16:21,258.0,<0> ,14.0,<0> ,697.4,<0> ,0.0,<0> 
05/09/2023 16:45,25.69791667,tjrtlmet,P,1.0,1.0,15.0,,16.7,<0> ,73.0,<0> ,1015.0,<0> ,2.9,<0> ,4.5,<0> ,16:30,258.0,<0> ,13.0,<0> ,601.2,<0> ,0.0,<0> 
05/09/2023 17:00,25.70833333,tjrtlmet,P,1.0,1.0,15.0,,16.6,<0> ,73.0,<0> ,1015.0,<0> ,3.1,<0> ,4.7,<0> ,16:46,254.0,<0> ,15.0,<0> ,501.8,<0> ,0.0,<0> 
05/09/2023 17:15,25.71875,tjrtlmet,P,1.0,1.0,15.0,,16.3,<0> ,75.0,<0> ,1015.0,<0> ,3.1,<0> ,4.9,<0> ,17:09,259.0,<0> ,13.0,<0> ,377.9,<0> ,0.0,<0> 
05/09/2023 17:30,25.72916667,tjrtlmet,P,1.0,1.0,15.0,,15.9,<0> ,76.0,<0> ,1015.0,<0> ,3.0,<0> ,4.4,<0> ,17:22,262.0,<0> ,15.0,<0> ,312.7,<0> ,0.0,<0> 
05/09/2023 17:45,25.73958333,tjrtlmet,P,1.0,1.0,15.0,,15.7,<0> ,76.0,<0> ,1015.0,<0> ,2.4,<0> ,3.9,<0> ,17:44,266.0,<0> ,12.0,<0> ,176.9,<0> ,0.0,<0> 
05/09/2023 18:00,25.75,tjrtlmet,P,1.0,1.0,15.0,,15.1,<0> ,78.0,<0> ,1015.0,<0> ,2.7,<0> ,3.8,<0> ,17:59,267.0,<0> ,13.0,<0> ,65.9,<0> ,0.0,<0> 
05/09/2023 18:15,25.76041667,tjrtlmet,P,1.0,1.0,15.0,,14.8,<0> ,78.0,<0> ,1015.0,<0> ,2.3,<0> ,3.8,<0> ,18:05,276.0,<0> ,12.0,<0> ,37.8,<0> ,0.0,<0> 
05/09/2023 18:30,25.77083333,tjrtlmet,P,1.0,1.0,15.0,,14.8,<0> ,80.0,<0> ,1015.0,<0> ,2.1,<0> ,3.5,<0> ,18:26,263.0,<0> ,13.0,<0> ,14.1,<0> ,0.0,<0> 
05/09/2023 18:45,25.78125,tjrtlmet,P,1.0,1.0,15.0,,15.0,<0> ,81.0,<0> ,1015.0,<0> ,2.8,<0> ,4.7,<0> ,18:41,269.0,<0> ,12.0,<0> ,3.8,<0> ,0.0,<0> 
05/09/2023 19:00,25.79166667,tjrtlmet,P,1.0,1.0,15.0,,15.0,<0> ,82.0,<0> ,1015.0,<0> ,2.7,<0> ,4.3,<0> ,18:46,270.0,<0> ,11.0,<0> ,0.0,<0> ,0.0,<0> 
05/09/2023 19:15,25.80208333,tjrtlmet,P,1.0,1.0,15.0,,15.1,<0> ,83.0,<0> ,1015.0,<0> ,2.4,<0> ,5.7,<0> ,19:15,272.0,<0> ,13.0,<0> ,0.0,<0> ,0.0,<0> 
05/09/2023 19:30,25.8125,tjrtlmet,P,1.0,1.0,15.0,,15.2,<0> ,84.0,<0> ,1016.0,<0> ,4.0,<0> ,5.9,<0> ,19:23,281.0,<0> ,14.0,<0> ,0.0,<0> ,0.0,<0> 
05/09/2023 19:45,25.82291667,tjrtlmet,P,1.0,1.0,15.0,,15.1,<0> ,85.0,<0> ,1016.0,<0> ,3.8,<0> ,5.4,<0> ,19:34,283.0,<0> ,13.0,<0> ,0.0,<0> ,0.0,<0> 
05/09/2023 20:00,25.83333333,tjrtlmet,P,1.0,1.0,15.0,,15.1,<0> ,84.0,<0> ,1016.0,<0> ,3.7,<0> ,5.4,<0> ,19:54,286.0,<0> ,14.0,<0> ,0.0,<0> ,0.0,<0> 
05/09/2023 20:15,25.84375,tjrtlmet,P,1.0,1.0,15.0,,15.1,<0> ,82.0,<0> ,1016.0,<0> ,3.8,<0> ,6.0,<0> ,20:11,299.0,<0> ,17.0,<0> ,0.0,<0> ,0.0,<0> 
05/09/2023 20:30,25.85416667,tjrtlmet,P,1.0,1.0,15.0,,14.9,<0> ,80.0,<0> ,1016.0,<0> ,3.7,<0> ,5.8,<0> ,20:27,305.0,<0> ,18.0,<0> ,0.0,<0> ,0.0,<0> 
05/09/2023 20:45,25.86458333,tjrtlmet,P,1.0,1.0,15.0,,14.8,<0> ,78.0,<0> ,1016.0,<0> ,3.9,<0> ,5.5,<0> ,20:44,305.0,<0> ,13.0,<0> ,0.0,<0> ,0.0,<0> 
05/09/2023 21:00,25.875,tjrtlmet,P,1.0,1.0,15.0,,14.6,<0> ,79.0,<0> ,1016.0,<0> ,3.6,<0> ,5.6,<0> ,20:52,301.0,<0> ,13.0,<0> ,0.0,<0> ,0.0,<0> 
05/09/2023 21:15,25.88541667,tjrtlmet,P,1.0,1.0,15.0,,14.7,<0> ,78.0,<0> ,1016.0,<0> ,4.8,<0> ,7.1,<0> ,21:03,293.0,<0> ,13.0,<0> ,0.0,<0> ,0.0,<0> 
05/09/2023 21:30,25.89583333,tjrtlmet,P,1.0,1.0,15.0,,14.7,<0> ,77.0,<0> ,1016.0,<0> ,4.4,<0> ,7.0,<0> ,21:21,295.0,<0> ,15.0,<0> ,0.0,<0> ,0.0,<0> 
05/09/2023 21:45,25.90625,tjrtlmet,P,1.0,1.0,15.0,,14.7,<0> ,77.0,<0> ,1016.0,<0> ,4.7,<0> ,6.9,<0> ,21:32,297.0,<0> ,16.0,<0> ,0.0,<0> ,0.0,<0> 
05/09/2023 22:00,25.91666667,tjrtlmet,P,1.0,1.0,15.0,,14.8,<0> ,77.0,<0> ,1016.0,<0> ,4.3,<0> ,6.5,<0> ,21:51,297.0,<0> ,15.0,<0> ,0.0,<0> ,0.0,<0> 
05/09/2023 22:15,25.92708333,tjrtlmet,P,1.0,1.0,15.0,,14.4,<0> ,80.0,<0> ,1016.0,<0> ,4.7,<0> ,7.2,<0> ,22:03,295.0,<0> ,13.0,<0> ,0.0,<0> ,0.0,<0> 
05/09/2023 22:30,25.9375,tjrtlmet,P,1.0,1.0,15.0,,14.4,<0> ,83.0,<0> ,1016.0,<0> ,5.1,<0> ,8.5,<0> ,22:19,283.0,<0> ,15.0,<0> ,0.0,<0> ,0.0,<0> 
05/09/2023 22:45,25.94791667,tjrtlmet,P,1.0,1.0,15.0,,14.0,<0> ,86.0,<0> ,1016.0,<0> ,4.7,<0> ,9.1,<0> ,22:37,285.0,<0> ,13.0,<0> ,0.0,<0> ,0.0,<0> 
05/09/2023 23:00,25.95833333,tjrtlmet,P,1.0,1.0,15.0,,14.0,<0> ,85.0,<0> ,1016.0,<0> ,3.9,<0> ,6.2,<0> ,22:58,285.0,<0> ,13.0,<0> ,0.0,<0> ,0.0,<0> 
05/09/2023 23:15,25.96875,tjrtlmet,P,1.0,1.0,15.0,,13.9,<0> ,85.0,<0> ,1016.0,<0> ,3.6,<0> ,5.7,<0> ,23:00,286.0,<0> ,13.0,<0> ,0.0,<0> ,0.0,<0> 
05/09/2023 23:30,25.97916667,tjrtlmet,P,1.0,1.0,15.0,,14.1,<0> ,84.0,<0> ,1016.0,<0> ,3.9,<0> ,5.9,<0> ,23:25,285.0,<0> ,12.0,<0> ,0.0,<0> ,0.0,<0> 
05/09/2023 23:45,25.98958333,tjrtlmet,P,1.0,1.0,15.0,,14.3,<0> ,82.0,<0> ,1016.0,<0> ,3.9,<0> ,5.9,<0> ,23:34,288.0,<0> ,13.0,<0> ,0.0,<0> ,0.0,<0> 
05/10/2023 00:00,26.0,tjrtlmet,P,1.0,1.0,15.0,,14.4,<0> ,82.0,<0> ,1016.0,<0> ,4.0,<0> ,5.8,<0> ,23:59,288.0,<0> ,13.0,<0> ,0.0,<0> ,0.0,<0> 
05/10/2023 00:15,26.01041667,tjrtlmet,P,1.0,1.0,15.0,,14.5,<0> ,80.0,<0> ,1016.0,<0> ,4.4,<0> ,6.1,<0> ,00:01,290.0,<0> ,13.0,<0> ,0.0,<0> ,0.0,<0> 
05/10/2023 00:30,26.02083333,tjrtlmet,P,1.0,1.0,15.0,,14.5,<0> ,80.0,<0> ,1016.0,<0> ,4.3,<0> ,7.0,<0> ,00:19,291.0,<0> ,15.0,<0> ,0.0,<0> ,0.0,<0> 
05/10/2023 00:45,26.03125,tjrtlmet,P,1.0,1.0,15.0,,14.4,<0> ,81.0,<0> ,1016.0,<0> ,3.6,<0> ,6.6,<0> ,00:37,303.0,<0> ,16.0,<0> ,0.0,<0> ,0.0,<0> 
05/10/2023 01:00,26.04166667,tjrtlmet,P,1.0,1.0,15.0,,14.2,<0> ,82.0,<0> ,1016.0,<0> ,3.5,<0> ,6.4,<0> ,00:56,299.0,<0> ,16.0,<0> ,0.0,<0> ,0.0,<0> 
05/10/2023 01:15,26.05208333,tjrtlmet,P,1.0,1.0,15.0,,14.4,<0> ,80.0,<0> ,1015.0,<0> ,4.0,<0> ,5.8,<0> ,01:04,297.0,<0> ,14.0,<0> ,0.0,<0> ,0.0,<0> 
05/10/2023 01:30,26.0625,tjrtlmet,P,1.0,1.0,15.0,,14.3,<0> ,78.0,<0> ,1015.0,<0> ,3.9,<0> ,5.8,<0> ,01:27,303.0,<0> ,14.0,<0> ,0.0,<0> ,0.0,<0> 
05/10/2023 01:45,26.07291667,tjrtlmet,P,1.0,1.0,15.0,,14.2,<0> ,77.0,<0> ,1015.0,<0> ,3.8,<0> ,5.9,<0> ,01:42,305.0,<0> ,16.0,<0> ,0.0,<0> ,0.0,<0> 
05/10/2023 02:00,26.08333333,tjrtlmet,P,1.0,1.0,15.0,,14.0,<0> ,78.0,<0> ,1015.0,<0> ,3.4,<0> ,5.4,<0> ,01:48,303.0,<0> ,12.0,<0> ,0.0,<0> ,0.0,<0> 
05/10/2023 02:15,26.09375,tjrtlmet,P,1.0,1.0,15.0,,13.8,<0> ,79.0,<0> ,1015.0,<0> ,3.4,<0> ,5.2,<0> ,02:14,301.0,<0> ,13.0,<0> ,0.0,<0> ,0.0,<0> 
05/10/2023 02:30,26.10416667,tjrtlmet,P,1.0,1.0,15.0,,13.7,<0> ,78.0,<0> ,1016.0,<0> ,3.2,<0> ,4.9,<0> ,02:18,303.0,<0> ,14.0,<0> ,0.0,<0> ,0.0,<0> 
05/10/2023 02:45,26.11458333,tjrtlmet,P,1.0,1.0,15.0,,13.7,<0> ,77.0,<0> ,1016.0,<0> ,3.0,<0> ,4.5,<0> ,02:40,299.0,<0> ,14.0,<0> ,0.0,<0> ,0.0,<0> 
05/10/2023 03:00,26.125,tjrtlmet,P,1.0,1.0,15.0,,13.6,<0> ,77.0,<0> ,1016.0,<0> ,2.9,<0> ,4.8,<0> ,02:57,296.0,<0> ,13.0,<0> ,0.0,<0> ,0.0,<0> 
05/10/2023 03:15,26.13541667,tjrtlmet,P,1.0,1.0,15.0,,13.7,<0> ,77.0,<0> ,1016.0,<0> ,3.0,<0> ,4.6,<0> ,03:10,291.0,<0> ,13.0,<0> ,0.0,<0> ,0.0,<0> 
05/10/2023 03:30,26.14583333,tjrtlmet,P,1.0,1.0,15.0,,13.6,<0> ,78.0,<0> ,1016.0,<0> ,2.6,<0> ,4.4,<0> ,03:30,292.0,<0> ,14.0,<0> ,0.0,<0> ,0.0,<0> 
05/10/2023 03:45,26.15625,tjrtlmet,P,1.0,1.0,15.0,,13.8,<0> ,80.0,<0> ,1016.0,<0> ,2.8,<0> ,4.4,<0> ,03:33,296.0,<0> ,18.0,<0> ,0.0,<0> ,0.0,<0> 
05/10/2023 04:00,26.16666667,tjrtlmet,P,1.0,1.0,15.0,,13.4,<0> ,81.0,<0> ,1016.0,<0> ,3.3,<0> ,6.0,<0> ,03:52,288.0,<0> ,12.0,<0> ,0.0,<0> ,0.3,<0> 
05/10/2023 04:15,26.17708333,tjrtlmet,P,1.0,1.0,15.0,,12.6,<0> ,84.0,<0> ,1016.0,<0> ,2.3,<0> ,4.8,<0> ,04:14,296.0,<0> ,15.0,<0> ,0.0,<0> ,0.0,<0> 
05/10/2023 04:30,26.1875,tjrtlmet,P,1.0,1.0,15.0,,12.9,<0> ,79.0,<0> ,1016.0,<0> ,3.9,<0> ,6.1,<0> ,04:17,297.0,<0> ,14.0,<0> ,0.0,<0> ,0.3,<0> 
05/10/2023 04:45,26.19791667,tjrtlmet,P,1.0,1.0,15.0,,12.7,<0> ,76.0,<0> ,1016.0,<0> ,3.2,<0> ,5.3,<0> ,04:30,298.0,<0> ,13.0,<0> ,0.5,<0> ,0.0,<0> 
05/10/2023 05:00,26.20833333,tjrtlmet,P,1.0,1.0,15.0,,12.6,<0> ,78.0,<0> ,1016.0,<0> ,2.6,<0> ,4.1,<0> ,04:52,305.0,<0> ,16.0,<0> ,8.1,<0> ,0.0,<0> 
05/10/2023 05:15,26.21875,tjrtlmet,P,1.0,1.0,15.0,,12.7,<0> ,78.0,<0> ,1016.0,<0> ,2.7,<0> ,4.1,<0> ,05:04,289.0,<0> ,12.0,<0> ,29.9,<0> ,0.0,<0> 
05/10/2023 05:30,26.22916667,tjrtlmet,P,1.0,1.0,15.0,,12.8,<0> ,77.0,<0> ,1016.0,<0> ,2.7,<0> ,4.4,<0> ,05:17,292.0,<0> ,12.0,<0> ,68.1,<0> ,0.0,<0> 
05/10/2023 05:45,26.23958333,tjrtlmet,P,1.0,1.0,15.0,,12.9,<0> ,77.0,<0> ,1017.0,<0> ,2.4,<0> ,4.2,<0> ,05:36,289.0,<0> ,12.0,<0> ,123.8,<0> ,0.0,<0> 
05/10/2023 06:00,26.25,tjrtlmet,P,1.0,1.0,15.0,,13.6,<0> ,75.0,<0> ,1017.0,<0> ,2.5,<0> ,3.8,<0> ,05:56,292.0,<0> ,13.0,<0> ,277.2,<0> ,0.0,<0> 
05/10/2023 06:15,26.26041667,tjrtlmet,P,1.0,1.0,15.0,,13.9,<0> ,74.0,<0> ,1017.0,<0> ,2.9,<0> ,4.1,<0> ,06:10,292.0,<0> ,12.0,<0> ,266.8,<0> ,0.0,<0> 
05/10/2023 06:30,26.27083333,tjrtlmet,P,1.0,1.0,15.0,,14.1,<0> ,74.0,<0> ,1017.0,<0> ,2.3,<0> ,3.6,<0> ,06:15,293.0,<0> ,13.0,<0> ,442.6,<0> ,0.0,<0> 
05/10/2023 06:45,26.28125,tjrtlmet,P,1.0,1.0,15.0,,14.7,<0> ,73.0,<0> ,1017.0,<0> ,2.1,<0> ,3.3,<0> ,06:31,294.0,<0> ,15.0,<0> ,534.4,<0> ,0.0,<0> 
05/10/2023 07:00,26.29166667,tjrtlmet,P,1.0,1.0,15.0,,15.1,<0> ,73.0,<0> ,1017.0,<0> ,2.5,<0> ,4.0,<0> ,06:51,292.0,<0> ,15.0,<0> ,655.5,<0> ,0.0,<0> 
05/10/2023 07:15,26.30208333,tjrtlmet,P,1.0,1.0,15.0,,15.1,<0> ,74.0,<0> ,1017.0,<0> ,2.7,<0> ,4.2,<0> ,07:14,296.0,<0> ,15.0,<0> ,387.4,<0> ,0.0,<0> 
05/10/2023 07:30,26.3125,tjrtlmet,P,1.0,1.0,15.0,,14.8,<0> ,75.0,<0> ,1017.0,<0> ,2.8,<0> ,4.4,<0> ,07:17,293.0,<0> ,12.0,<0> ,294.7,<0> ,0.0,<0> 
05/10/2023 07:45,26.32291667,tjrtlmet,P,1.0,1.0,15.0,,14.8,<0> ,76.0,<0> ,1017.0,<0> ,2.8,<0> ,4.4,<0> ,07:36,298.0,<0> ,14.0,<0> ,314.0,<0> ,0.0,<0> 
05/10/2023 08:00,26.33333333,tjrtlmet,P,1.0,1.0,15.0,,15.0,<0> ,76.0,<0> ,1017.0,<0> ,2.8,<0> ,4.4,<0> ,07:50,296.0,<0> ,15.0,<0> ,369.2,<0> ,0.0,<0> 
05/10/2023 08:15,26.34375,tjrtlmet,P,1.0,1.0,15.0,,15.3,<0> ,76.0,<0> ,1017.0,<0> ,2.8,<0> ,4.4,<0> ,08:01,302.0,<0> ,16.0,<0> ,442.1,<0> ,0.0,<0> 
05/10/2023 08:30,26.35416667,tjrtlmet,P,1.0,1.0,15.0,,15.2,<0> ,76.0,<0> ,1018.0,<0> ,2.5,<0> ,4.1,<0> ,08:16,303.0,<0> ,15.0,<0> ,387.2,<0> ,0.0,<0> 
05/10/2023 08:45,26.36458333,tjrtlmet,P,1.0,1.0,15.0,,15.5,<0> ,75.0,<0> ,1018.0,<0> ,2.5,<0> ,3.9,<0> ,08:39,301.0,<0> ,16.0,<0> ,522.6,<0> ,0.0,<0> 
05/10/2023 09:00,26.375,tjrtlmet,P,1.0,1.0,15.0,,16.3,<0> ,74.0,<0> ,1018.0,<0> ,2.6,<0> ,4.3,<0> ,08:45,297.0,<0> ,17.0,<0> ,1067.9,<0> ,0.0,<0> 
05/10/2023 09:15,26.38541667,tjrtlmet,P,1.0,1.0,15.0,,16.8,<0> ,71.0,<0> ,1018.0,<0> ,3.0,<0> ,4.5,<0> ,09:11,294.0,<0> ,17.0,<0> ,1235.0,<0> ,0.0,<0> 
05/10/2023 09:30,26.39583333,tjrtlmet,P,1.0,1.0,15.0,,16.8,<0> ,72.0,<0> ,1018.0,<0> ,2.7,<0> ,4.1,<0> ,09:23,287.0,<0> ,18.0,<0> ,1301.5,<0> ,0.0,<0> 
05/10/2023 09:45,26.40625,tjrtlmet,P,1.0,1.0,15.0,,17.4,<0> ,71.0,<0> ,1018.0,<0> ,2.8,<0> ,4.2,<0> ,09:31,290.0,<0> ,18.0,<0> ,1566.1,<0> ,0.0,<0> 
05/10/2023 10:00,26.41666667,tjrtlmet,P,1.0,1.0,15.0,,17.5,<0> ,69.0,<0> ,1018.0,<0> ,3.1,<0> ,4.3,<0> ,09:56,291.0,<0> ,15.0,<0> ,1726.4,<0> ,0.0,<0> 
05/10/2023 10:15,26.42708333,tjrtlmet,P,1.0,1.0,15.0,,17.3,<0> ,70.0,<0> ,1018.0,<0> ,2.8,<0> ,4.1,<0> ,10:13,283.0,<0> ,17.0,<0> ,1214.4,<0> ,0.0,<0> 
05/10/2023 10:30,26.4375,tjrtlmet,P,1.0,1.0,15.0,,16.8,<0> ,71.0,<0> ,1018.0,<0> ,3.1,<0> ,4.7,<0> ,10:25,280.0,<0> ,13.0,<0> ,1161.4,<0> ,0.0,<0> 
05/10/2023 10:45,26.44791667,tjrtlmet,P,1.0,1.0,15.0,,17.5,<0> ,69.0,<0> ,1018.0,<0> ,3.1,<0> ,4.5,<0> ,10:44,274.0,<0> ,15.0,<0> ,1679.7,<0> ,0.0,<0> 
05/10/2023 11:00,26.45833333,tjrtlmet,P,1.0,1.0,15.0,,17.3,<0> ,69.0,<0> ,1018.0,<0> ,3.3,<0> ,5.0,<0> ,10:57,266.0,<0> ,14.0,<0> ,1696.8,<0> ,0.0,<0> 
05/10/2023 11:15,26.46875,tjrtlmet,P,1.0,1.0,15.0,,17.4,<0> ,69.0,<0> ,1018.0,<0> ,3.3,<0> ,4.5,<0> ,11:02,272.0,<0> ,13.0,<0> ,1797.0,<0> ,0.0,<0> 
05/10/2023 11:30,26.47916667,tjrtlmet,P,1.0,1.0,15.0,,17.7,<0> ,69.0,<0> ,1018.0,<0> ,3.2,<0> ,4.6,<0> ,11:29,274.0,<0> ,14.0,<0> ,1797.7,<0> ,0.0,<0> 
05/10/2023 11:45,26.48958333,tjrtlmet,P,1.0,1.0,15.0,,17.6,<0> ,69.0,<0> ,1018.0,<0> ,3.4,<0> ,4.9,<0> ,11:39,273.0,<0> ,14.0,<0> ,1807.9,<0> ,0.0,<0> 
05/10/2023 12:00,26.5,tjrtlmet,P,1.0,1.0,15.0,,18.1,<0> ,69.0,<0> ,1018.0,<0> ,3.4,<0> ,5.1,<0> ,11:57,265.0,<0> ,19.0,<0> ,1807.7,<0> ,0.0,<0> 
05/10/2023 12:15,26.51041667,tjrtlmet,P,1.0,1.0,15.0,,18.0,<0> ,68.0,<0> ,1018.0,<0> ,3.3,<0> ,4.6,<0> ,12:06,258.0,<0> ,13.0,<0> ,1797.1,<0> ,0.0,<0> 
05/10/2023 12:30,26.52083333,tjrtlmet,P,1.0,1.0,15.0,,17.9,<0> ,68.0,<0> ,1018.0,<0> ,3.6,<0> ,5.0,<0> ,12:20,254.0,<0> ,13.0,<0> ,1778.7,<0> ,0.0,<0> 
05/10/2023 12:45,26.53125,tjrtlmet,P,1.0,1.0,15.0,,18.1,<0> ,69.0,<0> ,1017.0,<0> ,3.5,<0> ,5.4,<0> ,12:34,250.0,<0> ,13.0,<0> ,1753.0,<0> ,0.0,<0> 
05/10/2023 13:00,26.54166667,tjrtlmet,P,1.0,1.0,15.0,,18.1,<0> ,69.0,<0> ,1017.0,<0> ,3.3,<0> ,4.8,<0> ,12:51,266.0,<0> ,16.0,<0> ,1719.1,<0> ,0.0,<0> 
05/10/2023 13:15,26.55208333,tjrtlmet,P,1.0,1.0,15.0,,18.1,<0> ,70.0,<0> ,1017.0,<0> ,3.4,<0> ,4.8,<0> ,13:01,268.0,<0> ,15.0,<0> ,1680.3,<0> ,0.0,<0> 
05/10/2023 13:30,26.5625,tjrtlmet,P,1.0,1.0,15.0,,18.0,<0> ,69.0,<0> ,1017.0,<0> ,3.6,<0> ,4.9,<0> ,13:27,263.0,<0> ,15.0,<0> ,1632.5,<0> ,0.0,<0> 
05/10/2023 13:45,26.57291667,tjrtlmet,P,1.0,1.0,15.0,,17.9,<0> ,70.0,<0> ,1017.0,<0> ,3.4,<0> ,4.8,<0> ,13:37,261.0,<0> ,17.0,<0> ,1580.9,<0> ,0.0,<0> 
05/10/2023 14:00,26.58333333,tjrtlmet,P,1.0,1.0,15.0,,18.1,<0> ,68.0,<0> ,1017.0,<0> ,3.6,<0> ,4.9,<0> ,13:56,260.0,<0> ,14.0,<0> ,1525.2,<0> ,0.0,<0> 
05/10/2023 14:15,26.59375,tjrtlmet,P,1.0,1.0,15.0,,17.7,<0> ,69.0,<0> ,1017.0,<0> ,3.8,<0> ,4.9,<0> ,14:00,254.0,<0> ,13.0,<0> ,1459.7,<0> ,0.0,<0> 
05/10/2023 14:30,26.60416667,tjrtlmet,P,1.0,1.0,15.0,,17.8,<0> ,69.0,<0> ,1017.0,<0> ,3.7,<0> ,5.0,<0> ,14:20,253.0,<0> ,12.0,<0> ,1391.2,<0> ,0.0,<0> 
05/10/2023 14:45,26.61458333,tjrtlmet,P,1.0,1.0,15.0,,17.8,<0> ,69.0,<0> ,1016.0,<0> ,3.7,<0> ,5.6,<0> ,14:38,252.0,<0> ,14.0,<0> ,1318.2,<0> ,0.0,<0> 
05/10/2023 15:00,26.625,tjrtlmet,P,1.0,1.0,15.0,,17.4,<0> ,72.0,<0> ,1016.0,<0> ,4.0,<0> ,6.4,<0> ,14:50,261.0,<0> ,15.0,<0> ,1238.5,<0> ,0.0,<0> 
05/10/2023 15:15,26.63541667,tjrtlmet,P,1.0,1.0,15.0,,17.4,<0> ,72.0,<0> ,1016.0,<0> ,3.6,<0> ,5.3,<0> ,15:08,260.0,<0> ,16.0,<0> ,1161.1,<0> ,0.0,<0> 
05/10/2023 15:30,26.64583333,tjrtlmet,P,1.0,1.0,15.0,,17.3,<0> ,72.0,<0> ,1016.0,<0> ,3.7,<0> ,5.5,<0> ,15:17,260.0,<0> ,14.0,<0> ,1078.1,<0> ,0.0,<0> 
05/10/2023 15:45,26.65625,tjrtlmet,P,1.0,1.0,15.0,,17.1,<0> ,72.0,<0> ,1016.0,<0> ,3.8,<0> ,5.1,<0> ,15:36,252.0,<0> ,13.0,<0> ,988.2,<0> ,0.0,<0> 
05/10/2023 16:00,26.66666667,tjrtlmet,P,1.0,1.0,15.0,,16.9,<0> ,72.0,<0> ,1016.0,<0> ,3.7,<0> ,5.3,<0> ,15:47,258.0,<0> ,12.0,<0> ,898.0,<0> ,0.0,<0> 
05/10/2023 16:15,26.67708333,tjrtlmet,P,1.0,1.0,15.0,,16.7,<0> ,72.0,<0> ,1016.0,<0> ,4.0,<0> ,5.7,<0> ,16:05,257.0,<0> ,13.0,<0> ,804.5,<0> ,0.0,<0> 
05/10/2023 16:30,26.6875,tjrtlmet,P,1.0,1.0,15.0,,16.6,<0> ,71.0,<0> ,1016.0,<0> ,4.3,<0> ,6.2,<0> ,16:25,255.0,<0> ,11.0,<0> ,710.6,<0> ,0.0,<0> 
05/10/2023 16:45,26.69791667,tjrtlmet,P,1.0,1.0,15.0,,16.3,<0> ,71.0,<0> ,1016.0,<0> ,4.1,<0> ,6.2,<0> ,16:31,255.0,<0> ,12.0,<0> ,615.5,<0> ,0.0,<0> 
05/10/2023 17:00,26.70833333,tjrtlmet,P,1.0,1.0,15.0,,16.0,<0> ,73.0,<0> ,1017.0,<0> ,4.1,<0> ,5.6,<0> ,16:55,255.0,<0> ,12.0,<0> ,505.8,<0> ,0.0,<0> 
05/10/2023 17:15,26.71875,tjrtlmet,P,1.0,1.0,15.0,,15.8,<0> ,74.0,<0> ,1017.0,<0> ,3.5,<0> ,5.3,<0> ,17:10,254.0,<0> ,12.0,<0> ,392.8,<0> ,0.0,<0> 
05/10/2023 17:30,26.72916667,tjrtlmet,P,1.0,1.0,15.0,,15.6,<0> ,74.0,<0> ,1017.0,<0> ,3.4,<0> ,4.8,<0> ,17:27,258.0,<0> ,12.0,<0> ,325.9,<0> ,0.0,<0> 
05/10/2023 17:45,26.73958333,tjrtlmet,P,1.0,1.0,15.0,,15.4,<0> ,75.0,<0> ,1017.0,<0> ,2.9,<0> ,4.4,<0> ,17:34,257.0,<0> ,12.0,<0> ,216.6,<0> ,0.0,<0> 
05/10/2023 18:00,26.75,tjrtlmet,P,1.0,1.0,15.0,,15.0,<0> ,77.0,<0> ,1017.0,<0> ,2.3,<0> ,3.6,<0> ,17:45,255.0,<0> ,12.0,<0> ,104.4,<0> ,0.0,<0> 
05/10/2023 18:15,26.76041667,tjrtlmet,P,1.0,1.0,15.0,,15.0,<0> ,76.0,<0> ,1017.0,<0> ,2.4,<0> ,3.6,<0> ,18:06,271.0,<0> ,14.0,<0> ,68.3,<0> ,0.0,<0> 
05/10/2023 18:30,26.77083333,tjrtlmet,P,1.0,1.0,15.0,,14.8,<0> ,77.0,<0> ,1017.0,<0> ,2.0,<0> ,3.2,<0> ,18:21,272.0,<0> ,13.0,<0> ,22.5,<0> ,0.0,<0> 
05/10/2023 18:45,26.78125,tjrtlmet,P,1.0,1.0,15.0,,14.6,<0> ,79.0,<0> ,1017.0,<0> ,1.5,<0> ,2.3,<0> ,18:34,290.0,<0> ,13.0,<0> ,5.8,<0> ,0.0,<0> 
05/10/2023 19:00,26.79166667,tjrtlmet,P,1.0,1.0,15.0,,14.5,<0> ,81.0,<0> ,1017.0,<0> ,1.5,<0> ,2.3,<0> ,18:53,281.0,<0> ,11.0,<0> ,0.3,<0> ,0.0,<0> 
05/10/2023 19:15,26.80208333,tjrtlmet,P,1.0,1.0,15.0,,14.6,<0> ,81.0,<0> ,1017.0,<0> ,1.3,<0> ,2.1,<0> ,19:10,285.0,<0> ,11.0,<0> ,0.0,<0> ,0.0,<0> 
05/10/2023 19:30,26.8125,tjrtlmet,P,1.0,1.0,15.0,,14.5,<0> ,80.0,<0> ,1017.0,<0> ,1.3,<0> ,2.1,<0> ,19:20,269.0,<0> ,9.0,<0> ,0.0,<0> ,0.0,<0> 
05/10/2023 19:45,26.82291667,tjrtlmet,P,1.0,1.0,15.0,,14.5,<0> ,80.0,<0> ,1017.0,<0> ,1.0,<0> ,1.7,<0> ,19:30,283.0,<0> ,13.0,<0> ,0.0,<0> ,0.0,<0> 
05/10/2023 20:00,26.83333333,tjrtlmet,P,1.0,1.0,15.0,,14.5,<0> ,80.0,<0> ,1017.0,<0> ,0.9,<0> ,1.6,<0> ,19:51,278.0,<0> ,8.0,<0> ,0.0,<0> ,0.0,<0> 
05/10/2023 20:15,26.84375,tjrtlmet,P,1.0,1.0,15.0,,14.5,<0> ,81.0,<0> ,1017.0,<0> ,0.9,<0> ,1.4,<0> ,20:13,291.0,<0> ,11.0,<0> ,0.0,<0> ,0.0,<0> 
05/10/2023 20:30,26.85416667,tjrtlmet,P,1.0,1.0,15.0,,14.5,<0> ,81.0,<0> ,1017.0,<0> ,1.2,<0> ,2.2,<0> ,20:25,275.0,<0> ,12.0,<0> ,0.0,<0> ,0.0,<0> 
05/10/2023 20:45,26.86458333,tjrtlmet,P,1.0,1.0,15.0,,14.4,<0> ,79.0,<0> ,1017.0,<0> ,1.3,<0> ,1.8,<0> ,20:37,264.0,<0> ,9.0,<0> ,0.0,<0> ,0.0,<0> 
05/10/2023 21:00,26.875,tjrtlmet,P,1.0,1.0,15.0,,14.3,<0> ,78.0,<0> ,1017.0,<0> ,1.6,<0> ,2.8,<0> ,20:59,255.0,<0> ,10.0,<0> ,0.0,<0> ,0.0,<0> 
05/10/2023 21:15,26.88541667,tjrtlmet,P,1.0,1.0,15.0,,14.3,<0> ,77.0,<0> ,1017.0,<0> ,1.6,<0> ,2.5,<0> ,21:02,252.0,<0> ,14.0,<0> ,0.0,<0> ,0.0,<0> 
05/10/2023 21:30,26.89583333,tjrtlmet,P,1.0,1.0,15.0,,14.1,<0> ,77.0,<0> ,1017.0,<0> ,1.2,<0> ,1.9,<0> ,21:15,241.0,<0> ,15.0,<0> ,0.0,<0> ,0.0,<0> 
05/10/2023 21:45,26.90625,tjrtlmet,P,1.0,1.0,15.0,,13.5,<0> ,80.0,<0> ,1017.0,<0> ,0.9,<0> ,1.4,<0> ,21:34,185.0,<0> ,12.0,<0> ,0.0,<0> ,0.0,<0> 
05/10/2023 22:00,26.91666667,tjrtlmet,P,1.0,1.0,15.0,,13.1,<0> ,83.0,<0> ,1017.0,<0> ,0.8,<0> ,1.2,<0> ,21:47,183.0,<0> ,11.0,<0> ,0.0,<0> ,0.0,<0> 
05/10/2023 22:15,26.92708333,tjrtlmet,P,1.0,1.0,15.0,,13.2,<0> ,84.0,<0> ,1017.0,<0> ,0.5,<0> ,0.9,<0> ,22:05,168.0,<0> ,5.0,<0> ,0.0,<0> ,0.0,<0> 
05/10/2023 22:30,26.9375,tjrtlmet,P,1.0,1.0,15.0,,13.5,<0> ,83.0,<0> ,1017.0,<0> ,0.3,<0> ,0.6,<0> ,22:27,175.0,<0> ,6.0,<0> ,0.0,<0> ,0.0,<0> 
05/10/2023 22:45,26.94791667,tjrtlmet,P,1.0,1.0,15.0,,13.4,<0> ,83.0,<0> ,1017.0,<0> ,0.1,<0> ,0.7,<0> ,22:39,282.0,<0> ,20.0,<0> ,0.0,<0> ,0.0,<0> 
05/10/2023 23:00,26.95833333,tjrtlmet,P,1.0,1.0,15.0,,13.4,<0> ,82.0,<0> ,1017.0,<0> ,0.7,<0> ,1.1,<0> ,22:57,103.0,<0> ,13.0,<0> ,0.0,<0> ,0.0,<0> 
05/10/2023 23:15,26.96875,tjrtlmet,P,1.0,1.0,15.0,,13.4,<0> ,81.0,<0> ,1017.0,<0> ,0.2,<0> ,0.9,<0> ,23:00,88.0,<0> ,4.0,<0> ,0.0,<0> ,0.0,<0> 
05/10/2023 23:30,26.97916667,tjrtlmet,P,1.0,1.0,15.0,,13.0,<0> ,84.0,<0> ,1017.0,<0> ,0.0,<0> ,0.3,<0> ,23:17,83.0,<0> ,0.0,<0> ,0.0,<0> ,0.0,<0> 
05/10/2023 23:45,26.98958333,tjrtlmet,P,1.0,1.0,15.0,,12.7,<0> ,86.0,<0> ,1016.0,<0> ,0.3,<0> ,0.5,<0> ,23:40,119.0,<0> ,6.0,<0> ,0.0,<0> ,0.0,<0> 
05/11/2023 00:00,27.0,tjrtlmet,P,1.0,1.0,15.0,,13.1,<0> ,86.0,<0> ,1016.0,<0> ,0.7,<0> ,1.1,<0> ,23:53,119.0,<0> ,15.0,<0> ,0.0,<0> ,0.0,<0> 
05/11/2023 00:15,27.01041667,tjrtlmet,P,1.0,1.0,15.0,,13.4,<0> ,81.0,<0> ,1016.0,<0> ,0.6,<0> ,1.0,<0> ,00:01,112.0,<0> ,3.0,<0> ,0.0,<0> ,0.0,<0> 
05/11/2023 00:30,27.02083333,tjrtlmet,P,1.0,1.0,15.0,,13.9,<0> ,79.0,<0> ,1016.0,<0> ,0.2,<0> ,0.7,<0> ,00:20,91.0,<0> ,10.0,<0> ,0.0,<0> ,0.0,<0> 
05/11/2023 00:45,27.03125,tjrtlmet,P,1.0,1.0,15.0,,14.2,<0> ,78.0,<0> ,1016.0,<0> ,0.0,<0> ,0.3,<0> ,00:31,94.0,<0> ,0.0,<0> ,0.0,<0> ,0.0,<0> 
05/11/2023 01:00,27.04166667,tjrtlmet,P,1.0,1.0,15.0,,14.3,<0> ,77.0,<0> ,1016.0,<0> ,0.1,<0> ,0.4,<0> ,00:52,94.0,<0> ,0.0,<0> ,0.0,<0> ,0.0,<0> 
05/11/2023 01:15,27.05208333,tjrtlmet,P,1.0,1.0,15.0,,14.5,<0> ,78.0,<0> ,1016.0,<0> ,0.0,<0> ,0.0,<0> ,01:00,0.0,<0> ,0.0,<0> ,0.0,<0> ,0.0,<0> 
05/11/2023 01:30,27.0625,tjrtlmet,P,1.0,1.0,15.0,,14.4,<0> ,80.0,<0> ,1016.0,<0> ,0.0,<0> ,0.0,<0> ,01:15,0.0,<0> ,0.0,<0> ,0.0,<0> ,0.0,<0> 
05/11/2023 01:45,27.07291667,tjrtlmet,P,1.0,1.0,15.0,,14.5,<0> ,81.0,<0> ,1016.0,<0> ,0.0,<0> ,0.4,<0> ,01:42,94.0,<0> ,0.0,<0> ,0.0,<0> ,0.0,<0> 
05/11/2023 02:00,27.08333333,tjrtlmet,P,1.0,1.0,15.0,,14.6,<0> ,81.0,<0> ,1016.0,<0> ,0.3,<0> ,1.2,<0> ,01:51,328.0,<0> ,24.0,<0> ,0.0,<0> ,0.0,<0> 
05/11/2023 02:15,27.09375,tjrtlmet,P,1.0,1.0,15.0,,14.7,<0> ,82.0,<0> ,1015.0,<0> ,0.7,<0> ,1.9,<0> ,02:12,304.0,<0> ,16.0,<0> ,0.0,<0> ,0.0,<0> 
05/11/2023 02:30,27.10416667,tjrtlmet,P,1.0,1.0,15.0,,14.7,<0> ,83.0,<0> ,1015.0,<0> ,1.7,<0> ,3.1,<0> ,02:26,303.0,<0> ,20.0,<0> ,0.0,<0> ,0.0,<0> 
05/11/2023 02:45,27.11458333,tjrtlmet,P,1.0,1.0,15.0,,14.7,<0> ,83.0,<0> ,1015.0,<0> ,2.7,<0> ,4.8,<0> ,02:42,297.0,<0> ,14.0,<0> ,0.0,<0> ,0.0,<0> 
05/11/2023 03:00,27.125,tjrtlmet,P,1.0,1.0,15.0,,14.6,<0> ,82.0,<0> ,1015.0,<0> ,3.4,<0> ,4.9,<0> ,02:56,291.0,<0> ,12.0,<0> ,0.0,<0> ,0.0,<0> 
05/11/2023 03:15,27.13541667,tjrtlmet,P,1.0,1.0,15.0,,14.5,<0> ,82.0,<0> ,1015.0,<0> ,3.0,<0> ,4.5,<0> ,03:07,295.0,<0> ,14.0,<0> ,0.0,<0> ,0.0,<0> 
05/11/2023 03:30,27.14583333,tjrtlmet,P,1.0,1.0,15.0,,14.4,<0> ,83.0,<0> ,1015.0,<0> ,2.8,<0> ,4.2,<0> ,03:15,286.0,<0> ,13.0,<0> ,0.0,<0> ,0.0,<0> 
05/11/2023 03:45,27.15625,tjrtlmet,P,1.0,1.0,15.0,,14.4,<0> ,82.0,<0> ,1015.0,<0> ,2.5,<0> ,3.7,<0> ,03:32,287.0,<0> ,14.0,<0> ,0.0,<0> ,0.0,<0> 
05/11/2023 04:00,27.16666667,tjrtlmet,P,1.0,1.0,15.0,,14.4,<0> ,82.0,<0> ,1015.0,<0> ,2.9,<0> ,4.2,<0> ,03:46,290.0,<0> ,13.0,<0> ,0.0,<0> ,0.0,<0> 
05/11/2023 04:15,27.17708333,tjrtlmet,P,1.0,1.0,15.0,,14.3,<0> ,81.0,<0> ,1015.0,<0> ,2.6,<0> ,4.2,<0> ,04:04,292.0,<0> ,12.0,<0> ,0.0,<0> ,0.0,<0> 
05/11/2023 04:30,27.1875,tjrtlmet,P,1.0,1.0,15.0,,14.3,<0> ,81.0,<0> ,1015.0,<0> ,2.5,<0> ,3.4,<0> ,04:29,292.0,<0> ,12.0,<0> ,0.0,<0> ,0.0,<0> 
05/11/2023 04:45,27.19791667,tjrtlmet,P,1.0,1.0,15.0,,14.2,<0> ,81.0,<0> ,1015.0,<0> ,2.5,<0> ,3.8,<0> ,04:42,289.0,<0> ,12.0,<0> ,0.0,<0> ,0.0,<0> 
05/11/2023 05:00,27.20833333,tjrtlmet,P,1.0,1.0,15.0,,14.2,<0> ,81.0,<0> ,1015.0,<0> ,2.4,<0> ,3.6,<0> ,04:53,289.0,<0> ,13.0,<0> ,3.0,<0> ,0.0,<0> 
05/11/2023 05:15,27.21875,tjrtlmet,P,1.0,1.0,15.0,,14.2,<0> ,80.0,<0> ,1015.0,<0> ,2.3,<0> ,4.0,<0> ,05:00,294.0,<0> ,15.0,<0> ,12.0,<0> ,0.0,<0> 
05/11/2023 05:30,27.22916667,tjrtlmet,P,1.0,1.0,15.0,,14.2,<0> ,80.0,<0> ,1016.0,<0> ,2.4,<0> ,3.6,<0> ,05:27,290.0,<0> ,12.0,<0> ,26.9,<0> ,0.0,<0> 
05/11/2023 05:45,27.23958333,tjrtlmet,P,1.0,1.0,15.0,,14.2,<0> ,80.0,<0> ,1016.0,<0> ,2.3,<0> ,3.6,<0> ,05:44,281.0,<0> ,11.0,<0> ,69.7,<0> ,0.0,<0> 
05/11/2023 06:00,27.25,tjrtlmet,P,1.0,1.0,15.0,,14.3,<0> ,80.0,<0> ,1016.0,<0> ,1.8,<0> ,3.2,<0> ,05:58,285.0,<0> ,13.0,<0> ,118.2,<0> ,0.0,<0> 
05/11/2023 06:15,27.26041667,tjrtlmet,P,1.0,1.0,15.0,,14.4,<0> ,79.0,<0> ,1016.0,<0> ,2.3,<0> ,3.5,<0> ,06:11,286.0,<0> ,16.0,<0> ,150.0,<0> ,0.0,<0> 
05/11/2023 06:30,27.27083333,tjrtlmet,P,1.0,1.0,15.0,,14.5,<0> ,79.0,<0> ,1016.0,<0> ,2.1,<0> ,3.2,<0> ,06:16,288.0,<0> ,13.0,<0> ,210.6,<0> ,0.0,<0> 
05/11/2023 06:45,27.28125,tjrtlmet,P,1.0,1.0,15.0,,14.9,<0> ,78.0,<0> ,1016.0,<0> ,2.1,<0> ,3.2,<0> ,06:44,283.0,<0> ,13.0,<0> ,393.8,<0> ,0.0,<0> 
05/11/2023 07:00,27.29166667,tjrtlmet,P,1.0,1.0,15.0,,15.1,<0> ,77.0,<0> ,1016.0,<0> ,2.3,<0> ,3.2,<0> ,06:49,271.0,<0> ,14.0,<0> ,515.8,<0> ,0.0,<0> 
05/11/2023 07:15,27.30208333,tjrtlmet,P,1.0,1.0,15.0,,15.5,<0> ,76.0,<0> ,1016.0,<0> ,2.2,<0> ,3.5,<0> ,07:14,278.0,<0> ,12.0,<0> ,550.2,<0> ,0.0,<0> 
05/11/2023 07:30,27.3125,tjrtlmet,P,1.0,1.0,15.0,,15.5,<0> ,75.0,<0> ,1016.0,<0> ,2.6,<0> ,3.8,<0> ,07:23,272.0,<0> ,12.0,<0> ,528.3,<0> ,0.0,<0> 
05/11/2023 07:45,27.32291667,tjrtlmet,P,1.0,1.0,15.0,,15.3,<0> ,75.0,<0> ,1016.0,<0> ,2.7,<0> ,4.1,<0> ,07:36,268.0,<0> ,13.0,<0> ,489.2,<0> ,0.0,<0> 
05/11/2023 08:00,27.33333333,tjrtlmet,P,1.0,1.0,15.0,,15.5,<0> ,75.0,<0> ,1016.0,<0> ,2.7,<0> ,4.0,<0> ,07:49,269.0,<0> ,13.0,<0> ,657.0,<0> ,0.0,<0> 
05/11/2023 08:15,27.34375,tjrtlmet,P,1.0,1.0,15.0,,15.9,<0> ,74.0,<0> ,1016.0,<0> ,2.7,<0> ,3.8,<0> ,08:07,273.0,<0> ,14.0,<0> ,810.7,<0> ,0.0,<0> 
05/11/2023 08:30,27.35416667,tjrtlmet,P,1.0,1.0,15.0,,15.8,<0> ,74.0,<0> ,1016.0,<0> ,2.6,<0> ,3.5,<0> ,08:17,278.0,<0> ,12.0,<0> ,816.1,<0> ,0.0,<0> 
05/11/2023 08:45,27.36458333,tjrtlmet,P,1.0,1.0,15.0,,15.8,<0> ,73.0,<0> ,1016.0,<0> ,2.7,<0> ,4.0,<0> ,08:35,273.0,<0> ,14.0,<0> ,846.2,<0> ,0.0,<0> 
05/11/2023 09:00,27.375,tjrtlmet,P,1.0,1.0,15.0,,16.0,<0> ,73.0,<0> ,1016.0,<0> ,2.8,<0> ,4.4,<0> ,08:53,270.0,<0> ,13.0,<0> ,909.9,<0> ,0.0,<0> 
05/11/2023 09:15,27.38541667,tjrtlmet,P,1.0,1.0,15.0,,16.4,<0> ,73.0,<0> ,1016.0,<0> ,2.7,<0> ,4.1,<0> ,09:08,272.0,<0> ,13.0,<0> ,1216.3,<0> ,0.0,<0> 
05/11/2023 09:30,27.39583333,tjrtlmet,P,1.0,1.0,15.0,,16.4,<0> ,72.0,<0> ,1016.0,<0> ,3.1,<0> ,4.3,<0> ,09:17,273.0,<0> ,14.0,<0> ,1248.9,<0> ,0.0,<0> 
05/11/2023 09:45,27.40625,tjrtlmet,P,1.0,1.0,15.0,,16.8,<0> ,71.0,<0> ,1016.0,<0> ,3.0,<0> ,4.7,<0> ,09:42,278.0,<0> ,17.0,<0> ,1380.8,<0> ,0.0,<0> 
05/11/2023 10:00,27.41666667,tjrtlmet,P,1.0,1.0,15.0,,17.0,<0> ,71.0,<0> ,1016.0,<0> ,3.3,<0> ,4.6,<0> ,09:53,277.0,<0> ,13.0,<0> ,1616.2,<0> ,0.0,<0> 
05/11/2023 10:15,27.42708333,tjrtlmet,P,1.0,1.0,15.0,,17.1,<0> ,70.0,<0> ,1016.0,<0> ,3.3,<0> ,4.6,<0> ,10:00,281.0,<0> ,14.0,<0> ,1653.7,<0> ,0.0,<0> 
05/11/2023 10:30,27.4375,tjrtlmet,P,1.0,1.0,15.0,,17.4,<0> ,69.0,<0> ,1016.0,<0> ,3.1,<0> ,4.2,<0> ,10:28,282.0,<0> ,13.0,<0> ,1699.9,<0> ,0.0,<0> 
05/11/2023 10:45,27.44791667,tjrtlmet,P,1.0,1.0,15.0,,17.3,<0> ,69.0,<0> ,1016.0,<0> ,3.4,<0> ,4.6,<0> ,10:37,280.0,<0> ,13.0,<0> ,1731.3,<0> ,0.0,<0> 
05/11/2023 11:00,27.45833333,tjrtlmet,P,1.0,1.0,15.0,,17.4,<0> ,70.0,<0> ,1016.0,<0> ,3.4,<0> ,4.6,<0> ,10:48,279.0,<0> ,13.0,<0> ,1761.7,<0> ,0.0,<0> 
05/11/2023 11:15,27.46875,tjrtlmet,P,1.0,1.0,15.0,,17.6,<0> ,70.0,<0> ,1016.0,<0> ,3.4,<0> ,5.0,<0> ,11:13,278.0,<0> ,14.0,<0> ,1782.9,<0> ,0.0,<0> 
05/11/2023 11:30,27.47916667,tjrtlmet,P,1.0,1.0,15.0,,17.6,<0> ,70.0,<0> ,1016.0,<0> ,3.5,<0> ,5.1,<0> ,11:16,281.0,<0> ,12.0,<0> ,1793.9,<0> ,0.0,<0> 
05/11/2023 11:45,27.48958333,tjrtlmet,P,1.0,1.0,15.0,,17.8,<0> ,69.0,<0> ,1016.0,<0> ,3.4,<0> ,5.3,<0> ,11:30,276.0,<0> ,15.0,<0> ,1802.2,<0> ,0.0,<0> 
05/11/2023 12:00,27.5,tjrtlmet,P,1.0,1.0,15.0,,17.8,<0> ,69.0,<0> ,1016.0,<0> ,3.7,<0> ,4.9,<0> ,11:59,282.0,<0> ,14.0,<0> ,1800.5,<0> ,0.0,<0> 
05/11/2023 12:15,27.51041667,tjrtlmet,P,1.0,1.0,15.0,,18.0,<0> ,69.0,<0> ,1016.0,<0> ,3.7,<0> ,5.1,<0> ,12:01,282.0,<0> ,13.0,<0> ,1789.5,<0> ,0.0,<0> 
05/11/2023 12:30,27.52083333,tjrtlmet,P,1.0,1.0,15.0,,17.7,<0> ,70.0,<0> ,1015.0,<0> ,3.8,<0> ,5.4,<0> ,12:20,280.0,<0> ,15.0,<0> ,1772.5,<0> ,0.0,<0> 
05/11/2023 12:45,27.53125,tjrtlmet,P,1.0,1.0,15.0,,18.0,<0> ,69.0,<0> ,1015.0,<0> ,3.8,<0> ,5.3,<0> ,12:36,281.0,<0> ,12.0,<0> ,1749.1,<0> ,0.0,<0> 
05/11/2023 13:00,27.54166667,tjrtlmet,P,1.0,1.0,15.0,,18.1,<0> ,69.0,<0> ,1015.0,<0> ,3.5,<0> ,5.5,<0> ,12:57,276.0,<0> ,12.0,<0> ,1719.1,<0> ,0.0,<0> 
05/11/2023 13:15,27.55208333,tjrtlmet,P,1.0,1.0,15.0,,18.0,<0> ,69.0,<0> ,1015.0,<0> ,3.5,<0> ,5.3,<0> ,13:12,278.0,<0> ,12.0,<0> ,1680.5,<0> ,0.0,<0> 
05/11/2023 13:30,27.5625,tjrtlmet,P,1.0,1.0,15.0,,18.3,<0> ,69.0,<0> ,1015.0,<0> ,3.5,<0> ,5.4,<0> ,13:19,278.0,<0> ,13.0,<0> ,1637.3,<0> ,0.0,<0> 
05/11/2023 13:45,27.57291667,tjrtlmet,P,1.0,1.0,15.0,,18.2,<0> ,68.0,<0> ,1015.0,<0> ,3.6,<0> ,5.1,<0> ,13:39,281.0,<0> ,13.0,<0> ,1586.9,<0> ,0.0,<0> 
05/11/2023 14:00,27.58333333,tjrtlmet,P,1.0,1.0,15.0,,18.1,<0> ,69.0,<0> ,1015.0,<0> ,3.7,<0> ,5.2,<0> ,13:52,276.0,<0> ,13.0,<0> ,1528.8,<0> ,0.0,<0> 
05/11/2023 14:15,27.59375,tjrtlmet,P,1.0,1.0,15.0,,18.0,<0> ,70.0,<0> ,1015.0,<0> ,3.9,<0> ,5.7,<0> ,14:03,278.0,<0> ,12.0,<0> ,1464.8,<0> ,0.0,<0> 
05/11/2023 14:30,27.60416667,tjrtlmet,P,1.0,1.0,15.0,,18.2,<0> ,70.0,<0> ,1015.0,<0> ,3.6,<0> ,5.5,<0> ,14:16,277.0,<0> ,13.0,<0> ,1397.5,<0> ,0.0,<0> 
05/11/2023 14:45,27.61458333,tjrtlmet,P,1.0,1.0,15.0,,18.0,<0> ,71.0,<0> ,1014.0,<0> ,3.7,<0> ,5.4,<0> ,14:30,279.0,<0> ,13.0,<0> ,1323.3,<0> ,0.0,<0> 
05/11/2023 15:00,27.625,tjrtlmet,P,1.0,1.0,15.0,,18.0,<0> ,72.0,<0> ,1014.0,<0> ,3.7,<0> ,5.6,<0> ,14:45,283.0,<0> ,15.0,<0> ,1247.6,<0> ,0.0,<0> 
05/11/2023 15:15,27.63541667,tjrtlmet,P,1.0,1.0,15.0,,18.0,<0> ,72.0,<0> ,1014.0,<0> ,3.7,<0> ,5.0,<0> ,15:02,283.0,<0> ,14.0,<0> ,1166.9,<0> ,0.0,<0> 
05/11/2023 15:30,27.64583333,tjrtlmet,P,1.0,1.0,15.0,,18.0,<0> ,73.0,<0> ,1014.0,<0> ,3.6,<0> ,5.3,<0> ,15:21,290.0,<0> ,12.0,<0> ,1075.6,<0> ,0.0,<0> 
05/11/2023 15:45,27.65625,tjrtlmet,P,1.0,1.0,15.0,,18.1,<0> ,73.0,<0> ,1014.0,<0> ,3.4,<0> ,5.3,<0> ,15:38,292.0,<0> ,15.0,<0> ,999.7,<0> ,0.0,<0> 
05/11/2023 16:00,27.66666667,tjrtlmet,P,1.0,1.0,15.0,,18.0,<0> ,73.0,<0> ,1014.0,<0> ,3.4,<0> ,5.1,<0> ,15:52,294.0,<0> ,14.0,<0> ,910.2,<0> ,0.0,<0> 
05/11/2023 16:15,27.67708333,tjrtlmet,P,1.0,1.0,15.0,,17.7,<0> ,73.0,<0> ,1014.0,<0> ,3.3,<0> ,4.8,<0> ,16:11,297.0,<0> ,15.0,<0> ,815.7,<0> ,0.0,<0> 
05/11/2023 16:30,27.6875,tjrtlmet,P,1.0,1.0,15.0,,17.4,<0> ,74.0,<0> ,1014.0,<0> ,3.5,<0> ,5.3,<0> ,16:29,304.0,<0> ,15.0,<0> ,719.9,<0> ,0.0,<0> 
05/11/2023 16:45,27.69791667,tjrtlmet,P,1.0,1.0,15.0,,17.3,<0> ,75.0,<0> ,1014.0,<0> ,3.2,<0> ,4.6,<0> ,16:39,298.0,<0> ,13.0,<0> ,624.9,<0> ,0.0,<0> 
05/11/2023 17:00,27.70833333,tjrtlmet,P,1.0,1.0,15.0,,17.2,<0> ,76.0,<0> ,1014.0,<0> ,2.9,<0> ,4.5,<0> ,16:53,301.0,<0> ,16.0,<0> ,529.1,<0> ,0.0,<0> 
05/11/2023 17:15,27.71875,tjrtlmet,P,1.0,1.0,15.0,,16.9,<0> ,77.0,<0> ,1014.0,<0> ,2.9,<0> ,4.5,<0> ,17:08,301.0,<0> ,13.0,<0> ,431.8,<0> ,0.0,<0> 
05/11/2023 17:30,27.72916667,tjrtlmet,P,1.0,1.0,15.0,,16.7,<0> ,78.0,<0> ,1014.0,<0> ,2.9,<0> ,4.4,<0> ,17:17,298.0,<0> ,16.0,<0> ,338.8,<0> ,0.0,<0> 
05/11/2023 17:45,27.73958333,tjrtlmet,P,1.0,1.0,15.0,,16.2,<0> ,80.0,<0> ,1014.0,<0> ,3.0,<0> ,4.8,<0> ,17:32,296.0,<0> ,13.0,<0> ,247.2,<0> ,0.0,<0> 
05/11/2023 18:00,27.75,tjrtlmet,P,1.0,1.0,15.0,,15.8,<0> ,81.0,<0> ,1014.0,<0> ,2.7,<0> ,4.2,<0> ,17:52,300.0,<0> ,13.0,<0> ,159.5,<0> ,0.0,<0> 
05/11/2023 18:15,27.76041667,tjrtlmet,P,1.0,1.0,15.0,,15.4,<0> ,83.0,<0> ,1014.0,<0> ,2.6,<0> ,3.9,<0> ,18:07,298.0,<0> ,15.0,<0> ,70.4,<0> ,0.0,<0> 
05/11/2023 18:30,27.77083333,tjrtlmet,P,1.0,1.0,15.0,,14.9,<0> ,84.0,<0> ,1014.0,<0> ,2.3,<0> ,3.4,<0> ,18:15,301.0,<0> ,15.0,<0> ,30.5,<0> ,0.0,<0> 
05/11/2023 18:45,27.78125,tjrtlmet,P,1.0,1.0,15.0,,14.6,<0> ,85.0,<0> ,1014.0,<0> ,2.0,<0> ,3.4,<0> ,18:44,306.0,<0> ,16.0,<0> ,9.3,<0> ,0.0,<0> 
05/11/2023 19:00,27.79166667,tjrtlmet,P,1.0,1.0,15.0,,14.5,<0> ,85.0,<0> ,1014.0,<0> ,2.3,<0> ,3.7,<0> ,18:56,300.0,<0> ,13.0,<0> ,0.8,<0> ,0.0,<0> 
05/11/2023 19:15,27.80208333,tjrtlmet,P,1.0,1.0,15.0,,14.4,<0> ,85.0,<0> ,1014.0,<0> ,2.3,<0> ,3.9,<0> ,19:06,296.0,<0> ,12.0,<0> ,0.0,<0> ,0.0,<0> 
05/11/2023 19:30,27.8125,tjrtlmet,P,1.0,1.0,15.0,,14.2,<0> ,85.0,<0> ,1015.0,<0> ,2.3,<0> ,3.5,<0> ,19:22,296.0,<0> ,14.0,<0> ,0.0,<0> ,0.0,<0> 
05/11/2023 19:45,27.82291667,tjrtlmet,P,1.0,1.0,15.0,,14.2,<0> ,86.0,<0> ,1015.0,<0> ,2.0,<0> ,3.6,<0> ,19:43,286.0,<0> ,12.0,<0> ,0.0,<0> ,0.0,<0> 
05/11/2023 20:00,27.83333333,tjrtlmet,P,1.0,1.0,15.0,,14.0,<0> ,87.0,<0> ,1015.0,<0> ,2.6,<0> ,3.6,<0> ,19:52,282.0,<0> ,12.0,<0> ,0.0,<0> ,0.0,<0> 
05/11/2023 20:15,27.84375,tjrtlmet,P,1.0,1.0,15.0,,14.0,<0> ,88.0,<0> ,1015.0,<0> ,2.3,<0> ,3.4,<0> ,20:13,286.0,<0> ,12.0,<0> ,0.0,<0> ,0.0,<0> 
05/11/2023 20:30,27.85416667,tjrtlmet,P,1.0,1.0,15.0,,13.9,<0> ,88.0,<0> ,1015.0,<0> ,2.1,<0> ,3.3,<0> ,20:20,283.0,<0> ,11.0,<0> ,0.0,<0> ,0.0,<0> 
05/11/2023 20:45,27.86458333,tjrtlmet,P,1.0,1.0,15.0,,14.0,<0> ,88.0,<0> ,1015.0,<0> ,2.0,<0> ,2.8,<0> ,20:42,283.0,<0> ,11.0,<0> ,0.0,<0> ,0.0,<0> 
05/11/2023 21:00,27.875,tjrtlmet,P,1.0,1.0,15.0,,14.5,<0> ,86.0,<0> ,1015.0,<0> ,2.1,<0> ,3.2,<0> ,20:47,283.0,<0> ,12.0,<0> ,0.0,<0> ,0.0,<0> 
05/11/2023 21:15,27.88541667,tjrtlmet,P,1.0,1.0,15.0,,14.7,<0> ,85.0,<0> ,1015.0,<0> ,2.2,<0> ,3.4,<0> ,21:02,274.0,<0> ,11.0,<0> ,0.0,<0> ,0.0,<0> 
05/11/2023 21:30,27.89583333,tjrtlmet,P,1.0,1.0,15.0,,14.7,<0> ,84.0,<0> ,1015.0,<0> ,2.2,<0> ,3.4,<0> ,21:28,275.0,<0> ,10.0,<0> ,0.0,<0> ,0.0,<0> 
05/11/2023 21:45,27.90625,tjrtlmet,P,1.0,1.0,15.0,,14.8,<0> ,83.0,<0> ,1015.0,<0> ,2.2,<0> ,3.3,<0> ,21:36,274.0,<0> ,10.0,<0> ,0.0,<0> ,0.0,<0> 
05/11/2023 22:00,27.91666667,tjrtlmet,P,1.0,1.0,15.0,,14.8,<0> ,83.0,<0> ,1015.0,<0> ,2.2,<0> ,3.4,<0> ,21:47,275.0,<0> ,11.0,<0> ,0.0,<0> ,0.0,<0> 
05/11/2023 22:15,27.92708333,tjrtlmet,P,1.0,1.0,15.0,,14.8,<0> ,83.0,<0> ,1015.0,<0> ,1.9,<0> ,3.0,<0> ,22:02,279.0,<0> ,13.0,<0> ,0.0,<0> ,0.0,<0> 
05/11/2023 22:30,27.9375,tjrtlmet,P,1.0,1.0,15.0,,14.8,<0> ,82.0,<0> ,1015.0,<0> ,1.7,<0> ,2.7,<0> ,22:22,287.0,<0> ,14.0,<0> ,0.0,<0> ,0.0,<0> 
05/11/2023 22:45,27.94791667,tjrtlmet,P,1.0,1.0,15.0,,14.8,<0> ,81.0,<0> ,1015.0,<0> ,1.7,<0> ,2.5,<0> ,22:32,281.0,<0> ,11.0,<0> ,0.0,<0> ,0.0,<0> 
05/11/2023 23:00,27.95833333,tjrtlmet,P,1.0,1.0,15.0,,14.8,<0> ,81.0,<0> ,1015.0,<0> ,1.7,<0> ,2.5,<0> ,22:54,294.0,<0> ,13.0,<0> ,0.0,<0> ,0.0,<0> 
05/11/2023 23:15,27.96875,tjrtlmet,P,1.0,1.0,15.0,,14.8,<0> ,81.0,<0> ,1015.0,<0> ,1.5,<0> ,3.0,<0> ,23:14,295.0,<0> ,12.0,<0> ,0.0,<0> ,0.0,<0> 
05/11/2023 23:30,27.97916667,tjrtlmet,P,1.0,1.0,15.0,,14.8,<0> ,81.0,<0> ,1015.0,<0> ,2.0,<0> ,3.2,<0> ,23:15,288.0,<0> ,12.0,<0> ,0.0,<0> ,0.0,<0> 
05/11/2023 23:45,27.98958333,tjrtlmet,P,1.0,1.0,15.0,,14.8,<0> ,81.0,<0> ,1015.0,<0> ,1.9,<0> ,2.9,<0> ,23:36,291.0,<0> ,13.0,<0> ,0.0,<0> ,0.0,<0> 
05/12/2023 00:00,28.0,tjrtlmet,P,1.0,1.0,15.0,,14.8,<0> ,80.0,<0> ,1015.0,<0> ,2.2,<0> ,3.7,<0> ,23:55,271.0,<0> ,14.0,<0> ,0.0,<0> ,0.0,<0> 
05/12/2023 00:15,28.01041667,tjrtlmet,P,1.0,1.0,15.0,,14.8,<0> ,80.0,<0> ,1014.0,<0> ,1.5,<0> ,2.6,<0> ,00:00,277.0,<0> ,11.0,<0> ,0.0,<0> ,0.0,<0> 
05/12/2023 00:30,28.02083333,tjrtlmet,P,1.0,1.0,15.0,,14.7,<0> ,81.0,<0> ,1014.0,<0> ,1.8,<0> ,2.6,<0> ,00:20,279.0,<0> ,11.0,<0> ,0.0,<0> ,0.0,<0> 
05/12/2023 00:45,28.03125,tjrtlmet,P,1.0,1.0,15.0,,14.7,<0> ,81.0,<0> ,1014.0,<0> ,1.7,<0> ,2.7,<0> ,00:39,282.0,<0> ,12.0,<0> ,0.0,<0> ,0.0,<0> 
05/12/2023 01:00,28.04166667,tjrtlmet,P,1.0,1.0,15.0,,14.7,<0> ,82.0,<0> ,1014.0,<0> ,1.4,<0> ,2.2,<0> ,00:51,285.0,<0> ,11.0,<0> ,0.0,<0> ,0.0,<0> 
05/12/2023 01:15,28.05208333,tjrtlmet,P,1.0,1.0,15.0,,14.7,<0> ,82.0,<0> ,1014.0,<0> ,1.2,<0> ,2.1,<0> ,01:14,278.0,<0> ,10.0,<0> ,0.0,<0> ,0.0,<0> 
05/12/2023 01:30,28.0625,tjrtlmet,P,1.0,1.0,15.0,,14.6,<0> ,83.0,<0> ,1014.0,<0> ,1.4,<0> ,2.0,<0> ,01:25,283.0,<0> ,10.0,<0> ,0.0,<0> ,0.0,<0> 
05/12/2023 01:45,28.07291667,tjrtlmet,P,1.0,1.0,15.0,,14.6,<0> ,83.0,<0> ,1014.0,<0> ,1.5,<0> ,2.4,<0> ,01:38,284.0,<0> ,10.0,<0> ,0.0,<0> ,0.0,<0> 
05/12/2023 02:00,28.08333333,tjrtlmet,P,1.0,1.0,15.0,,14.6,<0> ,83.0,<0> ,1014.0,<0> ,1.7,<0> ,2.6,<0> ,01:50,286.0,<0> ,11.0,<0> ,0.0,<0> ,0.0,<0> 
05/12/2023 02:15,28.09375,tjrtlmet,P,1.0,1.0,15.0,,14.6,<0> ,82.0,<0> ,1014.0,<0> ,1.9,<0> ,2.9,<0> ,02:00,286.0,<0> ,12.0,<0> ,0.0,<0> ,0.0,<0> 
05/12/2023 02:30,28.10416667,tjrtlmet,P,1.0,1.0,15.0,,14.5,<0> ,82.0,<0> ,1014.0,<0> ,1.8,<0> ,2.5,<0> ,02:22,280.0,<0> ,11.0,<0> ,0.0,<0> ,0.0,<0> 
05/12/2023 02:45,28.11458333,tjrtlmet,P,1.0,1.0,15.0,,14.6,<0> ,82.0,<0> ,1014.0,<0> ,1.7,<0> ,2.6,<0> ,02:31,280.0,<0> ,10.0,<0> ,0.0,<0> ,0.0,<0> 
05/12/2023 03:00,28.125,tjrtlmet,P,1.0,1.0,15.0,,14.6,<0> ,82.0,<0> ,1014.0,<0> ,1.6,<0> ,2.7,<0> ,02:49,284.0,<0> ,13.0,<0> ,0.0,<0> ,0.0,<0> 
05/12/2023 03:15,28.13541667,tjrtlmet,P,1.0,1.0,15.0,,14.7,<0> ,82.0,<0> ,1014.0,<0> ,1.4,<0> ,2.1,<0> ,03:10,292.0,<0> ,12.0,<0> ,0.0,<0> ,0.0,<0> 
05/12/2023 03:30,28.14583333,tjrtlmet,P,1.0,1.0,15.0,,14.7,<0> ,82.0,<0> ,1014.0,<0> ,1.5,<0> ,2.5,<0> ,03:17,293.0,<0> ,12.0,<0> ,0.0,<0> ,0.0,<0> 
05/12/2023 03:45,28.15625,tjrtlmet,P,1.0,1.0,15.0,,14.7,<0> ,82.0,<0> ,1014.0,<0> ,1.2,<0> ,2.0,<0> ,03:31,291.0,<0> ,14.0,<0> ,0.0,<0> ,0.0,<0> 
05/12/2023 04:00,28.16666667,tjrtlmet,P,1.0,1.0,15.0,,14.6,<0> ,83.0,<0> ,1014.0,<0> ,1.0,<0> ,1.7,<0> ,03:53,289.0,<0> ,11.0,<0> ,0.0,<0> ,0.0,<0> 
05/12/2023 04:15,28.17708333,tjrtlmet,P,1.0,1.0,15.0,,14.7,<0> ,82.0,<0> ,1014.0,<0> ,1.3,<0> ,2.1,<0> ,04:10,298.0,<0> ,11.0,<0> ,0.0,<0> ,0.0,<0> 
05/12/2023 04:30,28.1875,tjrtlmet,P,1.0,1.0,15.0,,14.7,<0> ,81.0,<0> ,1014.0,<0> ,1.2,<0> ,1.9,<0> ,04:16,294.0,<0> ,11.0,<0> ,0.0,<0> ,0.0,<0> 
05/12/2023 04:45,28.19791667,tjrtlmet,P,1.0,1.0,15.0,,14.7,<0> ,83.0,<0> ,1014.0,<0> ,1.1,<0> ,1.8,<0> ,04:39,284.0,<0> ,14.0,<0> ,0.0,<0> ,0.0,<0> 
05/12/2023 05:00,28.20833333,tjrtlmet,P,1.0,1.0,15.0,,14.7,<0> ,83.0,<0> ,1014.0,<0> ,0.9,<0> ,1.8,<0> ,04:45,289.0,<0> ,6.0,<0> ,2.2,<0> ,0.0,<0> 
05/12/2023 05:15,28.21875,tjrtlmet,P,1.0,1.0,15.0,,14.7,<0> ,84.0,<0> ,1014.0,<0> ,0.8,<0> ,1.3,<0> ,05:09,295.0,<0> ,10.0,<0> ,7.4,<0> ,0.0,<0> 
05/12/2023 05:30,28.22916667,tjrtlmet,P,1.0,1.0,15.0,,14.7,<0> ,84.0,<0> ,1014.0,<0> ,0.9,<0> ,1.4,<0> ,05:28,299.0,<0> ,10.0,<0> ,15.6,<0> ,0.0,<0> 
05/12/2023 05:45,28.23958333,tjrtlmet,P,1.0,1.0,15.0,,14.8,<0> ,84.0,<0> ,1014.0,<0> ,0.8,<0> ,1.6,<0> ,05:43,286.0,<0> ,11.0,<0> ,27.9,<0> ,0.0,<0> 
05/12/2023 06:00,28.25,tjrtlmet,P,1.0,1.0,15.0,,14.8,<0> ,83.0,<0> ,1014.0,<0> ,1.0,<0> ,1.5,<0> ,05:47,290.0,<0> ,12.0,<0> ,44.2,<0> ,0.0,<0> 
05/12/2023 06:15,28.26041667,tjrtlmet,P,1.0,1.0,15.0,,14.9,<0> ,83.0,<0> ,1014.0,<0> ,0.7,<0> ,1.2,<0> ,06:08,242.0,<0> ,19.0,<0> ,63.1,<0> ,0.0,<0> 
05/12/2023 06:30,28.27083333,tjrtlmet,P,1.0,1.0,15.0,,15.0,<0> ,82.0,<0> ,1014.0,<0> ,0.8,<0> ,1.3,<0> ,06:29,222.0,<0> ,25.0,<0> ,83.2,<0> ,0.0,<0> 
05/12/2023 06:45,28.28125,tjrtlmet,P,1.0,1.0,15.0,,15.1,<0> ,81.0,<0> ,1015.0,<0> ,0.8,<0> ,1.7,<0> ,06:41,232.0,<0> ,26.0,<0> ,100.2,<0> ,0.0,<0> 
05/12/2023 07:00,28.29166667,tjrtlmet,P,1.0,1.0,15.0,,15.2,<0> ,80.0,<0> ,1015.0,<0> ,0.8,<0> ,1.5,<0> ,06:45,220.0,<0> ,18.0,<0> ,115.4,<0> ,0.0,<0> 
05/12/2023 07:15,28.30208333,tjrtlmet,P,1.0,1.0,15.0,,15.3,<0> ,80.0,<0> ,1015.0,<0> ,1.0,<0> ,1.7,<0> ,07:11,231.0,<0> ,17.0,<0> ,138.5,<0> ,0.0,<0> 
05/12/2023 07:30,28.3125,tjrtlmet,P,1.0,1.0,15.0,,15.3,<0> ,80.0,<0> ,1015.0,<0> ,1.2,<0> ,1.9,<0> ,07:24,254.0,<0> ,18.0,<0> ,177.7,<0> ,0.0,<0> 
05/12/2023 07:45,28.32291667,tjrtlmet,P,1.0,1.0,15.0,,15.3,<0> ,80.0,<0> ,1015.0,<0> ,1.5,<0> ,2.4,<0> ,07:36,274.0,<0> ,11.0,<0> ,207.8,<0> ,0.0,<0> 
05/12/2023 08:00,28.33333333,tjrtlmet,P,1.0,1.0,15.0,,15.3,<0> ,79.0,<0> ,1015.0,<0> ,1.2,<0> ,2.1,<0> ,07:51,274.0,<0> ,21.0,<0> ,238.9,<0> ,0.0,<0> 
05/12/2023 08:15,28.34375,tjrtlmet,P,1.0,1.0,15.0,,15.4,<0> ,79.0,<0> ,1015.0,<0> ,1.0,<0> ,1.8,<0> ,08:10,256.0,<0> ,17.0,<0> ,266.2,<0> ,0.0,<0> 
05/12/2023 08:30,28.35416667,tjrtlmet,P,1.0,1.0,15.0,,15.5,<0> ,79.0,<0> ,1015.0,<0> ,1.0,<0> ,1.9,<0> ,08:23,254.0,<0> ,21.0,<0> ,318.5,<0> ,0.0,<0> 
05/12/2023 08:45,28.36458333,tjrtlmet,P,1.0,1.0,15.0,,15.6,<0> ,78.0,<0> ,1015.0,<0> ,1.1,<0> ,1.8,<0> ,08:43,231.0,<0> ,20.0,<0> ,386.1,<0> ,0.0,<0> 
05/12/2023 09:00,28.375,tjrtlmet,P,1.0,1.0,15.0,,15.7,<0> ,78.0,<0> ,1015.0,<0> ,1.1,<0> ,1.9,<0> ,08:57,231.0,<0> ,24.0,<0> ,444.7,<0> ,0.0,<0> 
05/12/2023 09:15,28.38541667,tjrtlmet,P,1.0,1.0,15.0,,15.8,<0> ,78.0,<0> ,1015.0,<0> ,1.1,<0> ,2.1,<0> ,09:15,258.0,<0> ,21.0,<0> ,468.2,<0> ,0.0,<0> 
05/12/2023 09:30,28.39583333,tjrtlmet,P,1.0,1.0,15.0,,15.9,<0> ,78.0,<0> ,1015.0,<0> ,1.2,<0> ,2.3,<0> ,09:15,265.0,<0> ,20.0,<0> ,509.1,<0> ,0.0,<0> 
05/12/2023 09:45,28.40625,tjrtlmet,P,1.0,1.0,15.0,,16.3,<0> ,78.0,<0> ,1015.0,<0> ,1.4,<0> ,2.5,<0> ,09:43,279.0,<0> ,19.0,<0> ,603.0,<0> ,0.0,<0> 
05/12/2023 10:00,28.41666667,tjrtlmet,P,1.0,1.0,15.0,,16.7,<0> ,78.0,<0> ,1015.0,<0> ,1.8,<0> ,2.6,<0> ,09:54,285.0,<0> ,14.0,<0> ,662.6,<0> ,0.0,<0> 
05/12/2023 10:15,28.42708333,tjrtlmet,P,1.0,1.0,15.0,,16.7,<0> ,77.0,<0> ,1015.0,<0> ,2.1,<0> ,3.3,<0> ,10:02,286.0,<0> ,16.0,<0> ,742.9,<0> ,0.0,<0> 
05/12/2023 10:30,28.4375,tjrtlmet,P,1.0,1.0,15.0,,17.2,<0> ,77.0,<0> ,1015.0,<0> ,2.2,<0> ,3.3,<0> ,10:21,292.0,<0> ,15.0,<0> ,860.2,<0> ,0.0,<0> 
05/12/2023 10:45,28.44791667,tjrtlmet,P,1.0,1.0,15.0,,17.3,<0> ,77.0,<0> ,1015.0,<0> ,2.8,<0> ,4.1,<0> ,10:43,287.0,<0> ,14.0,<0> ,942.5,<0> ,0.0,<0> 
05/12/2023 11:00,28.45833333,tjrtlmet,P,1.0,1.0,15.0,,17.4,<0> ,78.0,<0> ,1015.0,<0> ,2.9,<0> ,4.4,<0> ,10:59,291.0,<0> ,15.0,<0> ,1023.6,<0> ,0.0,<0> 
05/12/2023 11:15,28.46875,tjrtlmet,P,1.0,1.0,15.0,,17.4,<0> ,79.0,<0> ,1014.0,<0> ,3.5,<0> ,5.1,<0> ,11:12,285.0,<0> ,15.0,<0> ,1127.3,<0> ,0.0,<0> 
05/12/2023 11:30,28.47916667,tjrtlmet,P,1.0,1.0,15.0,,17.4,<0> ,80.0,<0> ,1014.0,<0> ,3.8,<0> ,5.6,<0> ,11:18,283.0,<0> ,14.0,<0> ,1328.7,<0> ,0.0,<0> 
05/12/2023 11:45,28.48958333,tjrtlmet,P,1.0,1.0,15.0,,17.6,<0> ,79.0,<0> ,1014.0,<0> ,3.9,<0> ,5.9,<0> ,11:43,280.0,<0> ,13.0,<0> ,1456.5,<0> ,0.0,<0> 
05/12/2023 12:00,28.5,tjrtlmet,P,1.0,1.0,15.0,,18.0,<0> ,78.0,<0> ,1014.0,<0> ,3.7,<0> ,5.4,<0> ,11:46,284.0,<0> ,13.0,<0> ,1695.5,<0> ,0.0,<0> 
05/12/2023 12:15,28.51041667,tjrtlmet,P,1.0,1.0,15.0,,18.1,<0> ,77.0,<0> ,1014.0,<0> ,4.0,<0> ,5.8,<0> ,12:10,285.0,<0> ,13.0,<0> ,1785.6,<0> ,0.0,<0> 
05/12/2023 12:30,28.52083333,tjrtlmet,P,1.0,1.0,15.0,,17.9,<0> ,78.0,<0> ,1014.0,<0> ,3.8,<0> ,5.5,<0> ,12:15,278.0,<0> ,12.0,<0> ,1767.9,<0> ,0.0,<0> 
05/12/2023 12:45,28.53125,tjrtlmet,P,1.0,1.0,15.0,,18.1,<0> ,77.0,<0> ,1014.0,<0> ,3.8,<0> ,5.6,<0> ,12:40,279.0,<0> ,14.0,<0> ,1744.0,<0> ,0.0,<0> 
05/12/2023 13:00,28.54166667,tjrtlmet,P,1.0,1.0,15.0,,18.0,<0> ,77.0,<0> ,1014.0,<0> ,3.8,<0> ,5.3,<0> ,12:52,278.0,<0> ,13.0,<0> ,1709.5,<0> ,0.0,<0> 
05/12/2023 13:15,28.55208333,tjrtlmet,P,1.0,1.0,15.0,,17.8,<0> ,77.0,<0> ,1014.0,<0> ,3.7,<0> ,5.5,<0> ,13:09,273.0,<0> ,14.0,<0> ,1669.7,<0> ,0.0,<0> 
05/12/2023 13:30,28.5625,tjrtlmet,P,1.0,1.0,15.0,,18.0,<0> ,76.0,<0> ,1014.0,<0> ,3.6,<0> ,5.4,<0> ,13:22,278.0,<0> ,13.0,<0> ,1555.4,<0> ,0.0,<0> 
05/12/2023 13:45,28.57291667,tjrtlmet,P,1.0,1.0,15.0,,17.9,<0> ,76.0,<0> ,1014.0,<0> ,3.7,<0> ,5.4,<0> ,13:43,279.0,<0> ,13.0,<0> ,1589.1,<0> ,0.0,<0> 
05/12/2023 14:00,28.58333333,tjrtlmet,P,1.0,1.0,15.0,,18.1,<0> ,76.0,<0> ,1014.0,<0> ,3.3,<0> ,5.0,<0> ,13:58,271.0,<0> ,16.0,<0> ,1534.1,<0> ,0.0,<0> 
05/12/2023 14:15,28.59375,tjrtlmet,P,1.0,1.0,15.0,,17.6,<0> ,76.0,<0> ,1014.0,<0> ,3.5,<0> ,4.7,<0> ,14:01,269.0,<0> ,14.0,<0> ,1453.4,<0> ,0.0,<0> 
05/12/2023 14:30,28.60416667,tjrtlmet,P,1.0,1.0,15.0,,17.5,<0> ,76.0,<0> ,1013.0,<0> ,3.4,<0> ,4.6,<0> ,14:18,269.0,<0> ,15.0,<0> ,1339.8,<0> ,0.0,<0> 
05/12/2023 14:45,28.61458333,tjrtlmet,P,1.0,1.0,15.0,,17.5,<0> ,77.0,<0> ,1013.0,<0> ,3.0,<0> ,4.2,<0> ,14:37,272.0,<0> ,15.0,<0> ,1023.0,<0> ,0.0,<0> 
05/12/2023 15:00,28.625,tjrtlmet,P,1.0,1.0,15.0,,17.2,<0> ,78.0,<0> ,1013.0,<0> ,2.9,<0> ,4.2,<0> ,14:53,279.0,<0> ,13.0,<0> ,812.6,<0> ,0.0,<0> 
05/12/2023 15:15,28.63541667,tjrtlmet,P,1.0,1.0,15.0,,16.9,<0> ,79.0,<0> ,1013.0,<0> ,3.0,<0> ,4.2,<0> ,15:09,277.0,<0> ,13.0,<0> ,799.3,<0> ,0.0,<0> 
05/12/2023 15:30,28.64583333,tjrtlmet,P,1.0,1.0,15.0,,17.0,<0> ,79.0,<0> ,1013.0,<0> ,2.7,<0> ,4.4,<0> ,15:29,276.0,<0> ,13.0,<0> ,702.4,<0> ,0.0,<0> 
05/12/2023 15:45,28.65625,tjrtlmet,P,1.0,1.0,15.0,,16.7,<0> ,80.0,<0> ,1013.0,<0> ,2.7,<0> ,4.0,<0> ,15:31,272.0,<0> ,13.0,<0> ,583.0,<0> ,0.0,<0> 
05/12/2023 16:00,28.66666667,tjrtlmet,P,1.0,1.0,15.0,,16.4,<0> ,81.0,<0> ,1013.0,<0> ,2.8,<0> ,4.1,<0> ,15:46,279.0,<0> ,12.0,<0> ,460.3,<0> ,0.0,<0> 
05/12/2023 16:15,28.67708333,tjrtlmet,P,1.0,1.0,15.0,,16.3,<0> ,81.0,<0> ,1013.0,<0> ,2.7,<0> ,3.7,<0> ,16:02,284.0,<0> ,12.0,<0> ,396.3,<0> ,0.0,<0> 
05/12/2023 16:30,28.6875,tjrtlmet,P,1.0,1.0,15.0,,16.3,<0> ,81.0,<0> ,1013.0,<0> ,2.5,<0> ,3.4,<0> ,16:23,278.0,<0> ,13.0,<0> ,354.2,<0> ,0.0,<0> 
05/12/2023 16:45,28.69791667,tjrtlmet,P,1.0,1.0,15.0,,16.1,<0> ,82.0,<0> ,1013.0,<0> ,2.4,<0> ,3.1,<0> ,16:42,266.0,<0> ,13.0,<0> ,283.2,<0> ,0.0,<0> 
05/12/2023 17:00,28.70833333,tjrtlmet,P,1.0,1.0,15.0,,15.9,<0> ,82.0,<0> ,1013.0,<0> ,2.3,<0> ,3.2,<0> ,16:57,268.0,<0> ,11.0,<0> ,220.9,<0> ,0.0,<0> 
05/12/2023 17:15,28.71875,tjrtlmet,P,1.0,1.0,15.0,,15.9,<0> ,82.0,<0> ,1013.0,<0> ,2.0,<0> ,3.2,<0> ,17:01,267.0,<0> ,11.0,<0> ,171.9,<0> ,0.0,<0> 
05/12/2023 17:30,28.72916667,tjrtlmet,P,1.0,1.0,15.0,,15.9,<0> ,82.0,<0> ,1012.0,<0> ,1.7,<0> ,2.4,<0> ,17:28,263.0,<0> ,13.0,<0> ,126.9,<0> ,0.0,<0> 
05/12/2023 17:45,28.73958333,tjrtlmet,P,1.0,1.0,15.0,,15.8,<0> ,83.0,<0> ,1012.0,<0> ,1.8,<0> ,2.8,<0> ,17:40,269.0,<0> ,10.0,<0> ,91.4,<0> ,0.0,<0> 
05/12/2023 18:00,28.75,tjrtlmet,P,1.0,1.0,15.0,,15.8,<0> ,83.0,<0> ,1012.0,<0> ,1.7,<0> ,2.5,<0> ,17:56,266.0,<0> ,14.0,<0> ,58.8,<0> ,0.0,<0> 
05/12/2023 18:15,28.76041667,tjrtlmet,P,1.0,1.0,15.0,,15.7,<0> ,84.0,<0> ,1013.0,<0> ,1.7,<0> ,2.5,<0> ,18:06,260.0,<0> ,11.0,<0> ,31.7,<0> ,0.0,<0> 
05/12/2023 18:30,28.77083333,tjrtlmet,P,1.0,1.0,15.0,,15.6,<0> ,83.0,<0> ,1013.0,<0> ,1.6,<0> ,2.8,<0> ,18:19,254.0,<0> ,13.0,<0> ,14.5,<0> ,0.0,<0> 
05/12/2023 18:45,28.78125,tjrtlmet,P,1.0,1.0,15.0,,15.6,<0> ,84.0,<0> ,1013.0,<0> ,1.6,<0> ,2.6,<0> ,18:38,252.0,<0> ,12.0,<0> ,3.8,<0> ,0.0,<0> 
05/12/2023 19:00,28.79166667,tjrtlmet,P,1.0,1.0,15.0,,15.5,<0> ,83.0,<0> ,1013.0,<0> ,1.5,<0> ,2.4,<0> ,18:45,262.0,<0> ,10.0,<0> ,0.2,<0> ,0.0,<0> 
05/12/2023 19:15,28.80208333,tjrtlmet,P,1.0,1.0,15.0,,15.5,<0> ,84.0,<0> ,1013.0,<0> ,1.5,<0> ,2.5,<0> ,19:11,255.0,<0> ,10.0,<0> ,0.0,<0> ,0.0,<0> 
05/12/2023 19:30,28.8125,tjrtlmet,P,1.0,1.0,15.0,,15.5,<0> ,84.0,<0> ,1013.0,<0> ,1.5,<0> ,2.2,<0> ,19:15,259.0,<0> ,11.0,<0> ,0.0,<0> ,0.0,<0> 
05/12/2023 19:45,28.82291667,tjrtlmet,P,1.0,1.0,15.0,,15.4,<0> ,84.0,<0> ,1013.0,<0> ,1.5,<0> ,2.2,<0> ,19:40,251.0,<0> ,8.0,<0> ,0.0,<0> ,0.0,<0> 
05/12/2023 20:00,28.83333333,tjrtlmet,P,1.0,1.0,15.0,,15.4,<0> ,84.0,<0> ,1013.0,<0> ,1.4,<0> ,2.1,<0> ,19:49,257.0,<0> ,9.0,<0> ,0.0,<0> ,0.0,<0> 
05/12/2023 20:15,28.84375,tjrtlmet,P,1.0,1.0,15.0,,15.4,<0> ,85.0,<0> ,1013.0,<0> ,1.4,<0> ,2.1,<0> ,20:09,254.0,<0> ,9.0,<0> ,0.0,<0> ,0.0,<0> 
05/12/2023 20:30,28.85416667,tjrtlmet,P,1.0,1.0,15.0,,15.4,<0> ,85.0,<0> ,1013.0,<0> ,1.1,<0> ,1.7,<0> ,20:24,244.0,<0> ,12.0,<0> ,0.0,<0> ,0.0,<0> 
05/12/2023 20:45,28.86458333,tjrtlmet,P,1.0,1.0,15.0,,15.4,<0> ,85.0,<0> ,1013.0,<0> ,1.1,<0> ,1.8,<0> ,20:31,241.0,<0> ,10.0,<0> ,0.0,<0> ,0.0,<0> 
05/12/2023 21:00,28.875,tjrtlmet,P,1.0,1.0,15.0,,15.4,<0> ,85.0,<0> ,1013.0,<0> ,0.9,<0> ,1.5,<0> ,20:45,248.0,<0> ,16.0,<0> ,0.0,<0> ,0.0,<0> 
05/12/2023 21:15,28.88541667,tjrtlmet,P,1.0,1.0,15.0,,15.3,<0> ,85.0,<0> ,1013.0,<0> ,1.0,<0> ,1.6,<0> ,21:12,257.0,<0> ,8.0,<0> ,0.0,<0> ,0.0,<0> 
05/12/2023 21:30,28.89583333,tjrtlmet,P,1.0,1.0,15.0,,15.3,<0> ,86.0,<0> ,1013.0,<0> ,1.1,<0> ,1.6,<0> ,21:28,276.0,<0> ,10.0,<0> ,0.0,<0> ,0.0,<0> 
05/12/2023 21:45,28.90625,tjrtlmet,P,1.0,1.0,15.0,,15.3,<0> ,86.0,<0> ,1013.0,<0> ,1.2,<0> ,1.8,<0> ,21:34,283.0,<0> ,9.0,<0> ,0.0,<0> ,0.0,<0> 
05/12/2023 22:00,28.91666667,tjrtlmet,P,1.0,1.0,15.0,,15.3,<0> ,87.0,<0> ,1013.0,<0> ,1.2,<0> ,1.9,<0> ,21:49,283.0,<0> ,9.0,<0> ,0.0,<0> ,0.0,<0> 
05/12/2023 22:15,28.92708333,tjrtlmet,P,1.0,1.0,15.0,,15.3,<0> ,87.0,<0> ,1013.0,<0> ,1.1,<0> ,1.7,<0> ,22:12,292.0,<0> ,10.0,<0> ,0.0,<0> ,0.0,<0> 
05/12/2023 22:30,28.9375,tjrtlmet,P,1.0,1.0,15.0,,15.4,<0> ,87.0,<0> ,1013.0,<0> ,0.9,<0> ,1.9,<0> ,22:17,291.0,<0> ,11.0,<0> ,0.0,<0> ,0.0,<0> 
05/12/2023 22:45,28.94791667,tjrtlmet,P,1.0,1.0,15.0,,15.4,<0> ,87.0,<0> ,1013.0,<0> ,1.3,<0> ,2.4,<0> ,22:44,296.0,<0> ,12.0,<0> ,0.0,<0> ,0.0,<0> 
05/12/2023 23:00,28.95833333,tjrtlmet,P,1.0,1.0,15.0,,15.4,<0> ,87.0,<0> ,1013.0,<0> ,1.6,<0> ,2.7,<0> ,22:51,304.0,<0> ,13.0,<0> ,0.0,<0> ,0.0,<0> 
05/12/2023 23:15,28.96875,tjrtlmet,P,1.0,1.0,15.0,,15.4,<0> ,87.0,<0> ,1013.0,<0> ,1.5,<0> ,2.3,<0> ,23:00,303.0,<0> ,15.0,<0> ,0.0,<0> ,0.0,<0> 
05/12/2023 23:30,28.97916667,tjrtlmet,P,1.0,1.0,15.0,,15.4,<0> ,87.0,<0> ,1013.0,<0> ,1.5,<0> ,2.4,<0> ,23:15,307.0,<0> ,12.0,<0> ,0.0,<0> ,0.0,<0> 
05/12/2023 23:45,28.98958333,tjrtlmet,P,1.0,1.0,15.0,,15.4,<0> ,87.0,<0> ,1013.0,<0> ,1.5,<0> ,2.4,<0> ,23:37,299.0,<0> ,12.0,<0> ,0.0,<0> ,0.0,<0> 
05/13/2023 00:00,29.0,tjrtlmet,P,1.0,1.0,15.0,,15.4,<0> ,87.0,<0> ,1013.0,<0> ,1.4,<0> ,2.2,<0> ,23:59,305.0,<0> ,14.0,<0> ,0.0,<0> ,0.0,<0> 
05/13/2023 00:15,29.01041667,tjrtlmet,P,1.0,1.0,15.0,,15.3,<0> ,87.0,<0> ,1012.0,<0> ,1.3,<0> ,2.2,<0> ,00:13,308.0,<0> ,11.0,<0> ,0.0,<0> ,0.0,<0> 
05/13/2023 00:30,29.02083333,tjrtlmet,P,1.0,1.0,15.0,,15.4,<0> ,87.0,<0> ,1012.0,<0> ,1.2,<0> ,1.9,<0> ,00:23,302.0,<0> ,14.0,<0> ,0.0,<0> ,0.0,<0> 
05/13/2023 00:45,29.03125,tjrtlmet,P,1.0,1.0,15.0,,15.3,<0> ,87.0,<0> ,1012.0,<0> ,1.1,<0> ,2.1,<0> ,00:42,310.0,<0> ,13.0,<0> ,0.0,<0> ,0.0,<0> 
05/13/2023 01:00,29.04166667,tjrtlmet,P,1.0,1.0,15.0,,15.3,<0> ,87.0,<0> ,1012.0,<0> ,1.3,<0> ,2.1,<0> ,00:55,302.0,<0> ,15.0,<0> ,0.0,<0> ,0.0,<0> 
05/13/2023 01:15,29.05208333,tjrtlmet,P,1.0,1.0,15.0,,15.3,<0> ,88.0,<0> ,1012.0,<0> ,1.4,<0> ,2.1,<0> ,01:14,301.0,<0> ,13.0,<0> ,0.0,<0> ,0.0,<0> 
05/13/2023 01:30,29.0625,tjrtlmet,P,1.0,1.0,15.0,,15.3,<0> ,88.0,<0> ,1011.0,<0> ,1.5,<0> ,2.1,<0> ,01:18,299.0,<0> ,10.0,<0> ,0.0,<0> ,0.0,<0> 
05/13/2023 01:45,29.07291667,tjrtlmet,P,1.0,1.0,15.0,,15.2,<0> ,88.0,<0> ,1011.0,<0> ,1.5,<0> ,2.8,<0> ,01:36,298.0,<0> ,15.0,<0> ,0.0,<0> ,0.0,<0> 
05/13/2023 02:00,29.08333333,tjrtlmet,P,1.0,1.0,15.0,,15.2,<0> ,89.0,<0> ,1011.0,<0> ,1.4,<0> ,2.2,<0> ,01:53,298.0,<0> ,13.0,<0> ,0.0,<0> ,0.0,<0> 
05/13/2023 02:15,29.09375,tjrtlmet,P,1.0,1.0,15.0,,15.2,<0> ,89.0,<0> ,1011.0,<0> ,1.1,<0> ,2.0,<0> ,02:08,309.0,<0> ,16.0,<0> ,0.0,<0> ,0.0,<0> 
05/13/2023 02:30,29.10416667,tjrtlmet,P,1.0,1.0,15.0,,15.2,<0> ,89.0,<0> ,1011.0,<0> ,1.2,<0> ,2.1,<0> ,02:27,303.0,<0> ,12.0,<0> ,0.0,<0> ,0.0,<0> 
05/13/2023 02:45,29.11458333,tjrtlmet,P,1.0,1.0,15.0,,15.2,<0> ,89.0,<0> ,1011.0,<0> ,1.2,<0> ,2.5,<0> ,02:32,305.0,<0> ,15.0,<0> ,0.0,<0> ,0.0,<0> 
05/13/2023 03:00,29.125,tjrtlmet,P,1.0,1.0,15.0,,15.1,<0> ,89.0,<0> ,1011.0,<0> ,1.6,<0> ,3.0,<0> ,02:59,309.0,<0> ,16.0,<0> ,0.0,<0> ,0.0,<0> 
05/13/2023 03:15,29.13541667,tjrtlmet,P,1.0,1.0,15.0,,15.2,<0> ,89.0,<0> ,1011.0,<0> ,1.7,<0> ,2.6,<0> ,03:01,306.0,<0> ,12.0,<0> ,0.0,<0> ,0.0,<0> 
05/13/2023 03:30,29.14583333,tjrtlmet,P,1.0,1.0,15.0,,15.1,<0> ,89.0,<0> ,1011.0,<0> ,2.0,<0> ,3.0,<0> ,03:25,307.0,<0> ,14.0,<0> ,0.0,<0> ,0.0,<0> 
05/13/2023 03:45,29.15625,tjrtlmet,P,1.0,1.0,15.0,,15.1,<0> ,89.0,<0> ,1011.0,<0> ,1.6,<0> ,2.5,<0> ,03:34,307.0,<0> ,12.0,<0> ,0.0,<0> ,0.0,<0> 
05/13/2023 04:00,29.16666667,tjrtlmet,P,1.0,1.0,15.0,,15.1,<0> ,89.0,<0> ,1011.0,<0> ,1.9,<0> ,3.0,<0> ,03:54,304.0,<0> ,15.0,<0> ,0.0,<0> ,0.0,<0> 
05/13/2023 04:15,29.17708333,tjrtlmet,P,1.0,1.0,15.0,,15.1,<0> ,90.0,<0> ,1011.0,<0> ,1.9,<0> ,2.9,<0> ,04:06,303.0,<0> ,12.0,<0> ,0.0,<0> ,0.0,<0> 
05/13/2023 04:30,29.1875,tjrtlmet,P,1.0,1.0,15.0,,15.1,<0> ,90.0,<0> ,1011.0,<0> ,1.7,<0> ,2.7,<0> ,04:29,304.0,<0> ,16.0,<0> ,0.0,<0> ,0.0,<0> 
05/13/2023 04:45,29.19791667,tjrtlmet,P,1.0,1.0,15.0,,15.0,<0> ,90.0,<0> ,1011.0,<0> ,2.0,<0> ,3.2,<0> ,04:40,298.0,<0> ,15.0,<0> ,0.1,<0> ,0.0,<0> 
05/13/2023 05:00,29.20833333,tjrtlmet,P,1.0,1.0,15.0,,14.9,<0> ,91.0,<0> ,1011.0,<0> ,2.2,<0> ,3.4,<0> ,04:54,298.0,<0> ,15.0,<0> ,3.7,<0> ,0.0,<0> 
05/13/2023 05:15,29.21875,tjrtlmet,P,1.0,1.0,15.0,,14.9,<0> ,91.0,<0> ,1011.0,<0> ,2.3,<0> ,3.7,<0> ,05:00,299.0,<0> ,15.0,<0> ,10.8,<0> ,0.0,<0> 
05/13/2023 05:30,29.22916667,tjrtlmet,P,1.0,1.0,15.0,,14.8,<0> ,91.0,<0> ,1011.0,<0> ,2.3,<0> ,3.6,<0> ,05:26,293.0,<0> ,15.0,<0> ,20.5,<0> ,0.0,<0> 
05/13/2023 05:45,29.23958333,tjrtlmet,P,1.0,1.0,15.0,,14.8,<0> ,91.0,<0> ,1011.0,<0> ,2.6,<0> ,3.9,<0> ,05:34,296.0,<0> ,14.0,<0> ,35.4,<0> ,0.0,<0> 
05/13/2023 06:00,29.25,tjrtlmet,P,1.0,1.0,15.0,,14.8,<0> ,91.0,<0> ,1011.0,<0> ,2.8,<0> ,4.0,<0> ,05:54,291.0,<0> ,11.0,<0> ,58.4,<0> ,0.0,<0> 
05/13/2023 06:15,29.26041667,tjrtlmet,P,1.0,1.0,15.0,,14.9,<0> ,91.0,<0> ,1012.0,<0> ,2.2,<0> ,3.6,<0> ,06:05,298.0,<0> ,13.0,<0> ,70.2,<0> ,0.0,<0> 
05/13/2023 06:30,29.27083333,tjrtlmet,P,1.0,1.0,15.0,,14.9,<0> ,91.0,<0> ,1012.0,<0> ,2.3,<0> ,4.0,<0> ,06:28,304.0,<0> ,14.0,<0> ,82.6,<0> ,0.0,<0> 
05/13/2023 06:45,29.28125,tjrtlmet,P,1.0,1.0,15.0,,14.8,<0> ,91.0,<0> ,1012.0,<0> ,2.3,<0> ,3.6,<0> ,06:34,304.0,<0> ,17.0,<0> ,104.5,<0> ,0.0,<0> 
05/13/2023 07:00,29.29166667,tjrtlmet,P,1.0,1.0,15.0,,15.0,<0> ,91.0,<0> ,1012.0,<0> ,1.6,<0> ,2.3,<0> ,06:53,292.0,<0> ,11.0,<0> ,133.0,<0> ,0.0,<0> 
05/13/2023 07:15,29.30208333,tjrtlmet,P,1.0,1.0,15.0,,15.0,<0> ,91.0,<0> ,1012.0,<0> ,1.5,<0> ,2.4,<0> ,07:00,294.0,<0> ,14.0,<0> ,170.6,<0> ,0.0,<0> 
05/13/2023 07:30,29.3125,tjrtlmet,P,1.0,1.0,15.0,,15.3,<0> ,91.0,<0> ,1012.0,<0> ,1.6,<0> ,2.6,<0> ,07:25,300.0,<0> ,15.0,<0> ,217.6,<0> ,0.0,<0> 
05/13/2023 07:45,29.32291667,tjrtlmet,P,1.0,1.0,15.0,,15.3,<0> ,90.0,<0> ,1012.0,<0> ,1.6,<0> ,2.6,<0> ,07:34,291.0,<0> ,11.0,<0> ,225.7,<0> ,0.0,<0> 
05/13/2023 08:00,29.33333333,tjrtlmet,P,1.0,1.0,15.0,,15.3,<0> ,91.0,<0> ,1012.0,<0> ,1.7,<0> ,2.4,<0> ,07:56,280.0,<0> ,13.0,<0> ,259.3,<0> ,0.0,<0> 
05/13/2023 08:15,29.34375,tjrtlmet,P,1.0,1.0,15.0,,15.3,<0> ,91.0,<0> ,1012.0,<0> ,1.8,<0> ,2.6,<0> ,08:00,278.0,<0> ,10.0,<0> ,311.8,<0> ,0.0,<0> 
05/13/2023 08:30,29.35416667,tjrtlmet,P,1.0,1.0,15.0,,15.4,<0> ,91.0,<0> ,1012.0,<0> ,1.9,<0> ,2.7,<0> ,08:16,276.0,<0> ,14.0,<0> ,371.4,<0> ,0.0,<0> 
05/13/2023 08:45,29.36458333,tjrtlmet,P,1.0,1.0,15.0,,15.5,<0> ,91.0,<0> ,1012.0,<0> ,2.2,<0> ,3.2,<0> ,08:40,267.0,<0> ,12.0,<0> ,428.7,<0> ,0.0,<0> 
05/13/2023 09:00,29.375,tjrtlmet,P,1.0,1.0,15.0,,15.7,<0> ,90.0,<0> ,1012.0,<0> ,2.1,<0> ,2.9,<0> ,08:56,284.0,<0> ,12.0,<0> ,456.7,<0> ,0.0,<0> 
05/13/2023 09:15,29.38541667,tjrtlmet,P,1.0,1.0,15.0,,15.9,<0> ,90.0,<0> ,1012.0,<0> ,2.3,<0> ,3.4,<0> ,09:13,281.0,<0> ,12.0,<0> ,504.4,<0> ,0.0,<0> 
05/13/2023 09:30,29.39583333,tjrtlmet,P,1.0,1.0,15.0,,15.8,<0> ,90.0,<0> ,1012.0,<0> ,2.5,<0> ,3.5,<0> ,09:19,267.0,<0> ,13.0,<0> ,611.3,<0> ,0.0,<0> 
05/13/2023 09:45,29.40625,tjrtlmet,P,1.0,1.0,15.0,,16.2,<0> ,89.0,<0> ,1012.0,<0> ,2.1,<0> ,3.2,<0> ,09:38,254.0,<0> ,13.0,<0> ,714.5,<0> ,0.0,<0> 
05/13/2023 10:00,29.41666667,tjrtlmet,P,1.0,1.0,15.0,,16.5,<0> ,88.0,<0> ,1012.0,<0> ,1.8,<0> ,3.0,<0> ,09:59,275.0,<0> ,17.0,<0> ,794.1,<0> ,0.0,<0> 
05/13/2023 10:15,29.42708333,tjrtlmet,P,1.0,1.0,15.0,,16.0,<0> ,88.0,<0> ,1012.0,<0> ,2.2,<0> ,2.8,<0> ,10:01,268.0,<0> ,12.0,<0> ,665.4,<0> ,0.0,<0> 
05/13/2023 10:30,29.4375,tjrtlmet,P,1.0,1.0,15.0,,16.1,<0> ,88.0,<0> ,1012.0,<0> ,1.9,<0> ,2.7,<0> ,10:17,283.0,<0> ,13.0,<0> ,736.4,<0> ,0.0,<0> 
05/13/2023 10:45,29.44791667,tjrtlmet,P,1.0,1.0,15.0,,16.2,<0> ,88.0,<0> ,1012.0,<0> ,1.6,<0> ,2.5,<0> ,10:40,276.0,<0> ,17.0,<0> ,748.3,<0> ,0.0,<0> 
05/13/2023 11:00,29.45833333,tjrtlmet,P,1.0,1.0,15.0,,16.3,<0> ,87.0,<0> ,1012.0,<0> ,2.0,<0> ,2.9,<0> ,10:56,262.0,<0> ,17.0,<0> ,934.5,<0> ,0.0,<0> 
05/13/2023 11:15,29.46875,tjrtlmet,P,1.0,1.0,15.0,,16.6,<0> ,87.0,<0> ,1012.0,<0> ,2.2,<0> ,3.4,<0> ,11:12,271.0,<0> ,16.0,<0> ,1069.4,<0> ,0.0,<0> 
05/13/2023 11:30,29.47916667,tjrtlmet,P,1.0,1.0,15.0,,17.0,<0> ,85.0,<0> ,1012.0,<0> ,2.5,<0> ,3.7,<0> ,11:16,251.0,<0> ,16.0,<0> ,1051.9,<0> ,0.0,<0> 
05/13/2023 11:45,29.48958333,tjrtlmet,P,1.0,1.0,15.0,,16.6,<0> ,86.0,<0> ,1011.0,<0> ,2.5,<0> ,3.7,<0> ,11:42,261.0,<0> ,12.0,<0> ,956.8,<0> ,0.0,<0> 
05/13/2023 12:00,29.5,tjrtlmet,P,1.0,1.0,15.0,,16.7,<0> ,87.0,<0> ,1011.0,<0> ,2.6,<0> ,3.6,<0> ,11:51,244.0,<0> ,18.0,<0> ,828.8,<0> ,0.0,<0> 
05/13/2023 12:15,29.51041667,tjrtlmet,P,1.0,1.0,15.0,,16.5,<0> ,87.0,<0> ,1011.0,<0> ,2.5,<0> ,3.3,<0> ,12:00,245.0,<0> ,15.0,<0> ,746.8,<0> ,0.0,<0> 
05/13/2023 12:30,29.52083333,tjrtlmet,P,1.0,1.0,15.0,,16.4,<0> ,88.0,<0> ,1011.0,<0> ,2.2,<0> ,3.2,<0> ,12:29,254.0,<0> ,14.0,<0> ,747.3,<0> ,0.0,<0> 
05/13/2023 12:45,29.53125,tjrtlmet,P,1.0,1.0,15.0,,16.3,<0> ,89.0,<0> ,1011.0,<0> ,2.5,<0> ,3.5,<0> ,12:30,243.0,<0> ,13.0,<0> ,724.2,<0> ,0.0,<0> 
05/13/2023 13:00,29.54166667,tjrtlmet,P,1.0,1.0,15.0,,16.3,<0> ,89.0,<0> ,1011.0,<0> ,2.7,<0> ,3.9,<0> ,12:58,233.0,<0> ,14.0,<0> ,629.6,<0> ,0.0,<0> 
05/13/2023 13:15,29.55208333,tjrtlmet,P,1.0,1.0,15.0,,15.9,<0> ,90.0,<0> ,1011.0,<0> ,3.4,<0> ,4.9,<0> ,13:02,253.0,<0> ,11.0,<0> ,551.1,<0> ,0.0,<0> 
05/13/2023 13:30,29.5625,tjrtlmet,P,1.0,1.0,15.0,,16.0,<0> ,90.0,<0> ,1011.0,<0> ,3.2,<0> ,4.4,<0> ,13:19,253.0,<0> ,10.0,<0> ,647.0,<0> ,0.0,<0> 
05/13/2023 13:45,29.57291667,tjrtlmet,P,1.0,1.0,15.0,,16.1,<0> ,88.0,<0> ,1011.0,<0> ,3.2,<0> ,4.4,<0> ,13:40,254.0,<0> ,11.0,<0> ,614.7,<0> ,0.0,<0> 
05/13/2023 14:00,29.58333333,tjrtlmet,P,1.0,1.0,15.0,,16.3,<0> ,87.0,<0> ,1011.0,<0> ,3.1,<0> ,4.4,<0> ,13:45,253.0,<0> ,10.0,<0> ,729.8,<0> ,0.0,<0> 
05/13/2023 14:15,29.59375,tjrtlmet,P,1.0,1.0,15.0,,16.4,<0> ,86.0,<0> ,1010.0,<0> ,3.0,<0> ,4.1,<0> ,14:01,256.0,<0> ,11.0,<0> ,732.3,<0> ,0.0,<0> 
05/13/2023 14:30,29.60416667,tjrtlmet,P,1.0,1.0,15.0,,16.6,<0> ,85.0,<0> ,1010.0,<0> ,2.9,<0> ,4.0,<0> ,14:17,255.0,<0> ,11.0,<0> ,717.7,<0> ,0.0,<0> 
05/13/2023 14:45,29.61458333,tjrtlmet,P,1.0,1.0,15.0,,16.4,<0> ,86.0,<0> ,1010.0,<0> ,2.8,<0> ,4.2,<0> ,14:36,233.0,<0> ,14.0,<0> ,615.5,<0> ,0.0,<0> 
05/13/2023 15:00,29.625,tjrtlmet,P,1.0,1.0,15.0,,16.6,<0> ,85.0,<0> ,1010.0,<0> ,2.8,<0> ,4.2,<0> ,14:52,239.0,<0> ,15.0,<0> ,576.0,<0> ,0.0,<0> 
05/13/2023 15:15,29.63541667,tjrtlmet,P,1.0,1.0,15.0,,16.3,<0> ,86.0,<0> ,1010.0,<0> ,2.9,<0> ,4.3,<0> ,15:06,226.0,<0> ,13.0,<0> ,483.9,<0> ,0.0,<0> 
05/13/2023 15:30,29.64583333,tjrtlmet,P,1.0,1.0,15.0,,16.3,<0> ,86.0,<0> ,1010.0,<0> ,2.8,<0> ,4.3,<0> ,15:18,239.0,<0> ,13.0,<0> ,417.4,<0> ,0.0,<0> 
05/13/2023 15:45,29.65625,tjrtlmet,P,1.0,1.0,15.0,,16.3,<0> ,85.0,<0> ,1010.0,<0> ,2.5,<0> ,3.6,<0> ,15:37,235.0,<0> ,17.0,<0> ,384.4,<0> ,0.0,<0> 
05/13/2023 16:00,29.66666667,tjrtlmet,P,1.0,1.0,15.0,,16.3,<0> ,85.0,<0> ,1010.0,<0> ,2.3,<0> ,3.6,<0> ,15:57,241.0,<0> ,15.0,<0> ,336.5,<0> ,0.0,<0> 
05/13/2023 16:15,29.67708333,tjrtlmet,P,1.0,1.0,15.0,,16.1,<0> ,86.0,<0> ,1010.0,<0> ,2.3,<0> ,3.4,<0> ,16:06,237.0,<0> ,13.0,<0> ,236.2,<0> ,0.0,<0> 
05/13/2023 16:30,29.6875,tjrtlmet,P,1.0,1.0,15.0,,15.9,<0> ,86.0,<0> ,1010.0,<0> ,2.6,<0> ,3.6,<0> ,16:22,229.0,<0> ,14.0,<0> ,189.0,<0> ,0.0,<0> 
05/13/2023 16:45,29.69791667,tjrtlmet,P,1.0,1.0,15.0,,15.7,<0> ,86.0,<0> ,1010.0,<0> ,2.8,<0> ,4.2,<0> ,16:33,212.0,<0> ,15.0,<0> ,169.5,<0> ,0.0,<0> 
05/13/2023 17:00,29.70833333,tjrtlmet,P,1.0,1.0,15.0,,15.6,<0> ,86.0,<0> ,1010.0,<0> ,2.5,<0> ,3.8,<0> ,16:45,227.0,<0> ,12.0,<0> ,129.4,<0> ,0.0,<0> 
05/13/2023 17:15,29.71875,tjrtlmet,P,1.0,1.0,15.0,,15.6,<0> ,87.0,<0> ,1010.0,<0> ,2.2,<0> ,3.3,<0> ,17:09,220.0,<0> ,13.0,<0> ,93.2,<0> ,0.0,<0> 
05/13/2023 17:30,29.72916667,tjrtlmet,P,1.0,1.0,15.0,,15.4,<0> ,87.0,<0> ,1010.0,<0> ,1.9,<0> ,3.2,<0> ,17:19,221.0,<0> ,16.0,<0> ,72.1,<0> ,0.0,<0> 
05/13/2023 17:45,29.73958333,tjrtlmet,P,1.0,1.0,15.0,,15.3,<0> ,88.0,<0> ,1010.0,<0> ,1.9,<0> ,2.9,<0> ,17:36,224.0,<0> ,12.0,<0> ,43.4,<0> ,0.0,<0> 
05/13/2023 18:00,29.75,tjrtlmet,P,1.0,1.0,15.0,,15.2,<0> ,88.0,<0> ,1010.0,<0> ,1.9,<0> ,3.4,<0> ,17:54,224.0,<0> ,15.0,<0> ,28.5,<0> ,0.0,<0> 
05/13/2023 18:15,29.76041667,tjrtlmet,P,1.0,1.0,15.0,,15.1,<0> ,89.0,<0> ,1010.0,<0> ,1.6,<0> ,2.7,<0> ,18:00,213.0,<0> ,15.0,<0> ,16.6,<0> ,0.0,<0> 
05/13/2023 18:30,29.77083333,tjrtlmet,P,1.0,1.0,15.0,,15.0,<0> ,89.0,<0> ,1010.0,<0> ,1.2,<0> ,2.0,<0> ,18:15,195.0,<0> ,17.0,<0> ,8.1,<0> ,0.0,<0> 
05/13/2023 18:45,29.78125,tjrtlmet,P,1.0,1.0,15.0,,15.0,<0> ,89.0,<0> ,1010.0,<0> ,1.4,<0> ,2.4,<0> ,18:38,189.0,<0> ,21.0,<0> ,2.4,<0> ,0.0,<0> 
05/13/2023 19:00,29.79166667,tjrtlmet,P,1.0,1.0,15.0,,15.0,<0> ,89.0,<0> ,1011.0,<0> ,1.1,<0> ,2.5,<0> ,18:52,232.0,<0> ,16.0,<0> ,0.0,<0> ,0.0,<0> 
05/13/2023 19:15,29.80208333,tjrtlmet,P,1.0,1.0,15.0,,15.0,<0> ,90.0,<0> ,1011.0,<0> ,0.8,<0> ,1.7,<0> ,19:14,208.0,<0> ,20.0,<0> ,0.0,<0> ,0.0,<0> 
05/13/2023 19:30,29.8125,tjrtlmet,P,1.0,1.0,15.0,,15.0,<0> ,90.0,<0> ,1011.0,<0> ,1.4,<0> ,2.1,<0> ,19:16,208.0,<0> ,20.0,<0> ,0.0,<0> ,0.0,<0> 
05/13/2023 19:45,29.82291667,tjrtlmet,P,1.0,1.0,15.0,,15.0,<0> ,90.0,<0> ,1011.0,<0> ,1.6,<0> ,2.9,<0> ,19:39,200.0,<0> ,15.0,<0> ,0.0,<0> ,0.0,<0> 
05/13/2023 20:00,29.83333333,tjrtlmet,P,1.0,1.0,15.0,,15.0,<0> ,90.0,<0> ,1011.0,<0> ,1.7,<0> ,2.9,<0> ,19:55,211.0,<0> ,15.0,<0> ,0.0,<0> ,0.0,<0> 
05/13/2023 20:15,29.84375,tjrtlmet,P,1.0,1.0,15.0,,14.9,<0> ,90.0,<0> ,1011.0,<0> ,2.1,<0> ,3.7,<0> ,20:04,216.0,<0> ,13.0,<0> ,0.0,<0> ,0.0,<0> 
05/13/2023 20:30,29.85416667,tjrtlmet,P,1.0,1.0,15.0,,14.9,<0> ,90.0,<0> ,1011.0,<0> ,1.6,<0> ,2.8,<0> ,20:15,206.0,<0> ,14.0,<0> ,0.0,<0> ,0.0,<0> 
05/13/2023 20:45,29.86458333,tjrtlmet,P,1.0,1.0,15.0,,14.9,<0> ,90.0,<0> ,1011.0,<0> ,1.9,<0> ,2.9,<0> ,20:36,197.0,<0> ,14.0,<0> ,0.0,<0> ,0.0,<0> 
05/13/2023 21:00,29.875,tjrtlmet,P,1.0,1.0,15.0,,14.8,<0> ,90.0,<0> ,1011.0,<0> ,1.8,<0> ,2.5,<0> ,20:48,205.0,<0> ,11.0,<0> ,0.0,<0> ,0.0,<0> 
05/13/2023 21:15,29.88541667,tjrtlmet,P,1.0,1.0,15.0,,14.9,<0> ,90.0,<0> ,1011.0,<0> ,2.0,<0> ,3.4,<0> ,21:14,211.0,<0> ,15.0,<0> ,0.0,<0> ,0.0,<0> 
05/13/2023 21:30,29.89583333,tjrtlmet,P,1.0,1.0,15.0,,14.9,<0> ,90.0,<0> ,1011.0,<0> ,1.9,<0> ,3.1,<0> ,21:24,219.0,<0> ,13.0,<0> ,0.0,<0> ,0.0,<0> 
05/13/2023 21:45,29.90625,tjrtlmet,P,1.0,1.0,15.0,,14.8,<0> ,91.0,<0> ,1011.0,<0> ,2.2,<0> ,3.3,<0> ,21:37,211.0,<0> ,12.0,<0> ,0.0,<0> ,0.0,<0> 
05/13/2023 22:00,29.91666667,tjrtlmet,P,1.0,1.0,15.0,,14.8,<0> ,91.0,<0> ,1012.0,<0> ,2.1,<0> ,3.3,<0> ,21:58,205.0,<0> ,14.0,<0> ,0.0,<0> ,0.0,<0> 
05/13/2023 22:15,29.92708333,tjrtlmet,P,1.0,1.0,15.0,,14.8,<0> ,91.0,<0> ,1012.0,<0> ,2.1,<0> ,3.4,<0> ,22:10,204.0,<0> ,11.0,<0> ,0.0,<0> ,0.0,<0> 
05/13/2023 22:30,29.9375,tjrtlmet,P,1.0,1.0,15.0,,14.8,<0> ,91.0,<0> ,1012.0,<0> ,2.0,<0> ,3.3,<0> ,22:28,195.0,<0> ,12.0,<0> ,0.0,<0> ,0.0,<0> 
05/13/2023 22:45,29.94791667,tjrtlmet,P,1.0,1.0,15.0,,14.8,<0> ,91.0,<0> ,1012.0,<0> ,2.2,<0> ,3.5,<0> ,22:36,201.0,<0> ,13.0,<0> ,0.0,<0> ,0.0,<0> 
05/13/2023 23:00,29.95833333,tjrtlmet,P,1.0,1.0,15.0,,14.7,<0> ,91.0,<0> ,1012.0,<0> ,2.5,<0> ,4.1,<0> ,22:55,194.0,<0> ,11.0,<0> ,0.0,<0> ,0.0,<0> 
05/13/2023 23:15,29.96875,tjrtlmet,P,1.0,1.0,15.0,,14.7,<0> ,92.0,<0> ,1012.0,<0> ,2.4,<0> ,3.7,<0> ,23:14,196.0,<0> ,12.0,<0> ,0.0,<0> ,0.0,<0> 
05/13/2023 23:30,29.97916667,tjrtlmet,P,1.0,1.0,15.0,,14.6,<0> ,92.0,<0> ,1012.0,<0> ,2.4,<0> ,4.2,<0> ,23:25,190.0,<0> ,14.0,<0> ,0.0,<0> ,0.0,<0> 
05/13/2023 23:45,29.98958333,tjrtlmet,P,1.0,1.0,15.0,,14.6,<0> ,92.0,<0> ,1012.0,<0> ,2.2,<0> ,3.7,<0> ,23:39,180.0,<0> ,13.0,<0> ,0.0,<0> ,0.0,<0> 
05/14/2023 00:00,30.0,tjrtlmet,P,1.0,1.0,15.0,,14.5,<0> ,92.0,<0> ,1012.0,<0> ,2.4,<0> ,3.9,<0> ,23:52,180.0,<0> ,13.0,<0> ,0.0,<0> ,0.0,<0> 
05/14/2023 00:15,30.01041667,tjrtlmet,P,1.0,1.0,15.0,,14.5,<0> ,92.0,<0> ,1012.0,<0> ,2.0,<0> ,3.3,<0> ,00:03,172.0,<0> ,17.0,<0> ,0.0,<0> ,0.0,<0> 
05/14/2023 00:30,30.02083333,tjrtlmet,P,1.0,1.0,15.0,,14.5,<0> ,92.0,<0> ,1011.0,<0> ,2.2,<0> ,3.4,<0> ,00:25,196.0,<0> ,13.0,<0> ,0.0,<0> ,0.0,<0> 
05/14/2023 00:45,30.03125,tjrtlmet,P,1.0,1.0,15.0,,14.4,<0> ,92.0,<0> ,1011.0,<0> ,2.4,<0> ,4.0,<0> ,00:38,195.0,<0> ,15.0,<0> ,0.0,<0> ,0.0,<0> 
05/14/2023 01:00,30.04166667,tjrtlmet,P,1.0,1.0,15.0,,14.3,<0> ,92.0,<0> ,1011.0,<0> ,2.0,<0> ,3.5,<0> ,00:45,208.0,<0> ,14.0,<0> ,0.0,<0> ,0.0,<0> 
05/14/2023 01:15,30.05208333,tjrtlmet,P,1.0,1.0,15.0,,14.4,<0> ,93.0,<0> ,1011.0,<0> ,1.9,<0> ,3.1,<0> ,01:11,197.0,<0> ,13.0,<0> ,0.0,<0> ,0.0,<0> 
05/14/2023 01:30,30.0625,tjrtlmet,P,1.0,1.0,15.0,,14.4,<0> ,93.0,<0> ,1011.0,<0> ,2.1,<0> ,3.1,<0> ,01:20,196.0,<0> ,13.0,<0> ,0.0,<0> ,0.0,<0> 
05/14/2023 01:45,30.07291667,tjrtlmet,P,1.0,1.0,15.0,,14.3,<0> ,93.0,<0> ,1011.0,<0> ,2.1,<0> ,3.4,<0> ,01:38,192.0,<0> ,15.0,<0> ,0.0,<0> ,0.0,<0> 
05/14/2023 02:00,30.08333333,tjrtlmet,P,1.0,1.0,15.0,,14.4,<0> ,93.0,<0> ,1011.0,<0> ,2.1,<0> ,3.2,<0> ,01:48,187.0,<0> ,14.0,<0> ,0.0,<0> ,0.0,<0> 
05/14/2023 02:15,30.09375,tjrtlmet,P,1.0,1.0,15.0,,14.4,<0> ,93.0,<0> ,1011.0,<0> ,2.0,<0> ,3.0,<0> ,02:06,183.0,<0> ,12.0,<0> ,0.0,<0> ,0.0,<0> 
05/14/2023 02:30,30.10416667,tjrtlmet,P,1.0,1.0,15.0,,14.4,<0> ,93.0,<0> ,1011.0,<0> ,1.4,<0> ,2.3,<0> ,02:19,186.0,<0> ,13.0,<0> ,0.0,<0> ,0.0,<0> 
05/14/2023 02:45,30.11458333,tjrtlmet,P,1.0,1.0,15.0,,14.3,<0> ,93.0,<0> ,1011.0,<0> ,1.6,<0> ,2.7,<0> ,02:44,198.0,<0> ,18.0,<0> ,0.0,<0> ,0.0,<0> 
05/14/2023 03:00,30.125,tjrtlmet,P,1.0,1.0,15.0,,14.3,<0> ,93.0,<0> ,1011.0,<0> ,1.8,<0> ,3.0,<0> ,03:00,205.0,<0> ,13.0,<0> ,0.0,<0> ,0.0,<0> 
05/14/2023 03:15,30.13541667,tjrtlmet,P,1.0,1.0,15.0,,14.3,<0> ,94.0,<0> ,1011.0,<0> ,1.7,<0> ,2.8,<0> ,03:09,199.0,<0> ,15.0,<0> ,0.0,<0> ,0.0,<0> 
05/14/2023 03:30,30.14583333,tjrtlmet,P,1.0,1.0,15.0,,14.3,<0> ,94.0,<0> ,1011.0,<0> ,1.7,<0> ,2.9,<0> ,03:16,202.0,<0> ,14.0,<0> ,0.0,<0> ,0.0,<0> 
05/14/2023 03:45,30.15625,tjrtlmet,P,1.0,1.0,15.0,,14.2,<0> ,94.0,<0> ,1011.0,<0> ,1.7,<0> ,2.6,<0> ,03:42,203.0,<0> ,13.0,<0> ,0.0,<0> ,0.0,<0> 
05/14/2023 04:00,30.16666667,tjrtlmet,P,1.0,1.0,15.0,,14.3,<0> ,93.0,<0> ,1011.0,<0> ,1.7,<0> ,2.9,<0> ,03:45,200.0,<0> ,11.0,<0> ,0.0,<0> ,0.0,<0> 
05/14/2023 04:15,30.17708333,tjrtlmet,P,1.0,1.0,15.0,,14.2,<0> ,93.0,<0> ,1011.0,<0> ,1.7,<0> ,2.9,<0> ,04:10,195.0,<0> ,13.0,<0> ,0.0,<0> ,0.0,<0> 
05/14/2023 04:30,30.1875,tjrtlmet,P,1.0,1.0,15.0,,14.2,<0> ,93.0,<0> ,1011.0,<0> ,1.9,<0> ,2.9,<0> ,04:19,188.0,<0> ,13.0,<0> ,0.0,<0> ,0.0,<0> 
05/14/2023 04:45,30.19791667,tjrtlmet,P,1.0,1.0,15.0,,14.3,<0> ,93.0,<0> ,1011.0,<0> ,1.7,<0> ,2.6,<0> ,04:39,195.0,<0> ,13.0,<0> ,0.0,<0> ,0.0,<0> 
05/14/2023 05:00,30.20833333,tjrtlmet,P,1.0,1.0,15.0,,14.3,<0> ,93.0,<0> ,1011.0,<0> ,1.5,<0> ,2.5,<0> ,04:49,198.0,<0> ,15.0,<0> ,2.8,<0> ,0.0,<0> 
05/14/2023 05:15,30.21875,tjrtlmet,P,1.0,1.0,15.0,,14.2,<0> ,94.0,<0> ,1011.0,<0> ,1.5,<0> ,2.3,<0> ,05:08,212.0,<0> ,12.0,<0> ,10.0,<0> ,0.0,<0> 
05/14/2023 05:30,30.22916667,tjrtlmet,P,1.0,1.0,15.0,,14.3,<0> ,93.0,<0> ,1012.0,<0> ,1.1,<0> ,2.0,<0> ,05:20,207.0,<0> ,14.0,<0> ,20.8,<0> ,0.0,<0> 
05/14/2023 05:45,30.23958333,tjrtlmet,P,1.0,1.0,15.0,,14.3,<0> ,93.0,<0> ,1012.0,<0> ,1.1,<0> ,1.9,<0> ,05:33,197.0,<0> ,19.0,<0> ,33.4,<0> ,0.0,<0> 
05/14/2023 06:00,30.25,tjrtlmet,P,1.0,1.0,15.0,,14.4,<0> ,93.0,<0> ,1012.0,<0> ,1.2,<0> ,1.8,<0> ,05:51,199.0,<0> ,15.0,<0> ,58.9,<0> ,0.0,<0> 
05/14/2023 06:15,30.26041667,tjrtlmet,P,1.0,1.0,15.0,,14.5,<0> ,93.0,<0> ,1012.0,<0> ,1.1,<0> ,1.8,<0> ,06:08,215.0,<0> ,17.0,<0> ,86.9,<0> ,0.0,<0> 
05/14/2023 06:30,30.27083333,tjrtlmet,P,1.0,1.0,15.0,,14.7,<0> ,92.0,<0> ,1012.0,<0> ,1.2,<0> ,2.2,<0> ,06:29,203.0,<0> ,13.0,<0> ,130.0,<0> ,0.0,<0> 
05/14/2023 06:45,30.28125,tjrtlmet,P,1.0,1.0,15.0,,14.8,<0> ,92.0,<0> ,1012.0,<0> ,1.4,<0> ,2.1,<0> ,06:37,221.0,<0> ,12.0,<0> ,147.1,<0> ,0.0,<0> 
05/14/2023 07:00,30.29166667,tjrtlmet,P,1.0,1.0,15.0,,14.9,<0> ,92.0,<0> ,1012.0,<0> ,1.2,<0> ,1.9,<0> ,06:57,229.0,<0> ,15.0,<0> ,192.6,<0> ,0.0,<0> 
05/14/2023 07:15,30.30208333,tjrtlmet,P,1.0,1.0,15.0,,15.0,<0> ,92.0,<0> ,1013.0,<0> ,1.5,<0> ,2.3,<0> ,07:14,228.0,<0> ,16.0,<0> ,215.3,<0> ,0.0,<0> 
05/14/2023 07:30,30.3125,tjrtlmet,P,1.0,1.0,15.0,,15.1,<0> ,92.0,<0> ,1013.0,<0> ,1.7,<0> ,2.6,<0> ,07:26,237.0,<0> ,13.0,<0> ,246.5,<0> ,0.0,<0> 
05/14/2023 07:45,30.32291667,tjrtlmet,P,1.0,1.0,15.0,,15.2,<0> ,91.0,<0> ,1013.0,<0> ,1.5,<0> ,2.4,<0> ,07:37,229.0,<0> ,13.0,<0> ,293.3,<0> ,0.0,<0> 
05/14/2023 08:00,30.33333333,tjrtlmet,P,1.0,1.0,15.0,,15.4,<0> ,91.0,<0> ,1013.0,<0> ,1.5,<0> ,2.4,<0> ,07:53,237.0,<0> ,15.0,<0> ,340.7,<0> ,0.0,<0> 
05/14/2023 08:15,30.34375,tjrtlmet,P,1.0,1.0,15.0,,15.6,<0> ,91.0,<0> ,1013.0,<0> ,1.6,<0> ,2.7,<0> ,08:11,226.0,<0> ,14.0,<0> ,393.9,<0> ,0.0,<0> 
05/14/2023 08:30,30.35416667,tjrtlmet,P,1.0,1.0,15.0,,15.6,<0> ,90.0,<0> ,1013.0,<0> ,2.0,<0> ,2.7,<0> ,08:23,235.0,<0> ,16.0,<0> ,402.9,<0> ,0.0,<0> 
05/14/2023 08:45,30.36458333,tjrtlmet,P,1.0,1.0,15.0,,15.7,<0> ,90.0,<0> ,1013.0,<0> ,1.4,<0> ,2.4,<0> ,08:30,255.0,<0> ,22.0,<0> ,399.6,<0> ,0.0,<0> 
05/14/2023 09:00,30.375,tjrtlmet,P,1.0,1.0,15.0,,15.9,<0> ,89.0,<0> ,1013.0,<0> ,1.6,<0> ,2.8,<0> ,08:53,223.0,<0> ,19.0,<0> ,400.4,<0> ,0.0,<0> 
05/14/2023 09:15,30.38541667,tjrtlmet,P,1.0,1.0,15.0,,15.9,<0> ,89.0,<0> ,1013.0,<0> ,2.1,<0> ,3.0,<0> ,09:08,226.0,<0> ,10.0,<0> ,433.1,<0> ,0.0,<0> 
05/14/2023 09:30,30.39583333,tjrtlmet,P,1.0,1.0,15.0,,16.0,<0> ,89.0,<0> ,1013.0,<0> ,2.1,<0> ,2.9,<0> ,09:19,232.0,<0> ,17.0,<0> ,481.3,<0> ,0.0,<0> 
05/14/2023 09:45,30.40625,tjrtlmet,P,1.0,1.0,15.0,,16.2,<0> ,88.0,<0> ,1013.0,<0> ,1.8,<0> ,2.7,<0> ,09:39,226.0,<0> ,14.0,<0> ,499.2,<0> ,0.0,<0> 
05/14/2023 10:00,30.41666667,tjrtlmet,P,1.0,1.0,15.0,,16.1,<0> ,88.0,<0> ,1013.0,<0> ,2.1,<0> ,3.1,<0> ,09:53,234.0,<0> ,16.0,<0> ,527.2,<0> ,0.0,<0> 
05/14/2023 10:15,30.42708333,tjrtlmet,P,1.0,1.0,15.0,,16.1,<0> ,89.0,<0> ,1014.0,<0> ,2.3,<0> ,3.5,<0> ,10:00,217.0,<0> ,16.0,<0> ,500.5,<0> ,0.0,<0> 
05/14/2023 10:30,30.4375,tjrtlmet,P,1.0,1.0,15.0,,16.2,<0> ,88.0,<0> ,1014.0,<0> ,2.5,<0> ,3.6,<0> ,10:23,213.0,<0> ,16.0,<0> ,578.2,<0> ,0.0,<0> 
05/14/2023 10:45,30.44791667,tjrtlmet,P,1.0,1.0,15.0,,16.1,<0> ,89.0,<0> ,1014.0,<0> ,2.4,<0> ,3.7,<0> ,10:31,212.0,<0> ,16.0,<0> ,507.3,<0> ,0.0,<0> 
05/14/2023 11:00,30.45833333,tjrtlmet,P,1.0,1.0,15.0,,16.0,<0> ,88.0,<0> ,1014.0,<0> ,2.4,<0> ,4.2,<0> ,10:50,220.0,<0> ,17.0,<0> ,434.8,<0> ,0.0,<0> 
05/14/2023 11:15,30.46875,tjrtlmet,P,1.0,1.0,15.0,,16.1,<0> ,88.0,<0> ,1014.0,<0> ,2.5,<0> ,3.6,<0> ,11:13,221.0,<0> ,15.0,<0> ,526.2,<0> ,0.0,<0> 
05/14/2023 11:30,30.47916667,tjrtlmet,P,1.0,1.0,15.0,,16.4,<0> ,88.0,<0> ,1014.0,<0> ,2.5,<0> ,4.1,<0> ,11:29,241.0,<0> ,18.0,<0> ,642.0,<0> ,0.0,<0> 
05/14/2023 11:45,30.48958333,tjrtlmet,P,1.0,1.0,15.0,,16.1,<0> ,87.0,<0> ,1014.0,<0> ,2.6,<0> ,4.0,<0> ,11:30,233.0,<0> ,14.0,<0> ,521.8,<0> ,0.0,<0> 
05/14/2023 12:00,30.5,tjrtlmet,P,1.0,1.0,15.0,,16.2,<0> ,87.0,<0> ,1014.0,<0> ,2.4,<0> ,3.8,<0> ,11:46,229.0,<0> ,15.0,<0> ,571.4,<0> ,0.0,<0> 
05/14/2023 12:15,30.51041667,tjrtlmet,P,1.0,1.0,15.0,,16.6,<0> ,86.0,<0> ,1014.0,<0> ,2.7,<0> ,4.0,<0> ,12:13,226.0,<0> ,13.0,<0> ,728.5,<0> ,0.0,<0> 
05/14/2023 12:30,30.52083333,tjrtlmet,P,1.0,1.0,15.0,,17.1,<0> ,84.0,<0> ,1014.0,<0> ,2.7,<0> ,4.3,<0> ,12:17,213.0,<0> ,16.0,<0> ,826.4,<0> ,0.0,<0> 
05/14/2023 12:45,30.53125,tjrtlmet,P,1.0,1.0,15.0,,17.0,<0> ,84.0,<0> ,1014.0,<0> ,2.8,<0> ,3.9,<0> ,12:37,213.0,<0> ,17.0,<0> ,805.6,<0> ,0.0,<0> 
05/14/2023 13:00,30.54166667,tjrtlmet,P,1.0,1.0,15.0,,17.0,<0> ,83.0,<0> ,1014.0,<0> ,2.7,<0> ,4.0,<0> ,12:46,220.0,<0> ,14.0,<0> ,782.2,<0> ,0.0,<0> 
05/14/2023 13:15,30.55208333,tjrtlmet,P,1.0,1.0,15.0,,17.1,<0> ,83.0,<0> ,1014.0,<0> ,2.7,<0> ,3.9,<0> ,13:01,217.0,<0> ,18.0,<0> ,709.0,<0> ,0.0,<0> 
05/14/2023 13:30,30.5625,tjrtlmet,P,1.0,1.0,15.0,,17.1,<0> ,82.0,<0> ,1014.0,<0> ,2.9,<0> ,4.2,<0> ,13:18,213.0,<0> ,17.0,<0> ,649.0,<0> ,0.0,<0> 
05/14/2023 13:45,30.57291667,tjrtlmet,P,1.0,1.0,15.0,,16.7,<0> ,84.0,<0> ,1014.0,<0> ,3.0,<0> ,4.5,<0> ,13:34,229.0,<0> ,12.0,<0> ,559.2,<0> ,0.0,<0> 
05/14/2023 14:00,30.58333333,tjrtlmet,P,1.0,1.0,15.0,,16.7,<0> ,84.0,<0> ,1014.0,<0> ,2.9,<0> ,4.3,<0> ,13:59,231.0,<0> ,12.0,<0> ,569.8,<0> ,0.0,<0> 
05/14/2023 14:15,30.59375,tjrtlmet,P,1.0,1.0,15.0,,16.7,<0> ,83.0,<0> ,1014.0,<0> ,2.9,<0> ,4.3,<0> ,14:12,229.0,<0> ,14.0,<0> ,628.6,<0> ,0.0,<0> 
05/14/2023 14:30,30.60416667,tjrtlmet,P,1.0,1.0,15.0,,17.0,<0> ,82.0,<0> ,1014.0,<0> ,2.9,<0> ,4.4,<0> ,14:19,237.0,<0> ,14.0,<0> ,721.2,<0> ,0.0,<0> 
05/14/2023 14:45,30.61458333,tjrtlmet,P,1.0,1.0,15.0,,16.9,<0> ,82.0,<0> ,1014.0,<0> ,2.9,<0> ,4.3,<0> ,14:30,242.0,<0> ,12.0,<0> ,610.8,<0> ,0.0,<0> 
05/14/2023 15:00,30.625,tjrtlmet,P,1.0,1.0,15.0,,16.7,<0> ,82.0,<0> ,1014.0,<0> ,2.8,<0> ,4.0,<0> ,14:56,244.0,<0> ,14.0,<0> ,499.7,<0> ,0.0,<0> 
05/14/2023 15:15,30.63541667,tjrtlmet,P,1.0,1.0,15.0,,16.6,<0> ,84.0,<0> ,1014.0,<0> ,2.7,<0> ,3.8,<0> ,15:13,239.0,<0> ,12.0,<0> ,471.5,<0> ,0.0,<0> 
05/14/2023 15:30,30.64583333,tjrtlmet,P,1.0,1.0,15.0,,16.5,<0> ,84.0,<0> ,1014.0,<0> ,2.4,<0> ,3.5,<0> ,15:16,241.0,<0> ,15.0,<0> ,385.0,<0> ,0.0,<0> 
05/14/2023 15:45,30.65625,tjrtlmet,P,1.0,1.0,15.0,,16.4,<0> ,84.0,<0> ,1014.0,<0> ,2.4,<0> ,3.7,<0> ,15:37,257.0,<0> ,11.0,<0> ,367.5,<0> ,0.0,<0> 
05/14/2023 16:00,30.66666667,tjrtlmet,P,1.0,1.0,15.0,,16.3,<0> ,84.0,<0> ,1014.0,<0> ,2.2,<0> ,3.2,<0> ,15:56,255.0,<0> ,12.0,<0> ,285.5,<0> ,0.0,<0> 
05/14/2023 16:15,30.67708333,tjrtlmet,P,1.0,1.0,15.0,,16.2,<0> ,84.0,<0> ,1014.0,<0> ,2.1,<0> ,3.4,<0> ,16:14,254.0,<0> ,13.0,<0> ,260.9,<0> ,0.0,<0> 
05/14/2023 16:30,30.6875,tjrtlmet,P,1.0,1.0,15.0,,16.1,<0> ,84.0,<0> ,1014.0,<0> ,2.0,<0> ,2.9,<0> ,16:15,259.0,<0> ,13.0,<0> ,239.0,<0> ,0.0,<0> 
05/14/2023 16:45,30.69791667,tjrtlmet,P,1.0,1.0,15.0,,16.1,<0> ,84.0,<0> ,1014.0,<0> ,1.9,<0> ,2.9,<0> ,16:31,260.0,<0> ,14.0,<0> ,198.5,<0> ,0.0,<0> 
05/14/2023 17:00,30.70833333,tjrtlmet,P,1.0,1.0,15.0,,15.9,<0> ,84.0,<0> ,1014.0,<0> ,1.7,<0> ,2.7,<0> ,16:51,256.0,<0> ,13.0,<0> ,158.2,<0> ,0.0,<0> 
05/14/2023 17:15,30.71875,tjrtlmet,P,1.0,1.0,15.0,,15.9,<0> ,84.0,<0> ,1014.0,<0> ,1.5,<0> ,2.5,<0> ,17:08,254.0,<0> ,13.0,<0> ,125.8,<0> ,0.0,<0> 
05/14/2023 17:30,30.72916667,tjrtlmet,P,1.0,1.0,15.0,,15.8,<0> ,85.0,<0> ,1014.0,<0> ,1.7,<0> ,2.8,<0> ,17:23,257.0,<0> ,12.0,<0> ,99.3,<0> ,0.0,<0> 
05/14/2023 17:45,30.73958333,tjrtlmet,P,1.0,1.0,15.0,,15.7,<0> ,85.0,<0> ,1014.0,<0> ,2.0,<0> ,3.0,<0> ,17:38,253.0,<0> ,13.0,<0> ,73.2,<0> ,0.0,<0> 
05/14/2023 18:00,30.75,tjrtlmet,P,1.0,1.0,15.0,,15.5,<0> ,85.0,<0> ,1014.0,<0> ,1.6,<0> ,2.6,<0> ,17:46,255.0,<0> ,13.0,<0> ,45.8,<0> ,0.0,<0> 
05/14/2023 18:15,30.76041667,tjrtlmet,P,1.0,1.0,15.0,,15.4,<0> ,86.0,<0> ,1014.0,<0> ,1.4,<0> ,2.2,<0> ,18:07,256.0,<0> ,11.0,<0> ,25.3,<0> ,0.0,<0> 
05/14/2023 18:30,30.77083333,tjrtlmet,P,1.0,1.0,15.0,,15.4,<0> ,86.0,<0> ,1014.0,<0> ,1.2,<0> ,2.1,<0> ,18:29,220.0,<0> ,20.0,<0> ,13.2,<0> ,0.0,<0> 
05/14/2023 18:45,30.78125,tjrtlmet,P,1.0,1.0,15.0,,15.4,<0> ,86.0,<0> ,1015.0,<0> ,1.5,<0> ,2.6,<0> ,18:42,211.0,<0> ,14.0,<0> ,3.7,<0> ,0.0,<0> 
05/14/2023 19:00,30.79166667,tjrtlmet,P,1.0,1.0,15.0,,15.2,<0> ,86.0,<0> ,1015.0,<0> ,0.5,<0> ,1.9,<0> ,18:45,185.0,<0> ,45.0,<0> ,0.2,<0> ,0.0,<0> 
05/14/2023 19:15,30.80208333,tjrtlmet,P,1.0,1.0,15.0,,15.2,<0> ,87.0,<0> ,1015.0,<0> ,0.9,<0> ,1.8,<0> ,19:04,230.0,<0> ,15.0,<0> ,0.0,<0> ,0.0,<0> 
05/14/2023 19:30,30.8125,tjrtlmet,P,1.0,1.0,15.0,,15.2,<0> ,87.0,<0> ,1015.0,<0> ,0.6,<0> ,1.4,<0> ,19:29,233.0,<0> ,25.0,<0> ,0.0,<0> ,0.0,<0> 
05/14/2023 19:45,30.82291667,tjrtlmet,P,1.0,1.0,15.0,,15.2,<0> ,87.0,<0> ,1015.0,<0> ,1.1,<0> ,2.0,<0> ,19:42,173.0,<0> ,15.0,<0> ,0.0,<0> ,0.0,<0> 
05/14/2023 20:00,30.83333333,tjrtlmet,P,1.0,1.0,15.0,,15.2,<0> ,87.0,<0> ,1015.0,<0> ,0.7,<0> ,1.6,<0> ,19:48,195.0,<0> ,19.0,<0> ,0.0,<0> ,0.0,<0> 
05/14/2023 20:15,30.84375,tjrtlmet,P,1.0,1.0,15.0,,15.2,<0> ,87.0,<0> ,1015.0,<0> ,1.0,<0> ,2.0,<0> ,20:07,175.0,<0> ,21.0,<0> ,0.0,<0> ,0.0,<0> 
05/14/2023 20:30,30.85416667,tjrtlmet,P,1.0,1.0,15.0,,15.2,<0> ,87.0,<0> ,1015.0,<0> ,0.9,<0> ,1.7,<0> ,20:29,208.0,<0> ,11.0,<0> ,0.0,<0> ,0.0,<0> 
05/14/2023 20:45,30.86458333,tjrtlmet,P,1.0,1.0,15.0,,15.2,<0> ,87.0,<0> ,1016.0,<0> ,1.5,<0> ,3.0,<0> ,20:36,198.0,<0> ,17.0,<0> ,0.0,<0> ,0.0,<0> 
05/14/2023 21:00,30.875,tjrtlmet,P,1.0,1.0,15.0,,15.2,<0> ,87.0,<0> ,1016.0,<0> ,1.6,<0> ,2.8,<0> ,20:54,204.0,<0> ,21.0,<0> ,0.0,<0> ,0.0,<0> 
05/14/2023 21:15,30.88541667,tjrtlmet,P,1.0,1.0,15.0,,15.1,<0> ,87.0,<0> ,1016.0,<0> ,1.6,<0> ,2.8,<0> ,21:01,182.0,<0> ,11.0,<0> ,0.0,<0> ,0.0,<0> 
05/14/2023 21:30,30.89583333,tjrtlmet,P,1.0,1.0,15.0,,15.1,<0> ,87.0,<0> ,1016.0,<0> ,1.7,<0> ,3.4,<0> ,21:23,186.0,<0> ,13.0,<0> ,0.0,<0> ,0.0,<0> 
05/14/2023 21:45,30.90625,tjrtlmet,P,1.0,1.0,15.0,,15.0,<0> ,88.0,<0> ,1016.0,<0> ,1.1,<0> ,2.7,<0> ,21:32,184.0,<0> ,17.0,<0> ,0.0,<0> ,0.0,<0> 
05/14/2023 22:00,30.91666667,tjrtlmet,P,1.0,1.0,15.0,,15.1,<0> ,88.0,<0> ,1016.0,<0> ,0.9,<0> ,1.8,<0> ,21:46,160.0,<0> ,15.0,<0> ,0.0,<0> ,0.0,<0> 
05/14/2023 22:15,30.92708333,tjrtlmet,P,1.0,1.0,15.0,,15.1,<0> ,88.0,<0> ,1016.0,<0> ,0.8,<0> ,1.9,<0> ,22:03,185.0,<0> ,19.0,<0> ,0.0,<0> ,0.0,<0> 
05/14/2023 22:30,30.9375,tjrtlmet,P,1.0,1.0,15.0,,15.1,<0> ,88.0,<0> ,1016.0,<0> ,0.9,<0> ,1.8,<0> ,22:29,159.0,<0> ,20.0,<0> ,0.0,<0> ,0.0,<0> 
05/14/2023 22:45,30.94791667,tjrtlmet,P,1.0,1.0,15.0,,15.0,<0> ,88.0,<0> ,1016.0,<0> ,1.5,<0> ,2.6,<0> ,22:42,172.0,<0> ,13.0,<0> ,0.0,<0> ,0.0,<0> 
05/14/2023 23:00,30.95833333,tjrtlmet,P,1.0,1.0,15.0,,14.9,<0> ,88.0,<0> ,1016.0,<0> ,1.2,<0> ,2.4,<0> ,22:48,164.0,<0> ,15.0,<0> ,0.0,<0> ,0.0,<0> 
05/14/2023 23:15,30.96875,tjrtlmet,P,1.0,1.0,15.0,,14.9,<0> ,88.0,<0> ,1016.0,<0> ,1.2,<0> ,2.0,<0> ,23:12,177.0,<0> ,15.0,<0> ,0.0,<0> ,0.0,<0> 
05/14/2023 23:30,30.97916667,tjrtlmet,P,1.0,1.0,15.0,,14.8,<0> ,88.0,<0> ,1016.0,<0> ,0.9,<0> ,1.7,<0> ,23:23,132.0,<0> ,38.0,<0> ,0.0,<0> ,0.0,<0> 
05/14/2023 23:45,30.98958333,tjrtlmet,P,1.0,1.0,15.0,,14.8,<0> ,89.0,<0> ,1016.0,<0> ,0.7,<0> ,1.5,<0> ,23:30,131.0,<0> ,17.0,<0> ,0.0,<0> ,0.0,<0> 
05/15/2023 00:00,31.0,tjrtlmet,P,1.0,1.0,15.0,,14.8,<0> ,89.0,<0> ,1016.0,<0> ,0.7,<0> ,2.0,<0> ,23:49,200.0,<0> ,52.0,<0> ,0.0,<0> ,0.0,<0> 
05/15/2023 00:15,31.01041667,tjrtlmet,P,1.0,1.0,15.0,,14.8,<0> ,89.0,<0> ,1016.0,<0> ,0.6,<0> ,1.3,<0> ,00:05,202.0,<0> ,24.0,<0> ,0.0,<0> ,0.0,<0> 
05/15/2023 00:30,31.02083333,tjrtlmet,P,1.0,1.0,15.0,,14.8,<0> ,89.0,<0> ,1016.0,<0> ,0.8,<0> ,1.6,<0> ,00:22,174.0,<0> ,11.0,<0> ,0.0,<0> ,0.0,<0> 
05/15/2023 00:45,31.03125,tjrtlmet,P,1.0,1.0,15.0,,14.8,<0> ,89.0,<0> ,1016.0,<0> ,0.4,<0> ,1.1,<0> ,00:30,175.0,<0> ,10.0,<0> ,0.0,<0> ,0.0,<0> 
05/15/2023 01:00,31.04166667,tjrtlmet,P,1.0,1.0,15.0,,14.8,<0> ,89.0,<0> ,1016.0,<0> ,0.4,<0> ,1.5,<0> ,00:58,148.0,<0> ,29.0,<0> ,0.0,<0> ,0.0,<0> 
05/15/2023 01:15,31.05208333,tjrtlmet,P,1.0,1.0,15.0,,14.7,<0> ,89.0,<0> ,1015.0,<0> ,0.7,<0> ,1.8,<0> ,01:04,238.0,<0> ,35.0,<0> ,0.0,<0> ,0.0,<0> 
05/15/2023 01:30,31.0625,tjrtlmet,P,1.0,1.0,15.0,,14.7,<0> ,90.0,<0> ,1016.0,<0> ,0.2,<0> ,0.7,<0> ,01:20,185.0,<0> ,50.0,<0> ,0.0,<0> ,0.0,<0> 
05/15/2023 01:45,31.07291667,tjrtlmet,P,1.0,1.0,15.0,,14.7,<0> ,90.0,<0> ,1016.0,<0> ,0.7,<0> ,1.8,<0> ,01:39,222.0,<0> ,18.0,<0> ,0.0,<0> ,0.0,<0> 
05/15/2023 02:00,31.08333333,tjrtlmet,P,1.0,1.0,15.0,,14.7,<0> ,90.0,<0> ,1016.0,<0> ,0.2,<0> ,0.8,<0> ,01:51,179.0,<0> ,27.0,<0> ,0.0,<0> ,0.0,<0> 
05/15/2023 02:15,31.09375,tjrtlmet,P,1.0,1.0,15.0,,14.7,<0> ,90.0,<0> ,1016.0,<0> ,0.6,<0> ,1.4,<0> ,02:06,226.0,<0> ,35.0,<0> ,0.0,<0> ,0.0,<0> 
05/15/2023 02:30,31.10416667,tjrtlmet,P,1.0,1.0,15.0,,14.6,<0> ,91.0,<0> ,1016.0,<0> ,0.3,<0> ,1.3,<0> ,02:22,247.0,<0> ,13.0,<0> ,0.0,<0> ,0.0,<0> 
05/15/2023 02:45,31.11458333,tjrtlmet,P,1.0,1.0,15.0,,14.6,<0> ,91.0,<0> ,1016.0,<0> ,0.3,<0> ,0.8,<0> ,02:33,225.0,<0> ,30.0,<0> ,0.0,<0> ,0.0,<0> 
05/15/2023 03:00,31.125,tjrtlmet,P,1.0,1.0,15.0,,14.5,<0> ,91.0,<0> ,1016.0,<0> ,0.3,<0> ,1.3,<0> ,02:59,298.0,<0> ,37.0,<0> ,0.0,<0> ,0.0,<0> 
05/15/2023 03:15,31.13541667,tjrtlmet,P,1.0,1.0,15.0,,14.5,<0> ,92.0,<0> ,1016.0,<0> ,1.0,<0> ,1.6,<0> ,03:00,262.0,<0> ,8.0,<0> ,0.0,<0> ,0.0,<0> 
05/15/2023 03:30,31.14583333,tjrtlmet,P,1.0,1.0,15.0,,14.5,<0> ,92.0,<0> ,1016.0,<0> ,0.6,<0> ,1.1,<0> ,03:21,258.0,<0> ,14.0,<0> ,0.0,<0> ,0.0,<0> 
05/15/2023 03:45,31.15625,tjrtlmet,P,1.0,1.0,15.0,,14.5,<0> ,92.0,<0> ,1016.0,<0> ,0.4,<0> ,0.9,<0> ,03:30,300.0,<0> ,44.0,<0> ,0.0,<0> ,0.0,<0> 
05/15/2023 04:00,31.16666667,tjrtlmet,P,1.0,1.0,15.0,,14.5,<0> ,92.0,<0> ,1016.0,<0> ,0.3,<0> ,0.9,<0> ,03:57,1.0,<0> ,30.0,<0> ,0.0,<0> ,0.0,<0> 
05/15/2023 04:15,31.17708333,tjrtlmet,P,1.0,1.0,15.0,,14.4,<0> ,92.0,<0> ,1016.0,<0> ,0.2,<0> ,0.9,<0> ,04:00,296.0,<0> ,38.0,<0> ,0.0,<0> ,0.0,<0> 
05/15/2023 04:30,31.1875,tjrtlmet,P,1.0,1.0,15.0,,14.5,<0> ,92.0,<0> ,1016.0,<0> ,0.3,<0> ,1.5,<0> ,04:15,270.0,<0> ,7.0,<0> ,0.0,<0> ,0.0,<0> 
05/15/2023 04:45,31.19791667,tjrtlmet,P,1.0,1.0,15.0,,14.5,<0> ,92.0,<0> ,1016.0,<0> ,0.8,<0> ,1.7,<0> ,04:41,169.0,<0> ,11.0,<0> ,0.0,<0> ,0.0,<0> 
05/15/2023 05:00,31.20833333,tjrtlmet,P,1.0,1.0,15.0,,14.4,<0> ,93.0,<0> ,1016.0,<0> ,1.0,<0> ,1.6,<0> ,04:46,169.0,<0> ,11.0,<0> ,2.2,<0> ,0.0,<0> 
05/15/2023 05:15,31.21875,tjrtlmet,P,1.0,1.0,15.0,,14.4,<0> ,93.0,<0> ,1016.0,<0> ,0.9,<0> ,1.4,<0> ,05:08,181.0,<0> ,16.0,<0> ,6.9,<0> ,0.0,<0> 
05/15/2023 05:30,31.22916667,tjrtlmet,P,1.0,1.0,15.0,,14.4,<0> ,93.0,<0> ,1016.0,<0> ,1.0,<0> ,1.5,<0> ,05:25,214.0,<0> ,11.0,<0> ,13.8,<0> ,0.0,<0> 
05/15/2023 05:45,31.23958333,tjrtlmet,P,1.0,1.0,15.0,,14.4,<0> ,94.0,<0> ,1017.0,<0> ,1.0,<0> ,1.6,<0> ,05:44,243.0,<0> ,23.0,<0> ,29.5,<0> ,0.0,<0> 
05/15/2023 06:00,31.25,tjrtlmet,P,1.0,1.0,15.0,,14.5,<0> ,94.0,<0> ,1017.0,<0> ,1.0,<0> ,1.4,<0> ,05:58,274.0,<0> ,7.0,<0> ,61.0,<0> ,0.0,<0> 
05/15/2023 06:15,31.26041667,tjrtlmet,P,1.0,1.0,15.0,,14.6,<0> ,93.0,<0> ,1017.0,<0> ,1.1,<0> ,1.9,<0> ,06:01,267.0,<0> ,17.0,<0> ,81.7,<0> ,0.0,<0> 
05/15/2023 06:30,31.27083333,tjrtlmet,P,1.0,1.0,15.0,,14.7,<0> ,93.0,<0> ,1017.0,<0> ,0.8,<0> ,1.5,<0> ,06:21,218.0,<0> ,15.0,<0> ,101.6,<0> ,0.0,<0> 
05/15/2023 06:45,31.28125,tjrtlmet,P,1.0,1.0,15.0,,14.8,<0> ,92.0,<0> ,1017.0,<0> ,0.7,<0> ,1.5,<0> ,06:33,252.0,<0> ,23.0,<0> ,136.3,<0> ,0.0,<0> 
05/15/2023 07:00,31.29166667,tjrtlmet,P,1.0,1.0,15.0,,14.9,<0> ,92.0,<0> ,1017.0,<0> ,0.6,<0> ,1.3,<0> ,06:46,251.0,<0> ,27.0,<0> ,177.8,<0> ,0.0,<0> 
05/15/2023 07:15,31.30208333,tjrtlmet,P,1.0,1.0,15.0,,14.9,<0> ,92.0,<0> ,1017.0,<0> ,0.7,<0> ,1.3,<0> ,07:01,269.0,<0> ,17.0,<0> ,220.1,<0> ,0.0,<0> 
05/15/2023 07:30,31.3125,tjrtlmet,P,1.0,1.0,15.0,,15.1,<0> ,91.0,<0> ,1017.0,<0> ,1.0,<0> ,1.6,<0> ,07:16,259.0,<0> ,23.0,<0> ,237.6,<0> ,0.0,<0> 
05/15/2023 07:45,31.32291667,tjrtlmet,P,1.0,1.0,15.0,,15.3,<0> ,90.0,<0> ,1017.0,<0> ,1.0,<0> ,1.9,<0> ,07:41,294.0,<0> ,23.0,<0> ,286.5,<0> ,0.0,<0> 
05/15/2023 08:00,31.33333333,tjrtlmet,P,1.0,1.0,15.0,,15.6,<0> ,89.0,<0> ,1017.0,<0> ,1.3,<0> ,2.3,<0> ,07:58,306.0,<0> ,14.0,<0> ,349.2,<0> ,0.0,<0> 
05/15/2023 08:15,31.34375,tjrtlmet,P,1.0,1.0,15.0,,15.8,<0> ,88.0,<0> ,1017.0,<0> ,1.9,<0> ,2.7,<0> ,08:08,304.0,<0> ,15.0,<0> ,379.2,<0> ,0.0,<0> 
05/15/2023 08:30,31.35416667,tjrtlmet,P,1.0,1.0,15.0,,15.9,<0> ,88.0,<0> ,1017.0,<0> ,1.8,<0> ,2.8,<0> ,08:27,292.0,<0> ,16.0,<0> ,408.8,<0> ,0.0,<0> 
05/15/2023 08:45,31.36458333,tjrtlmet,P,1.0,1.0,15.0,,15.9,<0> ,88.0,<0> ,1017.0,<0> ,2.2,<0> ,3.0,<0> ,08:40,280.0,<0> ,14.0,<0> ,427.2,<0> ,0.0,<0> 
05/15/2023 09:00,31.375,tjrtlmet,P,1.0,1.0,15.0,,15.9,<0> ,88.0,<0> ,1017.0,<0> ,2.3,<0> ,3.2,<0> ,08:54,277.0,<0> ,12.0,<0> ,455.4,<0> ,0.0,<0> 
05/15/2023 09:15,31.38541667,tjrtlmet,P,1.0,1.0,15.0,,16.3,<0> ,87.0,<0> ,1017.0,<0> ,2.4,<0> ,3.3,<0> ,09:11,281.0,<0> ,11.0,<0> ,494.8,<0> ,0.0,<0> 
05/15/2023 09:30,31.39583333,tjrtlmet,P,1.0,1.0,15.0,,16.5,<0> ,87.0,<0> ,1018.0,<0> ,2.6,<0> ,3.9,<0> ,09:21,280.0,<0> ,11.0,<0> ,630.9,<0> ,0.0,<0> 
05/15/2023 09:45,31.40625,tjrtlmet,P,1.0,1.0,15.0,,16.7,<0> ,85.0,<0> ,1018.0,<0> ,2.7,<0> ,4.0,<0> ,09:40,280.0,<0> ,12.0,<0> ,601.7,<0> ,0.0,<0> 
05/15/2023 10:00,31.41666667,tjrtlmet,P,1.0,1.0,15.0,,16.6,<0> ,85.0,<0> ,1018.0,<0> ,2.7,<0> ,4.0,<0> ,09:54,269.0,<0> ,13.0,<0> ,687.0,<0> ,0.0,<0> 
05/15/2023 10:15,31.42708333,tjrtlmet,P,1.0,1.0,15.0,,16.8,<0> ,85.0,<0> ,1018.0,<0> ,2.9,<0> ,4.0,<0> ,10:08,273.0,<0> ,12.0,<0> ,813.9,<0> ,0.0,<0> 
05/15/2023 10:30,31.4375,tjrtlmet,P,1.0,1.0,15.0,,17.3,<0> ,83.0,<0> ,1018.0,<0> ,2.9,<0> ,4.1,<0> ,10:26,274.0,<0> ,14.0,<0> ,1022.9,<0> ,0.0,<0> 
05/15/2023 10:45,31.44791667,tjrtlmet,P,1.0,1.0,15.0,,17.2,<0> ,82.0,<0> ,1018.0,<0> ,2.9,<0> ,4.2,<0> ,10:31,270.0,<0> ,13.0,<0> ,917.4,<0> ,0.0,<0> 
05/15/2023 11:00,31.45833333,tjrtlmet,P,1.0,1.0,15.0,,17.4,<0> ,81.0,<0> ,1018.0,<0> ,2.9,<0> ,4.0,<0> ,10:47,275.0,<0> ,11.0,<0> ,1121.7,<0> ,0.0,<0> 
05/15/2023 11:15,31.46875,tjrtlmet,P,1.0,1.0,15.0,,17.3,<0> ,80.0,<0> ,1018.0,<0> ,2.9,<0> ,3.8,<0> ,11:01,269.0,<0> ,10.0,<0> ,989.6,<0> ,0.0,<0> 
05/15/2023 11:30,31.47916667,tjrtlmet,P,1.0,1.0,15.0,,17.6,<0> ,81.0,<0> ,1018.0,<0> ,2.7,<0> ,4.0,<0> ,11:28,266.0,<0> ,15.0,<0> ,961.1,<0> ,0.0,<0> 
05/15/2023 11:45,31.48958333,tjrtlmet,P,1.0,1.0,15.0,,17.7,<0> ,84.0,<0> ,1018.0,<0> ,3.3,<0> ,4.6,<0> ,11:42,275.0,<0> ,15.0,<0> ,1535.2,<0> ,0.0,<0> 
05/15/2023 12:00,31.5,tjrtlmet,P,1.0,1.0,15.0,,18.4,<0> ,82.0,<0> ,1018.0,<0> ,3.2,<0> ,4.4,<0> ,12:00,283.0,<0> ,14.0,<0> ,1779.8,<0> ,0.0,<0> 
05/15/2023 12:15,31.51041667,tjrtlmet,P,1.0,1.0,15.0,,18.3,<0> ,82.0,<0> ,1018.0,<0> ,3.4,<0> ,5.0,<0> ,12:09,281.0,<0> ,13.0,<0> ,1628.8,<0> ,0.0,<0> 
05/15/2023 12:30,31.52083333,tjrtlmet,P,1.0,1.0,15.0,,17.8,<0> ,83.0,<0> ,1018.0,<0> ,3.7,<0> ,5.2,<0> ,12:15,276.0,<0> ,13.0,<0> ,1275.6,<0> ,0.0,<0> 
05/15/2023 12:45,31.53125,tjrtlmet,P,1.0,1.0,15.0,,17.2,<0> ,84.0,<0> ,1018.0,<0> ,3.3,<0> ,4.6,<0> ,12:33,280.0,<0> ,13.0,<0> ,826.2,<0> ,0.0,<0> 
05/15/2023 13:00,31.54166667,tjrtlmet,P,1.0,1.0,15.0,,17.0,<0> ,84.0,<0> ,1018.0,<0> ,3.2,<0> ,4.7,<0> ,12:47,280.0,<0> ,13.0,<0> ,754.0,<0> ,0.0,<0> 
05/15/2023 13:15,31.55208333,tjrtlmet,P,1.0,1.0,15.0,,,<-3> [SMT] (CSM),,<-3> [SMT] (CSM),1018.0,<0> ,3.2,<0> ,4.7,<0> ,13:01,280.0,<0> ,13.0,<0> ,720.9,<0> ,0.0,<0> 
05/15/2023 13:30,31.5625,tjrtlmet,P,1.0,1.0,15.0,,17.5,<0> ,79.0,<0> ,1018.0,<0> ,3.2,<0> ,4.5,<0> ,13:21,277.0,<0> ,11.0,<0> ,1164.2,<0> ,0.0,<0> 
05/15/2023 13:45,31.57291667,tjrtlmet,P,1.0,1.0,15.0,,17.4,<0> ,79.0,<0> ,1018.0,<0> ,3.1,<0> ,4.3,<0> ,13:37,280.0,<0> ,13.0,<0> ,803.2,<0> ,0.0,<0> 
05/15/2023 14:00,31.58333333,tjrtlmet,P,1.0,1.0,15.0,,16.8,<0> ,81.0,<0> ,1018.0,<0> ,2.8,<0> ,4.4,<0> ,13:46,282.0,<0> ,13.0,<0> ,624.0,<0> ,0.0,<0> 
05/15/2023 14:15,31.59375,tjrtlmet,P,1.0,1.0,15.0,,17.1,<0> ,80.0,<0> ,1018.0,<0> ,2.9,<0> ,4.1,<0> ,14:06,282.0,<0> ,14.0,<0> ,793.4,<0> ,0.0,<0> 
05/15/2023 14:30,31.60416667,tjrtlmet,P,1.0,1.0,15.0,,16.8,<0> ,80.0,<0> ,1018.0,<0> ,2.6,<0> ,4.0,<0> ,14:16,281.0,<0> ,16.0,<0> ,602.2,<0> ,0.0,<0> 
05/15/2023 14:45,31.61458333,tjrtlmet,P,1.0,1.0,15.0,,16.9,<0> ,80.0,<0> ,1018.0,<0> ,2.4,<0> ,3.3,<0> ,14:44,280.0,<0> ,15.0,<0> ,566.4,<0> ,0.0,<0> 
05/15/2023 15:00,31.625,tjrtlmet,P,1.0,1.0,15.0,,16.6,<0> ,81.0,<0> ,1018.0,<0> ,2.4,<0> ,3.5,<0> ,14:52,275.0,<0> ,14.0,<0> ,507.2,<0> ,0.0,<0> 
05/15/2023 15:15,31.63541667,tjrtlmet,P,1.0,1.0,15.0,,16.7,<0> ,80.0,<0> ,1017.0,<0> ,2.2,<0> ,3.3,<0> ,15:14,278.0,<0> ,13.0,<0> ,620.9,<0> ,0.0,<0> 
05/15/2023 15:30,31.64583333,tjrtlmet,P,1.0,1.0,15.0,,16.8,<0> ,80.0,<0> ,1017.0,<0> ,2.1,<0> ,3.5,<0> ,15:16,280.0,<0> ,14.0,<0> ,520.7,<0> ,0.0,<0> 
05/15/2023 15:45,31.65625,tjrtlmet,P,1.0,1.0,15.0,,16.7,<0> ,80.0,<0> ,1017.0,<0> ,1.9,<0> ,2.8,<0> ,15:41,282.0,<0> ,15.0,<0> ,480.1,<0> ,0.0,<0> 
05/15/2023 16:00,31.66666667,tjrtlmet,P,1.0,1.0,15.0,,16.7,<0> ,79.0,<0> ,1017.0,<0> ,1.5,<0> ,2.5,<0> ,15:51,280.0,<0> ,16.0,<0> ,478.3,<0> ,0.0,<0> 
05/15/2023 16:15,31.67708333,tjrtlmet,P,1.0,1.0,15.0,,17.1,<0> ,79.0,<0> ,1017.0,<0> ,2.1,<0> ,3.3,<0> ,16:12,279.0,<0> ,15.0,<0> ,742.7,<0> ,0.0,<0> 
05/15/2023 16:30,31.6875,tjrtlmet,P,1.0,1.0,15.0,,17.1,<0> ,78.0,<0> ,1017.0,<0> ,2.2,<0> ,3.3,<0> ,16:16,275.0,<0> ,14.0,<0> ,543.8,<0> ,0.0,<0> 
05/15/2023 16:45,31.69791667,tjrtlmet,P,1.0,1.0,15.0,,16.4,<0> ,80.0,<0> ,1017.0,<0> ,2.1,<0> ,3.1,<0> ,16:30,274.0,<0> ,13.0,<0> ,280.3,<0> ,0.0,<0> 
05/15/2023 17:00,31.70833333,tjrtlmet,P,1.0,1.0,15.0,,16.4,<0> ,82.0,<0> ,1017.0,<0> ,2.0,<0> ,3.0,<0> ,16:49,289.0,<0> ,14.0,<0> ,327.5,<0> ,0.0,<0> 
05/15/2023 17:15,31.71875,tjrtlmet,P,1.0,1.0,15.0,,16.8,<0> ,80.0,<0> ,1017.0,<0> ,2.0,<0> ,3.1,<0> ,17:13,297.0,<0> ,15.0,<0> ,422.4,<0> ,0.0,<0> 
05/15/2023 17:30,31.72916667,tjrtlmet,P,1.0,1.0,15.0,,16.5,<0> ,80.0,<0> ,1017.0,<0> ,2.0,<0> ,3.3,<0> ,17:21,303.0,<0> ,13.0,<0> ,249.1,<0> ,0.0,<0> 
05/15/2023 17:45,31.73958333,tjrtlmet,P,1.0,1.0,15.0,,16.2,<0> ,82.0,<0> ,1017.0,<0> ,1.7,<0> ,2.8,<0> ,17:37,293.0,<0> ,14.0,<0> ,144.7,<0> ,0.0,<0> 
05/15/2023 18:00,31.75,tjrtlmet,P,1.0,1.0,15.0,,15.9,<0> ,82.0,<0> ,1017.0,<0> ,2.1,<0> ,3.2,<0> ,17:58,295.0,<0> ,13.0,<0> ,76.1,<0> ,0.0,<0> 
05/15/2023 18:15,31.76041667,tjrtlmet,P,1.0,1.0,15.0,,15.8,<0> ,82.0,<0> ,1017.0,<0> ,1.9,<0> ,3.1,<0> ,18:04,302.0,<0> ,18.0,<0> ,43.5,<0> ,0.0,<0> 
05/15/2023 18:30,31.77083333,tjrtlmet,P,1.0,1.0,15.0,,15.6,<0> ,83.0,<0> ,1017.0,<0> ,1.9,<0> ,3.0,<0> ,18:28,298.0,<0> ,14.0,<0> ,18.5,<0> ,0.0,<0> 
05/15/2023 18:45,31.78125,tjrtlmet,P,1.0,1.0,15.0,,15.5,<0> ,83.0,<0> ,1017.0,<0> ,1.5,<0> ,2.9,<0> ,18:30,309.0,<0> ,23.0,<0> ,6.2,<0> ,0.0,<0> 
05/15/2023 19:00,31.79166667,tjrtlmet,P,1.0,1.0,15.0,,15.4,<0> ,84.0,<0> ,1017.0,<0> ,1.5,<0> ,2.5,<0> ,18:54,290.0,<0> ,13.0,<0> ,0.7,<0> ,0.0,<0> 
05/15/2023 19:15,31.80208333,tjrtlmet,P,1.0,1.0,15.0,,15.4,<0> ,84.0,<0> ,1017.0,<0> ,1.6,<0> ,2.6,<0> ,19:07,295.0,<0> ,13.0,<0> ,0.0,<0> ,0.0,<0> 
05/15/2023 19:30,31.8125,tjrtlmet,P,1.0,1.0,15.0,,15.3,<0> ,84.0,<0> ,1017.0,<0> ,1.0,<0> ,2.3,<0> ,19:24,303.0,<0> ,21.0,<0> ,0.0,<0> ,0.0,<0> 
05/15/2023 19:45,31.82291667,tjrtlmet,P,1.0,1.0,15.0,,15.3,<0> ,84.0,<0> ,1017.0,<0> ,1.2,<0> ,2.0,<0> ,19:44,295.0,<0> ,19.0,<0> ,0.0,<0> ,0.0,<0> 
05/15/2023 20:00,31.83333333,tjrtlmet,P,1.0,1.0,15.0,,15.3,<0> ,84.0,<0> ,1017.0,<0> ,1.3,<0> ,2.3,<0> ,19:59,283.0,<0> ,11.0,<0> ,0.0,<0> ,0.0,<0> 
05/15/2023 20:15,31.84375,tjrtlmet,P,1.0,1.0,15.0,,15.2,<0> ,85.0,<0> ,1017.0,<0> ,1.4,<0> ,2.2,<0> ,20:03,283.0,<0> ,13.0,<0> ,0.0,<0> ,0.0,<0> 
05/15/2023 20:30,31.85416667,tjrtlmet,P,1.0,1.0,15.0,,15.2,<0> ,85.0,<0> ,1017.0,<0> ,1.3,<0> ,2.2,<0> ,20:28,289.0,<0> ,12.0,<0> ,0.0,<0> ,0.0,<0> 
05/15/2023 20:45,31.86458333,tjrtlmet,P,1.0,1.0,15.0,,15.2,<0> ,85.0,<0> ,1017.0,<0> ,1.5,<0> ,2.4,<0> ,20:32,306.0,<0> ,14.0,<0> ,0.0,<0> ,0.0,<0> 
05/15/2023 21:00,31.875,tjrtlmet,P,1.0,1.0,15.0,,15.1,<0> ,86.0,<0> ,1017.0,<0> ,1.3,<0> ,2.1,<0> ,20:52,305.0,<0> ,12.0,<0> ,0.0,<0> ,0.0,<0> 
05/15/2023 21:15,31.88541667,tjrtlmet,P,1.0,1.0,15.0,,15.2,<0> ,86.0,<0> ,1017.0,<0> ,1.3,<0> ,2.2,<0> ,21:12,303.0,<0> ,13.0,<0> ,0.0,<0> ,0.0,<0> 
05/15/2023 21:30,31.89583333,tjrtlmet,P,1.0,1.0,15.0,,15.2,<0> ,86.0,<0> ,1017.0,<0> ,1.7,<0> ,2.6,<0> ,21:23,295.0,<0> ,14.0,<0> ,0.0,<0> ,0.0,<0> 
05/15/2023 21:45,31.90625,tjrtlmet,P,1.0,1.0,15.0,,15.2,<0> ,86.0,<0> ,1017.0,<0> ,1.8,<0> ,3.1,<0> ,21:43,302.0,<0> ,15.0,<0> ,0.0,<0> ,0.0,<0> 
05/15/2023 22:00,31.91666667,tjrtlmet,P,1.0,1.0,15.0,,15.2,<0> ,86.0,<0> ,1017.0,<0> ,1.7,<0> ,2.8,<0> ,21:46,303.0,<0> ,15.0,<0> ,0.0,<0> ,0.0,<0> 
05/15/2023 22:15,31.92708333,tjrtlmet,P,1.0,1.0,15.0,,15.2,<0> ,86.0,<0> ,1017.0,<0> ,1.5,<0> ,2.4,<0> ,22:02,309.0,<0> ,16.0,<0> ,0.0,<0> ,0.0,<0> 
05/15/2023 22:30,31.9375,tjrtlmet,P,1.0,1.0,15.0,,15.2,<0> ,87.0,<0> ,1017.0,<0> ,1.3,<0> ,2.5,<0> ,22:18,312.0,<0> ,17.0,<0> ,0.0,<0> ,0.0,<0> 
05/15/2023 22:45,31.94791667,tjrtlmet,P,1.0,1.0,15.0,,15.2,<0> ,87.0,<0> ,1017.0,<0> ,1.7,<0> ,2.7,<0> ,22:38,309.0,<0> ,13.0,<0> ,0.0,<0> ,0.0,<0> 
05/15/2023 23:00,31.95833333,tjrtlmet,P,1.0,1.0,15.0,,15.2,<0> ,87.0,<0> ,1017.0,<0> ,1.7,<0> ,2.7,<0> ,22:50,300.0,<0> ,13.0,<0> ,0.0,<0> ,0.0,<0> 
05/15/2023 23:15,31.96875,tjrtlmet,P,1.0,1.0,15.0,,15.2,<0> ,87.0,<0> ,1016.0,<0> ,1.5,<0> ,2.4,<0> ,23:01,299.0,<0> ,13.0,<0> ,0.0,<0> ,0.0,<0> 
05/15/2023 23:30,31.97916667,tjrtlmet,P,1.0,1.0,15.0,,15.2,<0> ,88.0,<0> ,1016.0,<0> ,2.0,<0> ,3.1,<0> ,23:17,301.0,<0> ,15.0,<0> ,0.0,<0> ,0.0,<0> 
05/15/2023 23:45,31.98958333,tjrtlmet,P,1.0,1.0,15.0,,15.2,<0> ,88.0,<0> ,1016.0,<0> ,1.4,<0> ,2.8,<0> ,23:30,312.0,<0> ,18.0,<0> ,0.0,<0> ,0.0,<0> 
05/16/2023 00:00,32.0,tjrtlmet,P,1.0,1.0,15.0,,15.2,<0> ,88.0,<0> ,1016.0,<0> ,1.3,<0> ,2.4,<0> ,23:55,314.0,<0> ,18.0,<0> ,0.0,<0> ,0.0,<0> 
05/16/2023 00:15,32.01041667,tjrtlmet,P,1.0,1.0,15.0,,15.2,<0> ,88.0,<0> ,1016.0,<0> ,1.7,<0> ,2.9,<0> ,00:13,306.0,<0> ,13.0,<0> ,0.0,<0> ,0.0,<0> 
05/16/2023 00:30,32.02083333,tjrtlmet,P,1.0,1.0,15.0,,15.2,<0> ,88.0,<0> ,1016.0,<0> ,1.8,<0> ,2.8,<0> ,00:20,303.0,<0> ,17.0,<0> ,0.0,<0> ,0.0,<0> 
05/16/2023 00:45,32.03125,tjrtlmet,P,1.0,1.0,15.0,,15.2,<0> ,88.0,<0> ,1016.0,<0> ,1.7,<0> ,2.7,<0> ,00:30,305.0,<0> ,14.0,<0> ,0.0,<0> ,0.0,<0> 
05/16/2023 01:00,32.04166667,tjrtlmet,P,1.0,1.0,15.0,,15.2,<0> ,88.0,<0> ,1016.0,<0> ,1.8,<0> ,2.9,<0> ,00:56,311.0,<0> ,19.0,<0> ,0.0,<0> ,0.0,<0> 
05/16/2023 01:15,32.05208333,tjrtlmet,P,1.0,1.0,15.0,,15.2,<0> ,88.0,<0> ,1016.0,<0> ,1.5,<0> ,2.8,<0> ,01:00,306.0,<0> ,15.0,<0> ,0.0,<0> ,0.0,<0> 
05/16/2023 01:30,32.0625,tjrtlmet,P,1.0,1.0,15.0,,15.2,<0> ,88.0,<0> ,1016.0,<0> ,1.4,<0> ,2.6,<0> ,01:16,304.0,<0> ,19.0,<0> ,0.0,<0> ,0.0,<0> 
05/16/2023 01:45,32.07291667,tjrtlmet,P,1.0,1.0,15.0,,15.2,<0> ,88.0,<0> ,1016.0,<0> ,1.4,<0> ,2.5,<0> ,01:31,306.0,<0> ,13.0,<0> ,0.0,<0> ,0.0,<0> 
05/16/2023 02:00,32.08333333,tjrtlmet,P,1.0,1.0,15.0,,15.1,<0> ,89.0,<0> ,1015.0,<0> ,1.5,<0> ,2.4,<0> ,01:45,309.0,<0> ,13.0,<0> ,0.0,<0> ,0.0,<0> 
05/16/2023 02:15,32.09375,tjrtlmet,P,1.0,1.0,15.0,,15.1,<0> ,89.0,<0> ,1015.0,<0> ,1.3,<0> ,2.4,<0> ,02:07,303.0,<0> ,14.0,<0> ,0.0,<0> ,0.0,<0> 
05/16/2023 02:30,32.10416667,tjrtlmet,P,1.0,1.0,15.0,,15.1,<0> ,88.0,<0> ,1015.0,<0> ,1.4,<0> ,2.5,<0> ,02:22,305.0,<0> ,14.0,<0> ,0.0,<0> ,0.0,<0> 
05/16/2023 02:45,32.11458333,tjrtlmet,P,1.0,1.0,15.0,,15.1,<0> ,88.0,<0> ,1015.0,<0> ,1.1,<0> ,2.0,<0> ,02:37,309.0,<0> ,16.0,<0> ,0.0,<0> ,0.0,<0> 
05/16/2023 03:00,32.125,tjrtlmet,P,1.0,1.0,15.0,,15.0,<0> ,88.0,<0> ,1015.0,<0> ,1.0,<0> ,1.8,<0> ,02:49,316.0,<0> ,18.0,<0> ,0.0,<0> ,0.0,<0> 
05/16/2023 03:15,32.13541667,tjrtlmet,P,1.0,1.0,15.0,,15.0,<0> ,89.0,<0> ,1015.0,<0> ,0.9,<0> ,2.5,<0> ,03:14,325.0,<0> ,31.0,<0> ,0.0,<0> ,0.0,<0> 
05/16/2023 03:30,32.14583333,tjrtlmet,P,1.0,1.0,15.0,,15.0,<0> ,89.0,<0> ,1015.0,<0> ,1.2,<0> ,2.9,<0> ,03:18,315.0,<0> ,21.0,<0> ,0.0,<0> ,0.0,<0> 
05/16/2023 03:45,32.15625,tjrtlmet,P,1.0,1.0,15.0,,15.0,<0> ,89.0,<0> ,1015.0,<0> ,1.4,<0> ,2.6,<0> ,03:32,302.0,<0> ,14.0,<0> ,0.0,<0> ,0.0,<0> 
05/16/2023 04:00,32.16666667,tjrtlmet,P,1.0,1.0,15.0,,15.0,<0> ,89.0,<0> ,1015.0,<0> ,1.5,<0> ,2.4,<0> ,03:56,308.0,<0> ,16.0,<0> ,0.0,<0> ,0.0,<0> 
05/16/2023 04:15,32.17708333,tjrtlmet,P,1.0,1.0,15.0,,14.9,<0> ,89.0,<0> ,1015.0,<0> ,1.2,<0> ,2.0,<0> ,04:11,301.0,<0> ,15.0,<0> ,0.0,<0> ,0.0,<0> 
05/16/2023 04:30,32.1875,tjrtlmet,P,1.0,1.0,15.0,,14.9,<0> ,90.0,<0> ,1015.0,<0> ,1.7,<0> ,3.3,<0> ,04:17,293.0,<0> ,16.0,<0> ,0.0,<0> ,0.0,<0> 
05/16/2023 04:45,32.19791667,tjrtlmet,P,1.0,1.0,15.0,,14.9,<0> ,90.0,<0> ,1015.0,<0> ,1.0,<0> ,2.6,<0> ,04:36,316.0,<0> ,30.0,<0> ,0.0,<0> ,0.0,<0> 
05/16/2023 05:00,32.20833333,tjrtlmet,P,1.0,1.0,15.0,,14.8,<0> ,90.0,<0> ,1015.0,<0> ,0.8,<0> ,2.0,<0> ,04:48,313.0,<0> ,20.0,<0> ,2.9,<0> ,0.0,<0> 
05/16/2023 05:15,32.21875,tjrtlmet,P,1.0,1.0,15.0,,14.8,<0> ,90.0,<0> ,1015.0,<0> ,0.4,<0> ,2.1,<0> ,05:02,333.0,<0> ,19.0,<0> ,8.1,<0> ,0.0,<0> 
05/16/2023 05:30,32.22916667,tjrtlmet,P,1.0,1.0,15.0,,14.8,<0> ,90.0,<0> ,1015.0,<0> ,0.6,<0> ,1.9,<0> ,05:28,343.0,<0> ,36.0,<0> ,15.7,<0> ,0.0,<0> 
05/16/2023 05:45,32.23958333,tjrtlmet,P,1.0,1.0,15.0,,14.8,<0> ,91.0,<0> ,1016.0,<0> ,1.2,<0> ,2.4,<0> ,05:39,317.0,<0> ,32.0,<0> ,22.1,<0> ,0.0,<0> 
05/16/2023 06:00,32.25,tjrtlmet,P,1.0,1.0,15.0,,14.8,<0> ,91.0,<0> ,1016.0,<0> ,0.8,<0> ,1.8,<0> ,05:51,11.0,<0> ,34.0,<0> ,33.4,<0> ,0.0,<0> 
05/16/2023 06:15,32.26041667,tjrtlmet,P,1.0,1.0,15.0,,14.9,<0> ,91.0,<0> ,1016.0,<0> ,0.7,<0> ,1.7,<0> ,06:12,332.0,<0> ,35.0,<0> ,72.1,<0> ,0.0,<0> 
05/16/2023 06:30,32.27083333,tjrtlmet,P,1.0,1.0,15.0,,15.1,<0> ,91.0,<0> ,1016.0,<0> ,1.4,<0> ,2.4,<0> ,06:26,297.0,<0> ,16.0,<0> ,89.6,<0> ,0.0,<0> 
05/16/2023 06:45,32.28125,tjrtlmet,P,1.0,1.0,15.0,,15.2,<0> ,90.0,<0> ,1016.0,<0> ,1.6,<0> ,2.6,<0> ,06:33,301.0,<0> ,14.0,<0> ,146.6,<0> ,0.0,<0> 
05/16/2023 07:00,32.29166667,tjrtlmet,P,1.0,1.0,15.0,,15.4,<0> ,90.0,<0> ,1016.0,<0> ,1.2,<0> ,2.2,<0> ,06:56,308.0,<0> ,17.0,<0> ,158.9,<0> ,0.0,<0> 
05/16/2023 07:15,32.30208333,tjrtlmet,P,1.0,1.0,15.0,,15.4,<0> ,89.0,<0> ,1017.0,<0> ,1.1,<0> ,2.3,<0> ,07:14,302.0,<0> ,20.0,<0> ,173.0,<0> ,0.0,<0> 
05/16/2023 07:30,32.3125,tjrtlmet,P,1.0,1.0,15.0,,15.7,<0> ,89.0,<0> ,1017.0,<0> ,2.0,<0> ,3.0,<0> ,07:21,306.0,<0> ,15.0,<0> ,230.5,<0> ,0.0,<0> 
05/16/2023 07:45,32.32291667,tjrtlmet,P,1.0,1.0,15.0,,15.8,<0> ,89.0,<0> ,1017.0,<0> ,1.8,<0> ,2.7,<0> ,07:38,302.0,<0> ,15.0,<0> ,232.4,<0> ,0.0,<0> 
05/16/2023 08:00,32.33333333,tjrtlmet,P,1.0,1.0,15.0,,15.8,<0> ,89.0,<0> ,1017.0,<0> ,1.7,<0> ,2.8,<0> ,07:51,294.0,<0> ,15.0,<0> ,277.7,<0> ,0.0,<0> 
05/16/2023 08:15,32.34375,tjrtlmet,P,1.0,1.0,15.0,,16.0,<0> ,88.0,<0> ,1017.0,<0> ,1.7,<0> ,3.0,<0> ,08:09,305.0,<0> ,20.0,<0> ,302.0,<0> ,0.0,<0> 
05/16/2023 08:30,32.35416667,tjrtlmet,P,1.0,1.0,15.0,,16.1,<0> ,87.0,<0> ,1017.0,<0> ,1.4,<0> ,2.5,<0> ,08:25,309.0,<0> ,22.0,<0> ,345.0,<0> ,0.0,<0> 
05/16/2023 08:45,32.36458333,tjrtlmet,P,1.0,1.0,15.0,,16.3,<0> ,87.0,<0> ,1017.0,<0> ,1.7,<0> ,2.9,<0> ,08:36,296.0,<0> ,16.0,<0> ,368.8,<0> ,0.0,<0> 
05/16/2023 09:00,32.375,tjrtlmet,P,1.0,1.0,15.0,,16.3,<0> ,87.0,<0> ,1017.0,<0> ,1.6,<0> ,2.9,<0> ,08:55,299.0,<0> ,13.0,<0> ,403.3,<0> ,0.0,<0> 
05/16/2023 09:15,32.38541667,tjrtlmet,P,1.0,1.0,15.0,,16.5,<0> ,87.0,<0> ,1017.0,<0> ,2.0,<0> ,3.3,<0> ,09:14,288.0,<0> ,14.0,<0> ,484.1,<0> ,0.0,<0> 
05/16/2023 09:30,32.39583333,tjrtlmet,P,1.0,1.0,15.0,,16.6,<0> ,87.0,<0> ,1017.0,<0> ,1.8,<0> ,3.0,<0> ,09:15,284.0,<0> ,16.0,<0> ,532.7,<0> ,0.0,<0> 
05/16/2023 09:45,32.40625,tjrtlmet,P,1.0,1.0,15.0,,16.6,<0> ,87.0,<0> ,1017.0,<0> ,1.7,<0> ,2.7,<0> ,09:44,277.0,<0> ,16.0,<0> ,539.7,<0> ,0.0,<0> 
05/16/2023 10:00,32.41666667,tjrtlmet,P,1.0,1.0,15.0,,16.7,<0> ,88.0,<0> ,1017.0,<0> ,2.2,<0> ,3.2,<0> ,09:49,279.0,<0> ,13.0,<0> ,581.6,<0> ,0.0,<0> 
05/16/2023 10:15,32.42708333,tjrtlmet,P,1.0,1.0,15.0,,16.8,<0> ,87.0,<0> ,1017.0,<0> ,2.4,<0> ,3.4,<0> ,10:02,287.0,<0> ,14.0,<0> ,610.1,<0> ,0.0,<0> 
05/16/2023 10:30,32.4375,tjrtlmet,P,1.0,1.0,15.0,,17.2,<0> ,86.0,<0> ,1017.0,<0> ,2.5,<0> ,4.4,<0> ,10:29,287.0,<0> ,14.0,<0> ,713.6,<0> ,0.0,<0> 
05/16/2023 10:45,32.44791667,tjrtlmet,P,1.0,1.0,15.0,,17.5,<0> ,85.0,<0> ,1017.0,<0> ,2.6,<0> ,3.9,<0> ,10:39,285.0,<0> ,14.0,<0> ,786.5,<0> ,0.0,<0> 
05/16/2023 11:00,32.45833333,tjrtlmet,P,1.0,1.0,15.0,,17.4,<0> ,85.0,<0> ,1017.0,<0> ,2.7,<0> ,3.8,<0> ,10:52,282.0,<0> ,15.0,<0> ,883.4,<0> ,0.0,<0> 
05/16/2023 11:15,32.46875,tjrtlmet,P,1.0,1.0,15.0,,17.6,<0> ,84.0,<0> ,1017.0,<0> ,2.6,<0> ,3.7,<0> ,11:10,281.0,<0> ,13.0,<0> ,983.5,<0> ,0.0,<0> 
05/16/2023 11:30,32.47916667,tjrtlmet,P,1.0,1.0,15.0,,18.1,<0> ,82.0,<0> ,1017.0,<0> ,2.6,<0> ,3.8,<0> ,11:16,284.0,<0> ,15.0,<0> ,1191.1,<0> ,0.0,<0> 
05/16/2023 11:45,32.48958333,tjrtlmet,P,1.0,1.0,15.0,,18.6,<0> ,79.0,<0> ,1016.0,<0> ,2.7,<0> ,4.4,<0> ,11:38,288.0,<0> ,14.0,<0> ,1393.0,<0> ,0.0,<0> 
05/16/2023 12:00,32.5,tjrtlmet,P,1.0,1.0,15.0,,19.2,<0> ,78.0,<0> ,1016.0,<0> ,2.7,<0> ,4.3,<0> ,11:50,289.0,<0> ,16.0,<0> ,1521.2,<0> ,0.0,<0> 
05/16/2023 12:15,32.51041667,tjrtlmet,P,1.0,1.0,15.0,,19.2,<0> ,77.0,<0> ,1016.0,<0> ,3.0,<0> ,4.2,<0> ,12:02,288.0,<0> ,16.0,<0> ,1835.6,<0> ,0.0,<0> 
05/16/2023 12:30,32.52083333,tjrtlmet,P,1.0,1.0,15.0,,19.1,<0> ,77.0,<0> ,1016.0,<0> ,3.2,<0> ,4.7,<0> ,12:29,282.0,<0> ,13.0,<0> ,1789.4,<0> ,0.0,<0> 
05/16/2023 12:45,32.53125,tjrtlmet,P,1.0,1.0,15.0,,19.3,<0> ,76.0,<0> ,1016.0,<0> ,3.2,<0> ,4.4,<0> ,12:30,281.0,<0> ,14.0,<0> ,1769.5,<0> ,0.0,<0> 
05/16/2023 13:00,32.54166667,tjrtlmet,P,1.0,1.0,15.0,,19.2,<0> ,76.0,<0> ,1015.0,<0> ,3.4,<0> ,4.9,<0> ,12:49,283.0,<0> ,15.0,<0> ,1734.7,<0> ,0.0,<0> 
05/16/2023 13:15,32.55208333,tjrtlmet,P,1.0,1.0,15.0,,19.4,<0> ,75.0,<0> ,1015.0,<0> ,3.4,<0> ,5.3,<0> ,13:08,288.0,<0> ,15.0,<0> ,1696.5,<0> ,0.0,<0> 
05/16/2023 13:30,32.5625,tjrtlmet,P,1.0,1.0,15.0,,19.3,<0> ,74.0,<0> ,1015.0,<0> ,3.7,<0> ,5.6,<0> ,13:23,291.0,<0> ,15.0,<0> ,1652.4,<0> ,0.0,<0> 
05/16/2023 13:45,32.57291667,tjrtlmet,P,1.0,1.0,15.0,,19.1,<0> ,74.0,<0> ,1015.0,<0> ,3.6,<0> ,5.6,<0> ,13:33,291.0,<0> ,15.0,<0> ,1601.7,<0> ,0.0,<0> 
05/16/2023 14:00,32.58333333,tjrtlmet,P,1.0,1.0,15.0,,19.3,<0> ,74.0,<0> ,1015.0,<0> ,3.4,<0> ,5.5,<0> ,13:52,288.0,<0> ,15.0,<0> ,1543.5,<0> ,0.0,<0> 
05/16/2023 14:15,32.59375,tjrtlmet,P,1.0,1.0,15.0,,19.2,<0> ,73.0,<0> ,1015.0,<0> ,3.7,<0> ,5.5,<0> ,14:05,290.0,<0> ,13.0,<0> ,1481.0,<0> ,0.0,<0> 
05/16/2023 14:30,32.60416667,tjrtlmet,P,1.0,1.0,15.0,,18.8,<0> ,74.0,<0> ,1015.0,<0> ,4.0,<0> ,5.8,<0> ,14:20,292.0,<0> ,13.0,<0> ,1413.8,<0> ,0.0,<0> 
05/16/2023 14:45,32.61458333,tjrtlmet,P,1.0,1.0,15.0,,18.7,<0> ,74.0,<0> ,1014.0,<0> ,3.8,<0> ,5.5,<0> ,14:37,293.0,<0> ,15.0,<0> ,1339.4,<0> ,0.0,<0> 
05/16/2023 15:00,32.625,tjrtlmet,P,1.0,1.0,15.0,,19.0,<0> ,73.0,<0> ,1014.0,<0> ,3.5,<0> ,6.1,<0> ,14:56,293.0,<0> ,16.0,<0> ,1264.5,<0> ,0.0,<0> 
05/16/2023 15:15,32.63541667,tjrtlmet,P,1.0,1.0,15.0,,18.6,<0> ,74.0,<0> ,1014.0,<0> ,3.7,<0> ,5.9,<0> ,15:04,290.0,<0> ,15.0,<0> ,1185.7,<0> ,0.0,<0> 
05/16/2023 15:30,32.64583333,tjrtlmet,P,1.0,1.0,15.0,,18.4,<0> ,74.0,<0> ,1014.0,<0> ,3.7,<0> ,5.3,<0> ,15:30,292.0,<0> ,15.0,<0> ,1098.8,<0> ,0.0,<0> 
05/16/2023 15:45,32.65625,tjrtlmet,P,1.0,1.0,15.0,,18.1,<0> ,74.0,<0> ,1014.0,<0> ,3.9,<0> ,5.9,<0> ,15:30,293.0,<0> ,15.0,<0> ,1013.7,<0> ,0.0,<0> 
05/16/2023 16:00,32.66666667,tjrtlmet,P,1.0,1.0,15.0,,18.2,<0> ,74.0,<0> ,1014.0,<0> ,3.6,<0> ,5.3,<0> ,15:53,296.0,<0> ,17.0,<0> ,925.6,<0> ,0.0,<0> 
05/16/2023 16:15,32.67708333,tjrtlmet,P,1.0,1.0,15.0,,18.1,<0> ,74.0,<0> ,1014.0,<0> ,3.7,<0> ,5.3,<0> ,16:14,302.0,<0> ,15.0,<0> ,832.8,<0> ,0.0,<0> 
05/16/2023 16:30,32.6875,tjrtlmet,P,1.0,1.0,15.0,,17.9,<0> ,75.0,<0> ,1014.0,<0> ,3.5,<0> ,5.2,<0> ,16:26,300.0,<0> ,15.0,<0> ,739.2,<0> ,0.0,<0> 
05/16/2023 16:45,32.69791667,tjrtlmet,P,1.0,1.0,15.0,,17.8,<0> ,75.0,<0> ,1014.0,<0> ,3.5,<0> ,5.7,<0> ,16:31,299.0,<0> ,14.0,<0> ,645.7,<0> ,0.0,<0> 
05/16/2023 17:00,32.70833333,tjrtlmet,P,1.0,1.0,15.0,,17.3,<0> ,76.0,<0> ,1014.0,<0> ,3.3,<0> ,4.9,<0> ,16:53,296.0,<0> ,16.0,<0> ,526.2,<0> ,0.0,<0> 
05/16/2023 17:15,32.71875,tjrtlmet,P,1.0,1.0,15.0,,17.1,<0> ,77.0,<0> ,1014.0,<0> ,3.2,<0> ,5.5,<0> ,17:13,303.0,<0> ,15.0,<0> ,421.0,<0> ,0.0,<0> 
05/16/2023 17:30,32.72916667,tjrtlmet,P,1.0,1.0,15.0,,16.4,<0> ,79.0,<0> ,1014.0,<0> ,2.8,<0> ,4.8,<0> ,17:25,298.0,<0> ,17.0,<0> ,209.4,<0> ,0.0,<0> 
05/16/2023 17:45,32.73958333,tjrtlmet,P,1.0,1.0,15.0,,16.0,<0> ,81.0,<0> ,1014.0,<0> ,2.7,<0> ,5.0,<0> ,17:34,305.0,<0> ,17.0,<0> ,138.2,<0> ,0.0,<0> 
05/16/2023 18:00,32.75,tjrtlmet,P,1.0,1.0,15.0,,15.8,<0> ,82.0,<0> ,1014.0,<0> ,2.4,<0> ,4.0,<0> ,17:45,295.0,<0> ,16.0,<0> ,102.3,<0> ,0.0,<0> 
05/16/2023 18:15,32.76041667,tjrtlmet,P,1.0,1.0,15.0,,15.8,<0> ,82.0,<0> ,1014.0,<0> ,2.0,<0> ,3.3,<0> ,18:04,299.0,<0> ,14.0,<0> ,70.3,<0> ,0.0,<0> 
05/16/2023 18:30,32.77083333,tjrtlmet,P,1.0,1.0,15.0,,15.5,<0> ,83.0,<0> ,1014.0,<0> ,1.8,<0> ,3.2,<0> ,18:16,299.0,<0> ,14.0,<0> ,35.6,<0> ,0.0,<0> 
05/16/2023 18:45,32.78125,tjrtlmet,P,1.0,1.0,15.0,,15.2,<0> ,84.0,<0> ,1014.0,<0> ,1.7,<0> ,2.6,<0> ,18:43,293.0,<0> ,12.0,<0> ,12.8,<0> ,0.0,<0> 
05/16/2023 19:00,32.79166667,tjrtlmet,P,1.0,1.0,15.0,,14.9,<0> ,86.0,<0> ,1014.0,<0> ,1.5,<0> ,2.6,<0> ,18:53,289.0,<0> ,12.0,<0> ,1.8,<0> ,0.0,<0> 
05/16/2023 19:15,32.80208333,tjrtlmet,P,1.0,1.0,15.0,,14.7,<0> ,87.0,<0> ,1014.0,<0> ,1.5,<0> ,2.6,<0> ,19:07,291.0,<0> ,12.0,<0> ,0.0,<0> ,0.0,<0> 
05/16/2023 19:30,32.8125,tjrtlmet,P,1.0,1.0,15.0,,14.7,<0> ,87.0,<0> ,1014.0,<0> ,1.8,<0> ,2.6,<0> ,19:21,292.0,<0> ,12.0,<0> ,0.0,<0> ,0.0,<0> 
05/16/2023 19:45,32.82291667,tjrtlmet,P,1.0,1.0,15.0,,14.7,<0> ,88.0,<0> ,1014.0,<0> ,2.0,<0> ,3.2,<0> ,19:36,292.0,<0> ,13.0,<0> ,0.0,<0> ,0.0,<0> 
05/16/2023 20:00,32.83333333,tjrtlmet,P,1.0,1.0,15.0,,14.6,<0> ,88.0,<0> ,1015.0,<0> ,1.7,<0> ,2.9,<0> ,19:58,297.0,<0> ,15.0,<0> ,0.0,<0> ,0.0,<0> 
05/16/2023 20:15,32.84375,tjrtlmet,P,1.0,1.0,15.0,,14.7,<0> ,89.0,<0> ,1015.0,<0> ,1.7,<0> ,3.0,<0> ,20:10,301.0,<0> ,14.0,<0> ,0.0,<0> ,0.0,<0> 
05/16/2023 20:30,32.85416667,tjrtlmet,P,1.0,1.0,15.0,,14.6,<0> ,89.0,<0> ,1015.0,<0> ,1.7,<0> ,2.9,<0> ,20:15,305.0,<0> ,13.0,<0> ,0.0,<0> ,0.0,<0> 
05/16/2023 20:45,32.86458333,tjrtlmet,P,1.0,1.0,15.0,,14.5,<0> ,89.0,<0> ,1015.0,<0> ,1.2,<0> ,2.4,<0> ,20:30,312.0,<0> ,22.0,<0> ,0.0,<0> ,0.0,<0> 
05/16/2023 21:00,32.875,tjrtlmet,P,1.0,1.0,15.0,,14.5,<0> ,90.0,<0> ,1015.0,<0> ,1.6,<0> ,3.0,<0> ,20:49,310.0,<0> ,17.0,<0> ,0.0,<0> ,0.0,<0> 
05/16/2023 21:15,32.88541667,tjrtlmet,P,1.0,1.0,15.0,,14.4,<0> ,90.0,<0> ,1015.0,<0> ,1.6,<0> ,2.6,<0> ,21:01,300.0,<0> ,14.0,<0> ,0.0,<0> ,0.0,<0> 
05/16/2023 21:30,32.89583333,tjrtlmet,P,1.0,1.0,15.0,,14.7,<0> ,90.0,<0> ,1015.0,<0> ,1.7,<0> ,2.4,<0> ,21:22,303.0,<0> ,14.0,<0> ,0.0,<0> ,0.0,<0> 
05/16/2023 21:45,32.90625,tjrtlmet,P,1.0,1.0,15.0,,14.8,<0> ,89.0,<0> ,1015.0,<0> ,1.6,<0> ,2.6,<0> ,21:41,307.0,<0> ,15.0,<0> ,0.0,<0> ,0.0,<0> 
05/16/2023 22:00,32.91666667,tjrtlmet,P,1.0,1.0,15.0,,14.9,<0> ,89.0,<0> ,1015.0,<0> ,1.2,<0> ,2.2,<0> ,21:59,314.0,<0> ,20.0,<0> ,0.0,<0> ,0.0,<0> 
05/16/2023 22:15,32.92708333,tjrtlmet,P,1.0,1.0,15.0,,14.9,<0> ,88.0,<0> ,1015.0,<0> ,1.3,<0> ,2.4,<0> ,22:12,318.0,<0> ,20.0,<0> ,0.0,<0> ,0.0,<0> 
05/16/2023 22:30,32.9375,tjrtlmet,P,1.0,1.0,15.0,,14.9,<0> ,88.0,<0> ,1015.0,<0> ,1.2,<0> ,2.8,<0> ,22:18,317.0,<0> ,20.0,<0> ,0.0,<0> ,0.0,<0> 
05/16/2023 22:45,32.94791667,tjrtlmet,P,1.0,1.0,15.0,,15.0,<0> ,88.0,<0> ,1015.0,<0> ,1.7,<0> ,2.7,<0> ,22:33,301.0,<0> ,13.0,<0> ,0.0,<0> ,0.0,<0> 
05/16/2023 23:00,32.95833333,tjrtlmet,P,1.0,1.0,15.0,,15.1,<0> ,88.0,<0> ,1014.0,<0> ,1.1,<0> ,2.0,<0> ,22:55,306.0,<0> ,15.0,<0> ,0.0,<0> ,0.0,<0> 
05/16/2023 23:15,32.96875,tjrtlmet,P,1.0,1.0,15.0,,15.2,<0> ,88.0,<0> ,1014.0,<0> ,1.0,<0> ,2.0,<0> ,23:03,313.0,<0> ,20.0,<0> ,0.0,<0> ,0.0,<0> 
05/16/2023 23:30,32.97916667,tjrtlmet,P,1.0,1.0,15.0,,15.3,<0> ,89.0,<0> ,1014.0,<0> ,1.3,<0> ,2.0,<0> ,23:22,301.0,<0> ,12.0,<0> ,0.0,<0> ,0.0,<0> 
05/16/2023 23:45,32.98958333,tjrtlmet,P,1.0,1.0,15.0,,15.3,<0> ,89.0,<0> ,1014.0,<0> ,1.5,<0> ,2.7,<0> ,23:38,302.0,<0> ,13.0,<0> ,0.0,<0> ,0.0,<0> 
05/17/2023 00:00,33.0,tjrtlmet,P,1.0,1.0,15.0,,15.3,<0> ,89.0,<0> ,1014.0,<0> ,1.7,<0> ,3.0,<0> ,23:51,304.0,<0> ,16.0,<0> ,0.0,<0> ,0.0,<0> 
05/17/2023 00:15,33.01041667,tjrtlmet,P,1.0,1.0,15.0,,15.3,<0> ,89.0,<0> ,1014.0,<0> ,1.4,<0> ,2.9,<0> ,00:07,306.0,<0> ,16.0,<0> ,0.0,<0> ,0.0,<0> 
05/17/2023 00:30,33.02083333,tjrtlmet,P,1.0,1.0,15.0,,15.4,<0> ,89.0,<0> ,1014.0,<0> ,1.5,<0> ,2.5,<0> ,00:17,300.0,<0> ,12.0,<0> ,0.0,<0> ,0.0,<0> 
05/17/2023 00:45,33.03125,tjrtlmet,P,1.0,1.0,15.0,,15.4,<0> ,89.0,<0> ,1014.0,<0> ,1.4,<0> ,2.3,<0> ,00:42,302.0,<0> ,13.0,<0> ,0.0,<0> ,0.0,<0> 
05/17/2023 01:00,33.04166667,tjrtlmet,P,1.0,1.0,15.0,,15.3,<0> ,90.0,<0> ,1014.0,<0> ,1.6,<0> ,2.5,<0> ,00:54,296.0,<0> ,13.0,<0> ,0.0,<0> ,0.0,<0> 
05/17/2023 01:15,33.05208333,tjrtlmet,P,1.0,1.0,15.0,,15.3,<0> ,90.0,<0> ,1014.0,<0> ,1.1,<0> ,1.9,<0> ,01:05,282.0,<0> ,14.0,<0> ,0.0,<0> ,0.0,<0> 
05/17/2023 01:30,33.0625,tjrtlmet,P,1.0,1.0,15.0,,15.2,<0> ,90.0,<0> ,1014.0,<0> ,1.5,<0> ,2.5,<0> ,01:28,282.0,<0> ,12.0,<0> ,0.0,<0> ,0.0,<0> 
05/17/2023 01:45,33.07291667,tjrtlmet,P,1.0,1.0,15.0,,15.1,<0> ,91.0,<0> ,1014.0,<0> ,1.9,<0> ,3.0,<0> ,01:41,292.0,<0> ,12.0,<0> ,0.0,<0> ,0.0,<0> 
05/17/2023 02:00,33.08333333,tjrtlmet,P,1.0,1.0,15.0,,15.0,<0> ,91.0,<0> ,1013.0,<0> ,1.9,<0> ,2.7,<0> ,01:59,299.0,<0> ,12.0,<0> ,0.0,<0> ,0.0,<0> 
05/17/2023 02:15,33.09375,tjrtlmet,P,1.0,1.0,15.0,,14.9,<0> ,91.0,<0> ,1013.0,<0> ,2.3,<0> ,3.6,<0> ,02:14,304.0,<0> ,15.0,<0> ,0.0,<0> ,0.0,<0> 
05/17/2023 02:30,33.10416667,tjrtlmet,P,1.0,1.0,15.0,,14.9,<0> ,92.0,<0> ,1013.0,<0> ,2.2,<0> ,3.7,<0> ,02:23,309.0,<0> ,16.0,<0> ,0.0,<0> ,0.0,<0> 
05/17/2023 02:45,33.11458333,tjrtlmet,P,1.0,1.0,15.0,,14.8,<0> ,92.0,<0> ,1013.0,<0> ,2.1,<0> ,3.3,<0> ,02:34,312.0,<0> ,16.0,<0> ,0.0,<0> ,0.0,<0> 
05/17/2023 03:00,33.125,tjrtlmet,P,1.0,1.0,15.0,,14.8,<0> ,92.0,<0> ,1013.0,<0> ,2.1,<0> ,3.3,<0> ,02:49,309.0,<0> ,16.0,<0> ,0.0,<0> ,0.0,<0> 
05/17/2023 03:15,33.13541667,tjrtlmet,P,1.0,1.0,15.0,,14.7,<0> ,92.0,<0> ,1013.0,<0> ,2.4,<0> ,3.6,<0> ,03:08,307.0,<0> ,16.0,<0> ,0.0,<0> ,0.0,<0> 
05/17/2023 03:30,33.14583333,tjrtlmet,P,1.0,1.0,15.0,,14.6,<0> ,92.0,<0> ,1013.0,<0> ,2.3,<0> ,4.2,<0> ,03:18,308.0,<0> ,15.0,<0> ,0.0,<0> ,0.0,<0> 
05/17/2023 03:45,33.15625,tjrtlmet,P,1.0,1.0,15.0,,14.6,<0> ,92.0,<0> ,1013.0,<0> ,2.1,<0> ,3.7,<0> ,03:40,307.0,<0> ,17.0,<0> ,0.0,<0> ,0.0,<0> 
05/17/2023 04:00,33.16666667,tjrtlmet,P,1.0,1.0,15.0,,14.5,<0> ,92.0,<0> ,1013.0,<0> ,2.1,<0> ,3.4,<0> ,03:46,306.0,<0> ,16.0,<0> ,0.0,<0> ,0.0,<0> 
05/17/2023 04:15,33.17708333,tjrtlmet,P,1.0,1.0,15.0,,14.5,<0> ,92.0,<0> ,1013.0,<0> ,2.0,<0> ,3.4,<0> ,04:12,306.0,<0> ,16.0,<0> ,0.0,<0> ,0.0,<0> 
05/17/2023 04:30,33.1875,tjrtlmet,P,1.0,1.0,15.0,,14.5,<0> ,92.0,<0> ,1013.0,<0> ,1.9,<0> ,2.9,<0> ,04:20,308.0,<0> ,13.0,<0> ,0.0,<0> ,0.0,<0> 
05/17/2023 04:45,33.19791667,tjrtlmet,P,1.0,1.0,15.0,,14.4,<0> ,92.0,<0> ,1013.0,<0> ,2.2,<0> ,3.5,<0> ,04:39,301.0,<0> ,14.0,<0> ,0.1,<0> ,0.0,<0> 
05/17/2023 05:00,33.20833333,tjrtlmet,P,1.0,1.0,15.0,,14.4,<0> ,92.0,<0> ,1013.0,<0> ,2.3,<0> ,3.4,<0> ,04:57,293.0,<0> ,12.0,<0> ,3.0,<0> ,0.0,<0> 
05/17/2023 05:15,33.21875,tjrtlmet,P,1.0,1.0,15.0,,14.4,<0> ,93.0,<0> ,1013.0,<0> ,2.2,<0> ,3.8,<0> ,05:03,300.0,<0> ,14.0,<0> ,8.5,<0> ,0.0,<0> 
05/17/2023 05:30,33.22916667,tjrtlmet,P,1.0,1.0,15.0,,14.5,<0> ,93.0,<0> ,1013.0,<0> ,2.1,<0> ,3.2,<0> ,05:20,302.0,<0> ,15.0,<0> ,16.9,<0> ,0.0,<0> 
05/17/2023 05:45,33.23958333,tjrtlmet,P,1.0,1.0,15.0,,14.5,<0> ,93.0,<0> ,1013.0,<0> ,1.8,<0> ,3.3,<0> ,05:34,308.0,<0> ,16.0,<0> ,29.1,<0> ,0.0,<0> 
05/17/2023 06:00,33.25,tjrtlmet,P,1.0,1.0,15.0,,14.5,<0> ,93.0,<0> ,1013.0,<0> ,2.0,<0> ,3.1,<0> ,05:46,305.0,<0> ,14.0,<0> ,43.1,<0> ,0.0,<0> 
05/17/2023 06:15,33.26041667,tjrtlmet,P,1.0,1.0,15.0,,14.6,<0> ,93.0,<0> ,1013.0,<0> ,1.9,<0> ,3.0,<0> ,06:11,301.0,<0> ,13.0,<0> ,59.5,<0> ,0.0,<0> 
05/17/2023 06:30,33.27083333,tjrtlmet,P,1.0,1.0,15.0,,14.7,<0> ,93.0,<0> ,1013.0,<0> ,2.0,<0> ,3.4,<0> ,06:16,303.0,<0> ,15.0,<0> ,73.6,<0> ,0.0,<0> 
05/17/2023 06:45,33.28125,tjrtlmet,P,1.0,1.0,15.0,,14.7,<0> ,93.0,<0> ,1013.0,<0> ,1.9,<0> ,3.0,<0> ,06:40,300.0,<0> ,14.0,<0> ,93.4,<0> ,0.0,<0> 
05/17/2023 07:00,33.29166667,tjrtlmet,P,1.0,1.0,15.0,,14.8,<0> ,93.0,<0> ,1013.0,<0> ,1.6,<0> ,2.5,<0> ,06:46,300.0,<0> ,15.0,<0> ,107.5,<0> ,0.0,<0> 
05/17/2023 07:15,33.30208333,tjrtlmet,P,1.0,1.0,15.0,,14.8,<0> ,93.0,<0> ,1014.0,<0> ,1.5,<0> ,2.4,<0> ,07:03,284.0,<0> ,13.0,<0> ,122.5,<0> ,0.0,<0> 
05/17/2023 07:30,33.3125,tjrtlmet,P,1.0,1.0,15.0,,14.9,<0> ,92.0,<0> ,1014.0,<0> ,1.7,<0> ,2.7,<0> ,07:17,281.0,<0> ,12.0,<0> ,158.2,<0> ,0.0,<0> 
05/17/2023 07:45,33.32291667,tjrtlmet,P,1.0,1.0,15.0,,15.0,<0> ,92.0,<0> ,1013.0,<0> ,1.6,<0> ,2.4,<0> ,07:44,279.0,<0> ,12.0,<0> ,198.2,<0> ,0.0,<0> 
05/17/2023 08:00,33.33333333,tjrtlmet,P,1.0,1.0,15.0,,15.1,<0> ,92.0,<0> ,1014.0,<0> ,1.5,<0> ,2.3,<0> ,07:53,282.0,<0> ,13.0,<0> ,237.2,<0> ,0.0,<0> 
05/17/2023 08:15,33.34375,tjrtlmet,P,1.0,1.0,15.0,,15.3,<0> ,92.0,<0> ,1014.0,<0> ,1.2,<0> ,2.1,<0> ,08:07,291.0,<0> ,17.0,<0> ,300.2,<0> ,0.0,<0> 
05/17/2023 08:30,33.35416667,tjrtlmet,P,1.0,1.0,15.0,,15.6,<0> ,91.0,<0> ,1013.0,<0> ,1.4,<0> ,2.0,<0> ,08:28,290.0,<0> ,15.0,<0> ,420.5,<0> ,0.0,<0> 
05/17/2023 08:45,33.36458333,tjrtlmet,P,1.0,1.0,15.0,,15.9,<0> ,90.0,<0> ,1013.0,<0> ,1.9,<0> ,3.0,<0> ,08:43,273.0,<0> ,15.0,<0> ,589.9,<0> ,0.0,<0> 
05/17/2023 09:00,33.375,tjrtlmet,P,1.0,1.0,15.0,,16.0,<0> ,89.0,<0> ,1013.0,<0> ,1.8,<0> ,2.5,<0> ,08:54,266.0,<0> ,18.0,<0> ,569.4,<0> ,0.0,<0> 
05/17/2023 09:15,33.38541667,tjrtlmet,P,1.0,1.0,15.0,,16.1,<0> ,88.0,<0> ,1013.0,<0> ,2.3,<0> ,3.9,<0> ,09:13,271.0,<0> ,18.0,<0> ,555.4,<0> ,0.0,<0> 
05/17/2023 09:30,33.39583333,tjrtlmet,P,1.0,1.0,15.0,,15.8,<0> ,89.0,<0> ,1013.0,<0> ,2.8,<0> ,3.9,<0> ,09:27,280.0,<0> ,12.0,<0> ,548.9,<0> ,0.0,<0> 
05/17/2023 09:45,33.40625,tjrtlmet,P,1.0,1.0,15.0,,15.6,<0> ,90.0,<0> ,1013.0,<0> ,2.7,<0> ,3.6,<0> ,09:42,276.0,<0> ,12.0,<0> ,533.6,<0> ,0.0,<0> 
05/17/2023 10:00,33.41666667,tjrtlmet,P,1.0,1.0,15.0,,15.5,<0> ,91.0,<0> ,1013.0,<0> ,2.9,<0> ,4.2,<0> ,09:50,281.0,<0> ,12.0,<0> ,546.1,<0> ,0.0,<0> 
05/17/2023 10:15,33.42708333,tjrtlmet,P,1.0,1.0,15.0,,15.5,<0> ,91.0,<0> ,1013.0,<0> ,2.8,<0> ,4.0,<0> ,10:08,282.0,<0> ,12.0,<0> ,518.0,<0> ,0.0,<0> 
05/17/2023 10:30,33.4375,tjrtlmet,P,1.0,1.0,15.0,,15.3,<0> ,91.0,<0> ,1013.0,<0> ,2.9,<0> ,4.1,<0> ,10:23,286.0,<0> ,11.0,<0> ,453.2,<0> ,0.0,<0> 
05/17/2023 10:45,33.44791667,tjrtlmet,P,1.0,1.0,15.0,,15.4,<0> ,91.0,<0> ,1013.0,<0> ,2.8,<0> ,3.9,<0> ,10:42,291.0,<0> ,15.0,<0> ,510.7,<0> ,0.0,<0> 
05/17/2023 11:00,33.45833333,tjrtlmet,P,1.0,1.0,15.0,,15.7,<0> ,90.0,<0> ,1013.0,<0> ,2.7,<0> ,4.4,<0> ,10:52,287.0,<0> ,15.0,<0> ,588.4,<0> ,0.0,<0> 
05/17/2023 11:15,33.46875,tjrtlmet,P,1.0,1.0,15.0,,15.8,<0> ,89.0,<0> ,1013.0,<0> ,2.8,<0> ,4.3,<0> ,11:12,284.0,<0> ,14.0,<0> ,579.8,<0> ,0.0,<0> 
05/17/2023 11:30,33.47916667,tjrtlmet,P,1.0,1.0,15.0,,15.8,<0> ,89.0,<0> ,1013.0,<0> ,2.6,<0> ,4.2,<0> ,11:27,291.0,<0> ,15.0,<0> ,525.8,<0> ,0.0,<0> 
05/17/2023 11:45,33.48958333,tjrtlmet,P,1.0,1.0,15.0,,15.7,<0> ,89.0,<0> ,1013.0,<0> ,2.8,<0> ,4.3,<0> ,11:37,295.0,<0> ,16.0,<0> ,522.1,<0> ,0.0,<0> 
05/17/2023 12:00,33.5,tjrtlmet,P,1.0,1.0,15.0,,15.9,<0> ,88.0,<0> ,1013.0,<0> ,2.8,<0> ,4.3,<0> ,11:58,297.0,<0> ,14.0,<0> ,571.3,<0> ,0.0,<0> 
05/17/2023 12:15,33.51041667,tjrtlmet,P,1.0,1.0,15.0,,16.3,<0> ,86.0,<0> ,1013.0,<0> ,3.0,<0> ,4.4,<0> ,12:07,296.0,<0> ,16.0,<0> ,789.5,<0> ,0.0,<0> 
05/17/2023 12:30,33.52083333,tjrtlmet,P,1.0,1.0,15.0,,16.4,<0> ,85.0,<0> ,1012.0,<0> ,2.9,<0> ,4.5,<0> ,12:22,291.0,<0> ,15.0,<0> ,705.0,<0> ,0.0,<0> 
05/17/2023 12:45,33.53125,tjrtlmet,P,1.0,1.0,15.0,,16.6,<0> ,83.0,<0> ,1012.0,<0> ,2.9,<0> ,4.3,<0> ,12:41,298.0,<0> ,17.0,<0> ,701.8,<0> ,0.0,<0> 
05/17/2023 13:00,33.54166667,tjrtlmet,P,1.0,1.0,15.0,,16.7,<0> ,83.0,<0> ,1012.0,<0> ,2.9,<0> ,5.2,<0> ,12:47,293.0,<0> ,15.0,<0> ,781.0,<0> ,0.0,<0> 
05/17/2023 13:15,33.55208333,tjrtlmet,P,1.0,1.0,15.0,,16.9,<0> ,82.0,<0> ,1012.0,<0> ,3.0,<0> ,4.6,<0> ,13:07,295.0,<0> ,16.0,<0> ,809.1,<0> ,0.0,<0> 
05/17/2023 13:30,33.5625,tjrtlmet,P,1.0,1.0,15.0,,16.9,<0> ,81.0,<0> ,1012.0,<0> ,3.2,<0> ,4.8,<0> ,13:16,293.0,<0> ,14.0,<0> ,868.4,<0> ,0.0,<0> 
05/17/2023 13:45,33.57291667,tjrtlmet,P,1.0,1.0,15.0,,16.9,<0> ,81.0,<0> ,1012.0,<0> ,3.2,<0> ,4.9,<0> ,13:42,298.0,<0> ,15.0,<0> ,836.3,<0> ,0.0,<0> 
05/17/2023 14:00,33.58333333,tjrtlmet,P,1.0,1.0,15.0,,16.9,<0> ,81.0,<0> ,1011.0,<0> ,3.3,<0> ,4.9,<0> ,13:54,294.0,<0> ,15.0,<0> ,810.5,<0> ,0.0,<0> 
05/17/2023 14:15,33.59375,tjrtlmet,P,1.0,1.0,15.0,,17.0,<0> ,81.0,<0> ,1011.0,<0> ,3.0,<0> ,4.7,<0> ,14:03,296.0,<0> ,16.0,<0> ,852.0,<0> ,0.0,<0> 
05/17/2023 14:30,33.60416667,tjrtlmet,P,1.0,1.0,15.0,,17.2,<0> ,80.0,<0> ,1011.0,<0> ,3.0,<0> ,4.4,<0> ,14:26,291.0,<0> ,15.0,<0> ,787.6,<0> ,0.0,<0> 
05/17/2023 14:45,33.61458333,tjrtlmet,P,1.0,1.0,15.0,,16.7,<0> ,82.0,<0> ,1011.0,<0> ,3.1,<0> ,4.5,<0> ,14:36,285.0,<0> ,15.0,<0> ,672.0,<0> ,0.0,<0> 
05/17/2023 15:00,33.625,tjrtlmet,P,1.0,1.0,15.0,,16.6,<0> ,82.0,<0> ,1011.0,<0> ,3.1,<0> ,4.5,<0> ,14:46,282.0,<0> ,14.0,<0> ,625.5,<0> ,0.0,<0> 
05/17/2023 15:15,33.63541667,tjrtlmet,P,1.0,1.0,15.0,,16.5,<0> ,82.0,<0> ,1011.0,<0> ,3.1,<0> ,4.4,<0> ,15:12,280.0,<0> ,13.0,<0> ,548.2,<0> ,0.0,<0> 
05/17/2023 15:30,33.64583333,tjrtlmet,P,1.0,1.0,15.0,,16.4,<0> ,82.0,<0> ,1011.0,<0> ,3.1,<0> ,4.6,<0> ,15:22,281.0,<0> ,14.0,<0> ,486.7,<0> ,0.0,<0> 
05/17/2023 15:45,33.65625,tjrtlmet,P,1.0,1.0,15.0,,16.2,<0> ,83.0,<0> ,1011.0,<0> ,3.0,<0> ,4.5,<0> ,15:32,281.0,<0> ,13.0,<0> ,428.7,<0> ,0.0,<0> 
05/17/2023 16:00,33.66666667,tjrtlmet,P,1.0,1.0,15.0,,16.0,<0> ,83.0,<0> ,1011.0,<0> ,3.0,<0> ,4.2,<0> ,15:47,279.0,<0> ,12.0,<0> ,396.7,<0> ,0.0,<0> 
05/17/2023 16:15,33.67708333,tjrtlmet,P,1.0,1.0,15.0,,16.0,<0> ,83.0,<0> ,1011.0,<0> ,2.8,<0> ,4.0,<0> ,16:07,282.0,<0> ,12.0,<0> ,318.5,<0> ,0.0,<0> 
05/17/2023 16:30,33.6875,tjrtlmet,P,1.0,1.0,15.0,,15.8,<0> ,83.0,<0> ,1011.0,<0> ,2.7,<0> ,4.0,<0> ,16:29,284.0,<0> ,13.0,<0> ,260.5,<0> ,0.0,<0> 
05/17/2023 16:45,33.69791667,tjrtlmet,P,1.0,1.0,15.0,,15.8,<0> ,83.0,<0> ,1011.0,<0> ,2.4,<0> ,4.0,<0> ,16:30,293.0,<0> ,15.0,<0> ,219.8,<0> ,0.0,<0> 
05/17/2023 17:00,33.70833333,tjrtlmet,P,1.0,1.0,15.0,,15.7,<0> ,83.0,<0> ,1010.0,<0> ,2.6,<0> ,4.6,<0> ,16:46,298.0,<0> ,16.0,<0> ,186.8,<0> ,0.0,<0> 
05/17/2023 17:15,33.71875,tjrtlmet,P,1.0,1.0,15.0,,15.7,<0> ,83.0,<0> ,1010.0,<0> ,2.1,<0> ,3.6,<0> ,17:13,299.0,<0> ,16.0,<0> ,154.1,<0> ,0.0,<0> 
05/17/2023 17:30,33.72916667,tjrtlmet,P,1.0,1.0,15.0,,15.6,<0> ,84.0,<0> ,1010.0,<0> ,2.1,<0> ,3.4,<0> ,17:15,301.0,<0> ,15.0,<0> ,111.3,<0> ,0.0,<0> 
05/17/2023 17:45,33.73958333,tjrtlmet,P,1.0,1.0,15.0,,15.4,<0> ,84.0,<0> ,1011.0,<0> ,1.8,<0> ,2.8,<0> ,17:37,301.0,<0> ,19.0,<0> ,77.6,<0> ,0.0,<0> 
05/17/2023 18:00,33.75,tjrtlmet,P,1.0,1.0,15.0,,15.3,<0> ,84.0,<0> ,1011.0,<0> ,1.6,<0> ,2.5,<0> ,17:48,300.0,<0> ,15.0,<0> ,54.5,<0> ,0.0,<0> 
05/17/2023 18:15,33.76041667,tjrtlmet,P,1.0,1.0,15.0,,15.3,<0> ,84.0,<0> ,1010.0,<0> ,1.7,<0> ,2.6,<0> ,18:09,309.0,<0> ,17.0,<0> ,33.3,<0> ,0.0,<0> 
05/17/2023 18:30,33.77083333,tjrtlmet,P,1.0,1.0,15.0,,15.1,<0> ,85.0,<0> ,1011.0,<0> ,1.8,<0> ,2.9,<0> ,18:17,303.0,<0> ,14.0,<0> ,17.6,<0> ,0.0,<0> 
05/17/2023 18:45,33.78125,tjrtlmet,P,1.0,1.0,15.0,,15.0,<0> ,85.0,<0> ,1011.0,<0> ,1.6,<0> ,3.1,<0> ,18:44,300.0,<0> ,19.0,<0> ,6.0,<0> ,0.0,<0> 
05/17/2023 19:00,33.79166667,tjrtlmet,P,1.0,1.0,15.0,,14.9,<0> ,85.0,<0> ,1011.0,<0> ,1.5,<0> ,2.6,<0> ,18:58,300.0,<0> ,14.0,<0> ,0.7,<0> ,0.0,<0> 
05/17/2023 19:15,33.80208333,tjrtlmet,P,1.0,1.0,15.0,,15.0,<0> ,85.0,<0> ,1011.0,<0> ,1.7,<0> ,2.7,<0> ,19:04,304.0,<0> ,14.0,<0> ,0.0,<0> ,0.0,<0> 
05/17/2023 19:30,33.8125,tjrtlmet,P,1.0,1.0,15.0,,15.0,<0> ,85.0,<0> ,1011.0,<0> ,1.7,<0> ,2.7,<0> ,19:23,305.0,<0> ,13.0,<0> ,0.0,<0> ,0.0,<0> 
05/17/2023 19:45,33.82291667,tjrtlmet,P,1.0,1.0,15.0,,15.0,<0> ,85.0,<0> ,1011.0,<0> ,1.4,<0> ,2.6,<0> ,19:30,298.0,<0> ,15.0,<0> ,0.0,<0> ,0.0,<0> 
05/17/2023 20:00,33.83333333,tjrtlmet,P,1.0,1.0,15.0,,15.0,<0> ,85.0,<0> ,1011.0,<0> ,1.6,<0> ,3.0,<0> ,19:54,311.0,<0> ,17.0,<0> ,0.0,<0> ,0.0,<0> 
05/17/2023 20:15,33.84375,tjrtlmet,P,1.0,1.0,15.0,,15.1,<0> ,85.0,<0> ,1011.0,<0> ,1.4,<0> ,2.3,<0> ,20:13,312.0,<0> ,19.0,<0> ,0.0,<0> ,0.0,<0> 
05/17/2023 20:30,33.85416667,tjrtlmet,P,1.0,1.0,15.0,,15.0,<0> ,85.0,<0> ,1011.0,<0> ,1.7,<0> ,2.8,<0> ,20:21,308.0,<0> ,16.0,<0> ,0.0,<0> ,0.0,<0> 
05/17/2023 20:45,33.86458333,tjrtlmet,P,1.0,1.0,15.0,,15.0,<0> ,85.0,<0> ,1011.0,<0> ,1.7,<0> ,2.7,<0> ,20:42,307.0,<0> ,16.0,<0> ,0.0,<0> ,0.0,<0> 
05/17/2023 21:00,33.875,tjrtlmet,P,1.0,1.0,15.0,,15.0,<0> ,85.0,<0> ,1011.0,<0> ,1.7,<0> ,2.3,<0> ,20:52,303.0,<0> ,13.0,<0> ,0.0,<0> ,0.0,<0> 
05/17/2023 21:15,33.88541667,tjrtlmet,P,1.0,1.0,15.0,,14.9,<0> ,85.0,<0> ,1011.0,<0> ,1.4,<0> ,2.3,<0> ,21:05,303.0,<0> ,13.0,<0> ,0.0,<0> ,0.0,<0> 
05/17/2023 21:30,33.89583333,tjrtlmet,P,1.0,1.0,15.0,,14.8,<0> ,85.0,<0> ,1011.0,<0> ,1.5,<0> ,2.3,<0> ,21:25,293.0,<0> ,12.0,<0> ,0.0,<0> ,0.0,<0> 
05/17/2023 21:45,33.90625,tjrtlmet,P,1.0,1.0,15.0,,14.8,<0> ,85.0,<0> ,1011.0,<0> ,1.5,<0> ,2.5,<0> ,21:32,290.0,<0> ,12.0,<0> ,0.0,<0> ,0.0,<0> 
05/17/2023 22:00,33.91666667,tjrtlmet,P,1.0,1.0,15.0,,14.6,<0> ,86.0,<0> ,1011.0,<0> ,1.4,<0> ,2.1,<0> ,21:59,286.0,<0> ,11.0,<0> ,0.0,<0> ,0.0,<0> 
05/17/2023 22:15,33.92708333,tjrtlmet,P,1.0,1.0,15.0,,14.5,<0> ,88.0,<0> ,1011.0,<0> ,1.6,<0> ,2.5,<0> ,22:08,286.0,<0> ,10.0,<0> ,0.0,<0> ,0.0,<0> 
05/17/2023 22:30,33.9375,tjrtlmet,P,1.0,1.0,15.0,,14.3,<0> ,89.0,<0> ,1011.0,<0> ,1.5,<0> ,2.5,<0> ,22:16,288.0,<0> ,12.0,<0> ,0.0,<0> ,0.0,<0> 
05/17/2023 22:45,33.94791667,tjrtlmet,P,1.0,1.0,15.0,,14.3,<0> ,89.0,<0> ,1011.0,<0> ,1.4,<0> ,2.3,<0> ,22:33,280.0,<0> ,10.0,<0> ,0.0,<0> ,0.0,<0> 
05/17/2023 23:00,33.95833333,tjrtlmet,P,1.0,1.0,15.0,,14.2,<0> ,89.0,<0> ,1011.0,<0> ,1.1,<0> ,1.8,<0> ,22:50,292.0,<0> ,10.0,<0> ,0.0,<0> ,0.0,<0> 
05/17/2023 23:15,33.96875,tjrtlmet,P,1.0,1.0,15.0,,14.1,<0> ,90.0,<0> ,1011.0,<0> ,1.2,<0> ,1.8,<0> ,23:02,280.0,<0> ,7.0,<0> ,0.0,<0> ,0.0,<0> 
05/17/2023 23:30,33.97916667,tjrtlmet,P,1.0,1.0,15.0,,14.0,<0> ,90.0,<0> ,1011.0,<0> ,1.0,<0> ,1.5,<0> ,23:15,282.0,<0> ,8.0,<0> ,0.0,<0> ,0.0,<0> 
05/17/2023 23:45,33.98958333,tjrtlmet,P,1.0,1.0,15.0,,13.9,<0> ,90.0,<0> ,1010.0,<0> ,1.0,<0> ,1.6,<0> ,23:38,287.0,<0> ,8.0,<0> ,0.0,<0> ,0.0,<0> 
05/18/2023 00:00,34.0,tjrtlmet,P,1.0,1.0,15.0,,13.9,<0> ,90.0,<0> ,1010.0,<0> ,0.8,<0> ,1.8,<0> ,23:46,304.0,<0> ,11.0,<0> ,0.0,<0> ,0.0,<0> 
05/18/2023 00:15,34.01041667,tjrtlmet,P,1.0,1.0,15.0,,13.8,<0> ,90.0,<0> ,1010.0,<0> ,0.6,<0> ,1.4,<0> ,00:00,309.0,<0> ,12.0,<0> ,0.0,<0> ,0.0,<0> 
05/18/2023 00:30,34.02083333,tjrtlmet,P,1.0,1.0,15.0,,13.9,<0> ,91.0,<0> ,1010.0,<0> ,0.7,<0> ,1.2,<0> ,00:19,296.0,<0> ,10.0,<0> ,0.0,<0> ,0.0,<0> 
05/18/2023 00:45,34.03125,tjrtlmet,P,1.0,1.0,15.0,,14.1,<0> ,91.0,<0> ,1010.0,<0> ,1.0,<0> ,1.5,<0> ,00:37,292.0,<0> ,8.0,<0> ,0.0,<0> ,0.0,<0> 
05/18/2023 01:00,34.04166667,tjrtlmet,P,1.0,1.0,15.0,,14.2,<0> ,90.0,<0> ,1010.0,<0> ,1.0,<0> ,1.5,<0> ,00:51,295.0,<0> ,8.0,<0> ,0.0,<0> ,0.0,<0> 
05/18/2023 01:15,34.05208333,tjrtlmet,P,1.0,1.0,15.0,,14.3,<0> ,90.0,<0> ,1010.0,<0> ,0.9,<0> ,1.5,<0> ,01:10,290.0,<0> ,11.0,<0> ,0.0,<0> ,0.0,<0> 
05/18/2023 01:30,34.0625,tjrtlmet,P,1.0,1.0,15.0,,14.3,<0> ,90.0,<0> ,1010.0,<0> ,1.3,<0> ,2.0,<0> ,01:28,284.0,<0> ,9.0,<0> ,0.0,<0> ,0.0,<0> 
05/18/2023 01:45,34.07291667,tjrtlmet,P,1.0,1.0,15.0,,14.3,<0> ,90.0,<0> ,1010.0,<0> ,1.4,<0> ,2.3,<0> ,01:35,293.0,<0> ,11.0,<0> ,0.0,<0> ,0.0,<0> 
05/18/2023 02:00,34.08333333,tjrtlmet,P,1.0,1.0,15.0,,14.4,<0> ,90.0,<0> ,1010.0,<0> ,1.4,<0> ,2.4,<0> ,01:53,291.0,<0> ,9.0,<0> ,0.0,<0> ,0.0,<0> 
05/18/2023 02:15,34.09375,tjrtlmet,P,1.0,1.0,15.0,,14.4,<0> ,90.0,<0> ,1010.0,<0> ,0.9,<0> ,1.6,<0> ,02:07,285.0,<0> ,10.0,<0> ,0.0,<0> ,0.0,<0> 
05/18/2023 02:30,34.10416667,tjrtlmet,P,1.0,1.0,15.0,,14.4,<0> ,90.0,<0> ,1010.0,<0> ,1.0,<0> ,1.5,<0> ,02:19,272.0,<0> ,7.0,<0> ,0.0,<0> ,0.0,<0> 
05/18/2023 02:45,34.11458333,tjrtlmet,P,1.0,1.0,15.0,,14.4,<0> ,90.0,<0> ,1010.0,<0> ,0.9,<0> ,1.7,<0> ,02:33,277.0,<0> ,12.0,<0> ,0.0,<0> ,0.0,<0> 
05/18/2023 03:00,34.125,tjrtlmet,P,1.0,1.0,15.0,,14.4,<0> ,90.0,<0> ,1010.0,<0> ,1.0,<0> ,1.6,<0> ,02:45,278.0,<0> ,10.0,<0> ,0.0,<0> ,0.0,<0> 
05/18/2023 03:15,34.13541667,tjrtlmet,P,1.0,1.0,15.0,,14.4,<0> ,89.0,<0> ,1010.0,<0> ,0.3,<0> ,2.0,<0> ,03:01,259.0,<0> ,9.0,<0> ,0.0,<0> ,0.0,<0> 
05/18/2023 03:30,34.14583333,tjrtlmet,P,1.0,1.0,15.0,,14.4,<0> ,89.0,<0> ,1010.0,<0> ,0.2,<0> ,0.7,<0> ,03:23,240.0,<0> ,24.0,<0> ,0.0,<0> ,0.0,<0> 
05/18/2023 03:45,34.15625,tjrtlmet,P,1.0,1.0,15.0,,14.4,<0> ,89.0,<0> ,1010.0,<0> ,0.2,<0> ,0.6,<0> ,03:44,222.0,<0> ,55.0,<0> ,0.0,<0> ,0.0,<0> 
05/18/2023 04:00,34.16666667,tjrtlmet,P,1.0,1.0,15.0,,14.4,<0> ,90.0,<0> ,1010.0,<0> ,0.4,<0> ,0.7,<0> ,03:48,196.0,<0> ,14.0,<0> ,0.0,<0> ,0.0,<0> 
05/18/2023 04:15,34.17708333,tjrtlmet,P,1.0,1.0,15.0,,14.4,<0> ,90.0,<0> ,1010.0,<0> ,0.6,<0> ,1.1,<0> ,04:06,233.0,<0> ,22.0,<0> ,0.0,<0> ,0.0,<0> 
05/18/2023 04:30,34.1875,tjrtlmet,P,1.0,1.0,15.0,,14.3,<0> ,90.0,<0> ,1010.0,<0> ,0.3,<0> ,0.9,<0> ,04:16,173.0,<0> ,44.0,<0> ,0.0,<0> ,0.0,<0> 
05/18/2023 04:45,34.19791667,tjrtlmet,P,1.0,1.0,15.0,,14.3,<0> ,90.0,<0> ,1010.0,<0> ,0.7,<0> ,1.6,<0> ,04:39,154.0,<0> ,25.0,<0> ,0.0,<0> ,0.0,<0> 
05/18/2023 05:00,34.20833333,tjrtlmet,P,1.0,1.0,15.0,,14.3,<0> ,90.0,<0> ,1010.0,<0> ,0.9,<0> ,1.8,<0> ,04:56,146.0,<0> ,10.0,<0> ,2.2,<0> ,0.0,<0> 
05/18/2023 05:15,34.21875,tjrtlmet,P,1.0,1.0,15.0,,14.3,<0> ,90.0,<0> ,1011.0,<0> ,1.1,<0> ,2.0,<0> ,05:12,169.0,<0> ,17.0,<0> ,6.5,<0> ,0.0,<0> 
05/18/2023 05:30,34.22916667,tjrtlmet,P,1.0,1.0,15.0,,14.3,<0> ,91.0,<0> ,1011.0,<0> ,1.3,<0> ,2.5,<0> ,05:24,179.0,<0> ,28.0,<0> ,12.8,<0> ,0.0,<0> 
05/18/2023 05:45,34.23958333,tjrtlmet,P,1.0,1.0,15.0,,14.3,<0> ,91.0,<0> ,1011.0,<0> ,1.2,<0> ,1.9,<0> ,05:33,191.0,<0> ,13.0,<0> ,22.3,<0> ,0.0,<0> 
05/18/2023 06:00,34.25,tjrtlmet,P,1.0,1.0,15.0,,14.3,<0> ,91.0,<0> ,1011.0,<0> ,0.6,<0> ,1.0,<0> ,05:57,199.0,<0> ,12.0,<0> ,29.6,<0> ,0.0,<0> 
05/18/2023 06:15,34.26041667,tjrtlmet,P,1.0,1.0,15.0,,14.4,<0> ,91.0,<0> ,1011.0,<0> ,1.0,<0> ,2.5,<0> ,06:11,177.0,<0> ,23.0,<0> ,42.5,<0> ,0.0,<0> 
05/18/2023 06:30,34.27083333,tjrtlmet,P,1.0,1.0,15.0,,14.5,<0> ,91.0,<0> ,1012.0,<0> ,1.0,<0> ,1.6,<0> ,06:28,169.0,<0> ,17.0,<0> ,57.5,<0> ,0.0,<0> 
05/18/2023 06:45,34.28125,tjrtlmet,P,1.0,1.0,15.0,,14.7,<0> ,90.0,<0> ,1012.0,<0> ,1.7,<0> ,3.1,<0> ,06:37,178.0,<0> ,14.0,<0> ,74.4,<0> ,0.0,<0> 
05/18/2023 07:00,34.29166667,tjrtlmet,P,1.0,1.0,15.0,,14.9,<0> ,89.0,<0> ,1012.0,<0> ,2.4,<0> ,3.6,<0> ,06:59,176.0,<0> ,14.0,<0> ,112.0,<0> ,0.0,<0> 
05/18/2023 07:15,34.30208333,tjrtlmet,P,1.0,1.0,15.0,,15.0,<0> ,88.0,<0> ,1012.0,<0> ,2.4,<0> ,4.0,<0> ,07:11,179.0,<0> ,16.0,<0> ,128.3,<0> ,0.0,<0> 
05/18/2023 07:30,34.3125,tjrtlmet,P,1.0,1.0,15.0,,15.0,<0> ,87.0,<0> ,1013.0,<0> ,2.9,<0> ,4.5,<0> ,07:16,188.0,<0> ,13.0,<0> ,162.2,<0> ,0.0,<0> 
05/18/2023 07:45,34.32291667,tjrtlmet,P,1.0,1.0,15.0,,15.1,<0> ,87.0,<0> ,1013.0,<0> ,2.5,<0> ,4.3,<0> ,07:38,198.0,<0> ,13.0,<0> ,173.5,<0> ,0.0,<0> 
05/18/2023 08:00,34.33333333,tjrtlmet,P,1.0,1.0,15.0,,15.0,<0> ,87.0,<0> ,1013.0,<0> ,2.7,<0> ,3.9,<0> ,07:47,197.0,<0> ,13.0,<0> ,201.0,<0> ,0.0,<0> 
05/18/2023 08:15,34.34375,tjrtlmet,P,1.0,1.0,15.0,,15.1,<0> ,86.0,<0> ,1013.0,<0> ,2.5,<0> ,3.9,<0> ,08:08,180.0,<0> ,16.0,<0> ,231.5,<0> ,0.0,<0> 
05/18/2023 08:30,34.35416667,tjrtlmet,P,1.0,1.0,15.0,,15.2,<0> ,85.0,<0> ,1013.0,<0> ,2.9,<0> ,4.4,<0> ,08:26,184.0,<0> ,15.0,<0> ,297.2,<0> ,0.0,<0> 
05/18/2023 08:45,34.36458333,tjrtlmet,P,1.0,1.0,15.0,,15.3,<0> ,85.0,<0> ,1013.0,<0> ,2.6,<0> ,4.3,<0> ,08:31,193.0,<0> ,13.0,<0> ,318.8,<0> ,0.0,<0> 
05/18/2023 09:00,34.375,tjrtlmet,P,1.0,1.0,15.0,,15.4,<0> ,85.0,<0> ,1013.0,<0> ,2.6,<0> ,4.5,<0> ,08:59,194.0,<0> ,13.0,<0> ,354.8,<0> ,0.0,<0> 
05/18/2023 09:15,34.38541667,tjrtlmet,P,1.0,1.0,15.0,,15.5,<0> ,85.0,<0> ,1013.0,<0> ,3.1,<0> ,4.6,<0> ,09:05,182.0,<0> ,14.0,<0> ,421.8,<0> ,0.0,<0> 
05/18/2023 09:30,34.39583333,tjrtlmet,P,1.0,1.0,15.0,,15.4,<0> ,85.0,<0> ,1014.0,<0> ,2.9,<0> ,4.3,<0> ,09:15,182.0,<0> ,14.0,<0> ,401.7,<0> ,0.0,<0> 
05/18/2023 09:45,34.40625,tjrtlmet,P,1.0,1.0,15.0,,15.8,<0> ,83.0,<0> ,1014.0,<0> ,2.7,<0> ,4.5,<0> ,09:33,189.0,<0> ,16.0,<0> ,507.0,<0> ,0.0,<0> 
05/18/2023 10:00,34.41666667,tjrtlmet,P,1.0,1.0,15.0,,16.0,<0> ,82.0,<0> ,1014.0,<0> ,2.5,<0> ,4.0,<0> ,09:48,198.0,<0> ,15.0,<0> ,506.7,<0> ,0.0,<0> 
05/18/2023 10:15,34.42708333,tjrtlmet,P,1.0,1.0,15.0,,16.2,<0> ,81.0,<0> ,1014.0,<0> ,2.5,<0> ,3.7,<0> ,10:05,198.0,<0> ,15.0,<0> ,526.2,<0> ,0.0,<0> 
05/18/2023 10:30,34.4375,tjrtlmet,P,1.0,1.0,15.0,,16.4,<0> ,80.0,<0> ,1014.0,<0> ,2.6,<0> ,4.6,<0> ,10:29,208.0,<0> ,15.0,<0> ,610.5,<0> ,0.0,<0> 
05/18/2023 10:45,34.44791667,tjrtlmet,P,1.0,1.0,15.0,,16.5,<0> ,80.0,<0> ,1014.0,<0> ,2.9,<0> ,4.4,<0> ,10:33,217.0,<0> ,14.0,<0> ,734.3,<0> ,0.0,<0> 
05/18/2023 11:00,34.45833333,tjrtlmet,P,1.0,1.0,15.0,,17.0,<0> ,78.0,<0> ,1014.0,<0> ,3.0,<0> ,4.5,<0> ,10:54,226.0,<0> ,13.0,<0> ,947.9,<0> ,0.0,<0> 
05/18/2023 11:15,34.46875,tjrtlmet,P,1.0,1.0,15.0,,17.0,<0> ,77.0,<0> ,1014.0,<0> ,3.1,<0> ,4.3,<0> ,11:10,227.0,<0> ,14.0,<0> ,961.3,<0> ,0.0,<0> 
05/18/2023 11:30,34.47916667,tjrtlmet,P,1.0,1.0,15.0,,17.0,<0> ,77.0,<0> ,1014.0,<0> ,3.0,<0> ,4.0,<0> ,11:17,232.0,<0> ,13.0,<0> ,958.6,<0> ,0.0,<0> 
05/18/2023 11:45,34.48958333,tjrtlmet,P,1.0,1.0,15.0,,17.4,<0> ,76.0,<0> ,1014.0,<0> ,2.7,<0> ,4.3,<0> ,11:39,239.0,<0> ,16.0,<0> ,1061.0,<0> ,0.0,<0> 
05/18/2023 12:00,34.5,tjrtlmet,P,1.0,1.0,15.0,,17.6,<0> ,75.0,<0> ,1014.0,<0> ,2.6,<0> ,3.9,<0> ,11:53,229.0,<0> ,16.0,<0> ,1114.9,<0> ,0.0,<0> 
05/18/2023 12:15,34.51041667,tjrtlmet,P,1.0,1.0,15.0,,17.6,<0> ,74.0,<0> ,1014.0,<0> ,2.7,<0> ,3.7,<0> ,12:08,227.0,<0> ,15.0,<0> ,1261.6,<0> ,0.0,<0> 
05/18/2023 12:30,34.52083333,tjrtlmet,P,1.0,1.0,15.0,,17.9,<0> ,74.0,<0> ,1014.0,<0> ,2.7,<0> ,4.1,<0> ,12:27,235.0,<0> ,16.0,<0> ,1290.9,<0> ,0.0,<0> 
05/18/2023 12:45,34.53125,tjrtlmet,P,1.0,1.0,15.0,,18.0,<0> ,73.0,<0> ,1014.0,<0> ,2.9,<0> ,4.2,<0> ,12:43,248.0,<0> ,14.0,<0> ,1589.8,<0> ,0.0,<0> 
05/18/2023 13:00,34.54166667,tjrtlmet,P,1.0,1.0,15.0,,18.3,<0> ,72.0,<0> ,1014.0,<0> ,2.7,<0> ,4.0,<0> ,12:52,248.0,<0> ,17.0,<0> ,1706.5,<0> ,0.0,<0> 
05/18/2023 13:15,34.55208333,tjrtlmet,P,1.0,1.0,15.0,,17.8,<0> ,73.0,<0> ,1013.0,<0> ,2.6,<0> ,3.8,<0> ,13:14,250.0,<0> ,17.0,<0> ,1196.7,<0> ,0.0,<0> 
05/18/2023 13:30,34.5625,tjrtlmet,P,1.0,1.0,15.0,,17.9,<0> ,73.0,<0> ,1013.0,<0> ,2.8,<0> ,3.9,<0> ,13:25,250.0,<0> ,14.0,<0> ,1534.5,<0> ,0.0,<0> 
05/18/2023 13:45,34.57291667,tjrtlmet,P,1.0,1.0,15.0,,18.1,<0> ,73.0,<0> ,1013.0,<0> ,3.2,<0> ,4.4,<0> ,13:40,247.0,<0> ,16.0,<0> ,1254.1,<0> ,0.0,<0> 
05/18/2023 14:00,34.58333333,tjrtlmet,P,1.0,1.0,15.0,,17.4,<0> ,75.0,<0> ,1013.0,<0> ,2.8,<0> ,4.2,<0> ,13:51,240.0,<0> ,16.0,<0> ,971.9,<0> ,0.0,<0> 
05/18/2023 14:15,34.59375,tjrtlmet,P,1.0,1.0,15.0,,17.9,<0> ,73.0,<0> ,1013.0,<0> ,2.8,<0> ,4.2,<0> ,14:09,232.0,<0> ,16.0,<0> ,1286.0,<0> ,0.0,<0> 
05/18/2023 14:30,34.60416667,tjrtlmet,P,1.0,1.0,15.0,,18.0,<0> ,73.0,<0> ,1013.0,<0> ,3.0,<0> ,4.2,<0> ,14:20,255.0,<0> ,14.0,<0> ,1325.6,<0> ,0.0,<0> 
05/18/2023 14:45,34.61458333,tjrtlmet,P,1.0,1.0,15.0,,17.9,<0> ,74.0,<0> ,1013.0,<0> ,2.9,<0> ,4.0,<0> ,14:34,251.0,<0> ,14.0,<0> ,1277.8,<0> ,0.0,<0> 
05/18/2023 15:00,34.625,tjrtlmet,P,1.0,1.0,15.0,,18.2,<0> ,73.0,<0> ,1013.0,<0> ,3.0,<0> ,4.2,<0> ,14:49,251.0,<0> ,16.0,<0> ,1229.7,<0> ,0.0,<0> 
05/18/2023 15:15,34.63541667,tjrtlmet,P,1.0,1.0,15.0,,18.1,<0> ,73.0,<0> ,1012.0,<0> ,3.1,<0> ,4.4,<0> ,15:03,239.0,<0> ,18.0,<0> ,1201.3,<0> ,0.0,<0> 
05/18/2023 15:30,34.64583333,tjrtlmet,P,1.0,1.0,15.0,,18.2,<0> ,73.0,<0> ,1012.0,<0> ,3.1,<0> ,4.4,<0> ,15:29,243.0,<0> ,16.0,<0> ,1127.6,<0> ,0.0,<0> 
05/18/2023 15:45,34.65625,tjrtlmet,P,1.0,1.0,15.0,,17.9,<0> ,74.0,<0> ,1012.0,<0> ,3.5,<0> ,4.6,<0> ,15:36,258.0,<0> ,11.0,<0> ,1029.2,<0> ,0.0,<0> 
05/18/2023 16:00,34.66666667,tjrtlmet,P,1.0,1.0,15.0,,17.8,<0> ,74.0,<0> ,1012.0,<0> ,3.5,<0> ,4.7,<0> ,15:47,254.0,<0> ,10.0,<0> ,953.5,<0> ,0.0,<0> 
05/18/2023 16:15,34.67708333,tjrtlmet,P,1.0,1.0,15.0,,17.9,<0> ,73.0,<0> ,1012.0,<0> ,2.9,<0> ,4.3,<0> ,16:02,235.0,<0> ,15.0,<0> ,836.9,<0> ,0.0,<0> 
05/18/2023 16:30,34.6875,tjrtlmet,P,1.0,1.0,15.0,,17.5,<0> ,73.0,<0> ,1012.0,<0> ,3.0,<0> ,4.1,<0> ,16:15,228.0,<0> ,15.0,<0> ,734.9,<0> ,0.0,<0> 
05/18/2023 16:45,34.69791667,tjrtlmet,P,1.0,1.0,15.0,,17.2,<0> ,74.0,<0> ,1012.0,<0> ,2.8,<0> ,4.0,<0> ,16:44,229.0,<0> ,14.0,<0> ,620.7,<0> ,0.0,<0> 
05/18/2023 17:00,34.70833333,tjrtlmet,P,1.0,1.0,15.0,,17.1,<0> ,75.0,<0> ,1012.0,<0> ,2.7,<0> ,4.2,<0> ,16:57,226.0,<0> ,16.0,<0> ,481.4,<0> ,0.0,<0> 
05/18/2023 17:15,34.71875,tjrtlmet,P,1.0,1.0,15.0,,17.0,<0> ,76.0,<0> ,1012.0,<0> ,3.0,<0> ,4.1,<0> ,17:03,220.0,<0> ,14.0,<0> ,440.4,<0> ,0.0,<0> 
05/18/2023 17:30,34.72916667,tjrtlmet,P,1.0,1.0,15.0,,16.8,<0> ,76.0,<0> ,1012.0,<0> ,2.6,<0> ,3.8,<0> ,17:27,236.0,<0> ,13.0,<0> ,345.2,<0> ,0.0,<0> 
05/18/2023 17:45,34.73958333,tjrtlmet,P,1.0,1.0,15.0,,16.5,<0> ,77.0,<0> ,1012.0,<0> ,2.4,<0> ,3.8,<0> ,17:31,229.0,<0> ,12.0,<0> ,254.2,<0> ,0.0,<0> 
05/18/2023 18:00,34.75,tjrtlmet,P,1.0,1.0,15.0,,16.2,<0> ,79.0,<0> ,1012.0,<0> ,2.4,<0> ,3.5,<0> ,17:57,254.0,<0> ,13.0,<0> ,173.4,<0> ,0.0,<0> 
05/18/2023 18:15,34.76041667,tjrtlmet,P,1.0,1.0,15.0,,15.8,<0> ,80.0,<0> ,1013.0,<0> ,2.1,<0> ,3.0,<0> ,18:09,256.0,<0> ,10.0,<0> ,101.6,<0> ,0.0,<0> 
05/18/2023 18:30,34.77083333,tjrtlmet,P,1.0,1.0,15.0,,15.4,<0> ,82.0,<0> ,1013.0,<0> ,1.8,<0> ,3.0,<0> ,18:18,257.0,<0> ,11.0,<0> ,46.3,<0> ,0.0,<0> 
05/18/2023 18:45,34.78125,tjrtlmet,P,1.0,1.0,15.0,,15.1,<0> ,83.0,<0> ,1013.0,<0> ,1.8,<0> ,2.6,<0> ,18:34,259.0,<0> ,11.0,<0> ,14.3,<0> ,0.0,<0> 
05/18/2023 19:00,34.79166667,tjrtlmet,P,1.0,1.0,15.0,,15.0,<0> ,84.0,<0> ,1013.0,<0> ,1.3,<0> ,2.3,<0> ,18:59,261.0,<0> ,12.0,<0> ,1.8,<0> ,0.0,<0> 
05/18/2023 19:15,34.80208333,tjrtlmet,P,1.0,1.0,15.0,,15.3,<0> ,84.0,<0> ,1013.0,<0> ,1.3,<0> ,2.1,<0> ,19:03,245.0,<0> ,16.0,<0> ,0.0,<0> ,0.0,<0> 
05/18/2023 19:30,34.8125,tjrtlmet,P,1.0,1.0,15.0,,15.4,<0> ,84.0,<0> ,1013.0,<0> ,1.3,<0> ,2.1,<0> ,19:24,243.0,<0> ,23.0,<0> ,0.0,<0> ,0.0,<0> 
05/18/2023 19:45,34.82291667,tjrtlmet,P,1.0,1.0,15.0,,15.4,<0> ,83.0,<0> ,1013.0,<0> ,1.0,<0> ,1.9,<0> ,19:43,231.0,<0> ,19.0,<0> ,0.0,<0> ,0.0,<0> 
05/18/2023 20:00,34.83333333,tjrtlmet,P,1.0,1.0,15.0,,15.4,<0> ,83.0,<0> ,1014.0,<0> ,1.3,<0> ,3.2,<0> ,19:56,220.0,<0> ,18.0,<0> ,0.0,<0> ,0.0,<0> 
05/18/2023 20:15,34.84375,tjrtlmet,P,1.0,1.0,15.0,,15.5,<0> ,83.0,<0> ,1014.0,<0> ,1.4,<0> ,2.4,<0> ,20:09,218.0,<0> ,17.0,<0> ,0.0,<0> ,0.0,<0> 
05/18/2023 20:30,34.85416667,tjrtlmet,P,1.0,1.0,15.0,,15.5,<0> ,83.0,<0> ,1014.0,<0> ,1.7,<0> ,2.5,<0> ,20:16,225.0,<0> ,12.0,<0> ,0.0,<0> ,0.0,<0> 
05/18/2023 20:45,34.86458333,tjrtlmet,P,1.0,1.0,15.0,,15.6,<0> ,83.0,<0> ,1014.0,<0> ,1.7,<0> ,2.7,<0> ,20:43,211.0,<0> ,12.0,<0> ,0.0,<0> ,0.0,<0> 
05/18/2023 21:00,34.875,tjrtlmet,P,1.0,1.0,15.0,,15.6,<0> ,84.0,<0> ,1014.0,<0> ,1.7,<0> ,2.9,<0> ,20:51,209.0,<0> ,13.0,<0> ,0.0,<0> ,0.0,<0> 
05/18/2023 21:15,34.88541667,tjrtlmet,P,1.0,1.0,15.0,,15.6,<0> ,84.0,<0> ,1014.0,<0> ,1.7,<0> ,2.8,<0> ,21:09,197.0,<0> ,12.0,<0> ,0.0,<0> ,0.0,<0> 
05/18/2023 21:30,34.89583333,tjrtlmet,P,1.0,1.0,15.0,,15.5,<0> ,84.0,<0> ,1014.0,<0> ,1.2,<0> ,2.1,<0> ,21:15,212.0,<0> ,15.0,<0> ,0.0,<0> ,0.0,<0> 
05/18/2023 21:45,34.90625,tjrtlmet,P,1.0,1.0,15.0,,15.5,<0> ,84.0,<0> ,1014.0,<0> ,1.4,<0> ,2.1,<0> ,21:32,219.0,<0> ,13.0,<0> ,0.0,<0> ,0.0,<0> 
05/18/2023 22:00,34.91666667,tjrtlmet,P,1.0,1.0,15.0,,15.5,<0> ,84.0,<0> ,1014.0,<0> ,1.4,<0> ,2.2,<0> ,21:49,198.0,<0> ,15.0,<0> ,0.0,<0> ,0.0,<0> 
05/18/2023 22:15,34.92708333,tjrtlmet,P,1.0,1.0,15.0,,15.4,<0> ,84.0,<0> ,1014.0,<0> ,1.3,<0> ,2.1,<0> ,22:04,210.0,<0> ,21.0,<0> ,0.0,<0> ,0.0,<0> 
05/18/2023 22:30,34.9375,tjrtlmet,P,1.0,1.0,15.0,,15.4,<0> ,85.0,<0> ,1014.0,<0> ,1.4,<0> ,2.2,<0> ,22:26,213.0,<0> ,11.0,<0> ,0.0,<0> ,0.0,<0> 
05/18/2023 22:45,34.94791667,tjrtlmet,P,1.0,1.0,15.0,,15.3,<0> ,85.0,<0> ,1014.0,<0> ,1.1,<0> ,2.5,<0> ,22:39,217.0,<0> ,19.0,<0> ,0.0,<0> ,0.0,<0> 
05/18/2023 23:00,34.95833333,tjrtlmet,P,1.0,1.0,15.0,,15.3,<0> ,85.0,<0> ,1014.0,<0> ,1.6,<0> ,2.8,<0> ,22:54,216.0,<0> ,13.0,<0> ,0.0,<0> ,0.0,<0> 
05/18/2023 23:15,34.96875,tjrtlmet,P,1.0,1.0,15.0,,15.3,<0> ,85.0,<0> ,1014.0,<0> ,0.9,<0> ,2.1,<0> ,23:14,193.0,<0> ,14.0,<0> ,0.0,<0> ,0.0,<0> 
05/18/2023 23:30,34.97916667,tjrtlmet,P,1.0,1.0,15.0,,15.2,<0> ,85.0,<0> ,1014.0,<0> ,0.7,<0> ,2.7,<0> ,23:16,150.0,<0> ,18.0,<0> ,0.0,<0> ,0.0,<0> 
05/18/2023 23:45,34.98958333,tjrtlmet,P,1.0,1.0,15.0,,15.3,<0> ,86.0,<0> ,1014.0,<0> ,0.8,<0> ,1.5,<0> ,23:41,188.0,<0> ,23.0,<0> ,0.0,<0> ,0.0,<0> 
05/19/2023 00:00,35.0,tjrtlmet,P,1.0,1.0,15.0,,15.3,<0> ,86.0,<0> ,1014.0,<0> ,0.6,<0> ,1.0,<0> ,23:51,192.0,<0> ,14.0,<0> ,0.0,<0> ,0.0,<0> 
05/19/2023 00:15,35.01041667,tjrtlmet,P,1.0,1.0,15.0,,15.2,<0> ,87.0,<0> ,1014.0,<0> ,0.7,<0> ,1.6,<0> ,00:06,219.0,<0> ,16.0,<0> ,0.0,<0> ,0.0,<0> 
05/19/2023 00:30,35.02083333,tjrtlmet,P,1.0,1.0,15.0,,15.2,<0> ,87.0,<0> ,1014.0,<0> ,1.4,<0> ,2.7,<0> ,00:27,194.0,<0> ,14.0,<0> ,0.0,<0> ,0.0,<0> 
05/19/2023 00:45,35.03125,tjrtlmet,P,1.0,1.0,15.0,,15.1,<0> ,87.0,<0> ,1014.0,<0> ,1.6,<0> ,2.8,<0> ,00:30,193.0,<0> ,14.0,<0> ,0.0,<0> ,0.0,<0> 
05/19/2023 01:00,35.04166667,tjrtlmet,P,1.0,1.0,15.0,,15.1,<0> ,86.0,<0> ,1014.0,<0> ,1.1,<0> ,2.2,<0> ,00:57,166.0,<0> ,23.0,<0> ,0.0,<0> ,0.0,<0> 
05/19/2023 01:15,35.05208333,tjrtlmet,P,1.0,1.0,15.0,,15.0,<0> ,86.0,<0> ,1014.0,<0> ,1.1,<0> ,1.9,<0> ,01:00,161.0,<0> ,13.0,<0> ,0.0,<0> ,0.0,<0> 
05/19/2023 01:30,35.0625,tjrtlmet,P,1.0,1.0,15.0,,15.0,<0> ,87.0,<0> ,1014.0,<0> ,1.3,<0> ,2.0,<0> ,01:22,194.0,<0> ,13.0,<0> ,0.0,<0> ,0.0,<0> 
05/19/2023 01:45,35.07291667,tjrtlmet,P,1.0,1.0,15.0,,14.9,<0> ,87.0,<0> ,1014.0,<0> ,1.1,<0> ,1.9,<0> ,01:35,179.0,<0> ,15.0,<0> ,0.0,<0> ,0.0,<0> 
05/19/2023 02:00,35.08333333,tjrtlmet,P,1.0,1.0,15.0,,14.9,<0> ,87.0,<0> ,1014.0,<0> ,1.2,<0> ,2.3,<0> ,01:57,157.0,<0> ,13.0,<0> ,0.0,<0> ,0.0,<0> 
05/19/2023 02:15,35.09375,tjrtlmet,P,1.0,1.0,15.0,,14.9,<0> ,87.0,<0> ,1014.0,<0> ,1.0,<0> ,2.0,<0> ,02:14,189.0,<0> ,19.0,<0> ,0.0,<0> ,0.0,<0> 
05/19/2023 02:30,35.10416667,tjrtlmet,P,1.0,1.0,15.0,,14.7,<0> ,89.0,<0> ,1014.0,<0> ,1.3,<0> ,2.3,<0> ,02:15,207.0,<0> ,13.0,<0> ,0.0,<0> ,0.0,<0> 
05/19/2023 02:45,35.11458333,tjrtlmet,P,1.0,1.0,15.0,,14.6,<0> ,89.0,<0> ,1014.0,<0> ,0.6,<0> ,2.1,<0> ,02:30,210.0,<0> ,21.0,<0> ,0.0,<0> ,0.0,<0> 
05/19/2023 03:00,35.125,tjrtlmet,P,1.0,1.0,15.0,,14.7,<0> ,88.0,<0> ,1014.0,<0> ,0.8,<0> ,1.7,<0> ,02:53,180.0,<0> ,17.0,<0> ,0.0,<0> ,0.0,<0> 
05/19/2023 03:15,35.13541667,tjrtlmet,P,1.0,1.0,15.0,,14.7,<0> ,89.0,<0> ,1014.0,<0> ,0.7,<0> ,1.2,<0> ,03:00,208.0,<0> ,13.0,<0> ,0.0,<0> ,0.0,<0> 
05/19/2023 03:30,35.14583333,tjrtlmet,P,1.0,1.0,15.0,,14.6,<0> ,89.0,<0> ,1014.0,<0> ,1.0,<0> ,2.4,<0> ,03:29,196.0,<0> ,9.0,<0> ,0.0,<0> ,0.0,<0> 
05/19/2023 03:45,35.15625,tjrtlmet,P,1.0,1.0,15.0,,14.6,<0> ,89.0,<0> ,1014.0,<0> ,1.2,<0> ,2.0,<0> ,03:39,190.0,<0> ,13.0,<0> ,0.0,<0> ,0.0,<0> 
05/19/2023 04:00,35.16666667,tjrtlmet,P,1.0,1.0,15.0,,14.6,<0> ,89.0,<0> ,1014.0,<0> ,1.4,<0> ,2.2,<0> ,03:51,197.0,<0> ,11.0,<0> ,0.0,<0> ,0.0,<0> 
05/19/2023 04:15,35.17708333,tjrtlmet,P,1.0,1.0,15.0,,14.6,<0> ,89.0,<0> ,1014.0,<0> ,1.0,<0> ,2.2,<0> ,04:04,211.0,<0> ,15.0,<0> ,0.0,<0> ,0.0,<0> 
05/19/2023 04:30,35.1875,tjrtlmet,P,1.0,1.0,15.0,,14.7,<0> ,89.0,<0> ,1014.0,<0> ,0.7,<0> ,1.4,<0> ,04:17,189.0,<0> ,11.0,<0> ,0.0,<0> ,0.0,<0> 
05/19/2023 04:45,35.19791667,tjrtlmet,P,1.0,1.0,15.0,,14.8,<0> ,89.0,<0> ,1015.0,<0> ,1.1,<0> ,2.0,<0> ,04:42,191.0,<0> ,12.0,<0> ,0.1,<0> ,0.0,<0> 
05/19/2023 05:00,35.20833333,tjrtlmet,P,1.0,1.0,15.0,,14.8,<0> ,88.0,<0> ,1015.0,<0> ,1.2,<0> ,2.3,<0> ,04:47,179.0,<0> ,11.0,<0> ,2.6,<0> ,0.0,<0> 
05/19/2023 05:15,35.21875,tjrtlmet,P,1.0,1.0,15.0,,14.9,<0> ,88.0,<0> ,1015.0,<0> ,1.7,<0> ,2.9,<0> ,05:12,186.0,<0> ,12.0,<0> ,9.2,<0> ,0.0,<0> 
05/19/2023 05:30,35.22916667,tjrtlmet,P,1.0,1.0,15.0,,14.8,<0> ,89.0,<0> ,1015.0,<0> ,1.8,<0> ,2.9,<0> ,05:27,192.0,<0> ,11.0,<0> ,22.6,<0> ,0.0,<0> 
05/19/2023 05:45,35.23958333,tjrtlmet,P,1.0,1.0,15.0,,14.8,<0> ,89.0,<0> ,1016.0,<0> ,1.7,<0> ,2.8,<0> ,05:38,202.0,<0> ,13.0,<0> ,30.4,<0> ,0.0,<0> 
05/19/2023 06:00,35.25,tjrtlmet,P,1.0,1.0,15.0,,14.8,<0> ,89.0,<0> ,1016.0,<0> ,2.0,<0> ,3.4,<0> ,05:53,188.0,<0> ,12.0,<0> ,46.4,<0> ,0.0,<0> 
05/19/2023 06:15,35.26041667,tjrtlmet,P,1.0,1.0,15.0,,14.9,<0> ,89.0,<0> ,1016.0,<0> ,1.9,<0> ,2.8,<0> ,06:07,201.0,<0> ,12.0,<0> ,61.9,<0> ,0.0,<0> 
05/19/2023 06:30,35.27083333,tjrtlmet,P,1.0,1.0,15.0,,15.0,<0> ,88.0,<0> ,1016.0,<0> ,1.9,<0> ,2.9,<0> ,06:25,185.0,<0> ,13.0,<0> ,67.5,<0> ,0.0,<0> 
05/19/2023 06:45,35.28125,tjrtlmet,P,1.0,1.0,15.0,,15.1,<0> ,88.0,<0> ,1016.0,<0> ,1.8,<0> ,2.8,<0> ,06:31,185.0,<0> ,12.0,<0> ,89.8,<0> ,0.0,<0> 
05/19/2023 07:00,35.29166667,tjrtlmet,P,1.0,1.0,15.0,,15.2,<0> ,87.0,<0> ,1016.0,<0> ,1.3,<0> ,2.4,<0> ,06:45,179.0,<0> ,19.0,<0> ,113.7,<0> ,0.0,<0> 
05/19/2023 07:15,35.30208333,tjrtlmet,P,1.0,1.0,15.0,,15.4,<0> ,86.0,<0> ,1016.0,<0> ,1.6,<0> ,2.6,<0> ,07:02,202.0,<0> ,15.0,<0> ,157.6,<0> ,0.0,<0> 
05/19/2023 07:30,35.3125,tjrtlmet,P,1.0,1.0,15.0,,15.6,<0> ,85.0,<0> ,1017.0,<0> ,1.7,<0> ,2.5,<0> ,07:25,206.0,<0> ,13.0,<0> ,194.8,<0> ,0.0,<0> 
05/19/2023 07:45,35.32291667,tjrtlmet,P,1.0,1.0,15.0,,15.7,<0> ,86.0,<0> ,1017.0,<0> ,2.1,<0> ,3.3,<0> ,07:44,199.0,<0> ,14.0,<0> ,209.9,<0> ,0.0,<0> 
05/19/2023 08:00,35.33333333,tjrtlmet,P,1.0,1.0,15.0,,15.7,<0> ,86.0,<0> ,1017.0,<0> ,2.3,<0> ,3.4,<0> ,07:49,194.0,<0> ,12.0,<0> ,245.5,<0> ,0.0,<0> 
05/19/2023 08:15,35.34375,tjrtlmet,P,1.0,1.0,15.0,,15.8,<0> ,85.0,<0> ,1017.0,<0> ,2.0,<0> ,2.9,<0> ,08:00,196.0,<0> ,15.0,<0> ,244.7,<0> ,0.0,<0> 
05/19/2023 08:30,35.35416667,tjrtlmet,P,1.0,1.0,15.0,,15.8,<0> ,85.0,<0> ,1017.0,<0> ,2.3,<0> ,3.4,<0> ,08:21,196.0,<0> ,14.0,<0> ,274.9,<0> ,0.0,<0> 
05/19/2023 08:45,35.36458333,tjrtlmet,P,1.0,1.0,15.0,,15.9,<0> ,85.0,<0> ,1017.0,<0> ,2.3,<0> ,3.4,<0> ,08:38,196.0,<0> ,13.0,<0> ,261.2,<0> ,0.0,<0> 
05/19/2023 09:00,35.375,tjrtlmet,P,1.0,1.0,15.0,,16.1,<0> ,84.0,<0> ,1017.0,<0> ,2.3,<0> ,3.4,<0> ,08:48,205.0,<0> ,13.0,<0> ,334.9,<0> ,0.0,<0> 
05/19/2023 09:15,35.38541667,tjrtlmet,P,1.0,1.0,15.0,,16.1,<0> ,84.0,<0> ,1017.0,<0> ,2.4,<0> ,3.6,<0> ,09:08,220.0,<0> ,12.0,<0> ,370.2,<0> ,0.0,<0> 
05/19/2023 09:30,35.39583333,tjrtlmet,P,1.0,1.0,15.0,,16.4,<0> ,83.0,<0> ,1017.0,<0> ,2.4,<0> ,4.3,<0> ,09:20,218.0,<0> ,16.0,<0> ,458.6,<0> ,0.0,<0> 
05/19/2023 09:45,35.40625,tjrtlmet,P,1.0,1.0,15.0,,16.4,<0> ,83.0,<0> ,1017.0,<0> ,2.4,<0> ,4.0,<0> ,09:31,213.0,<0> ,12.0,<0> ,382.2,<0> ,0.0,<0> 
05/19/2023 10:00,35.41666667,tjrtlmet,P,1.0,1.0,15.0,,16.5,<0> ,83.0,<0> ,1017.0,<0> ,2.4,<0> ,3.7,<0> ,09:56,220.0,<0> ,13.0,<0> ,432.5,<0> ,0.0,<0> 
05/19/2023 10:15,35.42708333,tjrtlmet,P,1.0,1.0,15.0,,16.4,<0> ,83.0,<0> ,1017.0,<0> ,2.5,<0> ,3.9,<0> ,10:12,214.0,<0> ,15.0,<0> ,378.2,<0> ,0.0,<0> 
05/19/2023 10:30,35.4375,tjrtlmet,P,1.0,1.0,15.0,,16.5,<0> ,85.0,<0> ,1017.0,<0> ,2.4,<0> ,3.9,<0> ,10:15,211.0,<0> ,16.0,<0> ,551.6,<0> ,0.0,<0> 
05/19/2023 10:45,35.44791667,tjrtlmet,P,1.0,1.0,15.0,,16.8,<0> ,83.0,<0> ,1017.0,<0> ,2.7,<0> ,4.1,<0> ,10:33,216.0,<0> ,16.0,<0> ,646.3,<0> ,0.0,<0> 
05/19/2023 11:00,35.45833333,tjrtlmet,P,1.0,1.0,15.0,,17.0,<0> ,82.0,<0> ,1017.0,<0> ,2.8,<0> ,4.3,<0> ,10:52,215.0,<0> ,14.0,<0> ,618.3,<0> ,0.0,<0> 
05/19/2023 11:15,35.46875,tjrtlmet,P,1.0,1.0,15.0,,16.8,<0> ,83.0,<0> ,1017.0,<0> ,2.9,<0> ,4.1,<0> ,11:09,214.0,<0> ,15.0,<0> ,557.7,<0> ,0.0,<0> 
05/19/2023 11:30,35.47916667,tjrtlmet,P,1.0,1.0,15.0,,17.0,<0> ,83.0,<0> ,1017.0,<0> ,2.8,<0> ,4.0,<0> ,11:17,226.0,<0> ,15.0,<0> ,791.0,<0> ,0.0,<0> 
05/19/2023 11:45,35.48958333,tjrtlmet,P,1.0,1.0,15.0,,17.5,<0> ,81.0,<0> ,1017.0,<0> ,2.9,<0> ,4.0,<0> ,11:39,226.0,<0> ,15.0,<0> ,1008.6,<0> ,0.0,<0> 
05/19/2023 12:00,35.5,tjrtlmet,P,1.0,1.0,15.0,,17.4,<0> ,81.0,<0> ,1018.0,<0> ,2.8,<0> ,4.1,<0> ,11:53,229.0,<0> ,14.0,<0> ,982.6,<0> ,0.0,<0> 
05/19/2023 12:15,35.51041667,tjrtlmet,P,1.0,1.0,15.0,,17.7,<0> ,80.0,<0> ,1017.0,<0> ,2.9,<0> ,4.3,<0> ,12:02,228.0,<0> ,17.0,<0> ,1107.9,<0> ,0.0,<0> 
05/19/2023 12:30,35.52083333,tjrtlmet,P,1.0,1.0,15.0,,18.1,<0> ,78.0,<0> ,1017.0,<0> ,2.7,<0> ,3.8,<0> ,12:28,225.0,<0> ,17.0,<0> ,1285.4,<0> ,0.0,<0> 
05/19/2023 12:45,35.53125,tjrtlmet,P,1.0,1.0,15.0,,18.2,<0> ,77.0,<0> ,1017.0,<0> ,2.8,<0> ,4.3,<0> ,12:30,230.0,<0> ,16.0,<0> ,1408.2,<0> ,0.0,<0> 
05/19/2023 13:00,35.54166667,tjrtlmet,P,1.0,1.0,15.0,,18.3,<0> ,77.0,<0> ,1017.0,<0> ,3.1,<0> ,4.5,<0> ,12:56,230.0,<0> ,15.0,<0> ,1429.5,<0> ,0.0,<0> 
05/19/2023 13:15,35.55208333,tjrtlmet,P,1.0,1.0,15.0,,18.3,<0> ,78.0,<0> ,1017.0,<0> ,3.2,<0> ,4.5,<0> ,13:11,249.0,<0> ,13.0,<0> ,1361.7,<0> ,0.0,<0> 
05/19/2023 13:30,35.5625,tjrtlmet,P,1.0,1.0,15.0,,17.9,<0> ,78.0,<0> ,1017.0,<0> ,3.1,<0> ,4.4,<0> ,13:18,242.0,<0> ,11.0,<0> ,931.4,<0> ,0.0,<0> 
05/19/2023 13:45,35.57291667,tjrtlmet,P,1.0,1.0,15.0,,17.9,<0> ,79.0,<0> ,1017.0,<0> ,2.7,<0> ,3.9,<0> ,13:32,239.0,<0> ,14.0,<0> ,852.2,<0> ,0.0,<0> 
05/19/2023 14:00,35.58333333,tjrtlmet,P,1.0,1.0,15.0,,17.4,<0> ,79.0,<0> ,1017.0,<0> ,3.0,<0> ,4.3,<0> ,13:46,240.0,<0> ,13.0,<0> ,698.9,<0> ,0.0,<0> 
05/19/2023 14:15,35.59375,tjrtlmet,P,1.0,1.0,15.0,,17.4,<0> ,80.0,<0> ,1017.0,<0> ,2.6,<0> ,3.8,<0> ,14:06,243.0,<0> ,14.0,<0> ,622.2,<0> ,0.0,<0> 
05/19/2023 14:30,35.60416667,tjrtlmet,P,1.0,1.0,15.0,,17.2,<0> ,80.0,<0> ,1017.0,<0> ,2.8,<0> ,3.9,<0> ,14:17,251.0,<0> ,14.0,<0> ,565.4,<0> ,0.0,<0> 
05/19/2023 14:45,35.61458333,tjrtlmet,P,1.0,1.0,15.0,,17.0,<0> ,81.0,<0> ,1017.0,<0> ,2.9,<0> ,4.1,<0> ,14:40,254.0,<0> ,12.0,<0> ,538.1,<0> ,0.0,<0> 
05/19/2023 15:00,35.625,tjrtlmet,P,1.0,1.0,15.0,,17.0,<0> ,81.0,<0> ,1017.0,<0> ,2.7,<0> ,3.9,<0> ,14:58,249.0,<0> ,15.0,<0> ,477.1,<0> ,0.0,<0> 
05/19/2023 15:15,35.63541667,tjrtlmet,P,1.0,1.0,15.0,,17.0,<0> ,81.0,<0> ,1017.0,<0> ,2.4,<0> ,3.9,<0> ,15:13,251.0,<0> ,16.0,<0> ,487.6,<0> ,0.0,<0> 
05/19/2023 15:30,35.64583333,tjrtlmet,P,1.0,1.0,15.0,,17.1,<0> ,80.0,<0> ,1017.0,<0> ,2.7,<0> ,3.8,<0> ,15:24,251.0,<0> ,14.0,<0> ,486.8,<0> ,0.0,<0> 
05/19/2023 15:45,35.65625,tjrtlmet,P,1.0,1.0,15.0,,16.9,<0> ,81.0,<0> ,1017.0,<0> ,2.6,<0> ,3.8,<0> ,15:32,253.0,<0> ,10.0,<0> ,415.3,<0> ,0.0,<0> 
05/19/2023 16:00,35.66666667,tjrtlmet,P,1.0,1.0,15.0,,16.8,<0> ,81.0,<0> ,1017.0,<0> ,2.5,<0> ,3.8,<0> ,15:52,252.0,<0> ,13.0,<0> ,347.3,<0> ,0.0,<0> 
05/19/2023 16:15,35.67708333,tjrtlmet,P,1.0,1.0,15.0,,16.7,<0> ,81.0,<0> ,1017.0,<0> ,2.2,<0> ,3.3,<0> ,16:05,244.0,<0> ,15.0,<0> ,280.3,<0> ,0.0,<0> 
05/19/2023 16:30,35.6875,tjrtlmet,P,1.0,1.0,15.0,,16.5,<0> ,81.0,<0> ,1016.0,<0> ,2.2,<0> ,3.1,<0> ,16:21,257.0,<0> ,13.0,<0> ,249.2,<0> ,0.0,<0> 
05/19/2023 16:45,35.69791667,tjrtlmet,P,1.0,1.0,15.0,,16.5,<0> ,81.0,<0> ,1016.0,<0> ,2.1,<0> ,3.1,<0> ,16:35,257.0,<0> ,10.0,<0> ,222.9,<0> ,0.0,<0> 
05/19/2023 17:00,35.70833333,tjrtlmet,P,1.0,1.0,15.0,,16.5,<0> ,81.0,<0> ,1016.0,<0> ,2.1,<0> ,3.1,<0> ,16:57,258.0,<0> ,12.0,<0> ,190.5,<0> ,0.0,<0> 
05/19/2023 17:15,35.71875,tjrtlmet,P,1.0,1.0,15.0,,16.4,<0> ,82.0,<0> ,1016.0,<0> ,1.9,<0> ,2.9,<0> ,17:05,252.0,<0> ,13.0,<0> ,153.4,<0> ,0.0,<0> 
05/19/2023 17:30,35.72916667,tjrtlmet,P,1.0,1.0,15.0,,16.4,<0> ,81.0,<0> ,1016.0,<0> ,1.8,<0> ,3.0,<0> ,17:25,243.0,<0> ,12.0,<0> ,115.3,<0> ,0.0,<0> 
05/19/2023 17:45,35.73958333,tjrtlmet,P,1.0,1.0,15.0,,16.2,<0> ,82.0,<0> ,1016.0,<0> ,1.8,<0> ,2.8,<0> ,17:37,232.0,<0> ,13.0,<0> ,83.0,<0> ,0.0,<0> 
05/19/2023 18:00,35.75,tjrtlmet,P,1.0,1.0,15.0,,16.2,<0> ,82.0,<0> ,1016.0,<0> ,1.5,<0> ,2.7,<0> ,17:54,229.0,<0> ,14.0,<0> ,58.6,<0> ,0.0,<0> 
05/19/2023 18:15,35.76041667,tjrtlmet,P,1.0,1.0,15.0,,16.1,<0> ,82.0,<0> ,1016.0,<0> ,1.6,<0> ,2.4,<0> ,18:08,243.0,<0> ,16.0,<0> ,33.5,<0> ,0.0,<0> 
05/19/2023 18:30,35.77083333,tjrtlmet,P,1.0,1.0,15.0,,15.9,<0> ,83.0,<0> ,1016.0,<0> ,1.4,<0> ,2.4,<0> ,18:16,247.0,<0> ,15.0,<0> ,17.4,<0> ,0.0,<0> 
05/19/2023 18:45,35.78125,tjrtlmet,P,1.0,1.0,15.0,,15.9,<0> ,83.0,<0> ,1016.0,<0> ,1.1,<0> ,2.1,<0> ,18:44,247.0,<0> ,16.0,<0> ,6.1,<0> ,0.0,<0> 
05/19/2023 19:00,35.79166667,tjrtlmet,P,1.0,1.0,15.0,,15.9,<0> ,83.0,<0> ,1017.0,<0> ,1.3,<0> ,2.0,<0> ,18:49,259.0,<0> ,11.0,<0> ,0.9,<0> ,0.0,<0> 
05/19/2023 19:15,35.80208333,tjrtlmet,P,1.0,1.0,15.0,,15.9,<0> ,84.0,<0> ,1017.0,<0> ,1.1,<0> ,1.9,<0> ,19:10,243.0,<0> ,14.0,<0> ,0.0,<0> ,0.0,<0> 
05/19/2023 19:30,35.8125,tjrtlmet,P,1.0,1.0,15.0,,15.9,<0> ,84.0,<0> ,1017.0,<0> ,1.2,<0> ,2.0,<0> ,19:28,237.0,<0> ,14.0,<0> ,0.0,<0> ,0.0,<0> 
05/19/2023 19:45,35.82291667,tjrtlmet,P,1.0,1.0,15.0,,15.8,<0> ,85.0,<0> ,1017.0,<0> ,1.4,<0> ,2.1,<0> ,19:44,228.0,<0> ,8.0,<0> ,0.0,<0> ,0.0,<0> 
05/19/2023 20:00,35.83333333,tjrtlmet,P,1.0,1.0,15.0,,15.8,<0> ,85.0,<0> ,1017.0,<0> ,1.5,<0> ,2.5,<0> ,19:56,227.0,<0> ,10.0,<0> ,0.0,<0> ,0.0,<0> 
05/19/2023 20:15,35.84375,tjrtlmet,P,1.0,1.0,15.0,,15.8,<0> ,85.0,<0> ,1017.0,<0> ,1.9,<0> ,2.7,<0> ,20:03,231.0,<0> ,12.0,<0> ,0.0,<0> ,0.0,<0> 
05/19/2023 20:30,35.85416667,tjrtlmet,P,1.0,1.0,15.0,,15.8,<0> ,85.0,<0> ,1017.0,<0> ,1.8,<0> ,2.9,<0> ,20:26,243.0,<0> ,13.0,<0> ,0.0,<0> ,0.0,<0> 
05/19/2023 20:45,35.86458333,tjrtlmet,P,1.0,1.0,15.0,,15.7,<0> ,85.0,<0> ,1017.0,<0> ,1.7,<0> ,2.7,<0> ,20:31,242.0,<0> ,12.0,<0> ,0.0,<0> ,0.0,<0> 
05/19/2023 21:00,35.875,tjrtlmet,P,1.0,1.0,15.0,,15.7,<0> ,85.0,<0> ,1017.0,<0> ,1.7,<0> ,2.3,<0> ,20:45,239.0,<0> ,14.0,<0> ,0.0,<0> ,0.0,<0> 
05/19/2023 21:15,35.88541667,tjrtlmet,P,1.0,1.0,15.0,,15.8,<0> ,85.0,<0> ,1018.0,<0> ,1.6,<0> ,2.5,<0> ,21:02,227.0,<0> ,8.0,<0> ,0.0,<0> ,0.0,<0> 
05/19/2023 21:30,35.89583333,tjrtlmet,P,1.0,1.0,15.0,,15.8,<0> ,85.0,<0> ,1018.0,<0> ,1.5,<0> ,2.3,<0> ,21:28,219.0,<0> ,14.0,<0> ,0.0,<0> ,0.0,<0> 
05/19/2023 21:45,35.90625,tjrtlmet,P,1.0,1.0,15.0,,15.7,<0> ,85.0,<0> ,1018.0,<0> ,1.6,<0> ,2.3,<0> ,21:43,219.0,<0> ,10.0,<0> ,0.0,<0> ,0.0,<0> 
05/19/2023 22:00,35.91666667,tjrtlmet,P,1.0,1.0,15.0,,15.7,<0> ,86.0,<0> ,1018.0,<0> ,1.5,<0> ,2.4,<0> ,21:51,212.0,<0> ,12.0,<0> ,0.0,<0> ,0.0,<0> 
05/19/2023 22:15,35.92708333,tjrtlmet,P,1.0,1.0,15.0,,15.6,<0> ,86.0,<0> ,1018.0,<0> ,1.0,<0> ,1.6,<0> ,22:06,209.0,<0> ,13.0,<0> ,0.0,<0> ,0.0,<0> 
05/19/2023 22:30,35.9375,tjrtlmet,P,1.0,1.0,15.0,,15.5,<0> ,87.0,<0> ,1018.0,<0> ,0.9,<0> ,1.5,<0> ,22:27,234.0,<0> ,24.0,<0> ,0.0,<0> ,0.0,<0> 
05/19/2023 22:45,35.94791667,tjrtlmet,P,1.0,1.0,15.0,,15.4,<0> ,88.0,<0> ,1018.0,<0> ,1.2,<0> ,1.8,<0> ,22:37,230.0,<0> ,9.0,<0> ,0.0,<0> ,0.0,<0> 
05/19/2023 23:00,35.95833333,tjrtlmet,P,1.0,1.0,15.0,,15.3,<0> ,89.0,<0> ,1018.0,<0> ,0.8,<0> ,1.5,<0> ,22:45,235.0,<0> ,13.0,<0> ,0.0,<0> ,0.0,<0> 
05/19/2023 23:15,35.96875,tjrtlmet,P,1.0,1.0,15.0,,15.2,<0> ,89.0,<0> ,1018.0,<0> ,0.3,<0> ,1.1,<0> ,23:00,228.0,<0> ,3.0,<0> ,0.0,<0> ,0.0,<0> 
05/19/2023 23:30,35.97916667,tjrtlmet,P,1.0,1.0,15.0,,15.2,<0> ,89.0,<0> ,1018.0,<0> ,0.6,<0> ,1.0,<0> ,23:24,217.0,<0> ,19.0,<0> ,0.0,<0> ,0.0,<0> 
05/19/2023 23:45,35.98958333,tjrtlmet,P,1.0,1.0,15.0,,15.2,<0> ,89.0,<0> ,1017.0,<0> ,1.3,<0> ,2.0,<0> ,23:42,258.0,<0> ,9.0,<0> ,0.0,<0> ,0.0,<0> 
05/20/2023 00:00,36.0,tjrtlmet,P,1.0,1.0,15.0,,15.2,<0> ,90.0,<0> ,1017.0,<0> ,1.6,<0> ,2.2,<0> ,23:51,261.0,<0> ,9.0,<0> ,0.0,<0> ,0.0,<0> 
05/20/2023 00:15,36.01041667,tjrtlmet,P,1.0,1.0,15.0,,15.3,<0> ,90.0,<0> ,1017.0,<0> ,1.7,<0> ,2.6,<0> ,00:13,267.0,<0> ,11.0,<0> ,0.0,<0> ,0.0,<0> 
05/20/2023 00:30,36.02083333,tjrtlmet,P,1.0,1.0,15.0,,15.3,<0> ,90.0,<0> ,1017.0,<0> ,2.0,<0> ,3.2,<0> ,00:27,272.0,<0> ,12.0,<0> ,0.0,<0> ,0.0,<0> 
05/20/2023 00:45,36.03125,tjrtlmet,P,1.0,1.0,15.0,,15.3,<0> ,90.0,<0> ,1017.0,<0> ,1.9,<0> ,2.8,<0> ,00:30,281.0,<0> ,12.0,<0> ,0.0,<0> ,0.0,<0> 
05/20/2023 01:00,36.04166667,tjrtlmet,P,1.0,1.0,15.0,,15.3,<0> ,90.0,<0> ,1017.0,<0> ,1.6,<0> ,2.9,<0> ,00:46,292.0,<0> ,18.0,<0> ,0.0,<0> ,0.0,<0> 
05/20/2023 01:15,36.05208333,tjrtlmet,P,1.0,1.0,15.0,,15.4,<0> ,90.0,<0> ,1017.0,<0> ,1.5,<0> ,2.2,<0> ,01:10,287.0,<0> ,12.0,<0> ,0.0,<0> ,0.0,<0> 
05/20/2023 01:30,36.0625,tjrtlmet,P,1.0,1.0,15.0,,15.4,<0> ,90.0,<0> ,1017.0,<0> ,1.7,<0> ,2.4,<0> ,01:19,275.0,<0> ,12.0,<0> ,0.0,<0> ,0.0,<0> 
05/20/2023 01:45,36.07291667,tjrtlmet,P,1.0,1.0,15.0,,15.4,<0> ,90.0,<0> ,1017.0,<0> ,1.6,<0> ,2.8,<0> ,01:41,273.0,<0> ,12.0,<0> ,0.0,<0> ,0.0,<0> 
05/20/2023 02:00,36.08333333,tjrtlmet,P,1.0,1.0,15.0,,15.5,<0> ,90.0,<0> ,1017.0,<0> ,2.0,<0> ,3.5,<0> ,01:57,288.0,<0> ,16.0,<0> ,0.0,<0> ,0.0,<0> 
05/20/2023 02:15,36.09375,tjrtlmet,P,1.0,1.0,15.0,,15.5,<0> ,90.0,<0> ,1017.0,<0> ,2.0,<0> ,3.3,<0> ,02:00,300.0,<0> ,14.0,<0> ,0.0,<0> ,0.0,<0> 
05/20/2023 02:30,36.10416667,tjrtlmet,P,1.0,1.0,15.0,,15.6,<0> ,89.0,<0> ,1017.0,<0> ,1.5,<0> ,2.6,<0> ,02:22,311.0,<0> ,16.0,<0> ,0.0,<0> ,0.0,<0> 
05/20/2023 02:45,36.11458333,tjrtlmet,P,1.0,1.0,15.0,,15.6,<0> ,89.0,<0> ,1017.0,<0> ,1.3,<0> ,2.5,<0> ,02:36,317.0,<0> ,20.0,<0> ,0.0,<0> ,0.0,<0> 
05/20/2023 03:00,36.125,tjrtlmet,P,1.0,1.0,15.0,,15.6,<0> ,88.0,<0> ,1017.0,<0> ,1.1,<0> ,2.0,<0> ,02:57,315.0,<0> ,19.0,<0> ,0.0,<0> ,0.0,<0> 
05/20/2023 03:15,36.13541667,tjrtlmet,P,1.0,1.0,15.0,,15.6,<0> ,88.0,<0> ,1017.0,<0> ,1.4,<0> ,2.2,<0> ,03:03,306.0,<0> ,14.0,<0> ,0.0,<0> ,0.0,<0> 
05/20/2023 03:30,36.14583333,tjrtlmet,P,1.0,1.0,15.0,,15.6,<0> ,88.0,<0> ,1017.0,<0> ,1.2,<0> ,2.0,<0> ,03:20,310.0,<0> ,13.0,<0> ,0.0,<0> ,0.0,<0> 
05/20/2023 03:45,36.15625,tjrtlmet,P,1.0,1.0,15.0,,15.6,<0> ,89.0,<0> ,1017.0,<0> ,0.8,<0> ,1.7,<0> ,03:30,304.0,<0> ,13.0,<0> ,0.0,<0> ,0.0,<0> 
05/20/2023 04:00,36.16666667,tjrtlmet,P,1.0,1.0,15.0,,15.6,<0> ,89.0,<0> ,1017.0,<0> ,0.7,<0> ,1.2,<0> ,03:45,302.0,<0> ,18.0,<0> ,0.0,<0> ,0.0,<0> 
05/20/2023 04:15,36.17708333,tjrtlmet,P,1.0,1.0,15.0,,15.5,<0> ,89.0,<0> ,1017.0,<0> ,1.0,<0> ,1.6,<0> ,04:04,284.0,<0> ,11.0,<0> ,0.0,<0> ,0.0,<0> 
05/20/2023 04:30,36.1875,tjrtlmet,P,1.0,1.0,15.0,,15.5,<0> ,89.0,<0> ,1017.0,<0> ,0.6,<0> ,1.2,<0> ,04:29,293.0,<0> ,10.0,<0> ,0.0,<0> ,0.0,<0> 
05/20/2023 04:45,36.19791667,tjrtlmet,P,1.0,1.0,15.0,,15.5,<0> ,90.0,<0> ,1017.0,<0> ,0.2,<0> ,1.1,<0> ,04:30,259.0,<0> ,2.0,<0> ,0.2,<0> ,0.0,<0> 
05/20/2023 05:00,36.20833333,tjrtlmet,P,1.0,1.0,15.0,,15.5,<0> ,89.0,<0> ,1017.0,<0> ,0.2,<0> ,1.0,<0> ,04:58,183.0,<0> ,3.0,<0> ,3.0,<0> ,0.0,<0> 
05/20/2023 05:15,36.21875,tjrtlmet,P,1.0,1.0,15.0,,15.5,<0> ,89.0,<0> ,1017.0,<0> ,0.8,<0> ,1.6,<0> ,05:06,258.0,<0> ,18.0,<0> ,8.0,<0> ,0.0,<0> 
05/20/2023 05:30,36.22916667,tjrtlmet,P,1.0,1.0,15.0,,15.5,<0> ,89.0,<0> ,1017.0,<0> ,0.2,<0> ,1.1,<0> ,05:16,268.0,<0> ,9.0,<0> ,15.9,<0> ,0.0,<0> 
05/20/2023 05:45,36.23958333,tjrtlmet,P,1.0,1.0,15.0,,15.7,<0> ,88.0,<0> ,1017.0,<0> ,0.6,<0> ,1.5,<0> ,05:40,312.0,<0> ,11.0,<0> ,21.6,<0> ,0.0,<0> 
05/20/2023 06:00,36.25,tjrtlmet,P,1.0,1.0,15.0,,15.7,<0> ,88.0,<0> ,1017.0,<0> ,0.5,<0> ,1.3,<0> ,05:52,299.0,<0> ,31.0,<0> ,25.0,<0> ,0.0,<0> 
05/20/2023 06:15,36.26041667,tjrtlmet,P,1.0,1.0,15.0,,15.7,<0> ,88.0,<0> ,1017.0,<0> ,1.3,<0> ,2.1,<0> ,06:02,274.0,<0> ,12.0,<0> ,37.8,<0> ,0.0,<0> 
05/20/2023 06:30,36.27083333,tjrtlmet,P,1.0,1.0,15.0,,15.7,<0> ,88.0,<0> ,1018.0,<0> ,0.6,<0> ,1.8,<0> ,06:24,317.0,<0> ,18.0,<0> ,33.7,<0> ,0.0,<0> 
05/20/2023 06:45,36.28125,tjrtlmet,P,1.0,1.0,15.0,,15.8,<0> ,88.0,<0> ,1018.0,<0> ,0.6,<0> ,2.1,<0> ,06:44,342.0,<0> ,35.0,<0> ,62.0,<0> ,0.0,<0> 
05/20/2023 07:00,36.29166667,tjrtlmet,P,1.0,1.0,15.0,,16.0,<0> ,88.0,<0> ,1018.0,<0> ,1.0,<0> ,2.2,<0> ,06:51,313.0,<0> ,28.0,<0> ,224.6,<0> ,0.0,<0> 
05/20/2023 07:15,36.30208333,tjrtlmet,P,1.0,1.0,15.0,,16.4,<0> ,87.0,<0> ,1018.0,<0> ,1.3,<0> ,2.2,<0> ,07:04,311.0,<0> ,22.0,<0> ,291.3,<0> ,0.0,<0> 
05/20/2023 07:30,36.3125,tjrtlmet,P,1.0,1.0,15.0,,16.5,<0> ,86.0,<0> ,1018.0,<0> ,1.5,<0> ,2.4,<0> ,07:19,308.0,<0> ,17.0,<0> ,278.1,<0> ,0.0,<0> 
05/20/2023 07:45,36.32291667,tjrtlmet,P,1.0,1.0,15.0,,16.4,<0> ,87.0,<0> ,1018.0,<0> ,1.6,<0> ,2.8,<0> ,07:44,310.0,<0> ,16.0,<0> ,247.2,<0> ,0.0,<0> 
05/20/2023 08:00,36.33333333,tjrtlmet,P,1.0,1.0,15.0,,16.4,<0> ,87.0,<0> ,1018.0,<0> ,1.6,<0> ,2.6,<0> ,07:56,304.0,<0> ,15.0,<0> ,278.8,<0> ,0.0,<0> 
05/20/2023 08:15,36.34375,tjrtlmet,P,1.0,1.0,15.0,,16.4,<0> ,88.0,<0> ,1018.0,<0> ,1.6,<0> ,2.6,<0> ,08:04,295.0,<0> ,15.0,<0> ,221.1,<0> ,0.0,<0> 
05/20/2023 08:30,36.35416667,tjrtlmet,P,1.0,1.0,15.0,,16.2,<0> ,88.0,<0> ,1018.0,<0> ,1.4,<0> ,2.4,<0> ,08:16,273.0,<0> ,13.0,<0> ,241.5,<0> ,0.0,<0> 
05/20/2023 08:45,36.36458333,tjrtlmet,P,1.0,1.0,15.0,,16.1,<0> ,89.0,<0> ,1018.0,<0> ,1.5,<0> ,2.4,<0> ,08:44,275.0,<0> ,12.0,<0> ,226.8,<0> ,0.0,<0> 
05/20/2023 09:00,36.375,tjrtlmet,P,1.0,1.0,15.0,,16.2,<0> ,89.0,<0> ,1018.0,<0> ,1.7,<0> ,2.6,<0> ,08:48,262.0,<0> ,15.0,<0> ,271.5,<0> ,0.0,<0> 
05/20/2023 09:15,36.38541667,tjrtlmet,P,1.0,1.0,15.0,,16.3,<0> ,88.0,<0> ,1018.0,<0> ,2.2,<0> ,3.1,<0> ,09:04,269.0,<0> ,11.0,<0> ,321.2,<0> ,0.0,<0> 
05/20/2023 09:30,36.39583333,tjrtlmet,P,1.0,1.0,15.0,,16.5,<0> ,88.0,<0> ,1018.0,<0> ,2.3,<0> ,3.2,<0> ,09:29,272.0,<0> ,13.0,<0> ,282.8,<0> ,0.0,<0> 
05/20/2023 09:45,36.40625,tjrtlmet,P,1.0,1.0,15.0,,16.5,<0> ,88.0,<0> ,1018.0,<0> ,2.3,<0> ,3.4,<0> ,09:31,274.0,<0> ,13.0,<0> ,420.2,<0> ,0.0,<0> 
05/20/2023 10:00,36.41666667,tjrtlmet,P,1.0,1.0,15.0,,16.7,<0> ,87.0,<0> ,1018.0,<0> ,2.8,<0> ,3.9,<0> ,09:50,269.0,<0> ,12.0,<0> ,554.4,<0> ,0.0,<0> 
05/20/2023 10:15,36.42708333,tjrtlmet,P,1.0,1.0,15.0,,16.7,<0> ,87.0,<0> ,1018.0,<0> ,2.5,<0> ,3.7,<0> ,10:06,270.0,<0> ,13.0,<0> ,478.0,<0> ,0.0,<0> 
05/20/2023 10:30,36.4375,tjrtlmet,P,1.0,1.0,15.0,,16.6,<0> ,88.0,<0> ,1018.0,<0> ,2.2,<0> ,3.2,<0> ,10:15,278.0,<0> ,14.0,<0> ,432.8,<0> ,0.0,<0> 
05/20/2023 10:45,36.44791667,tjrtlmet,P,1.0,1.0,15.0,,16.8,<0> ,87.0,<0> ,1018.0,<0> ,2.2,<0> ,3.2,<0> ,10:31,267.0,<0> ,11.0,<0> ,623.1,<0> ,0.0,<0> 
05/20/2023 11:00,36.45833333,tjrtlmet,P,1.0,1.0,15.0,,17.1,<0> ,86.0,<0> ,1018.0,<0> ,2.3,<0> ,3.3,<0> ,10:45,272.0,<0> ,15.0,<0> ,752.3,<0> ,0.0,<0> 
05/20/2023 11:15,36.46875,tjrtlmet,P,1.0,1.0,15.0,,17.6,<0> ,84.0,<0> ,1018.0,<0> ,2.2,<0> ,3.3,<0> ,11:04,281.0,<0> ,18.0,<0> ,910.8,<0> ,0.0,<0> 
05/20/2023 11:30,36.47916667,tjrtlmet,P,1.0,1.0,15.0,,17.7,<0> ,83.0,<0> ,1018.0,<0> ,2.5,<0> ,3.7,<0> ,11:26,288.0,<0> ,13.0,<0> ,890.6,<0> ,0.0,<0> 
05/20/2023 11:45,36.48958333,tjrtlmet,P,1.0,1.0,15.0,,18.1,<0> ,81.0,<0> ,1018.0,<0> ,2.8,<0> ,4.1,<0> ,11:41,283.0,<0> ,15.0,<0> ,1289.1,<0> ,0.0,<0> 
05/20/2023 12:00,36.5,tjrtlmet,P,1.0,1.0,15.0,,18.2,<0> ,80.0,<0> ,1018.0,<0> ,2.8,<0> ,4.0,<0> ,11:51,281.0,<0> ,13.0,<0> ,1008.7,<0> ,0.0,<0> 
05/20/2023 12:15,36.51041667,tjrtlmet,P,1.0,1.0,15.0,,18.0,<0> ,81.0,<0> ,1018.0,<0> ,2.9,<0> ,4.3,<0> ,12:14,279.0,<0> ,16.0,<0> ,1028.1,<0> ,0.0,<0> 
05/20/2023 12:30,36.52083333,tjrtlmet,P,1.0,1.0,15.0,,18.0,<0> ,80.0,<0> ,1018.0,<0> ,3.4,<0> ,5.0,<0> ,12:17,272.0,<0> ,13.0,<0> ,1115.7,<0> ,0.0,<0> 
05/20/2023 12:45,36.53125,tjrtlmet,P,1.0,1.0,15.0,,18.2,<0> ,79.0,<0> ,1018.0,<0> ,3.3,<0> ,4.7,<0> ,12:31,263.0,<0> ,15.0,<0> ,1197.0,<0> ,0.0,<0> 
05/20/2023 13:00,36.54166667,tjrtlmet,P,1.0,1.0,15.0,,18.1,<0> ,79.0,<0> ,1018.0,<0> ,3.4,<0> ,4.7,<0> ,12:47,257.0,<0> ,14.0,<0> ,1100.1,<0> ,0.0,<0> 
05/20/2023 13:15,36.55208333,tjrtlmet,P,1.0,1.0,15.0,,18.0,<0> ,79.0,<0> ,1018.0,<0> ,3.4,<0> ,4.7,<0> ,13:03,266.0,<0> ,14.0,<0> ,1064.4,<0> ,0.0,<0> 
05/20/2023 13:30,36.5625,tjrtlmet,P,1.0,1.0,15.0,,17.8,<0> ,80.0,<0> ,1018.0,<0> ,3.2,<0> ,4.6,<0> ,13:18,273.0,<0> ,14.0,<0> ,1013.2,<0> ,0.0,<0> 
05/20/2023 13:45,36.57291667,tjrtlmet,P,1.0,1.0,15.0,,18.0,<0> ,79.0,<0> ,1018.0,<0> ,3.1,<0> ,4.4,<0> ,13:33,270.0,<0> ,14.0,<0> ,986.9,<0> ,0.0,<0> 
05/20/2023 14:00,36.58333333,tjrtlmet,P,1.0,1.0,15.0,,17.8,<0> ,79.0,<0> ,1018.0,<0> ,2.9,<0> ,4.0,<0> ,13:58,261.0,<0> ,15.0,<0> ,881.7,<0> ,0.0,<0> 
05/20/2023 14:15,36.59375,tjrtlmet,P,1.0,1.0,15.0,,17.7,<0> ,79.0,<0> ,1018.0,<0> ,2.8,<0> ,3.9,<0> ,14:12,255.0,<0> ,13.0,<0> ,766.1,<0> ,0.0,<0> 
05/20/2023 14:30,36.60416667,tjrtlmet,P,1.0,1.0,15.0,,17.7,<0> ,79.0,<0> ,1018.0,<0> ,2.5,<0> ,3.8,<0> ,14:16,248.0,<0> ,14.0,<0> ,584.9,<0> ,0.0,<0> 
05/20/2023 14:45,36.61458333,tjrtlmet,P,1.0,1.0,15.0,,17.5,<0> ,79.0,<0> ,1017.0,<0> ,2.5,<0> ,3.5,<0> ,14:30,238.0,<0> ,16.0,<0> ,559.6,<0> ,0.0,<0> 
05/20/2023 15:00,36.625,tjrtlmet,P,1.0,1.0,15.0,,17.3,<0> ,79.0,<0> ,1017.0,<0> ,2.5,<0> ,3.8,<0> ,14:50,253.0,<0> ,14.0,<0> ,589.5,<0> ,0.0,<0> 
05/20/2023 15:15,36.63541667,tjrtlmet,P,1.0,1.0,15.0,,17.3,<0> ,79.0,<0> ,1017.0,<0> ,2.2,<0> ,3.5,<0> ,15:09,243.0,<0> ,14.0,<0> ,508.1,<0> ,0.0,<0> 
05/20/2023 15:30,36.64583333,tjrtlmet,P,1.0,1.0,15.0,,17.2,<0> ,79.0,<0> ,1017.0,<0> ,2.1,<0> ,3.0,<0> ,15:19,242.0,<0> ,15.0,<0> ,460.7,<0> ,0.0,<0> 
05/20/2023 15:45,36.65625,tjrtlmet,P,1.0,1.0,15.0,,17.0,<0> ,80.0,<0> ,1017.0,<0> ,2.1,<0> ,3.1,<0> ,15:41,230.0,<0> ,16.0,<0> ,385.2,<0> ,0.0,<0> 
05/20/2023 16:00,36.66666667,tjrtlmet,P,1.0,1.0,15.0,,16.8,<0> ,81.0,<0> ,1017.0,<0> ,2.0,<0> ,3.5,<0> ,15:56,239.0,<0> ,16.0,<0> ,304.6,<0> ,0.0,<0> 
05/20/2023 16:15,36.67708333,tjrtlmet,P,1.0,1.0,15.0,,16.7,<0> ,81.0,<0> ,1017.0,<0> ,2.2,<0> ,3.1,<0> ,16:11,242.0,<0> ,13.0,<0> ,284.9,<0> ,0.0,<0> 
05/20/2023 16:30,36.6875,tjrtlmet,P,1.0,1.0,15.0,,16.6,<0> ,82.0,<0> ,1017.0,<0> ,2.0,<0> ,3.0,<0> ,16:17,249.0,<0> ,14.0,<0> ,253.3,<0> ,0.0,<0> 
05/20/2023 16:45,36.69791667,tjrtlmet,P,1.0,1.0,15.0,,16.6,<0> ,82.0,<0> ,1017.0,<0> ,1.8,<0> ,2.8,<0> ,16:39,262.0,<0> ,15.0,<0> ,205.6,<0> ,0.0,<0> 
05/20/2023 17:00,36.70833333,tjrtlmet,P,1.0,1.0,15.0,,16.4,<0> ,82.0,<0> ,1017.0,<0> ,1.6,<0> ,2.6,<0> ,16:48,267.0,<0> ,13.0,<0> ,164.8,<0> ,0.0,<0> 
05/20/2023 17:15,36.71875,tjrtlmet,P,1.0,1.0,15.0,,16.4,<0> ,82.0,<0> ,1017.0,<0> ,1.3,<0> ,2.2,<0> ,17:10,273.0,<0> ,14.0,<0> ,120.1,<0> ,0.0,<0> 
05/20/2023 17:30,36.72916667,tjrtlmet,P,1.0,1.0,15.0,,16.3,<0> ,82.0,<0> ,1017.0,<0> ,1.2,<0> ,1.9,<0> ,17:22,280.0,<0> ,12.0,<0> ,89.3,<0> ,0.0,<0> 
05/20/2023 17:45,36.73958333,tjrtlmet,P,1.0,1.0,15.0,,16.2,<0> ,82.0,<0> ,1017.0,<0> ,0.9,<0> ,1.7,<0> ,17:32,280.0,<0> ,14.0,<0> ,65.9,<0> ,0.0,<0> 
05/20/2023 18:00,36.75,tjrtlmet,P,1.0,1.0,15.0,,16.1,<0> ,82.0,<0> ,1017.0,<0> ,1.0,<0> ,1.9,<0> ,17:48,225.0,<0> ,35.0,<0> ,43.4,<0> ,0.0,<0> 
05/20/2023 18:15,36.76041667,tjrtlmet,P,1.0,1.0,15.0,,16.1,<0> ,83.0,<0> ,1017.0,<0> ,1.3,<0> ,2.3,<0> ,18:10,261.0,<0> ,11.0,<0> ,24.7,<0> ,0.0,<0> 
05/20/2023 18:30,36.77083333,tjrtlmet,P,1.0,1.0,15.0,,15.9,<0> ,83.0,<0> ,1017.0,<0> ,0.6,<0> ,1.5,<0> ,18:17,205.0,<0> ,55.0,<0> ,13.8,<0> ,0.0,<0> 
05/20/2023 18:45,36.78125,tjrtlmet,P,1.0,1.0,15.0,,15.9,<0> ,83.0,<0> ,1017.0,<0> ,0.5,<0> ,1.2,<0> ,18:30,288.0,<0> ,22.0,<0> ,4.8,<0> ,0.0,<0> 
05/20/2023 19:00,36.79166667,tjrtlmet,P,1.0,1.0,15.0,,15.9,<0> ,83.0,<0> ,1017.0,<0> ,0.6,<0> ,1.9,<0> ,18:51,295.0,<0> ,26.0,<0> ,0.5,<0> ,0.0,<0> 
05/20/2023 19:15,36.80208333,tjrtlmet,P,1.0,1.0,15.0,,15.9,<0> ,83.0,<0> ,1017.0,<0> ,0.7,<0> ,1.6,<0> ,19:07,303.0,<0> ,24.0,<0> ,0.0,<0> ,0.0,<0> 
05/20/2023 19:30,36.8125,tjrtlmet,P,1.0,1.0,15.0,,15.9,<0> ,84.0,<0> ,1017.0,<0> ,1.1,<0> ,2.2,<0> ,19:27,278.0,<0> ,16.0,<0> ,0.0,<0> ,0.0,<0> 
05/20/2023 19:45,36.82291667,tjrtlmet,P,1.0,1.0,15.0,,15.9,<0> ,84.0,<0> ,1017.0,<0> ,1.1,<0> ,1.6,<0> ,19:40,270.0,<0> ,13.0,<0> ,0.0,<0> ,0.0,<0> 
05/20/2023 20:00,36.83333333,tjrtlmet,P,1.0,1.0,15.0,,15.9,<0> ,85.0,<0> ,1017.0,<0> ,0.9,<0> ,1.6,<0> ,19:55,281.0,<0> ,10.0,<0> ,0.0,<0> ,0.0,<0> 
05/20/2023 20:15,36.84375,tjrtlmet,P,1.0,1.0,15.0,,15.9,<0> ,85.0,<0> ,1017.0,<0> ,1.4,<0> ,1.9,<0> ,20:06,277.0,<0> ,11.0,<0> ,0.0,<0> ,0.0,<0> 
05/20/2023 20:30,36.85416667,tjrtlmet,P,1.0,1.0,15.0,,15.8,<0> ,85.0,<0> ,1017.0,<0> ,1.6,<0> ,2.4,<0> ,20:24,276.0,<0> ,13.0,<0> ,0.0,<0> ,0.0,<0> 
05/20/2023 20:45,36.86458333,tjrtlmet,P,1.0,1.0,15.0,,15.9,<0> ,85.0,<0> ,1018.0,<0> ,1.8,<0> ,2.8,<0> ,20:40,282.0,<0> ,14.0,<0> ,0.0,<0> ,0.0,<0> 
05/20/2023 21:00,36.875,tjrtlmet,P,1.0,1.0,15.0,,15.9,<0> ,85.0,<0> ,1018.0,<0> ,1.6,<0> ,2.4,<0> ,20:58,278.0,<0> ,10.0,<0> ,0.0,<0> ,0.0,<0> 
05/20/2023 21:15,36.88541667,tjrtlmet,P,1.0,1.0,15.0,,15.9,<0> ,85.0,<0> ,1017.0,<0> ,1.5,<0> ,2.4,<0> ,21:14,282.0,<0> ,12.0,<0> ,0.0,<0> ,0.0,<0> 
05/20/2023 21:30,36.89583333,tjrtlmet,P,1.0,1.0,15.0,,15.9,<0> ,85.0,<0> ,1017.0,<0> ,1.4,<0> ,2.3,<0> ,21:15,286.0,<0> ,12.0,<0> ,0.0,<0> ,0.0,<0> 
05/20/2023 21:45,36.90625,tjrtlmet,P,1.0,1.0,15.0,,15.9,<0> ,86.0,<0> ,1017.0,<0> ,1.7,<0> ,2.6,<0> ,21:39,291.0,<0> ,13.0,<0> ,0.0,<0> ,0.0,<0> 
05/20/2023 22:00,36.91666667,tjrtlmet,P,1.0,1.0,15.0,,16.0,<0> ,85.0,<0> ,1017.0,<0> ,1.8,<0> ,3.0,<0> ,21:58,297.0,<0> ,15.0,<0> ,0.0,<0> ,0.0,<0> 
05/20/2023 22:15,36.92708333,tjrtlmet,P,1.0,1.0,15.0,,16.1,<0> ,85.0,<0> ,1017.0,<0> ,1.6,<0> ,3.0,<0> ,22:13,298.0,<0> ,15.0,<0> ,0.0,<0> ,0.0,<0> 
05/20/2023 22:30,36.9375,tjrtlmet,P,1.0,1.0,15.0,,16.1,<0> ,85.0,<0> ,1017.0,<0> ,2.2,<0> ,3.7,<0> ,22:22,310.0,<0> ,16.0,<0> ,0.0,<0> ,0.0,<0> 
05/20/2023 22:45,36.94791667,tjrtlmet,P,1.0,1.0,15.0,,16.1,<0> ,85.0,<0> ,1017.0,<0> ,2.2,<0> ,3.5,<0> ,22:39,308.0,<0> ,15.0,<0> ,0.0,<0> ,0.0,<0> 
05/20/2023 23:00,36.95833333,tjrtlmet,P,1.0,1.0,15.0,,16.1,<0> ,85.0,<0> ,1017.0,<0> ,2.4,<0> ,3.8,<0> ,22:47,309.0,<0> ,14.0,<0> ,0.0,<0> ,0.0,<0> 
05/20/2023 23:15,36.96875,tjrtlmet,P,1.0,1.0,15.0,,16.1,<0> ,86.0,<0> ,1017.0,<0> ,2.2,<0> ,3.6,<0> ,23:14,308.0,<0> ,15.0,<0> ,0.0,<0> ,0.0,<0> 
05/20/2023 23:30,36.97916667,tjrtlmet,P,1.0,1.0,15.0,,16.0,<0> ,86.0,<0> ,1017.0,<0> ,2.2,<0> ,3.4,<0> ,23:24,306.0,<0> ,14.0,<0> ,0.0,<0> ,0.0,<0> 
05/20/2023 23:45,36.98958333,tjrtlmet,P,1.0,1.0,15.0,,16.0,<0> ,86.0,<0> ,1017.0,<0> ,2.0,<0> ,3.6,<0> ,23:37,308.0,<0> ,15.0,<0> ,0.0,<0> ,0.0,<0> 
05/21/2023 00:00,37.0,tjrtlmet,P,1.0,1.0,15.0,,16.0,<0> ,86.0,<0> ,1017.0,<0> ,2.1,<0> ,3.3,<0> ,23:49,301.0,<0> ,14.0,<0> ,0.0,<0> ,0.0,<0> 
05/21/2023 00:15,37.01041667,tjrtlmet,P,1.0,1.0,15.0,,15.9,<0> ,86.0,<0> ,1017.0,<0> ,2.1,<0> ,3.2,<0> ,00:04,294.0,<0> ,13.0,<0> ,0.0,<0> ,0.0,<0> 
05/21/2023 00:30,37.02083333,tjrtlmet,P,1.0,1.0,15.0,,15.9,<0> ,87.0,<0> ,1017.0,<0> ,1.8,<0> ,2.6,<0> ,00:16,290.0,<0> ,12.0,<0> ,0.0,<0> ,0.0,<0> 
05/21/2023 00:45,37.03125,tjrtlmet,P,1.0,1.0,15.0,,15.8,<0> ,87.0,<0> ,1016.0,<0> ,2.1,<0> ,3.0,<0> ,00:44,276.0,<0> ,11.0,<0> ,0.0,<0> ,0.0,<0> 
05/21/2023 01:00,37.04166667,tjrtlmet,P,1.0,1.0,15.0,,15.7,<0> ,86.0,<0> ,1016.0,<0> ,2.1,<0> ,3.0,<0> ,00:54,268.0,<0> ,10.0,<0> ,0.0,<0> ,0.0,<0> 
05/21/2023 01:15,37.05208333,tjrtlmet,P,1.0,1.0,15.0,,15.7,<0> ,86.0,<0> ,1017.0,<0> ,1.8,<0> ,2.5,<0> ,01:03,273.0,<0> ,8.0,<0> ,0.0,<0> ,0.0,<0> 
05/21/2023 01:30,37.0625,tjrtlmet,P,1.0,1.0,15.0,,15.7,<0> ,87.0,<0> ,1017.0,<0> ,1.6,<0> ,2.5,<0> ,01:29,283.0,<0> ,13.0,<0> ,0.0,<0> ,0.0,<0> 
05/21/2023 01:45,37.07291667,tjrtlmet,P,1.0,1.0,15.0,,15.7,<0> ,87.0,<0> ,1016.0,<0> ,1.6,<0> ,2.9,<0> ,01:30,294.0,<0> ,9.0,<0> ,0.0,<0> ,0.0,<0> 
05/21/2023 02:00,37.08333333,tjrtlmet,P,1.0,1.0,15.0,,15.7,<0> ,87.0,<0> ,1016.0,<0> ,1.1,<0> ,1.9,<0> ,01:49,298.0,<0> ,14.0,<0> ,0.0,<0> ,0.0,<0> 
05/21/2023 02:15,37.09375,tjrtlmet,P,1.0,1.0,15.0,,15.7,<0> ,87.0,<0> ,1016.0,<0> ,1.3,<0> ,2.2,<0> ,02:07,294.0,<0> ,12.0,<0> ,0.0,<0> ,0.0,<0> 
05/21/2023 02:30,37.10416667,tjrtlmet,P,1.0,1.0,15.0,,15.6,<0> ,88.0,<0> ,1016.0,<0> ,1.1,<0> ,1.7,<0> ,02:25,284.0,<0> ,13.0,<0> ,0.0,<0> ,0.0,<0> 
05/21/2023 02:45,37.11458333,tjrtlmet,P,1.0,1.0,15.0,,15.6,<0> ,88.0,<0> ,1016.0,<0> ,1.0,<0> ,1.6,<0> ,02:31,287.0,<0> ,16.0,<0> ,0.0,<0> ,0.0,<0> 
05/21/2023 03:00,37.125,tjrtlmet,P,1.0,1.0,15.0,,15.5,<0> ,87.0,<0> ,1016.0,<0> ,1.1,<0> ,2.1,<0> ,02:58,268.0,<0> ,14.0,<0> ,0.0,<0> ,0.0,<0> 
05/21/2023 03:15,37.13541667,tjrtlmet,P,1.0,1.0,15.0,,15.5,<0> ,88.0,<0> ,1016.0,<0> ,1.3,<0> ,2.3,<0> ,03:14,293.0,<0> ,13.0,<0> ,0.0,<0> ,0.0,<0> 
05/21/2023 03:30,37.14583333,tjrtlmet,P,1.0,1.0,15.0,,15.5,<0> ,88.0,<0> ,1016.0,<0> ,1.2,<0> ,2.3,<0> ,03:15,302.0,<0> ,20.0,<0> ,0.0,<0> ,0.0,<0> 
05/21/2023 03:45,37.15625,tjrtlmet,P,1.0,1.0,15.0,,15.4,<0> ,88.0,<0> ,1016.0,<0> ,0.5,<0> ,1.8,<0> ,03:35,328.0,<0> ,25.0,<0> ,0.0,<0> ,0.0,<0> 
05/21/2023 04:00,37.16666667,tjrtlmet,P,1.0,1.0,15.0,,15.5,<0> ,88.0,<0> ,1016.0,<0> ,0.8,<0> ,1.9,<0> ,03:49,316.0,<0> ,19.0,<0> ,0.0,<0> ,0.0,<0> 
05/21/2023 04:15,37.17708333,tjrtlmet,P,1.0,1.0,15.0,,15.4,<0> ,88.0,<0> ,1016.0,<0> ,0.6,<0> ,1.4,<0> ,04:07,307.0,<0> ,16.0,<0> ,0.0,<0> ,0.0,<0> 
05/21/2023 04:30,37.1875,tjrtlmet,P,1.0,1.0,15.0,,15.4,<0> ,88.0,<0> ,1016.0,<0> ,0.8,<0> ,1.8,<0> ,04:28,274.0,<0> ,8.0,<0> ,0.0,<0> ,0.0,<0> 
05/21/2023 04:45,37.19791667,tjrtlmet,P,1.0,1.0,15.0,,15.4,<0> ,89.0,<0> ,1016.0,<0> ,0.9,<0> ,1.5,<0> ,04:33,294.0,<0> ,12.0,<0> ,0.3,<0> ,0.0,<0> 
05/21/2023 05:00,37.20833333,tjrtlmet,P,1.0,1.0,15.0,,15.4,<0> ,89.0,<0> ,1016.0,<0> ,0.6,<0> ,1.3,<0> ,04:58,284.0,<0> ,14.0,<0> ,3.7,<0> ,0.0,<0> 
05/21/2023 05:15,37.21875,tjrtlmet,P,1.0,1.0,15.0,,15.4,<0> ,89.0,<0> ,1016.0,<0> ,1.1,<0> ,1.9,<0> ,05:09,291.0,<0> ,11.0,<0> ,11.1,<0> ,0.0,<0> 
05/21/2023 05:30,37.22916667,tjrtlmet,P,1.0,1.0,15.0,,15.4,<0> ,89.0,<0> ,1016.0,<0> ,1.1,<0> ,1.9,<0> ,05:15,290.0,<0> ,13.0,<0> ,20.1,<0> ,0.0,<0> 
05/21/2023 05:45,37.23958333,tjrtlmet,P,1.0,1.0,15.0,,15.5,<0> ,89.0,<0> ,1016.0,<0> ,1.2,<0> ,2.1,<0> ,05:33,290.0,<0> ,12.0,<0> ,32.1,<0> ,0.0,<0> 
05/21/2023 06:00,37.25,tjrtlmet,P,1.0,1.0,15.0,,15.6,<0> ,89.0,<0> ,1016.0,<0> ,1.2,<0> ,2.2,<0> ,05:52,281.0,<0> ,18.0,<0> ,46.6,<0> ,0.0,<0> 
05/21/2023 06:15,37.26041667,tjrtlmet,P,1.0,1.0,15.0,,15.7,<0> ,89.0,<0> ,1016.0,<0> ,1.3,<0> ,1.9,<0> ,06:04,285.0,<0> ,12.0,<0> ,60.8,<0> ,0.0,<0> 
05/21/2023 06:30,37.27083333,tjrtlmet,P,1.0,1.0,15.0,,15.7,<0> ,89.0,<0> ,1016.0,<0> ,1.4,<0> ,2.1,<0> ,06:29,286.0,<0> ,16.0,<0> ,79.6,<0> ,0.0,<0> 
05/21/2023 06:45,37.28125,tjrtlmet,P,1.0,1.0,15.0,,15.8,<0> ,88.0,<0> ,1016.0,<0> ,1.5,<0> ,2.5,<0> ,06:32,292.0,<0> ,12.0,<0> ,101.5,<0> ,0.0,<0> 
05/21/2023 07:00,37.29166667,tjrtlmet,P,1.0,1.0,15.0,,15.9,<0> ,88.0,<0> ,1016.0,<0> ,1.8,<0> ,2.8,<0> ,06:57,304.0,<0> ,14.0,<0> ,144.8,<0> ,0.0,<0> 
05/21/2023 07:15,37.30208333,tjrtlmet,P,1.0,1.0,15.0,,16.1,<0> ,87.0,<0> ,1016.0,<0> ,1.7,<0> ,2.6,<0> ,07:14,295.0,<0> ,15.0,<0> ,191.5,<0> ,0.0,<0> 
05/21/2023 07:30,37.3125,tjrtlmet,P,1.0,1.0,15.0,,16.2,<0> ,87.0,<0> ,1016.0,<0> ,2.1,<0> ,3.4,<0> ,07:18,305.0,<0> ,13.0,<0> ,222.9,<0> ,0.0,<0> 
05/21/2023 07:45,37.32291667,tjrtlmet,P,1.0,1.0,15.0,,16.3,<0> ,87.0,<0> ,1016.0,<0> ,1.9,<0> ,3.4,<0> ,07:38,305.0,<0> ,16.0,<0> ,274.4,<0> ,0.0,<0> 
05/21/2023 08:00,37.33333333,tjrtlmet,P,1.0,1.0,15.0,,16.4,<0> ,87.0,<0> ,1016.0,<0> ,2.1,<0> ,3.2,<0> ,07:45,298.0,<0> ,13.0,<0> ,317.5,<0> ,0.0,<0> 
05/21/2023 08:15,37.34375,tjrtlmet,P,1.0,1.0,15.0,,16.5,<0> ,87.0,<0> ,1016.0,<0> ,1.9,<0> ,3.1,<0> ,08:08,298.0,<0> ,15.0,<0> ,329.4,<0> ,0.0,<0> 
05/21/2023 08:30,37.35416667,tjrtlmet,P,1.0,1.0,15.0,,16.6,<0> ,86.0,<0> ,1016.0,<0> ,2.5,<0> ,3.8,<0> ,08:27,302.0,<0> ,14.0,<0> ,373.5,<0> ,0.0,<0> 
05/21/2023 08:45,37.36458333,tjrtlmet,P,1.0,1.0,15.0,,16.7,<0> ,86.0,<0> ,1016.0,<0> ,2.3,<0> ,3.5,<0> ,08:30,298.0,<0> ,14.0,<0> ,445.7,<0> ,0.0,<0> 
05/21/2023 09:00,37.375,tjrtlmet,P,1.0,1.0,15.0,,16.9,<0> ,86.0,<0> ,1016.0,<0> ,2.5,<0> ,3.7,<0> ,08:58,294.0,<0> ,15.0,<0> ,543.3,<0> ,0.0,<0> 
05/21/2023 09:15,37.38541667,tjrtlmet,P,1.0,1.0,15.0,,17.2,<0> ,85.0,<0> ,1016.0,<0> ,2.2,<0> ,3.6,<0> ,09:03,290.0,<0> ,16.0,<0> ,657.3,<0> ,0.0,<0> 
05/21/2023 09:30,37.39583333,tjrtlmet,P,1.0,1.0,15.0,,17.3,<0> ,85.0,<0> ,1016.0,<0> ,2.4,<0> ,3.2,<0> ,09:15,283.0,<0> ,15.0,<0> ,774.9,<0> ,0.0,<0> 
05/21/2023 09:45,37.40625,tjrtlmet,P,1.0,1.0,15.0,,17.4,<0> ,85.0,<0> ,1016.0,<0> ,2.5,<0> ,3.6,<0> ,09:30,281.0,<0> ,14.0,<0> ,875.2,<0> ,0.0,<0> 
05/21/2023 10:00,37.41666667,tjrtlmet,P,1.0,1.0,15.0,,17.7,<0> ,84.0,<0> ,1016.0,<0> ,2.7,<0> ,4.0,<0> ,09:55,279.0,<0> ,13.0,<0> ,887.8,<0> ,0.0,<0> 
05/21/2023 10:15,37.42708333,tjrtlmet,P,1.0,1.0,15.0,,17.8,<0> ,84.0,<0> ,1016.0,<0> ,3.1,<0> ,4.4,<0> ,10:06,278.0,<0> ,12.0,<0> ,1015.5,<0> ,0.0,<0> 
05/21/2023 10:30,37.4375,tjrtlmet,P,1.0,1.0,15.0,,18.3,<0> ,82.0,<0> ,1016.0,<0> ,2.9,<0> ,4.4,<0> ,10:29,278.0,<0> ,14.0,<0> ,1242.8,<0> ,0.0,<0> 
05/21/2023 10:45,37.44791667,tjrtlmet,P,1.0,1.0,15.0,,18.2,<0> ,81.0,<0> ,1016.0,<0> ,3.2,<0> ,4.4,<0> ,10:42,268.0,<0> ,13.0,<0> ,1336.3,<0> ,0.0,<0> 
05/21/2023 11:00,37.45833333,tjrtlmet,P,1.0,1.0,15.0,,18.5,<0> ,80.0,<0> ,1015.0,<0> ,3.7,<0> ,5.4,<0> ,10:49,270.0,<0> ,12.0,<0> ,1609.1,<0> ,0.0,<0> 
05/21/2023 11:15,37.46875,tjrtlmet,P,1.0,1.0,15.0,,19.2,<0> ,78.0,<0> ,1015.0,<0> ,3.2,<0> ,4.9,<0> ,11:13,257.0,<0> ,15.0,<0> ,1831.0,<0> ,0.0,<0> 
05/21/2023 11:30,37.47916667,tjrtlmet,P,1.0,1.0,15.0,,19.5,<0> ,76.0,<0> ,1015.0,<0> ,3.2,<0> ,4.3,<0> ,11:29,253.0,<0> ,13.0,<0> ,1837.8,<0> ,0.0,<0> 
05/21/2023 11:45,37.48958333,tjrtlmet,P,1.0,1.0,15.0,,19.3,<0> ,76.0,<0> ,1015.0,<0> ,3.1,<0> ,4.7,<0> ,11:40,251.0,<0> ,13.0,<0> ,1717.0,<0> ,0.0,<0> 
05/21/2023 12:00,37.5,tjrtlmet,P,1.0,1.0,15.0,,19.2,<0> ,76.0,<0> ,1015.0,<0> ,3.2,<0> ,4.7,<0> ,11:59,257.0,<0> ,16.0,<0> ,1430.1,<0> ,0.0,<0> 
05/21/2023 12:15,37.51041667,tjrtlmet,P,1.0,1.0,15.0,,19.1,<0> ,78.0,<0> ,1015.0,<0> ,3.1,<0> ,4.4,<0> ,12:14,254.0,<0> ,14.0,<0> ,1254.3,<0> ,0.0,<0> 
05/21/2023 12:30,37.52083333,tjrtlmet,P,1.0,1.0,15.0,,18.1,<0> ,83.0,<0> ,1015.0,<0> ,3.2,<0> ,4.6,<0> ,12:17,265.0,<0> ,14.0,<0> ,942.8,<0> ,0.0,<0> 
05/21/2023 12:45,37.53125,tjrtlmet,P,1.0,1.0,15.0,,17.9,<0> ,83.0,<0> ,1015.0,<0> ,3.1,<0> ,4.2,<0> ,12:41,253.0,<0> ,13.0,<0> ,941.2,<0> ,0.0,<0> 
05/21/2023 13:00,37.54166667,tjrtlmet,P,1.0,1.0,15.0,,17.9,<0> ,83.0,<0> ,1015.0,<0> ,2.8,<0> ,3.7,<0> ,12:47,253.0,<0> ,11.0,<0> ,825.2,<0> ,0.0,<0> 
05/21/2023 13:15,37.55208333,tjrtlmet,P,1.0,1.0,15.0,,17.8,<0> ,83.0,<0> ,1015.0,<0> ,2.7,<0> ,3.8,<0> ,13:01,248.0,<0> ,12.0,<0> ,765.2,<0> ,0.0,<0> 
05/21/2023 13:30,37.5625,tjrtlmet,P,1.0,1.0,15.0,,17.8,<0> ,83.0,<0> ,1015.0,<0> ,2.7,<0> ,4.6,<0> ,13:29,255.0,<0> ,16.0,<0> ,699.5,<0> ,0.0,<0> 
05/21/2023 13:45,37.57291667,tjrtlmet,P,1.0,1.0,15.0,,17.4,<0> ,84.0,<0> ,1015.0,<0> ,3.7,<0> ,4.9,<0> ,13:41,254.0,<0> ,10.0,<0> ,596.1,<0> ,0.0,<0> 
05/21/2023 14:00,37.58333333,tjrtlmet,P,1.0,1.0,15.0,,17.0,<0> ,85.0,<0> ,1015.0,<0> ,3.5,<0> ,5.1,<0> ,13:49,256.0,<0> ,12.0,<0> ,520.3,<0> ,0.0,<0> 
05/21/2023 14:15,37.59375,tjrtlmet,P,1.0,1.0,15.0,,17.1,<0> ,85.0,<0> ,1015.0,<0> ,3.0,<0> ,4.3,<0> ,14:10,267.0,<0> ,14.0,<0> ,545.7,<0> ,0.0,<0> 
05/21/2023 14:30,37.60416667,tjrtlmet,P,1.0,1.0,15.0,,17.1,<0> ,85.0,<0> ,1015.0,<0> ,3.1,<0> ,4.3,<0> ,14:18,269.0,<0> ,12.0,<0> ,658.6,<0> ,0.0,<0> 
05/21/2023 14:45,37.61458333,tjrtlmet,P,1.0,1.0,15.0,,17.3,<0> ,84.0,<0> ,1014.0,<0> ,3.0,<0> ,4.5,<0> ,14:44,267.0,<0> ,13.0,<0> ,646.1,<0> ,0.0,<0> 
05/21/2023 15:00,37.625,tjrtlmet,P,1.0,1.0,15.0,,17.2,<0> ,84.0,<0> ,1014.0,<0> ,2.9,<0> ,4.2,<0> ,14:57,256.0,<0> ,15.0,<0> ,534.5,<0> ,0.0,<0> 
05/21/2023 15:15,37.63541667,tjrtlmet,P,1.0,1.0,15.0,,17.0,<0> ,84.0,<0> ,1014.0,<0> ,2.8,<0> ,4.2,<0> ,15:14,259.0,<0> ,13.0,<0> ,484.7,<0> ,0.0,<0> 
05/21/2023 15:30,37.64583333,tjrtlmet,P,1.0,1.0,15.0,,16.8,<0> ,85.0,<0> ,1014.0,<0> ,3.0,<0> ,4.3,<0> ,15:26,250.0,<0> ,13.0,<0> ,436.3,<0> ,0.0,<0> 
05/21/2023 15:45,37.65625,tjrtlmet,P,1.0,1.0,15.0,,16.5,<0> ,86.0,<0> ,1014.0,<0> ,3.3,<0> ,4.6,<0> ,15:36,254.0,<0> ,11.0,<0> ,399.0,<0> ,0.0,<0> 
05/21/2023 16:00,37.66666667,tjrtlmet,P,1.0,1.0,15.0,,16.3,<0> ,88.0,<0> ,1014.0,<0> ,3.1,<0> ,4.3,<0> ,15:54,255.0,<0> ,13.0,<0> ,299.9,<0> ,0.0,<0> 
05/21/2023 16:15,37.67708333,tjrtlmet,P,1.0,1.0,15.0,,16.0,<0> ,89.0,<0> ,1014.0,<0> ,2.9,<0> ,4.2,<0> ,16:09,256.0,<0> ,13.0,<0> ,251.4,<0> ,0.0,<0> 
05/21/2023 16:30,37.6875,tjrtlmet,P,1.0,1.0,15.0,,16.0,<0> ,89.0,<0> ,1014.0,<0> ,2.5,<0> ,3.5,<0> ,16:24,257.0,<0> ,13.0,<0> ,221.7,<0> ,0.0,<0> 
05/21/2023 16:45,37.69791667,tjrtlmet,P,1.0,1.0,15.0,,15.8,<0> ,89.0,<0> ,1014.0,<0> ,2.5,<0> ,3.5,<0> ,16:37,257.0,<0> ,12.0,<0> ,202.7,<0> ,0.0,<0> 
05/21/2023 17:00,37.70833333,tjrtlmet,P,1.0,1.0,15.0,,15.7,<0> ,89.0,<0> ,1014.0,<0> ,2.2,<0> ,3.2,<0> ,16:58,260.0,<0> ,13.0,<0> ,166.7,<0> ,0.0,<0> 
05/21/2023 17:15,37.71875,tjrtlmet,P,1.0,1.0,15.0,,15.6,<0> ,89.0,<0> ,1014.0,<0> ,1.9,<0> ,2.9,<0> ,17:03,267.0,<0> ,15.0,<0> ,141.8,<0> ,0.0,<0> 
05/21/2023 17:30,37.72916667,tjrtlmet,P,1.0,1.0,15.0,,15.6,<0> ,89.0,<0> ,1014.0,<0> ,1.8,<0> ,2.5,<0> ,17:24,265.0,<0> ,14.0,<0> ,98.1,<0> ,0.0,<0> 
05/21/2023 17:45,37.73958333,tjrtlmet,P,1.0,1.0,15.0,,15.5,<0> ,89.0,<0> ,1014.0,<0> ,1.7,<0> ,2.8,<0> ,17:43,261.0,<0> ,13.0,<0> ,55.4,<0> ,0.0,<0> 
05/21/2023 18:00,37.75,tjrtlmet,P,1.0,1.0,15.0,,15.5,<0> ,90.0,<0> ,1014.0,<0> ,1.7,<0> ,2.7,<0> ,17:49,254.0,<0> ,11.0,<0> ,37.2,<0> ,0.0,<0> 
05/21/2023 18:15,37.76041667,tjrtlmet,P,1.0,1.0,15.0,,15.3,<0> ,91.0,<0> ,1014.0,<0> ,1.4,<0> ,2.4,<0> ,18:09,253.0,<0> ,12.0,<0> ,23.8,<0> ,0.0,<0> 
05/21/2023 18:30,37.77083333,tjrtlmet,P,1.0,1.0,15.0,,15.2,<0> ,92.0,<0> ,1014.0,<0> ,1.5,<0> ,2.4,<0> ,18:29,257.0,<0> ,14.0,<0> ,11.8,<0> ,0.0,<0> 
05/21/2023 18:45,37.78125,tjrtlmet,P,1.0,1.0,15.0,,15.1,<0> ,93.0,<0> ,1014.0,<0> ,1.5,<0> ,2.2,<0> ,18:44,262.0,<0> ,12.0,<0> ,4.5,<0> ,0.0,<0> 
05/21/2023 19:00,37.79166667,tjrtlmet,P,1.0,1.0,15.0,,15.0,<0> ,94.0,<0> ,1014.0,<0> ,1.3,<0> ,2.1,<0> ,18:49,252.0,<0> ,13.0,<0> ,0.4,<0> ,0.0,<0> 
05/21/2023 19:15,37.80208333,tjrtlmet,P,1.0,1.0,15.0,,15.0,<0> ,94.0,<0> ,1015.0,<0> ,1.2,<0> ,2.1,<0> ,19:02,253.0,<0> ,14.0,<0> ,0.0,<0> ,0.0,<0> 
05/21/2023 19:30,37.8125,tjrtlmet,P,1.0,1.0,15.0,,15.0,<0> ,94.0,<0> ,1015.0,<0> ,1.3,<0> ,2.1,<0> ,19:19,222.0,<0> ,14.0,<0> ,0.0,<0> ,0.0,<0> 
05/21/2023 19:45,37.82291667,tjrtlmet,P,1.0,1.0,15.0,,15.0,<0> ,94.0,<0> ,1015.0,<0> ,1.3,<0> ,2.2,<0> ,19:42,200.0,<0> ,17.0,<0> ,0.0,<0> ,0.0,<0> 
05/21/2023 20:00,37.83333333,tjrtlmet,P,1.0,1.0,15.0,,15.0,<0> ,94.0,<0> ,1015.0,<0> ,1.3,<0> ,2.3,<0> ,19:56,200.0,<0> ,13.0,<0> ,0.0,<0> ,0.0,<0> 
05/21/2023 20:15,37.84375,tjrtlmet,P,1.0,1.0,15.0,,15.0,<0> ,94.0,<0> ,1015.0,<0> ,1.6,<0> ,2.6,<0> ,20:10,197.0,<0> ,14.0,<0> ,0.0,<0> ,0.0,<0> 
05/21/2023 20:30,37.85416667,tjrtlmet,P,1.0,1.0,15.0,,15.0,<0> ,93.0,<0> ,1015.0,<0> ,1.6,<0> ,2.6,<0> ,20:29,195.0,<0> ,11.0,<0> ,0.0,<0> ,0.0,<0> 
05/21/2023 20:45,37.86458333,tjrtlmet,P,1.0,1.0,15.0,,15.1,<0> ,93.0,<0> ,1015.0,<0> ,1.4,<0> ,2.5,<0> ,20:44,192.0,<0> ,11.0,<0> ,0.0,<0> ,0.0,<0> 
05/21/2023 21:00,37.875,tjrtlmet,P,1.0,1.0,15.0,,15.2,<0> ,92.0,<0> ,1015.0,<0> ,1.7,<0> ,2.6,<0> ,20:59,199.0,<0> ,11.0,<0> ,0.0,<0> ,0.0,<0> 
05/21/2023 21:15,37.88541667,tjrtlmet,P,1.0,1.0,15.0,,15.2,<0> ,91.0,<0> ,1015.0,<0> ,1.5,<0> ,2.8,<0> ,21:00,196.0,<0> ,14.0,<0> ,0.0,<0> ,0.0,<0> 
05/21/2023 21:30,37.89583333,tjrtlmet,P,1.0,1.0,15.0,,15.3,<0> ,90.0,<0> ,1015.0,<0> ,1.7,<0> ,2.7,<0> ,21:28,198.0,<0> ,14.0,<0> ,0.0,<0> ,0.0,<0> 
05/21/2023 21:45,37.90625,tjrtlmet,P,1.0,1.0,15.0,,15.3,<0> ,90.0,<0> ,1015.0,<0> ,1.8,<0> ,2.7,<0> ,21:36,206.0,<0> ,14.0,<0> ,0.0,<0> ,0.0,<0> 
05/21/2023 22:00,37.91666667,tjrtlmet,P,1.0,1.0,15.0,,15.3,<0> ,90.0,<0> ,1015.0,<0> ,1.4,<0> ,2.3,<0> ,21:45,203.0,<0> ,17.0,<0> ,0.0,<0> ,0.0,<0> 
05/21/2023 22:15,37.92708333,tjrtlmet,P,1.0,1.0,15.0,,15.3,<0> ,90.0,<0> ,1015.0,<0> ,1.4,<0> ,2.1,<0> ,22:13,207.0,<0> ,14.0,<0> ,0.0,<0> ,0.0,<0> 
05/21/2023 22:30,37.9375,tjrtlmet,P,1.0,1.0,15.0,,15.3,<0> ,90.0,<0> ,1015.0,<0> ,1.2,<0> ,2.1,<0> ,22:16,219.0,<0> ,15.0,<0> ,0.0,<0> ,0.0,<0> 
05/21/2023 22:45,37.94791667,tjrtlmet,P,1.0,1.0,15.0,,15.4,<0> ,89.0,<0> ,1015.0,<0> ,1.2,<0> ,2.1,<0> ,22:42,222.0,<0> ,12.0,<0> ,0.0,<0> ,0.0,<0> 
05/21/2023 23:00,37.95833333,tjrtlmet,P,1.0,1.0,15.0,,15.3,<0> ,90.0,<0> ,1015.0,<0> ,1.0,<0> ,2.1,<0> ,22:45,233.0,<0> ,14.0,<0> ,0.0,<0> ,0.0,<0> 
05/21/2023 23:15,37.96875,tjrtlmet,P,1.0,1.0,15.0,,15.3,<0> ,90.0,<0> ,1014.0,<0> ,0.9,<0> ,1.9,<0> ,23:06,232.0,<0> ,15.0,<0> ,0.0,<0> ,0.0,<0> 
05/21/2023 23:30,37.97916667,tjrtlmet,P,1.0,1.0,15.0,,15.3,<0> ,90.0,<0> ,1014.0,<0> ,1.0,<0> ,1.7,<0> ,23:18,219.0,<0> ,16.0,<0> ,0.0,<0> ,0.0,<0> 
05/21/2023 23:45,37.98958333,tjrtlmet,P,1.0,1.0,15.0,,15.3,<0> ,91.0,<0> ,1014.0,<0> ,1.1,<0> ,2.2,<0> ,23:45,241.0,<0> ,12.0,<0> ,0.0,<0> ,0.0,<0> 
05/22/2023 00:00,38.0,tjrtlmet,P,1.0,1.0,15.0,,15.3,<0> ,91.0,<0> ,1014.0,<0> ,1.2,<0> ,2.2,<0> ,23:45,223.0,<0> ,17.0,<0> ,0.0,<0> ,0.0,<0> 
05/22/2023 00:15,38.01041667,tjrtlmet,P,1.0,1.0,15.0,,15.2,<0> ,91.0,<0> ,1014.0,<0> ,0.9,<0> ,1.6,<0> ,00:12,207.0,<0> ,15.0,<0> ,0.0,<0> ,0.0,<0> 
05/22/2023 00:30,38.02083333,tjrtlmet,P,1.0,1.0,15.0,,15.2,<0> ,91.0,<0> ,1014.0,<0> ,0.9,<0> ,1.4,<0> ,00:16,207.0,<0> ,13.0,<0> ,0.0,<0> ,0.0,<0> 
05/22/2023 00:45,38.03125,tjrtlmet,P,1.0,1.0,15.0,,15.2,<0> ,91.0,<0> ,1014.0,<0> ,0.8,<0> ,1.3,<0> ,00:32,218.0,<0> ,13.0,<0> ,0.0,<0> ,0.0,<0> 
05/22/2023 01:00,38.04166667,tjrtlmet,P,1.0,1.0,15.0,,15.2,<0> ,91.0,<0> ,1014.0,<0> ,0.8,<0> ,1.7,<0> ,00:59,208.0,<0> ,13.0,<0> ,0.0,<0> ,0.0,<0> 
05/22/2023 01:15,38.05208333,tjrtlmet,P,1.0,1.0,15.0,,15.2,<0> ,92.0,<0> ,1014.0,<0> ,0.9,<0> ,1.8,<0> ,01:00,230.0,<0> ,13.0,<0> ,0.0,<0> ,0.0,<0> 
05/22/2023 01:30,38.0625,tjrtlmet,P,1.0,1.0,15.0,,15.2,<0> ,91.0,<0> ,1013.0,<0> ,1.1,<0> ,1.8,<0> ,01:29,233.0,<0> ,18.0,<0> ,0.0,<0> ,0.0,<0> 
05/22/2023 01:45,38.07291667,tjrtlmet,P,1.0,1.0,15.0,,15.2,<0> ,91.0,<0> ,1013.0,<0> ,1.4,<0> ,2.4,<0> ,01:45,247.0,<0> ,16.0,<0> ,0.0,<0> ,0.0,<0> 
05/22/2023 02:00,38.08333333,tjrtlmet,P,1.0,1.0,15.0,,15.2,<0> ,92.0,<0> ,1013.0,<0> ,1.7,<0> ,2.8,<0> ,01:45,265.0,<0> ,9.0,<0> ,0.0,<0> ,0.0,<0> 
05/22/2023 02:15,38.09375,tjrtlmet,P,1.0,1.0,15.0,,15.1,<0> ,92.0,<0> ,1013.0,<0> ,1.4,<0> ,2.5,<0> ,02:02,274.0,<0> ,13.0,<0> ,0.0,<0> ,0.0,<0> 
05/22/2023 02:30,38.10416667,tjrtlmet,P,1.0,1.0,15.0,,15.0,<0> ,93.0,<0> ,1013.0,<0> ,1.2,<0> ,2.1,<0> ,02:20,278.0,<0> ,12.0,<0> ,0.0,<0> ,0.0,<0> 
05/22/2023 02:45,38.11458333,tjrtlmet,P,1.0,1.0,15.0,,15.0,<0> ,94.0,<0> ,1013.0,<0> ,1.1,<0> ,2.1,<0> ,02:32,275.0,<0> ,10.0,<0> ,0.0,<0> ,0.0,<0> 
05/22/2023 03:00,38.125,tjrtlmet,P,1.0,1.0,15.0,,14.9,<0> ,94.0,<0> ,1013.0,<0> ,0.9,<0> ,1.4,<0> ,02:48,276.0,<0> ,9.0,<0> ,0.0,<0> ,0.0,<0> 
05/22/2023 03:15,38.13541667,tjrtlmet,P,1.0,1.0,15.0,,14.9,<0> ,95.0,<0> ,1013.0,<0> ,0.9,<0> ,1.5,<0> ,03:07,283.0,<0> ,9.0,<0> ,0.0,<0> ,0.0,<0> 
05/22/2023 03:30,38.14583333,tjrtlmet,P,1.0,1.0,15.0,,14.9,<0> ,95.0,<0> ,1013.0,<0> ,1.0,<0> ,1.6,<0> ,03:21,291.0,<0> ,12.0,<0> ,0.0,<0> ,0.0,<0> 
05/22/2023 03:45,38.15625,tjrtlmet,P,1.0,1.0,15.0,,14.9,<0> ,95.0,<0> ,1013.0,<0> ,0.9,<0> ,1.5,<0> ,03:38,283.0,<0> ,12.0,<0> ,0.0,<0> ,0.0,<0> 
05/22/2023 04:00,38.16666667,tjrtlmet,P,1.0,1.0,15.0,,14.9,<0> ,95.0,<0> ,1013.0,<0> ,1.1,<0> ,1.5,<0> ,03:50,276.0,<0> ,12.0,<0> ,0.0,<0> ,0.0,<0> 
05/22/2023 04:15,38.17708333,tjrtlmet,P,1.0,1.0,15.0,,14.9,<0> ,95.0,<0> ,1013.0,<0> ,0.9,<0> ,1.5,<0> ,04:05,270.0,<0> ,11.0,<0> ,0.0,<0> ,0.0,<0> 
05/22/2023 04:30,38.1875,tjrtlmet,P,1.0,1.0,15.0,,14.9,<0> ,95.0,<0> ,1012.0,<0> ,0.8,<0> ,1.3,<0> ,04:18,275.0,<0> ,10.0,<0> ,0.0,<0> ,0.0,<0> 
05/22/2023 04:45,38.19791667,tjrtlmet,P,1.0,1.0,15.0,,15.0,<0> ,95.0,<0> ,1013.0,<0> ,0.6,<0> ,1.1,<0> ,04:35,261.0,<0> ,13.0,<0> ,0.8,<0> ,0.0,<0> 
05/22/2023 05:00,38.20833333,tjrtlmet,P,1.0,1.0,15.0,,15.0,<0> ,95.0,<0> ,1012.0,<0> ,0.9,<0> ,1.4,<0> ,04:56,234.0,<0> ,8.0,<0> ,5.3,<0> ,0.0,<0> 
05/22/2023 05:15,38.21875,tjrtlmet,P,1.0,1.0,15.0,,15.1,<0> ,95.0,<0> ,1013.0,<0> ,1.3,<0> ,2.1,<0> ,05:08,238.0,<0> ,12.0,<0> ,13.2,<0> ,0.0,<0> 
05/22/2023 05:30,38.22916667,tjrtlmet,P,1.0,1.0,15.0,,15.1,<0> ,94.0,<0> ,1013.0,<0> ,1.3,<0> ,2.3,<0> ,05:28,241.0,<0> ,11.0,<0> ,22.7,<0> ,0.0,<0> 
05/22/2023 05:45,38.23958333,tjrtlmet,P,1.0,1.0,15.0,,15.2,<0> ,94.0,<0> ,1013.0,<0> ,1.2,<0> ,1.8,<0> ,05:39,232.0,<0> ,17.0,<0> ,37.9,<0> ,0.0,<0> 
05/22/2023 06:00,38.25,tjrtlmet,P,1.0,1.0,15.0,,15.3,<0> ,93.0,<0> ,1013.0,<0> ,1.4,<0> ,2.2,<0> ,05:57,232.0,<0> ,14.0,<0> ,56.1,<0> ,0.0,<0> 
05/22/2023 06:15,38.26041667,tjrtlmet,P,1.0,1.0,15.0,,15.4,<0> ,93.0,<0> ,1013.0,<0> ,1.4,<0> ,2.5,<0> ,06:04,242.0,<0> ,11.0,<0> ,68.0,<0> ,0.0,<0> 
05/22/2023 06:30,38.27083333,tjrtlmet,P,1.0,1.0,15.0,,15.4,<0> ,93.0,<0> ,1013.0,<0> ,0.9,<0> ,1.6,<0> ,06:29,237.0,<0> ,25.0,<0> ,87.3,<0> ,0.0,<0> 
05/22/2023 06:45,38.28125,tjrtlmet,P,1.0,1.0,15.0,,15.5,<0> ,92.0,<0> ,1013.0,<0> ,1.3,<0> ,2.1,<0> ,06:34,201.0,<0> ,19.0,<0> ,95.4,<0> ,0.0,<0> 
05/22/2023 07:00,38.29166667,tjrtlmet,P,1.0,1.0,15.0,,15.5,<0> ,91.0,<0> ,1013.0,<0> ,1.0,<0> ,2.2,<0> ,06:59,257.0,<0> ,20.0,<0> ,114.4,<0> ,0.0,<0> 
05/22/2023 07:15,38.30208333,tjrtlmet,P,1.0,1.0,15.0,,15.5,<0> ,91.0,<0> ,1014.0,<0> ,1.0,<0> ,2.3,<0> ,07:00,269.0,<0> ,14.0,<0> ,141.7,<0> ,0.0,<0> 
05/22/2023 07:30,38.3125,tjrtlmet,P,1.0,1.0,15.0,,15.6,<0> ,91.0,<0> ,1014.0,<0> ,0.8,<0> ,1.7,<0> ,07:25,231.0,<0> ,21.0,<0> ,157.4,<0> ,0.0,<0> 
05/22/2023 07:45,38.32291667,tjrtlmet,P,1.0,1.0,15.0,,15.7,<0> ,91.0,<0> ,1014.0,<0> ,1.1,<0> ,1.6,<0> ,07:42,237.0,<0> ,23.0,<0> ,184.6,<0> ,0.0,<0> 
05/22/2023 08:00,38.33333333,tjrtlmet,P,1.0,1.0,15.0,,15.7,<0> ,91.0,<0> ,1014.0,<0> ,0.8,<0> ,1.2,<0> ,07:51,198.0,<0> ,21.0,<0> ,200.9,<0> ,0.0,<0> 
05/22/2023 08:15,38.34375,tjrtlmet,P,1.0,1.0,15.0,,15.6,<0> ,91.0,<0> ,1014.0,<0> ,0.5,<0> ,1.0,<0> ,08:02,253.0,<0> ,20.0,<0> ,228.4,<0> ,0.0,<0> 
05/22/2023 08:30,38.35416667,tjrtlmet,P,1.0,1.0,15.0,,15.8,<0> ,91.0,<0> ,1014.0,<0> ,0.7,<0> ,1.7,<0> ,08:29,266.0,<0> ,24.0,<0> ,256.4,<0> ,0.0,<0> 
05/22/2023 08:45,38.36458333,tjrtlmet,P,1.0,1.0,15.0,,15.9,<0> ,91.0,<0> ,1014.0,<0> ,1.3,<0> ,2.2,<0> ,08:45,241.0,<0> ,12.0,<0> ,289.5,<0> ,0.0,<0> 
05/22/2023 09:00,38.375,tjrtlmet,P,1.0,1.0,15.0,,16.0,<0> ,91.0,<0> ,1014.0,<0> ,1.8,<0> ,2.6,<0> ,08:47,250.0,<0> ,15.0,<0> ,334.2,<0> ,0.0,<0> 
05/22/2023 09:15,38.38541667,tjrtlmet,P,1.0,1.0,15.0,,16.1,<0> ,91.0,<0> ,1014.0,<0> ,2.2,<0> ,3.2,<0> ,09:10,260.0,<0> ,14.0,<0> ,367.6,<0> ,0.0,<0> 
05/22/2023 09:30,38.39583333,tjrtlmet,P,1.0,1.0,15.0,,16.0,<0> ,91.0,<0> ,1014.0,<0> ,2.4,<0> ,3.4,<0> ,09:16,272.0,<0> ,13.0,<0> ,393.2,<0> ,0.0,<0> 
05/22/2023 09:45,38.40625,tjrtlmet,P,1.0,1.0,15.0,,16.1,<0> ,91.0,<0> ,1014.0,<0> ,2.4,<0> ,3.5,<0> ,09:37,279.0,<0> ,13.0,<0> ,437.4,<0> ,0.0,<0> 
05/22/2023 10:00,38.41666667,tjrtlmet,P,1.0,1.0,15.0,,16.1,<0> ,91.0,<0> ,1014.0,<0> ,2.4,<0> ,3.3,<0> ,09:51,269.0,<0> ,13.0,<0> ,497.1,<0> ,0.0,<0> 
05/22/2023 10:15,38.42708333,tjrtlmet,P,1.0,1.0,15.0,,16.2,<0> ,91.0,<0> ,1014.0,<0> ,2.3,<0> ,3.5,<0> ,10:03,262.0,<0> ,16.0,<0> ,489.4,<0> ,0.0,<0> 
05/22/2023 10:30,38.4375,tjrtlmet,P,1.0,1.0,15.0,,16.1,<0> ,90.0,<0> ,1014.0,<0> ,2.4,<0> ,3.6,<0> ,10:15,253.0,<0> ,13.0,<0> ,480.8,<0> ,0.0,<0> 
05/22/2023 10:45,38.44791667,tjrtlmet,P,1.0,1.0,15.0,,16.2,<0> ,90.0,<0> ,1014.0,<0> ,2.2,<0> ,3.1,<0> ,10:36,254.0,<0> ,11.0,<0> ,541.2,<0> ,0.0,<0> 
05/22/2023 11:00,38.45833333,tjrtlmet,P,1.0,1.0,15.0,,16.4,<0> ,89.0,<0> ,1014.0,<0> ,2.5,<0> ,3.3,<0> ,10:56,255.0,<0> ,11.0,<0> ,589.2,<0> ,0.0,<0> 
05/22/2023 11:15,38.46875,tjrtlmet,P,1.0,1.0,15.0,,16.3,<0> ,89.0,<0> ,1014.0,<0> ,2.6,<0> ,3.6,<0> ,11:02,253.0,<0> ,11.0,<0> ,534.9,<0> ,0.0,<0> 
05/22/2023 11:30,38.47916667,tjrtlmet,P,1.0,1.0,15.0,,16.2,<0> ,89.0,<0> ,1014.0,<0> ,2.3,<0> ,3.2,<0> ,11:19,250.0,<0> ,14.0,<0> ,471.0,<0> ,0.0,<0> 
05/22/2023 11:45,38.48958333,tjrtlmet,P,1.0,1.0,15.0,,16.2,<0> ,89.0,<0> ,1014.0,<0> ,2.4,<0> ,3.5,<0> ,11:41,250.0,<0> ,14.0,<0> ,504.6,<0> ,0.0,<0> 
05/22/2023 12:00,38.5,tjrtlmet,P,1.0,1.0,15.0,,16.2,<0> ,90.0,<0> ,1014.0,<0> ,2.5,<0> ,3.6,<0> ,11:59,238.0,<0> ,13.0,<0> ,508.2,<0> ,0.0,<0> 
05/22/2023 12:15,38.51041667,tjrtlmet,P,1.0,1.0,15.0,,16.1,<0> ,90.0,<0> ,1014.0,<0> ,2.4,<0> ,3.4,<0> ,12:01,245.0,<0> ,13.0,<0> ,614.9,<0> ,0.0,<0> 
05/22/2023 12:30,38.52083333,tjrtlmet,P,1.0,1.0,15.0,,16.1,<0> ,89.0,<0> ,1014.0,<0> ,2.5,<0> ,3.4,<0> ,12:20,257.0,<0> ,11.0,<0> ,576.1,<0> ,0.0,<0> 
05/22/2023 12:45,38.53125,tjrtlmet,P,1.0,1.0,15.0,,16.3,<0> ,89.0,<0> ,1014.0,<0> ,2.3,<0> ,3.3,<0> ,12:44,254.0,<0> ,15.0,<0> ,658.6,<0> ,0.0,<0> 
05/22/2023 13:00,38.54166667,tjrtlmet,P,1.0,1.0,15.0,,16.6,<0> ,87.0,<0> ,1014.0,<0> ,2.6,<0> ,3.8,<0> ,12:55,252.0,<0> ,14.0,<0> ,809.6,<0> ,0.0,<0> 
05/22/2023 13:15,38.55208333,tjrtlmet,P,1.0,1.0,15.0,,17.0,<0> ,85.0,<0> ,1014.0,<0> ,2.4,<0> ,3.5,<0> ,13:10,244.0,<0> ,19.0,<0> ,1045.7,<0> ,0.0,<0> 
05/22/2023 13:30,38.5625,tjrtlmet,P,1.0,1.0,15.0,,17.3,<0> ,82.0,<0> ,1014.0,<0> ,2.5,<0> ,3.9,<0> ,13:26,239.0,<0> ,16.0,<0> ,1070.5,<0> ,0.0,<0> 
05/22/2023 13:45,38.57291667,tjrtlmet,P,1.0,1.0,15.0,,17.4,<0> ,82.0,<0> ,1014.0,<0> ,2.9,<0> ,4.4,<0> ,13:35,232.0,<0> ,14.0,<0> ,1126.1,<0> ,0.0,<0> 
05/22/2023 14:00,38.58333333,tjrtlmet,P,1.0,1.0,15.0,,17.5,<0> ,81.0,<0> ,1013.0,<0> ,2.8,<0> ,4.0,<0> ,13:45,243.0,<0> ,18.0,<0> ,971.9,<0> ,0.0,<0> 
05/22/2023 14:15,38.59375,tjrtlmet,P,1.0,1.0,15.0,,17.2,<0> ,83.0,<0> ,1013.0,<0> ,2.8,<0> ,3.9,<0> ,14:13,241.0,<0> ,13.0,<0> ,961.5,<0> ,0.0,<0> 
05/22/2023 14:30,38.60416667,tjrtlmet,P,1.0,1.0,15.0,,17.4,<0> ,82.0,<0> ,1013.0,<0> ,2.7,<0> ,3.8,<0> ,14:18,232.0,<0> ,16.0,<0> ,994.3,<0> ,0.0,<0> 
05/22/2023 14:45,38.61458333,tjrtlmet,P,1.0,1.0,15.0,,17.2,<0> ,82.0,<0> ,1013.0,<0> ,2.6,<0> ,3.6,<0> ,14:33,241.0,<0> ,14.0,<0> ,714.0,<0> ,0.0,<0> 
05/22/2023 15:00,38.625,tjrtlmet,P,1.0,1.0,15.0,,16.9,<0> ,84.0,<0> ,1013.0,<0> ,2.6,<0> ,3.9,<0> ,14:53,243.0,<0> ,14.0,<0> ,623.8,<0> ,0.0,<0> 
05/22/2023 15:15,38.63541667,tjrtlmet,P,1.0,1.0,15.0,,16.6,<0> ,85.0,<0> ,1013.0,<0> ,2.7,<0> ,4.0,<0> ,15:00,239.0,<0> ,13.0,<0> ,507.5,<0> ,0.0,<0> 
05/22/2023 15:30,38.64583333,tjrtlmet,P,1.0,1.0,15.0,,16.6,<0> ,85.0,<0> ,1013.0,<0> ,2.2,<0> ,3.3,<0> ,15:28,234.0,<0> ,16.0,<0> ,430.7,<0> ,0.0,<0> 
05/22/2023 15:45,38.65625,tjrtlmet,P,1.0,1.0,15.0,,16.4,<0> ,86.0,<0> ,1012.0,<0> ,2.5,<0> ,3.5,<0> ,15:38,231.0,<0> ,15.0,<0> ,394.1,<0> ,0.0,<0> 
05/22/2023 16:00,38.66666667,tjrtlmet,P,1.0,1.0,15.0,,16.4,<0> ,85.0,<0> ,1012.0,<0> ,2.4,<0> ,3.6,<0> ,15:55,238.0,<0> ,16.0,<0> ,401.3,<0> ,0.0,<0> 
05/22/2023 16:15,38.67708333,tjrtlmet,P,1.0,1.0,15.0,,16.4,<0> ,85.0,<0> ,1012.0,<0> ,2.5,<0> ,3.4,<0> ,16:11,237.0,<0> ,15.0,<0> ,340.2,<0> ,0.0,<0> 
05/22/2023 16:30,38.6875,tjrtlmet,P,1.0,1.0,15.0,,16.4,<0> ,85.0,<0> ,1012.0,<0> ,2.1,<0> ,3.5,<0> ,16:17,245.0,<0> ,19.0,<0> ,285.4,<0> ,0.0,<0> 
05/22/2023 16:45,38.69791667,tjrtlmet,P,1.0,1.0,15.0,,16.3,<0> ,85.0,<0> ,1012.0,<0> ,2.0,<0> ,3.0,<0> ,16:30,257.0,<0> ,11.0,<0> ,230.7,<0> ,0.0,<0> 
05/22/2023 17:00,38.70833333,tjrtlmet,P,1.0,1.0,15.0,,16.2,<0> ,85.0,<0> ,1012.0,<0> ,2.0,<0> ,3.3,<0> ,16:45,254.0,<0> ,12.0,<0> ,193.0,<0> ,0.0,<0> 
05/22/2023 17:15,38.71875,tjrtlmet,P,1.0,1.0,15.0,,16.2,<0> ,85.0,<0> ,1012.0,<0> ,1.8,<0> ,2.8,<0> ,17:13,255.0,<0> ,14.0,<0> ,148.4,<0> ,0.0,<0> 
05/22/2023 17:30,38.72916667,tjrtlmet,P,1.0,1.0,15.0,,16.1,<0> ,84.0,<0> ,1012.0,<0> ,1.7,<0> ,2.7,<0> ,17:15,243.0,<0> ,13.0,<0> ,108.0,<0> ,0.0,<0> 
05/22/2023 17:45,38.73958333,tjrtlmet,P,1.0,1.0,15.0,,16.0,<0> ,84.0,<0> ,1012.0,<0> ,1.9,<0> ,2.8,<0> ,17:37,232.0,<0> ,12.0,<0> ,72.4,<0> ,0.0,<0> 
05/22/2023 18:00,38.75,tjrtlmet,P,1.0,1.0,15.0,,15.9,<0> ,84.0,<0> ,1012.0,<0> ,1.7,<0> ,2.6,<0> ,17:54,233.0,<0> ,16.0,<0> ,50.0,<0> ,0.0,<0> 
05/22/2023 18:15,38.76041667,tjrtlmet,P,1.0,1.0,15.0,,15.9,<0> ,84.0,<0> ,1012.0,<0> ,1.4,<0> ,2.4,<0> ,18:00,229.0,<0> ,19.0,<0> ,30.7,<0> ,0.0,<0> 
05/22/2023 18:30,38.77083333,tjrtlmet,P,1.0,1.0,15.0,,15.8,<0> ,85.0,<0> ,1012.0,<0> ,1.1,<0> ,2.1,<0> ,18:26,199.0,<0> ,21.0,<0> ,16.9,<0> ,0.0,<0> 
05/22/2023 18:45,38.78125,tjrtlmet,P,1.0,1.0,15.0,,15.7,<0> ,85.0,<0> ,1012.0,<0> ,0.9,<0> ,1.5,<0> ,18:43,225.0,<0> ,40.0,<0> ,6.0,<0> ,0.0,<0> 
05/22/2023 19:00,38.79166667,tjrtlmet,P,1.0,1.0,15.0,,15.6,<0> ,86.0,<0> ,1013.0,<0> ,1.0,<0> ,1.9,<0> ,18:54,210.0,<0> ,17.0,<0> ,0.8,<0> ,0.0,<0> 
05/22/2023 19:15,38.80208333,tjrtlmet,P,1.0,1.0,15.0,,15.6,<0> ,86.0,<0> ,1013.0,<0> ,1.3,<0> ,2.1,<0> ,19:11,198.0,<0> ,17.0,<0> ,0.0,<0> ,0.0,<0> 
05/22/2023 19:30,38.8125,tjrtlmet,P,1.0,1.0,15.0,,15.5,<0> ,86.0,<0> ,1013.0,<0> ,1.5,<0> ,2.5,<0> ,19:15,207.0,<0> ,17.0,<0> ,0.0,<0> ,0.0,<0> 
05/22/2023 19:45,38.82291667,tjrtlmet,P,1.0,1.0,15.0,,15.5,<0> ,86.0,<0> ,1013.0,<0> ,1.9,<0> ,3.0,<0> ,19:43,206.0,<0> ,16.0,<0> ,0.0,<0> ,0.0,<0> 
05/22/2023 20:00,38.83333333,tjrtlmet,P,1.0,1.0,15.0,,15.5,<0> ,87.0,<0> ,1013.0,<0> ,2.4,<0> ,3.9,<0> ,19:58,213.0,<0> ,12.0,<0> ,0.0,<0> ,0.0,<0> 
05/22/2023 20:15,38.84375,tjrtlmet,P,1.0,1.0,15.0,,15.4,<0> ,87.0,<0> ,1013.0,<0> ,2.8,<0> ,4.6,<0> ,20:08,202.0,<0> ,13.0,<0> ,0.0,<0> ,0.0,<0> 
05/22/2023 20:30,38.85416667,tjrtlmet,P,1.0,1.0,15.0,,15.4,<0> ,87.0,<0> ,1013.0,<0> ,2.7,<0> ,4.2,<0> ,20:23,206.0,<0> ,16.0,<0> ,0.0,<0> ,0.0,<0> 
05/22/2023 20:45,38.86458333,tjrtlmet,P,1.0,1.0,15.0,,15.3,<0> ,87.0,<0> ,1013.0,<0> ,2.9,<0> ,4.3,<0> ,20:31,195.0,<0> ,13.0,<0> ,0.0,<0> ,0.0,<0> 
05/22/2023 21:00,38.875,tjrtlmet,P,1.0,1.0,15.0,,15.2,<0> ,87.0,<0> ,1014.0,<0> ,2.8,<0> ,4.2,<0> ,20:52,192.0,<0> ,12.0,<0> ,0.0,<0> ,0.0,<0> 
05/22/2023 21:15,38.88541667,tjrtlmet,P,1.0,1.0,15.0,,15.2,<0> ,87.0,<0> ,1014.0,<0> ,2.1,<0> ,3.3,<0> ,21:03,192.0,<0> ,14.0,<0> ,0.0,<0> ,0.0,<0> 
05/22/2023 21:30,38.89583333,tjrtlmet,P,1.0,1.0,15.0,,15.2,<0> ,87.0,<0> ,1014.0,<0> ,2.1,<0> ,3.4,<0> ,21:16,173.0,<0> ,17.0,<0> ,0.0,<0> ,0.0,<0> 
05/22/2023 21:45,38.90625,tjrtlmet,P,1.0,1.0,15.0,,15.1,<0> ,87.0,<0> ,1014.0,<0> ,2.4,<0> ,4.3,<0> ,21:43,175.0,<0> ,14.0,<0> ,0.0,<0> ,0.0,<0> 
05/22/2023 22:00,38.91666667,tjrtlmet,P,1.0,1.0,15.0,,15.0,<0> ,87.0,<0> ,1014.0,<0> ,2.3,<0> ,3.7,<0> ,21:50,182.0,<0> ,14.0,<0> ,0.0,<0> ,0.0,<0> 
05/22/2023 22:15,38.92708333,tjrtlmet,P,1.0,1.0,15.0,,15.0,<0> ,87.0,<0> ,1014.0,<0> ,2.4,<0> ,4.0,<0> ,22:13,183.0,<0> ,16.0,<0> ,0.0,<0> ,0.0,<0> 
05/22/2023 22:30,38.9375,tjrtlmet,P,1.0,1.0,15.0,,15.0,<0> ,87.0,<0> ,1014.0,<0> ,2.7,<0> ,4.0,<0> ,22:22,187.0,<0> ,16.0,<0> ,0.0,<0> ,0.0,<0> 
05/22/2023 22:45,38.94791667,tjrtlmet,P,1.0,1.0,15.0,,15.0,<0> ,87.0,<0> ,1014.0,<0> ,2.2,<0> ,3.5,<0> ,22:33,166.0,<0> ,13.0,<0> ,0.0,<0> ,0.0,<0> 
05/22/2023 23:00,38.95833333,tjrtlmet,P,1.0,1.0,15.0,,15.0,<0> ,86.0,<0> ,1014.0,<0> ,2.4,<0> ,3.6,<0> ,22:51,185.0,<0> ,17.0,<0> ,0.0,<0> ,0.0,<0> 
05/22/2023 23:15,38.96875,tjrtlmet,P,1.0,1.0,15.0,,14.9,<0> ,86.0,<0> ,1014.0,<0> ,2.3,<0> ,3.5,<0> ,23:01,189.0,<0> ,16.0,<0> ,0.0,<0> ,0.0,<0> 
05/22/2023 23:30,38.97916667,tjrtlmet,P,1.0,1.0,15.0,,14.9,<0> ,86.0,<0> ,1014.0,<0> ,2.0,<0> ,3.6,<0> ,23:16,181.0,<0> ,14.0,<0> ,0.0,<0> ,0.0,<0> 
05/22/2023 23:45,38.98958333,tjrtlmet,P,1.0,1.0,15.0,,14.9,<0> ,86.0,<0> ,1014.0,<0> ,1.4,<0> ,2.8,<0> ,23:45,178.0,<0> ,15.0,<0> ,0.0,<0> ,0.0,<0> 
05/23/2023 00:00,39.0,tjrtlmet,P,1.0,1.0,15.0,,14.9,<0> ,87.0,<0> ,1014.0,<0> ,2.0,<0> ,3.7,<0> ,23:53,187.0,<0> ,16.0,<0> ,0.0,<0> ,0.0,<0> 
05/23/2023 00:15,39.01041667,tjrtlmet,P,1.0,1.0,15.0,,14.8,<0> ,87.0,<0> ,1014.0,<0> ,2.0,<0> ,3.0,<0> ,00:10,186.0,<0> ,14.0,<0> ,0.0,<0> ,0.0,<0> 
05/23/2023 00:30,39.02083333,tjrtlmet,P,1.0,1.0,15.0,,14.8,<0> ,87.0,<0> ,1014.0,<0> ,2.2,<0> ,3.7,<0> ,00:21,173.0,<0> ,14.0,<0> ,0.0,<0> ,0.0,<0> 
05/23/2023 00:45,39.03125,tjrtlmet,P,1.0,1.0,15.0,,14.8,<0> ,87.0,<0> ,1014.0,<0> ,1.8,<0> ,3.3,<0> ,00:41,167.0,<0> ,17.0,<0> ,0.0,<0> ,0.0,<0> 
05/23/2023 01:00,39.04166667,tjrtlmet,P,1.0,1.0,15.0,,14.8,<0> ,88.0,<0> ,1014.0,<0> ,1.7,<0> ,2.7,<0> ,00:53,157.0,<0> ,14.0,<0> ,0.0,<0> ,0.0,<0> 
05/23/2023 01:15,39.05208333,tjrtlmet,P,1.0,1.0,15.0,,14.7,<0> ,88.0,<0> ,1014.0,<0> ,1.8,<0> ,3.0,<0> ,01:02,158.0,<0> ,13.0,<0> ,0.0,<0> ,0.0,<0> 
05/23/2023 01:30,39.0625,tjrtlmet,P,1.0,1.0,15.0,,14.6,<0> ,89.0,<0> ,1014.0,<0> ,1.6,<0> ,2.6,<0> ,01:21,157.0,<0> ,16.0,<0> ,0.0,<0> ,0.0,<0> 
05/23/2023 01:45,39.07291667,tjrtlmet,P,1.0,1.0,15.0,,14.7,<0> ,89.0,<0> ,1014.0,<0> ,1.7,<0> ,3.5,<0> ,01:34,179.0,<0> ,13.0,<0> ,0.0,<0> ,0.0,<0> 
05/23/2023 02:00,39.08333333,tjrtlmet,P,1.0,1.0,15.0,,14.7,<0> ,88.0,<0> ,1014.0,<0> ,1.6,<0> ,3.1,<0> ,01:49,178.0,<0> ,19.0,<0> ,0.0,<0> ,0.0,<0> 
05/23/2023 02:15,39.09375,tjrtlmet,P,1.0,1.0,15.0,,14.7,<0> ,89.0,<0> ,1014.0,<0> ,1.6,<0> ,3.3,<0> ,02:01,189.0,<0> ,16.0,<0> ,0.0,<0> ,0.0,<0> 
05/23/2023 02:30,39.10416667,tjrtlmet,P,1.0,1.0,15.0,,14.7,<0> ,88.0,<0> ,1014.0,<0> ,1.4,<0> ,2.5,<0> ,02:29,181.0,<0> ,15.0,<0> ,0.0,<0> ,0.0,<0> 
05/23/2023 02:45,39.11458333,tjrtlmet,P,1.0,1.0,15.0,,14.6,<0> ,89.0,<0> ,1013.0,<0> ,1.4,<0> ,2.8,<0> ,02:30,175.0,<0> ,17.0,<0> ,0.0,<0> ,0.0,<0> 
05/23/2023 03:00,39.125,tjrtlmet,P,1.0,1.0,15.0,,14.5,<0> ,90.0,<0> ,1013.0,<0> ,1.2,<0> ,2.1,<0> ,02:46,195.0,<0> ,14.0,<0> ,0.0,<0> ,0.0,<0> 
05/23/2023 03:15,39.13541667,tjrtlmet,P,1.0,1.0,15.0,,14.5,<0> ,90.0,<0> ,1013.0,<0> ,1.0,<0> ,1.8,<0> ,03:13,189.0,<0> ,14.0,<0> ,0.0,<0> ,0.0,<0> 
05/23/2023 03:30,39.14583333,tjrtlmet,P,1.0,1.0,15.0,,14.5,<0> ,90.0,<0> ,1013.0,<0> ,1.1,<0> ,1.9,<0> ,03:15,183.0,<0> ,12.0,<0> ,0.0,<0> ,0.0,<0> 
05/23/2023 03:45,39.15625,tjrtlmet,P,1.0,1.0,15.0,,14.5,<0> ,89.0,<0> ,1013.0,<0> ,0.9,<0> ,1.5,<0> ,03:38,187.0,<0> ,13.0,<0> ,0.0,<0> ,0.0,<0> 
05/23/2023 04:00,39.16666667,tjrtlmet,P,1.0,1.0,15.0,,14.5,<0> ,89.0,<0> ,1013.0,<0> ,0.6,<0> ,1.2,<0> ,03:45,165.0,<0> ,9.0,<0> ,0.0,<0> ,0.0,<0> 
05/23/2023 04:15,39.17708333,tjrtlmet,P,1.0,1.0,15.0,,14.5,<0> ,89.0,<0> ,1013.0,<0> ,0.2,<0> ,1.1,<0> ,04:13,136.0,<0> ,25.0,<0> ,0.0,<0> ,0.0,<0> 
05/23/2023 04:30,39.1875,tjrtlmet,P,1.0,1.0,15.0,,14.6,<0> ,89.0,<0> ,1013.0,<0> ,0.7,<0> ,1.1,<0> ,04:25,195.0,<0> ,16.0,<0> ,0.0,<0> ,0.0,<0> 
05/23/2023 04:45,39.19791667,tjrtlmet,P,1.0,1.0,15.0,,14.6,<0> ,89.0,<0> ,1012.0,<0> ,0.9,<0> ,1.5,<0> ,04:39,184.0,<0> ,11.0,<0> ,1.1,<0> ,0.0,<0> 
05/23/2023 05:00,39.20833333,tjrtlmet,P,1.0,1.0,15.0,,14.6,<0> ,89.0,<0> ,1012.0,<0> ,0.6,<0> ,0.9,<0> ,04:56,182.0,<0> ,10.0,<0> ,6.7,<0> ,0.0,<0> 
05/23/2023 05:15,39.21875,tjrtlmet,P,1.0,1.0,15.0,,14.6,<0> ,90.0,<0> ,1012.0,<0> ,0.7,<0> ,1.2,<0> ,05:01,143.0,<0> ,9.0,<0> ,16.9,<0> ,0.0,<0> 
05/23/2023 05:30,39.22916667,tjrtlmet,P,1.0,1.0,15.0,,14.7,<0> ,89.0,<0> ,1012.0,<0> ,0.7,<0> ,1.3,<0> ,05:22,152.0,<0> ,15.0,<0> ,32.8,<0> ,0.0,<0> 
05/23/2023 05:45,39.23958333,tjrtlmet,P,1.0,1.0,15.0,,14.8,<0> ,89.0,<0> ,1012.0,<0> ,0.6,<0> ,1.3,<0> ,05:42,163.0,<0> ,15.0,<0> ,55.1,<0> ,0.0,<0> 
05/23/2023 06:00,39.25,tjrtlmet,P,1.0,1.0,15.0,,14.8,<0> ,89.0,<0> ,1012.0,<0> ,0.4,<0> ,0.9,<0> ,05:46,167.0,<0> ,19.0,<0> ,85.3,<0> ,0.0,<0> 
05/23/2023 06:15,39.26041667,tjrtlmet,P,1.0,1.0,15.0,,15.0,<0> ,89.0,<0> ,1012.0,<0> ,0.3,<0> ,0.7,<0> ,06:11,208.0,<0> ,14.0,<0> ,109.6,<0> ,0.0,<0> 
05/23/2023 06:30,39.27083333,tjrtlmet,P,1.0,1.0,15.0,,15.0,<0> ,89.0,<0> ,1012.0,<0> ,0.5,<0> ,1.3,<0> ,06:25,233.0,<0> ,27.0,<0> ,124.4,<0> ,0.0,<0> 
05/23/2023 06:45,39.28125,tjrtlmet,P,1.0,1.0,15.0,,15.1,<0> ,89.0,<0> ,1012.0,<0> ,1.0,<0> ,1.7,<0> ,06:39,263.0,<0> ,18.0,<0> ,148.9,<0> ,0.0,<0> 
05/23/2023 07:00,39.29166667,tjrtlmet,P,1.0,1.0,15.0,,15.2,<0> ,88.0,<0> ,1012.0,<0> ,1.3,<0> ,2.5,<0> ,06:59,252.0,<0> ,17.0,<0> ,172.2,<0> ,0.0,<0> 
05/23/2023 07:15,39.30208333,tjrtlmet,P,1.0,1.0,15.0,,15.3,<0> ,87.0,<0> ,1013.0,<0> ,1.5,<0> ,2.6,<0> ,07:12,256.0,<0> ,14.0,<0> ,219.9,<0> ,0.0,<0> 
05/23/2023 07:30,39.3125,tjrtlmet,P,1.0,1.0,15.0,,15.4,<0> ,87.0,<0> ,1013.0,<0> ,1.5,<0> ,2.4,<0> ,07:28,249.0,<0> ,22.0,<0> ,233.8,<0> ,0.0,<0> 
05/23/2023 07:45,39.32291667,tjrtlmet,P,1.0,1.0,15.0,,15.6,<0> ,87.0,<0> ,1013.0,<0> ,1.5,<0> ,2.8,<0> ,07:42,251.0,<0> ,15.0,<0> ,264.4,<0> ,0.0,<0> 
05/23/2023 08:00,39.33333333,tjrtlmet,P,1.0,1.0,15.0,,15.6,<0> ,86.0,<0> ,1013.0,<0> ,1.5,<0> ,2.4,<0> ,07:56,255.0,<0> ,16.0,<0> ,289.2,<0> ,0.0,<0> 
05/23/2023 08:15,39.34375,tjrtlmet,P,1.0,1.0,15.0,,15.7,<0> ,86.0,<0> ,1013.0,<0> ,1.9,<0> ,3.3,<0> ,08:12,247.0,<0> ,18.0,<0> ,324.8,<0> ,0.0,<0> 
05/23/2023 08:30,39.35416667,tjrtlmet,P,1.0,1.0,15.0,,15.6,<0> ,87.0,<0> ,1013.0,<0> ,2.0,<0> ,3.1,<0> ,08:22,251.0,<0> ,15.0,<0> ,340.8,<0> ,0.0,<0> 
05/23/2023 08:45,39.36458333,tjrtlmet,P,1.0,1.0,15.0,,15.6,<0> ,87.0,<0> ,1014.0,<0> ,1.9,<0> ,2.9,<0> ,08:42,233.0,<0> ,18.0,<0> ,298.7,<0> ,0.0,<0> 
05/23/2023 09:00,39.375,tjrtlmet,P,1.0,1.0,15.0,,15.6,<0> ,88.0,<0> ,1014.0,<0> ,1.9,<0> ,3.2,<0> ,08:59,224.0,<0> ,16.0,<0> ,349.7,<0> ,0.0,<0> 
05/23/2023 09:15,39.38541667,tjrtlmet,P,1.0,1.0,15.0,,15.9,<0> ,88.0,<0> ,1014.0,<0> ,2.1,<0> ,3.2,<0> ,09:14,209.0,<0> ,16.0,<0> ,456.5,<0> ,0.0,<0> 
05/23/2023 09:30,39.39583333,tjrtlmet,P,1.0,1.0,15.0,,15.6,<0> ,88.0,<0> ,1014.0,<0> ,2.3,<0> ,3.3,<0> ,09:18,204.0,<0> ,17.0,<0> ,368.9,<0> ,0.0,<0> 
05/23/2023 09:45,39.40625,tjrtlmet,P,1.0,1.0,15.0,,15.4,<0> ,89.0,<0> ,1014.0,<0> ,2.4,<0> ,3.8,<0> ,09:44,221.0,<0> ,16.0,<0> ,293.7,<0> ,0.0,<0> 
05/23/2023 10:00,39.41666667,tjrtlmet,P,1.0,1.0,15.0,,15.5,<0> ,88.0,<0> ,1014.0,<0> ,2.4,<0> ,3.8,<0> ,09:56,219.0,<0> ,14.0,<0> ,313.8,<0> ,0.0,<0> 
05/23/2023 10:15,39.42708333,tjrtlmet,P,1.0,1.0,15.0,,15.4,<0> ,89.0,<0> ,1014.0,<0> ,2.4,<0> ,3.8,<0> ,10:13,211.0,<0> ,13.0,<0> ,324.7,<0> ,0.0,<0> 
05/23/2023 10:30,39.4375,tjrtlmet,P,1.0,1.0,15.0,,15.8,<0> ,88.0,<0> ,1014.0,<0> ,2.6,<0> ,4.2,<0> ,10:19,203.0,<0> ,16.0,<0> ,573.0,<0> ,0.0,<0> 
05/23/2023 10:45,39.44791667,tjrtlmet,P,1.0,1.0,15.0,,15.9,<0> ,85.0,<0> ,1015.0,<0> ,2.6,<0> ,4.0,<0> ,10:31,195.0,<0> ,17.0,<0> ,479.3,<0> ,0.0,<0> 
05/23/2023 11:00,39.45833333,tjrtlmet,P,1.0,1.0,15.0,,15.7,<0> ,86.0,<0> ,1015.0,<0> ,2.6,<0> ,3.9,<0> ,10:55,203.0,<0> ,16.0,<0> ,468.7,<0> ,0.0,<0> 
05/23/2023 11:15,39.46875,tjrtlmet,P,1.0,1.0,15.0,,15.8,<0> ,85.0,<0> ,1015.0,<0> ,2.6,<0> ,4.2,<0> ,11:14,211.0,<0> ,15.0,<0> ,472.0,<0> ,0.0,<0> 
05/23/2023 11:30,39.47916667,tjrtlmet,P,1.0,1.0,15.0,,16.0,<0> ,83.0,<0> ,1015.0,<0> ,2.3,<0> ,3.6,<0> ,11:22,201.0,<0> ,15.0,<0> ,527.4,<0> ,0.0,<0> 
05/23/2023 11:45,39.48958333,tjrtlmet,P,1.0,1.0,15.0,,16.2,<0> ,82.0,<0> ,1015.0,<0> ,2.1,<0> ,3.9,<0> ,11:33,212.0,<0> ,20.0,<0> ,579.0,<0> ,0.0,<0> 
05/23/2023 12:00,39.5,tjrtlmet,P,1.0,1.0,15.0,,16.3,<0> ,80.0,<0> ,1014.0,<0> ,1.8,<0> ,3.1,<0> ,11:46,217.0,<0> ,22.0,<0> ,512.5,<0> ,0.0,<0> 
05/23/2023 12:15,39.51041667,tjrtlmet,P,1.0,1.0,15.0,,16.4,<0> ,80.0,<0> ,1014.0,<0> ,1.7,<0> ,3.0,<0> ,12:03,221.0,<0> ,17.0,<0> ,481.2,<0> ,0.0,<0> 
05/23/2023 12:30,39.52083333,tjrtlmet,P,1.0,1.0,15.0,,16.3,<0> ,82.0,<0> ,1014.0,<0> ,2.1,<0> ,3.2,<0> ,12:26,224.0,<0> ,14.0,<0> ,463.4,<0> ,0.0,<0> 
05/23/2023 12:45,39.53125,tjrtlmet,P,1.0,1.0,15.0,,16.4,<0> ,81.0,<0> ,1014.0,<0> ,2.1,<0> ,3.1,<0> ,12:35,238.0,<0> ,21.0,<0> ,664.8,<0> ,0.0,<0> 
05/23/2023 13:00,39.54166667,tjrtlmet,P,1.0,1.0,15.0,,16.9,<0> ,79.0,<0> ,1014.0,<0> ,2.3,<0> ,3.6,<0> ,12:58,238.0,<0> ,17.0,<0> ,783.5,<0> ,0.0,<0> 
05/23/2023 13:15,39.55208333,tjrtlmet,P,1.0,1.0,15.0,,16.9,<0> ,80.0,<0> ,1014.0,<0> ,2.5,<0> ,3.8,<0> ,13:05,248.0,<0> ,17.0,<0> ,760.1,<0> ,0.0,<0> 
05/23/2023 13:30,39.5625,tjrtlmet,P,1.0,1.0,15.0,,16.8,<0> ,80.0,<0> ,1014.0,<0> ,2.4,<0> ,3.4,<0> ,13:16,243.0,<0> ,15.0,<0> ,667.1,<0> ,0.0,<0> 
05/23/2023 13:45,39.57291667,tjrtlmet,P,1.0,1.0,15.0,,16.5,<0> ,81.0,<0> ,1014.0,<0> ,2.3,<0> ,3.3,<0> ,13:45,245.0,<0> ,16.0,<0> ,503.9,<0> ,0.0,<0> 
05/23/2023 14:00,39.58333333,tjrtlmet,P,1.0,1.0,15.0,,16.0,<0> ,83.0,<0> ,1014.0,<0> ,3.0,<0> ,4.6,<0> ,13:52,254.0,<0> ,11.0,<0> ,449.1,<0> ,0.0,<0> 
05/23/2023 14:15,39.59375,tjrtlmet,P,1.0,1.0,15.0,,16.0,<0> ,83.0,<0> ,1014.0,<0> ,3.0,<0> ,4.1,<0> ,14:07,267.0,<0> ,13.0,<0> ,612.3,<0> ,0.0,<0> 
05/23/2023 14:30,39.60416667,tjrtlmet,P,1.0,1.0,15.0,,16.2,<0> ,82.0,<0> ,1014.0,<0> ,2.9,<0> ,4.3,<0> ,14:18,261.0,<0> ,15.0,<0> ,652.7,<0> ,0.0,<0> 
05/23/2023 14:45,39.61458333,tjrtlmet,P,1.0,1.0,15.0,,16.0,<0> ,82.0,<0> ,1014.0,<0> ,2.7,<0> ,3.8,<0> ,14:35,260.0,<0> ,13.0,<0> ,486.5,<0> ,0.0,<0> 
05/23/2023 15:00,39.625,tjrtlmet,P,1.0,1.0,15.0,,16.0,<0> ,82.0,<0> ,1014.0,<0> ,2.2,<0> ,3.1,<0> ,14:45,254.0,<0> ,13.0,<0> ,392.9,<0> ,0.0,<0> 
05/23/2023 15:15,39.63541667,tjrtlmet,P,1.0,1.0,15.0,,16.0,<0> ,82.0,<0> ,1014.0,<0> ,1.9,<0> ,2.9,<0> ,15:02,256.0,<0> ,20.0,<0> ,399.5,<0> ,0.0,<0> 
05/23/2023 15:30,39.64583333,tjrtlmet,P,1.0,1.0,15.0,,16.2,<0> ,82.0,<0> ,1014.0,<0> ,1.9,<0> ,3.0,<0> ,15:19,274.0,<0> ,16.0,<0> ,490.8,<0> ,0.0,<0> 
05/23/2023 15:45,39.65625,tjrtlmet,P,1.0,1.0,15.0,,16.1,<0> ,82.0,<0> ,1014.0,<0> ,1.8,<0> ,3.0,<0> ,15:38,272.0,<0> ,16.0,<0> ,438.5,<0> ,0.0,<0> 
05/23/2023 16:00,39.66666667,tjrtlmet,P,1.0,1.0,15.0,,15.8,<0> ,83.0,<0> ,1014.0,<0> ,1.6,<0> ,3.0,<0> ,15:50,277.0,<0> ,16.0,<0> ,322.4,<0> ,0.0,<0> 
05/23/2023 16:15,39.67708333,tjrtlmet,P,1.0,1.0,15.0,,15.6,<0> ,83.0,<0> ,1013.0,<0> ,1.4,<0> ,2.1,<0> ,16:04,263.0,<0> ,16.0,<0> ,188.3,<0> ,0.0,<0> 
05/23/2023 16:30,39.6875,tjrtlmet,P,1.0,1.0,15.0,,15.4,<0> ,84.0,<0> ,1013.0,<0> ,1.1,<0> ,2.4,<0> ,16:22,286.0,<0> ,15.0,<0> ,197.7,<0> ,0.0,<0> 
05/23/2023 16:45,39.69791667,tjrtlmet,P,1.0,1.0,15.0,,15.6,<0> ,83.0,<0> ,1013.0,<0> ,1.0,<0> ,1.7,<0> ,16:30,272.0,<0> ,30.0,<0> ,239.3,<0> ,0.0,<0> 
05/23/2023 17:00,39.70833333,tjrtlmet,P,1.0,1.0,15.0,,15.7,<0> ,83.0,<0> ,1013.0,<0> ,1.0,<0> ,1.9,<0> ,16:49,277.0,<0> ,23.0,<0> ,202.7,<0> ,0.0,<0> 
05/23/2023 17:15,39.71875,tjrtlmet,P,1.0,1.0,15.0,,15.5,<0> ,83.0,<0> ,1013.0,<0> ,1.4,<0> ,2.3,<0> ,17:10,266.0,<0> ,14.0,<0> ,181.6,<0> ,0.0,<0> 
05/23/2023 17:30,39.72916667,tjrtlmet,P,1.0,1.0,15.0,,15.6,<0> ,83.0,<0> ,1013.0,<0> ,1.8,<0> ,2.8,<0> ,17:29,254.0,<0> ,13.0,<0> ,153.8,<0> ,0.0,<0> 
05/23/2023 17:45,39.73958333,tjrtlmet,P,1.0,1.0,15.0,,15.5,<0> ,83.0,<0> ,1013.0,<0> ,2.1,<0> ,3.1,<0> ,17:40,249.0,<0> ,12.0,<0> ,124.0,<0> ,0.0,<0> 
05/23/2023 18:00,39.75,tjrtlmet,P,1.0,1.0,15.0,,15.4,<0> ,83.0,<0> ,1013.0,<0> ,1.9,<0> ,3.1,<0> ,17:51,258.0,<0> ,14.0,<0> ,78.3,<0> ,0.0,<0> 
05/23/2023 18:15,39.76041667,tjrtlmet,P,1.0,1.0,15.0,,15.3,<0> ,83.0,<0> ,1013.0,<0> ,2.0,<0> ,3.1,<0> ,18:08,244.0,<0> ,12.0,<0> ,40.1,<0> ,0.0,<0> 
05/23/2023 18:30,39.77083333,tjrtlmet,P,1.0,1.0,15.0,,15.3,<0> ,84.0,<0> ,1013.0,<0> ,1.8,<0> ,2.9,<0> ,18:16,234.0,<0> ,18.0,<0> ,19.9,<0> ,0.0,<0> 
05/23/2023 18:45,39.78125,tjrtlmet,P,1.0,1.0,15.0,,15.2,<0> ,83.0,<0> ,1013.0,<0> ,2.0,<0> ,3.0,<0> ,18:31,244.0,<0> ,12.0,<0> ,7.6,<0> ,0.0,<0> 
05/23/2023 19:00,39.79166667,tjrtlmet,P,1.0,1.0,15.0,,15.1,<0> ,84.0,<0> ,1013.0,<0> ,2.0,<0> ,3.0,<0> ,18:53,265.0,<0> ,13.0,<0> ,1.0,<0> ,0.0,<0> 
05/23/2023 19:15,39.80208333,tjrtlmet,P,1.0,1.0,15.0,,15.2,<0> ,84.0,<0> ,1013.0,<0> ,1.9,<0> ,3.2,<0> ,19:13,264.0,<0> ,13.0,<0> ,0.0,<0> ,0.0,<0> 
05/23/2023 19:30,39.8125,tjrtlmet,P,1.0,1.0,15.0,,15.3,<0> ,83.0,<0> ,1013.0,<0> ,1.9,<0> ,3.4,<0> ,19:17,257.0,<0> ,14.0,<0> ,0.0,<0> ,0.0,<0> 
05/23/2023 19:45,39.82291667,tjrtlmet,P,1.0,1.0,15.0,,15.3,<0> ,82.0,<0> ,1013.0,<0> ,1.7,<0> ,2.9,<0> ,19:35,243.0,<0> ,15.0,<0> ,0.0,<0> ,0.0,<0> 
05/23/2023 20:00,39.83333333,tjrtlmet,P,1.0,1.0,15.0,,15.3,<0> ,82.0,<0> ,1013.0,<0> ,1.6,<0> ,2.5,<0> ,19:58,248.0,<0> ,12.0,<0> ,0.0,<0> ,0.0,<0> 
05/23/2023 20:15,39.84375,tjrtlmet,P,1.0,1.0,15.0,,15.3,<0> ,81.0,<0> ,1013.0,<0> ,1.5,<0> ,2.5,<0> ,20:06,209.0,<0> ,17.0,<0> ,0.0,<0> ,0.0,<0> 
05/23/2023 20:30,39.85416667,tjrtlmet,P,1.0,1.0,15.0,,15.2,<0> ,81.0,<0> ,1013.0,<0> ,1.7,<0> ,2.5,<0> ,20:25,226.0,<0> ,13.0,<0> ,0.0,<0> ,0.0,<0> 
05/23/2023 20:45,39.86458333,tjrtlmet,P,1.0,1.0,15.0,,15.2,<0> ,81.0,<0> ,1013.0,<0> ,1.5,<0> ,2.5,<0> ,20:30,227.0,<0> ,18.0,<0> ,0.0,<0> ,0.0,<0> 
05/23/2023 21:00,39.875,tjrtlmet,P,1.0,1.0,15.0,,15.2,<0> ,82.0,<0> ,1013.0,<0> ,1.0,<0> ,1.7,<0> ,20:49,238.0,<0> ,13.0,<0> ,0.0,<0> ,0.0,<0> 
05/23/2023 21:15,39.88541667,tjrtlmet,P,1.0,1.0,15.0,,15.2,<0> ,81.0,<0> ,1013.0,<0> ,0.8,<0> ,2.3,<0> ,21:10,219.0,<0> ,21.0,<0> ,0.0,<0> ,0.0,<0> 
05/23/2023 21:30,39.89583333,tjrtlmet,P,1.0,1.0,15.0,,15.2,<0> ,81.0,<0> ,1014.0,<0> ,1.1,<0> ,2.0,<0> ,21:25,248.0,<0> ,14.0,<0> ,0.0,<0> ,0.0,<0> 
05/23/2023 21:45,39.90625,tjrtlmet,P,1.0,1.0,15.0,,15.1,<0> ,82.0,<0> ,1014.0,<0> ,1.5,<0> ,2.5,<0> ,21:43,234.0,<0> ,10.0,<0> ,0.0,<0> ,0.0,<0> 
05/23/2023 22:00,39.91666667,tjrtlmet,P,1.0,1.0,15.0,,15.1,<0> ,81.0,<0> ,1013.0,<0> ,1.5,<0> ,2.7,<0> ,21:45,238.0,<0> ,15.0,<0> ,0.0,<0> ,0.0,<0> 
05/23/2023 22:15,39.92708333,tjrtlmet,P,1.0,1.0,15.0,,15.1,<0> ,81.0,<0> ,1013.0,<0> ,1.5,<0> ,2.6,<0> ,22:07,254.0,<0> ,13.0,<0> ,0.0,<0> ,0.0,<0> 
05/23/2023 22:30,39.9375,tjrtlmet,P,1.0,1.0,15.0,,15.1,<0> ,81.0,<0> ,1013.0,<0> ,1.5,<0> ,3.0,<0> ,22:22,243.0,<0> ,16.0,<0> ,0.0,<0> ,0.0,<0> 
05/23/2023 22:45,39.94791667,tjrtlmet,P,1.0,1.0,15.0,,15.1,<0> ,81.0,<0> ,1013.0,<0> ,1.9,<0> ,3.0,<0> ,22:41,218.0,<0> ,15.0,<0> ,0.0,<0> ,0.0,<0> 
05/23/2023 23:00,39.95833333,tjrtlmet,P,1.0,1.0,15.0,,15.1,<0> ,81.0,<0> ,1013.0,<0> ,2.1,<0> ,3.1,<0> ,22:59,236.0,<0> ,12.0,<0> ,0.0,<0> ,0.0,<0> 
05/23/2023 23:15,39.96875,tjrtlmet,P,1.0,1.0,15.0,,15.1,<0> ,81.0,<0> ,1013.0,<0> ,1.9,<0> ,3.0,<0> ,23:01,226.0,<0> ,12.0,<0> ,0.0,<0> ,0.0,<0> 
05/23/2023 23:30,39.97916667,tjrtlmet,P,1.0,1.0,15.0,,15.0,<0> ,82.0,<0> ,1013.0,<0> ,2.2,<0> ,3.8,<0> ,23:22,232.0,<0> ,14.0,<0> ,0.0,<0> ,0.0,<0> 
05/23/2023 23:45,39.98958333,tjrtlmet,P,1.0,1.0,15.0,,14.9,<0> ,82.0,<0> ,1013.0,<0> ,2.0,<0> ,3.2,<0> ,23:30,251.0,<0> ,14.0,<0> ,0.0,<0> ,0.0,<0> 
05/24/2023 00:00,40.0,tjrtlmet,P,1.0,1.0,15.0,,15.0,<0> ,82.0,<0> ,1013.0,<0> ,1.4,<0> ,2.5,<0> ,23:55,237.0,<0> ,15.0,<0> ,0.0,<0> ,0.0,<0> 
05/24/2023 00:15,40.01041667,tjrtlmet,P,1.0,1.0,15.0,,14.9,<0> ,82.0,<0> ,1013.0,<0> ,2.0,<0> ,3.2,<0> ,00:05,244.0,<0> ,20.0,<0> ,0.0,<0> ,0.0,<0> 
05/24/2023 00:30,40.02083333,tjrtlmet,P,1.0,1.0,15.0,,14.8,<0> ,82.0,<0> ,1013.0,<0> ,2.0,<0> ,3.0,<0> ,00:22,261.0,<0> ,11.0,<0> ,0.0,<0> ,0.0,<0> 
05/24/2023 00:45,40.03125,tjrtlmet,P,1.0,1.0,15.0,,14.8,<0> ,82.0,<0> ,1013.0,<0> ,2.3,<0> ,3.2,<0> ,00:42,263.0,<0> ,11.0,<0> ,0.0,<0> ,0.0,<0> 
05/24/2023 01:00,40.04166667,tjrtlmet,P,1.0,1.0,15.0,,14.7,<0> ,82.0,<0> ,1013.0,<0> ,2.1,<0> ,3.3,<0> ,00:46,257.0,<0> ,13.0,<0> ,0.0,<0> ,0.0,<0> 
05/24/2023 01:15,40.05208333,tjrtlmet,P,1.0,1.0,15.0,,14.6,<0> ,82.0,<0> ,1013.0,<0> ,1.5,<0> ,3.0,<0> ,01:05,234.0,<0> ,18.0,<0> ,0.0,<0> ,0.0,<0> 
05/24/2023 01:30,40.0625,tjrtlmet,P,1.0,1.0,15.0,,14.6,<0> ,82.0,<0> ,1013.0,<0> ,1.7,<0> ,2.9,<0> ,01:28,242.0,<0> ,16.0,<0> ,0.0,<0> ,0.0,<0> 
05/24/2023 01:45,40.07291667,tjrtlmet,P,1.0,1.0,15.0,,14.5,<0> ,83.0,<0> ,1013.0,<0> ,1.6,<0> ,2.8,<0> ,01:37,260.0,<0> ,13.0,<0> ,0.0,<0> ,0.0,<0> 
05/24/2023 02:00,40.08333333,tjrtlmet,P,1.0,1.0,15.0,,14.5,<0> ,84.0,<0> ,1013.0,<0> ,1.2,<0> ,2.2,<0> ,01:53,233.0,<0> ,17.0,<0> ,0.0,<0> ,0.0,<0> 
05/24/2023 02:15,40.09375,tjrtlmet,P,1.0,1.0,15.0,,14.4,<0> ,85.0,<0> ,1013.0,<0> ,1.2,<0> ,2.0,<0> ,02:05,246.0,<0> ,14.0,<0> ,0.0,<0> ,0.0,<0> 
05/24/2023 02:30,40.10416667,tjrtlmet,P,1.0,1.0,15.0,,14.4,<0> ,85.0,<0> ,1013.0,<0> ,1.2,<0> ,2.0,<0> ,02:15,216.0,<0> ,15.0,<0> ,0.0,<0> ,0.0,<0> 
05/24/2023 02:45,40.11458333,tjrtlmet,P,1.0,1.0,15.0,,14.4,<0> ,85.0,<0> ,1013.0,<0> ,1.2,<0> ,2.4,<0> ,02:38,210.0,<0> ,17.0,<0> ,0.0,<0> ,0.0,<0> 
05/24/2023 03:00,40.125,tjrtlmet,P,1.0,1.0,15.0,,14.4,<0> ,84.0,<0> ,1013.0,<0> ,1.3,<0> ,2.2,<0> ,02:48,234.0,<0> ,15.0,<0> ,0.0,<0> ,0.0,<0> 
05/24/2023 03:15,40.13541667,tjrtlmet,P,1.0,1.0,15.0,,14.4,<0> ,85.0,<0> ,1013.0,<0> ,1.2,<0> ,2.2,<0> ,03:13,226.0,<0> ,14.0,<0> ,0.0,<0> ,0.0,<0> 
05/24/2023 03:30,40.14583333,tjrtlmet,P,1.0,1.0,15.0,,14.2,<0> ,85.0,<0> ,1013.0,<0> ,1.6,<0> ,2.5,<0> ,03:18,234.0,<0> ,13.0,<0> ,0.0,<0> ,0.0,<0> 
05/24/2023 03:45,40.15625,tjrtlmet,P,1.0,1.0,15.0,,14.1,<0> ,86.0,<0> ,1013.0,<0> ,1.3,<0> ,1.8,<0> ,03:33,236.0,<0> ,15.0,<0> ,0.0,<0> ,0.0,<0> 
05/24/2023 04:00,40.16666667,tjrtlmet,P,1.0,1.0,15.0,,14.0,<0> ,86.0,<0> ,1013.0,<0> ,1.4,<0> ,2.4,<0> ,03:59,238.0,<0> ,14.0,<0> ,0.0,<0> ,0.0,<0> 
05/24/2023 04:15,40.17708333,tjrtlmet,P,1.0,1.0,15.0,,14.0,<0> ,87.0,<0> ,1013.0,<0> ,1.3,<0> ,2.2,<0> ,04:00,231.0,<0> ,17.0,<0> ,0.0,<0> ,0.0,<0> 
05/24/2023 04:30,40.1875,tjrtlmet,P,1.0,1.0,15.0,,14.0,<0> ,87.0,<0> ,1013.0,<0> ,1.5,<0> ,2.4,<0> ,04:28,237.0,<0> ,19.0,<0> ,0.0,<0> ,0.0,<0> 
05/24/2023 04:45,40.19791667,tjrtlmet,P,1.0,1.0,15.0,,14.0,<0> ,86.0,<0> ,1013.0,<0> ,1.3,<0> ,2.3,<0> ,04:34,244.0,<0> ,17.0,<0> ,0.5,<0> ,0.0,<0> 
05/24/2023 05:00,40.20833333,tjrtlmet,P,1.0,1.0,15.0,,14.1,<0> ,85.0,<0> ,1013.0,<0> ,1.0,<0> ,1.7,<0> ,04:46,240.0,<0> ,15.0,<0> ,4.2,<0> ,0.0,<0> 
05/24/2023 05:15,40.21875,tjrtlmet,P,1.0,1.0,15.0,,14.1,<0> ,85.0,<0> ,1013.0,<0> ,1.0,<0> ,2.0,<0> ,05:13,221.0,<0> ,17.0,<0> ,10.5,<0> ,0.0,<0> 
05/24/2023 05:30,40.22916667,tjrtlmet,P,1.0,1.0,15.0,,14.2,<0> ,85.0,<0> ,1013.0,<0> ,0.8,<0> ,1.4,<0> ,05:21,208.0,<0> ,16.0,<0> ,20.2,<0> ,0.0,<0> 
05/24/2023 05:45,40.23958333,tjrtlmet,P,1.0,1.0,15.0,,14.3,<0> ,85.0,<0> ,1013.0,<0> ,1.1,<0> ,2.3,<0> ,05:33,198.0,<0> ,12.0,<0> ,31.2,<0> ,0.0,<0> 
05/24/2023 06:00,40.25,tjrtlmet,P,1.0,1.0,15.0,,14.4,<0> ,85.0,<0> ,1014.0,<0> ,1.0,<0> ,1.7,<0> ,05:48,221.0,<0> ,14.0,<0> ,60.6,<0> ,0.0,<0> 
05/24/2023 06:15,40.26041667,tjrtlmet,P,1.0,1.0,15.0,,14.5,<0> ,84.0,<0> ,1014.0,<0> ,1.1,<0> ,2.8,<0> ,06:12,225.0,<0> ,15.0,<0> ,77.9,<0> ,0.0,<0> 
05/24/2023 06:30,40.27083333,tjrtlmet,P,1.0,1.0,15.0,,14.6,<0> ,82.0,<0> ,1014.0,<0> ,1.4,<0> ,2.6,<0> ,06:29,242.0,<0> ,20.0,<0> ,98.8,<0> ,0.0,<0> 
05/24/2023 06:45,40.28125,tjrtlmet,P,1.0,1.0,15.0,,14.7,<0> ,82.0,<0> ,1014.0,<0> ,2.2,<0> ,3.5,<0> ,06:35,256.0,<0> ,13.0,<0> ,105.4,<0> ,0.0,<0> 
05/24/2023 07:00,40.29166667,tjrtlmet,P,1.0,1.0,15.0,,14.7,<0> ,81.0,<0> ,1014.0,<0> ,2.3,<0> ,3.8,<0> ,06:54,256.0,<0> ,12.0,<0> ,127.6,<0> ,0.0,<0> 
05/24/2023 07:15,40.30208333,tjrtlmet,P,1.0,1.0,15.0,,14.8,<0> ,81.0,<0> ,1014.0,<0> ,1.8,<0> ,3.1,<0> ,07:02,241.0,<0> ,14.0,<0> ,157.4,<0> ,0.0,<0> 
05/24/2023 07:30,40.3125,tjrtlmet,P,1.0,1.0,15.0,,15.0,<0> ,80.0,<0> ,1014.0,<0> ,1.7,<0> ,2.6,<0> ,07:26,246.0,<0> ,15.0,<0> ,168.9,<0> ,0.0,<0> 
05/24/2023 07:45,40.32291667,tjrtlmet,P,1.0,1.0,15.0,,15.0,<0> ,80.0,<0> ,1014.0,<0> ,2.1,<0> ,3.4,<0> ,07:42,236.0,<0> ,16.0,<0> ,194.9,<0> ,0.0,<0> 
05/24/2023 08:00,40.33333333,tjrtlmet,P,1.0,1.0,15.0,,15.0,<0> ,80.0,<0> ,1014.0,<0> ,2.2,<0> ,3.5,<0> ,07:51,255.0,<0> ,14.0,<0> ,267.1,<0> ,0.0,<0> 
05/24/2023 08:15,40.34375,tjrtlmet,P,1.0,1.0,15.0,,15.3,<0> ,79.0,<0> ,1014.0,<0> ,2.2,<0> ,3.6,<0> ,08:14,253.0,<0> ,14.0,<0> ,338.4,<0> ,0.0,<0> 
05/24/2023 08:30,40.35416667,tjrtlmet,P,1.0,1.0,15.0,,15.3,<0> ,78.0,<0> ,1014.0,<0> ,2.1,<0> ,3.3,<0> ,08:17,252.0,<0> ,16.0,<0> ,337.8,<0> ,0.0,<0> 
05/24/2023 08:45,40.36458333,tjrtlmet,P,1.0,1.0,15.0,,15.2,<0> ,78.0,<0> ,1014.0,<0> ,1.9,<0> ,3.2,<0> ,08:31,244.0,<0> ,17.0,<0> ,294.4,<0> ,0.0,<0> 
05/24/2023 09:00,40.375,tjrtlmet,P,1.0,1.0,15.0,,15.3,<0> ,78.0,<0> ,1014.0,<0> ,2.1,<0> ,3.3,<0> ,08:51,241.0,<0> ,18.0,<0> ,330.5,<0> ,0.0,<0> 
05/24/2023 09:15,40.38541667,tjrtlmet,P,1.0,1.0,15.0,,15.4,<0> ,77.0,<0> ,1015.0,<0> ,2.1,<0> ,3.4,<0> ,09:14,238.0,<0> ,20.0,<0> ,347.1,<0> ,0.0,<0> 
05/24/2023 09:30,40.39583333,tjrtlmet,P,1.0,1.0,15.0,,15.4,<0> ,77.0,<0> ,1015.0,<0> ,2.3,<0> ,3.4,<0> ,09:28,241.0,<0> ,14.0,<0> ,358.0,<0> ,0.0,<0> 
05/24/2023 09:45,40.40625,tjrtlmet,P,1.0,1.0,15.0,,15.4,<0> ,77.0,<0> ,1015.0,<0> ,2.2,<0> ,3.8,<0> ,09:30,243.0,<0> ,17.0,<0> ,409.9,<0> ,0.0,<0> 
05/24/2023 10:00,40.41666667,tjrtlmet,P,1.0,1.0,15.0,,15.6,<0> ,76.0,<0> ,1015.0,<0> ,2.2,<0> ,3.4,<0> ,09:51,243.0,<0> ,18.0,<0> ,494.5,<0> ,0.0,<0> 
05/24/2023 10:15,40.42708333,tjrtlmet,P,1.0,1.0,15.0,,15.8,<0> ,75.0,<0> ,1015.0,<0> ,2.1,<0> ,3.7,<0> ,10:09,228.0,<0> ,17.0,<0> ,541.7,<0> ,0.0,<0> 
05/24/2023 10:30,40.4375,tjrtlmet,P,1.0,1.0,15.0,,15.8,<0> ,75.0,<0> ,1015.0,<0> ,1.9,<0> ,3.5,<0> ,10:30,246.0,<0> ,18.0,<0> ,569.0,<0> ,0.0,<0> 
05/24/2023 10:45,40.44791667,tjrtlmet,P,1.0,1.0,15.0,,15.9,<0> ,74.0,<0> ,1015.0,<0> ,2.2,<0> ,3.9,<0> ,10:37,241.0,<0> ,14.0,<0> ,585.8,<0> ,0.0,<0> 
05/24/2023 11:00,40.45833333,tjrtlmet,P,1.0,1.0,15.0,,16.0,<0> ,74.0,<0> ,1015.0,<0> ,2.2,<0> ,3.9,<0> ,10:46,255.0,<0> ,15.0,<0> ,651.1,<0> ,0.0,<0> 
05/24/2023 11:15,40.46875,tjrtlmet,P,1.0,1.0,15.0,,16.1,<0> ,73.0,<0> ,1015.0,<0> ,2.1,<0> ,3.3,<0> ,11:01,246.0,<0> ,17.0,<0> ,669.0,<0> ,0.0,<0> 
05/24/2023 11:30,40.47916667,tjrtlmet,P,1.0,1.0,15.0,,16.3,<0> ,72.0,<0> ,1014.0,<0> ,2.1,<0> ,3.5,<0> ,11:28,255.0,<0> ,16.0,<0> ,770.7,<0> ,0.0,<0> 
05/24/2023 11:45,40.48958333,tjrtlmet,P,1.0,1.0,15.0,,16.4,<0> ,71.0,<0> ,1014.0,<0> ,2.0,<0> ,3.7,<0> ,11:32,253.0,<0> ,18.0,<0> ,864.5,<0> ,0.0,<0> 
05/24/2023 12:00,40.5,tjrtlmet,P,1.0,1.0,15.0,,16.6,<0> ,70.0,<0> ,1014.0,<0> ,2.1,<0> ,3.4,<0> ,11:55,240.0,<0> ,21.0,<0> ,882.5,<0> ,0.0,<0> 
05/24/2023 12:15,40.51041667,tjrtlmet,P,1.0,1.0,15.0,,16.6,<0> ,70.0,<0> ,1014.0,<0> ,1.9,<0> ,2.9,<0> ,12:14,235.0,<0> ,23.0,<0> ,787.4,<0> ,0.0,<0> 
05/24/2023 12:30,40.52083333,tjrtlmet,P,1.0,1.0,15.0,,16.5,<0> ,71.0,<0> ,1014.0,<0> ,2.1,<0> ,3.1,<0> ,12:16,272.0,<0> ,17.0,<0> ,721.9,<0> ,0.0,<0> 
05/24/2023 12:45,40.53125,tjrtlmet,P,1.0,1.0,15.0,,16.4,<0> ,71.0,<0> ,1014.0,<0> ,2.2,<0> ,3.3,<0> ,12:41,255.0,<0> ,22.0,<0> ,745.1,<0> ,0.0,<0> 
05/24/2023 13:00,40.54166667,tjrtlmet,P,1.0,1.0,15.0,,16.5,<0> ,71.0,<0> ,1014.0,<0> ,2.2,<0> ,3.2,<0> ,12:57,268.0,<0> ,19.0,<0> ,712.1,<0> ,0.0,<0> 
05/24/2023 13:15,40.55208333,tjrtlmet,P,1.0,1.0,15.0,,16.4,<0> ,72.0,<0> ,1014.0,<0> ,2.3,<0> ,3.8,<0> ,13:06,263.0,<0> ,15.0,<0> ,675.5,<0> ,0.0,<0> 
05/24/2023 13:30,40.5625,tjrtlmet,P,1.0,1.0,15.0,,16.5,<0> ,71.0,<0> ,1014.0,<0> ,2.3,<0> ,3.8,<0> ,13:26,261.0,<0> ,16.0,<0> ,699.3,<0> ,0.0,<0> 
05/24/2023 13:45,40.57291667,tjrtlmet,P,1.0,1.0,15.0,,16.7,<0> ,70.0,<0> ,1014.0,<0> ,2.3,<0> ,3.4,<0> ,13:39,248.0,<0> ,17.0,<0> ,786.0,<0> ,0.0,<0> 
05/24/2023 14:00,40.58333333,tjrtlmet,P,1.0,1.0,15.0,,16.8,<0> ,68.0,<0> ,1014.0,<0> ,2.4,<0> ,3.9,<0> ,13:57,231.0,<0> ,16.0,<0> ,791.9,<0> ,0.0,<0> 
05/24/2023 14:15,40.59375,tjrtlmet,P,1.0,1.0,15.0,,16.9,<0> ,68.0,<0> ,1014.0,<0> ,2.9,<0> ,4.4,<0> ,14:12,224.0,<0> ,16.0,<0> ,789.3,<0> ,0.0,<0> 
05/24/2023 14:30,40.60416667,tjrtlmet,P,1.0,1.0,15.0,,17.0,<0> ,68.0,<0> ,1013.0,<0> ,2.7,<0> ,4.0,<0> ,14:18,234.0,<0> ,16.0,<0> ,735.7,<0> ,0.0,<0> 
05/24/2023 14:45,40.61458333,tjrtlmet,P,1.0,1.0,15.0,,17.0,<0> ,68.0,<0> ,1013.0,<0> ,2.3,<0> ,4.1,<0> ,14:30,235.0,<0> ,18.0,<0> ,708.3,<0> ,0.0,<0> 
05/24/2023 15:00,40.625,tjrtlmet,P,1.0,1.0,15.0,,17.0,<0> ,67.0,<0> ,1013.0,<0> ,2.3,<0> ,3.7,<0> ,14:51,223.0,<0> ,15.0,<0> ,719.2,<0> ,0.0,<0> 
05/24/2023 15:15,40.63541667,tjrtlmet,P,1.0,1.0,15.0,,17.4,<0> ,66.0,<0> ,1013.0,<0> ,2.0,<0> ,3.1,<0> ,15:06,230.0,<0> ,21.0,<0> ,793.3,<0> ,0.0,<0> 
05/24/2023 15:30,40.64583333,tjrtlmet,P,1.0,1.0,15.0,,17.4,<0> ,66.0,<0> ,1013.0,<0> ,2.0,<0> ,3.4,<0> ,15:19,225.0,<0> ,20.0,<0> ,723.8,<0> ,0.0,<0> 
05/24/2023 15:45,40.65625,tjrtlmet,P,1.0,1.0,15.0,,17.4,<0> ,68.0,<0> ,1013.0,<0> ,2.3,<0> ,3.4,<0> ,15:40,252.0,<0> ,15.0,<0> ,753.5,<0> ,0.0,<0> 
05/24/2023 16:00,40.66666667,tjrtlmet,P,1.0,1.0,15.0,,17.3,<0> ,68.0,<0> ,1013.0,<0> ,2.4,<0> ,3.5,<0> ,15:49,253.0,<0> ,15.0,<0> ,665.6,<0> ,0.0,<0> 
05/24/2023 16:15,40.67708333,tjrtlmet,P,1.0,1.0,15.0,,17.0,<0> ,68.0,<0> ,1013.0,<0> ,2.2,<0> ,3.3,<0> ,16:12,256.0,<0> ,17.0,<0> ,545.0,<0> ,0.0,<0> 
05/24/2023 16:30,40.6875,tjrtlmet,P,1.0,1.0,15.0,,16.8,<0> ,69.0,<0> ,1013.0,<0> ,2.0,<0> ,3.1,<0> ,16:26,260.0,<0> ,15.0,<0> ,455.3,<0> ,0.0,<0> 
05/24/2023 16:45,40.69791667,tjrtlmet,P,1.0,1.0,15.0,,16.6,<0> ,72.0,<0> ,1012.0,<0> ,2.4,<0> ,3.5,<0> ,16:38,267.0,<0> ,12.0,<0> ,388.9,<0> ,0.0,<0> 
05/24/2023 17:00,40.70833333,tjrtlmet,P,1.0,1.0,15.0,,16.3,<0> ,73.0,<0> ,1012.0,<0> ,2.3,<0> ,3.4,<0> ,16:45,273.0,<0> ,14.0,<0> ,335.5,<0> ,0.0,<0> 
05/24/2023 17:15,40.71875,tjrtlmet,P,1.0,1.0,15.0,,16.1,<0> ,74.0,<0> ,1012.0,<0> ,2.3,<0> ,3.5,<0> ,17:13,272.0,<0> ,12.0,<0> ,264.9,<0> ,0.0,<0> 
05/24/2023 17:30,40.72916667,tjrtlmet,P,1.0,1.0,15.0,,15.9,<0> ,75.0,<0> ,1012.0,<0> ,2.3,<0> ,3.3,<0> ,17:22,275.0,<0> ,12.0,<0> ,204.4,<0> ,0.0,<0> 
05/24/2023 17:45,40.73958333,tjrtlmet,P,1.0,1.0,15.0,,15.8,<0> ,76.0,<0> ,1012.0,<0> ,2.0,<0> ,3.2,<0> ,17:40,272.0,<0> ,12.0,<0> ,161.2,<0> ,0.0,<0> 
05/24/2023 18:00,40.75,tjrtlmet,P,1.0,1.0,15.0,,15.6,<0> ,77.0,<0> ,1012.0,<0> ,2.2,<0> ,3.3,<0> ,17:50,277.0,<0> ,13.0,<0> ,125.8,<0> ,0.0,<0> 
05/24/2023 18:15,40.76041667,tjrtlmet,P,1.0,1.0,15.0,,15.4,<0> ,79.0,<0> ,1012.0,<0> ,2.3,<0> ,3.3,<0> ,18:08,279.0,<0> ,13.0,<0> ,79.1,<0> ,0.0,<0> 
05/24/2023 18:30,40.77083333,tjrtlmet,P,1.0,1.0,15.0,,15.2,<0> ,80.0,<0> ,1012.0,<0> ,2.6,<0> ,3.8,<0> ,18:22,280.0,<0> ,12.0,<0> ,33.2,<0> ,0.0,<0> 
05/24/2023 18:45,40.78125,tjrtlmet,P,1.0,1.0,15.0,,15.2,<0> ,80.0,<0> ,1012.0,<0> ,2.3,<0> ,3.4,<0> ,18:30,272.0,<0> ,19.0,<0> ,11.0,<0> ,0.0,<0> 
05/24/2023 19:00,40.79166667,tjrtlmet,P,1.0,1.0,15.0,,15.2,<0> ,78.0,<0> ,1012.0,<0> ,2.8,<0> ,4.1,<0> ,18:52,265.0,<0> ,13.0,<0> ,1.8,<0> ,0.0,<0> 
05/24/2023 19:15,40.80208333,tjrtlmet,P,1.0,1.0,15.0,,15.3,<0> ,75.0,<0> ,1013.0,<0> ,2.2,<0> ,3.9,<0> ,19:02,252.0,<0> ,12.0,<0> ,0.0,<0> ,0.0,<0> 
05/24/2023 19:30,40.8125,tjrtlmet,P,1.0,1.0,15.0,,15.3,<0> ,74.0,<0> ,1013.0,<0> ,2.3,<0> ,3.9,<0> ,19:22,236.0,<0> ,13.0,<0> ,0.0,<0> ,0.0,<0> 
05/24/2023 19:45,40.82291667,tjrtlmet,P,1.0,1.0,15.0,,15.3,<0> ,73.0,<0> ,1013.0,<0> ,1.8,<0> ,3.5,<0> ,19:32,222.0,<0> ,15.0,<0> ,0.0,<0> ,0.0,<0> 
05/24/2023 20:00,40.83333333,tjrtlmet,P,1.0,1.0,15.0,,15.3,<0> ,73.0,<0> ,1013.0,<0> ,2.1,<0> ,3.2,<0> ,19:47,222.0,<0> ,15.0,<0> ,0.0,<0> ,0.0,<0> 
05/24/2023 20:15,40.84375,tjrtlmet,P,1.0,1.0,15.0,,15.2,<0> ,73.0,<0> ,1012.0,<0> ,2.6,<0> ,4.0,<0> ,20:14,219.0,<0> ,11.0,<0> ,0.0,<0> ,0.0,<0> 
05/24/2023 20:30,40.85416667,tjrtlmet,P,1.0,1.0,15.0,,15.2,<0> ,73.0,<0> ,1012.0,<0> ,2.7,<0> ,4.4,<0> ,20:27,214.0,<0> ,13.0,<0> ,0.0,<0> ,0.0,<0> 
05/24/2023 20:45,40.86458333,tjrtlmet,P,1.0,1.0,15.0,,15.2,<0> ,72.0,<0> ,1012.0,<0> ,2.4,<0> ,3.5,<0> ,20:33,219.0,<0> ,12.0,<0> ,0.0,<0> ,0.0,<0> 
05/24/2023 21:00,40.875,tjrtlmet,P,1.0,1.0,15.0,,15.2,<0> ,71.0,<0> ,1013.0,<0> ,2.2,<0> ,4.1,<0> ,20:49,214.0,<0> ,12.0,<0> ,0.0,<0> ,0.0,<0> 
05/24/2023 21:15,40.88541667,tjrtlmet,P,1.0,1.0,15.0,,15.2,<0> ,72.0,<0> ,1013.0,<0> ,1.8,<0> ,3.5,<0> ,21:03,209.0,<0> ,14.0,<0> ,0.0,<0> ,0.0,<0> 
05/24/2023 21:30,40.89583333,tjrtlmet,P,1.0,1.0,15.0,,15.2,<0> ,72.0,<0> ,1013.0,<0> ,1.8,<0> ,3.3,<0> ,21:23,217.0,<0> ,15.0,<0> ,0.0,<0> ,0.0,<0> 
05/24/2023 21:45,40.90625,tjrtlmet,P,1.0,1.0,15.0,,15.1,<0> ,73.0,<0> ,1013.0,<0> ,1.3,<0> ,2.1,<0> ,21:37,221.0,<0> ,16.0,<0> ,0.0,<0> ,0.0,<0> 
05/24/2023 22:00,40.91666667,tjrtlmet,P,1.0,1.0,15.0,,15.1,<0> ,73.0,<0> ,1013.0,<0> ,1.5,<0> ,2.2,<0> ,21:52,222.0,<0> ,11.0,<0> ,0.0,<0> ,0.0,<0> 
05/24/2023 22:15,40.92708333,tjrtlmet,P,1.0,1.0,15.0,,15.2,<0> ,73.0,<0> ,1013.0,<0> ,1.7,<0> ,2.7,<0> ,22:14,226.0,<0> ,15.0,<0> ,0.0,<0> ,0.0,<0> 
05/24/2023 22:30,40.9375,tjrtlmet,P,1.0,1.0,15.0,,15.1,<0> ,75.0,<0> ,1012.0,<0> ,2.0,<0> ,3.0,<0> ,22:24,254.0,<0> ,12.0,<0> ,0.0,<0> ,0.0,<0> 
05/24/2023 22:45,40.94791667,tjrtlmet,P,1.0,1.0,15.0,,15.0,<0> ,75.0,<0> ,1012.0,<0> ,1.7,<0> ,2.5,<0> ,22:33,257.0,<0> ,11.0,<0> ,0.0,<0> ,0.0,<0> 
05/24/2023 23:00,40.95833333,tjrtlmet,P,1.0,1.0,15.0,,15.0,<0> ,75.0,<0> ,1012.0,<0> ,1.6,<0> ,2.6,<0> ,22:49,260.0,<0> ,11.0,<0> ,0.0,<0> ,0.0,<0> 
05/24/2023 23:15,40.96875,tjrtlmet,P,1.0,1.0,15.0,,15.0,<0> ,74.0,<0> ,1012.0,<0> ,1.5,<0> ,2.5,<0> ,23:06,262.0,<0> ,10.0,<0> ,0.0,<0> ,0.0,<0> 
05/24/2023 23:30,40.97916667,tjrtlmet,P,1.0,1.0,15.0,,14.9,<0> ,74.0,<0> ,1012.0,<0> ,1.2,<0> ,2.1,<0> ,23:16,261.0,<0> ,10.0,<0> ,0.0,<0> ,0.0,<0> 
05/24/2023 23:45,40.98958333,tjrtlmet,P,1.0,1.0,15.0,,14.9,<0> ,74.0,<0> ,1012.0,<0> ,0.7,<0> ,1.4,<0> ,23:42,261.0,<0> ,9.0,<0> ,0.0,<0> ,0.0,<0> 
05/25/2023 00:00,41.0,tjrtlmet,P,1.0,1.0,15.0,,14.9,<0> ,73.0,<0> ,1012.0,<0> ,1.4,<0> ,2.9,<0> ,23:53,255.0,<0> ,16.0,<0> ,0.0,<0> ,0.0,<0> 
05/25/2023 00:15,41.01041667,tjrtlmet,P,1.0,1.0,15.0,,14.9,<0> ,73.0,<0> ,1012.0,<0> ,1.1,<0> ,1.9,<0> ,00:14,261.0,<0> ,12.0,<0> ,0.0,<0> ,0.0,<0> 
05/25/2023 00:30,41.02083333,tjrtlmet,P,1.0,1.0,15.0,,14.9,<0> ,72.0,<0> ,1012.0,<0> ,1.1,<0> ,2.2,<0> ,00:18,245.0,<0> ,19.0,<0> ,0.0,<0> ,0.0,<0> 
05/25/2023 00:45,41.03125,tjrtlmet,P,1.0,1.0,15.0,,14.9,<0> ,72.0,<0> ,1012.0,<0> ,1.8,<0> ,3.0,<0> ,00:36,268.0,<0> ,12.0,<0> ,0.0,<0> ,0.0,<0> 
05/25/2023 01:00,41.04166667,tjrtlmet,P,1.0,1.0,15.0,,14.8,<0> ,72.0,<0> ,1012.0,<0> ,1.5,<0> ,2.8,<0> ,00:52,262.0,<0> ,13.0,<0> ,0.0,<0> ,0.0,<0> 
05/25/2023 01:15,41.05208333,tjrtlmet,P,1.0,1.0,15.0,,14.8,<0> ,71.0,<0> ,1012.0,<0> ,1.6,<0> ,2.8,<0> ,01:01,270.0,<0> ,8.0,<0> ,0.0,<0> ,0.0,<0> 
05/25/2023 01:30,41.0625,tjrtlmet,P,1.0,1.0,15.0,,14.8,<0> ,71.0,<0> ,1012.0,<0> ,1.3,<0> ,2.1,<0> ,01:15,265.0,<0> ,11.0,<0> ,0.0,<0> ,0.0,<0> 
05/25/2023 01:45,41.07291667,tjrtlmet,P,1.0,1.0,15.0,,14.7,<0> ,72.0,<0> ,1012.0,<0> ,1.1,<0> ,2.0,<0> ,01:32,255.0,<0> ,18.0,<0> ,0.0,<0> ,0.0,<0> 
05/25/2023 02:00,41.08333333,tjrtlmet,P,1.0,1.0,15.0,,14.6,<0> ,72.0,<0> ,1012.0,<0> ,1.2,<0> ,1.8,<0> ,01:57,256.0,<0> ,8.0,<0> ,0.0,<0> ,0.0,<0> 
05/25/2023 02:15,41.09375,tjrtlmet,P,1.0,1.0,15.0,,14.6,<0> ,71.0,<0> ,1011.0,<0> ,1.0,<0> ,1.8,<0> ,02:09,248.0,<0> ,17.0,<0> ,0.0,<0> ,0.0,<0> 
05/25/2023 02:30,41.10416667,tjrtlmet,P,1.0,1.0,15.0,,14.6,<0> ,72.0,<0> ,1011.0,<0> ,1.0,<0> ,1.7,<0> ,02:19,236.0,<0> ,17.0,<0> ,0.0,<0> ,0.0,<0> 
05/25/2023 02:45,41.11458333,tjrtlmet,P,1.0,1.0,15.0,,14.5,<0> ,72.0,<0> ,1011.0,<0> ,1.1,<0> ,2.0,<0> ,02:39,250.0,<0> ,13.0,<0> ,0.0,<0> ,0.0,<0> 
05/25/2023 03:00,41.125,tjrtlmet,P,1.0,1.0,15.0,,14.6,<0> ,72.0,<0> ,1011.0,<0> ,0.8,<0> ,2.1,<0> ,02:45,243.0,<0> ,15.0,<0> ,0.0,<0> ,0.0,<0> 
05/25/2023 03:15,41.13541667,tjrtlmet,P,1.0,1.0,15.0,,14.5,<0> ,72.0,<0> ,1011.0,<0> ,1.1,<0> ,1.5,<0> ,03:12,257.0,<0> ,12.0,<0> ,0.0,<0> ,0.0,<0> 
05/25/2023 03:30,41.14583333,tjrtlmet,P,1.0,1.0,15.0,,14.5,<0> ,71.0,<0> ,1011.0,<0> ,1.0,<0> ,1.6,<0> ,03:17,273.0,<0> ,10.0,<0> ,0.0,<0> ,0.0,<0> 
05/25/2023 03:45,41.15625,tjrtlmet,P,1.0,1.0,15.0,,14.5,<0> ,72.0,<0> ,1011.0,<0> ,1.0,<0> ,1.8,<0> ,03:43,271.0,<0> ,11.0,<0> ,0.0,<0> ,0.0,<0> 
05/25/2023 04:00,41.16666667,tjrtlmet,P,1.0,1.0,15.0,,14.5,<0> ,73.0,<0> ,1011.0,<0> ,1.3,<0> ,2.4,<0> ,03:57,264.0,<0> ,11.0,<0> ,0.0,<0> ,0.0,<0> 
05/25/2023 04:15,41.17708333,tjrtlmet,P,1.0,1.0,15.0,,14.5,<0> ,72.0,<0> ,1011.0,<0> ,1.3,<0> ,2.3,<0> ,04:06,262.0,<0> ,8.0,<0> ,0.0,<0> ,0.0,<0> 
05/25/2023 04:30,41.1875,tjrtlmet,P,1.0,1.0,15.0,,14.5,<0> ,72.0,<0> ,1011.0,<0> ,0.9,<0> ,1.5,<0> ,04:29,258.0,<0> ,8.0,<0> ,0.0,<0> ,0.0,<0> 
05/25/2023 04:45,41.19791667,tjrtlmet,P,1.0,1.0,15.0,,14.5,<0> ,72.0,<0> ,1011.0,<0> ,1.1,<0> ,2.0,<0> ,04:37,252.0,<0> ,10.0,<0> ,1.2,<0> ,0.0,<0> 
05/25/2023 05:00,41.20833333,tjrtlmet,P,1.0,1.0,15.0,,14.5,<0> ,72.0,<0> ,1011.0,<0> ,1.0,<0> ,1.8,<0> ,04:46,254.0,<0> ,12.0,<0> ,6.7,<0> ,0.0,<0> 
05/25/2023 05:15,41.21875,tjrtlmet,P,1.0,1.0,15.0,,14.5,<0> ,73.0,<0> ,1011.0,<0> ,1.0,<0> ,1.6,<0> ,05:02,270.0,<0> ,16.0,<0> ,17.3,<0> ,0.0,<0> 
05/25/2023 05:30,41.22916667,tjrtlmet,P,1.0,1.0,15.0,,14.7,<0> ,73.0,<0> ,1011.0,<0> ,1.1,<0> ,1.9,<0> ,05:23,266.0,<0> ,9.0,<0> ,32.1,<0> ,0.0,<0> 
05/25/2023 05:45,41.23958333,tjrtlmet,P,1.0,1.0,15.0,,14.8,<0> ,73.0,<0> ,1012.0,<0> ,1.0,<0> ,1.7,<0> ,05:31,275.0,<0> ,12.0,<0> ,51.8,<0> ,0.0,<0> 
05/25/2023 06:00,41.25,tjrtlmet,P,1.0,1.0,15.0,,14.9,<0> ,72.0,<0> ,1012.0,<0> ,1.0,<0> ,1.9,<0> ,05:57,245.0,<0> ,10.0,<0> ,80.5,<0> ,0.0,<0> 
05/25/2023 06:15,41.26041667,tjrtlmet,P,1.0,1.0,15.0,,15.1,<0> ,71.0,<0> ,1012.0,<0> ,1.0,<0> ,1.7,<0> ,06:14,251.0,<0> ,15.0,<0> ,114.5,<0> ,0.0,<0> 
05/25/2023 06:30,41.27083333,tjrtlmet,P,1.0,1.0,15.0,,15.3,<0> ,70.0,<0> ,1012.0,<0> ,1.1,<0> ,1.7,<0> ,06:27,260.0,<0> ,14.0,<0> ,159.3,<0> ,0.0,<0> 
05/25/2023 06:45,41.28125,tjrtlmet,P,1.0,1.0,15.0,,15.5,<0> ,69.0,<0> ,1012.0,<0> ,1.1,<0> ,2.0,<0> ,06:34,239.0,<0> ,15.0,<0> ,189.7,<0> ,0.0,<0> 
05/25/2023 07:00,41.29166667,tjrtlmet,P,1.0,1.0,15.0,,15.6,<0> ,69.0,<0> ,1012.0,<0> ,1.5,<0> ,2.4,<0> ,06:57,238.0,<0> ,13.0,<0> ,233.8,<0> ,0.0,<0> 
05/25/2023 07:15,41.30208333,tjrtlmet,P,1.0,1.0,15.0,,15.8,<0> ,68.0,<0> ,1012.0,<0> ,1.4,<0> ,2.5,<0> ,07:09,245.0,<0> ,15.0,<0> ,281.2,<0> ,0.0,<0> 
05/25/2023 07:30,41.3125,tjrtlmet,P,1.0,1.0,15.0,,15.9,<0> ,68.0,<0> ,1012.0,<0> ,1.6,<0> ,2.7,<0> ,07:16,241.0,<0> ,14.0,<0> ,328.4,<0> ,0.0,<0> 
05/25/2023 07:45,41.32291667,tjrtlmet,P,1.0,1.0,15.0,,16.0,<0> ,66.0,<0> ,1012.0,<0> ,1.7,<0> ,2.7,<0> ,07:36,219.0,<0> ,15.0,<0> ,397.6,<0> ,0.0,<0> 
05/25/2023 08:00,41.33333333,tjrtlmet,P,1.0,1.0,15.0,,16.3,<0> ,65.0,<0> ,1012.0,<0> ,1.7,<0> ,2.5,<0> ,07:55,219.0,<0> ,20.0,<0> ,505.8,<0> ,0.0,<0> 
05/25/2023 08:15,41.34375,tjrtlmet,P,1.0,1.0,15.0,,16.7,<0> ,64.0,<0> ,1012.0,<0> ,1.6,<0> ,2.6,<0> ,08:09,219.0,<0> ,21.0,<0> ,655.0,<0> ,0.0,<0> 
05/25/2023 08:30,41.35416667,tjrtlmet,P,1.0,1.0,15.0,,16.7,<0> ,64.0,<0> ,1012.0,<0> ,1.9,<0> ,2.9,<0> ,08:24,223.0,<0> ,22.0,<0> ,730.9,<0> ,0.0,<0> 
05/25/2023 08:45,41.36458333,tjrtlmet,P,1.0,1.0,15.0,,16.8,<0> ,64.0,<0> ,1012.0,<0> ,2.0,<0> ,2.9,<0> ,08:35,249.0,<0> ,19.0,<0> ,769.1,<0> ,0.0,<0> 
05/25/2023 09:00,41.375,tjrtlmet,P,1.0,1.0,15.0,,16.8,<0> ,64.0,<0> ,1012.0,<0> ,2.1,<0> ,3.1,<0> ,08:46,259.0,<0> ,17.0,<0> ,807.7,<0> ,0.0,<0> 
05/25/2023 09:15,41.38541667,tjrtlmet,P,1.0,1.0,15.0,,17.1,<0> ,64.0,<0> ,1012.0,<0> ,2.0,<0> ,3.3,<0> ,09:06,267.0,<0> ,18.0,<0> ,830.1,<0> ,0.0,<0> 
05/25/2023 09:30,41.39583333,tjrtlmet,P,1.0,1.0,15.0,,17.0,<0> ,67.0,<0> ,1012.0,<0> ,2.8,<0> ,4.3,<0> ,09:19,267.0,<0> ,19.0,<0> ,878.9,<0> ,0.0,<0> 
05/25/2023 09:45,41.40625,tjrtlmet,P,1.0,1.0,15.0,,17.1,<0> ,67.0,<0> ,1012.0,<0> ,2.6,<0> ,4.0,<0> ,09:42,269.0,<0> ,18.0,<0> ,936.8,<0> ,0.0,<0> 
05/25/2023 10:00,41.41666667,tjrtlmet,P,1.0,1.0,15.0,,17.2,<0> ,67.0,<0> ,1012.0,<0> ,2.4,<0> ,4.0,<0> ,09:46,273.0,<0> ,16.0,<0> ,945.6,<0> ,0.0,<0> 
05/25/2023 10:15,41.42708333,tjrtlmet,P,1.0,1.0,15.0,,17.4,<0> ,67.0,<0> ,1012.0,<0> ,2.5,<0> ,3.7,<0> ,10:09,283.0,<0> ,16.0,<0> ,1024.3,<0> ,0.0,<0> 
05/25/2023 10:30,41.4375,tjrtlmet,P,1.0,1.0,15.0,,17.4,<0> ,66.0,<0> ,1012.0,<0> ,2.7,<0> ,4.2,<0> ,10:22,284.0,<0> ,15.0,<0> ,1088.9,<0> ,0.0,<0> 
05/25/2023 10:45,41.44791667,tjrtlmet,P,1.0,1.0,15.0,,17.6,<0> ,65.0,<0> ,1012.0,<0> ,2.7,<0> ,3.9,<0> ,10:33,279.0,<0> ,15.0,<0> ,1217.4,<0> ,0.0,<0> 
05/25/2023 11:00,41.45833333,tjrtlmet,P,1.0,1.0,15.0,,17.5,<0> ,66.0,<0> ,1012.0,<0> ,2.9,<0> ,4.2,<0> ,10:54,279.0,<0> ,14.0,<0> ,1194.3,<0> ,0.0,<0> 
05/25/2023 11:15,41.46875,tjrtlmet,P,1.0,1.0,15.0,,18.3,<0> ,65.0,<0> ,1012.0,<0> ,3.0,<0> ,4.5,<0> ,11:08,277.0,<0> ,17.0,<0> ,1879.6,<0> ,0.0,<0> 
05/25/2023 11:30,41.47916667,tjrtlmet,P,1.0,1.0,15.0,,18.7,<0> ,65.0,<0> ,1012.0,<0> ,3.2,<0> ,4.7,<0> ,11:25,269.0,<0> ,15.0,<0> ,1845.2,<0> ,0.0,<0> 
05/25/2023 11:45,41.48958333,tjrtlmet,P,1.0,1.0,15.0,,18.3,<0> ,65.0,<0> ,1013.0,<0> ,3.4,<0> ,4.6,<0> ,11:34,267.0,<0> ,15.0,<0> ,1838.5,<0> ,0.0,<0> 
05/25/2023 12:00,41.5,tjrtlmet,P,1.0,1.0,15.0,,18.3,<0> ,65.0,<0> ,1012.0,<0> ,3.4,<0> ,5.0,<0> ,11:51,271.0,<0> ,14.0,<0> ,1834.3,<0> ,0.0,<0> 
05/25/2023 12:15,41.51041667,tjrtlmet,P,1.0,1.0,15.0,,18.4,<0> ,65.0,<0> ,1012.0,<0> ,3.4,<0> ,5.1,<0> ,12:01,268.0,<0> ,12.0,<0> ,1829.6,<0> ,0.0,<0> 
05/25/2023 12:30,41.52083333,tjrtlmet,P,1.0,1.0,15.0,,18.5,<0> ,65.0,<0> ,1012.0,<0> ,3.1,<0> ,4.7,<0> ,12:19,268.0,<0> ,16.0,<0> ,1820.8,<0> ,0.0,<0> 
05/25/2023 12:45,41.53125,tjrtlmet,P,1.0,1.0,15.0,,18.4,<0> ,65.0,<0> ,1012.0,<0> ,3.4,<0> ,4.7,<0> ,12:36,270.0,<0> ,13.0,<0> ,1789.7,<0> ,0.0,<0> 
05/25/2023 13:00,41.54166667,tjrtlmet,P,1.0,1.0,15.0,,18.6,<0> ,63.0,<0> ,1012.0,<0> ,3.3,<0> ,5.1,<0> ,13:00,260.0,<0> ,16.0,<0> ,1682.2,<0> ,0.0,<0> 
05/25/2023 13:15,41.55208333,tjrtlmet,P,1.0,1.0,15.0,,18.4,<0> ,63.0,<0> ,1012.0,<0> ,3.5,<0> ,5.1,<0> ,13:12,260.0,<0> ,15.0,<0> ,1598.8,<0> ,0.0,<0> 
05/25/2023 13:30,41.5625,tjrtlmet,P,1.0,1.0,15.0,,18.4,<0> ,64.0,<0> ,1012.0,<0> ,3.6,<0> ,5.1,<0> ,13:15,267.0,<0> ,15.0,<0> ,1693.4,<0> ,0.0,<0> 
05/25/2023 13:45,41.57291667,tjrtlmet,P,1.0,1.0,15.0,,18.3,<0> ,65.0,<0> ,1012.0,<0> ,3.6,<0> ,5.1,<0> ,13:36,269.0,<0> ,13.0,<0> ,1560.0,<0> ,0.0,<0> 
05/25/2023 14:00,41.58333333,tjrtlmet,P,1.0,1.0,15.0,,18.5,<0> ,65.0,<0> ,1012.0,<0> ,3.5,<0> ,5.2,<0> ,13:51,269.0,<0> ,15.0,<0> ,1574.2,<0> ,0.0,<0> 
05/25/2023 14:15,41.59375,tjrtlmet,P,1.0,1.0,15.0,,18.4,<0> ,64.0,<0> ,1012.0,<0> ,3.4,<0> ,5.4,<0> ,14:11,270.0,<0> ,15.0,<0> ,1489.3,<0> ,0.0,<0> 
05/25/2023 14:30,41.60416667,tjrtlmet,P,1.0,1.0,15.0,,18.5,<0> ,65.0,<0> ,1012.0,<0> ,3.6,<0> ,5.5,<0> ,14:16,277.0,<0> ,14.0,<0> ,1435.1,<0> ,0.0,<0> 
05/25/2023 14:45,41.61458333,tjrtlmet,P,1.0,1.0,15.0,,18.2,<0> ,65.0,<0> ,1012.0,<0> ,3.9,<0> ,5.6,<0> ,14:39,270.0,<0> ,13.0,<0> ,1416.7,<0> ,0.0,<0> 
05/25/2023 15:00,41.625,tjrtlmet,P,1.0,1.0,15.0,,18.1,<0> ,65.0,<0> ,1012.0,<0> ,3.6,<0> ,5.0,<0> ,14:54,276.0,<0> ,15.0,<0> ,1192.9,<0> ,0.0,<0> 
05/25/2023 15:15,41.63541667,tjrtlmet,P,1.0,1.0,15.0,,18.2,<0> ,63.0,<0> ,1012.0,<0> ,3.5,<0> ,5.4,<0> ,15:11,271.0,<0> ,15.0,<0> ,1218.4,<0> ,0.0,<0> 
05/25/2023 15:30,41.64583333,tjrtlmet,P,1.0,1.0,15.0,,17.8,<0> ,64.0,<0> ,1012.0,<0> ,3.6,<0> ,5.2,<0> ,15:16,267.0,<0> ,16.0,<0> ,926.6,<0> ,0.0,<0> 
05/25/2023 15:45,41.65625,tjrtlmet,P,1.0,1.0,15.0,,17.4,<0> ,66.0,<0> ,1012.0,<0> ,3.5,<0> ,4.9,<0> ,15:37,268.0,<0> ,13.0,<0> ,850.6,<0> ,0.0,<0> 
05/25/2023 16:00,41.66666667,tjrtlmet,P,1.0,1.0,15.0,,17.4,<0> ,65.0,<0> ,1012.0,<0> ,3.6,<0> ,5.4,<0> ,15:59,268.0,<0> ,14.0,<0> ,783.7,<0> ,0.0,<0> 
05/25/2023 16:15,41.67708333,tjrtlmet,P,1.0,1.0,15.0,,16.8,<0> ,67.0,<0> ,1012.0,<0> ,3.5,<0> ,5.2,<0> ,16:14,269.0,<0> ,13.0,<0> ,562.2,<0> ,0.0,<0> 
05/25/2023 16:30,41.6875,tjrtlmet,P,1.0,1.0,15.0,,17.3,<0> ,67.0,<0> ,1012.0,<0> ,3.7,<0> ,6.0,<0> ,16:18,269.0,<0> ,13.0,<0> ,867.7,<0> ,0.0,<0> 
05/25/2023 16:45,41.69791667,tjrtlmet,P,1.0,1.0,15.0,,16.9,<0> ,67.0,<0> ,1012.0,<0> ,3.8,<0> ,5.0,<0> ,16:35,270.0,<0> ,11.0,<0> ,441.1,<0> ,0.0,<0> 
05/25/2023 17:00,41.70833333,tjrtlmet,P,1.0,1.0,15.0,,16.5,<0> ,70.0,<0> ,1011.0,<0> ,3.7,<0> ,5.8,<0> ,16:48,272.0,<0> ,13.0,<0> ,306.4,<0> ,0.0,<0> 
05/25/2023 17:15,41.71875,tjrtlmet,P,1.0,1.0,15.0,,16.2,<0> ,71.0,<0> ,1012.0,<0> ,3.4,<0> ,4.9,<0> ,17:09,272.0,<0> ,12.0,<0> ,186.9,<0> ,0.0,<0> 
05/25/2023 17:30,41.72916667,tjrtlmet,P,1.0,1.0,15.0,,16.1,<0> ,73.0,<0> ,1012.0,<0> ,3.3,<0> ,5.0,<0> ,17:27,280.0,<0> ,12.0,<0> ,136.0,<0> ,0.0,<0> 
05/25/2023 17:45,41.73958333,tjrtlmet,P,1.0,1.0,15.0,,16.0,<0> ,70.0,<0> ,1012.0,<0> ,3.1,<0> ,4.5,<0> ,17:43,265.0,<0> ,13.0,<0> ,110.2,<0> ,0.0,<0> 
05/25/2023 18:00,41.75,tjrtlmet,P,1.0,1.0,15.0,,16.0,<0> ,72.0,<0> ,1012.0,<0> ,3.3,<0> ,4.9,<0> ,17:55,260.0,<0> ,13.0,<0> ,73.0,<0> ,0.0,<0> 
05/25/2023 18:15,41.76041667,tjrtlmet,P,1.0,1.0,15.0,,15.7,<0> ,76.0,<0> ,1012.0,<0> ,3.2,<0> ,5.6,<0> ,18:04,276.0,<0> ,12.0,<0> ,44.6,<0> ,0.0,<0> 
05/25/2023 18:30,41.77083333,tjrtlmet,P,1.0,1.0,15.0,,15.5,<0> ,76.0,<0> ,1012.0,<0> ,2.7,<0> ,3.9,<0> ,18:15,275.0,<0> ,12.0,<0> ,22.4,<0> ,0.0,<0> 
05/25/2023 18:45,41.78125,tjrtlmet,P,1.0,1.0,15.0,,15.5,<0> ,76.0,<0> ,1012.0,<0> ,2.6,<0> ,3.8,<0> ,18:33,279.0,<0> ,12.0,<0> ,8.9,<0> ,0.0,<0> 
05/25/2023 19:00,41.79166667,tjrtlmet,P,1.0,1.0,15.0,,15.4,<0> ,76.0,<0> ,1012.0,<0> ,2.3,<0> ,3.4,<0> ,18:51,279.0,<0> ,12.0,<0> ,1.8,<0> ,0.0,<0> 
05/25/2023 19:15,41.80208333,tjrtlmet,P,1.0,1.0,15.0,,15.3,<0> ,76.0,<0> ,1013.0,<0> ,2.0,<0> ,3.1,<0> ,19:03,281.0,<0> ,13.0,<0> ,0.0,<0> ,0.0,<0> 
05/25/2023 19:30,41.8125,tjrtlmet,P,1.0,1.0,15.0,,15.3,<0> ,77.0,<0> ,1013.0,<0> ,1.8,<0> ,2.6,<0> ,19:27,278.0,<0> ,13.0,<0> ,0.0,<0> ,0.0,<0> 
05/25/2023 19:45,41.82291667,tjrtlmet,P,1.0,1.0,15.0,,15.4,<0> ,78.0,<0> ,1013.0,<0> ,2.0,<0> ,3.3,<0> ,19:40,274.0,<0> ,11.0,<0> ,0.0,<0> ,0.0,<0> 
05/25/2023 20:00,41.83333333,tjrtlmet,P,1.0,1.0,15.0,,15.4,<0> ,77.0,<0> ,1013.0,<0> ,1.9,<0> ,3.0,<0> ,19:46,287.0,<0> ,16.0,<0> ,0.0,<0> ,0.0,<0> 
05/25/2023 20:15,41.84375,tjrtlmet,P,1.0,1.0,15.0,,15.4,<0> ,77.0,<0> ,1013.0,<0> ,2.3,<0> ,3.6,<0> ,20:10,286.0,<0> ,13.0,<0> ,0.0,<0> ,0.0,<0> 
05/25/2023 20:30,41.85416667,tjrtlmet,P,1.0,1.0,15.0,,15.4,<0> ,77.0,<0> ,1013.0,<0> ,2.6,<0> ,3.6,<0> ,20:16,279.0,<0> ,12.0,<0> ,0.0,<0> ,0.0,<0> 
05/25/2023 20:45,41.86458333,tjrtlmet,P,1.0,1.0,15.0,,15.4,<0> ,75.0,<0> ,1013.0,<0> ,2.5,<0> ,3.4,<0> ,20:32,269.0,<0> ,14.0,<0> ,0.0,<0> ,0.0,<0> 
05/25/2023 21:00,41.875,tjrtlmet,P,1.0,1.0,15.0,,15.3,<0> ,77.0,<0> ,1013.0,<0> ,2.1,<0> ,3.6,<0> ,20:47,271.0,<0> ,11.0,<0> ,0.0,<0> ,0.0,<0> 
05/25/2023 21:15,41.88541667,tjrtlmet,P,1.0,1.0,15.0,,15.3,<0> ,78.0,<0> ,1013.0,<0> ,2.4,<0> ,3.9,<0> ,21:07,265.0,<0> ,14.0,<0> ,0.0,<0> ,0.0,<0> 
05/25/2023 21:30,41.89583333,tjrtlmet,P,1.0,1.0,15.0,,15.3,<0> ,78.0,<0> ,1014.0,<0> ,2.3,<0> ,3.5,<0> ,21:19,273.0,<0> ,12.0,<0> ,0.0,<0> ,0.0,<0> 
05/25/2023 21:45,41.90625,tjrtlmet,P,1.0,1.0,15.0,,15.3,<0> ,77.0,<0> ,1014.0,<0> ,2.3,<0> ,3.4,<0> ,21:34,275.0,<0> ,11.0,<0> ,0.0,<0> ,0.0,<0> 
05/25/2023 22:00,41.91666667,tjrtlmet,P,1.0,1.0,15.0,,15.3,<0> ,77.0,<0> ,1014.0,<0> ,2.3,<0> ,3.5,<0> ,21:54,277.0,<0> ,11.0,<0> ,0.0,<0> ,0.0,<0> 
05/25/2023 22:15,41.92708333,tjrtlmet,P,1.0,1.0,15.0,,15.2,<0> ,78.0,<0> ,1014.0,<0> ,2.1,<0> ,3.3,<0> ,22:00,284.0,<0> ,10.0,<0> ,0.0,<0> ,0.0,<0> 
05/25/2023 22:30,41.9375,tjrtlmet,P,1.0,1.0,15.0,,15.2,<0> ,78.0,<0> ,1014.0,<0> ,1.5,<0> ,2.5,<0> ,22:20,282.0,<0> ,11.0,<0> ,0.0,<0> ,0.0,<0> 
05/25/2023 22:45,41.94791667,tjrtlmet,P,1.0,1.0,15.0,,15.1,<0> ,77.0,<0> ,1014.0,<0> ,1.3,<0> ,2.2,<0> ,22:33,280.0,<0> ,11.0,<0> ,0.0,<0> ,0.0,<0> 
05/25/2023 23:00,41.95833333,tjrtlmet,P,1.0,1.0,15.0,,15.1,<0> ,79.0,<0> ,1014.0,<0> ,1.1,<0> ,2.5,<0> ,22:48,289.0,<0> ,14.0,<0> ,0.0,<0> ,0.0,<0> 
05/25/2023 23:15,41.96875,tjrtlmet,P,1.0,1.0,15.0,,15.0,<0> ,79.0,<0> ,1014.0,<0> ,1.4,<0> ,2.1,<0> ,23:02,284.0,<0> ,9.0,<0> ,0.0,<0> ,0.0,<0> 
05/25/2023 23:30,41.97916667,tjrtlmet,P,1.0,1.0,15.0,,15.0,<0> ,79.0,<0> ,1014.0,<0> ,0.8,<0> ,1.3,<0> ,23:16,290.0,<0> ,15.0,<0> ,0.0,<0> ,0.0,<0> 
05/25/2023 23:45,41.98958333,tjrtlmet,P,1.0,1.0,15.0,,15.0,<0> ,79.0,<0> ,1014.0,<0> ,1.0,<0> ,2.0,<0> ,23:43,291.0,<0> ,15.0,<0> ,0.0,<0> ,0.0,<0> 
05/26/2023 00:00,42.0,tjrtlmet,P,1.0,1.0,15.0,,15.0,<0> ,78.0,<0> ,1013.0,<0> ,1.3,<0> ,2.6,<0> ,23:45,286.0,<0> ,12.0,<0> ,0.0,<0> ,0.0,<0> 
05/26/2023 00:15,42.01041667,tjrtlmet,P,1.0,1.0,15.0,,15.0,<0> ,78.0,<0> ,1013.0,<0> ,1.3,<0> ,2.2,<0> ,00:10,263.0,<0> ,15.0,<0> ,0.0,<0> ,0.0,<0> 
05/26/2023 00:30,42.02083333,tjrtlmet,P,1.0,1.0,15.0,,15.0,<0> ,78.0,<0> ,1013.0,<0> ,1.3,<0> ,2.1,<0> ,00:20,264.0,<0> ,14.0,<0> ,0.0,<0> ,0.0,<0> 
05/26/2023 00:45,42.03125,tjrtlmet,P,1.0,1.0,15.0,,15.0,<0> ,77.0,<0> ,1013.0,<0> ,1.7,<0> ,2.9,<0> ,00:39,255.0,<0> ,12.0,<0> ,0.0,<0> ,0.0,<0> 
05/26/2023 01:00,42.04166667,tjrtlmet,P,1.0,1.0,15.0,,15.0,<0> ,76.0,<0> ,1013.0,<0> ,1.6,<0> ,2.6,<0> ,00:45,250.0,<0> ,13.0,<0> ,0.0,<0> ,0.0,<0> 
05/26/2023 01:15,42.05208333,tjrtlmet,P,1.0,1.0,15.0,,15.0,<0> ,74.0,<0> ,1013.0,<0> ,2.3,<0> ,3.8,<0> ,01:13,264.0,<0> ,13.0,<0> ,0.0,<0> ,0.0,<0> 
05/26/2023 01:30,42.0625,tjrtlmet,P,1.0,1.0,15.0,,14.8,<0> ,72.0,<0> ,1013.0,<0> ,2.7,<0> ,4.0,<0> ,01:23,271.0,<0> ,12.0,<0> ,0.0,<0> ,0.0,<0> 
05/26/2023 01:45,42.07291667,tjrtlmet,P,1.0,1.0,15.0,,14.8,<0> ,71.0,<0> ,1013.0,<0> ,2.5,<0> ,4.0,<0> ,01:41,274.0,<0> ,12.0,<0> ,0.0,<0> ,0.0,<0> 
05/26/2023 02:00,42.08333333,tjrtlmet,P,1.0,1.0,15.0,,14.8,<0> ,71.0,<0> ,1013.0,<0> ,2.6,<0> ,3.5,<0> ,01:46,271.0,<0> ,10.0,<0> ,0.0,<0> ,0.0,<0> 
05/26/2023 02:15,42.09375,tjrtlmet,P,1.0,1.0,15.0,,14.8,<0> ,70.0,<0> ,1013.0,<0> ,2.4,<0> ,3.5,<0> ,02:08,272.0,<0> ,12.0,<0> ,0.0,<0> ,0.0,<0> 
05/26/2023 02:30,42.10416667,tjrtlmet,P,1.0,1.0,15.0,,14.8,<0> ,70.0,<0> ,1013.0,<0> ,2.0,<0> ,3.5,<0> ,02:15,274.0,<0> ,13.0,<0> ,0.0,<0> ,0.0,<0> 
05/26/2023 02:45,42.11458333,tjrtlmet,P,1.0,1.0,15.0,,14.7,<0> ,71.0,<0> ,1013.0,<0> ,1.6,<0> ,2.7,<0> ,02:37,283.0,<0> ,15.0,<0> ,0.0,<0> ,0.0,<0> 
05/26/2023 03:00,42.125,tjrtlmet,P,1.0,1.0,15.0,,14.7,<0> ,71.0,<0> ,1013.0,<0> ,1.6,<0> ,2.6,<0> ,02:51,282.0,<0> ,12.0,<0> ,0.0,<0> ,0.0,<0> 
05/26/2023 03:15,42.13541667,tjrtlmet,P,1.0,1.0,15.0,,14.7,<0> ,71.0,<0> ,1013.0,<0> ,1.7,<0> ,2.7,<0> ,03:14,281.0,<0> ,13.0,<0> ,0.0,<0> ,0.0,<0> 
05/26/2023 03:30,42.14583333,tjrtlmet,P,1.0,1.0,15.0,,14.6,<0> ,71.0,<0> ,1013.0,<0> ,1.6,<0> ,2.8,<0> ,03:16,277.0,<0> ,10.0,<0> ,0.0,<0> ,0.0,<0> 
05/26/2023 03:45,42.15625,tjrtlmet,P,1.0,1.0,15.0,,14.5,<0> ,72.0,<0> ,1013.0,<0> ,1.6,<0> ,2.7,<0> ,03:42,278.0,<0> ,10.0,<0> ,0.0,<0> ,0.0,<0> 
05/26/2023 04:00,42.16666667,tjrtlmet,P,1.0,1.0,15.0,,14.5,<0> ,72.0,<0> ,1013.0,<0> ,1.3,<0> ,2.5,<0> ,03:51,283.0,<0> ,11.0,<0> ,0.0,<0> ,0.0,<0> 
05/26/2023 04:15,42.17708333,tjrtlmet,P,1.0,1.0,15.0,,14.5,<0> ,71.0,<0> ,1013.0,<0> ,1.4,<0> ,2.6,<0> ,04:03,276.0,<0> ,12.0,<0> ,0.0,<0> ,0.0,<0> 
05/26/2023 04:30,42.1875,tjrtlmet,P,1.0,1.0,15.0,,14.4,<0> ,72.0,<0> ,1013.0,<0> ,1.0,<0> ,1.9,<0> ,04:29,278.0,<0> ,9.0,<0> ,0.0,<0> ,0.0,<0> 
05/26/2023 04:45,42.19791667,tjrtlmet,P,1.0,1.0,15.0,,14.3,<0> ,72.0,<0> ,1013.0,<0> ,1.3,<0> ,2.3,<0> ,04:40,292.0,<0> ,13.0,<0> ,2.9,<0> ,0.0,<0> 
05/26/2023 05:00,42.20833333,tjrtlmet,P,1.0,1.0,15.0,,14.3,<0> ,73.0,<0> ,1013.0,<0> ,1.5,<0> ,2.8,<0> ,04:53,290.0,<0> ,12.0,<0> ,15.2,<0> ,0.0,<0> 
05/26/2023 05:15,42.21875,tjrtlmet,P,1.0,1.0,15.0,,14.3,<0> ,74.0,<0> ,1013.0,<0> ,1.6,<0> ,2.5,<0> ,05:05,299.0,<0> ,13.0,<0> ,39.9,<0> ,0.0,<0> 
05/26/2023 05:30,42.22916667,tjrtlmet,P,1.0,1.0,15.0,,14.5,<0> ,74.0,<0> ,1013.0,<0> ,1.2,<0> ,2.1,<0> ,05:27,295.0,<0> ,12.0,<0> ,71.9,<0> ,0.0,<0> 
05/26/2023 05:45,42.23958333,tjrtlmet,P,1.0,1.0,15.0,,14.6,<0> ,73.0,<0> ,1013.0,<0> ,1.0,<0> ,2.0,<0> ,05:32,301.0,<0> ,13.0,<0> ,108.8,<0> ,0.0,<0> 
05/26/2023 06:00,42.25,tjrtlmet,P,1.0,1.0,15.0,,14.9,<0> ,72.0,<0> ,1013.0,<0> ,1.2,<0> ,2.2,<0> ,05:49,281.0,<0> ,14.0,<0> ,151.3,<0> ,0.0,<0> 
05/26/2023 06:15,42.26041667,tjrtlmet,P,1.0,1.0,15.0,,15.2,<0> ,71.0,<0> ,1013.0,<0> ,1.5,<0> ,2.3,<0> ,06:04,284.0,<0> ,17.0,<0> ,201.7,<0> ,0.0,<0> 
05/26/2023 06:30,42.27083333,tjrtlmet,P,1.0,1.0,15.0,,15.4,<0> ,73.0,<0> ,1013.0,<0> ,2.1,<0> ,3.2,<0> ,06:28,279.0,<0> ,15.0,<0> ,281.2,<0> ,0.0,<0> 
05/26/2023 06:45,42.28125,tjrtlmet,P,1.0,1.0,15.0,,15.6,<0> ,72.0,<0> ,1014.0,<0> ,2.1,<0> ,3.2,<0> ,06:35,275.0,<0> ,14.0,<0> ,338.9,<0> ,0.0,<0> 
05/26/2023 07:00,42.29166667,tjrtlmet,P,1.0,1.0,15.0,,15.7,<0> ,71.0,<0> ,1014.0,<0> ,2.2,<0> ,3.1,<0> ,06:58,278.0,<0> ,12.0,<0> ,369.8,<0> ,0.0,<0> 
05/26/2023 07:15,42.30208333,tjrtlmet,P,1.0,1.0,15.0,,15.8,<0> ,71.0,<0> ,1014.0,<0> ,1.9,<0> ,2.9,<0> ,07:11,276.0,<0> ,15.0,<0> ,374.6,<0> ,0.0,<0> 
05/26/2023 07:30,42.3125,tjrtlmet,P,1.0,1.0,15.0,,15.8,<0> ,69.0,<0> ,1014.0,<0> ,1.9,<0> ,3.0,<0> ,07:16,275.0,<0> ,14.0,<0> ,373.4,<0> ,0.0,<0> 
05/26/2023 07:45,42.32291667,tjrtlmet,P,1.0,1.0,15.0,,16.0,<0> ,69.0,<0> ,1014.0,<0> ,1.9,<0> ,3.0,<0> ,07:38,279.0,<0> ,20.0,<0> ,434.4,<0> ,0.0,<0> 
05/26/2023 08:00,42.33333333,tjrtlmet,P,1.0,1.0,15.0,,16.2,<0> ,69.0,<0> ,1014.0,<0> ,1.8,<0> ,3.0,<0> ,07:58,282.0,<0> ,14.0,<0> ,477.6,<0> ,0.0,<0> 
05/26/2023 08:15,42.34375,tjrtlmet,P,1.0,1.0,15.0,,16.3,<0> ,68.0,<0> ,1014.0,<0> ,1.7,<0> ,2.7,<0> ,08:04,274.0,<0> ,17.0,<0> ,547.8,<0> ,0.0,<0> 
05/26/2023 08:30,42.35416667,tjrtlmet,P,1.0,1.0,15.0,,16.5,<0> ,67.0,<0> ,1014.0,<0> ,1.8,<0> ,3.3,<0> ,08:23,284.0,<0> ,15.0,<0> ,634.1,<0> ,0.0,<0> 
05/26/2023 08:45,42.36458333,tjrtlmet,P,1.0,1.0,15.0,,16.8,<0> ,67.0,<0> ,1014.0,<0> ,1.8,<0> ,2.8,<0> ,08:43,294.0,<0> ,19.0,<0> ,704.2,<0> ,0.0,<0> 
05/26/2023 09:00,42.375,tjrtlmet,P,1.0,1.0,15.0,,16.8,<0> ,66.0,<0> ,1014.0,<0> ,2.1,<0> ,3.2,<0> ,08:51,285.0,<0> ,21.0,<0> ,836.9,<0> ,0.0,<0> 
05/26/2023 09:15,42.38541667,tjrtlmet,P,1.0,1.0,15.0,,16.8,<0> ,67.0,<0> ,1014.0,<0> ,2.2,<0> ,3.5,<0> ,09:07,272.0,<0> ,16.0,<0> ,967.3,<0> ,0.0,<0> 
05/26/2023 09:30,42.39583333,tjrtlmet,P,1.0,1.0,15.0,,17.5,<0> ,65.0,<0> ,1014.0,<0> ,2.3,<0> ,3.7,<0> ,09:28,285.0,<0> ,20.0,<0> ,1413.3,<0> ,0.0,<0> 
05/26/2023 09:45,42.40625,tjrtlmet,P,1.0,1.0,15.0,,17.9,<0> ,62.0,<0> ,1014.0,<0> ,2.6,<0> ,4.0,<0> ,09:30,279.0,<0> ,17.0,<0> ,1637.5,<0> ,0.0,<0> 
05/26/2023 10:00,42.41666667,tjrtlmet,P,1.0,1.0,15.0,,18.0,<0> ,62.0,<0> ,1014.0,<0> ,2.7,<0> ,4.2,<0> ,09:48,278.0,<0> ,15.0,<0> ,1634.4,<0> ,0.0,<0> 
05/26/2023 10:15,42.42708333,tjrtlmet,P,1.0,1.0,15.0,,18.6,<0> ,59.0,<0> ,1014.0,<0> ,2.7,<0> ,4.4,<0> ,10:13,274.0,<0> ,17.0,<0> ,1929.2,<0> ,0.0,<0> 
05/26/2023 10:30,42.4375,tjrtlmet,P,1.0,1.0,15.0,,18.5,<0> ,58.0,<0> ,1014.0,<0> ,2.9,<0> ,4.3,<0> ,10:18,273.0,<0> ,18.0,<0> ,1645.9,<0> ,0.0,<0> 
05/26/2023 10:45,42.44791667,tjrtlmet,P,1.0,1.0,15.0,,18.2,<0> ,59.0,<0> ,1014.0,<0> ,2.9,<0> ,4.0,<0> ,10:30,270.0,<0> ,16.0,<0> ,1485.5,<0> ,0.0,<0> 
05/26/2023 11:00,42.45833333,tjrtlmet,P,1.0,1.0,15.0,,18.3,<0> ,63.0,<0> ,1014.0,<0> ,3.3,<0> ,5.0,<0> ,10:52,280.0,<0> ,13.0,<0> ,1767.8,<0> ,0.0,<0> 
05/26/2023 11:15,42.46875,tjrtlmet,P,1.0,1.0,15.0,,18.4,<0> ,65.0,<0> ,1014.0,<0> ,3.5,<0> ,4.9,<0> ,11:09,278.0,<0> ,15.0,<0> ,1807.8,<0> ,0.0,<0> 
05/26/2023 11:30,42.47916667,tjrtlmet,P,1.0,1.0,15.0,,18.5,<0> ,64.0,<0> ,1014.0,<0> ,3.6,<0> ,5.2,<0> ,11:23,279.0,<0> ,15.0,<0> ,1833.7,<0> ,0.0,<0> 
05/26/2023 11:45,42.48958333,tjrtlmet,P,1.0,1.0,15.0,,18.4,<0> ,63.0,<0> ,1014.0,<0> ,3.7,<0> ,5.0,<0> ,11:34,270.0,<0> ,13.0,<0> ,1838.3,<0> ,0.0,<0> 
05/26/2023 12:00,42.5,tjrtlmet,P,1.0,1.0,15.0,,18.7,<0> ,63.0,<0> ,1014.0,<0> ,3.6,<0> ,5.4,<0> ,11:51,268.0,<0> ,16.0,<0> ,1829.7,<0> ,0.0,<0> 
05/26/2023 12:15,42.51041667,tjrtlmet,P,1.0,1.0,15.0,,18.8,<0> ,62.0,<0> ,1014.0,<0> ,3.7,<0> ,5.1,<0> ,12:07,269.0,<0> ,14.0,<0> ,1821.1,<0> ,0.0,<0> 
05/26/2023 12:30,42.52083333,tjrtlmet,P,1.0,1.0,15.0,,18.8,<0> ,61.0,<0> ,1014.0,<0> ,3.7,<0> ,5.8,<0> ,12:21,261.0,<0> ,14.0,<0> ,1804.6,<0> ,0.0,<0> 
05/26/2023 12:45,42.53125,tjrtlmet,P,1.0,1.0,15.0,,19.0,<0> ,63.0,<0> ,1014.0,<0> ,3.9,<0> ,5.9,<0> ,12:30,254.0,<0> ,12.0,<0> ,1781.2,<0> ,0.0,<0> 
05/26/2023 13:00,42.54166667,tjrtlmet,P,1.0,1.0,15.0,,19.1,<0> ,62.0,<0> ,1014.0,<0> ,3.7,<0> ,5.5,<0> ,12:49,258.0,<0> ,14.0,<0> ,1748.5,<0> ,0.0,<0> 
05/26/2023 13:15,42.55208333,tjrtlmet,P,1.0,1.0,15.0,,19.2,<0> ,62.0,<0> ,1014.0,<0> ,3.9,<0> ,6.0,<0> ,13:02,257.0,<0> ,15.0,<0> ,1710.9,<0> ,0.0,<0> 
05/26/2023 13:30,42.5625,tjrtlmet,P,1.0,1.0,15.0,,18.8,<0> ,63.0,<0> ,1014.0,<0> ,3.7,<0> ,5.6,<0> ,13:28,257.0,<0> ,15.0,<0> ,1669.5,<0> ,0.0,<0> 
05/26/2023 13:45,42.57291667,tjrtlmet,P,1.0,1.0,15.0,,18.9,<0> ,65.0,<0> ,1014.0,<0> ,3.8,<0> ,5.6,<0> ,13:43,270.0,<0> ,15.0,<0> ,1615.5,<0> ,0.0,<0> 
05/26/2023 14:00,42.58333333,tjrtlmet,P,1.0,1.0,15.0,,18.6,<0> ,67.0,<0> ,1014.0,<0> ,4.0,<0> ,5.7,<0> ,13:46,273.0,<0> ,14.0,<0> ,1508.0,<0> ,0.0,<0> 
05/26/2023 14:15,42.59375,tjrtlmet,P,1.0,1.0,15.0,,19.0,<0> ,68.0,<0> ,1014.0,<0> ,3.8,<0> ,5.6,<0> ,14:09,277.0,<0> ,15.0,<0> ,1506.9,<0> ,0.0,<0> 
05/26/2023 14:30,42.60416667,tjrtlmet,P,1.0,1.0,15.0,,18.9,<0> ,69.0,<0> ,1014.0,<0> ,3.9,<0> ,5.6,<0> ,14:24,278.0,<0> ,14.0,<0> ,1418.1,<0> ,0.0,<0> 
05/26/2023 14:45,42.61458333,tjrtlmet,P,1.0,1.0,15.0,,18.9,<0> ,69.0,<0> ,1014.0,<0> ,4.0,<0> ,6.0,<0> ,14:33,278.0,<0> ,12.0,<0> ,1366.1,<0> ,0.0,<0> 
05/26/2023 15:00,42.625,tjrtlmet,P,1.0,1.0,15.0,,18.7,<0> ,69.0,<0> ,1014.0,<0> ,3.8,<0> ,5.5,<0> ,14:49,279.0,<0> ,15.0,<0> ,1288.3,<0> ,0.0,<0> 
05/26/2023 15:15,42.63541667,tjrtlmet,P,1.0,1.0,15.0,,18.7,<0> ,68.0,<0> ,1014.0,<0> ,3.8,<0> ,6.0,<0> ,15:03,280.0,<0> ,13.0,<0> ,1209.8,<0> ,0.0,<0> 
05/26/2023 15:30,42.64583333,tjrtlmet,P,1.0,1.0,15.0,,18.6,<0> ,68.0,<0> ,1014.0,<0> ,3.9,<0> ,5.9,<0> ,15:20,283.0,<0> ,11.0,<0> ,1127.6,<0> ,0.0,<0> 
05/26/2023 15:45,42.65625,tjrtlmet,P,1.0,1.0,15.0,,18.5,<0> ,69.0,<0> ,1014.0,<0> ,3.9,<0> ,5.7,<0> ,15:40,280.0,<0> ,13.0,<0> ,1047.3,<0> ,0.0,<0> 
05/26/2023 16:00,42.66666667,tjrtlmet,P,1.0,1.0,15.0,,18.2,<0> ,71.0,<0> ,1014.0,<0> ,3.7,<0> ,5.4,<0> ,15:51,283.0,<0> ,14.0,<0> ,907.6,<0> ,0.0,<0> 
05/26/2023 16:15,42.67708333,tjrtlmet,P,1.0,1.0,15.0,,18.3,<0> ,69.0,<0> ,1014.0,<0> ,3.8,<0> ,6.1,<0> ,16:00,283.0,<0> ,14.0,<0> ,898.8,<0> ,0.0,<0> 
05/26/2023 16:30,42.6875,tjrtlmet,P,1.0,1.0,15.0,,18.2,<0> ,68.0,<0> ,1014.0,<0> ,3.5,<0> ,5.3,<0> ,16:22,293.0,<0> ,17.0,<0> ,773.6,<0> ,0.0,<0> 
05/26/2023 16:45,42.69791667,tjrtlmet,P,1.0,1.0,15.0,,18.0,<0> ,69.0,<0> ,1014.0,<0> ,3.3,<0> ,5.6,<0> ,16:36,292.0,<0> ,15.0,<0> ,645.4,<0> ,0.0,<0> 
05/26/2023 17:00,42.70833333,tjrtlmet,P,1.0,1.0,15.0,,17.9,<0> ,70.0,<0> ,1014.0,<0> ,3.3,<0> ,5.3,<0> ,16:55,291.0,<0> ,12.0,<0> ,572.4,<0> ,0.0,<0> 
05/26/2023 17:15,42.71875,tjrtlmet,P,1.0,1.0,15.0,,17.7,<0> ,70.0,<0> ,1014.0,<0> ,3.0,<0> ,5.1,<0> ,17:00,293.0,<0> ,16.0,<0> ,480.7,<0> ,0.0,<0> 
05/26/2023 17:30,42.72916667,tjrtlmet,P,1.0,1.0,15.0,,17.3,<0> ,71.0,<0> ,1014.0,<0> ,3.1,<0> ,4.4,<0> ,17:16,293.0,<0> ,16.0,<0> ,369.8,<0> ,0.0,<0> 
05/26/2023 17:45,42.73958333,tjrtlmet,P,1.0,1.0,15.0,,16.9,<0> ,73.0,<0> ,1014.0,<0> ,2.9,<0> ,4.2,<0> ,17:42,291.0,<0> ,15.0,<0> ,206.0,<0> ,0.0,<0> 
05/26/2023 18:00,42.75,tjrtlmet,P,1.0,1.0,15.0,,16.6,<0> ,74.0,<0> ,1014.0,<0> ,3.0,<0> ,4.5,<0> ,17:52,293.0,<0> ,14.0,<0> ,113.6,<0> ,0.0,<0> 
05/26/2023 18:15,42.76041667,tjrtlmet,P,1.0,1.0,15.0,,16.4,<0> ,75.0,<0> ,1014.0,<0> ,2.8,<0> ,4.4,<0> ,18:02,293.0,<0> ,14.0,<0> ,67.3,<0> ,0.0,<0> 
05/26/2023 18:30,42.77083333,tjrtlmet,P,1.0,1.0,15.0,,16.2,<0> ,75.0,<0> ,1014.0,<0> ,2.8,<0> ,4.3,<0> ,18:17,297.0,<0> ,14.0,<0> ,37.9,<0> ,0.0,<0> 
05/26/2023 18:45,42.78125,tjrtlmet,P,1.0,1.0,15.0,,16.1,<0> ,75.0,<0> ,1014.0,<0> ,2.8,<0> ,4.2,<0> ,18:31,298.0,<0> ,15.0,<0> ,15.6,<0> ,0.0,<0> 
05/26/2023 19:00,42.79166667,tjrtlmet,P,1.0,1.0,15.0,,16.0,<0> ,75.0,<0> ,1014.0,<0> ,2.8,<0> ,4.2,<0> ,18:46,305.0,<0> ,15.0,<0> ,3.7,<0> ,0.0,<0> 
05/26/2023 19:15,42.80208333,tjrtlmet,P,1.0,1.0,15.0,,16.0,<0> ,76.0,<0> ,1014.0,<0> ,3.0,<0> ,4.7,<0> ,19:01,303.0,<0> ,17.0,<0> ,0.0,<0> ,0.0,<0> 
05/26/2023 19:30,42.8125,tjrtlmet,P,1.0,1.0,15.0,,16.0,<0> ,76.0,<0> ,1014.0,<0> ,2.8,<0> ,4.5,<0> ,19:27,306.0,<0> ,15.0,<0> ,0.0,<0> ,0.0,<0> 
05/26/2023 19:45,42.82291667,tjrtlmet,P,1.0,1.0,15.0,,15.9,<0> ,76.0,<0> ,1014.0,<0> ,3.0,<0> ,4.7,<0> ,19:32,305.0,<0> ,17.0,<0> ,0.0,<0> ,0.0,<0> 
05/26/2023 20:00,42.83333333,tjrtlmet,P,1.0,1.0,15.0,,15.9,<0> ,76.0,<0> ,1014.0,<0> ,2.6,<0> ,4.0,<0> ,19:48,309.0,<0> ,16.0,<0> ,0.0,<0> ,0.0,<0> 
05/26/2023 20:15,42.84375,tjrtlmet,P,1.0,1.0,15.0,,15.9,<0> ,77.0,<0> ,1014.0,<0> ,1.9,<0> ,3.5,<0> ,20:03,308.0,<0> ,20.0,<0> ,0.0,<0> ,0.0,<0> 
05/26/2023 20:30,42.85416667,tjrtlmet,P,1.0,1.0,15.0,,15.9,<0> ,76.0,<0> ,1014.0,<0> ,2.2,<0> ,4.3,<0> ,20:17,312.0,<0> ,19.0,<0> ,0.0,<0> ,0.0,<0> 
05/26/2023 20:45,42.86458333,tjrtlmet,P,1.0,1.0,15.0,,15.9,<0> ,76.0,<0> ,1014.0,<0> ,2.3,<0> ,3.6,<0> ,20:36,308.0,<0> ,15.0,<0> ,0.0,<0> ,0.0,<0> 
05/26/2023 21:00,42.875,tjrtlmet,P,1.0,1.0,15.0,,15.9,<0> ,76.0,<0> ,1015.0,<0> ,1.9,<0> ,3.3,<0> ,20:58,316.0,<0> ,20.0,<0> ,0.0,<0> ,0.0,<0> 
05/26/2023 21:15,42.88541667,tjrtlmet,P,1.0,1.0,15.0,,15.9,<0> ,76.0,<0> ,1015.0,<0> ,2.2,<0> ,3.5,<0> ,21:04,312.0,<0> ,19.0,<0> ,0.0,<0> ,0.0,<0> 
05/26/2023 21:30,42.89583333,tjrtlmet,P,1.0,1.0,15.0,,15.9,<0> ,79.0,<0> ,1015.0,<0> ,2.0,<0> ,3.5,<0> ,21:29,313.0,<0> ,21.0,<0> ,0.0,<0> ,0.0,<0> 
05/26/2023 21:45,42.90625,tjrtlmet,P,1.0,1.0,15.0,,15.9,<0> ,80.0,<0> ,1015.0,<0> ,2.3,<0> ,3.8,<0> ,21:43,307.0,<0> ,16.0,<0> ,0.0,<0> ,0.0,<0> 
05/26/2023 22:00,42.91666667,tjrtlmet,P,1.0,1.0,15.0,,15.8,<0> ,80.0,<0> ,1015.0,<0> ,2.7,<0> ,4.6,<0> ,21:58,308.0,<0> ,14.0,<0> ,0.0,<0> ,0.0,<0> 
05/26/2023 22:15,42.92708333,tjrtlmet,P,1.0,1.0,15.0,,15.8,<0> ,80.0,<0> ,1015.0,<0> ,2.5,<0> ,3.8,<0> ,22:01,307.0,<0> ,18.0,<0> ,0.0,<0> ,0.0,<0> 
05/26/2023 22:30,42.9375,tjrtlmet,P,1.0,1.0,15.0,,15.8,<0> ,80.0,<0> ,1015.0,<0> ,2.6,<0> ,4.3,<0> ,22:17,306.0,<0> ,18.0,<0> ,0.0,<0> ,0.0,<0> 
05/26/2023 22:45,42.94791667,tjrtlmet,P,1.0,1.0,15.0,,15.8,<0> ,80.0,<0> ,1015.0,<0> ,2.4,<0> ,4.4,<0> ,22:38,310.0,<0> ,18.0,<0> ,0.0,<0> ,0.0,<0> 
05/26/2023 23:00,42.95833333,tjrtlmet,P,1.0,1.0,15.0,,15.9,<0> ,80.0,<0> ,1014.0,<0> ,2.1,<0> ,3.8,<0> ,22:51,317.0,<0> ,22.0,<0> ,0.0,<0> ,0.0,<0> 
05/26/2023 23:15,42.96875,tjrtlmet,P,1.0,1.0,15.0,,15.9,<0> ,80.0,<0> ,1014.0,<0> ,2.6,<0> ,4.7,<0> ,23:07,314.0,<0> ,17.0,<0> ,0.0,<0> ,0.0,<0> 
05/26/2023 23:30,42.97916667,tjrtlmet,P,1.0,1.0,15.0,,15.8,<0> ,80.0,<0> ,1014.0,<0> ,2.3,<0> ,3.8,<0> ,23:22,313.0,<0> ,16.0,<0> ,0.0,<0> ,0.0,<0> 
05/26/2023 23:45,42.98958333,tjrtlmet,P,1.0,1.0,15.0,,15.8,<0> ,80.0,<0> ,1014.0,<0> ,2.3,<0> ,3.9,<0> ,23:33,313.0,<0> ,18.0,<0> ,0.0,<0> ,0.0,<0> 
05/27/2023 00:00,43.0,tjrtlmet,P,1.0,1.0,15.0,,15.8,<0> ,81.0,<0> ,1014.0,<0> ,2.3,<0> ,4.3,<0> ,23:58,311.0,<0> ,18.0,<0> ,0.0,<0> ,0.0,<0> 
05/27/2023 00:15,43.01041667,tjrtlmet,P,1.0,1.0,15.0,,15.7,<0> ,82.0,<0> ,1014.0,<0> ,2.3,<0> ,4.4,<0> ,00:08,311.0,<0> ,19.0,<0> ,0.0,<0> ,0.0,<0> 
05/27/2023 00:30,43.02083333,tjrtlmet,P,1.0,1.0,15.0,,15.7,<0> ,82.0,<0> ,1014.0,<0> ,2.3,<0> ,3.8,<0> ,00:21,309.0,<0> ,14.0,<0> ,0.0,<0> ,0.0,<0> 
05/27/2023 00:45,43.03125,tjrtlmet,P,1.0,1.0,15.0,,15.6,<0> ,83.0,<0> ,1014.0,<0> ,2.3,<0> ,4.4,<0> ,00:39,313.0,<0> ,18.0,<0> ,0.0,<0> ,0.0,<0> 
05/27/2023 01:00,43.04166667,tjrtlmet,P,1.0,1.0,15.0,,15.6,<0> ,82.0,<0> ,1014.0,<0> ,2.7,<0> ,4.4,<0> ,00:58,310.0,<0> ,15.0,<0> ,0.0,<0> ,0.0,<0> 
05/27/2023 01:15,43.05208333,tjrtlmet,P,1.0,1.0,15.0,,15.6,<0> ,82.0,<0> ,1014.0,<0> ,2.8,<0> ,4.4,<0> ,01:04,312.0,<0> ,15.0,<0> ,0.0,<0> ,0.0,<0> 
05/27/2023 01:30,43.0625,tjrtlmet,P,1.0,1.0,15.0,,15.5,<0> ,81.0,<0> ,1014.0,<0> ,2.5,<0> ,4.4,<0> ,01:19,314.0,<0> ,20.0,<0> ,0.0,<0> ,0.0,<0> 
05/27/2023 01:45,43.07291667,tjrtlmet,P,1.0,1.0,15.0,,15.5,<0> ,81.0,<0> ,1014.0,<0> ,2.1,<0> ,3.7,<0> ,01:30,313.0,<0> ,19.0,<0> ,0.0,<0> ,0.0,<0> 
05/27/2023 02:00,43.08333333,tjrtlmet,P,1.0,1.0,15.0,,15.5,<0> ,82.0,<0> ,1014.0,<0> ,2.5,<0> ,4.8,<0> ,01:55,312.0,<0> ,20.0,<0> ,0.0,<0> ,0.0,<0> 
05/27/2023 02:15,43.09375,tjrtlmet,P,1.0,1.0,15.0,,15.5,<0> ,81.0,<0> ,1014.0,<0> ,2.4,<0> ,4.2,<0> ,02:14,312.0,<0> ,19.0,<0> ,0.0,<0> ,0.0,<0> 
05/27/2023 02:30,43.10416667,tjrtlmet,P,1.0,1.0,15.0,,15.4,<0> ,82.0,<0> ,1014.0,<0> ,2.6,<0> ,4.2,<0> ,02:19,311.0,<0> ,19.0,<0> ,0.0,<0> ,0.0,<0> 
05/27/2023 02:45,43.11458333,tjrtlmet,P,1.0,1.0,15.0,,15.4,<0> ,82.0,<0> ,1014.0,<0> ,2.6,<0> ,4.5,<0> ,02:40,313.0,<0> ,18.0,<0> ,0.0,<0> ,0.0,<0> 
05/27/2023 03:00,43.125,tjrtlmet,P,1.0,1.0,15.0,,15.4,<0> ,82.0,<0> ,1014.0,<0> ,2.4,<0> ,3.9,<0> ,02:55,314.0,<0> ,18.0,<0> ,0.0,<0> ,0.0,<0> 
05/27/2023 03:15,43.13541667,tjrtlmet,P,1.0,1.0,15.0,,15.3,<0> ,82.0,<0> ,1014.0,<0> ,1.5,<0> ,3.7,<0> ,03:01,325.0,<0> ,29.0,<0> ,0.0,<0> ,0.0,<0> 
05/27/2023 03:30,43.14583333,tjrtlmet,P,1.0,1.0,15.0,,15.4,<0> ,81.0,<0> ,1014.0,<0> ,2.0,<0> ,3.8,<0> ,03:28,321.0,<0> ,24.0,<0> ,0.0,<0> ,0.0,<0> 
05/27/2023 03:45,43.15625,tjrtlmet,P,1.0,1.0,15.0,,15.4,<0> ,82.0,<0> ,1014.0,<0> ,1.8,<0> ,4.3,<0> ,03:30,321.0,<0> ,25.0,<0> ,0.0,<0> ,0.0,<0> 
05/27/2023 04:00,43.16666667,tjrtlmet,P,1.0,1.0,15.0,,15.4,<0> ,82.0,<0> ,1014.0,<0> ,2.0,<0> ,3.8,<0> ,03:57,317.0,<0> ,22.0,<0> ,0.0,<0> ,0.0,<0> 
05/27/2023 04:15,43.17708333,tjrtlmet,P,1.0,1.0,15.0,,15.2,<0> ,83.0,<0> ,1014.0,<0> ,2.3,<0> ,4.5,<0> ,04:11,312.0,<0> ,22.0,<0> ,0.0,<0> ,0.0,<0> 
05/27/2023 04:30,43.1875,tjrtlmet,P,1.0,1.0,15.0,,15.2,<0> ,84.0,<0> ,1014.0,<0> ,2.7,<0> ,4.3,<0> ,04:16,308.0,<0> ,17.0,<0> ,0.0,<0> ,0.0,<0> 
05/27/2023 04:45,43.19791667,tjrtlmet,P,1.0,1.0,15.0,,15.2,<0> ,84.0,<0> ,1014.0,<0> ,2.7,<0> ,4.5,<0> ,04:34,308.0,<0> ,16.0,<0> ,1.4,<0> ,0.0,<0> 
05/27/2023 05:00,43.20833333,tjrtlmet,P,1.0,1.0,15.0,,15.3,<0> ,84.0,<0> ,1014.0,<0> ,2.4,<0> ,4.1,<0> ,04:55,311.0,<0> ,18.0,<0> ,6.8,<0> ,0.0,<0> 
05/27/2023 05:15,43.21875,tjrtlmet,P,1.0,1.0,15.0,,15.4,<0> ,84.0,<0> ,1014.0,<0> ,2.0,<0> ,4.0,<0> ,05:11,312.0,<0> ,23.0,<0> ,15.3,<0> ,0.0,<0> 
05/27/2023 05:30,43.22916667,tjrtlmet,P,1.0,1.0,15.0,,15.4,<0> ,83.0,<0> ,1014.0,<0> ,1.9,<0> ,3.9,<0> ,05:19,323.0,<0> ,24.0,<0> ,26.1,<0> ,0.0,<0> 
05/27/2023 05:45,43.23958333,tjrtlmet,P,1.0,1.0,15.0,,15.4,<0> ,83.0,<0> ,1014.0,<0> ,1.8,<0> ,3.9,<0> ,05:32,322.0,<0> ,23.0,<0> ,41.2,<0> ,0.0,<0> 
05/27/2023 06:00,43.25,tjrtlmet,P,1.0,1.0,15.0,,15.5,<0> ,84.0,<0> ,1014.0,<0> ,1.8,<0> ,3.7,<0> ,05:51,321.0,<0> ,28.0,<0> ,52.9,<0> ,0.0,<0> 
05/27/2023 06:15,43.26041667,tjrtlmet,P,1.0,1.0,15.0,,15.4,<0> ,85.0,<0> ,1014.0,<0> ,2.0,<0> ,3.8,<0> ,06:02,317.0,<0> ,20.0,<0> ,65.2,<0> ,0.0,<0> 
05/27/2023 06:30,43.27083333,tjrtlmet,P,1.0,1.0,15.0,,15.4,<0> ,86.0,<0> ,1014.0,<0> ,1.9,<0> ,3.4,<0> ,06:16,310.0,<0> ,20.0,<0> ,95.8,<0> ,0.0,<0> 
05/27/2023 06:45,43.28125,tjrtlmet,P,1.0,1.0,15.0,,15.5,<0> ,85.0,<0> ,1014.0,<0> ,1.6,<0> ,2.8,<0> ,06:38,310.0,<0> ,16.0,<0> ,105.6,<0> ,0.0,<0> 
05/27/2023 07:00,43.29166667,tjrtlmet,P,1.0,1.0,15.0,,15.6,<0> ,85.0,<0> ,1014.0,<0> ,1.8,<0> ,3.8,<0> ,06:54,315.0,<0> ,19.0,<0> ,121.3,<0> ,0.0,<0> 
05/27/2023 07:15,43.30208333,tjrtlmet,P,1.0,1.0,15.0,,15.7,<0> ,84.0,<0> ,1014.0,<0> ,1.9,<0> ,3.0,<0> ,07:01,303.0,<0> ,17.0,<0> ,163.7,<0> ,0.0,<0> 
05/27/2023 07:30,43.3125,tjrtlmet,P,1.0,1.0,15.0,,15.9,<0> ,84.0,<0> ,1014.0,<0> ,1.6,<0> ,2.8,<0> ,07:22,312.0,<0> ,20.0,<0> ,214.0,<0> ,0.0,<0> 
05/27/2023 07:45,43.32291667,tjrtlmet,P,1.0,1.0,15.0,,16.1,<0> ,83.0,<0> ,1014.0,<0> ,1.6,<0> ,3.5,<0> ,07:44,314.0,<0> ,18.0,<0> ,267.4,<0> ,0.0,<0> 
05/27/2023 08:00,43.33333333,tjrtlmet,P,1.0,1.0,15.0,,16.3,<0> ,82.0,<0> ,1014.0,<0> ,1.7,<0> ,3.5,<0> ,07:45,316.0,<0> ,21.0,<0> ,279.5,<0> ,0.0,<0> 
05/27/2023 08:15,43.34375,tjrtlmet,P,1.0,1.0,15.0,,16.5,<0> ,81.0,<0> ,1014.0,<0> ,1.8,<0> ,3.2,<0> ,08:00,309.0,<0> ,18.0,<0> ,310.2,<0> ,0.0,<0> 
05/27/2023 08:30,43.35416667,tjrtlmet,P,1.0,1.0,15.0,,16.6,<0> ,79.0,<0> ,1014.0,<0> ,2.5,<0> ,4.3,<0> ,08:22,309.0,<0> ,17.0,<0> ,430.4,<0> ,0.0,<0> 
05/27/2023 08:45,43.36458333,tjrtlmet,P,1.0,1.0,15.0,,17.2,<0> ,78.0,<0> ,1014.0,<0> ,2.4,<0> ,4.1,<0> ,08:43,304.0,<0> ,18.0,<0> ,653.4,<0> ,0.0,<0> 
05/27/2023 09:00,43.375,tjrtlmet,P,1.0,1.0,15.0,,17.8,<0> ,75.0,<0> ,1014.0,<0> ,2.9,<0> ,4.8,<0> ,08:58,300.0,<0> ,15.0,<0> ,1203.5,<0> ,0.0,<0> 
05/27/2023 09:15,43.38541667,tjrtlmet,P,1.0,1.0,15.0,,18.8,<0> ,72.0,<0> ,1014.0,<0> ,3.2,<0> ,4.8,<0> ,09:12,299.0,<0> ,16.0,<0> ,1504.8,<0> ,0.0,<0> 
05/27/2023 09:30,43.39583333,tjrtlmet,P,1.0,1.0,15.0,,18.5,<0> ,72.0,<0> ,1014.0,<0> ,3.2,<0> ,5.1,<0> ,09:29,298.0,<0> ,15.0,<0> ,1133.5,<0> ,0.0,<0> 
05/27/2023 09:45,43.40625,tjrtlmet,P,1.0,1.0,15.0,,18.5,<0> ,71.0,<0> ,1014.0,<0> ,3.5,<0> ,5.4,<0> ,09:43,300.0,<0> ,15.0,<0> ,1188.1,<0> ,0.0,<0> 
05/27/2023 10:00,43.41666667,tjrtlmet,P,1.0,1.0,15.0,,18.9,<0> ,69.0,<0> ,1014.0,<0> ,3.6,<0> ,5.4,<0> ,09:47,301.0,<0> ,17.0,<0> ,1321.9,<0> ,0.0,<0> 
05/27/2023 10:15,43.42708333,tjrtlmet,P,1.0,1.0,15.0,,18.9,<0> ,69.0,<0> ,1014.0,<0> ,3.2,<0> ,5.3,<0> ,10:01,301.0,<0> ,16.0,<0> ,1024.7,<0> ,0.0,<0> 
05/27/2023 10:30,43.4375,tjrtlmet,P,1.0,1.0,15.0,,18.4,<0> ,70.0,<0> ,1014.0,<0> ,3.5,<0> ,5.2,<0> ,10:15,299.0,<0> ,14.0,<0> ,1039.9,<0> ,0.0,<0> 
05/27/2023 10:45,43.44791667,tjrtlmet,P,1.0,1.0,15.0,,18.5,<0> ,70.0,<0> ,1014.0,<0> ,3.5,<0> ,5.0,<0> ,10:44,295.0,<0> ,14.0,<0> ,1044.9,<0> ,0.0,<0> 
05/27/2023 11:00,43.45833333,tjrtlmet,P,1.0,1.0,15.0,,18.8,<0> ,70.0,<0> ,1014.0,<0> ,3.4,<0> ,5.4,<0> ,10:59,299.0,<0> ,17.0,<0> ,1221.5,<0> ,0.0,<0> 
05/27/2023 11:15,43.46875,tjrtlmet,P,1.0,1.0,15.0,,18.9,<0> ,69.0,<0> ,1014.0,<0> ,4.0,<0> ,5.3,<0> ,11:09,291.0,<0> ,14.0,<0> ,1390.3,<0> ,0.0,<0> 
05/27/2023 11:30,43.47916667,tjrtlmet,P,1.0,1.0,15.0,,18.7,<0> ,70.0,<0> ,1014.0,<0> ,4.0,<0> ,5.5,<0> ,11:19,301.0,<0> ,15.0,<0> ,1194.6,<0> ,0.0,<0> 
05/27/2023 11:45,43.48958333,tjrtlmet,P,1.0,1.0,15.0,,18.7,<0> ,70.0,<0> ,1014.0,<0> ,3.9,<0> ,5.6,<0> ,11:38,291.0,<0> ,16.0,<0> ,1296.9,<0> ,0.0,<0> 
05/27/2023 12:00,43.5,tjrtlmet,P,1.0,1.0,15.0,,19.0,<0> ,68.0,<0> ,1014.0,<0> ,4.2,<0> ,5.7,<0> ,11:49,295.0,<0> ,14.0,<0> ,1474.0,<0> ,0.0,<0> 
05/27/2023 12:15,43.51041667,tjrtlmet,P,1.0,1.0,15.0,,19.1,<0> ,68.0,<0> ,1014.0,<0> ,3.8,<0> ,5.4,<0> ,12:09,298.0,<0> ,15.0,<0> ,1379.8,<0> ,0.0,<0> 
05/27/2023 12:30,43.52083333,tjrtlmet,P,1.0,1.0,15.0,,19.5,<0> ,67.0,<0> ,1014.0,<0> ,3.9,<0> ,5.6,<0> ,12:16,301.0,<0> ,16.0,<0> ,1592.0,<0> ,0.0,<0> 
05/27/2023 12:45,43.53125,tjrtlmet,P,1.0,1.0,15.0,,19.5,<0> ,67.0,<0> ,1014.0,<0> ,4.0,<0> ,6.8,<0> ,12:41,296.0,<0> ,16.0,<0> ,1544.1,<0> ,0.0,<0> 
05/27/2023 13:00,43.54166667,tjrtlmet,P,1.0,1.0,15.0,,19.5,<0> ,67.0,<0> ,1014.0,<0> ,4.2,<0> ,6.4,<0> ,12:57,294.0,<0> ,15.0,<0> ,1653.9,<0> ,0.0,<0> 
05/27/2023 13:15,43.55208333,tjrtlmet,P,1.0,1.0,15.0,,19.7,<0> ,66.0,<0> ,1014.0,<0> ,4.2,<0> ,6.2,<0> ,13:00,296.0,<0> ,17.0,<0> ,1725.7,<0> ,0.0,<0> 
05/27/2023 13:30,43.5625,tjrtlmet,P,1.0,1.0,15.0,,19.6,<0> ,65.0,<0> ,1014.0,<0> ,4.5,<0> ,7.1,<0> ,13:24,299.0,<0> ,14.0,<0> ,1663.9,<0> ,0.0,<0> 
05/27/2023 13:45,43.57291667,tjrtlmet,P,1.0,1.0,15.0,,19.6,<0> ,68.0,<0> ,1014.0,<0> ,4.3,<0> ,6.6,<0> ,13:43,297.0,<0> ,16.0,<0> ,1600.9,<0> ,0.0,<0> 
05/27/2023 14:00,43.58333333,tjrtlmet,P,1.0,1.0,15.0,,19.6,<0> ,68.0,<0> ,1014.0,<0> ,4.1,<0> ,6.5,<0> ,13:53,301.0,<0> ,15.0,<0> ,1557.3,<0> ,0.0,<0> 
05/27/2023 14:15,43.59375,tjrtlmet,P,1.0,1.0,15.0,,19.5,<0> ,69.0,<0> ,1014.0,<0> ,4.2,<0> ,6.5,<0> ,14:00,301.0,<0> ,16.0,<0> ,1499.3,<0> ,0.0,<0> 
05/27/2023 14:30,43.60416667,tjrtlmet,P,1.0,1.0,15.0,,19.1,<0> ,71.0,<0> ,1014.0,<0> ,4.5,<0> ,6.2,<0> ,14:25,298.0,<0> ,13.0,<0> ,1430.2,<0> ,0.0,<0> 
05/27/2023 14:45,43.61458333,tjrtlmet,P,1.0,1.0,15.0,,19.1,<0> ,70.0,<0> ,1014.0,<0> ,4.2,<0> ,6.3,<0> ,14:32,303.0,<0> ,18.0,<0> ,1363.8,<0> ,0.0,<0> 
05/27/2023 15:00,43.625,tjrtlmet,P,1.0,1.0,15.0,,19.3,<0> ,70.0,<0> ,1014.0,<0> ,4.0,<0> ,5.9,<0> ,14:51,299.0,<0> ,16.0,<0> ,1286.6,<0> ,0.0,<0> 
05/27/2023 15:15,43.63541667,tjrtlmet,P,1.0,1.0,15.0,,19.0,<0> ,70.0,<0> ,1014.0,<0> ,4.0,<0> ,5.8,<0> ,15:09,301.0,<0> ,15.0,<0> ,1206.5,<0> ,0.0,<0> 
05/27/2023 15:30,43.64583333,tjrtlmet,P,1.0,1.0,15.0,,19.0,<0> ,70.0,<0> ,1014.0,<0> ,3.7,<0> ,5.5,<0> ,15:23,301.0,<0> ,16.0,<0> ,1123.3,<0> ,0.0,<0> 
05/27/2023 15:45,43.65625,tjrtlmet,P,1.0,1.0,15.0,,18.6,<0> ,71.0,<0> ,1014.0,<0> ,4.1,<0> ,5.9,<0> ,15:37,298.0,<0> ,15.0,<0> ,1036.9,<0> ,0.0,<0> 
05/27/2023 16:00,43.66666667,tjrtlmet,P,1.0,1.0,15.0,,18.6,<0> ,72.0,<0> ,1014.0,<0> ,4.0,<0> ,5.7,<0> ,15:50,300.0,<0> ,14.0,<0> ,947.3,<0> ,0.0,<0> 
05/27/2023 16:15,43.67708333,tjrtlmet,P,1.0,1.0,15.0,,18.6,<0> ,72.0,<0> ,1013.0,<0> ,3.4,<0> ,5.6,<0> ,16:03,294.0,<0> ,16.0,<0> ,855.3,<0> ,0.0,<0> 
05/27/2023 16:30,43.6875,tjrtlmet,P,1.0,1.0,15.0,,18.5,<0> ,72.0,<0> ,1013.0,<0> ,3.7,<0> ,5.3,<0> ,16:21,301.0,<0> ,14.0,<0> ,761.8,<0> ,0.0,<0> 
05/27/2023 16:45,43.69791667,tjrtlmet,P,1.0,1.0,15.0,,18.1,<0> ,74.0,<0> ,1014.0,<0> ,3.9,<0> ,6.0,<0> ,16:35,302.0,<0> ,13.0,<0> ,662.9,<0> ,0.0,<0> 
05/27/2023 17:00,43.70833333,tjrtlmet,P,1.0,1.0,15.0,,18.0,<0> ,75.0,<0> ,1013.0,<0> ,3.6,<0> ,5.4,<0> ,16:45,299.0,<0> ,15.0,<0> ,570.5,<0> ,0.0,<0> 
05/27/2023 17:15,43.71875,tjrtlmet,P,1.0,1.0,15.0,,17.6,<0> ,75.0,<0> ,1014.0,<0> ,3.9,<0> ,5.6,<0> ,17:00,300.0,<0> ,15.0,<0> ,473.7,<0> ,0.0,<0> 
05/27/2023 17:30,43.72916667,tjrtlmet,P,1.0,1.0,15.0,,17.4,<0> ,76.0,<0> ,1014.0,<0> ,3.5,<0> ,5.5,<0> ,17:28,302.0,<0> ,14.0,<0> ,379.2,<0> ,0.0,<0> 
05/27/2023 17:45,43.73958333,tjrtlmet,P,1.0,1.0,15.0,,17.0,<0> ,77.0,<0> ,1013.0,<0> ,3.8,<0> ,5.9,<0> ,17:32,302.0,<0> ,15.0,<0> ,291.2,<0> ,0.0,<0> 
05/27/2023 18:00,43.75,tjrtlmet,P,1.0,1.0,15.0,,16.6,<0> ,78.0,<0> ,1014.0,<0> ,3.4,<0> ,5.4,<0> ,17:56,302.0,<0> ,15.0,<0> ,204.6,<0> ,0.0,<0> 
05/27/2023 18:15,43.76041667,tjrtlmet,P,1.0,1.0,15.0,,16.3,<0> ,80.0,<0> ,1014.0,<0> ,3.5,<0> ,5.2,<0> ,18:07,303.0,<0> ,15.0,<0> ,114.8,<0> ,0.0,<0> 
05/27/2023 18:30,43.77083333,tjrtlmet,P,1.0,1.0,15.0,,15.9,<0> ,81.0,<0> ,1014.0,<0> ,3.3,<0> ,4.9,<0> ,18:19,305.0,<0> ,15.0,<0> ,54.6,<0> ,0.0,<0> 
05/27/2023 18:45,43.78125,tjrtlmet,P,1.0,1.0,15.0,,15.7,<0> ,82.0,<0> ,1014.0,<0> ,2.9,<0> ,4.5,<0> ,18:44,305.0,<0> ,18.0,<0> ,21.9,<0> ,0.0,<0> 
05/27/2023 19:00,43.79166667,tjrtlmet,P,1.0,1.0,15.0,,15.5,<0> ,83.0,<0> ,1014.0,<0> ,2.6,<0> ,4.0,<0> ,18:47,308.0,<0> ,18.0,<0> ,5.4,<0> ,0.0,<0> 
05/27/2023 19:15,43.80208333,tjrtlmet,P,1.0,1.0,15.0,,15.5,<0> ,83.0,<0> ,1014.0,<0> ,2.4,<0> ,4.1,<0> ,19:01,307.0,<0> ,18.0,<0> ,0.1,<0> ,0.0,<0> 
05/27/2023 19:30,43.8125,tjrtlmet,P,1.0,1.0,15.0,,15.6,<0> ,83.0,<0> ,1014.0,<0> ,2.6,<0> ,4.1,<0> ,19:15,307.0,<0> ,15.0,<0> ,0.0,<0> ,0.0,<0> 
05/27/2023 19:45,43.82291667,tjrtlmet,P,1.0,1.0,15.0,,15.6,<0> ,83.0,<0> ,1014.0,<0> ,2.4,<0> ,4.1,<0> ,19:32,308.0,<0> ,14.0,<0> ,0.0,<0> ,0.0,<0> 
05/27/2023 20:00,43.83333333,tjrtlmet,P,1.0,1.0,15.0,,15.6,<0> ,83.0,<0> ,1014.0,<0> ,2.8,<0> ,4.4,<0> ,19:57,303.0,<0> ,15.0,<0> ,0.0,<0> ,0.0,<0> 
05/27/2023 20:15,43.84375,tjrtlmet,P,1.0,1.0,15.0,,15.5,<0> ,83.0,<0> ,1014.0,<0> ,2.8,<0> ,4.1,<0> ,20:02,306.0,<0> ,17.0,<0> ,0.0,<0> ,0.0,<0> 
05/27/2023 20:30,43.85416667,tjrtlmet,P,1.0,1.0,15.0,,15.6,<0> ,83.0,<0> ,1014.0,<0> ,2.7,<0> ,4.4,<0> ,20:23,307.0,<0> ,17.0,<0> ,0.0,<0> ,0.0,<0> 
05/27/2023 20:45,43.86458333,tjrtlmet,P,1.0,1.0,15.0,,15.7,<0> ,83.0,<0> ,1014.0,<0> ,2.5,<0> ,3.9,<0> ,20:38,307.0,<0> ,16.0,<0> ,0.0,<0> ,0.0,<0> 
05/27/2023 21:00,43.875,tjrtlmet,P,1.0,1.0,15.0,,15.7,<0> ,83.0,<0> ,1014.0,<0> ,2.5,<0> ,4.2,<0> ,20:52,310.0,<0> ,18.0,<0> ,0.0,<0> ,0.0,<0> 
05/27/2023 21:15,43.88541667,tjrtlmet,P,1.0,1.0,15.0,,15.6,<0> ,83.0,<0> ,1014.0,<0> ,2.7,<0> ,4.3,<0> ,21:10,307.0,<0> ,14.0,<0> ,0.0,<0> ,0.0,<0> 
05/27/2023 21:30,43.89583333,tjrtlmet,P,1.0,1.0,15.0,,15.6,<0> ,83.0,<0> ,1014.0,<0> ,2.5,<0> ,4.0,<0> ,21:23,305.0,<0> ,16.0,<0> ,0.0,<0> ,0.0,<0> 
05/27/2023 21:45,43.90625,tjrtlmet,P,1.0,1.0,15.0,,15.6,<0> ,83.0,<0> ,1014.0,<0> ,2.5,<0> ,3.7,<0> ,21:31,310.0,<0> ,15.0,<0> ,0.0,<0> ,0.0,<0> 
05/27/2023 22:00,43.91666667,tjrtlmet,P,1.0,1.0,15.0,,15.5,<0> ,83.0,<0> ,1014.0,<0> ,2.5,<0> ,4.1,<0> ,21:51,307.0,<0> ,16.0,<0> ,0.0,<0> ,0.0,<0> 
05/27/2023 22:15,43.92708333,tjrtlmet,P,1.0,1.0,15.0,,15.5,<0> ,83.0,<0> ,1014.0,<0> ,2.1,<0> ,3.6,<0> ,22:09,306.0,<0> ,17.0,<0> ,0.0,<0> ,0.0,<0> 
05/27/2023 22:30,43.9375,tjrtlmet,P,1.0,1.0,15.0,,15.4,<0> ,83.0,<0> ,1014.0,<0> ,2.4,<0> ,3.9,<0> ,22:21,306.0,<0> ,14.0,<0> ,0.0,<0> ,0.0,<0> 
05/27/2023 22:45,43.94791667,tjrtlmet,P,1.0,1.0,15.0,,15.4,<0> ,83.0,<0> ,1014.0,<0> ,2.6,<0> ,3.8,<0> ,22:30,306.0,<0> ,14.0,<0> ,0.0,<0> ,0.0,<0> 
05/27/2023 23:00,43.95833333,tjrtlmet,P,1.0,1.0,15.0,,15.4,<0> ,83.0,<0> ,1014.0,<0> ,2.4,<0> ,3.9,<0> ,22:57,306.0,<0> ,14.0,<0> ,0.0,<0> ,0.0,<0> 
05/27/2023 23:15,43.96875,tjrtlmet,P,1.0,1.0,15.0,,15.4,<0> ,83.0,<0> ,1014.0,<0> ,2.2,<0> ,3.3,<0> ,23:07,308.0,<0> ,15.0,<0> ,0.0,<0> ,0.0,<0> 
05/27/2023 23:30,43.97916667,tjrtlmet,P,1.0,1.0,15.0,,15.4,<0> ,83.0,<0> ,1014.0,<0> ,2.2,<0> ,3.7,<0> ,23:22,316.0,<0> ,19.0,<0> ,0.0,<0> ,0.0,<0> 
05/27/2023 23:45,43.98958333,tjrtlmet,P,1.0,1.0,15.0,,15.4,<0> ,82.0,<0> ,1014.0,<0> ,2.4,<0> ,3.8,<0> ,23:36,307.0,<0> ,14.0,<0> ,0.0,<0> ,0.0,<0> 
05/28/2023 00:00,44.0,tjrtlmet,P,1.0,1.0,15.0,,15.4,<0> ,83.0,<0> ,1014.0,<0> ,2.2,<0> ,3.3,<0> ,23:57,306.0,<0> ,14.0,<0> ,0.0,<0> ,0.0,<0> 
05/28/2023 00:15,44.01041667,tjrtlmet,P,1.0,1.0,15.0,,15.5,<0> ,83.0,<0> ,1013.0,<0> ,1.7,<0> ,3.0,<0> ,00:05,314.0,<0> ,17.0,<0> ,0.0,<0> ,0.0,<0> 
05/28/2023 00:30,44.02083333,tjrtlmet,P,1.0,1.0,15.0,,15.5,<0> ,83.0,<0> ,1013.0,<0> ,1.4,<0> ,2.7,<0> ,00:25,307.0,<0> ,16.0,<0> ,0.0,<0> ,0.0,<0> 
05/28/2023 00:45,44.03125,tjrtlmet,P,1.0,1.0,15.0,,15.4,<0> ,83.0,<0> ,1013.0,<0> ,1.4,<0> ,2.5,<0> ,00:43,303.0,<0> ,14.0,<0> ,0.0,<0> ,0.0,<0> 
05/28/2023 01:00,44.04166667,tjrtlmet,P,1.0,1.0,15.0,,15.5,<0> ,83.0,<0> ,1013.0,<0> ,1.8,<0> ,2.8,<0> ,00:57,294.0,<0> ,14.0,<0> ,0.0,<0> ,0.0,<0> 
05/28/2023 01:15,44.05208333,tjrtlmet,P,1.0,1.0,15.0,,15.4,<0> ,82.0,<0> ,1013.0,<0> ,1.8,<0> ,2.7,<0> ,01:04,291.0,<0> ,11.0,<0> ,0.0,<0> ,0.0,<0> 
05/28/2023 01:30,44.0625,tjrtlmet,P,1.0,1.0,15.0,,15.4,<0> ,82.0,<0> ,1013.0,<0> ,1.7,<0> ,2.6,<0> ,01:19,301.0,<0> ,15.0,<0> ,0.0,<0> ,0.0,<0> 
05/28/2023 01:45,44.07291667,tjrtlmet,P,1.0,1.0,15.0,,15.5,<0> ,82.0,<0> ,1013.0,<0> ,1.6,<0> ,2.6,<0> ,01:43,303.0,<0> ,12.0,<0> ,0.0,<0> ,0.0,<0> 
05/28/2023 02:00,44.08333333,tjrtlmet,P,1.0,1.0,15.0,,15.5,<0> ,82.0,<0> ,1013.0,<0> ,1.3,<0> ,2.3,<0> ,01:55,292.0,<0> ,13.0,<0> ,0.0,<0> ,0.0,<0> 
05/28/2023 02:15,44.09375,tjrtlmet,P,1.0,1.0,15.0,,15.5,<0> ,82.0,<0> ,1013.0,<0> ,1.3,<0> ,2.1,<0> ,02:13,291.0,<0> ,12.0,<0> ,0.0,<0> ,0.0,<0> 
05/28/2023 02:30,44.10416667,tjrtlmet,P,1.0,1.0,15.0,,15.5,<0> ,82.0,<0> ,1013.0,<0> ,1.3,<0> ,2.2,<0> ,02:18,303.0,<0> ,11.0,<0> ,0.0,<0> ,0.0,<0> 
05/28/2023 02:45,44.11458333,tjrtlmet,P,1.0,1.0,15.0,,15.4,<0> ,82.0,<0> ,1013.0,<0> ,1.2,<0> ,2.1,<0> ,02:42,302.0,<0> ,13.0,<0> ,0.0,<0> ,0.0,<0> 
05/28/2023 03:00,44.125,tjrtlmet,P,1.0,1.0,15.0,,15.4,<0> ,82.0,<0> ,1013.0,<0> ,1.3,<0> ,2.3,<0> ,02:55,294.0,<0> ,14.0,<0> ,0.0,<0> ,0.0,<0> 
05/28/2023 03:15,44.13541667,tjrtlmet,P,1.0,1.0,15.0,,15.4,<0> ,81.0,<0> ,1013.0,<0> ,1.2,<0> ,1.9,<0> ,03:03,310.0,<0> ,15.0,<0> ,0.0,<0> ,0.0,<0> 
05/28/2023 03:30,44.14583333,tjrtlmet,P,1.0,1.0,15.0,,15.4,<0> ,82.0,<0> ,1013.0,<0> ,0.8,<0> ,1.7,<0> ,03:23,308.0,<0> ,13.0,<0> ,0.0,<0> ,0.0,<0> 
05/28/2023 03:45,44.15625,tjrtlmet,P,1.0,1.0,15.0,,15.4,<0> ,82.0,<0> ,1013.0,<0> ,0.4,<0> ,1.5,<0> ,03:30,321.0,<0> ,22.0,<0> ,0.0,<0> ,0.0,<0> 
05/28/2023 04:00,44.16666667,tjrtlmet,P,1.0,1.0,15.0,,15.4,<0> ,82.0,<0> ,1013.0,<0> ,0.4,<0> ,1.1,<0> ,03:46,277.0,<0> ,22.0,<0> ,0.0,<0> ,0.0,<0> 
05/28/2023 04:15,44.17708333,tjrtlmet,P,1.0,1.0,15.0,,15.4,<0> ,83.0,<0> ,1013.0,<0> ,0.2,<0> ,1.0,<0> ,04:13,258.0,<0> ,14.0,<0> ,0.0,<0> ,0.0,<0> 
05/28/2023 04:30,44.1875,tjrtlmet,P,1.0,1.0,15.0,,15.3,<0> ,83.0,<0> ,1013.0,<0> ,0.7,<0> ,1.2,<0> ,04:17,252.0,<0> ,11.0,<0> ,0.0,<0> ,0.0,<0> 
05/28/2023 04:45,44.19791667,tjrtlmet,P,1.0,1.0,15.0,,15.2,<0> ,83.0,<0> ,1013.0,<0> ,1.2,<0> ,1.9,<0> ,04:32,270.0,<0> ,8.0,<0> ,0.4,<0> ,0.0,<0> 
05/28/2023 05:00,44.20833333,tjrtlmet,P,1.0,1.0,15.0,,15.0,<0> ,85.0,<0> ,1013.0,<0> ,0.6,<0> ,1.6,<0> ,04:47,276.0,<0> ,36.0,<0> ,3.7,<0> ,0.0,<0> 
05/28/2023 05:15,44.21875,tjrtlmet,P,1.0,1.0,15.0,,14.9,<0> ,85.0,<0> ,1013.0,<0> ,0.2,<0> ,0.6,<0> ,05:00,351.0,<0> ,17.0,<0> ,9.7,<0> ,0.0,<0> 
05/28/2023 05:30,44.22916667,tjrtlmet,P,1.0,1.0,15.0,,15.0,<0> ,84.0,<0> ,1013.0,<0> ,0.1,<0> ,0.8,<0> ,05:29,343.0,<0> ,23.0,<0> ,18.1,<0> ,0.0,<0> 
05/28/2023 05:45,44.23958333,tjrtlmet,P,1.0,1.0,15.0,,15.1,<0> ,83.0,<0> ,1013.0,<0> ,0.1,<0> ,0.8,<0> ,05:30,263.0,<0> ,13.0,<0> ,25.6,<0> ,0.0,<0> 
05/28/2023 06:00,44.25,tjrtlmet,P,1.0,1.0,15.0,,15.2,<0> ,83.0,<0> ,1013.0,<0> ,0.0,<0> ,0.4,<0> ,05:51,329.0,<0> ,7.0,<0> ,36.6,<0> ,0.0,<0> 
05/28/2023 06:15,44.26041667,tjrtlmet,P,1.0,1.0,15.0,,15.4,<0> ,83.0,<0> ,1013.0,<0> ,0.4,<0> ,1.0,<0> ,06:08,268.0,<0> ,7.0,<0> ,50.3,<0> ,0.0,<0> 
05/28/2023 06:30,44.27083333,tjrtlmet,P,1.0,1.0,15.0,,15.5,<0> ,82.0,<0> ,1013.0,<0> ,0.5,<0> ,0.9,<0> ,06:27,278.0,<0> ,16.0,<0> ,66.2,<0> ,0.0,<0> 
05/28/2023 06:45,44.28125,tjrtlmet,P,1.0,1.0,15.0,,15.6,<0> ,82.0,<0> ,1013.0,<0> ,0.6,<0> ,1.4,<0> ,06:44,261.0,<0> ,13.0,<0> ,73.3,<0> ,0.0,<0> 
05/28/2023 07:00,44.29166667,tjrtlmet,P,1.0,1.0,15.0,,15.7,<0> ,82.0,<0> ,1013.0,<0> ,1.4,<0> ,2.5,<0> ,06:53,250.0,<0> ,11.0,<0> ,72.2,<0> ,0.0,<0> 
05/28/2023 07:15,44.30208333,tjrtlmet,P,1.0,1.0,15.0,,15.7,<0> ,81.0,<0> ,1014.0,<0> ,1.9,<0> ,2.9,<0> ,07:08,262.0,<0> ,10.0,<0> ,113.1,<0> ,0.0,<0> 
05/28/2023 07:30,44.3125,tjrtlmet,P,1.0,1.0,15.0,,15.8,<0> ,81.0,<0> ,1014.0,<0> ,2.5,<0> ,3.8,<0> ,07:27,279.0,<0> ,11.0,<0> ,224.2,<0> ,0.0,<0> 
05/28/2023 07:45,44.32291667,tjrtlmet,P,1.0,1.0,15.0,,16.0,<0> ,80.0,<0> ,1014.0,<0> ,2.6,<0> ,3.8,<0> ,07:36,284.0,<0> ,15.0,<0> ,223.4,<0> ,0.0,<0> 
05/28/2023 08:00,44.33333333,tjrtlmet,P,1.0,1.0,15.0,,16.0,<0> ,80.0,<0> ,1014.0,<0> ,2.2,<0> ,3.3,<0> ,07:54,268.0,<0> ,12.0,<0> ,228.0,<0> ,0.0,<0> 
05/28/2023 08:15,44.34375,tjrtlmet,P,1.0,1.0,15.0,,16.1,<0> ,80.0,<0> ,1014.0,<0> ,2.2,<0> ,3.3,<0> ,08:02,267.0,<0> ,12.0,<0> ,242.3,<0> ,0.0,<0> 
05/28/2023 08:30,44.35416667,tjrtlmet,P,1.0,1.0,15.0,,16.1,<0> ,81.0,<0> ,1014.0,<0> ,2.1,<0> ,3.2,<0> ,08:29,264.0,<0> ,14.0,<0> ,287.6,<0> ,0.0,<0> 
05/28/2023 08:45,44.36458333,tjrtlmet,P,1.0,1.0,15.0,,16.2,<0> ,82.0,<0> ,1014.0,<0> ,2.3,<0> ,3.4,<0> ,08:43,272.0,<0> ,12.0,<0> ,331.1,<0> ,0.0,<0> 
05/28/2023 09:00,44.375,tjrtlmet,P,1.0,1.0,15.0,,16.2,<0> ,83.0,<0> ,1014.0,<0> ,2.2,<0> ,3.3,<0> ,08:45,271.0,<0> ,11.0,<0> ,362.0,<0> ,0.0,<0> 
05/28/2023 09:15,44.38541667,tjrtlmet,P,1.0,1.0,15.0,,16.3,<0> ,82.0,<0> ,1014.0,<0> ,2.2,<0> ,3.3,<0> ,09:06,270.0,<0> ,12.0,<0> ,437.7,<0> ,0.0,<0> 
05/28/2023 09:30,44.39583333,tjrtlmet,P,1.0,1.0,15.0,,16.5,<0> ,81.0,<0> ,1014.0,<0> ,2.1,<0> ,3.3,<0> ,09:16,278.0,<0> ,14.0,<0> ,553.0,<0> ,0.0,<0> 
05/28/2023 09:45,44.40625,tjrtlmet,P,1.0,1.0,15.0,,16.9,<0> ,80.0,<0> ,1014.0,<0> ,1.9,<0> ,3.1,<0> ,09:36,276.0,<0> ,17.0,<0> ,638.5,<0> ,0.0,<0> 
05/28/2023 10:00,44.41666667,tjrtlmet,P,1.0,1.0,15.0,,16.9,<0> ,80.0,<0> ,1014.0,<0> ,2.2,<0> ,3.0,<0> ,09:48,279.0,<0> ,13.0,<0> ,663.0,<0> ,0.0,<0> 
05/28/2023 10:15,44.42708333,tjrtlmet,P,1.0,1.0,15.0,,17.0,<0> ,79.0,<0> ,1014.0,<0> ,2.2,<0> ,3.3,<0> ,10:09,281.0,<0> ,13.0,<0> ,721.3,<0> ,0.0,<0> 
05/28/2023 10:30,44.4375,tjrtlmet,P,1.0,1.0,15.0,,17.1,<0> ,79.0,<0> ,1014.0,<0> ,2.2,<0> ,3.2,<0> ,10:23,281.0,<0> ,14.0,<0> ,804.2,<0> ,0.0,<0> 
05/28/2023 10:45,44.44791667,tjrtlmet,P,1.0,1.0,15.0,,17.3,<0> ,79.0,<0> ,1014.0,<0> ,2.3,<0> ,3.3,<0> ,10:35,275.0,<0> ,15.0,<0> ,784.2,<0> ,0.0,<0> 
05/28/2023 11:00,44.45833333,tjrtlmet,P,1.0,1.0,15.0,,17.3,<0> ,79.0,<0> ,1014.0,<0> ,2.5,<0> ,3.7,<0> ,10:57,275.0,<0> ,15.0,<0> ,797.1,<0> ,0.0,<0> 
05/28/2023 11:15,44.46875,tjrtlmet,P,1.0,1.0,15.0,,17.2,<0> ,79.0,<0> ,1014.0,<0> ,2.8,<0> ,3.9,<0> ,11:08,281.0,<0> ,12.0,<0> ,790.1,<0> ,0.0,<0> 
05/28/2023 11:30,44.47916667,tjrtlmet,P,1.0,1.0,15.0,,17.4,<0> ,79.0,<0> ,1014.0,<0> ,2.9,<0> ,4.2,<0> ,11:15,278.0,<0> ,13.0,<0> ,861.2,<0> ,0.0,<0> 
05/28/2023 11:45,44.48958333,tjrtlmet,P,1.0,1.0,15.0,,17.3,<0> ,79.0,<0> ,1014.0,<0> ,2.9,<0> ,4.0,<0> ,11:40,276.0,<0> ,13.0,<0> ,872.7,<0> ,0.0,<0> 
05/28/2023 12:00,44.5,tjrtlmet,P,1.0,1.0,15.0,,17.7,<0> ,78.0,<0> ,1014.0,<0> ,2.9,<0> ,4.0,<0> ,11:53,280.0,<0> ,13.0,<0> ,986.2,<0> ,0.0,<0> 
05/28/2023 12:15,44.51041667,tjrtlmet,P,1.0,1.0,15.0,,17.8,<0> ,77.0,<0> ,1014.0,<0> ,2.9,<0> ,4.1,<0> ,12:03,281.0,<0> ,15.0,<0> ,1223.7,<0> ,0.0,<0> 
05/28/2023 12:30,44.52083333,tjrtlmet,P,1.0,1.0,15.0,,18.1,<0> ,77.0,<0> ,1014.0,<0> ,3.4,<0> ,4.6,<0> ,12:24,267.0,<0> ,13.0,<0> ,1375.8,<0> ,0.0,<0> 
05/28/2023 12:45,44.53125,tjrtlmet,P,1.0,1.0,15.0,,18.2,<0> ,78.0,<0> ,1014.0,<0> ,3.5,<0> ,5.1,<0> ,12:30,271.0,<0> ,11.0,<0> ,1675.6,<0> ,0.0,<0> 
05/28/2023 13:00,44.54166667,tjrtlmet,P,1.0,1.0,15.0,,18.9,<0> ,74.0,<0> ,1014.0,<0> ,3.4,<0> ,5.1,<0> ,12:58,259.0,<0> ,16.0,<0> ,1698.5,<0> ,0.0,<0> 
05/28/2023 13:15,44.55208333,tjrtlmet,P,1.0,1.0,15.0,,18.9,<0> ,73.0,<0> ,1014.0,<0> ,3.4,<0> ,4.8,<0> ,13:09,255.0,<0> ,15.0,<0> ,1581.2,<0> ,0.0,<0> 
05/28/2023 13:30,44.5625,tjrtlmet,P,1.0,1.0,15.0,,18.8,<0> ,73.0,<0> ,1014.0,<0> ,3.4,<0> ,5.0,<0> ,13:23,255.0,<0> ,16.0,<0> ,1515.7,<0> ,0.0,<0> 
05/28/2023 13:45,44.57291667,tjrtlmet,P,1.0,1.0,15.0,,18.3,<0> ,77.0,<0> ,1014.0,<0> ,3.8,<0> ,5.4,<0> ,13:34,266.0,<0> ,14.0,<0> ,1332.1,<0> ,0.0,<0> 
05/28/2023 14:00,44.58333333,tjrtlmet,P,1.0,1.0,15.0,,18.1,<0> ,78.0,<0> ,1014.0,<0> ,3.8,<0> ,5.6,<0> ,13:51,268.0,<0> ,12.0,<0> ,1185.9,<0> ,0.0,<0> 
05/28/2023 14:15,44.59375,tjrtlmet,P,1.0,1.0,15.0,,17.4,<0> ,80.0,<0> ,1014.0,<0> ,4.0,<0> ,5.8,<0> ,14:06,269.0,<0> ,12.0,<0> ,904.6,<0> ,0.0,<0> 
05/28/2023 14:30,44.60416667,tjrtlmet,P,1.0,1.0,15.0,,17.2,<0> ,81.0,<0> ,1013.0,<0> ,3.8,<0> ,5.9,<0> ,14:25,272.0,<0> ,13.0,<0> ,718.2,<0> ,0.0,<0> 
05/28/2023 14:45,44.61458333,tjrtlmet,P,1.0,1.0,15.0,,16.8,<0> ,82.0,<0> ,1013.0,<0> ,3.7,<0> ,5.2,<0> ,14:38,272.0,<0> ,11.0,<0> ,548.2,<0> ,0.0,<0> 
05/28/2023 15:00,44.625,tjrtlmet,P,1.0,1.0,15.0,,16.5,<0> ,83.0,<0> ,1013.0,<0> ,3.6,<0> ,4.9,<0> ,14:57,272.0,<0> ,12.0,<0> ,491.6,<0> ,0.0,<0> 
05/28/2023 15:15,44.63541667,tjrtlmet,P,1.0,1.0,15.0,,16.4,<0> ,83.0,<0> ,1013.0,<0> ,3.7,<0> ,5.3,<0> ,15:04,275.0,<0> ,12.0,<0> ,450.1,<0> ,0.0,<0> 
05/28/2023 15:30,44.64583333,tjrtlmet,P,1.0,1.0,15.0,,16.3,<0> ,83.0,<0> ,1013.0,<0> ,4.0,<0> ,5.8,<0> ,15:19,273.0,<0> ,13.0,<0> ,423.4,<0> ,0.0,<0> 
05/28/2023 15:45,44.65625,tjrtlmet,P,1.0,1.0,15.0,,16.3,<0> ,83.0,<0> ,1013.0,<0> ,3.8,<0> ,5.4,<0> ,15:35,279.0,<0> ,12.0,<0> ,366.7,<0> ,0.0,<0> 
05/28/2023 16:00,44.66666667,tjrtlmet,P,1.0,1.0,15.0,,16.4,<0> ,83.0,<0> ,1013.0,<0> ,3.4,<0> ,4.9,<0> ,15:48,282.0,<0> ,13.0,<0> ,372.6,<0> ,0.0,<0> 
05/28/2023 16:15,44.67708333,tjrtlmet,P,1.0,1.0,15.0,,16.6,<0> ,82.0,<0> ,1013.0,<0> ,2.5,<0> ,4.6,<0> ,16:01,289.0,<0> ,16.0,<0> ,336.8,<0> ,0.0,<0> 
05/28/2023 16:30,44.6875,tjrtlmet,P,1.0,1.0,15.0,,16.5,<0> ,82.0,<0> ,1013.0,<0> ,2.5,<0> ,4.0,<0> ,16:22,292.0,<0> ,16.0,<0> ,300.8,<0> ,0.0,<0> 
05/28/2023 16:45,44.69791667,tjrtlmet,P,1.0,1.0,15.0,,16.4,<0> ,82.0,<0> ,1013.0,<0> ,2.3,<0> ,3.6,<0> ,16:32,298.0,<0> ,13.0,<0> ,264.7,<0> ,0.0,<0> 
05/28/2023 17:00,44.70833333,tjrtlmet,P,1.0,1.0,15.0,,16.4,<0> ,82.0,<0> ,1013.0,<0> ,2.0,<0> ,3.1,<0> ,16:47,298.0,<0> ,16.0,<0> ,219.0,<0> ,0.0,<0> 
05/28/2023 17:15,44.71875,tjrtlmet,P,1.0,1.0,15.0,,16.3,<0> ,83.0,<0> ,1013.0,<0> ,1.9,<0> ,2.9,<0> ,17:04,300.0,<0> ,15.0,<0> ,148.1,<0> ,0.0,<0> 
05/28/2023 17:30,44.72916667,tjrtlmet,P,1.0,1.0,15.0,,16.1,<0> ,84.0,<0> ,1013.0,<0> ,1.8,<0> ,2.9,<0> ,17:27,296.0,<0> ,16.0,<0> ,98.3,<0> ,0.0,<0> 
05/28/2023 17:45,44.73958333,tjrtlmet,P,1.0,1.0,15.0,,16.0,<0> ,85.0,<0> ,1013.0,<0> ,1.7,<0> ,2.8,<0> ,17:31,296.0,<0> ,15.0,<0> ,68.9,<0> ,0.0,<0> 
05/28/2023 18:00,44.75,tjrtlmet,P,1.0,1.0,15.0,,15.9,<0> ,86.0,<0> ,1013.0,<0> ,1.6,<0> ,2.5,<0> ,17:56,291.0,<0> ,16.0,<0> ,48.8,<0> ,0.0,<0> 
05/28/2023 18:15,44.76041667,tjrtlmet,P,1.0,1.0,15.0,,15.8,<0> ,86.0,<0> ,1013.0,<0> ,2.0,<0> ,3.1,<0> ,18:13,286.0,<0> ,11.0,<0> ,31.0,<0> ,0.0,<0> 
05/28/2023 18:30,44.77083333,tjrtlmet,P,1.0,1.0,15.0,,15.8,<0> ,87.0,<0> ,1013.0,<0> ,1.7,<0> ,2.5,<0> ,18:23,291.0,<0> ,14.0,<0> ,15.2,<0> ,0.0,<0> 
05/28/2023 18:45,44.78125,tjrtlmet,P,1.0,1.0,15.0,,15.7,<0> ,87.0,<0> ,1013.0,<0> ,1.8,<0> ,2.7,<0> ,18:43,287.0,<0> ,13.0,<0> ,7.1,<0> ,0.0,<0> 
05/28/2023 19:00,44.79166667,tjrtlmet,P,1.0,1.0,15.0,,15.7,<0> ,87.0,<0> ,1013.0,<0> ,1.8,<0> ,2.6,<0> ,18:50,286.0,<0> ,14.0,<0> ,1.1,<0> ,0.0,<0> 
05/28/2023 19:15,44.80208333,tjrtlmet,P,1.0,1.0,15.0,,15.7,<0> ,87.0,<0> ,1013.0,<0> ,1.7,<0> ,2.9,<0> ,19:01,282.0,<0> ,12.0,<0> ,0.0,<0> ,0.0,<0> 
05/28/2023 19:30,44.8125,tjrtlmet,P,1.0,1.0,15.0,,15.6,<0> ,87.0,<0> ,1013.0,<0> ,2.0,<0> ,3.0,<0> ,19:29,284.0,<0> ,12.0,<0> ,0.0,<0> ,0.0,<0> 
05/28/2023 19:45,44.82291667,tjrtlmet,P,1.0,1.0,15.0,,15.6,<0> ,87.0,<0> ,1014.0,<0> ,1.8,<0> ,3.1,<0> ,19:31,283.0,<0> ,14.0,<0> ,0.0,<0> ,0.0,<0> 
05/28/2023 20:00,44.83333333,tjrtlmet,P,1.0,1.0,15.0,,15.6,<0> ,87.0,<0> ,1014.0,<0> ,1.8,<0> ,2.6,<0> ,20:00,283.0,<0> ,12.0,<0> ,0.0,<0> ,0.0,<0> 
05/28/2023 20:15,44.84375,tjrtlmet,P,1.0,1.0,15.0,,15.6,<0> ,87.0,<0> ,1014.0,<0> ,2.0,<0> ,2.9,<0> ,20:04,283.0,<0> ,12.0,<0> ,0.0,<0> ,0.0,<0> 
05/28/2023 20:30,44.85416667,tjrtlmet,P,1.0,1.0,15.0,,15.6,<0> ,86.0,<0> ,1014.0,<0> ,2.0,<0> ,3.2,<0> ,20:21,273.0,<0> ,10.0,<0> ,0.0,<0> ,0.0,<0> 
05/28/2023 20:45,44.86458333,tjrtlmet,P,1.0,1.0,15.0,,15.6,<0> ,86.0,<0> ,1014.0,<0> ,1.9,<0> ,2.7,<0> ,20:32,282.0,<0> ,13.0,<0> ,0.0,<0> ,0.0,<0> 
05/28/2023 21:00,44.875,tjrtlmet,P,1.0,1.0,15.0,,15.6,<0> ,84.0,<0> ,1014.0,<0> ,1.8,<0> ,2.9,<0> ,20:52,279.0,<0> ,12.0,<0> ,0.0,<0> ,0.0,<0> 
05/28/2023 21:15,44.88541667,tjrtlmet,P,1.0,1.0,15.0,,15.7,<0> ,83.0,<0> ,1014.0,<0> ,1.9,<0> ,2.8,<0> ,21:13,272.0,<0> ,12.0,<0> ,0.0,<0> ,0.0,<0> 
05/28/2023 21:30,44.89583333,tjrtlmet,P,1.0,1.0,15.0,,15.7,<0> ,83.0,<0> ,1014.0,<0> ,1.8,<0> ,2.9,<0> ,21:18,270.0,<0> ,12.0,<0> ,0.0,<0> ,0.0,<0> 
05/28/2023 21:45,44.90625,tjrtlmet,P,1.0,1.0,15.0,,15.6,<0> ,82.0,<0> ,1014.0,<0> ,1.3,<0> ,2.2,<0> ,21:31,259.0,<0> ,18.0,<0> ,0.0,<0> ,0.0,<0> 
05/28/2023 22:00,44.91666667,tjrtlmet,P,1.0,1.0,15.0,,15.7,<0> ,81.0,<0> ,1014.0,<0> ,0.9,<0> ,1.8,<0> ,21:59,248.0,<0> ,14.0,<0> ,0.0,<0> ,0.0,<0> 
05/28/2023 22:15,44.92708333,tjrtlmet,P,1.0,1.0,15.0,,15.7,<0> ,81.0,<0> ,1014.0,<0> ,1.4,<0> ,2.1,<0> ,22:14,260.0,<0> ,9.0,<0> ,0.0,<0> ,0.0,<0> 
05/28/2023 22:30,44.9375,tjrtlmet,P,1.0,1.0,15.0,,15.6,<0> ,81.0,<0> ,1014.0,<0> ,1.3,<0> ,2.4,<0> ,22:29,252.0,<0> ,15.0,<0> ,0.0,<0> ,0.0,<0> 
05/28/2023 22:45,44.94791667,tjrtlmet,P,1.0,1.0,15.0,,15.6,<0> ,80.0,<0> ,1014.0,<0> ,1.6,<0> ,2.7,<0> ,22:44,258.0,<0> ,10.0,<0> ,0.0,<0> ,0.0,<0> 
05/28/2023 23:00,44.95833333,tjrtlmet,P,1.0,1.0,15.0,,15.5,<0> ,80.0,<0> ,1014.0,<0> ,1.3,<0> ,2.3,<0> ,22:46,259.0,<0> ,13.0,<0> ,0.0,<0> ,0.0,<0> 
05/28/2023 23:15,44.96875,tjrtlmet,P,1.0,1.0,15.0,,15.5,<0> ,80.0,<0> ,1014.0,<0> ,1.5,<0> ,2.4,<0> ,23:09,254.0,<0> ,11.0,<0> ,0.0,<0> ,0.0,<0> 
05/28/2023 23:30,44.97916667,tjrtlmet,P,1.0,1.0,15.0,,15.5,<0> ,80.0,<0> ,1014.0,<0> ,1.6,<0> ,2.8,<0> ,23:20,256.0,<0> ,11.0,<0> ,0.0,<0> ,0.0,<0> 
05/28/2023 23:45,44.98958333,tjrtlmet,P,1.0,1.0,15.0,,15.5,<0> ,80.0,<0> ,1014.0,<0> ,1.5,<0> ,2.3,<0> ,23:35,261.0,<0> ,11.0,<0> ,0.0,<0> ,0.0,<0> 
05/29/2023 00:00,45.0,tjrtlmet,P,1.0,1.0,15.0,,15.4,<0> ,81.0,<0> ,1014.0,<0> ,1.6,<0> ,2.3,<0> ,23:58,256.0,<0> ,9.0,<0> ,0.0,<0> ,0.0,<0> 
05/29/2023 00:15,45.01041667,tjrtlmet,P,1.0,1.0,15.0,,15.4,<0> ,80.0,<0> ,1014.0,<0> ,1.5,<0> ,2.2,<0> ,00:01,257.0,<0> ,10.0,<0> ,0.0,<0> ,0.0,<0> 
05/29/2023 00:30,45.02083333,tjrtlmet,P,1.0,1.0,15.0,,15.5,<0> ,81.0,<0> ,1014.0,<0> ,1.6,<0> ,2.5,<0> ,00:24,263.0,<0> ,11.0,<0> ,0.0,<0> ,0.0,<0> 
05/29/2023 00:45,45.03125,tjrtlmet,P,1.0,1.0,15.0,,15.5,<0> ,81.0,<0> ,1014.0,<0> ,1.7,<0> ,2.7,<0> ,00:44,262.0,<0> ,11.0,<0> ,0.0,<0> ,0.0,<0> 
05/29/2023 01:00,45.04166667,tjrtlmet,P,1.0,1.0,15.0,,15.4,<0> ,82.0,<0> ,1014.0,<0> ,1.9,<0> ,2.8,<0> ,00:53,262.0,<0> ,12.0,<0> ,0.0,<0> ,0.0,<0> 
05/29/2023 01:15,45.05208333,tjrtlmet,P,1.0,1.0,15.0,,15.3,<0> ,82.0,<0> ,1014.0,<0> ,1.5,<0> ,2.4,<0> ,01:03,263.0,<0> ,10.0,<0> ,0.0,<0> ,0.0,<0> 
05/29/2023 01:30,45.0625,tjrtlmet,P,1.0,1.0,15.0,,15.3,<0> ,82.0,<0> ,1014.0,<0> ,1.4,<0> ,2.3,<0> ,01:15,264.0,<0> ,11.0,<0> ,0.0,<0> ,0.0,<0> 
05/29/2023 01:45,45.07291667,tjrtlmet,P,1.0,1.0,15.0,,15.3,<0> ,82.0,<0> ,1014.0,<0> ,1.5,<0> ,2.5,<0> ,01:43,258.0,<0> ,10.0,<0> ,0.0,<0> ,0.0,<0> 
05/29/2023 02:00,45.08333333,tjrtlmet,P,1.0,1.0,15.0,,15.3,<0> ,82.0,<0> ,1014.0,<0> ,1.7,<0> ,2.7,<0> ,01:54,255.0,<0> ,10.0,<0> ,0.0,<0> ,0.0,<0> 
05/29/2023 02:15,45.09375,tjrtlmet,P,1.0,1.0,15.0,,15.4,<0> ,82.0,<0> ,1014.0,<0> ,1.3,<0> ,2.3,<0> ,02:10,250.0,<0> ,13.0,<0> ,0.0,<0> ,0.0,<0> 
05/29/2023 02:30,45.10416667,tjrtlmet,P,1.0,1.0,15.0,,15.4,<0> ,81.0,<0> ,1014.0,<0> ,1.5,<0> ,2.5,<0> ,02:23,244.0,<0> ,11.0,<0> ,0.0,<0> ,0.0,<0> 
05/29/2023 02:45,45.11458333,tjrtlmet,P,1.0,1.0,15.0,,15.4,<0> ,82.0,<0> ,1014.0,<0> ,1.3,<0> ,2.1,<0> ,02:38,230.0,<0> ,14.0,<0> ,0.0,<0> ,0.0,<0> 
05/29/2023 03:00,45.125,tjrtlmet,P,1.0,1.0,15.0,,15.4,<0> ,82.0,<0> ,1014.0,<0> ,1.4,<0> ,2.2,<0> ,02:55,229.0,<0> ,13.0,<0> ,0.0,<0> ,0.0,<0> 
05/29/2023 03:15,45.13541667,tjrtlmet,P,1.0,1.0,15.0,,15.3,<0> ,82.0,<0> ,1014.0,<0> ,1.3,<0> ,2.1,<0> ,03:11,193.0,<0> ,20.0,<0> ,0.0,<0> ,0.0,<0> 
05/29/2023 03:30,45.14583333,tjrtlmet,P,1.0,1.0,15.0,,15.2,<0> ,83.0,<0> ,1014.0,<0> ,1.6,<0> ,3.5,<0> ,03:19,207.0,<0> ,20.0,<0> ,0.0,<0> ,0.0,<0> 
05/29/2023 03:45,45.15625,tjrtlmet,P,1.0,1.0,15.0,,15.1,<0> ,84.0,<0> ,1014.0,<0> ,1.8,<0> ,2.9,<0> ,03:35,203.0,<0> ,13.0,<0> ,0.0,<0> ,0.0,<0> 
05/29/2023 04:00,45.16666667,tjrtlmet,P,1.0,1.0,15.0,,14.9,<0> ,85.0,<0> ,1014.0,<0> ,1.7,<0> ,2.9,<0> ,03:47,202.0,<0> ,12.0,<0> ,0.0,<0> ,0.0,<0> 
05/29/2023 04:15,45.17708333,tjrtlmet,P,1.0,1.0,15.0,,14.7,<0> ,86.0,<0> ,1014.0,<0> ,1.9,<0> ,3.2,<0> ,04:01,187.0,<0> ,13.0,<0> ,0.0,<0> ,0.0,<0> 
05/29/2023 04:30,45.1875,tjrtlmet,P,1.0,1.0,15.0,,14.6,<0> ,86.0,<0> ,1014.0,<0> ,1.4,<0> ,2.7,<0> ,04:17,197.0,<0> ,13.0,<0> ,0.0,<0> ,0.0,<0> 
05/29/2023 04:45,45.19791667,tjrtlmet,P,1.0,1.0,15.0,,14.6,<0> ,86.0,<0> ,1014.0,<0> ,0.8,<0> ,1.5,<0> ,04:31,193.0,<0> ,10.0,<0> ,0.9,<0> ,0.0,<0> 
05/29/2023 05:00,45.20833333,tjrtlmet,P,1.0,1.0,15.0,,14.7,<0> ,86.0,<0> ,1014.0,<0> ,0.7,<0> ,1.3,<0> ,04:52,164.0,<0> ,21.0,<0> ,5.0,<0> ,0.0,<0> 
05/29/2023 05:15,45.21875,tjrtlmet,P,1.0,1.0,15.0,,14.7,<0> ,86.0,<0> ,1014.0,<0> ,0.3,<0> ,0.6,<0> ,05:07,172.0,<0> ,17.0,<0> ,11.5,<0> ,0.0,<0> 
05/29/2023 05:30,45.22916667,tjrtlmet,P,1.0,1.0,15.0,,14.7,<0> ,86.0,<0> ,1014.0,<0> ,0.5,<0> ,1.0,<0> ,05:23,130.0,<0> ,16.0,<0> ,19.2,<0> ,0.0,<0> 
05/29/2023 05:45,45.23958333,tjrtlmet,P,1.0,1.0,15.0,,14.8,<0> ,86.0,<0> ,1014.0,<0> ,0.6,<0> ,1.2,<0> ,05:34,171.0,<0> ,15.0,<0> ,27.2,<0> ,0.0,<0> 
05/29/2023 06:00,45.25,tjrtlmet,P,1.0,1.0,15.0,,14.9,<0> ,86.0,<0> ,1014.0,<0> ,1.0,<0> ,1.6,<0> ,05:54,205.0,<0> ,32.0,<0> ,44.3,<0> ,0.0,<0> 
05/29/2023 06:15,45.26041667,tjrtlmet,P,1.0,1.0,15.0,,14.9,<0> ,87.0,<0> ,1014.0,<0> ,1.3,<0> ,2.0,<0> ,06:12,241.0,<0> ,12.0,<0> ,62.1,<0> ,0.0,<0> 
05/29/2023 06:30,45.27083333,tjrtlmet,P,1.0,1.0,15.0,,14.9,<0> ,87.0,<0> ,1014.0,<0> ,1.3,<0> ,2.2,<0> ,06:27,251.0,<0> ,13.0,<0> ,99.1,<0> ,0.0,<0> 
05/29/2023 06:45,45.28125,tjrtlmet,P,1.0,1.0,15.0,,15.1,<0> ,86.0,<0> ,1014.0,<0> ,1.2,<0> ,1.8,<0> ,06:30,248.0,<0> ,14.0,<0> ,143.0,<0> ,0.0,<0> 
05/29/2023 07:00,45.29166667,tjrtlmet,P,1.0,1.0,15.0,,15.3,<0> ,84.0,<0> ,1014.0,<0> ,1.3,<0> ,1.9,<0> ,06:48,232.0,<0> ,14.0,<0> ,178.5,<0> ,0.0,<0> 
05/29/2023 07:15,45.30208333,tjrtlmet,P,1.0,1.0,15.0,,15.5,<0> ,82.0,<0> ,1014.0,<0> ,1.1,<0> ,1.9,<0> ,07:08,230.0,<0> ,17.0,<0> ,200.3,<0> ,0.0,<0> 
05/29/2023 07:30,45.3125,tjrtlmet,P,1.0,1.0,15.0,,15.7,<0> ,82.0,<0> ,1015.0,<0> ,1.5,<0> ,2.4,<0> ,07:29,251.0,<0> ,14.0,<0> ,223.6,<0> ,0.0,<0> 
05/29/2023 07:45,45.32291667,tjrtlmet,P,1.0,1.0,15.0,,15.7,<0> ,82.0,<0> ,1015.0,<0> ,1.4,<0> ,2.2,<0> ,07:32,267.0,<0> ,14.0,<0> ,181.5,<0> ,0.0,<0> 
05/29/2023 08:00,45.33333333,tjrtlmet,P,1.0,1.0,15.0,,15.6,<0> ,83.0,<0> ,1015.0,<0> ,1.6,<0> ,2.7,<0> ,07:57,280.0,<0> ,15.0,<0> ,162.1,<0> ,0.0,<0> 
05/29/2023 08:15,45.34375,tjrtlmet,P,1.0,1.0,15.0,,15.5,<0> ,84.0,<0> ,1015.0,<0> ,1.6,<0> ,2.4,<0> ,08:02,275.0,<0> ,13.0,<0> ,183.6,<0> ,0.0,<0> 
05/29/2023 08:30,45.35416667,tjrtlmet,P,1.0,1.0,15.0,,15.5,<0> ,83.0,<0> ,1015.0,<0> ,2.2,<0> ,3.4,<0> ,08:24,266.0,<0> ,10.0,<0> ,184.6,<0> ,0.0,<0> 
05/29/2023 08:45,45.36458333,tjrtlmet,P,1.0,1.0,15.0,,15.5,<0> ,83.0,<0> ,1015.0,<0> ,2.3,<0> ,4.0,<0> ,08:44,256.0,<0> ,12.0,<0> ,233.3,<0> ,0.0,<0> 
05/29/2023 09:00,45.375,tjrtlmet,P,1.0,1.0,15.0,,15.5,<0> ,82.0,<0> ,1016.0,<0> ,2.5,<0> ,3.8,<0> ,08:46,254.0,<0> ,13.0,<0> ,260.5,<0> ,0.0,<0> 
05/29/2023 09:15,45.38541667,tjrtlmet,P,1.0,1.0,15.0,,15.5,<0> ,81.0,<0> ,1016.0,<0> ,2.5,<0> ,3.9,<0> ,09:14,260.0,<0> ,14.0,<0> ,279.1,<0> ,0.0,<0> 
05/29/2023 09:30,45.39583333,tjrtlmet,P,1.0,1.0,15.0,,15.7,<0> ,81.0,<0> ,1016.0,<0> ,2.2,<0> ,3.4,<0> ,09:19,251.0,<0> ,14.0,<0> ,298.4,<0> ,0.0,<0> 
05/29/2023 09:45,45.40625,tjrtlmet,P,1.0,1.0,15.0,,15.6,<0> ,81.0,<0> ,1016.0,<0> ,2.4,<0> ,3.9,<0> ,09:39,260.0,<0> ,13.0,<0> ,306.4,<0> ,0.0,<0> 
05/29/2023 10:00,45.41666667,tjrtlmet,P,1.0,1.0,15.0,,15.5,<0> ,81.0,<0> ,1016.0,<0> ,2.2,<0> ,3.9,<0> ,09:48,266.0,<0> ,14.0,<0> ,335.9,<0> ,0.0,<0> 
05/29/2023 10:15,45.42708333,tjrtlmet,P,1.0,1.0,15.0,,15.6,<0> ,81.0,<0> ,1016.0,<0> ,1.9,<0> ,3.1,<0> ,10:09,268.0,<0> ,14.0,<0> ,373.7,<0> ,0.0,<0> 
05/29/2023 10:30,45.4375,tjrtlmet,P,1.0,1.0,15.0,,15.7,<0> ,80.0,<0> ,1016.0,<0> ,2.1,<0> ,3.4,<0> ,10:19,265.0,<0> ,15.0,<0> ,380.8,<0> ,0.0,<0> 
05/29/2023 10:45,45.44791667,tjrtlmet,P,1.0,1.0,15.0,,15.8,<0> ,80.0,<0> ,1016.0,<0> ,1.6,<0> ,2.9,<0> ,10:42,258.0,<0> ,16.0,<0> ,393.7,<0> ,0.0,<0> 
05/29/2023 11:00,45.45833333,tjrtlmet,P,1.0,1.0,15.0,,15.8,<0> ,79.0,<0> ,1016.0,<0> ,2.0,<0> ,3.0,<0> ,10:48,247.0,<0> ,15.0,<0> ,352.6,<0> ,0.0,<0> 
05/29/2023 11:15,45.46875,tjrtlmet,P,1.0,1.0,15.0,,15.8,<0> ,79.0,<0> ,1016.0,<0> ,1.7,<0> ,2.6,<0> ,11:07,245.0,<0> ,22.0,<0> ,367.5,<0> ,0.0,<0> 
05/29/2023 11:30,45.47916667,tjrtlmet,P,1.0,1.0,15.0,,15.9,<0> ,79.0,<0> ,1016.0,<0> ,1.5,<0> ,2.7,<0> ,11:16,228.0,<0> ,18.0,<0> ,398.9,<0> ,0.0,<0> 
05/29/2023 11:45,45.48958333,tjrtlmet,P,1.0,1.0,15.0,,16.0,<0> ,78.0,<0> ,1016.0,<0> ,1.7,<0> ,2.9,<0> ,11:34,250.0,<0> ,21.0,<0> ,399.5,<0> ,0.0,<0> 
05/29/2023 12:00,45.5,tjrtlmet,P,1.0,1.0,15.0,,15.9,<0> ,78.0,<0> ,1016.0,<0> ,1.8,<0> ,2.7,<0> ,11:45,249.0,<0> ,14.0,<0> ,444.1,<0> ,0.0,<0> 
05/29/2023 12:15,45.51041667,tjrtlmet,P,1.0,1.0,15.0,,16.0,<0> ,79.0,<0> ,1016.0,<0> ,2.0,<0> ,3.3,<0> ,12:15,242.0,<0> ,15.0,<0> ,468.3,<0> ,0.0,<0> 
05/29/2023 12:30,45.52083333,tjrtlmet,P,1.0,1.0,15.0,,16.0,<0> ,78.0,<0> ,1016.0,<0> ,1.8,<0> ,3.2,<0> ,12:15,250.0,<0> ,17.0,<0> ,516.1,<0> ,0.0,<0> 
05/29/2023 12:45,45.53125,tjrtlmet,P,1.0,1.0,15.0,,16.3,<0> ,76.0,<0> ,1016.0,<0> ,1.9,<0> ,2.8,<0> ,12:43,247.0,<0> ,19.0,<0> ,627.0,<0> ,0.0,<0> 
05/29/2023 13:00,45.54166667,tjrtlmet,P,1.0,1.0,15.0,,16.5,<0> ,75.0,<0> ,1016.0,<0> ,2.1,<0> ,2.9,<0> ,12:52,246.0,<0> ,22.0,<0> ,633.6,<0> ,0.0,<0> 
05/29/2023 13:15,45.55208333,tjrtlmet,P,1.0,1.0,15.0,,16.4,<0> ,75.0,<0> ,1016.0,<0> ,2.1,<0> ,3.1,<0> ,13:00,254.0,<0> ,13.0,<0> ,526.8,<0> ,0.0,<0> 
05/29/2023 13:30,45.5625,tjrtlmet,P,1.0,1.0,15.0,,16.3,<0> ,74.0,<0> ,1015.0,<0> ,2.0,<0> ,3.1,<0> ,13:22,255.0,<0> ,11.0,<0> ,494.5,<0> ,0.0,<0> 
05/29/2023 13:45,45.57291667,tjrtlmet,P,1.0,1.0,15.0,,16.3,<0> ,75.0,<0> ,1015.0,<0> ,2.0,<0> ,3.0,<0> ,13:32,264.0,<0> ,16.0,<0> ,489.9,<0> ,0.0,<0> 
05/29/2023 14:00,45.58333333,tjrtlmet,P,1.0,1.0,15.0,,16.3,<0> ,76.0,<0> ,1015.0,<0> ,2.2,<0> ,3.4,<0> ,13:55,272.0,<0> ,12.0,<0> ,527.6,<0> ,0.0,<0> 
05/29/2023 14:15,45.59375,tjrtlmet,P,1.0,1.0,15.0,,16.5,<0> ,75.0,<0> ,1015.0,<0> ,2.1,<0> ,3.4,<0> ,14:07,272.0,<0> ,17.0,<0> ,494.6,<0> ,0.0,<0> 
05/29/2023 14:30,45.60416667,tjrtlmet,P,1.0,1.0,15.0,,16.5,<0> ,76.0,<0> ,1015.0,<0> ,2.2,<0> ,3.1,<0> ,14:20,282.0,<0> ,16.0,<0> ,425.5,<0> ,0.0,<0> 
05/29/2023 14:45,45.61458333,tjrtlmet,P,1.0,1.0,15.0,,16.6,<0> ,76.0,<0> ,1015.0,<0> ,2.3,<0> ,3.5,<0> ,14:35,281.0,<0> ,13.0,<0> ,545.6,<0> ,0.0,<0> 
05/29/2023 15:00,45.625,tjrtlmet,P,1.0,1.0,15.0,,16.6,<0> ,76.0,<0> ,1015.0,<0> ,2.2,<0> ,3.3,<0> ,14:46,281.0,<0> ,17.0,<0> ,544.3,<0> ,0.0,<0> 
05/29/2023 15:15,45.63541667,tjrtlmet,P,1.0,1.0,15.0,,16.8,<0> ,75.0,<0> ,1015.0,<0> ,1.8,<0> ,2.9,<0> ,15:06,274.0,<0> ,16.0,<0> ,704.5,<0> ,0.0,<0> 
05/29/2023 15:30,45.64583333,tjrtlmet,P,1.0,1.0,15.0,,17.0,<0> ,74.0,<0> ,1014.0,<0> ,1.7,<0> ,2.8,<0> ,15:28,269.0,<0> ,18.0,<0> ,699.9,<0> ,0.0,<0> 
05/29/2023 15:45,45.65625,tjrtlmet,P,1.0,1.0,15.0,,16.6,<0> ,75.0,<0> ,1014.0,<0> ,2.1,<0> ,2.9,<0> ,15:37,266.0,<0> ,12.0,<0> ,467.4,<0> ,0.0,<0> 
05/29/2023 16:00,45.66666667,tjrtlmet,P,1.0,1.0,15.0,,16.5,<0> ,77.0,<0> ,1014.0,<0> ,2.0,<0> ,3.0,<0> ,15:49,278.0,<0> ,15.0,<0> ,389.9,<0> ,0.0,<0> 
05/29/2023 16:15,45.67708333,tjrtlmet,P,1.0,1.0,15.0,,16.5,<0> ,77.0,<0> ,1014.0,<0> ,1.9,<0> ,3.0,<0> ,16:13,275.0,<0> ,14.0,<0> ,381.1,<0> ,0.0,<0> 
05/29/2023 16:30,45.6875,tjrtlmet,P,1.0,1.0,15.0,,16.4,<0> ,76.0,<0> ,1014.0,<0> ,1.6,<0> ,2.8,<0> ,16:16,275.0,<0> ,16.0,<0> ,343.4,<0> ,0.0,<0> 
05/29/2023 16:45,45.69791667,tjrtlmet,P,1.0,1.0,15.0,,16.5,<0> ,76.0,<0> ,1014.0,<0> ,1.6,<0> ,2.4,<0> ,16:37,280.0,<0> ,13.0,<0> ,295.0,<0> ,0.0,<0> 
05/29/2023 17:00,45.70833333,tjrtlmet,P,1.0,1.0,15.0,,16.4,<0> ,77.0,<0> ,1014.0,<0> ,1.7,<0> ,2.7,<0> ,16:57,263.0,<0> ,11.0,<0> ,212.2,<0> ,0.0,<0> 
05/29/2023 17:15,45.71875,tjrtlmet,P,1.0,1.0,15.0,,16.2,<0> ,77.0,<0> ,1014.0,<0> ,1.6,<0> ,2.5,<0> ,17:14,254.0,<0> ,17.0,<0> ,191.4,<0> ,0.0,<0> 
05/29/2023 17:30,45.72916667,tjrtlmet,P,1.0,1.0,15.0,,16.1,<0> ,77.0,<0> ,1014.0,<0> ,1.8,<0> ,2.5,<0> ,17:28,250.0,<0> ,13.0,<0> ,160.5,<0> ,0.0,<0> 
05/29/2023 17:45,45.73958333,tjrtlmet,P,1.0,1.0,15.0,,16.1,<0> ,77.0,<0> ,1014.0,<0> ,1.5,<0> ,2.4,<0> ,17:32,254.0,<0> ,13.0,<0> ,135.0,<0> ,0.0,<0> 
05/29/2023 18:00,45.75,tjrtlmet,P,1.0,1.0,15.0,,16.0,<0> ,77.0,<0> ,1014.0,<0> ,1.4,<0> ,2.4,<0> ,17:48,248.0,<0> ,13.0,<0> ,106.3,<0> ,0.0,<0> 
05/29/2023 18:15,45.76041667,tjrtlmet,P,1.0,1.0,15.0,,15.9,<0> ,77.0,<0> ,1014.0,<0> ,1.6,<0> ,2.5,<0> ,18:12,242.0,<0> ,14.0,<0> ,64.7,<0> ,0.0,<0> 
05/29/2023 18:30,45.77083333,tjrtlmet,P,1.0,1.0,15.0,,15.8,<0> ,77.0,<0> ,1014.0,<0> ,1.3,<0> ,2.2,<0> ,18:20,237.0,<0> ,13.0,<0> ,32.0,<0> ,0.0,<0> 
05/29/2023 18:45,45.78125,tjrtlmet,P,1.0,1.0,15.0,,15.7,<0> ,78.0,<0> ,1014.0,<0> ,1.3,<0> ,2.1,<0> ,18:43,243.0,<0> ,13.0,<0> ,11.6,<0> ,0.0,<0> 
05/29/2023 19:00,45.79166667,tjrtlmet,P,1.0,1.0,15.0,,15.6,<0> ,79.0,<0> ,1014.0,<0> ,1.3,<0> ,2.5,<0> ,18:48,235.0,<0> ,18.0,<0> ,2.2,<0> ,0.0,<0> 
05/29/2023 19:15,45.80208333,tjrtlmet,P,1.0,1.0,15.0,,15.6,<0> ,80.0,<0> ,1015.0,<0> ,0.8,<0> ,1.5,<0> ,19:05,235.0,<0> ,12.0,<0> ,0.0,<0> ,0.0,<0> 
05/29/2023 19:30,45.8125,tjrtlmet,P,1.0,1.0,15.0,,15.5,<0> ,80.0,<0> ,1015.0,<0> ,0.9,<0> ,1.6,<0> ,19:18,254.0,<0> ,9.0,<0> ,0.0,<0> ,0.0,<0> 
05/29/2023 19:45,45.82291667,tjrtlmet,P,1.0,1.0,15.0,,15.5,<0> ,81.0,<0> ,1015.0,<0> ,0.7,<0> ,1.5,<0> ,19:35,263.0,<0> ,7.0,<0> ,0.0,<0> ,0.0,<0> 
05/29/2023 20:00,45.83333333,tjrtlmet,P,1.0,1.0,15.0,,15.5,<0> ,81.0,<0> ,1015.0,<0> ,0.3,<0> ,0.8,<0> ,19:57,257.0,<0> ,6.0,<0> ,0.0,<0> ,0.0,<0> 
05/29/2023 20:15,45.84375,tjrtlmet,P,1.0,1.0,15.0,,15.6,<0> ,82.0,<0> ,1015.0,<0> ,0.6,<0> ,1.0,<0> ,20:13,289.0,<0> ,13.0,<0> ,0.0,<0> ,0.0,<0> 
05/29/2023 20:30,45.85416667,tjrtlmet,P,1.0,1.0,15.0,,15.6,<0> ,82.0,<0> ,1015.0,<0> ,0.7,<0> ,1.2,<0> ,20:28,275.0,<0> ,6.0,<0> ,0.0,<0> ,0.0,<0> 
05/29/2023 20:45,45.86458333,tjrtlmet,P,1.0,1.0,15.0,,15.6,<0> ,83.0,<0> ,1015.0,<0> ,1.0,<0> ,1.7,<0> ,20:34,254.0,<0> ,19.0,<0> ,0.0,<0> ,0.0,<0> 
05/29/2023 21:00,45.875,tjrtlmet,P,1.0,1.0,15.0,,15.6,<0> ,83.0,<0> ,1015.0,<0> ,1.2,<0> ,1.9,<0> ,20:52,272.0,<0> ,10.0,<0> ,0.0,<0> ,0.0,<0> 
05/29/2023 21:15,45.88541667,tjrtlmet,P,1.0,1.0,15.0,,15.5,<0> ,83.0,<0> ,1015.0,<0> ,1.3,<0> ,1.9,<0> ,21:04,267.0,<0> ,10.0,<0> ,0.0,<0> ,0.0,<0> 
05/29/2023 21:30,45.89583333,tjrtlmet,P,1.0,1.0,15.0,,15.5,<0> ,83.0,<0> ,1015.0,<0> ,1.5,<0> ,2.2,<0> ,21:17,256.0,<0> ,12.0,<0> ,0.0,<0> ,0.0,<0> 
05/29/2023 21:45,45.90625,tjrtlmet,P,1.0,1.0,15.0,,15.5,<0> ,83.0,<0> ,1015.0,<0> ,1.1,<0> ,1.8,<0> ,21:30,256.0,<0> ,10.0,<0> ,0.0,<0> ,0.0,<0> 
05/29/2023 22:00,45.91666667,tjrtlmet,P,1.0,1.0,15.0,,15.4,<0> ,82.0,<0> ,1015.0,<0> ,0.9,<0> ,1.4,<0> ,21:45,254.0,<0> ,11.0,<0> ,0.0,<0> ,0.0,<0> 
05/29/2023 22:15,45.92708333,tjrtlmet,P,1.0,1.0,15.0,,15.4,<0> ,82.0,<0> ,1015.0,<0> ,1.0,<0> ,1.6,<0> ,22:04,244.0,<0> ,9.0,<0> ,0.0,<0> ,0.0,<0> 
05/29/2023 22:30,45.9375,tjrtlmet,P,1.0,1.0,15.0,,15.4,<0> ,82.0,<0> ,1015.0,<0> ,1.2,<0> ,2.0,<0> ,22:22,257.0,<0> ,11.0,<0> ,0.0,<0> ,0.0,<0> 
05/29/2023 22:45,45.94791667,tjrtlmet,P,1.0,1.0,15.0,,15.5,<0> ,82.0,<0> ,1015.0,<0> ,1.4,<0> ,2.0,<0> ,22:33,267.0,<0> ,9.0,<0> ,0.0,<0> ,0.0,<0> 
05/29/2023 23:00,45.95833333,tjrtlmet,P,1.0,1.0,15.0,,15.5,<0> ,81.0,<0> ,1015.0,<0> ,1.2,<0> ,1.9,<0> ,22:45,268.0,<0> ,9.0,<0> ,0.0,<0> ,0.0,<0> 
05/29/2023 23:15,45.96875,tjrtlmet,P,1.0,1.0,15.0,,15.4,<0> ,81.0,<0> ,1015.0,<0> ,1.1,<0> ,1.8,<0> ,23:02,265.0,<0> ,11.0,<0> ,0.0,<0> ,0.0,<0> 
05/29/2023 23:30,45.97916667,tjrtlmet,P,1.0,1.0,15.0,,15.5,<0> ,81.0,<0> ,1014.0,<0> ,0.8,<0> ,1.5,<0> ,23:19,263.0,<0> ,6.0,<0> ,0.0,<0> ,0.0,<0> 
05/29/2023 23:45,45.98958333,tjrtlmet,P,1.0,1.0,15.0,,15.5,<0> ,81.0,<0> ,1014.0,<0> ,0.3,<0> ,0.8,<0> ,23:33,247.0,<0> ,15.0,<0> ,0.0,<0> ,0.0,<0> 
05/30/2023 00:00,46.0,tjrtlmet,P,1.0,1.0,15.0,,15.4,<0> ,81.0,<0> ,1014.0,<0> ,0.0,<0> ,0.0,<0> ,23:45,0.0,<0> ,0.0,<0> ,0.0,<0> ,0.0,<0> 
05/30/2023 00:15,46.01041667,tjrtlmet,P,1.0,1.0,15.0,,15.4,<0> ,81.0,<0> ,1014.0,<0> ,0.0,<0> ,0.0,<0> ,00:00,0.0,<0> ,0.0,<0> ,0.0,<0> ,0.0,<0> 
05/30/2023 00:30,46.02083333,tjrtlmet,P,1.0,1.0,15.0,,15.4,<0> ,81.0,<0> ,1014.0,<0> ,0.0,<0> ,0.0,<0> ,00:15,0.0,<0> ,0.0,<0> ,0.0,<0> ,0.0,<0> 
05/30/2023 00:45,46.03125,tjrtlmet,P,1.0,1.0,15.0,,15.4,<0> ,81.0,<0> ,1014.0,<0> ,0.2,<0> ,0.8,<0> ,00:44,211.0,<0> ,15.0,<0> ,0.0,<0> ,0.0,<0> 
05/30/2023 01:00,46.04166667,tjrtlmet,P,1.0,1.0,15.0,,15.3,<0> ,82.0,<0> ,1014.0,<0> ,0.8,<0> ,1.1,<0> ,00:59,199.0,<0> ,11.0,<0> ,0.0,<0> ,0.0,<0> 
05/30/2023 01:15,46.05208333,tjrtlmet,P,1.0,1.0,15.0,,15.1,<0> ,84.0,<0> ,1014.0,<0> ,0.7,<0> ,1.2,<0> ,01:04,209.0,<0> ,7.0,<0> ,0.0,<0> ,0.0,<0> 
05/30/2023 01:30,46.0625,tjrtlmet,P,1.0,1.0,15.0,,15.1,<0> ,84.0,<0> ,1014.0,<0> ,0.5,<0> ,1.5,<0> ,01:28,195.0,<0> ,11.0,<0> ,0.0,<0> ,0.0,<0> 
05/30/2023 01:45,46.07291667,tjrtlmet,P,1.0,1.0,15.0,,15.3,<0> ,82.0,<0> ,1014.0,<0> ,1.1,<0> ,1.9,<0> ,01:39,200.0,<0> ,12.0,<0> ,0.0,<0> ,0.0,<0> 
05/30/2023 02:00,46.08333333,tjrtlmet,P,1.0,1.0,15.0,,15.5,<0> ,80.0,<0> ,1014.0,<0> ,0.8,<0> ,1.9,<0> ,01:48,215.0,<0> ,17.0,<0> ,0.0,<0> ,0.0,<0> 
05/30/2023 02:15,46.09375,tjrtlmet,P,1.0,1.0,15.0,,15.5,<0> ,81.0,<0> ,1014.0,<0> ,0.4,<0> ,1.4,<0> ,02:00,224.0,<0> ,32.0,<0> ,0.0,<0> ,0.0,<0> 
05/30/2023 02:30,46.10416667,tjrtlmet,P,1.0,1.0,15.0,,15.5,<0> ,80.0,<0> ,1014.0,<0> ,0.5,<0> ,1.5,<0> ,02:25,266.0,<0> ,26.0,<0> ,0.0,<0> ,0.0,<0> 
05/30/2023 02:45,46.11458333,tjrtlmet,P,1.0,1.0,15.0,,15.5,<0> ,77.0,<0> ,1014.0,<0> ,0.3,<0> ,1.3,<0> ,02:39,220.0,<0> ,17.0,<0> ,0.0,<0> ,0.0,<0> 
05/30/2023 03:00,46.125,tjrtlmet,P,1.0,1.0,15.0,,15.7,<0> ,76.0,<0> ,1014.0,<0> ,0.0,<0> ,0.3,<0> ,02:46,210.0,<0> ,0.0,<0> ,0.0,<0> ,0.0,<0> 
05/30/2023 03:15,46.13541667,tjrtlmet,P,1.0,1.0,15.0,,15.6,<0> ,78.0,<0> ,1014.0,<0> ,0.0,<0> ,0.3,<0> ,03:10,260.0,<0> ,3.0,<0> ,0.0,<0> ,0.0,<0> 
05/30/2023 03:30,46.14583333,tjrtlmet,P,1.0,1.0,15.0,,15.5,<0> ,77.0,<0> ,1014.0,<0> ,0.0,<0> ,0.4,<0> ,03:29,310.0,<0> ,32.0,<0> ,0.0,<0> ,0.0,<0> 
05/30/2023 03:45,46.15625,tjrtlmet,P,1.0,1.0,15.0,,15.6,<0> ,78.0,<0> ,1014.0,<0> ,0.4,<0> ,0.7,<0> ,03:34,83.0,<0> ,14.0,<0> ,0.0,<0> ,0.0,<0> 
05/30/2023 04:00,46.16666667,tjrtlmet,P,1.0,1.0,15.0,,15.6,<0> ,78.0,<0> ,1014.0,<0> ,0.5,<0> ,0.9,<0> ,03:47,66.0,<0> ,24.0,<0> ,0.0,<0> ,0.0,<0> 
05/30/2023 04:15,46.17708333,tjrtlmet,P,1.0,1.0,15.0,,15.6,<0> ,78.0,<0> ,1014.0,<0> ,0.7,<0> ,1.1,<0> ,04:06,106.0,<0> ,13.0,<0> ,0.0,<0> ,0.0,<0> 
05/30/2023 04:30,46.1875,tjrtlmet,P,1.0,1.0,15.0,,15.4,<0> ,80.0,<0> ,1014.0,<0> ,0.3,<0> ,0.7,<0> ,04:15,146.0,<0> ,31.0,<0> ,0.0,<0> ,0.0,<0> 
05/30/2023 04:45,46.19791667,tjrtlmet,P,1.0,1.0,15.0,,15.3,<0> ,81.0,<0> ,1014.0,<0> ,0.5,<0> ,1.1,<0> ,04:35,200.0,<0> ,60.0,<0> ,0.5,<0> ,0.0,<0> 
05/30/2023 05:00,46.20833333,tjrtlmet,P,1.0,1.0,15.0,,15.3,<0> ,81.0,<0> ,1014.0,<0> ,0.0,<0> ,0.8,<0> ,04:59,251.0,<0> ,10.0,<0> ,4.5,<0> ,0.0,<0> 
05/30/2023 05:15,46.21875,tjrtlmet,P,1.0,1.0,15.0,,15.5,<0> ,83.0,<0> ,1014.0,<0> ,1.2,<0> ,2.3,<0> ,05:05,261.0,<0> ,15.0,<0> ,12.4,<0> ,0.0,<0> 
05/30/2023 05:30,46.22916667,tjrtlmet,P,1.0,1.0,15.0,,15.6,<0> ,83.0,<0> ,1014.0,<0> ,1.0,<0> ,1.8,<0> ,05:16,258.0,<0> ,8.0,<0> ,25.5,<0> ,0.0,<0> 
05/30/2023 05:45,46.23958333,tjrtlmet,P,1.0,1.0,15.0,,15.7,<0> ,84.0,<0> ,1014.0,<0> ,1.7,<0> ,4.0,<0> ,05:43,249.0,<0> ,10.0,<0> ,37.1,<0> ,0.0,<0> 
05/30/2023 06:00,46.25,tjrtlmet,P,1.0,1.0,15.0,,15.7,<0> ,86.0,<0> ,1014.0,<0> ,2.6,<0> ,4.3,<0> ,05:57,262.0,<0> ,11.0,<0> ,61.4,<0> ,0.0,<0> 
05/30/2023 06:15,46.26041667,tjrtlmet,P,1.0,1.0,15.0,,15.7,<0> ,86.0,<0> ,1015.0,<0> ,2.8,<0> ,5.0,<0> ,06:11,262.0,<0> ,13.0,<0> ,83.5,<0> ,0.0,<0> 
05/30/2023 06:30,46.27083333,tjrtlmet,P,1.0,1.0,15.0,,15.6,<0> ,86.0,<0> ,1015.0,<0> ,3.4,<0> ,4.9,<0> ,06:24,263.0,<0> ,13.0,<0> ,106.3,<0> ,0.0,<0> 
05/30/2023 06:45,46.28125,tjrtlmet,P,1.0,1.0,15.0,,15.6,<0> ,86.0,<0> ,1015.0,<0> ,3.6,<0> ,5.3,<0> ,06:43,277.0,<0> ,15.0,<0> ,128.0,<0> ,0.0,<0> 
05/30/2023 07:00,46.29166667,tjrtlmet,P,1.0,1.0,15.0,,15.5,<0> ,85.0,<0> ,1015.0,<0> ,3.7,<0> ,5.6,<0> ,06:45,276.0,<0> ,12.0,<0> ,159.3,<0> ,0.0,<0> 
05/30/2023 07:15,46.30208333,tjrtlmet,P,1.0,1.0,15.0,,15.5,<0> ,84.0,<0> ,1015.0,<0> ,3.7,<0> ,5.1,<0> ,07:10,282.0,<0> ,13.0,<0> ,192.0,<0> ,0.0,<0> 
05/30/2023 07:30,46.3125,tjrtlmet,P,1.0,1.0,15.0,,15.7,<0> ,84.0,<0> ,1015.0,<0> ,3.3,<0> ,4.8,<0> ,07:15,286.0,<0> ,14.0,<0> ,242.1,<0> ,0.0,<0> 
05/30/2023 07:45,46.32291667,tjrtlmet,P,1.0,1.0,15.0,,15.7,<0> ,83.0,<0> ,1015.0,<0> ,3.2,<0> ,4.6,<0> ,07:42,289.0,<0> ,14.0,<0> ,271.2,<0> ,0.0,<0> 
05/30/2023 08:00,46.33333333,tjrtlmet,P,1.0,1.0,15.0,,15.9,<0> ,82.0,<0> ,1015.0,<0> ,3.1,<0> ,4.6,<0> ,07:58,286.0,<0> ,14.0,<0> ,312.0,<0> ,0.0,<0> 
05/30/2023 08:15,46.34375,tjrtlmet,P,1.0,1.0,15.0,,15.9,<0> ,82.0,<0> ,1015.0,<0> ,3.1,<0> ,4.9,<0> ,08:08,286.0,<0> ,13.0,<0> ,369.6,<0> ,0.0,<0> 
05/30/2023 08:30,46.35416667,tjrtlmet,P,1.0,1.0,15.0,,16.0,<0> ,81.0,<0> ,1015.0,<0> ,3.0,<0> ,4.4,<0> ,08:18,286.0,<0> ,14.0,<0> ,423.1,<0> ,0.0,<0> 
05/30/2023 08:45,46.36458333,tjrtlmet,P,1.0,1.0,15.0,,16.1,<0> ,80.0,<0> ,1015.0,<0> ,3.0,<0> ,4.5,<0> ,08:40,285.0,<0> ,13.0,<0> ,468.9,<0> ,0.0,<0> 
05/30/2023 09:00,46.375,tjrtlmet,P,1.0,1.0,15.0,,16.3,<0> ,79.0,<0> ,1015.0,<0> ,3.1,<0> ,4.6,<0> ,08:46,282.0,<0> ,14.0,<0> ,595.1,<0> ,0.0,<0> 
05/30/2023 09:15,46.38541667,tjrtlmet,P,1.0,1.0,15.0,,16.6,<0> ,78.0,<0> ,1015.0,<0> ,3.2,<0> ,4.8,<0> ,09:00,284.0,<0> ,14.0,<0> ,705.4,<0> ,0.0,<0> 
05/30/2023 09:30,46.39583333,tjrtlmet,P,1.0,1.0,15.0,,17.0,<0> ,77.0,<0> ,1015.0,<0> ,3.3,<0> ,4.8,<0> ,09:29,279.0,<0> ,13.0,<0> ,947.5,<0> ,0.0,<0> 
05/30/2023 09:45,46.40625,tjrtlmet,P,1.0,1.0,15.0,,17.5,<0> ,74.0,<0> ,1015.0,<0> ,3.4,<0> ,4.7,<0> ,09:34,290.0,<0> ,15.0,<0> ,1157.2,<0> ,0.0,<0> 
05/30/2023 10:00,46.41666667,tjrtlmet,P,1.0,1.0,15.0,,17.6,<0> ,73.0,<0> ,1015.0,<0> ,3.3,<0> ,4.9,<0> ,09:49,292.0,<0> ,16.0,<0> ,1039.8,<0> ,0.0,<0> 
05/30/2023 10:15,46.42708333,tjrtlmet,P,1.0,1.0,15.0,,17.7,<0> ,73.0,<0> ,1015.0,<0> ,3.5,<0> ,5.4,<0> ,10:06,283.0,<0> ,14.0,<0> ,1129.8,<0> ,0.0,<0> 
05/30/2023 10:30,46.4375,tjrtlmet,P,1.0,1.0,15.0,,17.7,<0> ,72.0,<0> ,1015.0,<0> ,3.7,<0> ,5.2,<0> ,10:27,281.0,<0> ,12.0,<0> ,1440.6,<0> ,0.0,<0> 
05/30/2023 10:45,46.44791667,tjrtlmet,P,1.0,1.0,15.0,,18.2,<0> ,71.0,<0> ,1015.0,<0> ,3.7,<0> ,5.1,<0> ,10:39,283.0,<0> ,15.0,<0> ,1775.9,<0> ,0.0,<0> 
05/30/2023 11:00,46.45833333,tjrtlmet,P,1.0,1.0,15.0,,18.3,<0> ,71.0,<0> ,1015.0,<0> ,3.6,<0> ,5.6,<0> ,10:58,282.0,<0> ,14.0,<0> ,1412.7,<0> ,0.0,<0> 
05/30/2023 11:15,46.46875,tjrtlmet,P,1.0,1.0,15.0,,18.0,<0> ,71.0,<0> ,1015.0,<0> ,3.8,<0> ,5.4,<0> ,11:06,286.0,<0> ,14.0,<0> ,1408.2,<0> ,0.0,<0> 
05/30/2023 11:30,46.47916667,tjrtlmet,P,1.0,1.0,15.0,,18.0,<0> ,70.0,<0> ,1015.0,<0> ,4.0,<0> ,5.9,<0> ,11:27,285.0,<0> ,14.0,<0> ,1207.2,<0> ,0.0,<0> 
05/30/2023 11:45,46.48958333,tjrtlmet,P,1.0,1.0,15.0,,18.2,<0> ,70.0,<0> ,1015.0,<0> ,4.0,<0> ,5.9,<0> ,11:35,287.0,<0> ,16.0,<0> ,1597.7,<0> ,0.0,<0> 
05/30/2023 12:00,46.5,tjrtlmet,P,1.0,1.0,15.0,,18.6,<0> ,69.0,<0> ,1015.0,<0> ,3.9,<0> ,5.8,<0> ,11:45,284.0,<0> ,15.0,<0> ,1628.8,<0> ,0.0,<0> 
05/30/2023 12:15,46.51041667,tjrtlmet,P,1.0,1.0,15.0,,18.7,<0> ,68.0,<0> ,1015.0,<0> ,3.8,<0> ,6.3,<0> ,12:08,289.0,<0> ,15.0,<0> ,1418.1,<0> ,0.0,<0> 
05/30/2023 12:30,46.52083333,tjrtlmet,P,1.0,1.0,15.0,,18.5,<0> ,67.0,<0> ,1015.0,<0> ,3.7,<0> ,5.1,<0> ,12:17,289.0,<0> ,14.0,<0> ,1302.0,<0> ,0.0,<0> 
05/30/2023 12:45,46.53125,tjrtlmet,P,1.0,1.0,15.0,,18.1,<0> ,68.0,<0> ,1015.0,<0> ,3.9,<0> ,5.4,<0> ,12:37,292.0,<0> ,14.0,<0> ,1179.4,<0> ,0.0,<0> 
05/30/2023 13:00,46.54166667,tjrtlmet,P,1.0,1.0,15.0,,18.2,<0> ,68.0,<0> ,1015.0,<0> ,3.9,<0> ,6.0,<0> ,12:55,293.0,<0> ,15.0,<0> ,1293.1,<0> ,0.0,<0> 
05/30/2023 13:15,46.55208333,tjrtlmet,P,1.0,1.0,15.0,,18.2,<0> ,68.0,<0> ,1015.0,<0> ,3.6,<0> ,5.6,<0> ,13:05,287.0,<0> ,13.0,<0> ,1041.0,<0> ,0.0,<0> 
05/30/2023 13:30,46.5625,tjrtlmet,P,1.0,1.0,15.0,,18.0,<0> ,69.0,<0> ,1015.0,<0> ,3.6,<0> ,5.2,<0> ,13:17,289.0,<0> ,15.0,<0> ,1039.1,<0> ,0.0,<0> 
05/30/2023 13:45,46.57291667,tjrtlmet,P,1.0,1.0,15.0,,17.7,<0> ,69.0,<0> ,1015.0,<0> ,3.5,<0> ,5.8,<0> ,13:44,289.0,<0> ,12.0,<0> ,867.4,<0> ,0.0,<0> 
05/30/2023 14:00,46.58333333,tjrtlmet,P,1.0,1.0,15.0,,17.8,<0> ,68.0,<0> ,1014.0,<0> ,3.4,<0> ,5.2,<0> ,13:48,290.0,<0> ,14.0,<0> ,950.4,<0> ,0.0,<0> 
05/30/2023 14:15,46.59375,tjrtlmet,P,1.0,1.0,15.0,,17.9,<0> ,68.0,<0> ,1014.0,<0> ,3.7,<0> ,5.4,<0> ,14:03,282.0,<0> ,14.0,<0> ,1063.9,<0> ,0.0,<0> 
05/30/2023 14:30,46.60416667,tjrtlmet,P,1.0,1.0,15.0,,17.8,<0> ,67.0,<0> ,1014.0,<0> ,3.8,<0> ,5.4,<0> ,14:18,279.0,<0> ,13.0,<0> ,920.8,<0> ,0.0,<0> 
05/30/2023 14:45,46.61458333,tjrtlmet,P,1.0,1.0,15.0,,17.8,<0> ,67.0,<0> ,1014.0,<0> ,3.6,<0> ,5.4,<0> ,14:32,282.0,<0> ,15.0,<0> ,1087.0,<0> ,0.0,<0> 
05/30/2023 15:00,46.625,tjrtlmet,P,1.0,1.0,15.0,,17.7,<0> ,67.0,<0> ,1014.0,<0> ,3.7,<0> ,5.3,<0> ,14:45,287.0,<0> ,13.0,<0> ,846.1,<0> ,0.0,<0> 
05/30/2023 15:15,46.63541667,tjrtlmet,P,1.0,1.0,15.0,,17.3,<0> ,68.0,<0> ,1014.0,<0> ,3.6,<0> ,5.3,<0> ,15:00,286.0,<0> ,16.0,<0> ,718.1,<0> ,0.0,<0> 
05/30/2023 15:30,46.64583333,tjrtlmet,P,1.0,1.0,15.0,,17.2,<0> ,68.0,<0> ,1014.0,<0> ,3.5,<0> ,4.9,<0> ,15:18,283.0,<0> ,15.0,<0> ,648.3,<0> ,0.0,<0> 
05/30/2023 15:45,46.65625,tjrtlmet,P,1.0,1.0,15.0,,17.0,<0> ,69.0,<0> ,1014.0,<0> ,3.3,<0> ,4.8,<0> ,15:38,283.0,<0> ,12.0,<0> ,604.8,<0> ,0.0,<0> 
05/30/2023 16:00,46.66666667,tjrtlmet,P,1.0,1.0,15.0,,17.1,<0> ,68.0,<0> ,1014.0,<0> ,3.0,<0> ,4.5,<0> ,15:49,280.0,<0> ,13.0,<0> ,637.2,<0> ,0.0,<0> 
05/30/2023 16:15,46.67708333,tjrtlmet,P,1.0,1.0,15.0,,17.1,<0> ,69.0,<0> ,1014.0,<0> ,2.9,<0> ,4.3,<0> ,16:02,287.0,<0> ,15.0,<0> ,515.3,<0> ,0.0,<0> 
05/30/2023 16:30,46.6875,tjrtlmet,P,1.0,1.0,15.0,,16.8,<0> ,71.0,<0> ,1014.0,<0> ,2.7,<0> ,4.0,<0> ,16:18,290.0,<0> ,15.0,<0> ,340.7,<0> ,0.0,<0> 
05/30/2023 16:45,46.69791667,tjrtlmet,P,1.0,1.0,15.0,,16.6,<0> ,72.0,<0> ,1014.0,<0> ,2.5,<0> ,4.4,<0> ,16:31,287.0,<0> ,14.0,<0> ,293.4,<0> ,0.0,<0> 
05/30/2023 17:00,46.70833333,tjrtlmet,P,1.0,1.0,15.0,,16.7,<0> ,74.0,<0> ,1014.0,<0> ,2.2,<0> ,3.7,<0> ,16:57,293.0,<0> ,15.0,<0> ,300.9,<0> ,0.0,<0> 
05/30/2023 17:15,46.71875,tjrtlmet,P,1.0,1.0,15.0,,16.6,<0> ,74.0,<0> ,1014.0,<0> ,2.3,<0> ,3.4,<0> ,17:12,300.0,<0> ,14.0,<0> ,282.3,<0> ,0.0,<0> 
05/30/2023 17:30,46.72916667,tjrtlmet,P,1.0,1.0,15.0,,16.5,<0> ,74.0,<0> ,1014.0,<0> ,2.2,<0> ,3.4,<0> ,17:20,301.0,<0> ,14.0,<0> ,241.1,<0> ,0.0,<0> 
05/30/2023 17:45,46.73958333,tjrtlmet,P,1.0,1.0,15.0,,16.3,<0> ,74.0,<0> ,1014.0,<0> ,2.2,<0> ,3.8,<0> ,17:34,302.0,<0> ,18.0,<0> ,117.8,<0> ,0.0,<0> 
05/30/2023 18:00,46.75,tjrtlmet,P,1.0,1.0,15.0,,16.1,<0> ,74.0,<0> ,1014.0,<0> ,2.1,<0> ,3.5,<0> ,17:47,301.0,<0> ,18.0,<0> ,107.8,<0> ,0.0,<0> 
05/30/2023 18:15,46.76041667,tjrtlmet,P,1.0,1.0,15.0,,16.0,<0> ,74.0,<0> ,1014.0,<0> ,1.9,<0> ,2.6,<0> ,18:04,300.0,<0> ,15.0,<0> ,78.1,<0> ,0.0,<0> 
05/30/2023 18:30,46.77083333,tjrtlmet,P,1.0,1.0,15.0,,15.8,<0> ,74.0,<0> ,1014.0,<0> ,2.1,<0> ,3.5,<0> ,18:27,292.0,<0> ,14.0,<0> ,35.4,<0> ,0.0,<0> 
05/30/2023 18:45,46.78125,tjrtlmet,P,1.0,1.0,15.0,,15.7,<0> ,75.0,<0> ,1014.0,<0> ,2.1,<0> ,3.2,<0> ,18:38,294.0,<0> ,13.0,<0> ,14.5,<0> ,0.0,<0> 
05/30/2023 19:00,46.79166667,tjrtlmet,P,1.0,1.0,15.0,,15.6,<0> ,76.0,<0> ,1014.0,<0> ,1.7,<0> ,2.9,<0> ,18:47,300.0,<0> ,16.0,<0> ,4.3,<0> ,0.0,<0> 
05/30/2023 19:15,46.80208333,tjrtlmet,P,1.0,1.0,15.0,,15.6,<0> ,76.0,<0> ,1014.0,<0> ,1.7,<0> ,2.4,<0> ,19:05,294.0,<0> ,12.0,<0> ,0.1,<0> ,0.0,<0> 
05/30/2023 19:30,46.8125,tjrtlmet,P,1.0,1.0,15.0,,15.5,<0> ,77.0,<0> ,1014.0,<0> ,1.6,<0> ,2.8,<0> ,19:29,292.0,<0> ,13.0,<0> ,0.0,<0> ,0.0,<0> 
05/30/2023 19:45,46.82291667,tjrtlmet,P,1.0,1.0,15.0,,15.5,<0> ,77.0,<0> ,1014.0,<0> ,1.5,<0> ,2.4,<0> ,19:37,292.0,<0> ,12.0,<0> ,0.0,<0> ,0.0,<0> 
05/30/2023 20:00,46.83333333,tjrtlmet,P,1.0,1.0,15.0,,15.5,<0> ,77.0,<0> ,1014.0,<0> ,1.6,<0> ,2.6,<0> ,19:56,288.0,<0> ,13.0,<0> ,0.0,<0> ,0.0,<0> 
05/30/2023 20:15,46.84375,tjrtlmet,P,1.0,1.0,15.0,,15.6,<0> ,78.0,<0> ,1014.0,<0> ,1.8,<0> ,3.1,<0> ,20:02,302.0,<0> ,14.0,<0> ,0.0,<0> ,0.0,<0> 
05/30/2023 20:30,46.85416667,tjrtlmet,P,1.0,1.0,15.0,,15.5,<0> ,78.0,<0> ,1014.0,<0> ,1.9,<0> ,3.1,<0> ,20:23,294.0,<0> ,13.0,<0> ,0.0,<0> ,0.0,<0> 
05/30/2023 20:45,46.86458333,tjrtlmet,P,1.0,1.0,15.0,,15.5,<0> ,79.0,<0> ,1014.0,<0> ,1.8,<0> ,3.0,<0> ,20:36,305.0,<0> ,14.0,<0> ,0.0,<0> ,0.0,<0> 
05/30/2023 21:00,46.875,tjrtlmet,P,1.0,1.0,15.0,,15.5,<0> ,79.0,<0> ,1014.0,<0> ,1.7,<0> ,3.0,<0> ,20:59,300.0,<0> ,14.0,<0> ,0.0,<0> ,0.0,<0> 
05/30/2023 21:15,46.88541667,tjrtlmet,P,1.0,1.0,15.0,,15.4,<0> ,78.0,<0> ,1014.0,<0> ,1.9,<0> ,3.0,<0> ,21:05,307.0,<0> ,16.0,<0> ,0.0,<0> ,0.0,<0> 
05/30/2023 21:30,46.89583333,tjrtlmet,P,1.0,1.0,15.0,,15.3,<0> ,79.0,<0> ,1014.0,<0> ,2.2,<0> ,3.6,<0> ,21:20,295.0,<0> ,15.0,<0> ,0.0,<0> ,0.0,<0> 
05/30/2023 21:45,46.90625,tjrtlmet,P,1.0,1.0,15.0,,15.0,<0> ,80.0,<0> ,1014.0,<0> ,2.4,<0> ,3.7,<0> ,21:39,291.0,<0> ,11.0,<0> ,0.0,<0> ,0.0,<0> 
05/30/2023 22:00,46.91666667,tjrtlmet,P,1.0,1.0,15.0,,15.0,<0> ,79.0,<0> ,1014.0,<0> ,2.1,<0> ,3.2,<0> ,21:45,292.0,<0> ,13.0,<0> ,0.0,<0> ,0.0,<0> 
05/30/2023 22:15,46.92708333,tjrtlmet,P,1.0,1.0,15.0,,15.1,<0> ,78.0,<0> ,1014.0,<0> ,1.9,<0> ,3.2,<0> ,22:03,295.0,<0> ,13.0,<0> ,0.0,<0> ,0.0,<0> 
05/30/2023 22:30,46.9375,tjrtlmet,P,1.0,1.0,15.0,,15.2,<0> ,77.0,<0> ,1014.0,<0> ,1.8,<0> ,3.0,<0> ,22:24,299.0,<0> ,13.0,<0> ,0.0,<0> ,0.0,<0> 
05/30/2023 22:45,46.94791667,tjrtlmet,P,1.0,1.0,15.0,,15.2,<0> ,76.0,<0> ,1014.0,<0> ,1.7,<0> ,2.6,<0> ,22:40,300.0,<0> ,14.0,<0> ,0.0,<0> ,0.0,<0> 
05/30/2023 23:00,46.95833333,tjrtlmet,P,1.0,1.0,15.0,,15.1,<0> ,76.0,<0> ,1014.0,<0> ,1.5,<0> ,2.5,<0> ,22:52,299.0,<0> ,12.0,<0> ,0.0,<0> ,0.0,<0> 
05/30/2023 23:15,46.96875,tjrtlmet,P,1.0,1.0,15.0,,15.1,<0> ,78.0,<0> ,1014.0,<0> ,1.7,<0> ,2.9,<0> ,23:08,303.0,<0> ,14.0,<0> ,0.0,<0> ,0.0,<0> 
05/30/2023 23:30,46.97916667,tjrtlmet,P,1.0,1.0,15.0,,15.0,<0> ,79.0,<0> ,1013.0,<0> ,1.9,<0> ,3.1,<0> ,23:27,304.0,<0> ,14.0,<0> ,0.0,<0> ,0.0,<0> 
05/30/2023 23:45,46.98958333,tjrtlmet,P,1.0,1.0,15.0,,15.1,<0> ,80.0,<0> ,1013.0,<0> ,2.1,<0> ,4.2,<0> ,23:35,299.0,<0> ,13.0,<0> ,0.0,<0> ,0.0,<0> 
05/31/2023 00:00,47.0,tjrtlmet,P,1.0,1.0,15.0,,15.1,<0> ,78.0,<0> ,1013.0,<0> ,2.6,<0> ,4.2,<0> ,23:46,297.0,<0> ,15.0,<0> ,0.0,<0> ,0.0,<0> 
05/31/2023 00:15,47.01041667,tjrtlmet,P,1.0,1.0,15.0,,15.1,<0> ,79.0,<0> ,1013.0,<0> ,2.9,<0> ,4.6,<0> ,00:12,292.0,<0> ,14.0,<0> ,0.0,<0> ,0.0,<0> 
05/31/2023 00:30,47.02083333,tjrtlmet,P,1.0,1.0,15.0,,15.0,<0> ,80.0,<0> ,1013.0,<0> ,2.9,<0> ,4.4,<0> ,00:23,299.0,<0> ,15.0,<0> ,0.0,<0> ,0.0,<0> 
05/31/2023 00:45,47.03125,tjrtlmet,P,1.0,1.0,15.0,,14.9,<0> ,81.0,<0> ,1013.0,<0> ,3.1,<0> ,5.3,<0> ,00:35,288.0,<0> ,14.0,<0> ,0.0,<0> ,0.0,<0> 
05/31/2023 01:00,47.04166667,tjrtlmet,P,1.0,1.0,15.0,,14.9,<0> ,81.0,<0> ,1013.0,<0> ,2.9,<0> ,4.5,<0> ,00:55,298.0,<0> ,17.0,<0> ,0.0,<0> ,0.0,<0> 
05/31/2023 01:15,47.05208333,tjrtlmet,P,1.0,1.0,15.0,,14.5,<0> ,84.0,<0> ,1013.0,<0> ,2.3,<0> ,3.5,<0> ,01:02,300.0,<0> ,14.0,<0> ,0.0,<0> ,0.0,<0> 
05/31/2023 01:30,47.0625,tjrtlmet,P,1.0,1.0,15.0,,14.6,<0> ,82.0,<0> ,1013.0,<0> ,2.7,<0> ,4.3,<0> ,01:17,303.0,<0> ,14.0,<0> ,0.0,<0> ,0.0,<0> 
05/31/2023 01:45,47.07291667,tjrtlmet,P,1.0,1.0,15.0,,14.7,<0> ,79.0,<0> ,1013.0,<0> ,2.4,<0> ,3.8,<0> ,01:33,307.0,<0> ,14.0,<0> ,0.0,<0> ,0.0,<0> 
05/31/2023 02:00,47.08333333,tjrtlmet,P,1.0,1.0,15.0,,14.8,<0> ,78.0,<0> ,1013.0,<0> ,2.2,<0> ,3.5,<0> ,01:53,304.0,<0> ,16.0,<0> ,0.0,<0> ,0.0,<0> 
05/31/2023 02:15,47.09375,tjrtlmet,P,1.0,1.0,15.0,,14.9,<0> ,79.0,<0> ,1013.0,<0> ,2.0,<0> ,3.5,<0> ,02:13,311.0,<0> ,17.0,<0> ,0.0,<0> ,0.0,<0> 
05/31/2023 02:30,47.10416667,tjrtlmet,P,1.0,1.0,15.0,,14.9,<0> ,80.0,<0> ,1012.0,<0> ,1.9,<0> ,3.4,<0> ,02:17,308.0,<0> ,16.0,<0> ,0.0,<0> ,0.0,<0> 
05/31/2023 02:45,47.11458333,tjrtlmet,P,1.0,1.0,15.0,,14.9,<0> ,80.0,<0> ,1012.0,<0> ,1.9,<0> ,3.5,<0> ,02:39,312.0,<0> ,19.0,<0> ,0.0,<0> ,0.0,<0> 
05/31/2023 03:00,47.125,tjrtlmet,P,1.0,1.0,15.0,,14.7,<0> ,80.0,<0> ,1012.0,<0> ,2.1,<0> ,3.3,<0> ,02:49,308.0,<0> ,17.0,<0> ,0.0,<0> ,0.0,<0> 
05/31/2023 03:15,47.13541667,tjrtlmet,P,1.0,1.0,15.0,,14.8,<0> ,79.0,<0> ,1012.0,<0> ,1.5,<0> ,3.3,<0> ,03:08,320.0,<0> ,25.0,<0> ,0.0,<0> ,0.0,<0> 
05/31/2023 03:30,47.14583333,tjrtlmet,P,1.0,1.0,15.0,,14.6,<0> ,79.0,<0> ,1012.0,<0> ,0.9,<0> ,2.2,<0> ,03:26,326.0,<0> ,32.0,<0> ,0.0,<0> ,0.0,<0> 
05/31/2023 03:45,47.15625,tjrtlmet,P,1.0,1.0,15.0,,14.5,<0> ,79.0,<0> ,1012.0,<0> ,0.9,<0> ,3.2,<0> ,03:43,334.0,<0> ,30.0,<0> ,0.0,<0> ,0.0,<0> 
05/31/2023 04:00,47.16666667,tjrtlmet,P,1.0,1.0,15.0,,14.6,<0> ,77.0,<0> ,1012.0,<0> ,0.8,<0> ,2.2,<0> ,03:52,337.0,<0> ,29.0,<0> ,0.0,<0> ,0.0,<0> 
05/31/2023 04:15,47.17708333,tjrtlmet,P,1.0,1.0,15.0,,14.6,<0> ,77.0,<0> ,1012.0,<0> ,0.6,<0> ,2.2,<0> ,04:04,342.0,<0> ,31.0,<0> ,0.0,<0> ,0.0,<0> 
05/31/2023 04:30,47.1875,tjrtlmet,P,1.0,1.0,15.0,,14.5,<0> ,77.0,<0> ,1012.0,<0> ,0.7,<0> ,2.2,<0> ,04:19,332.0,<0> ,29.0,<0> ,0.1,<0> ,0.0,<0> 
05/31/2023 04:45,47.19791667,tjrtlmet,P,1.0,1.0,15.0,,14.3,<0> ,78.0,<0> ,1012.0,<0> ,0.6,<0> ,1.9,<0> ,04:41,341.0,<0> ,30.0,<0> ,4.8,<0> ,0.0,<0> 
05/31/2023 05:00,47.20833333,tjrtlmet,P,1.0,1.0,15.0,,14.1,<0> ,79.0,<0> ,1012.0,<0> ,0.5,<0> ,1.2,<0> ,04:58,354.0,<0> ,21.0,<0> ,20.3,<0> ,0.0,<0> 
05/31/2023 05:15,47.21875,tjrtlmet,P,1.0,1.0,15.0,,14.0,<0> ,80.0,<0> ,1012.0,<0> ,0.5,<0> ,1.1,<0> ,05:00,354.0,<0> ,19.0,<0> ,47.8,<0> ,0.0,<0> 
05/31/2023 05:30,47.22916667,tjrtlmet,P,1.0,1.0,15.0,,14.0,<0> ,79.0,<0> ,1012.0,<0> ,0.4,<0> ,1.4,<0> ,05:15,349.0,<0> ,26.0,<0> ,88.4,<0> ,0.0,<0> 
05/31/2023 05:45,47.23958333,tjrtlmet,P,1.0,1.0,15.0,,14.3,<0> ,79.0,<0> ,1012.0,<0> ,0.3,<0> ,1.2,<0> ,05:40,6.0,<0> ,19.0,<0> ,160.9,<0> ,0.0,<0> 
05/31/2023 06:00,47.25,tjrtlmet,P,1.0,1.0,15.0,,15.0,<0> ,77.0,<0> ,1012.0,<0> ,0.9,<0> ,2.0,<0> ,05:52,316.0,<0> ,19.0,<0> ,330.6,<0> ,0.0,<0> 
05/31/2023 06:15,47.26041667,tjrtlmet,P,1.0,1.0,15.0,,15.8,<0> ,74.0,<0> ,1012.0,<0> ,0.6,<0> ,1.5,<0> ,06:14,331.0,<0> ,32.0,<0> ,437.3,<0> ,0.0,<0> 
05/31/2023 06:30,47.27083333,tjrtlmet,P,1.0,1.0,15.0,,16.1,<0> ,73.0,<0> ,1013.0,<0> ,0.9,<0> ,2.2,<0> ,06:23,309.0,<0> ,22.0,<0> ,495.0,<0> ,0.0,<0> 
05/31/2023 06:45,47.28125,tjrtlmet,P,1.0,1.0,15.0,,16.2,<0> ,73.0,<0> ,1013.0,<0> ,0.9,<0> ,2.1,<0> ,06:40,303.0,<0> ,26.0,<0> ,616.2,<0> ,0.0,<0> 
05/31/2023 07:00,47.29166667,tjrtlmet,P,1.0,1.0,15.0,,16.0,<0> ,72.0,<0> ,1013.0,<0> ,1.1,<0> ,2.3,<0> ,06:46,296.0,<0> ,23.0,<0> ,465.0,<0> ,0.0,<0> 
05/31/2023 07:15,47.30208333,tjrtlmet,P,1.0,1.0,15.0,,16.5,<0> ,71.0,<0> ,1013.0,<0> ,0.8,<0> ,2.1,<0> ,07:07,318.0,<0> ,33.0,<0> ,791.4,<0> ,0.0,<0> 
05/31/2023 07:30,47.3125,tjrtlmet,P,1.0,1.0,15.0,,16.7,<0> ,70.0,<0> ,1013.0,<0> ,1.1,<0> ,2.4,<0> ,07:27,310.0,<0> ,33.0,<0> ,885.5,<0> ,0.0,<0> 
05/31/2023 07:45,47.32291667,tjrtlmet,P,1.0,1.0,15.0,,16.8,<0> ,70.0,<0> ,1013.0,<0> ,1.3,<0> ,2.5,<0> ,07:36,287.0,<0> ,28.0,<0> ,1032.9,<0> ,0.0,<0> 
05/31/2023 08:00,47.33333333,tjrtlmet,P,1.0,1.0,15.0,,16.9,<0> ,70.0,<0> ,1013.0,<0> ,1.2,<0> ,2.3,<0> ,07:45,282.0,<0> ,24.0,<0> ,748.3,<0> ,0.0,<0> 
05/31/2023 08:15,47.34375,tjrtlmet,P,1.0,1.0,15.0,,16.6,<0> ,72.0,<0> ,1013.0,<0> ,1.3,<0> ,2.8,<0> ,08:13,277.0,<0> ,23.0,<0> ,651.1,<0> ,0.0,<0> 
05/31/2023 08:30,47.35416667,tjrtlmet,P,1.0,1.0,15.0,,16.8,<0> ,72.0,<0> ,1013.0,<0> ,2.1,<0> ,3.0,<0> ,08:19,273.0,<0> ,17.0,<0> ,882.0,<0> ,0.0,<0> 
05/31/2023 08:45,47.36458333,tjrtlmet,P,1.0,1.0,15.0,,17.7,<0> ,69.0,<0> ,1013.0,<0> ,2.1,<0> ,3.6,<0> ,08:44,278.0,<0> ,18.0,<0> ,1531.8,<0> ,0.0,<0> 
05/31/2023 09:00,47.375,tjrtlmet,P,1.0,1.0,15.0,,17.3,<0> ,70.0,<0> ,1013.0,<0> ,2.2,<0> ,3.6,<0> ,08:46,266.0,<0> ,17.0,<0> ,708.0,<0> ,0.0,<0> 
05/31/2023 09:15,47.38541667,tjrtlmet,P,1.0,1.0,15.0,,16.9,<0> ,71.0,<0> ,1013.0,<0> ,2.0,<0> ,3.2,<0> ,09:12,259.0,<0> ,17.0,<0> ,690.9,<0> ,0.0,<0> 
05/31/2023 09:30,47.39583333,tjrtlmet,P,1.0,1.0,15.0,,17.2,<0> ,70.0,<0> ,1013.0,<0> ,2.2,<0> ,3.7,<0> ,09:17,255.0,<0> ,15.0,<0> ,800.2,<0> ,0.0,<0> 
05/31/2023 09:45,47.40625,tjrtlmet,P,1.0,1.0,15.0,,17.4,<0> ,69.0,<0> ,1013.0,<0> ,2.4,<0> ,3.7,<0> ,09:43,248.0,<0> ,16.0,<0> ,767.5,<0> ,0.0,<0> 
05/31/2023 10:00,47.41666667,tjrtlmet,P,1.0,1.0,15.0,,17.0,<0> ,70.0,<0> ,1013.0,<0> ,3.0,<0> ,4.4,<0> ,09:49,255.0,<0> ,12.0,<0> ,723.6,<0> ,0.0,<0> 
05/31/2023 10:15,47.42708333,tjrtlmet,P,1.0,1.0,15.0,,17.7,<0> ,69.0,<0> ,1013.0,<0> ,3.3,<0> ,4.6,<0> ,10:05,255.0,<0> ,12.0,<0> ,1356.4,<0> ,0.0,<0> 
05/31/2023 10:30,47.4375,tjrtlmet,P,1.0,1.0,15.0,,18.2,<0> ,68.0,<0> ,1014.0,<0> ,3.2,<0> ,4.6,<0> ,10:26,247.0,<0> ,17.0,<0> ,1381.6,<0> ,0.0,<0> 
05/31/2023 10:45,47.44791667,tjrtlmet,P,1.0,1.0,15.0,,18.0,<0> ,67.0,<0> ,1014.0,<0> ,3.4,<0> ,4.9,<0> ,10:30,240.0,<0> ,13.0,<0> ,1184.7,<0> ,0.0,<0> 
05/31/2023 11:00,47.45833333,tjrtlmet,P,1.0,1.0,15.0,,17.9,<0> ,66.0,<0> ,1014.0,<0> ,3.2,<0> ,4.6,<0> ,10:47,244.0,<0> ,16.0,<0> ,1058.4,<0> ,0.0,<0> 
05/31/2023 11:15,47.46875,tjrtlmet,P,1.0,1.0,15.0,,17.5,<0> ,68.0,<0> ,1014.0,<0> ,3.4,<0> ,5.0,<0> ,11:05,250.0,<0> ,15.0,<0> ,930.9,<0> ,0.0,<0> 
05/31/2023 11:30,47.47916667,tjrtlmet,P,1.0,1.0,15.0,,17.5,<0> ,71.0,<0> ,1014.0,<0> ,3.6,<0> ,5.2,<0> ,11:28,256.0,<0> ,13.0,<0> ,1047.8,<0> ,0.0,<0> 
05/31/2023 11:45,47.48958333,tjrtlmet,P,1.0,1.0,15.0,,17.4,<0> ,71.0,<0> ,1014.0,<0> ,3.9,<0> ,5.2,<0> ,11:32,256.0,<0> ,11.0,<0> ,1187.8,<0> ,0.0,<0> 
05/31/2023 12:00,47.5,tjrtlmet,P,1.0,1.0,15.0,,17.8,<0> ,69.0,<0> ,1013.0,<0> ,3.7,<0> ,4.9,<0> ,11:58,255.0,<0> ,12.0,<0> ,1322.1,<0> ,0.0,<0> 
05/31/2023 12:15,47.51041667,tjrtlmet,P,1.0,1.0,15.0,,17.9,<0> ,70.0,<0> ,1013.0,<0> ,3.7,<0> ,5.0,<0> ,12:07,252.0,<0> ,12.0,<0> ,1387.2,<0> ,0.0,<0> 
05/31/2023 12:30,47.52083333,tjrtlmet,P,1.0,1.0,15.0,,18.2,<0> ,70.0,<0> ,1013.0,<0> ,3.4,<0> ,4.7,<0> ,12:28,260.0,<0> ,17.0,<0> ,1436.8,<0> ,0.0,<0> 
05/31/2023 12:45,47.53125,tjrtlmet,P,1.0,1.0,15.0,,18.3,<0> ,71.0,<0> ,1013.0,<0> ,3.5,<0> ,5.4,<0> ,12:40,257.0,<0> ,15.0,<0> ,1530.1,<0> ,0.0,<0> 
05/31/2023 13:00,47.54166667,tjrtlmet,P,1.0,1.0,15.0,,18.2,<0> ,72.0,<0> ,1013.0,<0> ,3.3,<0> ,5.3,<0> ,12:54,266.0,<0> ,17.0,<0> ,1267.4,<0> ,0.0,<0> 
05/31/2023 13:15,47.55208333,tjrtlmet,P,1.0,1.0,15.0,,18.2,<0> ,72.0,<0> ,1013.0,<0> ,3.5,<0> ,5.1,<0> ,13:02,257.0,<0> ,13.0,<0> ,1326.7,<0> ,0.0,<0> 
05/31/2023 13:30,47.5625,tjrtlmet,P,1.0,1.0,15.0,,18.1,<0> ,73.0,<0> ,1013.0,<0> ,3.5,<0> ,5.6,<0> ,13:19,261.0,<0> ,14.0,<0> ,1260.8,<0> ,0.0,<0> 
05/31/2023 13:45,47.57291667,tjrtlmet,P,1.0,1.0,15.0,,18.1,<0> ,72.0,<0> ,1013.0,<0> ,3.4,<0> ,4.8,<0> ,13:32,264.0,<0> ,15.0,<0> ,1107.1,<0> ,0.0,<0> 
05/31/2023 14:00,47.58333333,tjrtlmet,P,1.0,1.0,15.0,,17.5,<0> ,75.0,<0> ,1013.0,<0> ,3.6,<0> ,4.7,<0> ,13:54,270.0,<0> ,12.0,<0> ,965.2,<0> ,0.0,<0> 
05/31/2023 14:15,47.59375,tjrtlmet,P,1.0,1.0,15.0,,17.6,<0> ,76.0,<0> ,1013.0,<0> ,3.3,<0> ,4.7,<0> ,14:03,270.0,<0> ,13.0,<0> ,953.1,<0> ,0.0,<0> 
05/31/2023 14:30,47.60416667,tjrtlmet,P,1.0,1.0,15.0,,17.4,<0> ,76.0,<0> ,1013.0,<0> ,3.1,<0> ,4.6,<0> ,14:27,269.0,<0> ,12.0,<0> ,777.1,<0> ,0.0,<0> 
05/31/2023 14:45,47.61458333,tjrtlmet,P,1.0,1.0,15.0,,16.9,<0> ,78.0,<0> ,1013.0,<0> ,2.9,<0> ,4.5,<0> ,14:33,271.0,<0> ,15.0,<0> ,532.2,<0> ,0.0,<0> 
05/31/2023 15:00,47.625,tjrtlmet,P,1.0,1.0,15.0,,17.7,<0> ,75.0,<0> ,1013.0,<0> ,2.9,<0> ,4.9,<0> ,14:58,283.0,<0> ,15.0,<0> ,949.9,<0> ,0.0,<0> 
05/31/2023 15:15,47.63541667,tjrtlmet,P,1.0,1.0,15.0,,17.8,<0> ,73.0,<0> ,1013.0,<0> ,3.1,<0> ,4.3,<0> ,15:09,281.0,<0> ,13.0,<0> ,900.0,<0> ,0.0,<0> 
05/31/2023 15:30,47.64583333,tjrtlmet,P,1.0,1.0,15.0,,17.7,<0> ,73.0,<0> ,1013.0,<0> ,3.0,<0> ,4.2,<0> ,15:22,282.0,<0> ,12.0,<0> ,788.3,<0> ,0.0,<0> 
05/31/2023 15:45,47.65625,tjrtlmet,P,1.0,1.0,15.0,,17.5,<0> ,73.0,<0> ,1012.0,<0> ,2.9,<0> ,4.3,<0> ,15:35,282.0,<0> ,14.0,<0> ,721.9,<0> ,0.0,<0> 
05/31/2023 16:00,47.66666667,tjrtlmet,P,1.0,1.0,15.0,,17.7,<0> ,75.0,<0> ,1012.0,<0> ,2.7,<0> ,4.3,<0> ,15:45,293.0,<0> ,15.0,<0> ,624.2,<0> ,0.0,<0> 
05/31/2023 16:15,47.67708333,tjrtlmet,P,1.0,1.0,15.0,,17.3,<0> ,75.0,<0> ,1012.0,<0> ,3.1,<0> ,4.4,<0> ,16:01,293.0,<0> ,13.0,<0> ,561.5,<0> ,0.0,<0> 
05/31/2023 16:30,47.6875,tjrtlmet,P,1.0,1.0,15.0,,17.2,<0> ,77.0,<0> ,1012.0,<0> ,3.1,<0> ,5.0,<0> ,16:29,291.0,<0> ,14.0,<0> ,456.1,<0> ,0.0,<0> 
05/31/2023 16:45,47.69791667,tjrtlmet,P,1.0,1.0,15.0,,16.9,<0> ,77.0,<0> ,1012.0,<0> ,3.2,<0> ,4.5,<0> ,16:34,292.0,<0> ,14.0,<0> ,342.9,<0> ,0.0,<0> 
05/31/2023 17:00,47.70833333,tjrtlmet,P,1.0,1.0,15.0,,16.7,<0> ,78.0,<0> ,1012.0,<0> ,2.9,<0> ,4.8,<0> ,16:54,296.0,<0> ,14.0,<0> ,225.5,<0> ,0.0,<0> 
05/31/2023 17:15,47.71875,tjrtlmet,P,1.0,1.0,15.0,,16.5,<0> ,79.0,<0> ,1012.0,<0> ,2.7,<0> ,4.3,<0> ,17:00,293.0,<0> ,16.0,<0> ,144.8,<0> ,0.0,<0> 
05/31/2023 17:30,47.72916667,tjrtlmet,P,1.0,1.0,15.0,,16.3,<0> ,79.0,<0> ,1012.0,<0> ,2.6,<0> ,4.1,<0> ,17:21,295.0,<0> ,15.0,<0> ,111.9,<0> ,0.0,<0> 
05/31/2023 17:45,47.73958333,tjrtlmet,P,1.0,1.0,15.0,,16.2,<0> ,79.0,<0> ,1012.0,<0> ,2.5,<0> ,3.8,<0> ,17:30,302.0,<0> ,14.0,<0> ,98.7,<0> ,0.0,<0> 
05/31/2023 18:00,47.75,tjrtlmet,P,1.0,1.0,15.0,,16.1,<0> ,78.0,<0> ,1012.0,<0> ,2.6,<0> ,3.8,<0> ,17:54,304.0,<0> ,13.0,<0> ,85.4,<0> ,0.0,<0> 
05/31/2023 18:15,47.76041667,tjrtlmet,P,1.0,1.0,15.0,,16.1,<0> ,78.0,<0> ,1012.0,<0> ,2.1,<0> ,3.3,<0> ,18:00,298.0,<0> ,17.0,<0> ,56.5,<0> ,0.0,<0> 
05/31/2023 18:30,47.77083333,tjrtlmet,P,1.0,1.0,15.0,,16.1,<0> ,80.0,<0> ,1012.0,<0> ,2.1,<0> ,3.6,<0> ,18:19,298.0,<0> ,13.0,<0> ,32.8,<0> ,0.0,<0> 
05/31/2023 18:45,47.78125,tjrtlmet,P,1.0,1.0,15.0,,16.1,<0> ,80.0,<0> ,1012.0,<0> ,2.2,<0> ,3.6,<0> ,18:41,300.0,<0> ,15.0,<0> ,15.3,<0> ,0.0,<0> 
05/31/2023 19:00,47.79166667,tjrtlmet,P,1.0,1.0,15.0,,16.0,<0> ,81.0,<0> ,1012.0,<0> ,2.4,<0> ,3.4,<0> ,18:57,301.0,<0> ,14.0,<0> ,4.7,<0> ,0.0,<0> 
05/31/2023 19:15,47.80208333,tjrtlmet,P,1.0,1.0,15.0,,16.0,<0> ,82.0,<0> ,1012.0,<0> ,2.4,<0> ,3.8,<0> ,19:12,303.0,<0> ,12.0,<0> ,0.2,<0> ,0.0,<0> 
05/31/2023 19:30,47.8125,tjrtlmet,P,1.0,1.0,15.0,,16.0,<0> ,83.0,<0> ,1012.0,<0> ,2.3,<0> ,3.5,<0> ,19:15,303.0,<0> ,15.0,<0> ,0.0,<0> ,0.0,<0> 
05/31/2023 19:45,47.82291667,tjrtlmet,P,1.0,1.0,15.0,,15.9,<0> ,83.0,<0> ,1012.0,<0> ,2.1,<0> ,3.2,<0> ,19:32,301.0,<0> ,14.0,<0> ,0.0,<0> ,0.0,<0> 
05/31/2023 20:00,47.83333333,tjrtlmet,P,1.0,1.0,15.0,,15.9,<0> ,83.0,<0> ,1012.0,<0> ,1.9,<0> ,2.9,<0> ,19:56,305.0,<0> ,15.0,<0> ,0.0,<0> ,0.0,<0> 
05/31/2023 20:15,47.84375,tjrtlmet,P,1.0,1.0,15.0,,15.8,<0> ,83.0,<0> ,1013.0,<0> ,1.9,<0> ,2.8,<0> ,20:01,304.0,<0> ,15.0,<0> ,0.0,<0> ,0.0,<0> 
05/31/2023 20:30,47.85416667,tjrtlmet,P,1.0,1.0,15.0,,15.5,<0> ,85.0,<0> ,1013.0,<0> ,1.7,<0> ,3.1,<0> ,20:29,305.0,<0> ,15.0,<0> ,0.0,<0> ,0.0,<0> 
05/31/2023 20:45,47.86458333,tjrtlmet,P,1.0,1.0,15.0,,15.2,<0> ,86.0,<0> ,1013.0,<0> ,1.5,<0> ,2.6,<0> ,20:30,312.0,<0> ,17.0,<0> ,0.0,<0> ,0.0,<0> 
05/31/2023 21:00,47.875,tjrtlmet,P,1.0,1.0,15.0,,14.9,<0> ,87.0,<0> ,1013.0,<0> ,1.0,<0> ,2.4,<0> ,20:45,322.0,<0> ,25.0,<0> ,0.0,<0> ,0.0,<0> 
05/31/2023 21:15,47.88541667,tjrtlmet,P,1.0,1.0,15.0,,14.7,<0> ,87.0,<0> ,1013.0,<0> ,1.0,<0> ,2.9,<0> ,21:05,316.0,<0> ,22.0,<0> ,0.0,<0> ,0.0,<0> 
05/31/2023 21:30,47.89583333,tjrtlmet,P,1.0,1.0,15.0,,14.8,<0> ,88.0,<0> ,1013.0,<0> ,1.5,<0> ,2.7,<0> ,21:16,302.0,<0> ,14.0,<0> ,0.0,<0> ,0.0,<0> 
05/31/2023 21:45,47.90625,tjrtlmet,P,1.0,1.0,15.0,,14.9,<0> ,88.0,<0> ,1013.0,<0> ,1.5,<0> ,2.5,<0> ,21:41,299.0,<0> ,13.0,<0> ,0.0,<0> ,0.0,<0> 
05/31/2023 22:00,47.91666667,tjrtlmet,P,1.0,1.0,15.0,,15.0,<0> ,88.0,<0> ,1013.0,<0> ,1.3,<0> ,2.0,<0> ,21:55,295.0,<0> ,15.0,<0> ,0.0,<0> ,0.0,<0> 
05/31/2023 22:15,47.92708333,tjrtlmet,P,1.0,1.0,15.0,,15.0,<0> ,88.0,<0> ,1013.0,<0> ,1.1,<0> ,1.8,<0> ,22:14,299.0,<0> ,9.0,<0> ,0.0,<0> ,0.0,<0> 
05/31/2023 22:30,47.9375,tjrtlmet,P,1.0,1.0,15.0,,15.2,<0> ,87.0,<0> ,1013.0,<0> ,1.3,<0> ,2.0,<0> ,22:19,293.0,<0> ,11.0,<0> ,0.0,<0> ,0.0,<0> 
05/31/2023 22:45,47.94791667,tjrtlmet,P,1.0,1.0,15.0,,15.3,<0> ,87.0,<0> ,1013.0,<0> ,1.7,<0> ,2.5,<0> ,22:37,292.0,<0> ,11.0,<0> ,0.0,<0> ,0.0,<0> 
05/31/2023 23:00,47.95833333,tjrtlmet,P,1.0,1.0,15.0,,15.3,<0> ,87.0,<0> ,1013.0,<0> ,1.5,<0> ,2.6,<0> ,22:53,295.0,<0> ,11.0,<0> ,0.0,<0> ,0.0,<0> 
05/31/2023 23:15,47.96875,tjrtlmet,P,1.0,1.0,15.0,,15.1,<0> ,87.0,<0> ,1013.0,<0> ,1.4,<0> ,2.5,<0> ,23:10,306.0,<0> ,16.0,<0> ,0.0,<0> ,0.0,<0> 
05/31/2023 23:30,47.97916667,tjrtlmet,P,1.0,1.0,15.0,,14.7,<0> ,86.0,<0> ,1013.0,<0> ,0.5,<0> ,1.6,<0> ,23:19,315.0,<0> ,17.0,<0> ,0.0,<0> ,0.0,<0> 
05/31/2023 23:45,47.98958333,tjrtlmet,P,1.0,1.0,15.0,,14.5,<0> ,87.0,<0> ,1013.0,<0> ,0.4,<0> ,1.6,<0> ,23:35,321.0,<0> ,19.0,<0> ,0.0,<0> ,0.0,<0> 
06/01/2023 00:00,48.0,tjrtlmet,P,1.0,1.0,15.0,,14.5,<0> ,88.0,<0> ,1012.0,<0> ,0.0,<0> ,0.3,<0> ,23:49,338.0,<0> ,3.0,<0> ,0.0,<0> ,0.0,<0> 
06/01/2023 00:15,48.01041667,tjrtlmet,P,1.0,1.0,15.0,,14.6,<0> ,88.0,<0> ,1012.0,<0> ,0.0,<0> ,0.4,<0> ,00:06,344.0,<0> ,1.0,<0> ,0.0,<0> ,0.0,<0> 
06/01/2023 00:30,48.02083333,tjrtlmet,P,1.0,1.0,15.0,,14.6,<0> ,88.0,<0> ,1012.0,<0> ,0.0,<0> ,0.0,<0> ,00:15,0.0,<0> ,0.0,<0> ,0.0,<0> ,0.0,<0> 
06/01/2023 00:45,48.03125,tjrtlmet,P,1.0,1.0,15.0,,14.6,<0> ,89.0,<0> ,1012.0,<0> ,0.0,<0> ,0.2,<0> ,00:33,345.0,<0> ,0.0,<0> ,0.0,<0> ,0.0,<0> 
06/01/2023 01:00,48.04166667,tjrtlmet,P,1.0,1.0,15.0,,14.8,<0> ,90.0,<0> ,1012.0,<0> ,1.1,<0> ,2.7,<0> ,00:55,283.0,<0> ,20.0,<0> ,0.0,<0> ,0.0,<0> 
06/01/2023 01:15,48.05208333,tjrtlmet,P,1.0,1.0,15.0,,15.0,<0> ,90.0,<0> ,1012.0,<0> ,1.7,<0> ,3.0,<0> ,01:07,303.0,<0> ,15.0,<0> ,0.0,<0> ,0.0,<0> 
06/01/2023 01:30,48.0625,tjrtlmet,P,1.0,1.0,15.0,,15.0,<0> ,89.0,<0> ,1012.0,<0> ,2.0,<0> ,3.2,<0> ,01:27,300.0,<0> ,15.0,<0> ,0.0,<0> ,0.0,<0> 
06/01/2023 01:45,48.07291667,tjrtlmet,P,1.0,1.0,15.0,,15.0,<0> ,89.0,<0> ,1012.0,<0> ,2.2,<0> ,3.7,<0> ,01:42,304.0,<0> ,13.0,<0> ,0.0,<0> ,0.0,<0> 
06/01/2023 02:00,48.08333333,tjrtlmet,P,1.0,1.0,15.0,,15.0,<0> ,90.0,<0> ,1011.0,<0> ,2.4,<0> ,4.0,<0> ,01:52,305.0,<0> ,12.0,<0> ,0.0,<0> ,0.0,<0> 
06/01/2023 02:15,48.09375,tjrtlmet,P,1.0,1.0,15.0,,14.8,<0> ,90.0,<0> ,1012.0,<0> ,2.2,<0> ,3.6,<0> ,02:08,305.0,<0> ,12.0,<0> ,0.0,<0> ,0.0,<0> 
06/01/2023 02:30,48.10416667,tjrtlmet,P,1.0,1.0,15.0,,14.7,<0> ,90.0,<0> ,1011.0,<0> ,2.3,<0> ,3.5,<0> ,02:16,309.0,<0> ,15.0,<0> ,0.0,<0> ,0.0,<0> 
06/01/2023 02:45,48.11458333,tjrtlmet,P,1.0,1.0,15.0,,14.6,<0> ,90.0,<0> ,1011.0,<0> ,1.9,<0> ,3.1,<0> ,02:41,312.0,<0> ,15.0,<0> ,0.0,<0> ,0.0,<0> 
06/01/2023 03:00,48.125,tjrtlmet,P,1.0,1.0,15.0,,14.6,<0> ,90.0,<0> ,1011.0,<0> ,1.8,<0> ,2.9,<0> ,02:45,309.0,<0> ,15.0,<0> ,0.0,<0> ,0.0,<0> 
06/01/2023 03:15,48.13541667,tjrtlmet,P,1.0,1.0,15.0,,14.6,<0> ,89.0,<0> ,1011.0,<0> ,1.8,<0> ,3.0,<0> ,03:10,312.0,<0> ,19.0,<0> ,0.0,<0> ,0.0,<0> 
06/01/2023 03:30,48.14583333,tjrtlmet,P,1.0,1.0,15.0,,14.7,<0> ,89.0,<0> ,1011.0,<0> ,1.7,<0> ,3.4,<0> ,03:15,306.0,<0> ,17.0,<0> ,0.0,<0> ,0.0,<0> 
06/01/2023 03:45,48.15625,tjrtlmet,P,1.0,1.0,15.0,,14.8,<0> ,89.0,<0> ,1011.0,<0> ,1.5,<0> ,3.0,<0> ,03:38,311.0,<0> ,15.0,<0> ,0.0,<0> ,0.0,<0> 
06/01/2023 04:00,48.16666667,tjrtlmet,P,1.0,1.0,15.0,,14.7,<0> ,89.0,<0> ,1011.0,<0> ,1.6,<0> ,2.7,<0> ,03:58,307.0,<0> ,14.0,<0> ,0.0,<0> ,0.0,<0> 
06/01/2023 04:15,48.17708333,tjrtlmet,P,1.0,1.0,15.0,,14.7,<0> ,88.0,<0> ,1011.0,<0> ,1.4,<0> ,2.7,<0> ,04:00,309.0,<0> ,13.0,<0> ,0.0,<0> ,0.0,<0> 
06/01/2023 04:30,48.1875,tjrtlmet,P,1.0,1.0,15.0,,14.8,<0> ,88.0,<0> ,1011.0,<0> ,1.1,<0> ,2.2,<0> ,04:24,309.0,<0> ,15.0,<0> ,0.0,<0> ,0.0,<0> 
06/01/2023 04:45,48.19791667,tjrtlmet,P,1.0,1.0,15.0,,14.7,<0> ,88.0,<0> ,1011.0,<0> ,0.8,<0> ,1.8,<0> ,04:39,325.0,<0> ,23.0,<0> ,2.8,<0> ,0.0,<0> 
06/01/2023 05:00,48.20833333,tjrtlmet,P,1.0,1.0,15.0,,14.8,<0> ,87.0,<0> ,1011.0,<0> ,0.6,<0> ,1.5,<0> ,04:56,323.0,<0> ,23.0,<0> ,12.8,<0> ,0.0,<0> 
06/01/2023 05:15,48.21875,tjrtlmet,P,1.0,1.0,15.0,,15.0,<0> ,88.0,<0> ,1012.0,<0> ,1.2,<0> ,2.3,<0> ,05:10,313.0,<0> ,15.0,<0> ,26.3,<0> ,0.0,<0> 
06/01/2023 05:30,48.22916667,tjrtlmet,P,1.0,1.0,15.0,,15.1,<0> ,88.0,<0> ,1012.0,<0> ,1.6,<0> ,2.6,<0> ,05:30,299.0,<0> ,14.0,<0> ,44.7,<0> ,0.0,<0> 
06/01/2023 05:45,48.23958333,tjrtlmet,P,1.0,1.0,15.0,,15.1,<0> ,87.0,<0> ,1012.0,<0> ,1.5,<0> ,2.4,<0> ,05:30,292.0,<0> ,14.0,<0> ,56.8,<0> ,0.0,<0> 
06/01/2023 06:00,48.25,tjrtlmet,P,1.0,1.0,15.0,,15.2,<0> ,87.0,<0> ,1012.0,<0> ,1.8,<0> ,2.8,<0> ,05:53,289.0,<0> ,14.0,<0> ,92.9,<0> ,0.0,<0> 
06/01/2023 06:15,48.26041667,tjrtlmet,P,1.0,1.0,15.0,,15.3,<0> ,87.0,<0> ,1012.0,<0> ,2.2,<0> ,3.2,<0> ,06:06,293.0,<0> ,12.0,<0> ,156.1,<0> ,0.0,<0> 
06/01/2023 06:30,48.27083333,tjrtlmet,P,1.0,1.0,15.0,,15.4,<0> ,86.0,<0> ,1012.0,<0> ,2.1,<0> ,3.3,<0> ,06:29,299.0,<0> ,13.0,<0> ,201.8,<0> ,0.0,<0> 
06/01/2023 06:45,48.28125,tjrtlmet,P,1.0,1.0,15.0,,15.6,<0> ,84.0,<0> ,1012.0,<0> ,2.0,<0> ,2.9,<0> ,06:35,296.0,<0> ,13.0,<0> ,204.7,<0> ,0.0,<0> 
06/01/2023 07:00,48.29166667,tjrtlmet,P,1.0,1.0,15.0,,15.6,<0> ,83.0,<0> ,1013.0,<0> ,1.9,<0> ,2.9,<0> ,06:51,297.0,<0> ,15.0,<0> ,195.1,<0> ,0.0,<0> 
06/01/2023 07:15,48.30208333,tjrtlmet,P,1.0,1.0,15.0,,15.7,<0> ,82.0,<0> ,1013.0,<0> ,1.9,<0> ,3.0,<0> ,07:08,292.0,<0> ,13.0,<0> ,230.4,<0> ,0.0,<0> 
06/01/2023 07:30,48.3125,tjrtlmet,P,1.0,1.0,15.0,,15.9,<0> ,81.0,<0> ,1013.0,<0> ,1.9,<0> ,2.8,<0> ,07:22,295.0,<0> ,13.0,<0> ,229.4,<0> ,0.0,<0> 
06/01/2023 07:45,48.32291667,tjrtlmet,P,1.0,1.0,15.0,,16.0,<0> ,80.0,<0> ,1013.0,<0> ,1.6,<0> ,2.6,<0> ,07:44,287.0,<0> ,13.0,<0> ,265.3,<0> ,0.0,<0> 
06/01/2023 08:00,48.33333333,tjrtlmet,P,1.0,1.0,15.0,,16.1,<0> ,79.0,<0> ,1013.0,<0> ,1.8,<0> ,2.6,<0> ,07:58,290.0,<0> ,13.0,<0> ,275.0,<0> ,0.0,<0> 
06/01/2023 08:15,48.34375,tjrtlmet,P,1.0,1.0,15.0,,16.2,<0> ,79.0,<0> ,1013.0,<0> ,1.8,<0> ,2.8,<0> ,08:14,295.0,<0> ,15.0,<0> ,287.2,<0> ,0.0,<0> 
06/01/2023 08:30,48.35416667,tjrtlmet,P,1.0,1.0,15.0,,16.3,<0> ,77.0,<0> ,1013.0,<0> ,2.2,<0> ,3.0,<0> ,08:28,291.0,<0> ,13.0,<0> ,345.1,<0> ,0.0,<0> 
06/01/2023 08:45,48.36458333,tjrtlmet,P,1.0,1.0,15.0,,16.4,<0> ,77.0,<0> ,1013.0,<0> ,2.1,<0> ,3.2,<0> ,08:41,282.0,<0> ,13.0,<0> ,398.2,<0> ,0.0,<0> 
06/01/2023 09:00,48.375,tjrtlmet,P,1.0,1.0,15.0,,16.5,<0> ,77.0,<0> ,1013.0,<0> ,2.3,<0> ,3.2,<0> ,08:54,279.0,<0> ,12.0,<0> ,459.1,<0> ,0.0,<0> 
06/01/2023 09:15,48.38541667,tjrtlmet,P,1.0,1.0,15.0,,16.6,<0> ,76.0,<0> ,1013.0,<0> ,2.5,<0> ,3.8,<0> ,09:07,283.0,<0> ,14.0,<0> ,491.5,<0> ,0.0,<0> 
06/01/2023 09:30,48.39583333,tjrtlmet,P,1.0,1.0,15.0,,16.7,<0> ,77.0,<0> ,1013.0,<0> ,2.5,<0> ,4.0,<0> ,09:16,291.0,<0> ,14.0,<0> ,539.1,<0> ,0.0,<0> 
06/01/2023 09:45,48.40625,tjrtlmet,P,1.0,1.0,15.0,,16.9,<0> ,77.0,<0> ,1013.0,<0> ,2.2,<0> ,3.5,<0> ,09:43,284.0,<0> ,15.0,<0> ,625.0,<0> ,0.0,<0> 
06/01/2023 10:00,48.41666667,tjrtlmet,P,1.0,1.0,15.0,,17.0,<0> ,76.0,<0> ,1013.0,<0> ,2.4,<0> ,3.7,<0> ,09:45,283.0,<0> ,13.0,<0> ,716.0,<0> ,0.0,<0> 
06/01/2023 10:15,48.42708333,tjrtlmet,P,1.0,1.0,15.0,,17.3,<0> ,75.0,<0> ,1013.0,<0> ,2.3,<0> ,3.3,<0> ,10:02,291.0,<0> ,14.0,<0> ,731.7,<0> ,0.0,<0> 
06/01/2023 10:30,48.4375,tjrtlmet,P,1.0,1.0,15.0,,17.3,<0> ,74.0,<0> ,1013.0,<0> ,2.5,<0> ,3.4,<0> ,10:29,287.0,<0> ,15.0,<0> ,789.9,<0> ,0.0,<0> 
06/01/2023 10:45,48.44791667,tjrtlmet,P,1.0,1.0,15.0,,17.4,<0> ,73.0,<0> ,1013.0,<0> ,2.3,<0> ,3.5,<0> ,10:40,287.0,<0> ,14.0,<0> ,762.5,<0> ,0.0,<0> 
06/01/2023 11:00,48.45833333,tjrtlmet,P,1.0,1.0,15.0,,17.3,<0> ,73.0,<0> ,1013.0,<0> ,2.5,<0> ,3.6,<0> ,10:58,288.0,<0> ,15.0,<0> ,705.7,<0> ,0.0,<0> 
06/01/2023 11:15,48.46875,tjrtlmet,P,1.0,1.0,15.0,,17.3,<0> ,74.0,<0> ,1013.0,<0> ,2.4,<0> ,3.6,<0> ,11:06,283.0,<0> ,13.0,<0> ,748.6,<0> ,0.0,<0> 
06/01/2023 11:30,48.47916667,tjrtlmet,P,1.0,1.0,15.0,,17.5,<0> ,74.0,<0> ,1013.0,<0> ,2.6,<0> ,3.9,<0> ,11:19,278.0,<0> ,15.0,<0> ,857.9,<0> ,0.0,<0> 
06/01/2023 11:45,48.48958333,tjrtlmet,P,1.0,1.0,15.0,,17.6,<0> ,74.0,<0> ,1013.0,<0> ,2.5,<0> ,3.8,<0> ,11:41,279.0,<0> ,14.0,<0> ,883.9,<0> ,0.0,<0> 
06/01/2023 12:00,48.5,tjrtlmet,P,1.0,1.0,15.0,,17.7,<0> ,73.0,<0> ,1013.0,<0> ,2.4,<0> ,3.5,<0> ,11:50,280.0,<0> ,15.0,<0> ,934.4,<0> ,0.0,<0> 
06/01/2023 12:15,48.51041667,tjrtlmet,P,1.0,1.0,15.0,,17.7,<0> ,73.0,<0> ,1013.0,<0> ,2.4,<0> ,3.6,<0> ,12:04,279.0,<0> ,15.0,<0> ,899.4,<0> ,0.0,<0> 
06/01/2023 12:30,48.52083333,tjrtlmet,P,1.0,1.0,15.0,,17.6,<0> ,74.0,<0> ,1013.0,<0> ,2.3,<0> ,3.3,<0> ,12:18,279.0,<0> ,13.0,<0> ,835.2,<0> ,0.0,<0> 
06/01/2023 12:45,48.53125,tjrtlmet,P,1.0,1.0,15.0,,17.7,<0> ,73.0,<0> ,1013.0,<0> ,2.2,<0> ,3.6,<0> ,12:31,279.0,<0> ,14.0,<0> ,795.9,<0> ,0.0,<0> 
06/01/2023 13:00,48.54166667,tjrtlmet,P,1.0,1.0,15.0,,17.8,<0> ,73.0,<0> ,1014.0,<0> ,2.2,<0> ,3.3,<0> ,12:59,282.0,<0> ,16.0,<0> ,780.1,<0> ,0.0,<0> 
06/01/2023 13:15,48.55208333,tjrtlmet,P,1.0,1.0,15.0,,17.5,<0> ,74.0,<0> ,1014.0,<0> ,2.4,<0> ,3.6,<0> ,13:09,268.0,<0> ,12.0,<0> ,765.5,<0> ,0.0,<0> 
06/01/2023 13:30,48.5625,tjrtlmet,P,1.0,1.0,15.0,,17.4,<0> ,75.0,<0> ,1014.0,<0> ,2.3,<0> ,3.2,<0> ,13:17,273.0,<0> ,15.0,<0> ,768.7,<0> ,0.0,<0> 
06/01/2023 13:45,48.57291667,tjrtlmet,P,1.0,1.0,15.0,,17.6,<0> ,75.0,<0> ,1014.0,<0> ,2.0,<0> ,3.1,<0> ,13:35,264.0,<0> ,17.0,<0> ,622.8,<0> ,0.0,<0> 
06/01/2023 14:00,48.58333333,tjrtlmet,P,1.0,1.0,15.0,,17.5,<0> ,78.0,<0> ,1014.0,<0> ,2.9,<0> ,4.4,<0> ,13:55,253.0,<0> ,12.0,<0> ,697.6,<0> ,0.0,<0> 
06/01/2023 14:15,48.59375,tjrtlmet,P,1.0,1.0,15.0,,17.5,<0> ,77.0,<0> ,1014.0,<0> ,2.6,<0> ,3.7,<0> ,14:07,253.0,<0> ,13.0,<0> ,585.7,<0> ,0.0,<0> 
06/01/2023 14:30,48.60416667,tjrtlmet,P,1.0,1.0,15.0,,17.4,<0> ,75.0,<0> ,1014.0,<0> ,2.8,<0> ,4.1,<0> ,14:15,257.0,<0> ,11.0,<0> ,624.5,<0> ,0.0,<0> 
06/01/2023 14:45,48.61458333,tjrtlmet,P,1.0,1.0,15.0,,17.5,<0> ,77.0,<0> ,1014.0,<0> ,2.9,<0> ,3.9,<0> ,14:42,253.0,<0> ,13.0,<0> ,634.6,<0> ,0.0,<0> 
06/01/2023 15:00,48.625,tjrtlmet,P,1.0,1.0,15.0,,17.4,<0> ,76.0,<0> ,1014.0,<0> ,2.8,<0> ,3.7,<0> ,14:51,254.0,<0> ,12.0,<0> ,566.8,<0> ,0.0,<0> 
06/01/2023 15:15,48.63541667,tjrtlmet,P,1.0,1.0,15.0,,17.3,<0> ,78.0,<0> ,1014.0,<0> ,2.7,<0> ,3.8,<0> ,15:12,251.0,<0> ,12.0,<0> ,516.4,<0> ,0.0,<0> 
06/01/2023 15:30,48.64583333,tjrtlmet,P,1.0,1.0,15.0,,17.1,<0> ,81.0,<0> ,1014.0,<0> ,3.5,<0> ,4.8,<0> ,15:23,256.0,<0> ,10.0,<0> ,505.5,<0> ,0.0,<0> 
06/01/2023 15:45,48.65625,tjrtlmet,P,1.0,1.0,15.0,,16.8,<0> ,83.0,<0> ,1014.0,<0> ,2.9,<0> ,4.4,<0> ,15:36,256.0,<0> ,14.0,<0> ,402.9,<0> ,0.0,<0> 
06/01/2023 16:00,48.66666667,tjrtlmet,P,1.0,1.0,15.0,,16.7,<0> ,83.0,<0> ,1014.0,<0> ,2.7,<0> ,4.1,<0> ,15:51,256.0,<0> ,14.0,<0> ,366.0,<0> ,0.0,<0> 
06/01/2023 16:15,48.67708333,tjrtlmet,P,1.0,1.0,15.0,,16.6,<0> ,83.0,<0> ,1014.0,<0> ,2.8,<0> ,4.1,<0> ,16:01,253.0,<0> ,11.0,<0> ,332.8,<0> ,0.0,<0> 
06/01/2023 16:30,48.6875,tjrtlmet,P,1.0,1.0,15.0,,16.4,<0> ,84.0,<0> ,1014.0,<0> ,2.5,<0> ,3.6,<0> ,16:25,263.0,<0> ,15.0,<0> ,297.0,<0> ,0.0,<0> 
06/01/2023 16:45,48.69791667,tjrtlmet,P,1.0,1.0,15.0,,16.3,<0> ,84.0,<0> ,1014.0,<0> ,2.3,<0> ,3.4,<0> ,16:33,261.0,<0> ,13.0,<0> ,255.2,<0> ,0.0,<0> 
06/01/2023 17:00,48.70833333,tjrtlmet,P,1.0,1.0,15.0,,16.1,<0> ,84.0,<0> ,1014.0,<0> ,2.1,<0> ,3.0,<0> ,16:45,265.0,<0> ,11.0,<0> ,219.2,<0> ,0.0,<0> 
06/01/2023 17:15,48.71875,tjrtlmet,P,1.0,1.0,15.0,,16.1,<0> ,85.0,<0> ,1014.0,<0> ,1.6,<0> ,2.6,<0> ,17:00,278.0,<0> ,14.0,<0> ,191.7,<0> ,0.0,<0> 
06/01/2023 17:30,48.72916667,tjrtlmet,P,1.0,1.0,15.0,,16.1,<0> ,84.0,<0> ,1014.0,<0> ,1.6,<0> ,2.5,<0> ,17:21,280.0,<0> ,11.0,<0> ,156.6,<0> ,0.0,<0> 
06/01/2023 17:45,48.73958333,tjrtlmet,P,1.0,1.0,15.0,,16.1,<0> ,84.0,<0> ,1014.0,<0> ,1.8,<0> ,2.7,<0> ,17:32,282.0,<0> ,12.0,<0> ,105.2,<0> ,0.0,<0> 
06/01/2023 18:00,48.75,tjrtlmet,P,1.0,1.0,15.0,,16.0,<0> ,85.0,<0> ,1014.0,<0> ,1.8,<0> ,2.7,<0> ,17:47,281.0,<0> ,13.0,<0> ,68.4,<0> ,0.0,<0> 
06/01/2023 18:15,48.76041667,tjrtlmet,P,1.0,1.0,15.0,,15.9,<0> ,84.0,<0> ,1014.0,<0> ,1.8,<0> ,2.6,<0> ,18:07,292.0,<0> ,12.0,<0> ,42.3,<0> ,0.0,<0> 
06/01/2023 18:30,48.77083333,tjrtlmet,P,1.0,1.0,15.0,,15.9,<0> ,83.0,<0> ,1014.0,<0> ,1.4,<0> ,2.6,<0> ,18:16,295.0,<0> ,13.0,<0> ,25.2,<0> ,0.0,<0> 
06/01/2023 18:45,48.78125,tjrtlmet,P,1.0,1.0,15.0,,15.9,<0> ,83.0,<0> ,1014.0,<0> ,1.1,<0> ,1.9,<0> ,18:38,289.0,<0> ,14.0,<0> ,12.0,<0> ,0.0,<0> 
06/01/2023 19:00,48.79166667,tjrtlmet,P,1.0,1.0,15.0,,15.8,<0> ,83.0,<0> ,1014.0,<0> ,1.2,<0> ,2.1,<0> ,18:59,289.0,<0> ,13.0,<0> ,3.4,<0> ,0.0,<0> 
06/01/2023 19:15,48.80208333,tjrtlmet,P,1.0,1.0,15.0,,15.8,<0> ,84.0,<0> ,1014.0,<0> ,1.3,<0> ,2.4,<0> ,19:14,292.0,<0> ,13.0,<0> ,0.1,<0> ,0.0,<0> 
06/01/2023 19:30,48.8125,tjrtlmet,P,1.0,1.0,15.0,,15.8,<0> ,84.0,<0> ,1014.0,<0> ,1.7,<0> ,2.4,<0> ,19:24,292.0,<0> ,13.0,<0> ,0.0,<0> ,0.0,<0> 
06/01/2023 19:45,48.82291667,tjrtlmet,P,1.0,1.0,15.0,,15.8,<0> ,85.0,<0> ,1014.0,<0> ,1.8,<0> ,2.9,<0> ,19:38,290.0,<0> ,12.0,<0> ,0.0,<0> ,0.0,<0> 
06/01/2023 20:00,48.83333333,tjrtlmet,P,1.0,1.0,15.0,,15.8,<0> ,85.0,<0> ,1014.0,<0> ,1.8,<0> ,2.8,<0> ,19:52,290.0,<0> ,13.0,<0> ,0.0,<0> ,0.0,<0> 
06/01/2023 20:15,48.84375,tjrtlmet,P,1.0,1.0,15.0,,15.8,<0> ,85.0,<0> ,1014.0,<0> ,1.6,<0> ,2.6,<0> ,20:02,292.0,<0> ,14.0,<0> ,0.0,<0> ,0.0,<0> 
06/01/2023 20:30,48.85416667,tjrtlmet,P,1.0,1.0,15.0,,15.8,<0> ,85.0,<0> ,1014.0,<0> ,1.7,<0> ,2.6,<0> ,20:20,297.0,<0> ,12.0,<0> ,0.0,<0> ,0.0,<0> 
06/01/2023 20:45,48.86458333,tjrtlmet,P,1.0,1.0,15.0,,15.8,<0> ,85.0,<0> ,1014.0,<0> ,1.8,<0> ,2.9,<0> ,20:40,294.0,<0> ,12.0,<0> ,0.0,<0> ,0.0,<0> 
06/01/2023 21:00,48.875,tjrtlmet,P,1.0,1.0,15.0,,15.8,<0> ,85.0,<0> ,1014.0,<0> ,1.6,<0> ,2.4,<0> ,20:46,300.0,<0> ,15.0,<0> ,0.0,<0> ,0.0,<0> 
06/01/2023 21:15,48.88541667,tjrtlmet,P,1.0,1.0,15.0,,15.7,<0> ,85.0,<0> ,1014.0,<0> ,1.6,<0> ,2.6,<0> ,21:08,301.0,<0> ,13.0,<0> ,0.0,<0> ,0.0,<0> 
06/01/2023 21:30,48.89583333,tjrtlmet,P,1.0,1.0,15.0,,15.7,<0> ,85.0,<0> ,1014.0,<0> ,1.6,<0> ,2.6,<0> ,21:17,304.0,<0> ,14.0,<0> ,0.0,<0> ,0.0,<0> 
06/01/2023 21:45,48.90625,tjrtlmet,P,1.0,1.0,15.0,,15.7,<0> ,85.0,<0> ,1014.0,<0> ,1.5,<0> ,2.5,<0> ,21:30,303.0,<0> ,13.0,<0> ,0.0,<0> ,0.0,<0> 
06/01/2023 22:00,48.91666667,tjrtlmet,P,1.0,1.0,15.0,,15.7,<0> ,85.0,<0> ,1014.0,<0> ,1.5,<0> ,2.5,<0> ,21:57,305.0,<0> ,12.0,<0> ,0.0,<0> ,0.0,<0> 
06/01/2023 22:15,48.92708333,tjrtlmet,P,1.0,1.0,15.0,,15.7,<0> ,85.0,<0> ,1014.0,<0> ,1.5,<0> ,2.3,<0> ,22:07,300.0,<0> ,11.0,<0> ,0.0,<0> ,0.0,<0> 
06/01/2023 22:30,48.9375,tjrtlmet,P,1.0,1.0,15.0,,15.8,<0> ,85.0,<0> ,1014.0,<0> ,1.3,<0> ,2.3,<0> ,22:28,295.0,<0> ,12.0,<0> ,0.0,<0> ,0.0,<0> 
06/01/2023 22:45,48.94791667,tjrtlmet,P,1.0,1.0,15.0,,15.7,<0> ,85.0,<0> ,1014.0,<0> ,1.1,<0> ,1.8,<0> ,22:44,290.0,<0> ,10.0,<0> ,0.0,<0> ,0.0,<0> 
06/01/2023 23:00,48.95833333,tjrtlmet,P,1.0,1.0,15.0,,15.7,<0> ,85.0,<0> ,1014.0,<0> ,1.3,<0> ,2.0,<0> ,22:46,293.0,<0> ,11.0,<0> ,0.0,<0> ,0.0,<0> 
06/01/2023 23:15,48.96875,tjrtlmet,P,1.0,1.0,15.0,,15.7,<0> ,86.0,<0> ,1014.0,<0> ,1.1,<0> ,2.1,<0> ,23:03,286.0,<0> ,13.0,<0> ,0.0,<0> ,0.0,<0> 
06/01/2023 23:30,48.97916667,tjrtlmet,P,1.0,1.0,15.0,,15.6,<0> ,86.0,<0> ,1014.0,<0> ,1.1,<0> ,1.7,<0> ,23:15,283.0,<0> ,10.0,<0> ,0.0,<0> ,0.0,<0> 
06/01/2023 23:45,48.98958333,tjrtlmet,P,1.0,1.0,15.0,,15.7,<0> ,86.0,<0> ,1014.0,<0> ,1.1,<0> ,1.8,<0> ,23:30,282.0,<0> ,8.0,<0> ,0.0,<0> ,0.0,<0> 
06/02/2023 00:00,49.0,tjrtlmet,P,1.0,1.0,15.0,,15.7,<0> ,87.0,<0> ,1014.0,<0> ,0.9,<0> ,1.7,<0> ,23:54,285.0,<0> ,8.0,<0> ,0.0,<0> ,0.0,<0> 
06/02/2023 00:15,49.01041667,tjrtlmet,P,1.0,1.0,15.0,,15.6,<0> ,87.0,<0> ,1014.0,<0> ,1.0,<0> ,1.7,<0> ,00:08,282.0,<0> ,8.0,<0> ,0.0,<0> ,0.0,<0> 
06/02/2023 00:30,49.02083333,tjrtlmet,P,1.0,1.0,15.0,,15.6,<0> ,87.0,<0> ,1014.0,<0> ,0.9,<0> ,1.9,<0> ,00:15,280.0,<0> ,6.0,<0> ,0.0,<0> ,0.0,<0> 
06/02/2023 00:45,49.03125,tjrtlmet,P,1.0,1.0,15.0,,15.5,<0> ,87.0,<0> ,1014.0,<0> ,0.7,<0> ,1.4,<0> ,00:37,282.0,<0> ,6.0,<0> ,0.0,<0> ,0.0,<0> 
06/02/2023 01:00,49.04166667,tjrtlmet,P,1.0,1.0,15.0,,15.5,<0> ,87.0,<0> ,1014.0,<0> ,0.7,<0> ,1.1,<0> ,00:51,282.0,<0> ,5.0,<0> ,0.0,<0> ,0.0,<0> 
06/02/2023 01:15,49.05208333,tjrtlmet,P,1.0,1.0,15.0,,15.5,<0> ,87.0,<0> ,1014.0,<0> ,0.7,<0> ,1.0,<0> ,01:01,292.0,<0> ,7.0,<0> ,0.0,<0> ,0.0,<0> 
06/02/2023 01:30,49.0625,tjrtlmet,P,1.0,1.0,15.0,,15.4,<0> ,87.0,<0> ,1014.0,<0> ,0.7,<0> ,1.0,<0> ,01:25,275.0,<0> ,5.0,<0> ,0.0,<0> ,0.0,<0> 
06/02/2023 01:45,49.07291667,tjrtlmet,P,1.0,1.0,15.0,,15.5,<0> ,87.0,<0> ,1014.0,<0> ,0.8,<0> ,1.5,<0> ,01:43,281.0,<0> ,9.0,<0> ,0.0,<0> ,0.0,<0> 
06/02/2023 02:00,49.08333333,tjrtlmet,P,1.0,1.0,15.0,,15.5,<0> ,88.0,<0> ,1014.0,<0> ,0.8,<0> ,1.5,<0> ,01:45,292.0,<0> ,16.0,<0> ,0.0,<0> ,0.0,<0> 
06/02/2023 02:15,49.09375,tjrtlmet,P,1.0,1.0,15.0,,15.5,<0> ,88.0,<0> ,1014.0,<0> ,0.6,<0> ,1.5,<0> ,02:07,307.0,<0> ,12.0,<0> ,0.0,<0> ,0.0,<0> 
06/02/2023 02:30,49.10416667,tjrtlmet,P,1.0,1.0,15.0,,15.4,<0> ,88.0,<0> ,1014.0,<0> ,0.6,<0> ,1.3,<0> ,02:18,314.0,<0> ,16.0,<0> ,0.0,<0> ,0.0,<0> 
06/02/2023 02:45,49.11458333,tjrtlmet,P,1.0,1.0,15.0,,15.4,<0> ,88.0,<0> ,1014.0,<0> ,0.8,<0> ,1.5,<0> ,02:42,303.0,<0> ,11.0,<0> ,0.0,<0> ,0.0,<0> 
06/02/2023 03:00,49.125,tjrtlmet,P,1.0,1.0,15.0,,15.4,<0> ,88.0,<0> ,1014.0,<0> ,0.7,<0> ,1.7,<0> ,02:47,314.0,<0> ,12.0,<0> ,0.0,<0> ,0.0,<0> 
06/02/2023 03:15,49.13541667,tjrtlmet,P,1.0,1.0,15.0,,15.4,<0> ,88.0,<0> ,1014.0,<0> ,0.7,<0> ,1.5,<0> ,03:01,314.0,<0> ,14.0,<0> ,0.0,<0> ,0.0,<0> 
06/02/2023 03:30,49.14583333,tjrtlmet,P,1.0,1.0,15.0,,15.4,<0> ,88.0,<0> ,1014.0,<0> ,0.7,<0> ,2.0,<0> ,03:19,303.0,<0> ,12.0,<0> ,0.0,<0> ,0.0,<0> 
06/02/2023 03:45,49.15625,tjrtlmet,P,1.0,1.0,15.0,,15.4,<0> ,88.0,<0> ,1014.0,<0> ,0.8,<0> ,1.6,<0> ,03:32,310.0,<0> ,14.0,<0> ,0.0,<0> ,0.0,<0> 
06/02/2023 04:00,49.16666667,tjrtlmet,P,1.0,1.0,15.0,,15.4,<0> ,88.0,<0> ,1014.0,<0> ,0.5,<0> ,1.1,<0> ,03:49,315.0,<0> ,21.0,<0> ,0.0,<0> ,0.0,<0> 
06/02/2023 04:15,49.17708333,tjrtlmet,P,1.0,1.0,15.0,,15.3,<0> ,87.0,<0> ,1014.0,<0> ,0.6,<0> ,1.6,<0> ,04:12,318.0,<0> ,17.0,<0> ,0.0,<0> ,0.0,<0> 
06/02/2023 04:30,49.1875,tjrtlmet,P,1.0,1.0,15.0,,15.3,<0> ,87.0,<0> ,1014.0,<0> ,0.7,<0> ,1.6,<0> ,04:15,320.0,<0> ,21.0,<0> ,0.0,<0> ,0.0,<0> 
06/02/2023 04:45,49.19791667,tjrtlmet,P,1.0,1.0,15.0,,15.3,<0> ,86.0,<0> ,1014.0,<0> ,0.8,<0> ,2.1,<0> ,04:37,321.0,<0> ,21.0,<0> ,2.5,<0> ,0.0,<0> 
06/02/2023 05:00,49.20833333,tjrtlmet,P,1.0,1.0,15.0,,15.4,<0> ,85.0,<0> ,1014.0,<0> ,1.1,<0> ,2.3,<0> ,04:49,317.0,<0> ,20.0,<0> ,7.9,<0> ,0.0,<0> 
06/02/2023 05:15,49.21875,tjrtlmet,P,1.0,1.0,15.0,,15.5,<0> ,85.0,<0> ,1014.0,<0> ,1.2,<0> ,2.1,<0> ,05:14,312.0,<0> ,17.0,<0> ,18.7,<0> ,0.0,<0> 
06/02/2023 05:30,49.22916667,tjrtlmet,P,1.0,1.0,15.0,,15.5,<0> ,85.0,<0> ,1014.0,<0> ,1.3,<0> ,2.2,<0> ,05:21,311.0,<0> ,15.0,<0> ,34.9,<0> ,0.0,<0> 
06/02/2023 05:45,49.23958333,tjrtlmet,P,1.0,1.0,15.0,,15.6,<0> ,84.0,<0> ,1014.0,<0> ,1.4,<0> ,2.1,<0> ,05:31,311.0,<0> ,14.0,<0> ,56.6,<0> ,0.0,<0> 
06/02/2023 06:00,49.25,tjrtlmet,P,1.0,1.0,15.0,,15.8,<0> ,83.0,<0> ,1014.0,<0> ,1.6,<0> ,2.7,<0> ,05:59,305.0,<0> ,15.0,<0> ,115.5,<0> ,0.0,<0> 
06/02/2023 06:15,49.26041667,tjrtlmet,P,1.0,1.0,15.0,,16.0,<0> ,82.0,<0> ,1014.0,<0> ,1.8,<0> ,3.2,<0> ,06:14,308.0,<0> ,16.0,<0> ,194.6,<0> ,0.0,<0> 
06/02/2023 06:30,49.27083333,tjrtlmet,P,1.0,1.0,15.0,,16.3,<0> ,79.0,<0> ,1015.0,<0> ,1.8,<0> ,3.3,<0> ,06:22,314.0,<0> ,20.0,<0> ,305.9,<0> ,0.0,<0> 
06/02/2023 06:45,49.28125,tjrtlmet,P,1.0,1.0,15.0,,16.4,<0> ,78.0,<0> ,1015.0,<0> ,2.2,<0> ,3.5,<0> ,06:36,315.0,<0> ,19.0,<0> ,351.7,<0> ,0.0,<0> 
06/02/2023 07:00,49.29166667,tjrtlmet,P,1.0,1.0,15.0,,16.6,<0> ,78.0,<0> ,1015.0,<0> ,2.4,<0> ,3.8,<0> ,06:57,312.0,<0> ,16.0,<0> ,433.2,<0> ,0.0,<0> 
06/02/2023 07:15,49.30208333,tjrtlmet,P,1.0,1.0,15.0,,16.5,<0> ,76.0,<0> ,1015.0,<0> ,2.2,<0> ,3.9,<0> ,07:02,314.0,<0> ,20.0,<0> ,424.1,<0> ,0.0,<0> 
06/02/2023 07:30,49.3125,tjrtlmet,P,1.0,1.0,15.0,,16.7,<0> ,75.0,<0> ,1015.0,<0> ,2.2,<0> ,3.6,<0> ,07:24,314.0,<0> ,20.0,<0> ,532.4,<0> ,0.0,<0> 
06/02/2023 07:45,49.32291667,tjrtlmet,P,1.0,1.0,15.0,,17.0,<0> ,74.0,<0> ,1015.0,<0> ,2.6,<0> ,4.1,<0> ,07:39,310.0,<0> ,16.0,<0> ,612.0,<0> ,0.0,<0> 
06/02/2023 08:00,49.33333333,tjrtlmet,P,1.0,1.0,15.0,,17.1,<0> ,74.0,<0> ,1015.0,<0> ,2.8,<0> ,4.4,<0> ,07:54,304.0,<0> ,18.0,<0> ,602.0,<0> ,0.0,<0> 
06/02/2023 08:15,49.34375,tjrtlmet,P,1.0,1.0,15.0,,17.1,<0> ,75.0,<0> ,1015.0,<0> ,3.0,<0> ,4.6,<0> ,08:07,302.0,<0> ,16.0,<0> ,636.4,<0> ,0.0,<0> 
06/02/2023 08:30,49.35416667,tjrtlmet,P,1.0,1.0,15.0,,17.1,<0> ,74.0,<0> ,1015.0,<0> ,2.8,<0> ,4.2,<0> ,08:17,302.0,<0> ,15.0,<0> ,569.9,<0> ,0.0,<0> 
06/02/2023 08:45,49.36458333,tjrtlmet,P,1.0,1.0,15.0,,17.1,<0> ,73.0,<0> ,1015.0,<0> ,3.2,<0> ,4.5,<0> ,08:38,301.0,<0> ,15.0,<0> ,714.6,<0> ,0.0,<0> 
06/02/2023 09:00,49.375,tjrtlmet,P,1.0,1.0,15.0,,17.5,<0> ,72.0,<0> ,1015.0,<0> ,3.0,<0> ,4.5,<0> ,08:50,303.0,<0> ,16.0,<0> ,786.2,<0> ,0.0,<0> 
06/02/2023 09:15,49.38541667,tjrtlmet,P,1.0,1.0,15.0,,17.4,<0> ,72.0,<0> ,1015.0,<0> ,3.1,<0> ,4.7,<0> ,09:04,300.0,<0> ,16.0,<0> ,728.0,<0> ,0.0,<0> 
06/02/2023 09:30,49.39583333,tjrtlmet,P,1.0,1.0,15.0,,17.3,<0> ,72.0,<0> ,1015.0,<0> ,3.2,<0> ,5.3,<0> ,09:21,291.0,<0> ,14.0,<0> ,704.9,<0> ,0.0,<0> 
06/02/2023 09:45,49.40625,tjrtlmet,P,1.0,1.0,15.0,,17.2,<0> ,72.0,<0> ,1015.0,<0> ,3.3,<0> ,5.1,<0> ,09:31,298.0,<0> ,15.0,<0> ,676.6,<0> ,0.0,<0> 
06/02/2023 10:00,49.41666667,tjrtlmet,P,1.0,1.0,15.0,,17.3,<0> ,71.0,<0> ,1015.0,<0> ,3.1,<0> ,5.2,<0> ,09:51,296.0,<0> ,16.0,<0> ,695.3,<0> ,0.0,<0> 
06/02/2023 10:15,49.42708333,tjrtlmet,P,1.0,1.0,15.0,,17.5,<0> ,71.0,<0> ,1015.0,<0> ,2.9,<0> ,4.5,<0> ,10:03,293.0,<0> ,16.0,<0> ,801.1,<0> ,0.0,<0> 
06/02/2023 10:30,49.4375,tjrtlmet,P,1.0,1.0,15.0,,17.7,<0> ,71.0,<0> ,1015.0,<0> ,2.9,<0> ,4.3,<0> ,10:27,291.0,<0> ,14.0,<0> ,801.4,<0> ,0.0,<0> 
06/02/2023 10:45,49.44791667,tjrtlmet,P,1.0,1.0,15.0,,17.7,<0> ,70.0,<0> ,1015.0,<0> ,3.2,<0> ,4.7,<0> ,10:33,298.0,<0> ,15.0,<0> ,900.9,<0> ,0.0,<0> 
06/02/2023 11:00,49.45833333,tjrtlmet,P,1.0,1.0,15.0,,18.0,<0> ,70.0,<0> ,1015.0,<0> ,2.8,<0> ,4.3,<0> ,10:50,290.0,<0> ,17.0,<0> ,942.2,<0> ,0.0,<0> 
06/02/2023 11:15,49.46875,tjrtlmet,P,1.0,1.0,15.0,,18.2,<0> ,69.0,<0> ,1015.0,<0> ,3.1,<0> ,4.6,<0> ,11:13,289.0,<0> ,16.0,<0> ,1133.4,<0> ,0.0,<0> 
06/02/2023 11:30,49.47916667,tjrtlmet,P,1.0,1.0,15.0,,18.4,<0> ,70.0,<0> ,1015.0,<0> ,3.2,<0> ,5.2,<0> ,11:16,291.0,<0> ,15.0,<0> ,1123.5,<0> ,0.0,<0> 
06/02/2023 11:45,49.48958333,tjrtlmet,P,1.0,1.0,15.0,,19.0,<0> ,68.0,<0> ,1015.0,<0> ,3.4,<0> ,5.4,<0> ,11:44,290.0,<0> ,15.0,<0> ,1685.7,<0> ,0.0,<0> 
06/02/2023 12:00,49.5,tjrtlmet,P,1.0,1.0,15.0,,19.4,<0> ,68.0,<0> ,1015.0,<0> ,3.6,<0> ,5.4,<0> ,11:52,285.0,<0> ,14.0,<0> ,1836.2,<0> ,0.0,<0> 
06/02/2023 12:15,49.51041667,tjrtlmet,P,1.0,1.0,15.0,,19.4,<0> ,67.0,<0> ,1015.0,<0> ,3.7,<0> ,5.4,<0> ,12:02,291.0,<0> ,15.0,<0> ,1814.0,<0> ,0.0,<0> 
06/02/2023 12:30,49.52083333,tjrtlmet,P,1.0,1.0,15.0,,19.6,<0> ,67.0,<0> ,1015.0,<0> ,3.6,<0> ,5.3,<0> ,12:26,292.0,<0> ,15.0,<0> ,1798.8,<0> ,0.0,<0> 
06/02/2023 12:45,49.53125,tjrtlmet,P,1.0,1.0,15.0,,19.8,<0> ,66.0,<0> ,1015.0,<0> ,3.6,<0> ,5.5,<0> ,12:44,292.0,<0> ,14.0,<0> ,1773.2,<0> ,0.0,<0> 
06/02/2023 13:00,49.54166667,tjrtlmet,P,1.0,1.0,15.0,,19.4,<0> ,67.0,<0> ,1015.0,<0> ,3.9,<0> ,5.5,<0> ,12:49,288.0,<0> ,13.0,<0> ,1745.4,<0> ,0.0,<0> 
06/02/2023 13:15,49.55208333,tjrtlmet,P,1.0,1.0,15.0,,19.9,<0> ,66.0,<0> ,1014.0,<0> ,3.6,<0> ,5.2,<0> ,13:08,290.0,<0> ,15.0,<0> ,1709.3,<0> ,0.0,<0> 
06/02/2023 13:30,49.5625,tjrtlmet,P,1.0,1.0,15.0,,19.7,<0> ,65.0,<0> ,1014.0,<0> ,3.6,<0> ,5.5,<0> ,13:24,294.0,<0> ,16.0,<0> ,1667.0,<0> ,0.0,<0> 
06/02/2023 13:45,49.57291667,tjrtlmet,P,1.0,1.0,15.0,,20.2,<0> ,64.0,<0> ,1014.0,<0> ,3.2,<0> ,5.1,<0> ,13:36,294.0,<0> ,18.0,<0> ,1618.6,<0> ,0.0,<0> 
06/02/2023 14:00,49.58333333,tjrtlmet,P,1.0,1.0,15.0,,20.2,<0> ,64.0,<0> ,1014.0,<0> ,3.4,<0> ,4.7,<0> ,13:54,296.0,<0> ,15.0,<0> ,1563.6,<0> ,0.0,<0> 
06/02/2023 14:15,49.59375,tjrtlmet,P,1.0,1.0,15.0,,20.2,<0> ,64.0,<0> ,1014.0,<0> ,3.2,<0> ,5.1,<0> ,14:12,294.0,<0> ,17.0,<0> ,1502.2,<0> ,0.0,<0> 
06/02/2023 14:30,49.60416667,tjrtlmet,P,1.0,1.0,15.0,,20.0,<0> ,65.0,<0> ,1014.0,<0> ,3.5,<0> ,5.8,<0> ,14:29,292.0,<0> ,15.0,<0> ,1435.2,<0> ,0.0,<0> 
06/02/2023 14:45,49.61458333,tjrtlmet,P,1.0,1.0,15.0,,19.7,<0> ,66.0,<0> ,1014.0,<0> ,3.3,<0> ,5.7,<0> ,14:30,288.0,<0> ,15.0,<0> ,1364.0,<0> ,0.0,<0> 
06/02/2023 15:00,49.625,tjrtlmet,P,1.0,1.0,15.0,,19.7,<0> ,68.0,<0> ,1014.0,<0> ,3.4,<0> ,5.2,<0> ,14:56,293.0,<0> ,14.0,<0> ,1287.4,<0> ,0.0,<0> 
06/02/2023 15:15,49.63541667,tjrtlmet,P,1.0,1.0,15.0,,19.5,<0> ,71.0,<0> ,1014.0,<0> ,3.3,<0> ,4.9,<0> ,15:10,292.0,<0> ,15.0,<0> ,1209.3,<0> ,0.0,<0> 
06/02/2023 15:30,49.64583333,tjrtlmet,P,1.0,1.0,15.0,,19.7,<0> ,70.0,<0> ,1014.0,<0> ,3.4,<0> ,5.0,<0> ,15:20,298.0,<0> ,15.0,<0> ,1126.6,<0> ,0.0,<0> 
06/02/2023 15:45,49.65625,tjrtlmet,P,1.0,1.0,15.0,,19.4,<0> ,71.0,<0> ,1014.0,<0> ,3.3,<0> ,5.0,<0> ,15:39,297.0,<0> ,15.0,<0> ,1041.7,<0> ,0.0,<0> 
06/02/2023 16:00,49.66666667,tjrtlmet,P,1.0,1.0,15.0,,19.3,<0> ,72.0,<0> ,1014.0,<0> ,3.3,<0> ,5.2,<0> ,15:58,296.0,<0> ,15.0,<0> ,955.1,<0> ,0.0,<0> 
06/02/2023 16:15,49.67708333,tjrtlmet,P,1.0,1.0,15.0,,19.2,<0> ,72.0,<0> ,1014.0,<0> ,3.0,<0> ,4.7,<0> ,16:05,293.0,<0> ,16.0,<0> ,867.3,<0> ,0.0,<0> 
06/02/2023 16:30,49.6875,tjrtlmet,P,1.0,1.0,15.0,,18.8,<0> ,73.0,<0> ,1014.0,<0> ,3.0,<0> ,4.8,<0> ,16:16,291.0,<0> ,16.0,<0> ,775.2,<0> ,0.0,<0> 
06/02/2023 16:45,49.69791667,tjrtlmet,P,1.0,1.0,15.0,,18.6,<0> ,74.0,<0> ,1014.0,<0> ,3.1,<0> ,4.7,<0> ,16:39,292.0,<0> ,15.0,<0> ,683.0,<0> ,0.0,<0> 
06/02/2023 17:00,49.70833333,tjrtlmet,P,1.0,1.0,15.0,,18.4,<0> ,75.0,<0> ,1014.0,<0> ,3.0,<0> ,4.7,<0> ,16:46,293.0,<0> ,15.0,<0> ,590.4,<0> ,0.0,<0> 
06/02/2023 17:15,49.71875,tjrtlmet,P,1.0,1.0,15.0,,18.1,<0> ,76.0,<0> ,1014.0,<0> ,3.2,<0> ,4.5,<0> ,17:10,290.0,<0> ,13.0,<0> ,497.3,<0> ,0.0,<0> 
06/02/2023 17:30,49.72916667,tjrtlmet,P,1.0,1.0,15.0,,17.9,<0> ,77.0,<0> ,1014.0,<0> ,2.9,<0> ,4.3,<0> ,17:17,297.0,<0> ,12.0,<0> ,404.7,<0> ,0.0,<0> 
06/02/2023 17:45,49.73958333,tjrtlmet,P,1.0,1.0,15.0,,17.8,<0> ,77.0,<0> ,1014.0,<0> ,2.3,<0> ,3.4,<0> ,17:40,294.0,<0> ,16.0,<0> ,315.1,<0> ,0.0,<0> 
06/02/2023 18:00,49.75,tjrtlmet,P,1.0,1.0,15.0,,17.4,<0> ,78.0,<0> ,1014.0,<0> ,2.4,<0> ,3.6,<0> ,17:53,298.0,<0> ,13.0,<0> ,228.9,<0> ,0.0,<0> 
06/02/2023 18:15,49.76041667,tjrtlmet,P,1.0,1.0,15.0,,17.1,<0> ,79.0,<0> ,1014.0,<0> ,2.0,<0> ,3.2,<0> ,18:00,303.0,<0> ,16.0,<0> ,146.4,<0> ,0.0,<0> 
06/02/2023 18:30,49.77083333,tjrtlmet,P,1.0,1.0,15.0,,16.8,<0> ,81.0,<0> ,1014.0,<0> ,1.9,<0> ,3.0,<0> ,18:24,303.0,<0> ,14.0,<0> ,80.2,<0> ,0.0,<0> 
06/02/2023 18:45,49.78125,tjrtlmet,P,1.0,1.0,15.0,,16.3,<0> ,83.0,<0> ,1014.0,<0> ,1.9,<0> ,3.3,<0> ,18:38,298.0,<0> ,14.0,<0> ,31.0,<0> ,0.0,<0> 
06/02/2023 19:00,49.79166667,tjrtlmet,P,1.0,1.0,15.0,,16.0,<0> ,85.0,<0> ,1014.0,<0> ,2.0,<0> ,3.3,<0> ,18:53,291.0,<0> ,12.0,<0> ,8.8,<0> ,0.0,<0> 
06/02/2023 19:15,49.80208333,tjrtlmet,P,1.0,1.0,15.0,,15.8,<0> ,86.0,<0> ,1014.0,<0> ,1.9,<0> ,3.3,<0> ,19:08,302.0,<0> ,14.0,<0> ,0.8,<0> ,0.0,<0> 
06/02/2023 19:30,49.8125,tjrtlmet,P,1.0,1.0,15.0,,15.7,<0> ,87.0,<0> ,1014.0,<0> ,1.9,<0> ,3.3,<0> ,19:21,306.0,<0> ,14.0,<0> ,0.0,<0> ,0.0,<0> 
06/02/2023 19:45,49.82291667,tjrtlmet,P,1.0,1.0,15.0,,15.6,<0> ,87.0,<0> ,1014.0,<0> ,1.7,<0> ,2.9,<0> ,19:45,314.0,<0> ,21.0,<0> ,0.0,<0> ,0.0,<0> 
06/02/2023 20:00,49.83333333,tjrtlmet,P,1.0,1.0,15.0,,15.5,<0> ,86.0,<0> ,1014.0,<0> ,1.4,<0> ,3.5,<0> ,19:45,317.0,<0> ,22.0,<0> ,0.0,<0> ,0.0,<0> 
06/02/2023 20:15,49.84375,tjrtlmet,P,1.0,1.0,15.0,,15.4,<0> ,87.0,<0> ,1014.0,<0> ,1.4,<0> ,2.5,<0> ,20:00,310.0,<0> ,15.0,<0> ,0.0,<0> ,0.0,<0> 
06/02/2023 20:30,49.85416667,tjrtlmet,P,1.0,1.0,15.0,,15.4,<0> ,87.0,<0> ,1014.0,<0> ,1.2,<0> ,2.5,<0> ,20:21,312.0,<0> ,20.0,<0> ,0.0,<0> ,0.0,<0> 
06/02/2023 20:45,49.86458333,tjrtlmet,P,1.0,1.0,15.0,,15.4,<0> ,88.0,<0> ,1014.0,<0> ,1.4,<0> ,2.5,<0> ,20:43,312.0,<0> ,18.0,<0> ,0.0,<0> ,0.0,<0> 
06/02/2023 21:00,49.875,tjrtlmet,P,1.0,1.0,15.0,,15.6,<0> ,88.0,<0> ,1014.0,<0> ,1.8,<0> ,3.2,<0> ,20:59,309.0,<0> ,16.0,<0> ,0.0,<0> ,0.0,<0> 
06/02/2023 21:15,49.88541667,tjrtlmet,P,1.0,1.0,15.0,,16.0,<0> ,87.0,<0> ,1014.0,<0> ,1.6,<0> ,2.9,<0> ,21:03,314.0,<0> ,21.0,<0> ,0.0,<0> ,0.0,<0> 
06/02/2023 21:30,49.89583333,tjrtlmet,P,1.0,1.0,15.0,,16.1,<0> ,86.0,<0> ,1014.0,<0> ,1.5,<0> ,3.0,<0> ,21:20,319.0,<0> ,24.0,<0> ,0.0,<0> ,0.0,<0> 
06/02/2023 21:45,49.90625,tjrtlmet,P,1.0,1.0,15.0,,16.1,<0> ,86.0,<0> ,1014.0,<0> ,1.5,<0> ,3.3,<0> ,21:39,317.0,<0> ,24.0,<0> ,0.0,<0> ,0.0,<0> 
06/02/2023 22:00,49.91666667,tjrtlmet,P,1.0,1.0,15.0,,16.1,<0> ,85.0,<0> ,1014.0,<0> ,1.6,<0> ,2.9,<0> ,21:58,315.0,<0> ,22.0,<0> ,0.0,<0> ,0.0,<0> 
06/02/2023 22:15,49.92708333,tjrtlmet,P,1.0,1.0,15.0,,16.1,<0> ,85.0,<0> ,1014.0,<0> ,1.7,<0> ,3.4,<0> ,22:07,312.0,<0> ,20.0,<0> ,0.0,<0> ,0.0,<0> 
06/02/2023 22:30,49.9375,tjrtlmet,P,1.0,1.0,15.0,,16.1,<0> ,85.0,<0> ,1014.0,<0> ,1.7,<0> ,2.8,<0> ,22:23,313.0,<0> ,19.0,<0> ,0.0,<0> ,0.0,<0> 
06/02/2023 22:45,49.94791667,tjrtlmet,P,1.0,1.0,15.0,,16.1,<0> ,85.0,<0> ,1014.0,<0> ,2.0,<0> ,3.7,<0> ,22:38,311.0,<0> ,17.0,<0> ,0.0,<0> ,0.0,<0> 
06/02/2023 23:00,49.95833333,tjrtlmet,P,1.0,1.0,15.0,,16.1,<0> ,85.0,<0> ,1014.0,<0> ,1.8,<0> ,3.3,<0> ,22:54,310.0,<0> ,18.0,<0> ,0.0,<0> ,0.0,<0> 
06/02/2023 23:15,49.96875,tjrtlmet,P,1.0,1.0,15.0,,16.0,<0> ,85.0,<0> ,1014.0,<0> ,1.8,<0> ,3.0,<0> ,23:07,307.0,<0> ,17.0,<0> ,0.0,<0> ,0.0,<0> 
06/02/2023 23:30,49.97916667,tjrtlmet,P,1.0,1.0,15.0,,16.0,<0> ,85.0,<0> ,1014.0,<0> ,2.0,<0> ,3.7,<0> ,23:26,307.0,<0> ,15.0,<0> ,0.0,<0> ,0.0,<0> 
06/02/2023 23:45,49.98958333,tjrtlmet,P,1.0,1.0,15.0,,16.0,<0> ,86.0,<0> ,1014.0,<0> ,1.8,<0> ,3.2,<0> ,23:37,309.0,<0> ,17.0,<0> ,0.0,<0> ,0.0,<0> 
06/03/2023 00:00,50.0,tjrtlmet,P,1.0,1.0,15.0,,16.0,<0> ,86.0,<0> ,1013.0,<0> ,1.8,<0> ,3.1,<0> ,23:56,308.0,<0> ,17.0,<0> ,0.0,<0> ,0.0,<0> 
06/03/2023 00:15,50.01041667,tjrtlmet,P,1.0,1.0,15.0,,15.9,<0> ,86.0,<0> ,1013.0,<0> ,1.9,<0> ,2.8,<0> ,00:12,302.0,<0> ,15.0,<0> ,0.0,<0> ,0.0,<0> 
06/03/2023 00:30,50.02083333,tjrtlmet,P,1.0,1.0,15.0,,16.0,<0> ,86.0,<0> ,1013.0,<0> ,2.1,<0> ,3.4,<0> ,00:17,303.0,<0> ,14.0,<0> ,0.0,<0> ,0.0,<0> 
06/03/2023 00:45,50.03125,tjrtlmet,P,1.0,1.0,15.0,,15.9,<0> ,86.0,<0> ,1013.0,<0> ,2.2,<0> ,3.4,<0> ,00:34,302.0,<0> ,12.0,<0> ,0.0,<0> ,0.0,<0> 
06/03/2023 01:00,50.04166667,tjrtlmet,P,1.0,1.0,15.0,,15.8,<0> ,87.0,<0> ,1013.0,<0> ,2.0,<0> ,3.4,<0> ,00:58,304.0,<0> ,14.0,<0> ,0.0,<0> ,0.0,<0> 
06/03/2023 01:15,50.05208333,tjrtlmet,P,1.0,1.0,15.0,,15.7,<0> ,87.0,<0> ,1013.0,<0> ,1.9,<0> ,3.4,<0> ,01:03,307.0,<0> ,18.0,<0> ,0.0,<0> ,0.0,<0> 
06/03/2023 01:30,50.0625,tjrtlmet,P,1.0,1.0,15.0,,15.6,<0> ,88.0,<0> ,1013.0,<0> ,1.6,<0> ,2.5,<0> ,01:18,305.0,<0> ,14.0,<0> ,0.0,<0> ,0.0,<0> 
06/03/2023 01:45,50.07291667,tjrtlmet,P,1.0,1.0,15.0,,15.6,<0> ,88.0,<0> ,1013.0,<0> ,1.4,<0> ,2.4,<0> ,01:39,301.0,<0> ,12.0,<0> ,0.0,<0> ,0.0,<0> 
06/03/2023 02:00,50.08333333,tjrtlmet,P,1.0,1.0,15.0,,15.5,<0> ,89.0,<0> ,1013.0,<0> ,0.8,<0> ,1.6,<0> ,01:47,279.0,<0> ,12.0,<0> ,0.0,<0> ,0.0,<0> 
06/03/2023 02:15,50.09375,tjrtlmet,P,1.0,1.0,15.0,,15.4,<0> ,89.0,<0> ,1012.0,<0> ,0.2,<0> ,1.0,<0> ,02:01,290.0,<0> ,9.0,<0> ,0.0,<0> ,0.0,<0> 
06/03/2023 02:30,50.10416667,tjrtlmet,P,1.0,1.0,15.0,,15.5,<0> ,89.0,<0> ,1012.0,<0> ,0.2,<0> ,0.8,<0> ,02:25,285.0,<0> ,15.0,<0> ,0.0,<0> ,0.0,<0> 
06/03/2023 02:45,50.11458333,tjrtlmet,P,1.0,1.0,15.0,,15.5,<0> ,88.0,<0> ,1012.0,<0> ,0.3,<0> ,0.9,<0> ,02:36,258.0,<0> ,19.0,<0> ,0.0,<0> ,0.0,<0> 
06/03/2023 03:00,50.125,tjrtlmet,P,1.0,1.0,15.0,,15.6,<0> ,88.0,<0> ,1012.0,<0> ,0.2,<0> ,0.6,<0> ,02:47,169.0,<0> ,30.0,<0> ,0.0,<0> ,0.0,<0> 
06/03/2023 03:15,50.13541667,tjrtlmet,P,1.0,1.0,15.0,,15.6,<0> ,88.0,<0> ,1012.0,<0> ,0.2,<0> ,0.8,<0> ,03:02,178.0,<0> ,20.0,<0> ,0.0,<0> ,0.0,<0> 
06/03/2023 03:30,50.14583333,tjrtlmet,P,1.0,1.0,15.0,,15.6,<0> ,88.0,<0> ,1012.0,<0> ,0.3,<0> ,0.9,<0> ,03:20,136.0,<0> ,27.0,<0> ,0.0,<0> ,0.0,<0> 
06/03/2023 03:45,50.15625,tjrtlmet,P,1.0,1.0,15.0,,15.7,<0> ,87.0,<0> ,1012.0,<0> ,0.1,<0> ,0.5,<0> ,03:31,197.0,<0> ,0.0,<0> ,0.0,<0> ,0.0,<0> 
06/03/2023 04:00,50.16666667,tjrtlmet,P,1.0,1.0,15.0,,15.7,<0> ,88.0,<0> ,1012.0,<0> ,0.8,<0> ,1.7,<0> ,03:59,206.0,<0> ,10.0,<0> ,0.0,<0> ,0.0,<0> 
06/03/2023 04:15,50.17708333,tjrtlmet,P,1.0,1.0,15.0,,15.5,<0> ,89.0,<0> ,1012.0,<0> ,0.6,<0> ,1.7,<0> ,04:04,166.0,<0> ,65.0,<0> ,0.0,<0> ,0.0,<0> 
06/03/2023 04:30,50.1875,tjrtlmet,P,1.0,1.0,15.0,,15.6,<0> ,88.0,<0> ,1012.0,<0> ,0.4,<0> ,1.2,<0> ,04:28,232.0,<0> ,12.0,<0> ,0.0,<0> ,0.0,<0> 
06/03/2023 04:45,50.19791667,tjrtlmet,P,1.0,1.0,15.0,,15.6,<0> ,89.0,<0> ,1012.0,<0> ,0.3,<0> ,0.8,<0> ,04:30,292.0,<0> ,29.0,<0> ,0.9,<0> ,0.0,<0> 
06/03/2023 05:00,50.20833333,tjrtlmet,P,1.0,1.0,15.0,,15.6,<0> ,89.0,<0> ,1012.0,<0> ,0.7,<0> ,1.0,<0> ,04:48,233.0,<0> ,12.0,<0> ,4.5,<0> ,0.0,<0> 
06/03/2023 05:15,50.21875,tjrtlmet,P,1.0,1.0,15.0,,15.6,<0> ,89.0,<0> ,1013.0,<0> ,0.5,<0> ,1.5,<0> ,05:14,269.0,<0> ,19.0,<0> ,9.1,<0> ,0.0,<0> 
06/03/2023 05:30,50.22916667,tjrtlmet,P,1.0,1.0,15.0,,15.7,<0> ,88.0,<0> ,1013.0,<0> ,1.1,<0> ,2.1,<0> ,05:25,298.0,<0> ,13.0,<0> ,17.7,<0> ,0.0,<0> 
06/03/2023 05:45,50.23958333,tjrtlmet,P,1.0,1.0,15.0,,15.8,<0> ,87.0,<0> ,1013.0,<0> ,1.0,<0> ,1.8,<0> ,05:31,305.0,<0> ,14.0,<0> ,27.5,<0> ,0.0,<0> 
06/03/2023 06:00,50.25,tjrtlmet,P,1.0,1.0,15.0,,15.9,<0> ,86.0,<0> ,1013.0,<0> ,1.0,<0> ,2.5,<0> ,05:52,319.0,<0> ,19.0,<0> ,36.9,<0> ,0.0,<0> 
06/03/2023 06:15,50.26041667,tjrtlmet,P,1.0,1.0,15.0,,15.9,<0> ,85.0,<0> ,1013.0,<0> ,1.4,<0> ,2.8,<0> ,06:10,312.0,<0> ,16.0,<0> ,44.4,<0> ,0.0,<0> 
06/03/2023 06:30,50.27083333,tjrtlmet,P,1.0,1.0,15.0,,16.0,<0> ,85.0,<0> ,1013.0,<0> ,1.2,<0> ,3.0,<0> ,06:16,317.0,<0> ,24.0,<0> ,64.3,<0> ,0.0,<0> 
06/03/2023 06:45,50.28125,tjrtlmet,P,1.0,1.0,15.0,,16.2,<0> ,84.0,<0> ,1013.0,<0> ,0.5,<0> ,1.2,<0> ,06:40,2.0,<0> ,35.0,<0> ,128.8,<0> ,0.0,<0> 
06/03/2023 07:00,50.29166667,tjrtlmet,P,1.0,1.0,15.0,,16.3,<0> ,85.0,<0> ,1013.0,<0> ,1.4,<0> ,2.5,<0> ,06:56,302.0,<0> ,14.0,<0> ,149.4,<0> ,0.0,<0> 
06/03/2023 07:15,50.30208333,tjrtlmet,P,1.0,1.0,15.0,,16.1,<0> ,87.0,<0> ,1014.0,<0> ,1.6,<0> ,2.3,<0> ,07:14,296.0,<0> ,13.0,<0> ,196.6,<0> ,0.0,<0> 
06/03/2023 07:30,50.3125,tjrtlmet,P,1.0,1.0,15.0,,15.9,<0> ,89.0,<0> ,1014.0,<0> ,1.6,<0> ,2.7,<0> ,07:28,292.0,<0> ,14.0,<0> ,200.7,<0> ,0.0,<0> 
06/03/2023 07:45,50.32291667,tjrtlmet,P,1.0,1.0,15.0,,15.7,<0> ,91.0,<0> ,1014.0,<0> ,1.5,<0> ,2.4,<0> ,07:42,288.0,<0> ,12.0,<0> ,200.7,<0> ,0.0,<0> 
06/03/2023 08:00,50.33333333,tjrtlmet,P,1.0,1.0,15.0,,15.6,<0> ,93.0,<0> ,1014.0,<0> ,1.6,<0> ,2.4,<0> ,07:55,279.0,<0> ,15.0,<0> ,229.1,<0> ,0.0,<0> 
06/03/2023 08:15,50.34375,tjrtlmet,P,1.0,1.0,15.0,,15.4,<0> ,94.0,<0> ,1014.0,<0> ,1.4,<0> ,1.9,<0> ,08:02,274.0,<0> ,14.0,<0> ,197.6,<0> ,0.0,<0> 
06/03/2023 08:30,50.35416667,tjrtlmet,P,1.0,1.0,15.0,,15.3,<0> ,94.0,<0> ,1014.0,<0> ,1.6,<0> ,2.3,<0> ,08:23,250.0,<0> ,10.0,<0> ,245.3,<0> ,0.0,<0> 
06/03/2023 08:45,50.36458333,tjrtlmet,P,1.0,1.0,15.0,,15.4,<0> ,95.0,<0> ,1014.0,<0> ,1.4,<0> ,2.5,<0> ,08:30,272.0,<0> ,14.0,<0> ,317.7,<0> ,0.0,<0> 
06/03/2023 09:00,50.375,tjrtlmet,P,1.0,1.0,15.0,,15.3,<0> ,95.0,<0> ,1014.0,<0> ,2.1,<0> ,3.4,<0> ,08:59,268.0,<0> ,10.0,<0> ,313.2,<0> ,0.0,<0> 
06/03/2023 09:15,50.38541667,tjrtlmet,P,1.0,1.0,15.0,,15.3,<0> ,95.0,<0> ,1014.0,<0> ,2.2,<0> ,3.4,<0> ,09:00,274.0,<0> ,13.0,<0> ,382.9,<0> ,0.0,<0> 
06/03/2023 09:30,50.39583333,tjrtlmet,P,1.0,1.0,15.0,,15.5,<0> ,95.0,<0> ,1014.0,<0> ,1.8,<0> ,3.0,<0> ,09:16,283.0,<0> ,13.0,<0> ,529.7,<0> ,0.0,<0> 
06/03/2023 09:45,50.40625,tjrtlmet,P,1.0,1.0,15.0,,15.7,<0> ,95.0,<0> ,1014.0,<0> ,1.9,<0> ,2.9,<0> ,09:30,291.0,<0> ,17.0,<0> ,558.2,<0> ,0.0,<0> 
06/03/2023 10:00,50.41666667,tjrtlmet,P,1.0,1.0,15.0,,16.0,<0> ,94.0,<0> ,1014.0,<0> ,2.1,<0> ,3.2,<0> ,09:57,300.0,<0> ,15.0,<0> ,715.1,<0> ,0.0,<0> 
06/03/2023 10:15,50.42708333,tjrtlmet,P,1.0,1.0,15.0,,16.1,<0> ,93.0,<0> ,1014.0,<0> ,2.1,<0> ,3.5,<0> ,10:14,292.0,<0> ,18.0,<0> ,710.3,<0> ,0.0,<0> 
06/03/2023 10:30,50.4375,tjrtlmet,P,1.0,1.0,15.0,,16.5,<0> ,89.0,<0> ,1014.0,<0> ,2.1,<0> ,3.4,<0> ,10:20,300.0,<0> ,16.0,<0> ,707.2,<0> ,0.0,<0> 
06/03/2023 10:45,50.44791667,tjrtlmet,P,1.0,1.0,15.0,,16.9,<0> ,87.0,<0> ,1014.0,<0> ,2.1,<0> ,3.2,<0> ,10:40,295.0,<0> ,16.0,<0> ,673.0,<0> ,0.0,<0> 
06/03/2023 11:00,50.45833333,tjrtlmet,P,1.0,1.0,15.0,,16.7,<0> ,86.0,<0> ,1014.0,<0> ,2.2,<0> ,3.3,<0> ,10:48,298.0,<0> ,13.0,<0> ,519.9,<0> ,0.0,<0> 
06/03/2023 11:15,50.46875,tjrtlmet,P,1.0,1.0,15.0,,16.8,<0> ,85.0,<0> ,1014.0,<0> ,1.9,<0> ,3.0,<0> ,11:06,294.0,<0> ,16.0,<0> ,528.3,<0> ,0.0,<0> 
06/03/2023 11:30,50.47916667,tjrtlmet,P,1.0,1.0,15.0,,17.0,<0> ,84.0,<0> ,1014.0,<0> ,2.3,<0> ,3.8,<0> ,11:26,297.0,<0> ,16.0,<0> ,569.2,<0> ,0.0,<0> 
06/03/2023 11:45,50.48958333,tjrtlmet,P,1.0,1.0,15.0,,16.8,<0> ,85.0,<0> ,1014.0,<0> ,2.7,<0> ,4.4,<0> ,11:44,285.0,<0> ,13.0,<0> ,616.6,<0> ,0.0,<0> 
06/03/2023 12:00,50.5,tjrtlmet,P,1.0,1.0,15.0,,17.3,<0> ,83.0,<0> ,1014.0,<0> ,3.1,<0> ,4.9,<0> ,11:52,280.0,<0> ,12.0,<0> ,985.8,<0> ,0.0,<0> 
06/03/2023 12:15,50.51041667,tjrtlmet,P,1.0,1.0,15.0,,18.0,<0> ,80.0,<0> ,1014.0,<0> ,3.3,<0> ,4.9,<0> ,12:14,280.0,<0> ,12.0,<0> ,1236.0,<0> ,0.0,<0> 
06/03/2023 12:30,50.52083333,tjrtlmet,P,1.0,1.0,15.0,,18.1,<0> ,79.0,<0> ,1014.0,<0> ,3.3,<0> ,4.6,<0> ,12:15,281.0,<0> ,13.0,<0> ,1276.6,<0> ,0.0,<0> 
06/03/2023 12:45,50.53125,tjrtlmet,P,1.0,1.0,15.0,,18.3,<0> ,78.0,<0> ,1013.0,<0> ,3.2,<0> ,4.6,<0> ,12:37,281.0,<0> ,14.0,<0> ,1343.7,<0> ,0.0,<0> 
06/03/2023 13:00,50.54166667,tjrtlmet,P,1.0,1.0,15.0,,18.6,<0> ,76.0,<0> ,1013.0,<0> ,2.9,<0> ,4.5,<0> ,12:56,277.0,<0> ,15.0,<0> ,1395.6,<0> ,0.0,<0> 
06/03/2023 13:15,50.55208333,tjrtlmet,P,1.0,1.0,15.0,,18.6,<0> ,75.0,<0> ,1013.0,<0> ,2.9,<0> ,4.1,<0> ,13:02,279.0,<0> ,13.0,<0> ,1261.4,<0> ,0.0,<0> 
06/03/2023 13:30,50.5625,tjrtlmet,P,1.0,1.0,15.0,,18.2,<0> ,76.0,<0> ,1013.0,<0> ,2.7,<0> ,3.8,<0> ,13:19,277.0,<0> ,13.0,<0> ,1109.2,<0> ,0.0,<0> 
06/03/2023 13:45,50.57291667,tjrtlmet,P,1.0,1.0,15.0,,17.9,<0> ,76.0,<0> ,1014.0,<0> ,2.6,<0> ,3.7,<0> ,13:42,278.0,<0> ,13.0,<0> ,1063.9,<0> ,0.0,<0> 
06/03/2023 14:00,50.58333333,tjrtlmet,P,1.0,1.0,15.0,,18.4,<0> ,75.0,<0> ,1013.0,<0> ,2.5,<0> ,3.4,<0> ,13:57,279.0,<0> ,12.0,<0> ,1227.1,<0> ,0.0,<0> 
06/03/2023 14:15,50.59375,tjrtlmet,P,1.0,1.0,15.0,,18.4,<0> ,74.0,<0> ,1013.0,<0> ,2.2,<0> ,3.3,<0> ,14:11,277.0,<0> ,16.0,<0> ,1215.1,<0> ,0.0,<0> 
06/03/2023 14:30,50.60416667,tjrtlmet,P,1.0,1.0,15.0,,18.7,<0> ,73.0,<0> ,1013.0,<0> ,2.0,<0> ,2.8,<0> ,14:22,275.0,<0> ,19.0,<0> ,1059.7,<0> ,0.0,<0> 
06/03/2023 14:45,50.61458333,tjrtlmet,P,1.0,1.0,15.0,,18.9,<0> ,74.0,<0> ,1013.0,<0> ,2.2,<0> ,3.3,<0> ,14:34,285.0,<0> ,16.0,<0> ,1156.2,<0> ,0.0,<0> 
06/03/2023 15:00,50.625,tjrtlmet,P,1.0,1.0,15.0,,19.0,<0> ,72.0,<0> ,1013.0,<0> ,2.6,<0> ,3.8,<0> ,14:55,265.0,<0> ,13.0,<0> ,1258.9,<0> ,0.0,<0> 
06/03/2023 15:15,50.63541667,tjrtlmet,P,1.0,1.0,15.0,,19.0,<0> ,73.0,<0> ,1012.0,<0> ,2.6,<0> ,3.9,<0> ,15:10,262.0,<0> ,13.0,<0> ,1227.5,<0> ,0.0,<0> 
06/03/2023 15:30,50.64583333,tjrtlmet,P,1.0,1.0,15.0,,19.1,<0> ,74.0,<0> ,1012.0,<0> ,2.8,<0> ,4.1,<0> ,15:26,281.0,<0> ,13.0,<0> ,1135.6,<0> ,0.0,<0> 
06/03/2023 15:45,50.65625,tjrtlmet,P,1.0,1.0,15.0,,18.7,<0> ,75.0,<0> ,1012.0,<0> ,3.1,<0> ,4.7,<0> ,15:43,273.0,<0> ,14.0,<0> ,1045.7,<0> ,0.0,<0> 
06/03/2023 16:00,50.66666667,tjrtlmet,P,1.0,1.0,15.0,,18.4,<0> ,76.0,<0> ,1012.0,<0> ,3.3,<0> ,4.5,<0> ,15:46,273.0,<0> ,12.0,<0> ,955.4,<0> ,0.0,<0> 
06/03/2023 16:15,50.67708333,tjrtlmet,P,1.0,1.0,15.0,,18.3,<0> ,77.0,<0> ,1012.0,<0> ,3.3,<0> ,4.8,<0> ,16:05,270.0,<0> ,12.0,<0> ,864.3,<0> ,0.0,<0> 
06/03/2023 16:30,50.6875,tjrtlmet,P,1.0,1.0,15.0,,18.2,<0> ,77.0,<0> ,1012.0,<0> ,3.2,<0> ,4.7,<0> ,16:17,275.0,<0> ,12.0,<0> ,773.1,<0> ,0.0,<0> 
06/03/2023 16:45,50.69791667,tjrtlmet,P,1.0,1.0,15.0,,18.2,<0> ,77.0,<0> ,1012.0,<0> ,3.2,<0> ,4.8,<0> ,16:33,279.0,<0> ,12.0,<0> ,677.8,<0> ,0.0,<0> 
06/03/2023 17:00,50.70833333,tjrtlmet,P,1.0,1.0,15.0,,18.1,<0> ,77.0,<0> ,1012.0,<0> ,2.9,<0> ,4.6,<0> ,16:48,281.0,<0> ,13.0,<0> ,580.0,<0> ,0.0,<0> 
06/03/2023 17:15,50.71875,tjrtlmet,P,1.0,1.0,15.0,,17.8,<0> ,78.0,<0> ,1012.0,<0> ,2.7,<0> ,3.9,<0> ,17:06,282.0,<0> ,12.0,<0> ,487.8,<0> ,0.0,<0> 
06/03/2023 17:30,50.72916667,tjrtlmet,P,1.0,1.0,15.0,,17.9,<0> ,78.0,<0> ,1012.0,<0> ,2.4,<0> ,3.4,<0> ,17:20,284.0,<0> ,14.0,<0> ,392.4,<0> ,0.0,<0> 
06/03/2023 17:45,50.73958333,tjrtlmet,P,1.0,1.0,15.0,,17.5,<0> ,79.0,<0> ,1012.0,<0> ,2.2,<0> ,3.4,<0> ,17:31,288.0,<0> ,13.0,<0> ,308.1,<0> ,0.0,<0> 
06/03/2023 18:00,50.75,tjrtlmet,P,1.0,1.0,15.0,,17.3,<0> ,79.0,<0> ,1012.0,<0> ,2.0,<0> ,3.5,<0> ,17:47,290.0,<0> ,13.0,<0> ,221.0,<0> ,0.0,<0> 
06/03/2023 18:15,50.76041667,tjrtlmet,P,1.0,1.0,15.0,,16.8,<0> ,81.0,<0> ,1012.0,<0> ,1.9,<0> ,2.9,<0> ,18:07,285.0,<0> ,12.0,<0> ,138.2,<0> ,0.0,<0> 
06/03/2023 18:30,50.77083333,tjrtlmet,P,1.0,1.0,15.0,,16.3,<0> ,83.0,<0> ,1012.0,<0> ,1.7,<0> ,2.5,<0> ,18:28,284.0,<0> ,10.0,<0> ,67.5,<0> ,0.0,<0> 
06/03/2023 18:45,50.78125,tjrtlmet,P,1.0,1.0,15.0,,15.9,<0> ,85.0,<0> ,1012.0,<0> ,1.7,<0> ,2.5,<0> ,18:35,280.0,<0> ,11.0,<0> ,24.6,<0> ,0.0,<0> 
06/03/2023 19:00,50.79166667,tjrtlmet,P,1.0,1.0,15.0,,15.9,<0> ,86.0,<0> ,1012.0,<0> ,1.8,<0> ,2.8,<0> ,18:57,276.0,<0> ,12.0,<0> ,6.1,<0> ,0.0,<0> 
06/03/2023 19:15,50.80208333,tjrtlmet,P,1.0,1.0,15.0,,16.0,<0> ,84.0,<0> ,1012.0,<0> ,2.1,<0> ,3.0,<0> ,19:07,271.0,<0> ,10.0,<0> ,0.3,<0> ,0.0,<0> 
06/03/2023 19:30,50.8125,tjrtlmet,P,1.0,1.0,15.0,,16.1,<0> ,84.0,<0> ,1012.0,<0> ,1.8,<0> ,2.8,<0> ,19:27,287.0,<0> ,12.0,<0> ,0.0,<0> ,0.0,<0> 
06/03/2023 19:45,50.82291667,tjrtlmet,P,1.0,1.0,15.0,,16.2,<0> ,84.0,<0> ,1013.0,<0> ,1.6,<0> ,2.7,<0> ,19:33,293.0,<0> ,14.0,<0> ,0.0,<0> ,0.0,<0> 
06/03/2023 20:00,50.83333333,tjrtlmet,P,1.0,1.0,15.0,,16.2,<0> ,84.0,<0> ,1013.0,<0> ,1.3,<0> ,2.4,<0> ,19:55,306.0,<0> ,14.0,<0> ,0.0,<0> ,0.0,<0> 
06/03/2023 20:15,50.84375,tjrtlmet,P,1.0,1.0,15.0,,16.2,<0> ,84.0,<0> ,1013.0,<0> ,1.6,<0> ,2.6,<0> ,20:10,295.0,<0> ,14.0,<0> ,0.0,<0> ,0.0,<0> 
06/03/2023 20:30,50.85416667,tjrtlmet,P,1.0,1.0,15.0,,16.1,<0> ,84.0,<0> ,1013.0,<0> ,1.9,<0> ,2.7,<0> ,20:21,276.0,<0> ,10.0,<0> ,0.0,<0> ,0.0,<0> 
06/03/2023 20:45,50.86458333,tjrtlmet,P,1.0,1.0,15.0,,16.1,<0> ,84.0,<0> ,1013.0,<0> ,2.4,<0> ,3.6,<0> ,20:38,274.0,<0> ,10.0,<0> ,0.0,<0> ,0.0,<0> 
06/03/2023 21:00,50.875,tjrtlmet,P,1.0,1.0,15.0,,16.1,<0> ,84.0,<0> ,1014.0,<0> ,2.6,<0> ,4.0,<0> ,20:58,273.0,<0> ,12.0,<0> ,0.0,<0> ,0.0,<0> 
06/03/2023 21:15,50.88541667,tjrtlmet,P,1.0,1.0,15.0,,16.1,<0> ,83.0,<0> ,1014.0,<0> ,2.2,<0> ,3.8,<0> ,21:00,261.0,<0> ,11.0,<0> ,0.0,<0> ,0.0,<0> 
06/03/2023 21:30,50.89583333,tjrtlmet,P,1.0,1.0,15.0,,16.1,<0> ,83.0,<0> ,1014.0,<0> ,1.9,<0> ,3.0,<0> ,21:20,265.0,<0> ,11.0,<0> ,0.0,<0> ,0.0,<0> 
06/03/2023 21:45,50.90625,tjrtlmet,P,1.0,1.0,15.0,,16.1,<0> ,84.0,<0> ,1013.0,<0> ,1.3,<0> ,2.1,<0> ,21:36,267.0,<0> ,10.0,<0> ,0.0,<0> ,0.0,<0> 
06/03/2023 22:00,50.91666667,tjrtlmet,P,1.0,1.0,15.0,,16.0,<0> ,84.0,<0> ,1013.0,<0> ,1.0,<0> ,1.5,<0> ,21:47,256.0,<0> ,16.0,<0> ,0.0,<0> ,0.0,<0> 
06/03/2023 22:15,50.92708333,tjrtlmet,P,1.0,1.0,15.0,,16.0,<0> ,83.0,<0> ,1013.0,<0> ,1.3,<0> ,2.1,<0> ,22:15,253.0,<0> ,12.0,<0> ,0.0,<0> ,0.0,<0> 
06/03/2023 22:30,50.9375,tjrtlmet,P,1.0,1.0,15.0,,15.8,<0> ,84.0,<0> ,1013.0,<0> ,1.7,<0> ,2.4,<0> ,22:17,272.0,<0> ,14.0,<0> ,0.0,<0> ,0.0,<0> 
06/03/2023 22:45,50.94791667,tjrtlmet,P,1.0,1.0,15.0,,15.7,<0> ,84.0,<0> ,1013.0,<0> ,1.6,<0> ,2.6,<0> ,22:42,278.0,<0> ,11.0,<0> ,0.0,<0> ,0.0,<0> 
06/03/2023 23:00,50.95833333,tjrtlmet,P,1.0,1.0,15.0,,15.6,<0> ,84.0,<0> ,1013.0,<0> ,1.5,<0> ,2.4,<0> ,22:59,281.0,<0> ,11.0,<0> ,0.0,<0> ,0.0,<0> 
06/03/2023 23:15,50.96875,tjrtlmet,P,1.0,1.0,15.0,,15.6,<0> ,85.0,<0> ,1012.0,<0> ,1.5,<0> ,2.5,<0> ,23:04,285.0,<0> ,10.0,<0> ,0.0,<0> ,0.0,<0> 
06/03/2023 23:30,50.97916667,tjrtlmet,P,1.0,1.0,15.0,,15.6,<0> ,85.0,<0> ,1012.0,<0> ,1.6,<0> ,2.7,<0> ,23:22,286.0,<0> ,14.0,<0> ,0.0,<0> ,0.0,<0> 
06/03/2023 23:45,50.98958333,tjrtlmet,P,1.0,1.0,15.0,,15.5,<0> ,85.0,<0> ,1012.0,<0> ,1.7,<0> ,2.6,<0> ,23:38,265.0,<0> ,11.0,<0> ,0.0,<0> ,0.0,<0> 
06/04/2023 00:00,51.0,tjrtlmet,P,1.0,1.0,15.0,,15.5,<0> ,85.0,<0> ,1012.0,<0> ,1.5,<0> ,2.4,<0> ,23:48,262.0,<0> ,9.0,<0> ,0.0,<0> ,0.0,<0> 
06/04/2023 00:15,51.01041667,tjrtlmet,P,1.0,1.0,15.0,,15.6,<0> ,85.0,<0> ,1012.0,<0> ,1.4,<0> ,2.3,<0> ,00:14,285.0,<0> ,11.0,<0> ,0.0,<0> ,0.0,<0> 
06/04/2023 00:30,51.02083333,tjrtlmet,P,1.0,1.0,15.0,,15.6,<0> ,86.0,<0> ,1012.0,<0> ,1.4,<0> ,2.3,<0> ,00:15,292.0,<0> ,10.0,<0> ,0.0,<0> ,0.0,<0> 
06/04/2023 00:45,51.03125,tjrtlmet,P,1.0,1.0,15.0,,15.6,<0> ,86.0,<0> ,1012.0,<0> ,1.4,<0> ,2.1,<0> ,00:37,290.0,<0> ,11.0,<0> ,0.0,<0> ,0.0,<0> 
06/04/2023 01:00,51.04166667,tjrtlmet,P,1.0,1.0,15.0,,15.6,<0> ,86.0,<0> ,1011.0,<0> ,1.4,<0> ,2.1,<0> ,00:46,285.0,<0> ,12.0,<0> ,0.0,<0> ,0.0,<0> 
06/04/2023 01:15,51.05208333,tjrtlmet,P,1.0,1.0,15.0,,15.5,<0> ,86.0,<0> ,1011.0,<0> ,1.7,<0> ,2.4,<0> ,01:13,275.0,<0> ,11.0,<0> ,0.0,<0> ,0.0,<0> 
06/04/2023 01:30,51.0625,tjrtlmet,P,1.0,1.0,15.0,,15.5,<0> ,86.0,<0> ,1011.0,<0> ,2.1,<0> ,3.2,<0> ,01:22,272.0,<0> ,10.0,<0> ,0.0,<0> ,0.0,<0> 
06/04/2023 01:45,51.07291667,tjrtlmet,P,1.0,1.0,15.0,,15.6,<0> ,85.0,<0> ,1011.0,<0> ,1.8,<0> ,2.5,<0> ,01:41,270.0,<0> ,13.0,<0> ,0.0,<0> ,0.0,<0> 
06/04/2023 02:00,51.08333333,tjrtlmet,P,1.0,1.0,15.0,,15.6,<0> ,85.0,<0> ,1011.0,<0> ,1.4,<0> ,2.5,<0> ,01:46,258.0,<0> ,9.0,<0> ,0.0,<0> ,0.0,<0> 
06/04/2023 02:15,51.09375,tjrtlmet,P,1.0,1.0,15.0,,15.7,<0> ,85.0,<0> ,1011.0,<0> ,1.3,<0> ,2.5,<0> ,02:13,278.0,<0> ,12.0,<0> ,0.0,<0> ,0.0,<0> 
06/04/2023 02:30,51.10416667,tjrtlmet,P,1.0,1.0,15.0,,15.7,<0> ,85.0,<0> ,1011.0,<0> ,1.5,<0> ,2.3,<0> ,02:18,288.0,<0> ,10.0,<0> ,0.0,<0> ,0.0,<0> 
06/04/2023 02:45,51.11458333,tjrtlmet,P,1.0,1.0,15.0,,15.6,<0> ,85.0,<0> ,1011.0,<0> ,1.4,<0> ,2.0,<0> ,02:40,292.0,<0> ,13.0,<0> ,0.0,<0> ,0.0,<0> 
06/04/2023 03:00,51.125,tjrtlmet,P,1.0,1.0,15.0,,15.6,<0> ,85.0,<0> ,1011.0,<0> ,1.3,<0> ,1.9,<0> ,02:50,291.0,<0> ,11.0,<0> ,0.0,<0> ,0.0,<0> 
06/04/2023 03:15,51.13541667,tjrtlmet,P,1.0,1.0,15.0,,15.6,<0> ,84.0,<0> ,1011.0,<0> ,1.4,<0> ,2.9,<0> ,03:14,299.0,<0> ,13.0,<0> ,0.0,<0> ,0.0,<0> 
06/04/2023 03:30,51.14583333,tjrtlmet,P,1.0,1.0,15.0,,15.5,<0> ,83.0,<0> ,1011.0,<0> ,2.0,<0> ,3.2,<0> ,03:23,295.0,<0> ,14.0,<0> ,0.0,<0> ,0.0,<0> 
06/04/2023 03:45,51.15625,tjrtlmet,P,1.0,1.0,15.0,,15.4,<0> ,83.0,<0> ,1011.0,<0> ,1.4,<0> ,2.3,<0> ,03:34,293.0,<0> ,14.0,<0> ,0.0,<0> ,0.0,<0> 
06/04/2023 04:00,51.16666667,tjrtlmet,P,1.0,1.0,15.0,,15.4,<0> ,83.0,<0> ,1010.0,<0> ,1.0,<0> ,2.1,<0> ,03:45,305.0,<0> ,15.0,<0> ,0.0,<0> ,0.0,<0> 
06/04/2023 04:15,51.17708333,tjrtlmet,P,1.0,1.0,15.0,,15.4,<0> ,84.0,<0> ,1011.0,<0> ,1.5,<0> ,2.4,<0> ,04:13,296.0,<0> ,9.0,<0> ,0.0,<0> ,0.0,<0> 
06/04/2023 04:30,51.1875,tjrtlmet,P,1.0,1.0,15.0,,15.4,<0> ,85.0,<0> ,1011.0,<0> ,1.4,<0> ,2.3,<0> ,04:15,290.0,<0> ,11.0,<0> ,0.0,<0> ,0.0,<0> 
06/04/2023 04:45,51.19791667,tjrtlmet,P,1.0,1.0,15.0,,15.3,<0> ,85.0,<0> ,1011.0,<0> ,1.6,<0> ,2.5,<0> ,04:37,280.0,<0> ,9.0,<0> ,1.9,<0> ,0.0,<0> 
06/04/2023 05:00,51.20833333,tjrtlmet,P,1.0,1.0,15.0,,15.3,<0> ,85.0,<0> ,1011.0,<0> ,1.7,<0> ,2.5,<0> ,04:46,275.0,<0> ,11.0,<0> ,8.9,<0> ,0.0,<0> 
06/04/2023 05:15,51.21875,tjrtlmet,P,1.0,1.0,15.0,,15.3,<0> ,85.0,<0> ,1011.0,<0> ,1.6,<0> ,2.2,<0> ,05:09,275.0,<0> ,12.0,<0> ,18.6,<0> ,0.0,<0> 
06/04/2023 05:30,51.22916667,tjrtlmet,P,1.0,1.0,15.0,,15.4,<0> ,84.0,<0> ,1011.0,<0> ,1.1,<0> ,1.8,<0> ,05:15,263.0,<0> ,18.0,<0> ,29.3,<0> ,0.0,<0> 
06/04/2023 05:45,51.23958333,tjrtlmet,P,1.0,1.0,15.0,,15.5,<0> ,84.0,<0> ,1011.0,<0> ,1.4,<0> ,2.6,<0> ,05:36,254.0,<0> ,18.0,<0> ,42.2,<0> ,0.0,<0> 
06/04/2023 06:00,51.25,tjrtlmet,P,1.0,1.0,15.0,,15.6,<0> ,84.0,<0> ,1011.0,<0> ,1.3,<0> ,2.1,<0> ,05:46,259.0,<0> ,12.0,<0> ,64.2,<0> ,0.0,<0> 
06/04/2023 06:15,51.26041667,tjrtlmet,P,1.0,1.0,15.0,,15.8,<0> ,83.0,<0> ,1011.0,<0> ,1.1,<0> ,2.3,<0> ,06:14,258.0,<0> ,17.0,<0> ,108.7,<0> ,0.0,<0> 
06/04/2023 06:30,51.27083333,tjrtlmet,P,1.0,1.0,15.0,,16.0,<0> ,82.0,<0> ,1011.0,<0> ,1.7,<0> ,2.4,<0> ,06:15,268.0,<0> ,11.0,<0> ,150.1,<0> ,0.0,<0> 
06/04/2023 06:45,51.28125,tjrtlmet,P,1.0,1.0,15.0,,16.1,<0> ,81.0,<0> ,1011.0,<0> ,1.4,<0> ,2.3,<0> ,06:41,266.0,<0> ,14.0,<0> ,166.5,<0> ,0.0,<0> 
06/04/2023 07:00,51.29166667,tjrtlmet,P,1.0,1.0,15.0,,16.2,<0> ,80.0,<0> ,1011.0,<0> ,1.6,<0> ,2.4,<0> ,06:53,272.0,<0> ,10.0,<0> ,192.3,<0> ,0.0,<0> 
06/04/2023 07:15,51.30208333,tjrtlmet,P,1.0,1.0,15.0,,16.3,<0> ,80.0,<0> ,1011.0,<0> ,1.3,<0> ,2.1,<0> ,07:08,267.0,<0> ,10.0,<0> ,220.1,<0> ,0.0,<0> 
06/04/2023 07:30,51.3125,tjrtlmet,P,1.0,1.0,15.0,,16.4,<0> ,80.0,<0> ,1012.0,<0> ,1.2,<0> ,2.0,<0> ,07:26,274.0,<0> ,15.0,<0> ,245.1,<0> ,0.0,<0> 
06/04/2023 07:45,51.32291667,tjrtlmet,P,1.0,1.0,15.0,,16.7,<0> ,79.0,<0> ,1012.0,<0> ,1.5,<0> ,2.4,<0> ,07:43,281.0,<0> ,14.0,<0> ,294.9,<0> ,0.0,<0> 
06/04/2023 08:00,51.33333333,tjrtlmet,P,1.0,1.0,15.0,,16.7,<0> ,77.0,<0> ,1012.0,<0> ,1.8,<0> ,2.6,<0> ,07:46,277.0,<0> ,11.0,<0> ,354.3,<0> ,0.0,<0> 
06/04/2023 08:15,51.34375,tjrtlmet,P,1.0,1.0,15.0,,16.9,<0> ,76.0,<0> ,1012.0,<0> ,1.7,<0> ,2.8,<0> ,08:07,270.0,<0> ,15.0,<0> ,429.5,<0> ,0.0,<0> 
06/04/2023 08:30,51.35416667,tjrtlmet,P,1.0,1.0,15.0,,17.1,<0> ,75.0,<0> ,1012.0,<0> ,1.7,<0> ,2.5,<0> ,08:15,268.0,<0> ,13.0,<0> ,532.1,<0> ,0.0,<0> 
06/04/2023 08:45,51.36458333,tjrtlmet,P,1.0,1.0,15.0,,17.3,<0> ,74.0,<0> ,1012.0,<0> ,1.8,<0> ,2.7,<0> ,08:41,281.0,<0> ,16.0,<0> ,568.1,<0> ,0.0,<0> 
06/04/2023 09:00,51.375,tjrtlmet,P,1.0,1.0,15.0,,17.4,<0> ,76.0,<0> ,1012.0,<0> ,1.8,<0> ,2.7,<0> ,08:52,283.0,<0> ,15.0,<0> ,623.8,<0> ,0.0,<0> 
06/04/2023 09:15,51.38541667,tjrtlmet,P,1.0,1.0,15.0,,17.4,<0> ,80.0,<0> ,1012.0,<0> ,2.1,<0> ,3.3,<0> ,09:12,273.0,<0> ,15.0,<0> ,685.6,<0> ,0.0,<0> 
06/04/2023 09:30,51.39583333,tjrtlmet,P,1.0,1.0,15.0,,17.6,<0> ,80.0,<0> ,1012.0,<0> ,2.4,<0> ,3.7,<0> ,09:29,269.0,<0> ,15.0,<0> ,690.3,<0> ,0.0,<0> 
06/04/2023 09:45,51.40625,tjrtlmet,P,1.0,1.0,15.0,,17.3,<0> ,81.0,<0> ,1012.0,<0> ,2.5,<0> ,3.7,<0> ,09:43,270.0,<0> ,13.0,<0> ,796.3,<0> ,0.0,<0> 
06/04/2023 10:00,51.41666667,tjrtlmet,P,1.0,1.0,15.0,,17.8,<0> ,78.0,<0> ,1012.0,<0> ,2.8,<0> ,4.2,<0> ,09:53,284.0,<0> ,12.0,<0> ,910.6,<0> ,0.0,<0> 
06/04/2023 10:15,51.42708333,tjrtlmet,P,1.0,1.0,15.0,,18.0,<0> ,76.0,<0> ,1012.0,<0> ,2.9,<0> ,3.9,<0> ,10:11,282.0,<0> ,12.0,<0> ,958.5,<0> ,0.0,<0> 
06/04/2023 10:30,51.4375,tjrtlmet,P,1.0,1.0,15.0,,18.1,<0> ,76.0,<0> ,1012.0,<0> ,2.9,<0> ,4.0,<0> ,10:16,281.0,<0> ,13.0,<0> ,1181.9,<0> ,0.0,<0> 
06/04/2023 10:45,51.44791667,tjrtlmet,P,1.0,1.0,15.0,,18.7,<0> ,73.0,<0> ,1012.0,<0> ,2.8,<0> ,4.0,<0> ,10:41,281.0,<0> ,14.0,<0> ,1452.0,<0> ,0.0,<0> 
06/04/2023 11:00,51.45833333,tjrtlmet,P,1.0,1.0,15.0,,18.8,<0> ,73.0,<0> ,1012.0,<0> ,3.1,<0> ,4.4,<0> ,10:48,282.0,<0> ,13.0,<0> ,1576.2,<0> ,0.0,<0> 
06/04/2023 11:15,51.46875,tjrtlmet,P,1.0,1.0,15.0,,19.0,<0> ,72.0,<0> ,1012.0,<0> ,3.3,<0> ,5.1,<0> ,11:04,275.0,<0> ,15.0,<0> ,1608.0,<0> ,0.0,<0> 
06/04/2023 11:30,51.47916667,tjrtlmet,P,1.0,1.0,15.0,,18.9,<0> ,71.0,<0> ,1012.0,<0> ,3.7,<0> ,5.2,<0> ,11:23,283.0,<0> ,13.0,<0> ,1728.9,<0> ,0.0,<0> 
06/04/2023 11:45,51.48958333,tjrtlmet,P,1.0,1.0,15.0,,18.9,<0> ,71.0,<0> ,1012.0,<0> ,3.4,<0> ,5.2,<0> ,11:34,279.0,<0> ,13.0,<0> ,1784.7,<0> ,0.0,<0> 
06/04/2023 12:00,51.5,tjrtlmet,P,1.0,1.0,15.0,,19.3,<0> ,69.0,<0> ,1012.0,<0> ,3.5,<0> ,5.0,<0> ,11:58,282.0,<0> ,15.0,<0> ,1822.7,<0> ,0.0,<0> 
06/04/2023 12:15,51.51041667,tjrtlmet,P,1.0,1.0,15.0,,19.3,<0> ,69.0,<0> ,1012.0,<0> ,3.4,<0> ,5.6,<0> ,12:00,283.0,<0> ,16.0,<0> ,1817.9,<0> ,0.0,<0> 
06/04/2023 12:30,51.52083333,tjrtlmet,P,1.0,1.0,15.0,,19.5,<0> ,68.0,<0> ,1012.0,<0> ,3.1,<0> ,4.5,<0> ,12:23,282.0,<0> ,14.0,<0> ,1801.2,<0> ,0.0,<0> 
06/04/2023 12:45,51.53125,tjrtlmet,P,1.0,1.0,15.0,,19.3,<0> ,68.0,<0> ,1012.0,<0> ,3.3,<0> ,5.2,<0> ,12:41,278.0,<0> ,14.0,<0> ,1779.8,<0> ,0.0,<0> 
06/04/2023 13:00,51.54166667,tjrtlmet,P,1.0,1.0,15.0,,19.2,<0> ,68.0,<0> ,1012.0,<0> ,3.3,<0> ,5.0,<0> ,12:53,279.0,<0> ,12.0,<0> ,1751.3,<0> ,0.0,<0> 
06/04/2023 13:15,51.55208333,tjrtlmet,P,1.0,1.0,15.0,,19.3,<0> ,68.0,<0> ,1011.0,<0> ,3.2,<0> ,4.7,<0> ,13:13,281.0,<0> ,15.0,<0> ,1715.0,<0> ,0.0,<0> 
06/04/2023 13:30,51.5625,tjrtlmet,P,1.0,1.0,15.0,,19.5,<0> ,67.0,<0> ,1011.0,<0> ,3.2,<0> ,4.6,<0> ,13:25,283.0,<0> ,14.0,<0> ,1671.5,<0> ,0.0,<0> 
06/04/2023 13:45,51.57291667,tjrtlmet,P,1.0,1.0,15.0,,19.3,<0> ,68.0,<0> ,1011.0,<0> ,3.6,<0> ,4.9,<0> ,13:38,282.0,<0> ,13.0,<0> ,1621.0,<0> ,0.0,<0> 
06/04/2023 14:00,51.58333333,tjrtlmet,P,1.0,1.0,15.0,,19.1,<0> ,68.0,<0> ,1011.0,<0> ,3.7,<0> ,5.1,<0> ,13:55,278.0,<0> ,14.0,<0> ,1565.2,<0> ,0.0,<0> 
06/04/2023 14:15,51.59375,tjrtlmet,P,1.0,1.0,15.0,,19.0,<0> ,68.0,<0> ,1011.0,<0> ,3.6,<0> ,5.2,<0> ,14:14,279.0,<0> ,13.0,<0> ,1503.7,<0> ,0.0,<0> 
06/04/2023 14:30,51.60416667,tjrtlmet,P,1.0,1.0,15.0,,18.8,<0> ,68.0,<0> ,1011.0,<0> ,3.8,<0> ,5.2,<0> ,14:15,278.0,<0> ,14.0,<0> ,1437.1,<0> ,0.0,<0> 
06/04/2023 14:45,51.61458333,tjrtlmet,P,1.0,1.0,15.0,,19.0,<0> ,67.0,<0> ,1011.0,<0> ,3.4,<0> ,4.7,<0> ,14:30,281.0,<0> ,14.0,<0> ,1367.7,<0> ,0.0,<0> 
06/04/2023 15:00,51.625,tjrtlmet,P,1.0,1.0,15.0,,19.0,<0> ,67.0,<0> ,1011.0,<0> ,3.3,<0> ,4.8,<0> ,14:48,279.0,<0> ,12.0,<0> ,1292.0,<0> ,0.0,<0> 
06/04/2023 15:15,51.63541667,tjrtlmet,P,1.0,1.0,15.0,,19.2,<0> ,67.0,<0> ,1011.0,<0> ,3.0,<0> ,4.4,<0> ,15:09,281.0,<0> ,15.0,<0> ,1214.7,<0> ,0.0,<0> 
06/04/2023 15:30,51.64583333,tjrtlmet,P,1.0,1.0,15.0,,19.0,<0> ,67.0,<0> ,1011.0,<0> ,2.9,<0> ,4.6,<0> ,15:19,277.0,<0> ,16.0,<0> ,1132.0,<0> ,0.0,<0> 
06/04/2023 15:45,51.65625,tjrtlmet,P,1.0,1.0,15.0,,18.9,<0> ,67.0,<0> ,1011.0,<0> ,3.2,<0> ,4.5,<0> ,15:32,269.0,<0> ,12.0,<0> ,1046.6,<0> ,0.0,<0> 
06/04/2023 16:00,51.66666667,tjrtlmet,P,1.0,1.0,15.0,,18.4,<0> ,68.0,<0> ,1011.0,<0> ,3.3,<0> ,4.4,<0> ,15:58,269.0,<0> ,12.0,<0> ,958.9,<0> ,0.0,<0> 
06/04/2023 16:15,51.67708333,tjrtlmet,P,1.0,1.0,15.0,,18.4,<0> ,69.0,<0> ,1011.0,<0> ,3.0,<0> ,4.4,<0> ,16:01,270.0,<0> ,13.0,<0> ,869.0,<0> ,0.0,<0> 
06/04/2023 16:30,51.6875,tjrtlmet,P,1.0,1.0,15.0,,18.5,<0> ,68.0,<0> ,1011.0,<0> ,2.9,<0> ,4.3,<0> ,16:19,259.0,<0> ,14.0,<0> ,775.4,<0> ,0.0,<0> 
06/04/2023 16:45,51.69791667,tjrtlmet,P,1.0,1.0,15.0,,18.3,<0> ,69.0,<0> ,1011.0,<0> ,2.9,<0> ,4.1,<0> ,16:30,253.0,<0> ,13.0,<0> ,682.2,<0> ,0.0,<0> 
06/04/2023 17:00,51.70833333,tjrtlmet,P,1.0,1.0,15.0,,17.9,<0> ,71.0,<0> ,1011.0,<0> ,3.0,<0> ,4.4,<0> ,16:46,270.0,<0> ,12.0,<0> ,584.5,<0> ,0.0,<0> 
06/04/2023 17:15,51.71875,tjrtlmet,P,1.0,1.0,15.0,,17.8,<0> ,72.0,<0> ,1011.0,<0> ,2.6,<0> ,3.7,<0> ,17:08,264.0,<0> ,12.0,<0> ,485.7,<0> ,0.0,<0> 
06/04/2023 17:30,51.72916667,tjrtlmet,P,1.0,1.0,15.0,,17.4,<0> ,73.0,<0> ,1011.0,<0> ,2.8,<0> ,4.0,<0> ,17:16,268.0,<0> ,13.0,<0> ,384.9,<0> ,0.0,<0> 
06/04/2023 17:45,51.73958333,tjrtlmet,P,1.0,1.0,15.0,,17.0,<0> ,74.0,<0> ,1011.0,<0> ,2.5,<0> ,3.8,<0> ,17:33,268.0,<0> ,14.0,<0> ,249.6,<0> ,0.0,<0> 
06/04/2023 18:00,51.75,tjrtlmet,P,1.0,1.0,15.0,,16.7,<0> ,75.0,<0> ,1011.0,<0> ,2.3,<0> ,3.7,<0> ,17:51,259.0,<0> ,12.0,<0> ,137.7,<0> ,0.0,<0> 
06/04/2023 18:15,51.76041667,tjrtlmet,P,1.0,1.0,15.0,,16.5,<0> ,75.0,<0> ,1011.0,<0> ,2.1,<0> ,3.1,<0> ,18:04,266.0,<0> ,11.0,<0> ,76.2,<0> ,0.0,<0> 
06/04/2023 18:30,51.77083333,tjrtlmet,P,1.0,1.0,15.0,,16.4,<0> ,75.0,<0> ,1011.0,<0> ,1.7,<0> ,2.6,<0> ,18:21,260.0,<0> ,12.0,<0> ,32.4,<0> ,0.0,<0> 
06/04/2023 18:45,51.78125,tjrtlmet,P,1.0,1.0,15.0,,16.4,<0> ,75.0,<0> ,1012.0,<0> ,1.9,<0> ,3.0,<0> ,18:34,244.0,<0> ,15.0,<0> ,13.6,<0> ,0.0,<0> 
06/04/2023 19:00,51.79166667,tjrtlmet,P,1.0,1.0,15.0,,16.4,<0> ,74.0,<0> ,1012.0,<0> ,1.3,<0> ,2.0,<0> ,18:58,229.0,<0> ,16.0,<0> ,3.8,<0> ,0.0,<0> 
06/04/2023 19:15,51.80208333,tjrtlmet,P,1.0,1.0,15.0,,16.3,<0> ,74.0,<0> ,1012.0,<0> ,1.0,<0> ,1.6,<0> ,19:03,231.0,<0> ,15.0,<0> ,0.1,<0> ,0.0,<0> 
06/04/2023 19:30,51.8125,tjrtlmet,P,1.0,1.0,15.0,,16.3,<0> ,75.0,<0> ,1012.0,<0> ,0.8,<0> ,1.5,<0> ,19:16,202.0,<0> ,11.0,<0> ,0.0,<0> ,0.0,<0> 
06/04/2023 19:45,51.82291667,tjrtlmet,P,1.0,1.0,15.0,,16.3,<0> ,76.0,<0> ,1012.0,<0> ,0.7,<0> ,1.1,<0> ,19:38,189.0,<0> ,9.0,<0> ,0.0,<0> ,0.0,<0> 
06/04/2023 20:00,51.83333333,tjrtlmet,P,1.0,1.0,15.0,,16.3,<0> ,75.0,<0> ,1012.0,<0> ,0.7,<0> ,1.4,<0> ,19:55,178.0,<0> ,10.0,<0> ,0.0,<0> ,0.0,<0> 
06/04/2023 20:15,51.84375,tjrtlmet,P,1.0,1.0,15.0,,16.3,<0> ,75.0,<0> ,1012.0,<0> ,0.9,<0> ,1.5,<0> ,20:06,164.0,<0> ,12.0,<0> ,0.0,<0> ,0.0,<0> 
06/04/2023 20:30,51.85416667,tjrtlmet,P,1.0,1.0,15.0,,16.4,<0> ,75.0,<0> ,1012.0,<0> ,0.9,<0> ,1.3,<0> ,20:22,160.0,<0> ,11.0,<0> ,0.0,<0> ,0.0,<0> 
06/04/2023 20:45,51.86458333,tjrtlmet,P,1.0,1.0,15.0,,16.4,<0> ,74.0,<0> ,1012.0,<0> ,0.5,<0> ,1.1,<0> ,20:31,166.0,<0> ,13.0,<0> ,0.0,<0> ,0.0,<0> 
06/04/2023 21:00,51.875,tjrtlmet,P,1.0,1.0,15.0,,16.4,<0> ,74.0,<0> ,1012.0,<0> ,0.3,<0> ,0.9,<0> ,20:51,184.0,<0> ,23.0,<0> ,0.0,<0> ,0.0,<0> 
06/04/2023 21:15,51.88541667,tjrtlmet,P,1.0,1.0,15.0,,16.4,<0> ,74.0,<0> ,1012.0,<0> ,0.5,<0> ,1.0,<0> ,21:05,181.0,<0> ,12.0,<0> ,0.0,<0> ,0.0,<0> 
06/04/2023 21:30,51.89583333,tjrtlmet,P,1.0,1.0,15.0,,16.4,<0> ,75.0,<0> ,1012.0,<0> ,0.7,<0> ,1.5,<0> ,21:27,212.0,<0> ,18.0,<0> ,0.0,<0> ,0.0,<0> 
06/04/2023 21:45,51.90625,tjrtlmet,P,1.0,1.0,15.0,,16.4,<0> ,76.0,<0> ,1012.0,<0> ,1.0,<0> ,2.0,<0> ,21:39,250.0,<0> ,28.0,<0> ,0.0,<0> ,0.0,<0> 
06/04/2023 22:00,51.91666667,tjrtlmet,P,1.0,1.0,15.0,,16.3,<0> ,75.0,<0> ,1012.0,<0> ,0.7,<0> ,1.4,<0> ,21:48,192.0,<0> ,24.0,<0> ,0.0,<0> ,0.0,<0> 
06/04/2023 22:15,51.92708333,tjrtlmet,P,1.0,1.0,15.0,,16.3,<0> ,75.0,<0> ,1012.0,<0> ,0.5,<0> ,1.5,<0> ,22:01,69.0,<0> ,41.0,<0> ,0.0,<0> ,0.0,<0> 
06/04/2023 22:30,51.9375,tjrtlmet,P,1.0,1.0,15.0,,16.3,<0> ,75.0,<0> ,1012.0,<0> ,0.1,<0> ,0.5,<0> ,22:24,156.0,<0> ,45.0,<0> ,0.0,<0> ,0.0,<0> 
06/04/2023 22:45,51.94791667,tjrtlmet,P,1.0,1.0,15.0,,16.2,<0> ,76.0,<0> ,1012.0,<0> ,0.5,<0> ,1.2,<0> ,22:40,268.0,<0> ,13.0,<0> ,0.0,<0> ,0.0,<0> 
06/04/2023 23:00,51.95833333,tjrtlmet,P,1.0,1.0,15.0,,16.2,<0> ,76.0,<0> ,1012.0,<0> ,0.2,<0> ,0.8,<0> ,22:58,232.0,<0> ,30.0,<0> ,0.0,<0> ,0.0,<0> 
06/04/2023 23:15,51.96875,tjrtlmet,P,1.0,1.0,15.0,,16.2,<0> ,76.0,<0> ,1012.0,<0> ,0.1,<0> ,0.5,<0> ,23:11,233.0,<0> ,5.0,<0> ,0.0,<0> ,0.0,<0> 
06/04/2023 23:30,51.97916667,tjrtlmet,P,1.0,1.0,15.0,,16.2,<0> ,78.0,<0> ,1012.0,<0> ,0.4,<0> ,1.0,<0> ,23:28,234.0,<0> ,10.0,<0> ,0.0,<0> ,0.0,<0> 
06/04/2023 23:45,51.98958333,tjrtlmet,P,1.0,1.0,15.0,,16.1,<0> ,79.0,<0> ,1012.0,<0> ,0.5,<0> ,0.9,<0> ,23:31,245.0,<0> ,10.0,<0> ,0.0,<0> ,0.0,<0> 
06/05/2023 00:00,52.0,tjrtlmet,P,1.0,1.0,15.0,,16.1,<0> ,79.0,<0> ,1012.0,<0> ,0.3,<0> ,0.9,<0> ,23:57,236.0,<0> ,1.0,<0> ,0.0,<0> ,0.0,<0> 
06/05/2023 00:15,52.01041667,tjrtlmet,P,1.0,1.0,15.0,,16.1,<0> ,81.0,<0> ,1011.0,<0> ,0.7,<0> ,1.6,<0> ,00:11,224.0,<0> ,20.0,<0> ,0.0,<0> ,0.0,<0> 
06/05/2023 00:30,52.02083333,tjrtlmet,P,1.0,1.0,15.0,,15.9,<0> ,83.0,<0> ,1011.0,<0> ,1.1,<0> ,1.8,<0> ,00:21,210.0,<0> ,13.0,<0> ,0.0,<0> ,0.0,<0> 
06/05/2023 00:45,52.03125,tjrtlmet,P,1.0,1.0,15.0,,15.8,<0> ,83.0,<0> ,1011.0,<0> ,1.2,<0> ,2.1,<0> ,00:33,206.0,<0> ,17.0,<0> ,0.0,<0> ,0.0,<0> 
06/05/2023 01:00,52.04166667,tjrtlmet,P,1.0,1.0,15.0,,15.8,<0> ,83.0,<0> ,1011.0,<0> ,0.7,<0> ,1.5,<0> ,00:46,213.0,<0> ,7.0,<0> ,0.0,<0> ,0.0,<0> 
06/05/2023 01:15,52.05208333,tjrtlmet,P,1.0,1.0,15.0,,15.8,<0> ,83.0,<0> ,1011.0,<0> ,0.8,<0> ,2.0,<0> ,01:10,217.0,<0> ,11.0,<0> ,0.0,<0> ,0.0,<0> 
06/05/2023 01:30,52.0625,tjrtlmet,P,1.0,1.0,15.0,,15.8,<0> ,83.0,<0> ,1011.0,<0> ,1.1,<0> ,1.8,<0> ,01:26,235.0,<0> ,14.0,<0> ,0.0,<0> ,0.0,<0> 
06/05/2023 01:45,52.07291667,tjrtlmet,P,1.0,1.0,15.0,,15.7,<0> ,83.0,<0> ,1011.0,<0> ,0.9,<0> ,1.5,<0> ,01:32,257.0,<0> ,7.0,<0> ,0.0,<0> ,0.0,<0> 
06/05/2023 02:00,52.08333333,tjrtlmet,P,1.0,1.0,15.0,,15.8,<0> ,83.0,<0> ,1011.0,<0> ,0.4,<0> ,1.3,<0> ,01:59,258.0,<0> ,21.0,<0> ,0.0,<0> ,0.0,<0> 
06/05/2023 02:15,52.09375,tjrtlmet,P,1.0,1.0,15.0,,15.8,<0> ,84.0,<0> ,1011.0,<0> ,0.7,<0> ,1.1,<0> ,02:12,231.0,<0> ,8.0,<0> ,0.0,<0> ,0.0,<0> 
06/05/2023 02:30,52.10416667,tjrtlmet,P,1.0,1.0,15.0,,15.8,<0> ,84.0,<0> ,1011.0,<0> ,0.8,<0> ,1.5,<0> ,02:28,243.0,<0> ,13.0,<0> ,0.0,<0> ,0.0,<0> 
06/05/2023 02:45,52.11458333,tjrtlmet,P,1.0,1.0,15.0,,15.7,<0> ,83.0,<0> ,1011.0,<0> ,0.7,<0> ,1.2,<0> ,02:42,237.0,<0> ,14.0,<0> ,0.0,<0> ,0.0,<0> 
06/05/2023 03:00,52.125,tjrtlmet,P,1.0,1.0,15.0,,15.7,<0> ,83.0,<0> ,1011.0,<0> ,0.8,<0> ,1.3,<0> ,02:45,236.0,<0> ,14.0,<0> ,0.0,<0> ,0.0,<0> 
06/05/2023 03:15,52.13541667,tjrtlmet,P,1.0,1.0,15.0,,15.7,<0> ,83.0,<0> ,1011.0,<0> ,0.9,<0> ,1.8,<0> ,03:10,226.0,<0> ,19.0,<0> ,0.0,<0> ,0.0,<0> 
06/05/2023 03:30,52.14583333,tjrtlmet,P,1.0,1.0,15.0,,15.6,<0> ,84.0,<0> ,1011.0,<0> ,0.8,<0> ,1.6,<0> ,03:20,207.0,<0> ,21.0,<0> ,0.0,<0> ,0.0,<0> 
06/05/2023 03:45,52.15625,tjrtlmet,P,1.0,1.0,15.0,,15.5,<0> ,85.0,<0> ,1011.0,<0> ,1.4,<0> ,2.5,<0> ,03:32,243.0,<0> ,13.0,<0> ,0.0,<0> ,0.0,<0> 
06/05/2023 04:00,52.16666667,tjrtlmet,P,1.0,1.0,15.0,,15.5,<0> ,85.0,<0> ,1011.0,<0> ,0.7,<0> ,1.4,<0> ,03:52,231.0,<0> ,15.0,<0> ,0.0,<0> ,0.0,<0> 
06/05/2023 04:15,52.17708333,tjrtlmet,P,1.0,1.0,15.0,,15.4,<0> ,85.0,<0> ,1011.0,<0> ,1.0,<0> ,1.7,<0> ,04:14,245.0,<0> ,16.0,<0> ,0.0,<0> ,0.0,<0> 
06/05/2023 04:30,52.1875,tjrtlmet,P,1.0,1.0,15.0,,15.5,<0> ,85.0,<0> ,1011.0,<0> ,1.1,<0> ,2.0,<0> ,04:21,274.0,<0> ,18.0,<0> ,0.0,<0> ,0.0,<0> 
06/05/2023 04:45,52.19791667,tjrtlmet,P,1.0,1.0,15.0,,15.4,<0> ,86.0,<0> ,1011.0,<0> ,1.0,<0> ,1.6,<0> ,04:40,285.0,<0> ,9.0,<0> ,1.5,<0> ,0.0,<0> 
06/05/2023 05:00,52.20833333,tjrtlmet,P,1.0,1.0,15.0,,15.3,<0> ,86.0,<0> ,1011.0,<0> ,0.9,<0> ,1.5,<0> ,04:48,277.0,<0> ,9.0,<0> ,5.8,<0> ,0.0,<0> 
06/05/2023 05:15,52.21875,tjrtlmet,P,1.0,1.0,15.0,,15.4,<0> ,87.0,<0> ,1011.0,<0> ,0.4,<0> ,0.8,<0> ,05:14,276.0,<0> ,14.0,<0> ,17.1,<0> ,0.0,<0> 
06/05/2023 05:30,52.22916667,tjrtlmet,P,1.0,1.0,15.0,,15.4,<0> ,86.0,<0> ,1011.0,<0> ,0.2,<0> ,0.8,<0> ,05:15,291.0,<0> ,9.0,<0> ,37.3,<0> ,0.0,<0> 
06/05/2023 05:45,52.23958333,tjrtlmet,P,1.0,1.0,15.0,,15.5,<0> ,86.0,<0> ,1011.0,<0> ,0.0,<0> ,0.0,<0> ,05:30,0.0,<0> ,0.0,<0> ,69.2,<0> ,0.0,<0> 
06/05/2023 06:00,52.25,tjrtlmet,P,1.0,1.0,15.0,,15.7,<0> ,85.0,<0> ,1011.0,<0> ,0.1,<0> ,0.5,<0> ,05:56,300.0,<0> ,0.0,<0> ,105.8,<0> ,0.0,<0> 
06/05/2023 06:15,52.26041667,tjrtlmet,P,1.0,1.0,15.0,,15.9,<0> ,84.0,<0> ,1011.0,<0> ,1.1,<0> ,1.9,<0> ,06:05,255.0,<0> ,14.0,<0> ,143.1,<0> ,0.0,<0> 
06/05/2023 06:30,52.27083333,tjrtlmet,P,1.0,1.0,15.0,,15.9,<0> ,81.0,<0> ,1011.0,<0> ,1.7,<0> ,2.5,<0> ,06:21,241.0,<0> ,11.0,<0> ,174.9,<0> ,0.0,<0> 
06/05/2023 06:45,52.28125,tjrtlmet,P,1.0,1.0,15.0,,16.0,<0> ,79.0,<0> ,1011.0,<0> ,1.9,<0> ,3.0,<0> ,06:41,254.0,<0> ,12.0,<0> ,217.2,<0> ,0.0,<0> 
06/05/2023 07:00,52.29166667,tjrtlmet,P,1.0,1.0,15.0,,16.0,<0> ,79.0,<0> ,1011.0,<0> ,2.2,<0> ,3.4,<0> ,06:58,244.0,<0> ,12.0,<0> ,183.1,<0> ,0.0,<0> 
06/05/2023 07:15,52.30208333,tjrtlmet,P,1.0,1.0,15.0,,15.9,<0> ,78.0,<0> ,1011.0,<0> ,2.4,<0> ,3.9,<0> ,07:09,241.0,<0> ,13.0,<0> ,199.4,<0> ,0.0,<0> 
06/05/2023 07:30,52.3125,tjrtlmet,P,1.0,1.0,15.0,,16.1,<0> ,78.0,<0> ,1011.0,<0> ,2.5,<0> ,3.9,<0> ,07:24,241.0,<0> ,11.0,<0> ,304.2,<0> ,0.0,<0> 
06/05/2023 07:45,52.32291667,tjrtlmet,P,1.0,1.0,15.0,,16.4,<0> ,76.0,<0> ,1011.0,<0> ,2.2,<0> ,3.5,<0> ,07:31,237.0,<0> ,16.0,<0> ,427.7,<0> ,0.0,<0> 
06/05/2023 08:00,52.33333333,tjrtlmet,P,1.0,1.0,15.0,,16.8,<0> ,74.0,<0> ,1012.0,<0> ,2.3,<0> ,3.4,<0> ,07:47,240.0,<0> ,15.0,<0> ,502.8,<0> ,0.0,<0> 
06/05/2023 08:15,52.34375,tjrtlmet,P,1.0,1.0,15.0,,16.9,<0> ,74.0,<0> ,1012.0,<0> ,2.3,<0> ,3.9,<0> ,08:11,237.0,<0> ,17.0,<0> ,537.5,<0> ,0.0,<0> 
06/05/2023 08:30,52.35416667,tjrtlmet,P,1.0,1.0,15.0,,16.9,<0> ,73.0,<0> ,1012.0,<0> ,2.4,<0> ,3.4,<0> ,08:16,226.0,<0> ,16.0,<0> ,661.9,<0> ,0.0,<0> 
06/05/2023 08:45,52.36458333,tjrtlmet,P,1.0,1.0,15.0,,17.2,<0> ,72.0,<0> ,1012.0,<0> ,2.6,<0> ,4.3,<0> ,08:44,230.0,<0> ,14.0,<0> ,755.8,<0> ,0.0,<0> 
06/05/2023 09:00,52.375,tjrtlmet,P,1.0,1.0,15.0,,17.0,<0> ,73.0,<0> ,1012.0,<0> ,3.2,<0> ,5.0,<0> ,08:53,224.0,<0> ,13.0,<0> ,644.2,<0> ,0.0,<0> 
06/05/2023 09:15,52.38541667,tjrtlmet,P,1.0,1.0,15.0,,17.0,<0> ,73.0,<0> ,1012.0,<0> ,3.2,<0> ,5.4,<0> ,09:12,224.0,<0> ,17.0,<0> ,689.8,<0> ,0.0,<0> 
06/05/2023 09:30,52.39583333,tjrtlmet,P,1.0,1.0,15.0,,17.2,<0> ,71.0,<0> ,1012.0,<0> ,3.4,<0> ,5.2,<0> ,09:18,234.0,<0> ,15.0,<0> ,888.6,<0> ,0.0,<0> 
06/05/2023 09:45,52.40625,tjrtlmet,P,1.0,1.0,15.0,,17.1,<0> ,71.0,<0> ,1012.0,<0> ,3.7,<0> ,5.2,<0> ,09:41,251.0,<0> ,15.0,<0> ,772.1,<0> ,0.0,<0> 
06/05/2023 10:00,52.41666667,tjrtlmet,P,1.0,1.0,15.0,,16.6,<0> ,73.0,<0> ,1013.0,<0> ,3.4,<0> ,5.0,<0> ,09:52,255.0,<0> ,12.0,<0> ,512.7,<0> ,0.0,<0> 
06/05/2023 10:15,52.42708333,tjrtlmet,P,1.0,1.0,15.0,,16.2,<0> ,73.0,<0> ,1013.0,<0> ,3.6,<0> ,5.4,<0> ,10:10,255.0,<0> ,11.0,<0> ,468.7,<0> ,0.0,<0> 
06/05/2023 10:30,52.4375,tjrtlmet,P,1.0,1.0,15.0,,16.0,<0> ,73.0,<0> ,1013.0,<0> ,3.7,<0> ,5.5,<0> ,10:29,254.0,<0> ,12.0,<0> ,426.9,<0> ,0.0,<0> 
06/05/2023 10:45,52.44791667,tjrtlmet,P,1.0,1.0,15.0,,16.1,<0> ,73.0,<0> ,1013.0,<0> ,3.5,<0> ,5.0,<0> ,10:34,253.0,<0> ,15.0,<0> ,485.5,<0> ,0.0,<0> 
06/05/2023 11:00,52.45833333,tjrtlmet,P,1.0,1.0,15.0,,16.5,<0> ,71.0,<0> ,1013.0,<0> ,3.9,<0> ,5.8,<0> ,10:46,242.0,<0> ,13.0,<0> ,922.2,<0> ,0.0,<0> 
06/05/2023 11:15,52.46875,tjrtlmet,P,1.0,1.0,15.0,,17.0,<0> ,69.0,<0> ,1013.0,<0> ,3.3,<0> ,6.2,<0> ,11:00,241.0,<0> ,14.0,<0> ,922.6,<0> ,0.0,<0> 
06/05/2023 11:30,52.47916667,tjrtlmet,P,1.0,1.0,15.0,,17.0,<0> ,69.0,<0> ,1013.0,<0> ,3.2,<0> ,4.7,<0> ,11:16,244.0,<0> ,15.0,<0> ,674.3,<0> ,0.0,<0> 
06/05/2023 11:45,52.48958333,tjrtlmet,P,1.0,1.0,15.0,,16.4,<0> ,70.0,<0> ,1013.0,<0> ,3.3,<0> ,4.9,<0> ,11:39,239.0,<0> ,15.0,<0> ,423.9,<0> ,0.0,<0> 
06/05/2023 12:00,52.5,tjrtlmet,P,1.0,1.0,15.0,,16.3,<0> ,71.0,<0> ,1013.0,<0> ,2.8,<0> ,4.3,<0> ,11:57,236.0,<0> ,16.0,<0> ,475.3,<0> ,0.0,<0> 
06/05/2023 12:15,52.51041667,tjrtlmet,P,1.0,1.0,15.0,,17.1,<0> ,69.0,<0> ,1013.0,<0> ,2.9,<0> ,4.2,<0> ,12:08,231.0,<0> ,15.0,<0> ,1025.4,<0> ,0.0,<0> 
06/05/2023 12:30,52.52083333,tjrtlmet,P,1.0,1.0,15.0,,18.0,<0> ,67.0,<0> ,1013.0,<0> ,2.8,<0> ,4.3,<0> ,12:25,237.0,<0> ,18.0,<0> ,1355.1,<0> ,0.0,<0> 
06/05/2023 12:45,52.53125,tjrtlmet,P,1.0,1.0,15.0,,17.8,<0> ,65.0,<0> ,1013.0,<0> ,2.5,<0> ,3.8,<0> ,12:30,225.0,<0> ,17.0,<0> ,1503.8,<0> ,0.0,<0> 
06/05/2023 13:00,52.54166667,tjrtlmet,P,1.0,1.0,15.0,,17.6,<0> ,67.0,<0> ,1013.0,<0> ,2.5,<0> ,3.7,<0> ,12:54,252.0,<0> ,17.0,<0> ,1138.7,<0> ,0.0,<0> 
06/05/2023 13:15,52.55208333,tjrtlmet,P,1.0,1.0,15.0,,17.3,<0> ,67.0,<0> ,1013.0,<0> ,2.8,<0> ,4.0,<0> ,13:10,253.0,<0> ,16.0,<0> ,802.6,<0> ,0.0,<0> 
06/05/2023 13:30,52.5625,tjrtlmet,P,1.0,1.0,15.0,,17.1,<0> ,68.0,<0> ,1013.0,<0> ,2.8,<0> ,3.9,<0> ,13:24,247.0,<0> ,17.0,<0> ,850.5,<0> ,0.0,<0> 
06/05/2023 13:45,52.57291667,tjrtlmet,P,1.0,1.0,15.0,,17.4,<0> ,67.0,<0> ,1013.0,<0> ,2.8,<0> ,4.1,<0> ,13:31,242.0,<0> ,12.0,<0> ,824.5,<0> ,0.0,<0> 
06/05/2023 14:00,52.58333333,tjrtlmet,P,1.0,1.0,15.0,,17.5,<0> ,67.0,<0> ,1013.0,<0> ,2.8,<0> ,3.9,<0> ,13:51,238.0,<0> ,15.0,<0> ,875.6,<0> ,0.0,<0> 
06/05/2023 14:15,52.59375,tjrtlmet,P,1.0,1.0,15.0,,17.6,<0> ,67.0,<0> ,1013.0,<0> ,2.9,<0> ,4.5,<0> ,14:07,243.0,<0> ,16.0,<0> ,924.6,<0> ,0.0,<0> 
06/05/2023 14:30,52.60416667,tjrtlmet,P,1.0,1.0,15.0,,17.8,<0> ,67.0,<0> ,1012.0,<0> ,3.2,<0> ,5.1,<0> ,14:29,251.0,<0> ,15.0,<0> ,919.0,<0> ,0.0,<0> 
06/05/2023 14:45,52.61458333,tjrtlmet,P,1.0,1.0,15.0,,17.6,<0> ,69.0,<0> ,1012.0,<0> ,3.6,<0> ,5.0,<0> ,14:41,255.0,<0> ,13.0,<0> ,922.8,<0> ,0.0,<0> 
06/05/2023 15:00,52.625,tjrtlmet,P,1.0,1.0,15.0,,17.6,<0> ,69.0,<0> ,1012.0,<0> ,3.8,<0> ,5.3,<0> ,14:56,256.0,<0> ,12.0,<0> ,1040.1,<0> ,0.0,<0> 
06/05/2023 15:15,52.63541667,tjrtlmet,P,1.0,1.0,15.0,,17.5,<0> ,68.0,<0> ,1012.0,<0> ,3.6,<0> ,5.1,<0> ,15:14,256.0,<0> ,11.0,<0> ,890.2,<0> ,0.0,<0> 
06/05/2023 15:30,52.64583333,tjrtlmet,P,1.0,1.0,15.0,,17.6,<0> ,67.0,<0> ,1012.0,<0> ,3.2,<0> ,4.8,<0> ,15:24,245.0,<0> ,16.0,<0> ,1049.3,<0> ,0.0,<0> 
06/05/2023 15:45,52.65625,tjrtlmet,P,1.0,1.0,15.0,,17.7,<0> ,67.0,<0> ,1012.0,<0> ,3.3,<0> ,4.6,<0> ,15:38,251.0,<0> ,15.0,<0> ,1040.5,<0> ,0.0,<0> 
06/05/2023 16:00,52.66666667,tjrtlmet,P,1.0,1.0,15.0,,17.8,<0> ,66.0,<0> ,1012.0,<0> ,3.1,<0> ,4.6,<0> ,15:54,245.0,<0> ,18.0,<0> ,953.9,<0> ,0.0,<0> 
06/05/2023 16:15,52.67708333,tjrtlmet,P,1.0,1.0,15.0,,17.6,<0> ,65.0,<0> ,1011.0,<0> ,3.1,<0> ,4.6,<0> ,16:02,231.0,<0> ,14.0,<0> ,876.4,<0> ,0.0,<0> 
06/05/2023 16:30,52.6875,tjrtlmet,P,1.0,1.0,15.0,,17.5,<0> ,65.0,<0> ,1011.0,<0> ,2.9,<0> ,4.1,<0> ,16:28,229.0,<0> ,15.0,<0> ,774.0,<0> ,0.0,<0> 
06/05/2023 16:45,52.69791667,tjrtlmet,P,1.0,1.0,15.0,,17.5,<0> ,66.0,<0> ,1011.0,<0> ,2.8,<0> ,4.1,<0> ,16:44,243.0,<0> ,15.0,<0> ,756.9,<0> ,0.0,<0> 
06/05/2023 17:00,52.70833333,tjrtlmet,P,1.0,1.0,15.0,,16.9,<0> ,66.0,<0> ,1011.0,<0> ,2.9,<0> ,4.2,<0> ,16:53,240.0,<0> ,12.0,<0> ,445.6,<0> ,0.0,<0> 
06/05/2023 17:15,52.71875,tjrtlmet,P,1.0,1.0,15.0,,16.6,<0> ,68.0,<0> ,1011.0,<0> ,2.9,<0> ,4.4,<0> ,17:06,241.0,<0> ,12.0,<0> ,300.8,<0> ,0.0,<0> 
06/05/2023 17:30,52.72916667,tjrtlmet,P,1.0,1.0,15.0,,16.2,<0> ,69.0,<0> ,1011.0,<0> ,2.7,<0> ,4.0,<0> ,17:16,243.0,<0> ,13.0,<0> ,189.5,<0> ,0.0,<0> 
06/05/2023 17:45,52.73958333,tjrtlmet,P,1.0,1.0,15.0,,16.1,<0> ,70.0,<0> ,1011.0,<0> ,2.5,<0> ,3.8,<0> ,17:44,246.0,<0> ,14.0,<0> ,113.5,<0> ,0.0,<0> 
06/05/2023 18:00,52.75,tjrtlmet,P,1.0,1.0,15.0,,15.9,<0> ,70.0,<0> ,1011.0,<0> ,2.3,<0> ,3.7,<0> ,17:55,237.0,<0> ,12.0,<0> ,72.7,<0> ,0.0,<0> 
06/05/2023 18:15,52.76041667,tjrtlmet,P,1.0,1.0,15.0,,15.9,<0> ,70.0,<0> ,1011.0,<0> ,2.2,<0> ,3.6,<0> ,18:04,238.0,<0> ,13.0,<0> ,50.4,<0> ,0.0,<0> 
06/05/2023 18:30,52.77083333,tjrtlmet,P,1.0,1.0,15.0,,15.8,<0> ,70.0,<0> ,1011.0,<0> ,2.3,<0> ,3.7,<0> ,18:25,234.0,<0> ,12.0,<0> ,28.2,<0> ,0.0,<0> 
06/05/2023 18:45,52.78125,tjrtlmet,P,1.0,1.0,15.0,,15.7,<0> ,70.0,<0> ,1012.0,<0> ,2.4,<0> ,3.9,<0> ,18:34,230.0,<0> ,13.0,<0> ,12.2,<0> ,0.0,<0> 
06/05/2023 19:00,52.79166667,tjrtlmet,P,1.0,1.0,15.0,,15.7,<0> ,70.0,<0> ,1012.0,<0> ,2.2,<0> ,3.5,<0> ,18:54,223.0,<0> ,12.0,<0> ,3.3,<0> ,0.0,<0> 
06/05/2023 19:15,52.80208333,tjrtlmet,P,1.0,1.0,15.0,,15.6,<0> ,69.0,<0> ,1012.0,<0> ,2.4,<0> ,4.2,<0> ,19:06,223.0,<0> ,16.0,<0> ,0.1,<0> ,0.0,<0> 
06/05/2023 19:30,52.8125,tjrtlmet,P,1.0,1.0,15.0,,15.6,<0> ,69.0,<0> ,1012.0,<0> ,2.4,<0> ,3.6,<0> ,19:27,217.0,<0> ,14.0,<0> ,0.0,<0> ,0.0,<0> 
06/05/2023 19:45,52.82291667,tjrtlmet,P,1.0,1.0,15.0,,15.6,<0> ,68.0,<0> ,1012.0,<0> ,2.3,<0> ,3.7,<0> ,19:35,212.0,<0> ,15.0,<0> ,0.0,<0> ,0.0,<0> 
06/05/2023 20:00,52.83333333,tjrtlmet,P,1.0,1.0,15.0,,15.5,<0> ,69.0,<0> ,1012.0,<0> ,2.1,<0> ,3.3,<0> ,19:47,204.0,<0> ,12.0,<0> ,0.0,<0> ,0.0,<0> 
06/05/2023 20:15,52.84375,tjrtlmet,P,1.0,1.0,15.0,,15.5,<0> ,69.0,<0> ,1012.0,<0> ,2.0,<0> ,4.1,<0> ,20:14,212.0,<0> ,16.0,<0> ,0.0,<0> ,0.0,<0> 
06/05/2023 20:30,52.85416667,tjrtlmet,P,1.0,1.0,15.0,,15.5,<0> ,69.0,<0> ,1012.0,<0> ,3.1,<0> ,5.4,<0> ,20:23,206.0,<0> ,14.0,<0> ,0.0,<0> ,0.0,<0> 
06/05/2023 20:45,52.86458333,tjrtlmet,P,1.0,1.0,15.0,,15.3,<0> ,69.0,<0> ,1013.0,<0> ,2.6,<0> ,4.4,<0> ,20:30,195.0,<0> ,13.0,<0> ,0.0,<0> ,0.0,<0> 
06/05/2023 21:00,52.875,tjrtlmet,P,1.0,1.0,15.0,,15.4,<0> ,70.0,<0> ,1013.0,<0> ,1.9,<0> ,3.1,<0> ,20:46,192.0,<0> ,15.0,<0> ,0.0,<0> ,0.0,<0> 
06/05/2023 21:15,52.88541667,tjrtlmet,P,1.0,1.0,15.0,,15.5,<0> ,70.0,<0> ,1013.0,<0> ,2.2,<0> ,3.5,<0> ,21:04,224.0,<0> ,13.0,<0> ,0.0,<0> ,0.0,<0> 
06/05/2023 21:30,52.89583333,tjrtlmet,P,1.0,1.0,15.0,,15.5,<0> ,70.0,<0> ,1013.0,<0> ,2.1,<0> ,3.4,<0> ,21:20,226.0,<0> ,12.0,<0> ,0.0,<0> ,0.0,<0> 
06/05/2023 21:45,52.90625,tjrtlmet,P,1.0,1.0,15.0,,15.5,<0> ,70.0,<0> ,1013.0,<0> ,1.8,<0> ,2.9,<0> ,21:39,221.0,<0> ,13.0,<0> ,0.0,<0> ,0.0,<0> 
06/05/2023 22:00,52.91666667,tjrtlmet,P,1.0,1.0,15.0,,15.5,<0> ,70.0,<0> ,1013.0,<0> ,1.8,<0> ,2.8,<0> ,21:48,214.0,<0> ,13.0,<0> ,0.0,<0> ,0.0,<0> 
06/05/2023 22:15,52.92708333,tjrtlmet,P,1.0,1.0,15.0,,15.5,<0> ,69.0,<0> ,1013.0,<0> ,1.6,<0> ,2.8,<0> ,22:09,191.0,<0> ,16.0,<0> ,0.0,<0> ,0.0,<0> 
06/05/2023 22:30,52.9375,tjrtlmet,P,1.0,1.0,15.0,,15.4,<0> ,69.0,<0> ,1013.0,<0> ,1.5,<0> ,2.6,<0> ,22:27,189.0,<0> ,15.0,<0> ,0.0,<0> ,0.0,<0> 
06/05/2023 22:45,52.94791667,tjrtlmet,P,1.0,1.0,15.0,,15.4,<0> ,69.0,<0> ,1013.0,<0> ,1.8,<0> ,2.7,<0> ,22:39,184.0,<0> ,13.0,<0> ,0.0,<0> ,0.0,<0> 
06/05/2023 23:00,52.95833333,tjrtlmet,P,1.0,1.0,15.0,,15.5,<0> ,70.0,<0> ,1013.0,<0> ,2.0,<0> ,3.0,<0> ,22:54,194.0,<0> ,10.0,<0> ,0.0,<0> ,0.0,<0> 
06/05/2023 23:15,52.96875,tjrtlmet,P,1.0,1.0,15.0,,15.4,<0> ,70.0,<0> ,1012.0,<0> ,1.8,<0> ,2.9,<0> ,23:02,191.0,<0> ,11.0,<0> ,0.0,<0> ,0.0,<0> 
06/05/2023 23:30,52.97916667,tjrtlmet,P,1.0,1.0,15.0,,15.3,<0> ,71.0,<0> ,1012.0,<0> ,1.6,<0> ,2.6,<0> ,23:22,195.0,<0> ,10.0,<0> ,0.0,<0> ,0.0,<0> 
06/05/2023 23:45,52.98958333,tjrtlmet,P,1.0,1.0,15.0,,15.3,<0> ,72.0,<0> ,1012.0,<0> ,1.6,<0> ,2.4,<0> ,23:37,200.0,<0> ,10.0,<0> ,0.0,<0> ,0.0,<0> 
06/06/2023 00:00,53.0,tjrtlmet,P,1.0,1.0,15.0,,15.3,<0> ,72.0,<0> ,1012.0,<0> ,1.6,<0> ,2.5,<0> ,23:50,206.0,<0> ,11.0,<0> ,0.0,<0> ,0.0,<0> 
06/06/2023 00:15,53.01041667,tjrtlmet,P,1.0,1.0,15.0,,15.1,<0> ,73.0,<0> ,1012.0,<0> ,1.3,<0> ,2.2,<0> ,00:02,206.0,<0> ,9.0,<0> ,0.0,<0> ,0.0,<0> 
06/06/2023 00:30,53.02083333,tjrtlmet,P,1.0,1.0,15.0,,15.0,<0> ,73.0,<0> ,1012.0,<0> ,1.4,<0> ,2.3,<0> ,00:21,207.0,<0> ,10.0,<0> ,0.0,<0> ,0.0,<0> 
06/06/2023 00:45,53.03125,tjrtlmet,P,1.0,1.0,15.0,,14.9,<0> ,74.0,<0> ,1012.0,<0> ,1.0,<0> ,1.7,<0> ,00:32,192.0,<0> ,11.0,<0> ,0.0,<0> ,0.0,<0> 
06/06/2023 01:00,53.04166667,tjrtlmet,P,1.0,1.0,15.0,,14.7,<0> ,76.0,<0> ,1012.0,<0> ,0.9,<0> ,1.4,<0> ,00:46,195.0,<0> ,8.0,<0> ,0.0,<0> ,0.0,<0> 
06/06/2023 01:15,53.05208333,tjrtlmet,P,1.0,1.0,15.0,,14.5,<0> ,77.0,<0> ,1012.0,<0> ,0.9,<0> ,1.4,<0> ,01:06,189.0,<0> ,9.0,<0> ,0.0,<0> ,0.0,<0> 
06/06/2023 01:30,53.0625,tjrtlmet,P,1.0,1.0,15.0,,14.3,<0> ,78.0,<0> ,1012.0,<0> ,1.0,<0> ,1.5,<0> ,01:18,195.0,<0> ,8.0,<0> ,0.0,<0> ,0.0,<0> 
06/06/2023 01:45,53.07291667,tjrtlmet,P,1.0,1.0,15.0,,14.0,<0> ,79.0,<0> ,1011.0,<0> ,1.0,<0> ,1.4,<0> ,01:43,204.0,<0> ,9.0,<0> ,0.0,<0> ,0.0,<0> 
06/06/2023 02:00,53.08333333,tjrtlmet,P,1.0,1.0,15.0,,14.2,<0> ,79.0,<0> ,1011.0,<0> ,1.0,<0> ,1.5,<0> ,01:45,206.0,<0> ,8.0,<0> ,0.0,<0> ,0.0,<0> 
06/06/2023 02:15,53.09375,tjrtlmet,P,1.0,1.0,15.0,,14.2,<0> ,79.0,<0> ,1011.0,<0> ,1.0,<0> ,1.6,<0> ,02:04,201.0,<0> ,10.0,<0> ,0.0,<0> ,0.0,<0> 
06/06/2023 02:30,53.10416667,tjrtlmet,P,1.0,1.0,15.0,,14.1,<0> ,78.0,<0> ,1011.0,<0> ,0.6,<0> ,1.4,<0> ,02:15,197.0,<0> ,8.0,<0> ,0.0,<0> ,0.0,<0> 
06/06/2023 02:45,53.11458333,tjrtlmet,P,1.0,1.0,15.0,,13.9,<0> ,78.0,<0> ,1011.0,<0> ,0.5,<0> ,0.8,<0> ,02:30,109.0,<0> ,39.0,<0> ,0.0,<0> ,0.0,<0> 
06/06/2023 03:00,53.125,tjrtlmet,P,1.0,1.0,15.0,,14.0,<0> ,76.0,<0> ,1011.0,<0> ,0.3,<0> ,0.9,<0> ,02:54,83.0,<0> ,13.0,<0> ,0.0,<0> ,0.0,<0> 
06/06/2023 03:15,53.13541667,tjrtlmet,P,1.0,1.0,15.0,,14.2,<0> ,75.0,<0> ,1011.0,<0> ,0.6,<0> ,1.0,<0> ,03:08,110.0,<0> ,17.0,<0> ,0.0,<0> ,0.0,<0> 
06/06/2023 03:30,53.14583333,tjrtlmet,P,1.0,1.0,15.0,,14.3,<0> ,75.0,<0> ,1011.0,<0> ,0.6,<0> ,1.0,<0> ,03:23,106.0,<0> ,16.0,<0> ,0.0,<0> ,0.0,<0> 
06/06/2023 03:45,53.15625,tjrtlmet,P,1.0,1.0,15.0,,14.6,<0> ,72.0,<0> ,1011.0,<0> ,0.5,<0> ,1.1,<0> ,03:31,52.0,<0> ,12.0,<0> ,0.0,<0> ,0.0,<0> 
06/06/2023 04:00,53.16666667,tjrtlmet,P,1.0,1.0,15.0,,14.8,<0> ,71.0,<0> ,1011.0,<0> ,0.6,<0> ,1.1,<0> ,03:54,103.0,<0> ,21.0,<0> ,0.0,<0> ,0.0,<0> 
06/06/2023 04:15,53.17708333,tjrtlmet,P,1.0,1.0,15.0,,14.5,<0> ,74.0,<0> ,1011.0,<0> ,0.4,<0> ,1.0,<0> ,04:00,133.0,<0> ,14.0,<0> ,0.0,<0> ,0.0,<0> 
06/06/2023 04:30,53.1875,tjrtlmet,P,1.0,1.0,15.0,,14.2,<0> ,77.0,<0> ,1011.0,<0> ,0.2,<0> ,0.7,<0> ,04:28,130.0,<0> ,11.0,<0> ,0.0,<0> ,0.0,<0> 
06/06/2023 04:45,53.19791667,tjrtlmet,P,1.0,1.0,15.0,,14.1,<0> ,78.0,<0> ,1011.0,<0> ,0.1,<0> ,0.4,<0> ,04:44,139.0,<0> ,4.0,<0> ,2.4,<0> ,0.0,<0> 
06/06/2023 05:00,53.20833333,tjrtlmet,P,1.0,1.0,15.0,,14.2,<0> ,77.0,<0> ,1011.0,<0> ,0.2,<0> ,0.7,<0> ,04:52,124.0,<0> ,43.0,<0> ,9.0,<0> ,0.0,<0> 
06/06/2023 05:15,53.21875,tjrtlmet,P,1.0,1.0,15.0,,14.2,<0> ,77.0,<0> ,1011.0,<0> ,0.3,<0> ,1.1,<0> ,05:12,131.0,<0> ,47.0,<0> ,19.3,<0> ,0.0,<0> 
06/06/2023 05:30,53.22916667,tjrtlmet,P,1.0,1.0,15.0,,14.4,<0> ,75.0,<0> ,1011.0,<0> ,0.3,<0> ,1.0,<0> ,05:16,135.0,<0> ,63.0,<0> ,35.5,<0> ,0.0,<0> 
06/06/2023 05:45,53.23958333,tjrtlmet,P,1.0,1.0,15.0,,14.7,<0> ,75.0,<0> ,1011.0,<0> ,0.4,<0> ,0.9,<0> ,05:33,139.0,<0> ,10.0,<0> ,55.6,<0> ,0.0,<0> 
06/06/2023 06:00,53.25,tjrtlmet,P,1.0,1.0,15.0,,14.9,<0> ,73.0,<0> ,1011.0,<0> ,0.0,<0> ,0.3,<0> ,05:59,203.0,<0> ,0.0,<0> ,73.4,<0> ,0.0,<0> 
06/06/2023 06:15,53.26041667,tjrtlmet,P,1.0,1.0,15.0,,15.3,<0> ,70.0,<0> ,1012.0,<0> ,0.7,<0> ,1.6,<0> ,06:10,168.0,<0> ,16.0,<0> ,94.5,<0> ,0.0,<0> 
06/06/2023 06:30,53.27083333,tjrtlmet,P,1.0,1.0,15.0,,15.6,<0> ,66.0,<0> ,1012.0,<0> ,0.6,<0> ,1.4,<0> ,06:17,184.0,<0> ,17.0,<0> ,129.1,<0> ,0.0,<0> 
06/06/2023 06:45,53.28125,tjrtlmet,P,1.0,1.0,15.0,,15.8,<0> ,65.0,<0> ,1012.0,<0> ,0.5,<0> ,1.4,<0> ,06:41,175.0,<0> ,44.0,<0> ,149.2,<0> ,0.0,<0> 
06/06/2023 07:00,53.29166667,tjrtlmet,P,1.0,1.0,15.0,,15.9,<0> ,65.0,<0> ,1012.0,<0> ,0.6,<0> ,1.5,<0> ,07:00,175.0,<0> ,29.0,<0> ,160.1,<0> ,0.0,<0> 
06/06/2023 07:15,53.30208333,tjrtlmet,P,1.0,1.0,15.0,,16.0,<0> ,64.0,<0> ,1012.0,<0> ,1.1,<0> ,1.9,<0> ,07:00,192.0,<0> ,16.0,<0> ,220.1,<0> ,0.0,<0> 
06/06/2023 07:30,53.3125,tjrtlmet,P,1.0,1.0,15.0,,16.3,<0> ,63.0,<0> ,1012.0,<0> ,1.2,<0> ,1.9,<0> ,07:29,221.0,<0> ,17.0,<0> ,347.4,<0> ,0.0,<0> 
06/06/2023 07:45,53.32291667,tjrtlmet,P,1.0,1.0,15.0,,16.5,<0> ,61.0,<0> ,1012.0,<0> ,1.4,<0> ,2.1,<0> ,07:34,217.0,<0> ,13.0,<0> ,408.3,<0> ,0.0,<0> 
06/06/2023 08:00,53.33333333,tjrtlmet,P,1.0,1.0,15.0,,16.6,<0> ,62.0,<0> ,1012.0,<0> ,1.5,<0> ,2.4,<0> ,07:55,221.0,<0> ,17.0,<0> ,375.4,<0> ,0.0,<0> 
06/06/2023 08:15,53.34375,tjrtlmet,P,1.0,1.0,15.0,,16.6,<0> ,63.0,<0> ,1012.0,<0> ,1.5,<0> ,2.4,<0> ,08:01,241.0,<0> ,20.0,<0> ,358.2,<0> ,0.0,<0> 
06/06/2023 08:30,53.35416667,tjrtlmet,P,1.0,1.0,15.0,,16.5,<0> ,61.0,<0> ,1012.0,<0> ,1.0,<0> ,2.1,<0> ,08:17,257.0,<0> ,19.0,<0> ,410.1,<0> ,0.0,<0> 
06/06/2023 08:45,53.36458333,tjrtlmet,P,1.0,1.0,15.0,,16.8,<0> ,60.0,<0> ,1012.0,<0> ,1.4,<0> ,2.3,<0> ,08:35,253.0,<0> ,16.0,<0> ,508.0,<0> ,0.0,<0> 
06/06/2023 09:00,53.375,tjrtlmet,P,1.0,1.0,15.0,,17.0,<0> ,58.0,<0> ,1012.0,<0> ,1.0,<0> ,1.8,<0> ,08:54,244.0,<0> ,21.0,<0> ,522.1,<0> ,0.0,<0> 
06/06/2023 09:15,53.38541667,tjrtlmet,P,1.0,1.0,15.0,,17.1,<0> ,61.0,<0> ,1012.0,<0> ,1.8,<0> ,2.8,<0> ,09:13,257.0,<0> ,15.0,<0> ,601.4,<0> ,0.0,<0> 
06/06/2023 09:30,53.39583333,tjrtlmet,P,1.0,1.0,15.0,,17.1,<0> ,59.0,<0> ,1012.0,<0> ,1.8,<0> ,3.1,<0> ,09:18,265.0,<0> ,16.0,<0> ,689.6,<0> ,0.0,<0> 
06/06/2023 09:45,53.40625,tjrtlmet,P,1.0,1.0,15.0,,17.5,<0> ,58.0,<0> ,1013.0,<0> ,1.9,<0> ,2.8,<0> ,09:37,251.0,<0> ,18.0,<0> ,798.1,<0> ,0.0,<0> 
06/06/2023 10:00,53.41666667,tjrtlmet,P,1.0,1.0,15.0,,17.6,<0> ,59.0,<0> ,1013.0,<0> ,2.2,<0> ,3.3,<0> ,09:50,260.0,<0> ,17.0,<0> ,830.2,<0> ,0.0,<0> 
06/06/2023 10:15,53.42708333,tjrtlmet,P,1.0,1.0,15.0,,17.6,<0> ,59.0,<0> ,1013.0,<0> ,2.4,<0> ,3.3,<0> ,10:05,267.0,<0> ,14.0,<0> ,932.4,<0> ,0.0,<0> 
06/06/2023 10:30,53.4375,tjrtlmet,P,1.0,1.0,15.0,,18.0,<0> ,59.0,<0> ,1013.0,<0> ,2.5,<0> ,3.5,<0> ,10:26,255.0,<0> ,16.0,<0> ,1006.3,<0> ,0.0,<0> 
06/06/2023 10:45,53.44791667,tjrtlmet,P,1.0,1.0,15.0,,18.2,<0> ,58.0,<0> ,1013.0,<0> ,2.5,<0> ,3.6,<0> ,10:36,250.0,<0> ,18.0,<0> ,1112.8,<0> ,0.0,<0> 
06/06/2023 11:00,53.45833333,tjrtlmet,P,1.0,1.0,15.0,,18.5,<0> ,57.0,<0> ,1013.0,<0> ,2.4,<0> ,3.5,<0> ,10:52,241.0,<0> ,17.0,<0> ,1187.0,<0> ,0.0,<0> 
06/06/2023 11:15,53.46875,tjrtlmet,P,1.0,1.0,15.0,,18.7,<0> ,55.0,<0> ,1013.0,<0> ,2.4,<0> ,3.7,<0> ,11:11,219.0,<0> ,15.0,<0> ,1413.3,<0> ,0.0,<0> 
06/06/2023 11:30,53.47916667,tjrtlmet,P,1.0,1.0,15.0,,19.0,<0> ,55.0,<0> ,1013.0,<0> ,2.7,<0> ,4.2,<0> ,11:20,229.0,<0> ,15.0,<0> ,1832.0,<0> ,0.0,<0> 
06/06/2023 11:45,53.48958333,tjrtlmet,P,1.0,1.0,15.0,,19.2,<0> ,56.0,<0> ,1013.0,<0> ,2.9,<0> ,4.4,<0> ,11:30,234.0,<0> ,21.0,<0> ,1879.3,<0> ,0.0,<0> 
06/06/2023 12:00,53.5,tjrtlmet,P,1.0,1.0,15.0,,19.5,<0> ,56.0,<0> ,1013.0,<0> ,3.0,<0> ,4.6,<0> ,11:57,227.0,<0> ,18.0,<0> ,1846.1,<0> ,0.0,<0> 
06/06/2023 12:15,53.51041667,tjrtlmet,P,1.0,1.0,15.0,,19.7,<0> ,56.0,<0> ,1013.0,<0> ,3.2,<0> ,4.9,<0> ,12:11,245.0,<0> ,18.0,<0> ,1819.7,<0> ,0.0,<0> 
06/06/2023 12:30,53.52083333,tjrtlmet,P,1.0,1.0,15.0,,19.9,<0> ,57.0,<0> ,1013.0,<0> ,3.4,<0> ,5.2,<0> ,12:20,247.0,<0> ,15.0,<0> ,1799.0,<0> ,0.0,<0> 
06/06/2023 12:45,53.53125,tjrtlmet,P,1.0,1.0,15.0,,19.5,<0> ,59.0,<0> ,1013.0,<0> ,3.8,<0> ,5.7,<0> ,12:40,252.0,<0> ,14.0,<0> ,1775.4,<0> ,0.0,<0> 
06/06/2023 13:00,53.54166667,tjrtlmet,P,1.0,1.0,15.0,,19.8,<0> ,59.0,<0> ,1013.0,<0> ,3.5,<0> ,5.2,<0> ,12:48,256.0,<0> ,13.0,<0> ,1739.3,<0> ,0.0,<0> 
06/06/2023 13:15,53.55208333,tjrtlmet,P,1.0,1.0,15.0,,19.8,<0> ,58.0,<0> ,1013.0,<0> ,3.7,<0> ,5.1,<0> ,13:03,245.0,<0> ,17.0,<0> ,1700.2,<0> ,0.0,<0> 
06/06/2023 13:30,53.5625,tjrtlmet,P,1.0,1.0,15.0,,19.6,<0> ,59.0,<0> ,1013.0,<0> ,3.6,<0> ,5.2,<0> ,13:28,244.0,<0> ,16.0,<0> ,1659.2,<0> ,0.0,<0> 
06/06/2023 13:45,53.57291667,tjrtlmet,P,1.0,1.0,15.0,,19.7,<0> ,60.0,<0> ,1012.0,<0> ,3.6,<0> ,5.2,<0> ,13:40,247.0,<0> ,15.0,<0> ,1607.7,<0> ,0.0,<0> 
06/06/2023 14:00,53.58333333,tjrtlmet,P,1.0,1.0,15.0,,19.8,<0> ,60.0,<0> ,1012.0,<0> ,3.4,<0> ,4.8,<0> ,13:47,245.0,<0> ,16.0,<0> ,1554.9,<0> ,0.0,<0> 
06/06/2023 14:15,53.59375,tjrtlmet,P,1.0,1.0,15.0,,19.3,<0> ,60.0,<0> ,1013.0,<0> ,3.8,<0> ,5.3,<0> ,14:14,237.0,<0> ,13.0,<0> ,1490.7,<0> ,0.0,<0> 
06/06/2023 14:30,53.60416667,tjrtlmet,P,1.0,1.0,15.0,,19.3,<0> ,62.0,<0> ,1012.0,<0> ,3.8,<0> ,5.5,<0> ,14:27,245.0,<0> ,15.0,<0> ,1429.0,<0> ,0.0,<0> 
06/06/2023 14:45,53.61458333,tjrtlmet,P,1.0,1.0,15.0,,19.3,<0> ,63.0,<0> ,1012.0,<0> ,3.6,<0> ,5.7,<0> ,14:43,243.0,<0> ,15.0,<0> ,1320.1,<0> ,0.0,<0> 
06/06/2023 15:00,53.625,tjrtlmet,P,1.0,1.0,15.0,,18.8,<0> ,67.0,<0> ,1012.0,<0> ,3.9,<0> ,5.4,<0> ,14:52,248.0,<0> ,15.0,<0> ,1333.2,<0> ,0.0,<0> 
06/06/2023 15:15,53.63541667,tjrtlmet,P,1.0,1.0,15.0,,18.7,<0> ,68.0,<0> ,1012.0,<0> ,4.0,<0> ,5.4,<0> ,15:07,256.0,<0> ,12.0,<0> ,1255.7,<0> ,0.0,<0> 
06/06/2023 15:30,53.64583333,tjrtlmet,P,1.0,1.0,15.0,,18.6,<0> ,69.0,<0> ,1012.0,<0> ,3.9,<0> ,5.8,<0> ,15:23,256.0,<0> ,12.0,<0> ,1154.3,<0> ,0.0,<0> 
06/06/2023 15:45,53.65625,tjrtlmet,P,1.0,1.0,15.0,,18.8,<0> ,66.0,<0> ,1012.0,<0> ,3.5,<0> ,5.4,<0> ,15:34,240.0,<0> ,18.0,<0> ,1056.9,<0> ,0.0,<0> 
06/06/2023 16:00,53.66666667,tjrtlmet,P,1.0,1.0,15.0,,18.4,<0> ,66.0,<0> ,1012.0,<0> ,3.6,<0> ,5.1,<0> ,15:52,234.0,<0> ,17.0,<0> ,959.1,<0> ,0.0,<0> 
06/06/2023 16:15,53.67708333,tjrtlmet,P,1.0,1.0,15.0,,18.4,<0> ,66.0,<0> ,1012.0,<0> ,3.5,<0> ,5.2,<0> ,16:05,240.0,<0> ,13.0,<0> ,865.8,<0> ,0.0,<0> 
06/06/2023 16:30,53.6875,tjrtlmet,P,1.0,1.0,15.0,,18.2,<0> ,68.0,<0> ,1012.0,<0> ,3.3,<0> ,4.7,<0> ,16:23,249.0,<0> ,14.0,<0> ,768.9,<0> ,0.0,<0> 
06/06/2023 16:45,53.69791667,tjrtlmet,P,1.0,1.0,15.0,,17.9,<0> ,68.0,<0> ,1012.0,<0> ,3.5,<0> ,4.6,<0> ,16:33,255.0,<0> ,11.0,<0> ,661.9,<0> ,0.0,<0> 
06/06/2023 17:00,53.70833333,tjrtlmet,P,1.0,1.0,15.0,,17.7,<0> ,70.0,<0> ,1012.0,<0> ,3.1,<0> ,5.3,<0> ,16:56,262.0,<0> ,13.0,<0> ,548.1,<0> ,0.0,<0> 
06/06/2023 17:15,53.71875,tjrtlmet,P,1.0,1.0,15.0,,17.3,<0> ,72.0,<0> ,1012.0,<0> ,2.9,<0> ,4.4,<0> ,17:02,260.0,<0> ,15.0,<0> ,376.7,<0> ,0.0,<0> 
06/06/2023 17:30,53.72916667,tjrtlmet,P,1.0,1.0,15.0,,16.7,<0> ,73.0,<0> ,1012.0,<0> ,2.6,<0> ,3.9,<0> ,17:29,257.0,<0> ,12.0,<0> ,166.6,<0> ,0.0,<0> 
06/06/2023 17:45,53.73958333,tjrtlmet,P,1.0,1.0,15.0,,16.7,<0> ,74.0,<0> ,1012.0,<0> ,2.6,<0> ,4.4,<0> ,17:31,261.0,<0> ,14.0,<0> ,310.4,<0> ,0.0,<0> 
06/06/2023 18:00,53.75,tjrtlmet,P,1.0,1.0,15.0,,17.1,<0> ,72.0,<0> ,1012.0,<0> ,2.7,<0> ,3.8,<0> ,17:53,265.0,<0> ,14.0,<0> ,344.0,<0> ,0.0,<0> 
06/06/2023 18:15,53.76041667,tjrtlmet,P,1.0,1.0,15.0,,16.8,<0> ,73.0,<0> ,1012.0,<0> ,2.1,<0> ,3.3,<0> ,18:02,269.0,<0> ,13.0,<0> ,182.3,<0> ,0.0,<0> 
06/06/2023 18:30,53.77083333,tjrtlmet,P,1.0,1.0,15.0,,16.2,<0> ,75.0,<0> ,1012.0,<0> ,1.9,<0> ,3.1,<0> ,18:16,276.0,<0> ,11.0,<0> ,70.7,<0> ,0.0,<0> 
06/06/2023 18:45,53.78125,tjrtlmet,P,1.0,1.0,15.0,,15.8,<0> ,76.0,<0> ,1012.0,<0> ,1.3,<0> ,2.4,<0> ,18:30,269.0,<0> ,11.0,<0> ,28.9,<0> ,0.0,<0> 
06/06/2023 19:00,53.79166667,tjrtlmet,P,1.0,1.0,15.0,,15.4,<0> ,77.0,<0> ,1012.0,<0> ,0.9,<0> ,1.8,<0> ,18:54,254.0,<0> ,14.0,<0> ,8.5,<0> ,0.0,<0> 
06/06/2023 19:15,53.80208333,tjrtlmet,P,1.0,1.0,15.0,,15.0,<0> ,78.0,<0> ,1012.0,<0> ,0.9,<0> ,1.5,<0> ,19:11,251.0,<0> ,12.0,<0> ,0.9,<0> ,0.0,<0> 
06/06/2023 19:30,53.8125,tjrtlmet,P,1.0,1.0,15.0,,14.8,<0> ,80.0,<0> ,1012.0,<0> ,0.8,<0> ,1.4,<0> ,19:16,221.0,<0> ,11.0,<0> ,0.0,<0> ,0.0,<0> 
06/06/2023 19:45,53.82291667,tjrtlmet,P,1.0,1.0,15.0,,14.7,<0> ,81.0,<0> ,1012.0,<0> ,1.1,<0> ,1.5,<0> ,19:39,256.0,<0> ,5.0,<0> ,0.0,<0> ,0.0,<0> 
06/06/2023 20:00,53.83333333,tjrtlmet,P,1.0,1.0,15.0,,14.9,<0> ,81.0,<0> ,1012.0,<0> ,1.0,<0> ,1.7,<0> ,19:47,235.0,<0> ,16.0,<0> ,0.0,<0> ,0.0,<0> 
06/06/2023 20:15,53.84375,tjrtlmet,P,1.0,1.0,15.0,,15.0,<0> ,81.0,<0> ,1013.0,<0> ,1.1,<0> ,2.0,<0> ,20:15,247.0,<0> ,9.0,<0> ,0.0,<0> ,0.0,<0> 
06/06/2023 20:30,53.85416667,tjrtlmet,P,1.0,1.0,15.0,,15.3,<0> ,79.0,<0> ,1013.0,<0> ,1.4,<0> ,2.3,<0> ,20:16,255.0,<0> ,9.0,<0> ,0.0,<0> ,0.0,<0> 
06/06/2023 20:45,53.86458333,tjrtlmet,P,1.0,1.0,15.0,,15.5,<0> ,79.0,<0> ,1013.0,<0> ,1.3,<0> ,2.1,<0> ,20:31,258.0,<0> ,9.0,<0> ,0.0,<0> ,0.0,<0> 
06/06/2023 21:00,53.875,tjrtlmet,P,1.0,1.0,15.0,,15.5,<0> ,78.0,<0> ,1013.0,<0> ,1.4,<0> ,1.9,<0> ,20:48,255.0,<0> ,8.0,<0> ,0.0,<0> ,0.0,<0> 
06/06/2023 21:15,53.88541667,tjrtlmet,P,1.0,1.0,15.0,,15.5,<0> ,78.0,<0> ,1013.0,<0> ,0.9,<0> ,1.5,<0> ,21:07,245.0,<0> ,11.0,<0> ,0.0,<0> ,0.0,<0> 
06/06/2023 21:30,53.89583333,tjrtlmet,P,1.0,1.0,15.0,,15.3,<0> ,78.0,<0> ,1013.0,<0> ,0.9,<0> ,1.5,<0> ,21:27,245.0,<0> ,8.0,<0> ,0.0,<0> ,0.0,<0> 
06/06/2023 21:45,53.90625,tjrtlmet,P,1.0,1.0,15.0,,15.1,<0> ,79.0,<0> ,1013.0,<0> ,1.2,<0> ,1.8,<0> ,21:35,264.0,<0> ,7.0,<0> ,0.0,<0> ,0.0,<0> 
06/06/2023 22:00,53.91666667,tjrtlmet,P,1.0,1.0,15.0,,15.5,<0> ,79.0,<0> ,1013.0,<0> ,1.2,<0> ,2.1,<0> ,21:56,264.0,<0> ,14.0,<0> ,0.0,<0> ,0.0,<0> 
06/06/2023 22:15,53.92708333,tjrtlmet,P,1.0,1.0,15.0,,15.8,<0> ,79.0,<0> ,1013.0,<0> ,1.5,<0> ,2.3,<0> ,22:03,272.0,<0> ,12.0,<0> ,0.0,<0> ,0.0,<0> 
06/06/2023 22:30,53.9375,tjrtlmet,P,1.0,1.0,15.0,,15.8,<0> ,78.0,<0> ,1014.0,<0> ,1.5,<0> ,2.2,<0> ,22:15,258.0,<0> ,11.0,<0> ,0.0,<0> ,0.0,<0> 
06/06/2023 22:45,53.94791667,tjrtlmet,P,1.0,1.0,15.0,,15.9,<0> ,78.0,<0> ,1014.0,<0> ,1.5,<0> ,2.5,<0> ,22:31,266.0,<0> ,11.0,<0> ,0.0,<0> ,0.0,<0> 
06/06/2023 23:00,53.95833333,tjrtlmet,P,1.0,1.0,15.0,,15.9,<0> ,78.0,<0> ,1014.0,<0> ,1.4,<0> ,2.3,<0> ,22:46,266.0,<0> ,12.0,<0> ,0.0,<0> ,0.0,<0> 
06/06/2023 23:15,53.96875,tjrtlmet,P,1.0,1.0,15.0,,15.9,<0> ,78.0,<0> ,1014.0,<0> ,1.2,<0> ,2.0,<0> ,23:06,249.0,<0> ,11.0,<0> ,0.0,<0> ,0.0,<0> 
06/06/2023 23:30,53.97916667,tjrtlmet,P,1.0,1.0,15.0,,15.9,<0> ,77.0,<0> ,1013.0,<0> ,1.0,<0> ,1.9,<0> ,23:17,241.0,<0> ,14.0,<0> ,0.0,<0> ,0.0,<0> 
06/06/2023 23:45,53.98958333,tjrtlmet,P,1.0,1.0,15.0,,15.9,<0> ,77.0,<0> ,1014.0,<0> ,1.2,<0> ,2.0,<0> ,23:44,221.0,<0> ,11.0,<0> ,0.0,<0> ,0.0,<0> 
06/07/2023 00:00,54.0,tjrtlmet,P,1.0,1.0,15.0,,15.9,<0> ,77.0,<0> ,1014.0,<0> ,1.1,<0> ,1.8,<0> ,23:53,234.0,<0> ,9.0,<0> ,0.0,<0> ,0.0,<0> 
06/07/2023 00:15,54.01041667,tjrtlmet,P,1.0,1.0,15.0,,15.9,<0> ,78.0,<0> ,1014.0,<0> ,1.1,<0> ,1.7,<0> ,00:14,225.0,<0> ,17.0,<0> ,0.0,<0> ,0.0,<0> 
06/07/2023 00:30,54.02083333,tjrtlmet,P,1.0,1.0,15.0,,15.9,<0> ,79.0,<0> ,1013.0,<0> ,0.9,<0> ,2.0,<0> ,00:15,223.0,<0> ,13.0,<0> ,0.0,<0> ,0.0,<0> 
06/07/2023 00:45,54.03125,tjrtlmet,P,1.0,1.0,15.0,,15.8,<0> ,79.0,<0> ,1013.0,<0> ,0.9,<0> ,1.5,<0> ,00:31,227.0,<0> ,12.0,<0> ,0.0,<0> ,0.0,<0> 
06/07/2023 01:00,54.04166667,tjrtlmet,P,1.0,1.0,15.0,,15.7,<0> ,80.0,<0> ,1013.0,<0> ,1.0,<0> ,1.8,<0> ,00:50,248.0,<0> ,15.0,<0> ,0.0,<0> ,0.0,<0> 
06/07/2023 01:15,54.05208333,tjrtlmet,P,1.0,1.0,15.0,,15.7,<0> ,80.0,<0> ,1013.0,<0> ,0.8,<0> ,1.4,<0> ,01:15,252.0,<0> ,11.0,<0> ,0.0,<0> ,0.0,<0> 
06/07/2023 01:30,54.0625,tjrtlmet,P,1.0,1.0,15.0,,15.7,<0> ,81.0,<0> ,1013.0,<0> ,1.0,<0> ,1.7,<0> ,01:24,263.0,<0> ,11.0,<0> ,0.0,<0> ,0.0,<0> 
06/07/2023 01:45,54.07291667,tjrtlmet,P,1.0,1.0,15.0,,15.7,<0> ,82.0,<0> ,1013.0,<0> ,0.7,<0> ,1.3,<0> ,01:33,279.0,<0> ,11.0,<0> ,0.0,<0> ,0.0,<0> 
06/07/2023 02:00,54.08333333,tjrtlmet,P,1.0,1.0,15.0,,15.7,<0> ,82.0,<0> ,1013.0,<0> ,0.8,<0> ,1.2,<0> ,01:53,288.0,<0> ,13.0,<0> ,0.0,<0> ,0.0,<0> 
06/07/2023 02:15,54.09375,tjrtlmet,P,1.0,1.0,15.0,,15.6,<0> ,82.0,<0> ,1013.0,<0> ,0.8,<0> ,1.2,<0> ,02:01,281.0,<0> ,10.0,<0> ,0.0,<0> ,0.0,<0> 
06/07/2023 02:30,54.10416667,tjrtlmet,P,1.0,1.0,15.0,,15.5,<0> ,83.0,<0> ,1013.0,<0> ,0.2,<0> ,1.1,<0> ,02:17,292.0,<0> ,8.0,<0> ,0.0,<0> ,0.0,<0> 
06/07/2023 02:45,54.11458333,tjrtlmet,P,1.0,1.0,15.0,,15.4,<0> ,83.0,<0> ,1013.0,<0> ,0.0,<0> ,0.4,<0> ,02:35,299.0,<0> ,2.0,<0> ,0.0,<0> ,0.0,<0> 
06/07/2023 03:00,54.125,tjrtlmet,P,1.0,1.0,15.0,,15.4,<0> ,83.0,<0> ,1013.0,<0> ,0.0,<0> ,0.0,<0> ,02:45,0.0,<0> ,0.0,<0> ,0.0,<0> ,0.0,<0> 
06/07/2023 03:15,54.13541667,tjrtlmet,P,1.0,1.0,15.0,,15.3,<0> ,84.0,<0> ,1013.0,<0> ,0.0,<0> ,0.0,<0> ,03:00,0.0,<0> ,0.0,<0> ,0.0,<0> ,0.0,<0> 
06/07/2023 03:30,54.14583333,tjrtlmet,P,1.0,1.0,15.0,,15.3,<0> ,83.0,<0> ,1013.0,<0> ,0.1,<0> ,0.5,<0> ,03:25,297.0,<0> ,0.0,<0> ,0.0,<0> ,0.0,<0> 
06/07/2023 03:45,54.15625,tjrtlmet,P,1.0,1.0,15.0,,15.1,<0> ,84.0,<0> ,1013.0,<0> ,0.3,<0> ,0.8,<0> ,03:39,159.0,<0> ,68.0,<0> ,0.0,<0> ,0.0,<0> 
06/07/2023 04:00,54.16666667,tjrtlmet,P,1.0,1.0,15.0,,14.8,<0> ,85.0,<0> ,1013.0,<0> ,0.4,<0> ,0.8,<0> ,03:47,128.0,<0> ,9.0,<0> ,0.0,<0> ,0.0,<0> 
06/07/2023 04:15,54.17708333,tjrtlmet,P,1.0,1.0,15.0,,14.7,<0> ,85.0,<0> ,1013.0,<0> ,0.2,<0> ,0.6,<0> ,04:04,130.0,<0> ,5.0,<0> ,0.0,<0> ,0.0,<0> 
06/07/2023 04:30,54.1875,tjrtlmet,P,1.0,1.0,15.0,,14.7,<0> ,86.0,<0> ,1013.0,<0> ,0.0,<0> ,0.3,<0> ,04:25,125.0,<0> ,0.0,<0> ,0.0,<0> ,0.0,<0> 
06/07/2023 04:45,54.19791667,tjrtlmet,P,1.0,1.0,15.0,,14.7,<0> ,86.0,<0> ,1013.0,<0> ,0.0,<0> ,0.3,<0> ,04:34,125.0,<0> ,0.0,<0> ,3.5,<0> ,0.0,<0> 
06/07/2023 05:00,54.20833333,tjrtlmet,P,1.0,1.0,15.0,,14.6,<0> ,86.0,<0> ,1013.0,<0> ,0.1,<0> ,0.4,<0> ,04:57,125.0,<0> ,0.0,<0> ,12.6,<0> ,0.0,<0> 
06/07/2023 05:15,54.21875,tjrtlmet,P,1.0,1.0,15.0,,14.7,<0> ,86.0,<0> ,1013.0,<0> ,0.2,<0> ,0.5,<0> ,05:08,136.0,<0> ,14.0,<0> ,30.0,<0> ,0.0,<0> 
06/07/2023 05:30,54.22916667,tjrtlmet,P,1.0,1.0,15.0,,14.9,<0> ,86.0,<0> ,1014.0,<0> ,0.0,<0> ,0.0,<0> ,05:23,175.0,<0> ,0.0,<0> ,49.5,<0> ,0.0,<0> 
06/07/2023 05:45,54.23958333,tjrtlmet,P,1.0,1.0,15.0,,15.1,<0> ,86.0,<0> ,1014.0,<0> ,0.0,<0> ,0.3,<0> ,05:34,176.0,<0> ,0.0,<0> ,58.8,<0> ,0.0,<0> 
06/07/2023 06:00,54.25,tjrtlmet,P,1.0,1.0,15.0,,15.4,<0> ,85.0,<0> ,1014.0,<0> ,0.4,<0> ,0.7,<0> ,05:50,180.0,<0> ,3.0,<0> ,90.8,<0> ,0.0,<0> 
06/07/2023 06:15,54.26041667,tjrtlmet,P,1.0,1.0,15.0,,15.9,<0> ,83.0,<0> ,1014.0,<0> ,0.8,<0> ,1.5,<0> ,06:14,199.0,<0> ,15.0,<0> ,170.7,<0> ,0.0,<0> 
06/07/2023 06:30,54.27083333,tjrtlmet,P,1.0,1.0,15.0,,16.3,<0> ,80.0,<0> ,1014.0,<0> ,1.0,<0> ,1.6,<0> ,06:16,201.0,<0> ,13.0,<0> ,163.7,<0> ,0.0,<0> 
06/07/2023 06:45,54.28125,tjrtlmet,P,1.0,1.0,15.0,,16.5,<0> ,79.0,<0> ,1014.0,<0> ,1.0,<0> ,1.6,<0> ,06:36,201.0,<0> ,16.0,<0> ,241.4,<0> ,0.0,<0> 
06/07/2023 07:00,54.29166667,tjrtlmet,P,1.0,1.0,15.0,,16.7,<0> ,77.0,<0> ,1014.0,<0> ,0.8,<0> ,1.7,<0> ,06:46,228.0,<0> ,22.0,<0> ,290.7,<0> ,0.0,<0> 
06/07/2023 07:15,54.30208333,tjrtlmet,P,1.0,1.0,15.0,,16.9,<0> ,76.0,<0> ,1014.0,<0> ,0.7,<0> ,1.6,<0> ,07:01,217.0,<0> ,23.0,<0> ,300.2,<0> ,0.0,<0> 
06/07/2023 07:30,54.3125,tjrtlmet,P,1.0,1.0,15.0,,17.0,<0> ,76.0,<0> ,1014.0,<0> ,0.8,<0> ,1.7,<0> ,07:29,258.0,<0> ,24.0,<0> ,382.1,<0> ,0.0,<0> 
06/07/2023 07:45,54.32291667,tjrtlmet,P,1.0,1.0,15.0,,17.0,<0> ,76.0,<0> ,1015.0,<0> ,1.1,<0> ,1.8,<0> ,07:42,223.0,<0> ,23.0,<0> ,323.5,<0> ,0.0,<0> 
06/07/2023 08:00,54.33333333,tjrtlmet,P,1.0,1.0,15.0,,17.2,<0> ,74.0,<0> ,1015.0,<0> ,1.1,<0> ,2.2,<0> ,07:58,219.0,<0> ,19.0,<0> ,449.5,<0> ,0.0,<0> 
06/07/2023 08:15,54.34375,tjrtlmet,P,1.0,1.0,15.0,,17.2,<0> ,74.0,<0> ,1015.0,<0> ,1.5,<0> ,2.7,<0> ,08:02,223.0,<0> ,15.0,<0> ,406.5,<0> ,0.0,<0> 
06/07/2023 08:30,54.35416667,tjrtlmet,P,1.0,1.0,15.0,,17.3,<0> ,74.0,<0> ,1015.0,<0> ,1.3,<0> ,2.2,<0> ,08:25,228.0,<0> ,21.0,<0> ,397.5,<0> ,0.0,<0> 
06/07/2023 08:45,54.36458333,tjrtlmet,P,1.0,1.0,15.0,,17.2,<0> ,74.0,<0> ,1015.0,<0> ,1.6,<0> ,2.6,<0> ,08:32,236.0,<0> ,19.0,<0> ,401.5,<0> ,0.0,<0> 
06/07/2023 09:00,54.375,tjrtlmet,P,1.0,1.0,15.0,,17.2,<0> ,74.0,<0> ,1015.0,<0> ,1.6,<0> ,2.3,<0> ,08:51,265.0,<0> ,14.0,<0> ,496.6,<0> ,0.0,<0> 
06/07/2023 09:15,54.38541667,tjrtlmet,P,1.0,1.0,15.0,,17.5,<0> ,73.0,<0> ,1015.0,<0> ,1.9,<0> ,3.2,<0> ,09:14,280.0,<0> ,18.0,<0> ,526.2,<0> ,0.0,<0> 
06/07/2023 09:30,54.39583333,tjrtlmet,P,1.0,1.0,15.0,,17.6,<0> ,75.0,<0> ,1015.0,<0> ,2.1,<0> ,3.2,<0> ,09:24,288.0,<0> ,16.0,<0> ,536.1,<0> ,0.0,<0> 
06/07/2023 09:45,54.40625,tjrtlmet,P,1.0,1.0,15.0,,17.5,<0> ,74.0,<0> ,1015.0,<0> ,2.6,<0> ,3.8,<0> ,09:38,267.0,<0> ,11.0,<0> ,568.2,<0> ,0.0,<0> 
06/07/2023 10:00,54.41666667,tjrtlmet,P,1.0,1.0,15.0,,17.4,<0> ,75.0,<0> ,1015.0,<0> ,2.8,<0> ,4.2,<0> ,09:46,266.0,<0> ,12.0,<0> ,544.6,<0> ,0.0,<0> 
06/07/2023 10:15,54.42708333,tjrtlmet,P,1.0,1.0,15.0,,17.4,<0> ,74.0,<0> ,1015.0,<0> ,2.5,<0> ,3.4,<0> ,10:10,265.0,<0> ,15.0,<0> ,486.3,<0> ,0.0,<0> 
06/07/2023 10:30,54.4375,tjrtlmet,P,1.0,1.0,15.0,,17.6,<0> ,73.0,<0> ,1015.0,<0> ,2.5,<0> ,3.7,<0> ,10:26,270.0,<0> ,14.0,<0> ,597.3,<0> ,0.0,<0> 
06/07/2023 10:45,54.44791667,tjrtlmet,P,1.0,1.0,15.0,,17.6,<0> ,73.0,<0> ,1015.0,<0> ,2.9,<0> ,4.3,<0> ,10:42,271.0,<0> ,12.0,<0> ,736.1,<0> ,0.0,<0> 
06/07/2023 11:00,54.45833333,tjrtlmet,P,1.0,1.0,15.0,,17.8,<0> ,73.0,<0> ,1016.0,<0> ,2.9,<0> ,4.3,<0> ,10:50,265.0,<0> ,12.0,<0> ,776.5,<0> ,0.0,<0> 
06/07/2023 11:15,54.46875,tjrtlmet,P,1.0,1.0,15.0,,18.2,<0> ,71.0,<0> ,1016.0,<0> ,2.9,<0> ,4.0,<0> ,11:04,273.0,<0> ,16.0,<0> ,914.7,<0> ,0.0,<0> 
06/07/2023 11:30,54.47916667,tjrtlmet,P,1.0,1.0,15.0,,18.4,<0> ,71.0,<0> ,1015.0,<0> ,2.8,<0> ,4.1,<0> ,11:19,280.0,<0> ,15.0,<0> ,919.7,<0> ,0.0,<0> 
06/07/2023 11:45,54.48958333,tjrtlmet,P,1.0,1.0,15.0,,18.4,<0> ,72.0,<0> ,1016.0,<0> ,2.9,<0> ,4.1,<0> ,11:39,277.0,<0> ,14.0,<0> ,1018.4,<0> ,0.0,<0> 
06/07/2023 12:00,54.5,tjrtlmet,P,1.0,1.0,15.0,,18.9,<0> ,70.0,<0> ,1015.0,<0> ,2.8,<0> ,4.3,<0> ,11:58,279.0,<0> ,14.0,<0> ,1435.7,<0> ,0.0,<0> 
06/07/2023 12:15,54.51041667,tjrtlmet,P,1.0,1.0,15.0,,19.0,<0> ,69.0,<0> ,1016.0,<0> ,2.9,<0> ,4.1,<0> ,12:07,280.0,<0> ,14.0,<0> ,1369.9,<0> ,0.0,<0> 
06/07/2023 12:30,54.52083333,tjrtlmet,P,1.0,1.0,15.0,,19.3,<0> ,68.0,<0> ,1016.0,<0> ,2.9,<0> ,3.9,<0> ,12:25,280.0,<0> ,14.0,<0> ,1512.9,<0> ,0.0,<0> 
06/07/2023 12:45,54.53125,tjrtlmet,P,1.0,1.0,15.0,,19.3,<0> ,67.0,<0> ,1015.0,<0> ,3.0,<0> ,4.3,<0> ,12:36,282.0,<0> ,15.0,<0> ,1671.7,<0> ,0.0,<0> 
06/07/2023 13:00,54.54166667,tjrtlmet,P,1.0,1.0,15.0,,19.6,<0> ,67.0,<0> ,1015.0,<0> ,3.1,<0> ,4.8,<0> ,12:58,279.0,<0> ,14.0,<0> ,1807.9,<0> ,0.0,<0> 
06/07/2023 13:15,54.55208333,tjrtlmet,P,1.0,1.0,15.0,,19.7,<0> ,67.0,<0> ,1015.0,<0> ,3.2,<0> ,5.0,<0> ,13:13,279.0,<0> ,14.0,<0> ,1695.6,<0> ,0.0,<0> 
06/07/2023 13:30,54.5625,tjrtlmet,P,1.0,1.0,15.0,,19.8,<0> ,69.0,<0> ,1015.0,<0> ,3.5,<0> ,5.1,<0> ,13:19,283.0,<0> ,12.0,<0> ,1667.2,<0> ,0.0,<0> 
06/07/2023 13:45,54.57291667,tjrtlmet,P,1.0,1.0,15.0,,19.4,<0> ,69.0,<0> ,1015.0,<0> ,3.5,<0> ,5.0,<0> ,13:33,281.0,<0> ,14.0,<0> ,1360.7,<0> ,0.0,<0> 
06/07/2023 14:00,54.58333333,tjrtlmet,P,1.0,1.0,15.0,,19.5,<0> ,69.0,<0> ,1015.0,<0> ,3.4,<0> ,4.9,<0> ,13:59,290.0,<0> ,15.0,<0> ,1194.0,<0> ,0.0,<0> 
06/07/2023 14:15,54.59375,tjrtlmet,P,1.0,1.0,15.0,,19.4,<0> ,69.0,<0> ,1015.0,<0> ,3.4,<0> ,4.7,<0> ,14:11,291.0,<0> ,18.0,<0> ,1035.4,<0> ,0.0,<0> 
06/07/2023 14:30,54.60416667,tjrtlmet,P,1.0,1.0,15.0,,19.1,<0> ,70.0,<0> ,1015.0,<0> ,3.5,<0> ,5.2,<0> ,14:20,292.0,<0> ,14.0,<0> ,1088.3,<0> ,0.0,<0> 
06/07/2023 14:45,54.61458333,tjrtlmet,P,1.0,1.0,15.0,,19.3,<0> ,70.0,<0> ,1015.0,<0> ,3.5,<0> ,5.0,<0> ,14:37,295.0,<0> ,15.0,<0> ,1088.3,<0> ,0.0,<0> 
06/07/2023 15:00,54.625,tjrtlmet,P,1.0,1.0,15.0,,19.3,<0> ,69.0,<0> ,1015.0,<0> ,3.5,<0> ,5.3,<0> ,15:00,297.0,<0> ,18.0,<0> ,1136.6,<0> ,0.0,<0> 
06/07/2023 15:15,54.63541667,tjrtlmet,P,1.0,1.0,15.0,,19.4,<0> ,67.0,<0> ,1015.0,<0> ,3.6,<0> ,5.3,<0> ,15:13,292.0,<0> ,15.0,<0> ,1239.6,<0> ,0.0,<0> 
06/07/2023 15:30,54.64583333,tjrtlmet,P,1.0,1.0,15.0,,19.4,<0> ,67.0,<0> ,1015.0,<0> ,3.4,<0> ,4.9,<0> ,15:26,292.0,<0> ,12.0,<0> ,1128.2,<0> ,0.0,<0> 
06/07/2023 15:45,54.65625,tjrtlmet,P,1.0,1.0,15.0,,19.1,<0> ,67.0,<0> ,1014.0,<0> ,3.3,<0> ,4.8,<0> ,15:31,288.0,<0> ,14.0,<0> ,1033.8,<0> ,0.0,<0> 
06/07/2023 16:00,54.66666667,tjrtlmet,P,1.0,1.0,15.0,,19.0,<0> ,68.0,<0> ,1014.0,<0> ,3.2,<0> ,4.8,<0> ,15:49,286.0,<0> ,18.0,<0> ,955.4,<0> ,0.0,<0> 
06/07/2023 16:15,54.67708333,tjrtlmet,P,1.0,1.0,15.0,,19.0,<0> ,68.0,<0> ,1014.0,<0> ,3.1,<0> ,4.5,<0> ,16:13,287.0,<0> ,15.0,<0> ,863.7,<0> ,0.0,<0> 
06/07/2023 16:30,54.6875,tjrtlmet,P,1.0,1.0,15.0,,18.8,<0> ,67.0,<0> ,1014.0,<0> ,2.8,<0> ,4.2,<0> ,16:19,287.0,<0> ,16.0,<0> ,764.4,<0> ,0.0,<0> 
06/07/2023 16:45,54.69791667,tjrtlmet,P,1.0,1.0,15.0,,18.7,<0> ,68.0,<0> ,1014.0,<0> ,2.9,<0> ,4.3,<0> ,16:38,288.0,<0> ,14.0,<0> ,683.9,<0> ,0.0,<0> 
06/07/2023 17:00,54.70833333,tjrtlmet,P,1.0,1.0,15.0,,18.5,<0> ,68.0,<0> ,1014.0,<0> ,2.9,<0> ,4.4,<0> ,16:55,290.0,<0> ,16.0,<0> ,577.9,<0> ,0.0,<0> 
06/07/2023 17:15,54.71875,tjrtlmet,P,1.0,1.0,15.0,,18.4,<0> ,68.0,<0> ,1014.0,<0> ,2.7,<0> ,4.2,<0> ,17:13,292.0,<0> ,16.0,<0> ,505.7,<0> ,0.0,<0> 
06/07/2023 17:30,54.72916667,tjrtlmet,P,1.0,1.0,15.0,,18.0,<0> ,68.0,<0> ,1014.0,<0> ,2.8,<0> ,4.2,<0> ,17:23,293.0,<0> ,13.0,<0> ,415.5,<0> ,0.0,<0> 
06/07/2023 17:45,54.73958333,tjrtlmet,P,1.0,1.0,15.0,,17.7,<0> ,71.0,<0> ,1014.0,<0> ,2.6,<0> ,4.0,<0> ,17:33,293.0,<0> ,15.0,<0> ,325.5,<0> ,0.0,<0> 
06/07/2023 18:00,54.75,tjrtlmet,P,1.0,1.0,15.0,,17.4,<0> ,72.0,<0> ,1014.0,<0> ,2.7,<0> ,4.4,<0> ,17:47,294.0,<0> ,12.0,<0> ,242.9,<0> ,0.0,<0> 
06/07/2023 18:15,54.76041667,tjrtlmet,P,1.0,1.0,15.0,,17.1,<0> ,74.0,<0> ,1014.0,<0> ,2.5,<0> ,3.6,<0> ,18:01,293.0,<0> ,13.0,<0> ,165.2,<0> ,0.0,<0> 
06/07/2023 18:30,54.77083333,tjrtlmet,P,1.0,1.0,15.0,,16.8,<0> ,75.0,<0> ,1014.0,<0> ,2.3,<0> ,4.0,<0> ,18:26,295.0,<0> ,15.0,<0> ,94.6,<0> ,0.0,<0> 
06/07/2023 18:45,54.78125,tjrtlmet,P,1.0,1.0,15.0,,16.3,<0> ,76.0,<0> ,1015.0,<0> ,2.5,<0> ,3.9,<0> ,18:39,296.0,<0> ,12.0,<0> ,38.5,<0> ,0.0,<0> 
06/07/2023 19:00,54.79166667,tjrtlmet,P,1.0,1.0,15.0,,16.0,<0> ,79.0,<0> ,1015.0,<0> ,2.2,<0> ,3.5,<0> ,18:53,303.0,<0> ,16.0,<0> ,11.1,<0> ,0.0,<0> 
06/07/2023 19:15,54.80208333,tjrtlmet,P,1.0,1.0,15.0,,15.8,<0> ,80.0,<0> ,1015.0,<0> ,2.1,<0> ,4.1,<0> ,19:00,307.0,<0> ,18.0,<0> ,1.3,<0> ,0.0,<0> 
06/07/2023 19:30,54.8125,tjrtlmet,P,1.0,1.0,15.0,,15.6,<0> ,81.0,<0> ,1015.0,<0> ,1.9,<0> ,3.3,<0> ,19:22,306.0,<0> ,15.0,<0> ,0.0,<0> ,0.0,<0> 
06/07/2023 19:45,54.82291667,tjrtlmet,P,1.0,1.0,15.0,,15.5,<0> ,82.0,<0> ,1015.0,<0> ,1.5,<0> ,2.4,<0> ,19:30,308.0,<0> ,17.0,<0> ,0.0,<0> ,0.0,<0> 
06/07/2023 20:00,54.83333333,tjrtlmet,P,1.0,1.0,15.0,,15.4,<0> ,82.0,<0> ,1015.0,<0> ,1.4,<0> ,2.5,<0> ,19:49,313.0,<0> ,22.0,<0> ,0.0,<0> ,0.0,<0> 
06/07/2023 20:15,54.84375,tjrtlmet,P,1.0,1.0,15.0,,15.3,<0> ,81.0,<0> ,1015.0,<0> ,0.9,<0> ,2.2,<0> ,20:04,326.0,<0> ,30.0,<0> ,0.0,<0> ,0.0,<0> 
06/07/2023 20:30,54.85416667,tjrtlmet,P,1.0,1.0,15.0,,15.2,<0> ,81.0,<0> ,1015.0,<0> ,0.7,<0> ,2.2,<0> ,20:16,329.0,<0> ,34.0,<0> ,0.0,<0> ,0.0,<0> 
06/07/2023 20:45,54.86458333,tjrtlmet,P,1.0,1.0,15.0,,15.1,<0> ,82.0,<0> ,1015.0,<0> ,0.7,<0> ,2.1,<0> ,20:34,331.0,<0> ,31.0,<0> ,0.0,<0> ,0.0,<0> 
06/07/2023 21:00,54.875,tjrtlmet,P,1.0,1.0,15.0,,15.2,<0> ,82.0,<0> ,1015.0,<0> ,1.1,<0> ,2.7,<0> ,20:54,327.0,<0> ,26.0,<0> ,0.0,<0> ,0.0,<0> 
06/07/2023 21:15,54.88541667,tjrtlmet,P,1.0,1.0,15.0,,15.2,<0> ,82.0,<0> ,1015.0,<0> ,0.8,<0> ,2.5,<0> ,21:04,327.0,<0> ,29.0,<0> ,0.0,<0> ,0.0,<0> 
06/07/2023 21:30,54.89583333,tjrtlmet,P,1.0,1.0,15.0,,15.0,<0> ,82.0,<0> ,1015.0,<0> ,0.9,<0> ,2.3,<0> ,21:29,325.0,<0> ,26.0,<0> ,0.0,<0> ,0.0,<0> 
06/07/2023 21:45,54.90625,tjrtlmet,P,1.0,1.0,15.0,,15.0,<0> ,83.0,<0> ,1015.0,<0> ,0.7,<0> ,2.0,<0> ,21:43,332.0,<0> ,24.0,<0> ,0.0,<0> ,0.0,<0> 
06/07/2023 22:00,54.91666667,tjrtlmet,P,1.0,1.0,15.0,,14.9,<0> ,82.0,<0> ,1015.0,<0> ,0.6,<0> ,2.2,<0> ,21:48,326.0,<0> ,25.0,<0> ,0.0,<0> ,0.0,<0> 
06/07/2023 22:15,54.92708333,tjrtlmet,P,1.0,1.0,15.0,,14.8,<0> ,82.0,<0> ,1015.0,<0> ,0.7,<0> ,1.7,<0> ,22:07,327.0,<0> ,28.0,<0> ,0.0,<0> ,0.0,<0> 
06/07/2023 22:30,54.9375,tjrtlmet,P,1.0,1.0,15.0,,14.8,<0> ,83.0,<0> ,1015.0,<0> ,0.9,<0> ,2.6,<0> ,22:26,325.0,<0> ,25.0,<0> ,0.0,<0> ,0.0,<0> 
06/07/2023 22:45,54.94791667,tjrtlmet,P,1.0,1.0,15.0,,14.9,<0> ,83.0,<0> ,1015.0,<0> ,0.8,<0> ,2.0,<0> ,22:39,324.0,<0> ,24.0,<0> ,0.0,<0> ,0.0,<0> 
06/07/2023 23:00,54.95833333,tjrtlmet,P,1.0,1.0,15.0,,15.1,<0> ,84.0,<0> ,1015.0,<0> ,0.9,<0> ,2.0,<0> ,22:53,318.0,<0> ,19.0,<0> ,0.0,<0> ,0.0,<0> 
06/07/2023 23:15,54.96875,tjrtlmet,P,1.0,1.0,15.0,,15.0,<0> ,85.0,<0> ,1015.0,<0> ,1.0,<0> ,2.1,<0> ,23:04,310.0,<0> ,14.0,<0> ,0.0,<0> ,0.0,<0> 
06/07/2023 23:30,54.97916667,tjrtlmet,P,1.0,1.0,15.0,,14.8,<0> ,85.0,<0> ,1015.0,<0> ,0.6,<0> ,1.6,<0> ,23:26,323.0,<0> ,25.0,<0> ,0.0,<0> ,0.0,<0> 
06/07/2023 23:45,54.98958333,tjrtlmet,P,1.0,1.0,15.0,,14.8,<0> ,86.0,<0> ,1015.0,<0> ,0.5,<0> ,1.7,<0> ,23:37,331.0,<0> ,22.0,<0> ,0.0,<0> ,0.0,<0> 
06/08/2023 00:00,55.0,tjrtlmet,P,1.0,1.0,15.0,,14.7,<0> ,86.0,<0> ,1015.0,<0> ,0.2,<0> ,0.9,<0> ,23:59,340.0,<0> ,20.0,<0> ,0.0,<0> ,0.0,<0> 
06/08/2023 00:15,55.01041667,tjrtlmet,P,1.0,1.0,15.0,,14.6,<0> ,86.0,<0> ,1015.0,<0> ,0.4,<0> ,1.4,<0> ,00:04,337.0,<0> ,27.0,<0> ,0.0,<0> ,0.0,<0> 
06/08/2023 00:30,55.02083333,tjrtlmet,P,1.0,1.0,15.0,,14.6,<0> ,86.0,<0> ,1015.0,<0> ,0.2,<0> ,0.9,<0> ,00:16,350.0,<0> ,16.0,<0> ,0.0,<0> ,0.0,<0> 
06/08/2023 00:45,55.03125,tjrtlmet,P,1.0,1.0,15.0,,14.7,<0> ,86.0,<0> ,1015.0,<0> ,0.4,<0> ,1.6,<0> ,00:31,354.0,<0> ,13.0,<0> ,0.0,<0> ,0.0,<0> 
06/08/2023 01:00,55.04166667,tjrtlmet,P,1.0,1.0,15.0,,14.8,<0> ,86.0,<0> ,1015.0,<0> ,0.4,<0> ,1.0,<0> ,00:57,9.0,<0> ,12.0,<0> ,0.0,<0> ,0.0,<0> 
06/08/2023 01:15,55.05208333,tjrtlmet,P,1.0,1.0,15.0,,14.6,<0> ,86.0,<0> ,1015.0,<0> ,0.5,<0> ,0.8,<0> ,01:03,11.0,<0> ,10.0,<0> ,0.0,<0> ,0.0,<0> 
06/08/2023 01:30,55.0625,tjrtlmet,P,1.0,1.0,15.0,,14.6,<0> ,86.0,<0> ,1015.0,<0> ,0.4,<0> ,0.9,<0> ,01:23,5.0,<0> ,7.0,<0> ,0.0,<0> ,0.0,<0> 
06/08/2023 01:45,55.07291667,tjrtlmet,P,1.0,1.0,15.0,,14.6,<0> ,87.0,<0> ,1015.0,<0> ,0.4,<0> ,0.8,<0> ,01:32,4.0,<0> ,9.0,<0> ,0.0,<0> ,0.0,<0> 
06/08/2023 02:00,55.08333333,tjrtlmet,P,1.0,1.0,15.0,,14.5,<0> ,86.0,<0> ,1015.0,<0> ,0.3,<0> ,1.0,<0> ,01:57,16.0,<0> ,34.0,<0> ,0.0,<0> ,0.0,<0> 
06/08/2023 02:15,55.09375,tjrtlmet,P,1.0,1.0,15.0,,14.3,<0> ,86.0,<0> ,1015.0,<0> ,0.2,<0> ,0.6,<0> ,02:00,52.0,<0> ,6.0,<0> ,0.0,<0> ,0.0,<0> 
06/08/2023 02:30,55.10416667,tjrtlmet,P,1.0,1.0,15.0,,14.2,<0> ,87.0,<0> ,1015.0,<0> ,0.2,<0> ,0.5,<0> ,02:29,57.0,<0> ,15.0,<0> ,0.0,<0> ,0.0,<0> 
06/08/2023 02:45,55.11458333,tjrtlmet,P,1.0,1.0,15.0,,13.9,<0> ,87.0,<0> ,1015.0,<0> ,0.1,<0> ,0.5,<0> ,02:30,122.0,<0> ,0.0,<0> ,0.0,<0> ,0.0,<0> 
06/08/2023 03:00,55.125,tjrtlmet,P,1.0,1.0,15.0,,13.6,<0> ,89.0,<0> ,1015.0,<0> ,0.0,<0> ,0.2,<0> ,02:46,122.0,<0> ,0.0,<0> ,0.0,<0> ,0.0,<0> 
06/08/2023 03:15,55.13541667,tjrtlmet,P,1.0,1.0,15.0,,13.3,<0> ,90.0,<0> ,1015.0,<0> ,0.1,<0> ,0.4,<0> ,03:04,122.0,<0> ,0.0,<0> ,0.0,<0> ,0.0,<0> 
06/08/2023 03:30,55.14583333,tjrtlmet,P,1.0,1.0,15.0,,13.3,<0> ,91.0,<0> ,1015.0,<0> ,0.0,<0> ,0.0,<0> ,03:15,0.0,<0> ,0.0,<0> ,0.0,<0> ,0.0,<0> 
06/08/2023 03:45,55.15625,tjrtlmet,P,1.0,1.0,15.0,,13.7,<0> ,92.0,<0> ,1014.0,<0> ,0.1,<0> ,0.3,<0> ,03:34,122.0,<0> ,0.0,<0> ,0.0,<0> ,0.0,<0> 
06/08/2023 04:00,55.16666667,tjrtlmet,P,1.0,1.0,15.0,,13.9,<0> ,92.0,<0> ,1014.0,<0> ,0.0,<0> ,0.3,<0> ,03:47,122.0,<0> ,0.0,<0> ,0.0,<0> ,0.0,<0> 
06/08/2023 04:15,55.17708333,tjrtlmet,P,1.0,1.0,15.0,,14.0,<0> ,92.0,<0> ,1015.0,<0> ,0.3,<0> ,0.5,<0> ,04:09,122.0,<0> ,0.0,<0> ,0.0,<0> ,0.0,<0> 
06/08/2023 04:30,55.1875,tjrtlmet,P,1.0,1.0,15.0,,14.2,<0> ,92.0,<0> ,1015.0,<0> ,0.0,<0> ,0.4,<0> ,04:15,122.0,<0> ,0.0,<0> ,0.0,<0> ,0.0,<0> 
06/08/2023 04:45,55.19791667,tjrtlmet,P,1.0,1.0,15.0,,14.4,<0> ,91.0,<0> ,1015.0,<0> ,0.2,<0> ,0.6,<0> ,04:37,122.0,<0> ,0.0,<0> ,3.1,<0> ,0.0,<0> 
06/08/2023 05:00,55.20833333,tjrtlmet,P,1.0,1.0,15.0,,14.6,<0> ,91.0,<0> ,1015.0,<0> ,0.0,<0> ,0.3,<0> ,04:53,122.0,<0> ,0.0,<0> ,10.8,<0> ,0.0,<0> 
06/08/2023 05:15,55.21875,tjrtlmet,P,1.0,1.0,15.0,,14.9,<0> ,91.0,<0> ,1015.0,<0> ,0.3,<0> ,1.3,<0> ,05:04,339.0,<0> ,30.0,<0> ,19.0,<0> ,0.0,<0> 
06/08/2023 05:30,55.22916667,tjrtlmet,P,1.0,1.0,15.0,,15.2,<0> ,87.0,<0> ,1015.0,<0> ,0.8,<0> ,2.0,<0> ,05:17,325.0,<0> ,24.0,<0> ,32.1,<0> ,0.0,<0> 
06/08/2023 05:45,55.23958333,tjrtlmet,P,1.0,1.0,15.0,,15.7,<0> ,84.0,<0> ,1015.0,<0> ,1.0,<0> ,1.9,<0> ,05:44,305.0,<0> ,18.0,<0> ,46.8,<0> ,0.0,<0> 
06/08/2023 06:00,55.25,tjrtlmet,P,1.0,1.0,15.0,,15.9,<0> ,82.0,<0> ,1015.0,<0> ,0.9,<0> ,1.5,<0> ,05:48,308.0,<0> ,20.0,<0> ,82.8,<0> ,0.0,<0> 
06/08/2023 06:15,55.26041667,tjrtlmet,P,1.0,1.0,15.0,,16.1,<0> ,82.0,<0> ,1015.0,<0> ,1.6,<0> ,2.6,<0> ,06:08,305.0,<0> ,17.0,<0> ,129.4,<0> ,0.0,<0> 
06/08/2023 06:30,55.27083333,tjrtlmet,P,1.0,1.0,15.0,,16.3,<0> ,84.0,<0> ,1015.0,<0> ,1.8,<0> ,2.6,<0> ,06:29,304.0,<0> ,16.0,<0> ,212.2,<0> ,0.0,<0> 
06/08/2023 06:45,55.28125,tjrtlmet,P,1.0,1.0,15.0,,16.7,<0> ,82.0,<0> ,1016.0,<0> ,1.7,<0> ,2.8,<0> ,06:34,306.0,<0> ,14.0,<0> ,266.2,<0> ,0.0,<0> 
06/08/2023 07:00,55.29166667,tjrtlmet,P,1.0,1.0,15.0,,17.0,<0> ,80.0,<0> ,1016.0,<0> ,1.1,<0> ,2.6,<0> ,06:49,316.0,<0> ,28.0,<0> ,276.5,<0> ,0.0,<0> 
06/08/2023 07:15,55.30208333,tjrtlmet,P,1.0,1.0,15.0,,17.3,<0> ,79.0,<0> ,1016.0,<0> ,1.5,<0> ,2.4,<0> ,07:03,306.0,<0> ,13.0,<0> ,297.2,<0> ,0.0,<0> 
06/08/2023 07:30,55.3125,tjrtlmet,P,1.0,1.0,15.0,,17.4,<0> ,78.0,<0> ,1016.0,<0> ,1.6,<0> ,2.3,<0> ,07:20,291.0,<0> ,13.0,<0> ,326.6,<0> ,0.0,<0> 
06/08/2023 07:45,55.32291667,tjrtlmet,P,1.0,1.0,15.0,,17.4,<0> ,78.0,<0> ,1016.0,<0> ,1.3,<0> ,2.4,<0> ,07:42,283.0,<0> ,16.0,<0> ,385.6,<0> ,0.0,<0> 
06/08/2023 08:00,55.33333333,tjrtlmet,P,1.0,1.0,15.0,,17.4,<0> ,78.0,<0> ,1016.0,<0> ,1.6,<0> ,2.7,<0> ,07:59,275.0,<0> ,12.0,<0> ,389.1,<0> ,0.0,<0> 
06/08/2023 08:15,55.34375,tjrtlmet,P,1.0,1.0,15.0,,17.5,<0> ,79.0,<0> ,1016.0,<0> ,1.8,<0> ,2.6,<0> ,08:06,284.0,<0> ,14.0,<0> ,381.5,<0> ,0.0,<0> 
06/08/2023 08:30,55.35416667,tjrtlmet,P,1.0,1.0,15.0,,17.6,<0> ,79.0,<0> ,1016.0,<0> ,1.8,<0> ,2.8,<0> ,08:22,293.0,<0> ,18.0,<0> ,488.9,<0> ,0.0,<0> 
06/08/2023 08:45,55.36458333,tjrtlmet,P,1.0,1.0,15.0,,17.9,<0> ,80.0,<0> ,1016.0,<0> ,2.1,<0> ,3.1,<0> ,08:42,279.0,<0> ,13.0,<0> ,654.7,<0> ,0.0,<0> 
06/08/2023 09:00,55.375,tjrtlmet,P,1.0,1.0,15.0,,18.1,<0> ,80.0,<0> ,1016.0,<0> ,2.3,<0> ,3.4,<0> ,08:45,287.0,<0> ,16.0,<0> ,799.4,<0> ,0.0,<0> 
06/08/2023 09:15,55.38541667,tjrtlmet,P,1.0,1.0,15.0,,18.5,<0> ,77.0,<0> ,1016.0,<0> ,2.1,<0> ,3.2,<0> ,09:08,283.0,<0> ,16.0,<0> ,857.6,<0> ,0.0,<0> 
06/08/2023 09:30,55.39583333,tjrtlmet,P,1.0,1.0,15.0,,18.4,<0> ,78.0,<0> ,1016.0,<0> ,2.3,<0> ,3.6,<0> ,09:27,277.0,<0> ,12.0,<0> ,877.3,<0> ,0.0,<0> 
06/08/2023 09:45,55.40625,tjrtlmet,P,1.0,1.0,15.0,,18.3,<0> ,80.0,<0> ,1016.0,<0> ,2.7,<0> ,4.2,<0> ,09:42,278.0,<0> ,13.0,<0> ,931.7,<0> ,0.0,<0> 
06/08/2023 10:00,55.41666667,tjrtlmet,P,1.0,1.0,15.0,,18.9,<0> ,78.0,<0> ,1016.0,<0> ,2.6,<0> ,4.0,<0> ,09:46,283.0,<0> ,18.0,<0> ,1200.4,<0> ,0.0,<0> 
06/08/2023 10:15,55.42708333,tjrtlmet,P,1.0,1.0,15.0,,19.8,<0> ,74.0,<0> ,1016.0,<0> ,2.8,<0> ,4.2,<0> ,10:13,294.0,<0> ,16.0,<0> ,1367.7,<0> ,0.0,<0> 
06/08/2023 10:30,55.4375,tjrtlmet,P,1.0,1.0,15.0,,19.8,<0> ,75.0,<0> ,1017.0,<0> ,3.4,<0> ,5.2,<0> ,10:17,291.0,<0> ,14.0,<0> ,1587.6,<0> ,0.0,<0> 
06/08/2023 10:45,55.44791667,tjrtlmet,P,1.0,1.0,15.0,,19.9,<0> ,75.0,<0> ,1017.0,<0> ,3.7,<0> ,5.4,<0> ,10:38,293.0,<0> ,16.0,<0> ,1803.4,<0> ,0.0,<0> 
06/08/2023 11:00,55.45833333,tjrtlmet,P,1.0,1.0,15.0,,19.7,<0> ,76.0,<0> ,1017.0,<0> ,3.8,<0> ,6.0,<0> ,10:48,287.0,<0> ,15.0,<0> ,1662.7,<0> ,0.0,<0> 
06/08/2023 11:15,55.46875,tjrtlmet,P,1.0,1.0,15.0,,19.9,<0> ,74.0,<0> ,1016.0,<0> ,3.9,<0> ,6.3,<0> ,11:11,292.0,<0> ,15.0,<0> ,1731.5,<0> ,0.0,<0> 
06/08/2023 11:30,55.47916667,tjrtlmet,P,1.0,1.0,15.0,,19.9,<0> ,75.0,<0> ,1016.0,<0> ,4.2,<0> ,6.7,<0> ,11:27,291.0,<0> ,17.0,<0> ,1741.1,<0> ,0.0,<0> 
06/08/2023 11:45,55.48958333,tjrtlmet,P,1.0,1.0,15.0,,19.6,<0> ,75.0,<0> ,1016.0,<0> ,4.6,<0> ,6.4,<0> ,11:38,293.0,<0> ,15.0,<0> ,1671.0,<0> ,0.0,<0> 
06/08/2023 12:00,55.5,tjrtlmet,P,1.0,1.0,15.0,,19.9,<0> ,74.0,<0> ,1016.0,<0> ,4.5,<0> ,6.5,<0> ,11:48,293.0,<0> ,13.0,<0> ,1754.9,<0> ,0.0,<0> 
06/08/2023 12:15,55.51041667,tjrtlmet,P,1.0,1.0,15.0,,19.7,<0> ,74.0,<0> ,1016.0,<0> ,4.4,<0> ,6.2,<0> ,12:11,287.0,<0> ,15.0,<0> ,1699.0,<0> ,0.0,<0> 
06/08/2023 12:30,55.52083333,tjrtlmet,P,1.0,1.0,15.0,,20.1,<0> ,73.0,<0> ,1016.0,<0> ,4.2,<0> ,6.3,<0> ,12:26,292.0,<0> ,13.0,<0> ,1845.9,<0> ,0.0,<0> 
06/08/2023 12:45,55.53125,tjrtlmet,P,1.0,1.0,15.0,,20.0,<0> ,73.0,<0> ,1016.0,<0> ,4.2,<0> ,6.1,<0> ,12:34,291.0,<0> ,14.0,<0> ,1493.3,<0> ,0.0,<0> 
06/08/2023 13:00,55.54166667,tjrtlmet,P,1.0,1.0,15.0,,20.2,<0> ,73.0,<0> ,1016.0,<0> ,4.0,<0> ,5.7,<0> ,12:54,294.0,<0> ,13.0,<0> ,1776.5,<0> ,0.0,<0> 
06/08/2023 13:15,55.55208333,tjrtlmet,P,1.0,1.0,15.0,,20.2,<0> ,72.0,<0> ,1016.0,<0> ,4.1,<0> ,6.1,<0> ,13:00,294.0,<0> ,16.0,<0> ,1803.2,<0> ,0.0,<0> 
06/08/2023 13:30,55.5625,tjrtlmet,P,1.0,1.0,15.0,,20.4,<0> ,72.0,<0> ,1016.0,<0> ,3.9,<0> ,6.0,<0> ,13:16,292.0,<0> ,15.0,<0> ,1700.6,<0> ,0.0,<0> 
06/08/2023 13:45,55.57291667,tjrtlmet,P,1.0,1.0,15.0,,20.5,<0> ,72.0,<0> ,1016.0,<0> ,3.8,<0> ,6.2,<0> ,13:37,293.0,<0> ,16.0,<0> ,1633.1,<0> ,0.0,<0> 
06/08/2023 14:00,55.58333333,tjrtlmet,P,1.0,1.0,15.0,,20.5,<0> ,72.0,<0> ,1016.0,<0> ,3.8,<0> ,5.9,<0> ,13:53,293.0,<0> ,15.0,<0> ,1590.9,<0> ,0.0,<0> 
06/08/2023 14:15,55.59375,tjrtlmet,P,1.0,1.0,15.0,,20.6,<0> ,71.0,<0> ,1016.0,<0> ,3.5,<0> ,5.4,<0> ,14:12,292.0,<0> ,17.0,<0> ,1529.6,<0> ,0.0,<0> 
06/08/2023 14:30,55.60416667,tjrtlmet,P,1.0,1.0,15.0,,20.6,<0> ,71.0,<0> ,1016.0,<0> ,3.5,<0> ,5.5,<0> ,14:23,290.0,<0> ,15.0,<0> ,1394.8,<0> ,0.0,<0> 
06/08/2023 14:45,55.61458333,tjrtlmet,P,1.0,1.0,15.0,,20.1,<0> ,72.0,<0> ,1015.0,<0> ,3.6,<0> ,5.8,<0> ,14:37,289.0,<0> ,14.0,<0> ,1374.3,<0> ,0.0,<0> 
06/08/2023 15:00,55.625,tjrtlmet,P,1.0,1.0,15.0,,19.8,<0> ,72.0,<0> ,1015.0,<0> ,3.8,<0> ,5.6,<0> ,14:50,291.0,<0> ,13.0,<0> ,1297.6,<0> ,0.0,<0> 
06/08/2023 15:15,55.63541667,tjrtlmet,P,1.0,1.0,15.0,,20.1,<0> ,71.0,<0> ,1015.0,<0> ,3.5,<0> ,5.2,<0> ,15:13,295.0,<0> ,16.0,<0> ,1220.0,<0> ,0.0,<0> 
06/08/2023 15:30,55.64583333,tjrtlmet,P,1.0,1.0,15.0,,20.0,<0> ,71.0,<0> ,1015.0,<0> ,3.5,<0> ,5.7,<0> ,15:22,291.0,<0> ,14.0,<0> ,1138.9,<0> ,0.0,<0> 
06/08/2023 15:45,55.65625,tjrtlmet,P,1.0,1.0,15.0,,19.7,<0> ,72.0,<0> ,1015.0,<0> ,3.9,<0> ,5.3,<0> ,15:40,291.0,<0> ,15.0,<0> ,1053.3,<0> ,0.0,<0> 
06/08/2023 16:00,55.66666667,tjrtlmet,P,1.0,1.0,15.0,,19.6,<0> ,73.0,<0> ,1015.0,<0> ,3.5,<0> ,5.2,<0> ,15:45,290.0,<0> ,16.0,<0> ,965.4,<0> ,0.0,<0> 
06/08/2023 16:15,55.67708333,tjrtlmet,P,1.0,1.0,15.0,,19.3,<0> ,73.0,<0> ,1015.0,<0> ,3.8,<0> ,5.4,<0> ,16:10,293.0,<0> ,14.0,<0> ,867.3,<0> ,0.0,<0> 
06/08/2023 16:30,55.6875,tjrtlmet,P,1.0,1.0,15.0,,19.1,<0> ,73.0,<0> ,1015.0,<0> ,3.8,<0> ,5.5,<0> ,16:25,292.0,<0> ,13.0,<0> ,786.5,<0> ,0.0,<0> 
06/08/2023 16:45,55.69791667,tjrtlmet,P,1.0,1.0,15.0,,19.1,<0> ,73.0,<0> ,1016.0,<0> ,3.3,<0> ,5.1,<0> ,16:38,296.0,<0> ,15.0,<0> ,696.4,<0> ,0.0,<0> 
06/08/2023 17:00,55.70833333,tjrtlmet,P,1.0,1.0,15.0,,19.0,<0> ,73.0,<0> ,1016.0,<0> ,3.4,<0> ,5.0,<0> ,16:56,297.0,<0> ,17.0,<0> ,609.4,<0> ,0.0,<0> 
06/08/2023 17:15,55.71875,tjrtlmet,P,1.0,1.0,15.0,,18.8,<0> ,73.0,<0> ,1016.0,<0> ,3.3,<0> ,5.3,<0> ,17:08,299.0,<0> ,15.0,<0> ,530.1,<0> ,0.0,<0> 
06/08/2023 17:30,55.72916667,tjrtlmet,P,1.0,1.0,15.0,,18.8,<0> ,74.0,<0> ,1016.0,<0> ,2.9,<0> ,4.5,<0> ,17:21,297.0,<0> ,18.0,<0> ,479.2,<0> ,0.0,<0> 
06/08/2023 17:45,55.73958333,tjrtlmet,P,1.0,1.0,15.0,,18.5,<0> ,75.0,<0> ,1016.0,<0> ,3.3,<0> ,4.9,<0> ,17:31,302.0,<0> ,14.0,<0> ,378.5,<0> ,0.0,<0> 
06/08/2023 18:00,55.75,tjrtlmet,P,1.0,1.0,15.0,,18.3,<0> ,76.0,<0> ,1016.0,<0> ,2.8,<0> ,4.4,<0> ,17:45,300.0,<0> ,15.0,<0> ,280.0,<0> ,0.0,<0> 
06/08/2023 18:15,55.76041667,tjrtlmet,P,1.0,1.0,15.0,,18.1,<0> ,76.0,<0> ,1016.0,<0> ,2.7,<0> ,4.5,<0> ,18:01,303.0,<0> ,17.0,<0> ,185.7,<0> ,0.0,<0> 
06/08/2023 18:30,55.77083333,tjrtlmet,P,1.0,1.0,15.0,,17.6,<0> ,77.0,<0> ,1016.0,<0> ,2.9,<0> ,4.6,<0> ,18:15,307.0,<0> ,17.0,<0> ,104.9,<0> ,0.0,<0> 
06/08/2023 18:45,55.78125,tjrtlmet,P,1.0,1.0,15.0,,17.3,<0> ,78.0,<0> ,1016.0,<0> ,2.6,<0> ,4.6,<0> ,18:30,306.0,<0> ,17.0,<0> ,40.5,<0> ,0.0,<0> 
06/08/2023 19:00,55.79166667,tjrtlmet,P,1.0,1.0,15.0,,17.0,<0> ,80.0,<0> ,1016.0,<0> ,2.7,<0> ,4.4,<0> ,18:50,307.0,<0> ,15.0,<0> ,9.2,<0> ,0.0,<0> 
06/08/2023 19:15,55.80208333,tjrtlmet,P,1.0,1.0,15.0,,16.9,<0> ,80.0,<0> ,1016.0,<0> ,2.8,<0> ,4.4,<0> ,19:01,306.0,<0> ,15.0,<0> ,0.9,<0> ,0.0,<0> 
06/08/2023 19:30,55.8125,tjrtlmet,P,1.0,1.0,15.0,,16.8,<0> ,80.0,<0> ,1016.0,<0> ,2.7,<0> ,4.2,<0> ,19:26,306.0,<0> ,15.0,<0> ,0.0,<0> ,0.0,<0> 
06/08/2023 19:45,55.82291667,tjrtlmet,P,1.0,1.0,15.0,,16.8,<0> ,80.0,<0> ,1016.0,<0> ,2.2,<0> ,4.0,<0> ,19:31,309.0,<0> ,17.0,<0> ,0.0,<0> ,0.0,<0> 
06/08/2023 20:00,55.83333333,tjrtlmet,P,1.0,1.0,15.0,,16.8,<0> ,80.0,<0> ,1016.0,<0> ,2.2,<0> ,3.9,<0> ,19:45,304.0,<0> ,16.0,<0> ,0.0,<0> ,0.0,<0> 
06/08/2023 20:15,55.84375,tjrtlmet,P,1.0,1.0,15.0,,16.7,<0> ,80.0,<0> ,1016.0,<0> ,2.1,<0> ,4.2,<0> ,20:06,306.0,<0> ,16.0,<0> ,0.0,<0> ,0.0,<0> 
06/08/2023 20:30,55.85416667,tjrtlmet,P,1.0,1.0,15.0,,16.7,<0> ,81.0,<0> ,1016.0,<0> ,2.2,<0> ,3.5,<0> ,20:29,304.0,<0> ,13.0,<0> ,0.0,<0> ,0.0,<0> 
06/08/2023 20:45,55.86458333,tjrtlmet,P,1.0,1.0,15.0,,16.7,<0> ,81.0,<0> ,1016.0,<0> ,2.1,<0> ,3.4,<0> ,20:38,305.0,<0> ,15.0,<0> ,0.0,<0> ,0.0,<0> 
06/08/2023 21:00,55.875,tjrtlmet,P,1.0,1.0,15.0,,16.7,<0> ,81.0,<0> ,1017.0,<0> ,2.1,<0> ,3.6,<0> ,20:59,311.0,<0> ,20.0,<0> ,0.0,<0> ,0.0,<0> 
06/08/2023 21:15,55.88541667,tjrtlmet,P,1.0,1.0,15.0,,16.7,<0> ,82.0,<0> ,1017.0,<0> ,2.5,<0> ,4.0,<0> ,21:03,304.0,<0> ,15.0,<0> ,0.0,<0> ,0.0,<0> 
06/08/2023 21:30,55.89583333,tjrtlmet,P,1.0,1.0,15.0,,16.7,<0> ,82.0,<0> ,1017.0,<0> ,2.3,<0> ,3.4,<0> ,21:24,304.0,<0> ,14.0,<0> ,0.0,<0> ,0.0,<0> 
06/08/2023 21:45,55.90625,tjrtlmet,P,1.0,1.0,15.0,,16.7,<0> ,82.0,<0> ,1017.0,<0> ,2.5,<0> ,3.9,<0> ,21:35,299.0,<0> ,15.0,<0> ,0.0,<0> ,0.0,<0> 
06/08/2023 22:00,55.91666667,tjrtlmet,P,1.0,1.0,15.0,,16.6,<0> ,82.0,<0> ,1017.0,<0> ,2.5,<0> ,3.9,<0> ,21:49,298.0,<0> ,15.0,<0> ,0.0,<0> ,0.0,<0> 
06/08/2023 22:15,55.92708333,tjrtlmet,P,1.0,1.0,15.0,,16.6,<0> ,82.0,<0> ,1017.0,<0> ,2.3,<0> ,3.9,<0> ,22:07,294.0,<0> ,14.0,<0> ,0.0,<0> ,0.0,<0> 
06/08/2023 22:30,55.9375,tjrtlmet,P,1.0,1.0,15.0,,16.6,<0> ,83.0,<0> ,1017.0,<0> ,2.1,<0> ,3.5,<0> ,22:17,299.0,<0> ,15.0,<0> ,0.0,<0> ,0.0,<0> 
06/08/2023 22:45,55.94791667,tjrtlmet,P,1.0,1.0,15.0,,16.6,<0> ,84.0,<0> ,1017.0,<0> ,2.0,<0> ,3.0,<0> ,22:32,297.0,<0> ,13.0,<0> ,0.0,<0> ,0.0,<0> 
06/08/2023 23:00,55.95833333,tjrtlmet,P,1.0,1.0,15.0,,16.6,<0> ,84.0,<0> ,1017.0,<0> ,2.1,<0> ,3.4,<0> ,22:59,301.0,<0> ,14.0,<0> ,0.0,<0> ,0.0,<0> 
06/08/2023 23:15,55.96875,tjrtlmet,P,1.0,1.0,15.0,,16.6,<0> ,84.0,<0> ,1017.0,<0> ,2.2,<0> ,3.5,<0> ,23:14,305.0,<0> ,14.0,<0> ,0.0,<0> ,0.0,<0> 
06/08/2023 23:30,55.97916667,tjrtlmet,P,1.0,1.0,15.0,,16.6,<0> ,84.0,<0> ,1017.0,<0> ,2.2,<0> ,3.3,<0> ,23:21,304.0,<0> ,16.0,<0> ,0.0,<0> ,0.0,<0> 
06/08/2023 23:45,55.98958333,tjrtlmet,P,1.0,1.0,15.0,,16.6,<0> ,83.0,<0> ,1017.0,<0> ,2.3,<0> ,3.5,<0> ,23:44,309.0,<0> ,14.0,<0> ,0.0,<0> ,0.0,<0> 
06/09/2023 00:00,56.0,tjrtlmet,P,1.0,1.0,15.0,,16.6,<0> ,84.0,<0> ,1017.0,<0> ,2.0,<0> ,3.5,<0> ,23:54,305.0,<0> ,15.0,<0> ,0.0,<0> ,0.0,<0> 
06/09/2023 00:15,56.01041667,tjrtlmet,P,1.0,1.0,15.0,,16.5,<0> ,84.0,<0> ,1017.0,<0> ,2.1,<0> ,3.4,<0> ,00:03,301.0,<0> ,15.0,<0> ,0.0,<0> ,0.0,<0> 
06/09/2023 00:30,56.02083333,tjrtlmet,P,1.0,1.0,15.0,,16.6,<0> ,84.0,<0> ,1017.0,<0> ,2.2,<0> ,3.5,<0> ,00:22,305.0,<0> ,14.0,<0> ,0.0,<0> ,0.0,<0> 
06/09/2023 00:45,56.03125,tjrtlmet,P,1.0,1.0,15.0,,16.6,<0> ,84.0,<0> ,1016.0,<0> ,2.4,<0> ,3.6,<0> ,00:37,304.0,<0> ,15.0,<0> ,0.0,<0> ,0.0,<0> 
06/09/2023 01:00,56.04166667,tjrtlmet,P,1.0,1.0,15.0,,16.6,<0> ,83.0,<0> ,1016.0,<0> ,2.1,<0> ,3.3,<0> ,00:49,299.0,<0> ,12.0,<0> ,0.0,<0> ,0.0,<0> 
06/09/2023 01:15,56.05208333,tjrtlmet,P,1.0,1.0,15.0,,16.6,<0> ,84.0,<0> ,1016.0,<0> ,2.2,<0> ,4.2,<0> ,01:06,293.0,<0> ,12.0,<0> ,0.0,<0> ,0.0,<0> 
06/09/2023 01:30,56.0625,tjrtlmet,P,1.0,1.0,15.0,,16.4,<0> ,83.0,<0> ,1016.0,<0> ,2.2,<0> ,3.6,<0> ,01:18,289.0,<0> ,13.0,<0> ,0.0,<0> ,0.0,<0> 
06/09/2023 01:45,56.07291667,tjrtlmet,P,1.0,1.0,15.0,,16.4,<0> ,83.0,<0> ,1016.0,<0> ,2.1,<0> ,3.5,<0> ,01:32,298.0,<0> ,13.0,<0> ,0.0,<0> ,0.0,<0> 
06/09/2023 02:00,56.08333333,tjrtlmet,P,1.0,1.0,15.0,,16.4,<0> ,83.0,<0> ,1016.0,<0> ,2.0,<0> ,3.2,<0> ,01:49,303.0,<0> ,15.0,<0> ,0.0,<0> ,0.0,<0> 
06/09/2023 02:15,56.09375,tjrtlmet,P,1.0,1.0,15.0,,16.3,<0> ,83.0,<0> ,1016.0,<0> ,1.9,<0> ,3.4,<0> ,02:10,312.0,<0> ,16.0,<0> ,0.0,<0> ,0.0,<0> 
06/09/2023 02:30,56.10416667,tjrtlmet,P,1.0,1.0,15.0,,16.3,<0> ,83.0,<0> ,1016.0,<0> ,1.9,<0> ,3.3,<0> ,02:16,313.0,<0> ,20.0,<0> ,0.0,<0> ,0.0,<0> 
06/09/2023 02:45,56.11458333,tjrtlmet,P,1.0,1.0,15.0,,16.2,<0> ,83.0,<0> ,1016.0,<0> ,1.8,<0> ,3.0,<0> ,02:41,311.0,<0> ,20.0,<0> ,0.0,<0> ,0.0,<0> 
06/09/2023 03:00,56.125,tjrtlmet,P,1.0,1.0,15.0,,16.2,<0> ,84.0,<0> ,1016.0,<0> ,1.7,<0> ,3.1,<0> ,02:55,314.0,<0> ,21.0,<0> ,0.0,<0> ,0.0,<0> 
06/09/2023 03:15,56.13541667,tjrtlmet,P,1.0,1.0,15.0,,16.2,<0> ,85.0,<0> ,1016.0,<0> ,1.6,<0> ,2.5,<0> ,03:13,309.0,<0> ,18.0,<0> ,0.0,<0> ,0.0,<0> 
06/09/2023 03:30,56.14583333,tjrtlmet,P,1.0,1.0,15.0,,16.1,<0> ,85.0,<0> ,1016.0,<0> ,1.5,<0> ,2.6,<0> ,03:17,308.0,<0> ,19.0,<0> ,0.0,<0> ,0.0,<0> 
06/09/2023 03:45,56.15625,tjrtlmet,P,1.0,1.0,15.0,,16.1,<0> ,84.0,<0> ,1016.0,<0> ,1.3,<0> ,2.7,<0> ,03:37,309.0,<0> ,14.0,<0> ,0.0,<0> ,0.0,<0> 
06/09/2023 04:00,56.16666667,tjrtlmet,P,1.0,1.0,15.0,,16.1,<0> ,83.0,<0> ,1016.0,<0> ,1.7,<0> ,2.6,<0> ,03:52,306.0,<0> ,14.0,<0> ,0.0,<0> ,0.0,<0> 
06/09/2023 04:15,56.17708333,tjrtlmet,P,1.0,1.0,15.0,,16.2,<0> ,83.0,<0> ,1016.0,<0> ,1.4,<0> ,2.3,<0> ,04:08,310.0,<0> ,21.0,<0> ,0.0,<0> ,0.0,<0> 
06/09/2023 04:30,56.1875,tjrtlmet,P,1.0,1.0,15.0,,16.2,<0> ,85.0,<0> ,1016.0,<0> ,1.1,<0> ,2.4,<0> ,04:28,326.0,<0> ,28.0,<0> ,0.0,<0> ,0.0,<0> 
06/09/2023 04:45,56.19791667,tjrtlmet,P,1.0,1.0,15.0,,16.1,<0> ,86.0,<0> ,1016.0,<0> ,1.1,<0> ,2.9,<0> ,04:30,327.0,<0> ,30.0,<0> ,2.3,<0> ,0.0,<0> 
06/09/2023 05:00,56.20833333,tjrtlmet,P,1.0,1.0,15.0,,16.1,<0> ,86.0,<0> ,1016.0,<0> ,0.8,<0> ,2.4,<0> ,04:52,336.0,<0> ,31.0,<0> ,12.5,<0> ,0.0,<0> 
06/09/2023 05:15,56.21875,tjrtlmet,P,1.0,1.0,15.0,,16.0,<0> ,86.0,<0> ,1016.0,<0> ,0.8,<0> ,2.0,<0> ,05:10,336.0,<0> ,31.0,<0> ,30.2,<0> ,0.0,<0> 
06/09/2023 05:30,56.22916667,tjrtlmet,P,1.0,1.0,15.0,,16.1,<0> ,87.0,<0> ,1016.0,<0> ,1.0,<0> ,2.7,<0> ,05:24,330.0,<0> ,30.0,<0> ,57.8,<0> ,0.0,<0> 
06/09/2023 05:45,56.23958333,tjrtlmet,P,1.0,1.0,15.0,,16.1,<0> ,87.0,<0> ,1016.0,<0> ,1.2,<0> ,2.4,<0> ,05:32,328.0,<0> ,31.0,<0> ,88.5,<0> ,0.0,<0> 
06/09/2023 06:00,56.25,tjrtlmet,P,1.0,1.0,15.0,,16.2,<0> ,87.0,<0> ,1015.0,<0> ,1.0,<0> ,2.7,<0> ,05:49,332.0,<0> ,32.0,<0> ,118.6,<0> ,0.0,<0> 
06/09/2023 06:15,56.26041667,tjrtlmet,P,1.0,1.0,15.0,,16.3,<0> ,85.0,<0> ,1015.0,<0> ,1.3,<0> ,2.9,<0> ,06:10,325.0,<0> ,28.0,<0> ,156.5,<0> ,0.0,<0> 
06/09/2023 06:30,56.27083333,tjrtlmet,P,1.0,1.0,15.0,,16.6,<0> ,85.0,<0> ,1015.0,<0> ,1.8,<0> ,3.2,<0> ,06:29,320.0,<0> ,27.0,<0> ,233.1,<0> ,0.0,<0> 
06/09/2023 06:45,56.28125,tjrtlmet,P,1.0,1.0,15.0,,16.8,<0> ,84.0,<0> ,1015.0,<0> ,1.7,<0> ,3.2,<0> ,06:35,320.0,<0> ,28.0,<0> ,270.6,<0> ,0.0,<0> 
06/09/2023 07:00,56.29166667,tjrtlmet,P,1.0,1.0,15.0,,17.0,<0> ,83.0,<0> ,1015.0,<0> ,1.8,<0> ,3.4,<0> ,06:55,315.0,<0> ,22.0,<0> ,311.9,<0> ,0.0,<0> 
06/09/2023 07:15,56.30208333,tjrtlmet,P,1.0,1.0,15.0,,17.1,<0> ,83.0,<0> ,1015.0,<0> ,1.9,<0> ,3.8,<0> ,07:09,320.0,<0> ,23.0,<0> ,351.4,<0> ,0.0,<0> 
06/09/2023 07:30,56.3125,tjrtlmet,P,1.0,1.0,15.0,,17.3,<0> ,82.0,<0> ,1016.0,<0> ,1.9,<0> ,3.7,<0> ,07:18,318.0,<0> ,23.0,<0> ,361.8,<0> ,0.0,<0> 
06/09/2023 07:45,56.32291667,tjrtlmet,P,1.0,1.0,15.0,,17.5,<0> ,81.0,<0> ,1016.0,<0> ,2.5,<0> ,3.8,<0> ,07:33,306.0,<0> ,16.0,<0> ,383.9,<0> ,0.0,<0> 
06/09/2023 08:00,56.33333333,tjrtlmet,P,1.0,1.0,15.0,,17.7,<0> ,81.0,<0> ,1016.0,<0> ,2.5,<0> ,4.5,<0> ,07:50,307.0,<0> ,17.0,<0> ,440.2,<0> ,0.0,<0> 
06/09/2023 08:15,56.34375,tjrtlmet,P,1.0,1.0,15.0,,17.9,<0> ,80.0,<0> ,1016.0,<0> ,2.4,<0> ,4.1,<0> ,08:14,303.0,<0> ,20.0,<0> ,470.1,<0> ,0.0,<0> 
06/09/2023 08:30,56.35416667,tjrtlmet,P,1.0,1.0,15.0,,17.8,<0> ,81.0,<0> ,1016.0,<0> ,3.1,<0> ,5.1,<0> ,08:26,302.0,<0> ,13.0,<0> ,479.1,<0> ,0.0,<0> 
06/09/2023 08:45,56.36458333,tjrtlmet,P,1.0,1.0,15.0,,17.8,<0> ,82.0,<0> ,1016.0,<0> ,3.2,<0> ,5.3,<0> ,08:37,303.0,<0> ,15.0,<0> ,486.7,<0> ,0.0,<0> 
06/09/2023 09:00,56.375,tjrtlmet,P,1.0,1.0,15.0,,17.8,<0> ,81.0,<0> ,1016.0,<0> ,3.1,<0> ,4.7,<0> ,08:54,307.0,<0> ,15.0,<0> ,488.6,<0> ,0.0,<0> 
06/09/2023 09:15,56.38541667,tjrtlmet,P,1.0,1.0,15.0,,17.7,<0> ,81.0,<0> ,1016.0,<0> ,3.1,<0> ,4.8,<0> ,09:05,307.0,<0> ,18.0,<0> ,506.6,<0> ,0.0,<0> 
06/09/2023 09:30,56.39583333,tjrtlmet,P,1.0,1.0,15.0,,17.8,<0> ,80.0,<0> ,1016.0,<0> ,2.9,<0> ,4.4,<0> ,09:30,306.0,<0> ,17.0,<0> ,512.5,<0> ,0.0,<0> 
06/09/2023 09:45,56.40625,tjrtlmet,P,1.0,1.0,15.0,,17.8,<0> ,81.0,<0> ,1016.0,<0> ,3.1,<0> ,5.1,<0> ,09:36,302.0,<0> ,13.0,<0> ,553.4,<0> ,0.0,<0> 
06/09/2023 10:00,56.41666667,tjrtlmet,P,1.0,1.0,15.0,,18.1,<0> ,81.0,<0> ,1016.0,<0> ,2.7,<0> ,4.0,<0> ,09:55,303.0,<0> ,15.0,<0> ,621.3,<0> ,0.0,<0> 
06/09/2023 10:15,56.42708333,tjrtlmet,P,1.0,1.0,15.0,,18.4,<0> ,79.0,<0> ,1017.0,<0> ,2.6,<0> ,3.9,<0> ,10:01,300.0,<0> ,15.0,<0> ,684.7,<0> ,0.0,<0> 
06/09/2023 10:30,56.4375,tjrtlmet,P,1.0,1.0,15.0,,18.5,<0> ,79.0,<0> ,1016.0,<0> ,2.7,<0> ,4.2,<0> ,10:20,291.0,<0> ,15.0,<0> ,756.0,<0> ,0.0,<0> 
06/09/2023 10:45,56.44791667,tjrtlmet,P,1.0,1.0,15.0,,18.4,<0> ,78.0,<0> ,1016.0,<0> ,3.0,<0> ,4.3,<0> ,10:32,291.0,<0> ,14.0,<0> ,684.7,<0> ,0.0,<0> 
06/09/2023 11:00,56.45833333,tjrtlmet,P,1.0,1.0,15.0,,18.3,<0> ,78.0,<0> ,1016.0,<0> ,2.9,<0> ,4.4,<0> ,10:53,293.0,<0> ,15.0,<0> ,711.3,<0> ,0.0,<0> 
06/09/2023 11:15,56.46875,tjrtlmet,P,1.0,1.0,15.0,,18.5,<0> ,77.0,<0> ,1016.0,<0> ,3.0,<0> ,4.8,<0> ,11:13,290.0,<0> ,15.0,<0> ,762.0,<0> ,0.0,<0> 
06/09/2023 11:30,56.47916667,tjrtlmet,P,1.0,1.0,15.0,,18.7,<0> ,76.0,<0> ,1016.0,<0> ,3.1,<0> ,5.0,<0> ,11:15,293.0,<0> ,16.0,<0> ,857.6,<0> ,0.0,<0> 
06/09/2023 11:45,56.48958333,tjrtlmet,P,1.0,1.0,15.0,,19.0,<0> ,75.0,<0> ,1016.0,<0> ,2.9,<0> ,4.7,<0> ,11:37,282.0,<0> ,14.0,<0> ,951.8,<0> ,0.0,<0> 
06/09/2023 12:00,56.5,tjrtlmet,P,1.0,1.0,15.0,,19.2,<0> ,74.0,<0> ,1016.0,<0> ,2.8,<0> ,4.0,<0> ,11:51,280.0,<0> ,14.0,<0> ,1000.8,<0> ,0.0,<0> 
06/09/2023 12:15,56.51041667,tjrtlmet,P,1.0,1.0,15.0,,19.5,<0> ,73.0,<0> ,1016.0,<0> ,2.8,<0> ,4.1,<0> ,12:03,289.0,<0> ,14.0,<0> ,1100.6,<0> ,0.0,<0> 
06/09/2023 12:30,56.52083333,tjrtlmet,P,1.0,1.0,15.0,,19.8,<0> ,71.0,<0> ,1016.0,<0> ,2.9,<0> ,4.6,<0> ,12:16,288.0,<0> ,16.0,<0> ,1111.0,<0> ,0.0,<0> 
06/09/2023 12:45,56.53125,tjrtlmet,P,1.0,1.0,15.0,,19.7,<0> ,70.0,<0> ,1016.0,<0> ,2.9,<0> ,4.4,<0> ,12:32,290.0,<0> ,13.0,<0> ,1094.4,<0> ,0.0,<0> 
06/09/2023 13:00,56.54166667,tjrtlmet,P,1.0,1.0,15.0,,19.9,<0> ,72.0,<0> ,1016.0,<0> ,3.0,<0> ,4.6,<0> ,12:56,292.0,<0> ,14.0,<0> ,1205.3,<0> ,0.0,<0> 
06/09/2023 13:15,56.55208333,tjrtlmet,P,1.0,1.0,15.0,,20.3,<0> ,73.0,<0> ,1015.0,<0> ,3.3,<0> ,5.0,<0> ,13:04,296.0,<0> ,15.0,<0> ,1279.6,<0> ,0.0,<0> 
06/09/2023 13:30,56.5625,tjrtlmet,P,1.0,1.0,15.0,,20.1,<0> ,73.0,<0> ,1015.0,<0> ,3.6,<0> ,5.7,<0> ,13:16,298.0,<0> ,13.0,<0> ,1220.8,<0> ,0.0,<0> 
06/09/2023 13:45,56.57291667,tjrtlmet,P,1.0,1.0,15.0,,19.7,<0> ,73.0,<0> ,1015.0,<0> ,3.8,<0> ,5.6,<0> ,13:37,298.0,<0> ,15.0,<0> ,884.7,<0> ,0.0,<0> 
06/09/2023 14:00,56.58333333,tjrtlmet,P,1.0,1.0,15.0,,19.3,<0> ,75.0,<0> ,1015.0,<0> ,3.4,<0> ,6.1,<0> ,13:53,301.0,<0> ,14.0,<0> ,896.0,<0> ,0.0,<0> 
06/09/2023 14:15,56.59375,tjrtlmet,P,1.0,1.0,15.0,,20.0,<0> ,72.0,<0> ,1015.0,<0> ,3.8,<0> ,6.1,<0> ,14:09,301.0,<0> ,15.0,<0> ,1198.2,<0> ,0.0,<0> 
06/09/2023 14:30,56.60416667,tjrtlmet,P,1.0,1.0,15.0,,19.9,<0> ,71.0,<0> ,1015.0,<0> ,3.6,<0> ,5.5,<0> ,14:26,293.0,<0> ,15.0,<0> ,1256.0,<0> ,0.0,<0> 
06/09/2023 14:45,56.61458333,tjrtlmet,P,1.0,1.0,15.0,,20.4,<0> ,70.0,<0> ,1015.0,<0> ,3.2,<0> ,4.9,<0> ,14:35,294.0,<0> ,14.0,<0> ,1309.2,<0> ,0.0,<0> 
06/09/2023 15:00,56.625,tjrtlmet,P,1.0,1.0,15.0,,20.5,<0> ,69.0,<0> ,1015.0,<0> ,3.3,<0> ,4.8,<0> ,14:51,295.0,<0> ,16.0,<0> ,1312.8,<0> ,0.0,<0> 
06/09/2023 15:15,56.63541667,tjrtlmet,P,1.0,1.0,15.0,,20.5,<0> ,68.0,<0> ,1015.0,<0> ,3.7,<0> ,6.0,<0> ,15:01,300.0,<0> ,15.0,<0> ,1239.0,<0> ,0.0,<0> 
06/09/2023 15:30,56.64583333,tjrtlmet,P,1.0,1.0,15.0,,20.0,<0> ,69.0,<0> ,1015.0,<0> ,3.8,<0> ,6.2,<0> ,15:17,299.0,<0> ,14.0,<0> ,1147.8,<0> ,0.0,<0> 
06/09/2023 15:45,56.65625,tjrtlmet,P,1.0,1.0,15.0,,19.9,<0> ,68.0,<0> ,1015.0,<0> ,4.1,<0> ,5.9,<0> ,15:44,302.0,<0> ,14.0,<0> ,1056.9,<0> ,0.0,<0> 
06/09/2023 16:00,56.66666667,tjrtlmet,P,1.0,1.0,15.0,,19.6,<0> ,69.0,<0> ,1015.0,<0> ,4.2,<0> ,6.6,<0> ,15:47,300.0,<0> ,15.0,<0> ,966.6,<0> ,0.0,<0> 
06/09/2023 16:15,56.67708333,tjrtlmet,P,1.0,1.0,15.0,,19.5,<0> ,70.0,<0> ,1014.0,<0> ,4.0,<0> ,5.7,<0> ,16:15,298.0,<0> ,15.0,<0> ,886.6,<0> ,0.0,<0> 
06/09/2023 16:30,56.6875,tjrtlmet,P,1.0,1.0,15.0,,19.2,<0> ,72.0,<0> ,1014.0,<0> ,3.8,<0> ,6.3,<0> ,16:20,300.0,<0> ,17.0,<0> ,692.4,<0> ,0.0,<0> 
06/09/2023 16:45,56.69791667,tjrtlmet,P,1.0,1.0,15.0,,18.8,<0> ,74.0,<0> ,1014.0,<0> ,3.6,<0> ,5.2,<0> ,16:35,299.0,<0> ,16.0,<0> ,581.2,<0> ,0.0,<0> 
06/09/2023 17:00,56.70833333,tjrtlmet,P,1.0,1.0,15.0,,18.4,<0> ,76.0,<0> ,1014.0,<0> ,3.6,<0> ,5.1,<0> ,16:48,302.0,<0> ,14.0,<0> ,418.6,<0> ,0.0,<0> 
06/09/2023 17:15,56.71875,tjrtlmet,P,1.0,1.0,15.0,,18.2,<0> ,76.0,<0> ,1014.0,<0> ,3.5,<0> ,5.2,<0> ,17:05,305.0,<0> ,15.0,<0> ,339.0,<0> ,0.0,<0> 
06/09/2023 17:30,56.72916667,tjrtlmet,P,1.0,1.0,15.0,,17.6,<0> ,78.0,<0> ,1014.0,<0> ,3.5,<0> ,5.8,<0> ,17:15,306.0,<0> ,13.0,<0> ,219.7,<0> ,0.0,<0> 
06/09/2023 17:45,56.73958333,tjrtlmet,P,1.0,1.0,15.0,,17.4,<0> ,79.0,<0> ,1014.0,<0> ,3.3,<0> ,5.2,<0> ,17:40,303.0,<0> ,15.0,<0> ,188.7,<0> ,0.0,<0> 
06/09/2023 18:00,56.75,tjrtlmet,P,1.0,1.0,15.0,,17.5,<0> ,79.0,<0> ,1014.0,<0> ,3.0,<0> ,4.4,<0> ,17:49,307.0,<0> ,14.0,<0> ,164.0,<0> ,0.0,<0> 
06/09/2023 18:15,56.76041667,tjrtlmet,P,1.0,1.0,15.0,,17.4,<0> ,80.0,<0> ,1015.0,<0> ,2.7,<0> ,4.4,<0> ,18:07,304.0,<0> ,16.0,<0> ,71.4,<0> ,0.0,<0> 
06/09/2023 18:30,56.77083333,tjrtlmet,P,1.0,1.0,15.0,,17.2,<0> ,81.0,<0> ,1015.0,<0> ,3.1,<0> ,4.8,<0> ,18:23,306.0,<0> ,14.0,<0> ,42.4,<0> ,0.0,<0> 
06/09/2023 18:45,56.78125,tjrtlmet,P,1.0,1.0,15.0,,17.1,<0> ,81.0,<0> ,1015.0,<0> ,3.2,<0> ,4.6,<0> ,18:35,305.0,<0> ,15.0,<0> ,16.4,<0> ,0.0,<0> 
06/09/2023 19:00,56.79166667,tjrtlmet,P,1.0,1.0,15.0,,17.0,<0> ,82.0,<0> ,1014.0,<0> ,2.8,<0> ,4.4,<0> ,18:49,306.0,<0> ,16.0,<0> ,5.4,<0> ,0.0,<0> 
06/09/2023 19:15,56.80208333,tjrtlmet,P,1.0,1.0,15.0,,16.9,<0> ,83.0,<0> ,1014.0,<0> ,2.9,<0> ,4.3,<0> ,19:00,303.0,<0> ,16.0,<0> ,0.4,<0> ,0.0,<0> 
06/09/2023 19:30,56.8125,tjrtlmet,P,1.0,1.0,15.0,,16.8,<0> ,83.0,<0> ,1014.0,<0> ,3.1,<0> ,5.0,<0> ,19:28,303.0,<0> ,14.0,<0> ,0.0,<0> ,0.0,<0> 
06/09/2023 19:45,56.82291667,tjrtlmet,P,1.0,1.0,15.0,,16.8,<0> ,83.0,<0> ,1015.0,<0> ,2.9,<0> ,4.5,<0> ,19:39,305.0,<0> ,15.0,<0> ,0.0,<0> ,0.0,<0> 
06/09/2023 20:00,56.83333333,tjrtlmet,P,1.0,1.0,15.0,,16.7,<0> ,83.0,<0> ,1015.0,<0> ,2.8,<0> ,5.1,<0> ,19:51,302.0,<0> ,15.0,<0> ,0.0,<0> ,0.0,<0> 
06/09/2023 20:15,56.84375,tjrtlmet,P,1.0,1.0,15.0,,16.8,<0> ,83.0,<0> ,1015.0,<0> ,2.3,<0> ,4.0,<0> ,20:09,308.0,<0> ,16.0,<0> ,0.0,<0> ,0.0,<0> 
06/09/2023 20:30,56.85416667,tjrtlmet,P,1.0,1.0,15.0,,16.8,<0> ,83.0,<0> ,1015.0,<0> ,2.8,<0> ,4.3,<0> ,20:15,306.0,<0> ,15.0,<0> ,0.0,<0> ,0.0,<0> 
06/09/2023 20:45,56.86458333,tjrtlmet,P,1.0,1.0,15.0,,16.8,<0> ,84.0,<0> ,1015.0,<0> ,2.7,<0> ,3.9,<0> ,20:42,304.0,<0> ,15.0,<0> ,0.0,<0> ,0.0,<0> 
06/09/2023 21:00,56.875,tjrtlmet,P,1.0,1.0,15.0,,16.8,<0> ,84.0,<0> ,1015.0,<0> ,2.5,<0> ,4.1,<0> ,20:55,303.0,<0> ,13.0,<0> ,0.0,<0> ,0.0,<0> 
06/09/2023 21:15,56.88541667,tjrtlmet,P,1.0,1.0,15.0,,16.7,<0> ,84.0,<0> ,1015.0,<0> ,2.5,<0> ,3.8,<0> ,21:09,305.0,<0> ,15.0,<0> ,0.0,<0> ,0.0,<0> 
06/09/2023 21:30,56.89583333,tjrtlmet,P,1.0,1.0,15.0,,16.7,<0> ,84.0,<0> ,1015.0,<0> ,2.1,<0> ,3.2,<0> ,21:17,296.0,<0> ,15.0,<0> ,0.0,<0> ,0.0,<0> 
06/09/2023 21:45,56.90625,tjrtlmet,P,1.0,1.0,15.0,,16.7,<0> ,83.0,<0> ,1015.0,<0> ,1.9,<0> ,3.1,<0> ,21:33,304.0,<0> ,14.0,<0> ,0.0,<0> ,0.0,<0> 
06/09/2023 22:00,56.91666667,tjrtlmet,P,1.0,1.0,15.0,,16.6,<0> ,81.0,<0> ,1015.0,<0> ,1.9,<0> ,3.2,<0> ,21:53,290.0,<0> ,15.0,<0> ,0.0,<0> ,0.0,<0> 
06/09/2023 22:15,56.92708333,tjrtlmet,P,1.0,1.0,15.0,,16.7,<0> ,82.0,<0> ,1015.0,<0> ,2.3,<0> ,3.9,<0> ,22:09,288.0,<0> ,13.0,<0> ,0.0,<0> ,0.0,<0> 
06/09/2023 22:30,56.9375,tjrtlmet,P,1.0,1.0,15.0,,16.6,<0> ,82.0,<0> ,1014.0,<0> ,2.5,<0> ,4.0,<0> ,22:29,287.0,<0> ,14.0,<0> ,0.0,<0> ,0.0,<0> 
06/09/2023 22:45,56.94791667,tjrtlmet,P,1.0,1.0,15.0,,16.5,<0> ,82.0,<0> ,1014.0,<0> ,2.5,<0> ,3.8,<0> ,22:33,286.0,<0> ,13.0,<0> ,0.0,<0> ,0.0,<0> 
06/09/2023 23:00,56.95833333,tjrtlmet,P,1.0,1.0,15.0,,16.5,<0> ,85.0,<0> ,1014.0,<0> ,2.3,<0> ,3.7,<0> ,22:50,291.0,<0> ,11.0,<0> ,0.0,<0> ,0.0,<0> 
06/09/2023 23:15,56.96875,tjrtlmet,P,1.0,1.0,15.0,,16.4,<0> ,85.0,<0> ,1014.0,<0> ,1.9,<0> ,3.0,<0> ,23:14,285.0,<0> ,14.0,<0> ,0.0,<0> ,0.0,<0> 
06/09/2023 23:30,56.97916667,tjrtlmet,P,1.0,1.0,15.0,,16.3,<0> ,86.0,<0> ,1014.0,<0> ,1.9,<0> ,2.7,<0> ,23:25,275.0,<0> ,11.0,<0> ,0.0,<0> ,0.0,<0> 
06/09/2023 23:45,56.98958333,tjrtlmet,P,1.0,1.0,15.0,,16.3,<0> ,86.0,<0> ,1014.0,<0> ,1.7,<0> ,2.5,<0> ,23:43,265.0,<0> ,10.0,<0> ,0.0,<0> ,0.0,<0> 
06/10/2023 00:00,57.0,tjrtlmet,P,1.0,1.0,15.0,,16.2,<0> ,86.0,<0> ,1014.0,<0> ,1.6,<0> ,2.5,<0> ,23:46,267.0,<0> ,11.0,<0> ,0.0,<0> ,0.0,<0> 
