JDAY,DLT(s),ELWS(m),T2(C),U(ms-1),Q(m3s-1),SRON(Wm-2),EXT(m-1),DEPTH(m),WIDTH(m),SHADE,Tvolavg(C),NetRad(Wm-2),SWSolar(Wm-2),LWRad(Wm-2),BackRad(Wm-2),EvapF(Wm-2),ConducF(Wm-2),ReaerationCoeff(day-1),            TDS,     EPI(g/m2),     SED(Organic matter in sediments g/m3),    SEDP(OrgP in sediments gP/m3),    SEDN(OrgN in sediments gN/m3),    SEDC(OrgCSediments gC/m3),PLIM_ALG1           ,PLIM_ALG2           ,PLIM_ALG3           ,NLIM_ALG1           ,NLIM_ALG2           ,NLIM_ALG3           ,LLIM_ALG1           ,LLIM_ALG2           ,LLIM_ALG3           ,EPLIM_1,ENLIM_1,ELLIM_1,
     1.011,     1.000,     1.800,    20.000,     0.000,     0.000,     0.000,     0.450,     1.200,     9.130,     1.000,    20.000,     0.000,     0.000,     0.000,     0.000,     0.000,     0.000,     0.000,        35.000,        10.000,     0.000,     0.000,     0.000,     0.000,         1.000,         1.000,         1.000,         1.000,         1.000,         1.000,         1.000,         1.000,         1.000,         1.000,         1.000,         1.000,
     1.015,     1.561,     1.949,    20.000,    -0.173,   -11.429,     0.000,     0.450,     1.349,     9.130,     1.000,    20.000,     0.000,     0.000,     0.000,     0.000,     0.000,     0.000,     0.000,        35.000,         9.996,     0.000,     0.000,     0.000,     0.000,         1.000,         1.000,         1.000,         1.000,         1.000,         1.000,         1.000,         1.000,         1.000,         0.000,         0.000,         0.000,
     1.019,     1.418,     1.988,    20.000,    -0.202,   -14.214,     0.000,     0.450,     1.388,     9.130,     1.000,    20.000,     0.000,     0.000,     0.000,     0.000,     0.000,     0.000,     0.000,        35.000,         9.992,     0.000,     0.000,     0.000,     0.000,         1.000,         1.000,         1.000,         1.000,         1.000,         1.000,         1.000,         1.000,         1.000,         0.000,         0.000,         0.000,
     1.024,     1.558,     2.000,    20.000,    -0.224,   -13.972,     0.000,     0.450,     1.400,     9.130,     1.000,    20.000,     0.000,     0.000,     0.000,     0.000,     0.000,     0.000,     0.000,        35.000,         9.987,     0.000,     0.000,     0.000,     0.000,         1.000,         1.000,         1.000,         1.000,         1.000,         1.000,         1.000,         1.000,         1.000,         0.000,         0.000,         0.000,
     1.028,     1.595,     2.021,    20.000,    -0.230,   -14.678,     0.000,     0.450,     1.421,     9.130,     1.000,    20.000,     0.000,     0.000,     0.000,     0.000,     0.000,     0.000,     0.000,        35.000,         9.983,     0.000,     0.000,     0.000,     0.000,         1.000,         1.000,         1.000,         1.000,         1.000,         1.000,         1.000,         1.000,         1.000,         0.000,         0.000,         0.000,
     1.032,     3.795,     1.971,    20.000,    -0.157,   -10.979,     0.000,     0.450,     1.371,     9.130,     1.000,    20.000,     0.000,     0.000,     0.000,     0.000,     0.000,     0.000,     0.000,        35.000,         9.979,     0.000,     0.000,     0.000,     0.000,         1.000,         1.000,         1.000,         1.000,         1.000,         1.000,         1.000,         1.000,         1.000,         0.000,         0.000,         0.000,
     1.036,     8.116,     1.997,    20.008,    -0.161,   -10.995,     0.000,     0.450,     1.397,     9.130,     1.000,    20.022,     0.000,     0.000,     0.000,     0.000,     0.000,     0.000,     0.000,        35.000,         9.975,     0.000,     0.000,     0.000,     0.000,         1.000,         1.000,         1.000,         1.000,         1.000,         1.000,         1.000,         1.000,         1.000,         0.000,         0.000,         0.000,
     1.040,     7.171,     2.015,    20.975,    -0.187,   -11.698,     0.000,     0.450,     1.415,     9.130,     1.000,    21.044,     0.000,     0.000,     0.000,     0.000,     0.000,     0.000,     0.000,        35.000,         9.971,     0.000,     0.000,     0.000,     0.000,         1.000,         1.000,         1.000,         1.000,         1.000,         1.000,         1.000,         1.000,         1.000,         0.000,         0.000,         0.000,
     1.044,     6.785,     2.026,    20.634,    -0.181,   -11.283,     0.000,     0.450,     1.426,     9.130,     1.000,    20.985,     0.000,     0.000,     0.000,     0.000,     0.000,     0.000,     0.000,        35.000,         9.966,     0.000,     0.000,     0.000,     0.000,         1.000,         1.000,         1.000,         1.000,         1.000,         1.000,         1.000,         1.000,         1.000,         0.000,         0.000,         0.000,
     1.049,     7.842,     2.004,    21.175,    -0.153,    -9.234,     0.000,     0.450,     1.404,     9.130,     1.000,    21.291,     0.000,     0.000,     0.000,     0.000,     0.000,     0.000,     0.000,        35.000,         9.962,     0.000,     0.000,     0.000,     0.000,         1.000,         1.000,         1.000,         1.000,         1.000,         1.000,         1.000,         1.000,         1.000,         0.000,         0.000,         0.000,
     1.053,     6.971,     1.988,    20.808,    -0.085,    -6.385,     0.000,     0.450,     1.388,     9.130,     1.000,    21.677,     0.000,     0.000,     0.000,     0.000,     0.000,     0.000,     0.000,        35.000,         9.958,     0.001,     0.000,     0.000,     0.000,         1.000,         1.000,         1.000,         1.000,         1.000,         1.000,         1.000,         1.000,         1.000,         0.000,         0.000,         0.000,
     1.057,    15.721,     1.993,    20.272,    -0.079,    -5.437,     0.000,     0.450,     1.393,     9.130,     1.000,    21.154,     0.000,     0.000,     0.000,     0.000,     0.000,     0.000,     0.000,        35.000,         9.954,     0.001,     0.000,     0.000,     0.000,         1.000,         1.000,         1.000,         1.000,         1.000,         1.000,         1.000,         1.000,         1.000,         0.000,         0.000,         0.000,
     1.061,    16.750,     2.000,    20.705,    -0.084,    -5.336,     0.000,     0.450,     1.400,     9.130,     1.000,    21.261,     0.000,     0.000,     0.000,     0.000,     0.000,     0.000,     0.000,        35.000,         9.950,     0.001,     0.000,     0.000,     0.000,         1.000,         1.000,         1.000,         1.000,         1.000,         1.000,         1.000,         1.000,         1.000,         0.000,         0.000,         0.000,
     1.065,    14.277,     2.007,    20.968,    -0.084,    -5.177,     0.000,     0.450,     1.407,     9.130,     1.000,    21.342,     0.000,     0.000,     0.000,     0.000,     0.000,     0.000,     0.000,        35.000,         9.945,     0.001,     0.000,     0.000,     0.000,         1.000,         1.000,         1.000,         1.000,         1.000,         1.000,         1.000,         1.000,         1.000,         0.000,         0.000,         0.000,
     1.069,    20.642,     1.995,    20.985,    -0.047,    -3.049,     0.000,     0.450,     1.395,     9.130,     1.000,    21.603,     0.000,     0.000,     0.000,     0.000,     0.000,     0.000,     0.000,        35.000,         9.941,     0.001,     0.000,     0.000,     0.000,         1.000,         1.000,         1.000,         1.000,         1.000,         1.000,         1.000,         1.000,         1.000,         0.000,         0.000,         0.000,
     1.074,    12.253,     1.994,    21.710,     0.002,    -0.206,     0.000,     0.450,     1.394,     9.130,     1.000,    22.044,     0.000,     0.000,     0.000,     0.000,     0.000,     0.000,     0.000,        35.000,         9.937,     0.001,     0.000,     0.000,     0.000,         1.000,         1.000,         1.000,         1.000,         1.000,         1.000,         1.000,         1.000,         1.000,         0.000,         0.000,         0.000,
     1.078,    12.548,     1.999,    21.726,     0.019,     0.703,     0.000,     0.450,     1.399,     9.130,     1.000,    22.025,     0.000,     0.000,     0.000,     0.000,     0.000,     0.000,     0.000,        35.000,         9.933,     0.001,     0.000,     0.000,     0.000,         1.000,         1.000,         1.000,         1.000,         1.000,         1.000,         1.000,         1.000,         1.000,         0.000,         0.000,         0.000,
     1.082,    31.051,     2.005,    21.949,    -0.012,    -0.973,     0.000,     0.450,     1.405,     9.130,     1.000,    22.049,     0.000,     0.000,     0.000,     0.000,     0.000,     0.000,     0.000,        35.000,         9.928,     0.001,     0.000,     0.000,     0.000,         1.000,         1.000,         1.000,         1.000,         1.000,         1.000,         1.000,         1.000,         1.000,         0.000,         0.000,         0.000,
     1.086,    17.186,     2.007,    21.658,    -0.041,    -2.595,     0.000,     0.450,     1.407,     9.130,     1.000,    21.970,     0.000,     0.000,     0.000,     0.000,     0.000,     0.000,     0.000,        35.000,         9.924,     0.001,     0.000,     0.000,     0.000,         1.000,         1.000,         1.000,         1.000,         1.000,         1.000,         1.000,         1.000,         1.000,         0.000,         0.000,         0.000,
     1.090,    18.735,     2.000,    21.278,    -0.014,    -1.439,     0.000,     0.450,     1.400,     9.130,     1.000,    21.908,     0.000,     0.000,     0.000,     0.000,     0.000,     0.000,     0.000,        35.000,         9.920,     0.001,     0.000,     0.000,     0.000,         1.000,         1.000,         1.000,         1.000,         1.000,         1.000,         1.000,         1.000,         1.000,         0.000,         0.000,         0.000,
     1.094,    21.672,     1.997,    21.628,     0.029,     1.400,     0.000,     0.450,     1.397,     9.130,     1.000,    22.034,     0.000,     0.000,     0.000,     0.000,     0.000,     0.000,     0.000,        35.000,         9.916,     0.001,     0.000,     0.000,     0.000,         1.000,         1.000,         1.000,         1.000,         1.000,         1.000,         1.000,         1.000,         1.000,         0.000,         0.000,         0.000,
     1.099,    28.587,     1.998,    21.956,     0.042,     2.665,     0.000,     0.450,     1.398,     9.130,     1.000,    22.042,     0.000,     0.000,     0.000,     0.000,     0.000,     0.000,     0.000,        35.000,         9.912,     0.001,     0.000,     0.000,     0.001,         1.000,         1.000,         1.000,         1.000,         1.000,         1.000,         1.000,         1.000,         1.000,         0.000,         0.000,         0.000,
     1.103,    38.114,     2.001,    21.870,     0.025,     1.544,     0.000,     0.450,     1.401,     9.130,     1.000,    21.870,     0.000,     0.000,     0.000,     0.000,     0.000,     0.000,     0.000,        35.000,         9.907,     0.001,     0.000,     0.000,     0.000,         1.000,         1.000,         1.000,         1.000,         1.000,         1.000,         1.000,         1.000,         1.000,         0.000,         0.000,         0.000,
     1.107,    29.627,     2.000,    21.782,     0.008,     0.144,     0.000,     0.450,     1.400,     9.130,     1.000,    21.789,     0.000,     0.000,     0.000,     0.000,     0.000,     0.000,     0.000,        35.000,         9.903,     0.001,     0.000,     0.000,     0.001,         1.000,         1.000,         1.000,         1.000,         1.000,         1.000,         1.000,         1.000,         1.000,         0.000,         0.000,         0.000,
     1.111,    24.250,     1.997,    21.800,     0.004,    -0.263,     0.000,     0.450,     1.397,     9.130,     1.000,    22.009,     0.000,     0.000,     0.000,     0.000,     0.000,     0.000,     0.000,        35.000,         9.899,     0.001,     0.000,     0.000,     0.001,         1.000,         1.000,         1.000,         1.000,         1.000,         1.000,         1.000,         1.000,         1.000,         0.000,         0.000,         0.000,
     1.116,    31.357,     1.997,    21.847,     0.007,    -0.039,     0.000,     0.450,     1.397,     9.130,     1.000,    22.106,     0.000,     0.000,     0.000,     0.000,     0.000,     0.000,     0.000,        35.000,         9.895,     0.001,     0.000,     0.000,     0.001,         1.000,         1.000,         1.000,         1.000,         1.000,         1.000,         1.000,         1.000,         1.000,         0.000,         0.000,         0.000,
     1.120,    39.628,     2.000,    21.451,    -0.002,    -0.513,     0.000,     0.450,     1.400,     9.130,     1.000,    22.025,     0.000,     0.000,     0.000,     0.000,     0.000,     0.000,     0.000,        35.000,         9.891,     0.001,     0.000,     0.000,     0.001,         1.000,         1.000,         1.000,         1.000,         1.000,         1.000,         1.000,         1.000,         1.000,         0.000,         0.000,         0.000,
     1.124,    43.401,     2.002,    21.795,    -0.020,    -1.477,     0.000,     0.450,     1.402,     9.130,     1.000,    21.936,     0.000,     0.000,     0.000,     0.000,     0.000,     0.000,     0.000,        35.000,         9.887,     0.001,     0.000,     0.000,     0.001,         1.000,         1.000,         1.000,         1.000,         1.000,         1.000,         1.000,         1.000,         1.000,         0.000,         0.000,         0.000,
     1.128,    47.953,     2.002,    21.770,    -0.027,    -1.564,     0.000,     0.450,     1.402,     9.130,     1.000,    21.857,     0.000,     0.000,     0.000,     0.000,     0.000,     0.000,     0.000,        35.000,         9.883,     0.001,     0.000,     0.000,     0.001,         1.000,         1.000,         1.000,         1.000,         1.000,         1.000,         1.000,         1.000,         1.000,         0.000,         0.000,         0.000,
     1.132,    47.921,     1.999,    21.551,    -0.001,    -0.396,     0.000,     0.450,     1.399,     9.130,     1.000,    21.950,     0.000,     0.000,     0.000,     0.000,     0.000,     0.000,     0.000,        35.000,         9.878,     0.002,     0.000,     0.000,     0.001,         1.000,         1.000,         1.000,         1.000,         1.000,         1.000,         1.000,         1.000,         1.000,         0.000,         0.000,         0.000,
     1.136,    49.740,     1.999,    21.677,     0.020,     0.900,     0.000,     0.450,     1.399,     9.130,     1.000,    22.010,     0.000,     0.000,     0.000,     0.000,     0.000,     0.000,     0.000,        35.000,         9.874,     0.002,     0.000,     0.000,     0.001,         1.000,         1.000,         1.000,         1.000,         1.000,         1.000,         1.000,         1.000,         1.000,         0.000,         0.000,         0.000,
     1.141,    45.940,     2.000,    21.865,     0.025,     1.328,     0.000,     0.450,     1.400,     9.130,     1.000,    22.029,     0.000,     0.000,     0.000,     0.000,     0.000,     0.000,     0.000,        35.000,         9.870,     0.002,     0.000,     0.000,     0.001,         1.000,         1.000,         1.000,         1.000,         1.000,         1.000,         1.000,         1.000,         1.000,         0.000,         0.000,         0.000,
     1.145,    54.959,     2.000,    21.864,     0.017,     0.914,     0.000,     0.450,     1.400,     9.130,     1.000,    21.977,     0.000,     0.000,     0.000,     0.000,     0.000,     0.000,     0.000,        35.000,         9.866,     0.002,     0.000,     0.000,     0.001,         1.000,         1.000,         1.000,         1.000,         1.000,         1.000,         1.000,         1.000,         1.000,         0.000,         0.000,         0.000,
     1.149,    51.050,     1.999,    21.857,     0.011,     0.390,     0.000,     0.450,     1.399,     9.130,     1.000,    21.958,     0.000,     0.000,     0.000,     0.000,     0.000,     0.000,     0.000,        35.000,         9.862,     0.002,     0.000,     0.000,     0.001,         1.000,         1.000,         1.000,         1.000,         1.000,         1.000,         1.000,         1.000,         1.000,         0.000,         0.000,         0.000,
     1.153,    34.063,     1.998,    21.901,     0.010,     0.061,     0.000,     0.450,     1.398,     9.130,     1.000,    22.001,     0.000,     0.000,     0.000,     0.000,     0.000,     0.000,     0.000,        35.000,         9.858,     0.002,     0.000,     0.000,     0.001,         1.000,         1.000,         1.000,         1.000,         1.000,         1.000,         1.000,         1.000,         1.000,         0.000,         0.000,         0.000,
     1.157,    39.729,     1.999,    21.980,     0.007,    -0.222,     0.000,     0.450,     1.399,     9.130,     1.000,    22.110,     0.000,     0.000,     0.000,     0.000,     0.000,     0.000,     0.000,        35.000,         9.854,     0.002,     0.000,     0.000,     0.001,         1.000,         1.000,         1.000,         1.000,         1.000,         1.000,         1.000,         1.000,         1.000,         0.000,         0.000,         0.000,
     1.161,    45.617,     2.000,    21.896,    -0.001,    -0.652,     0.000,     0.450,     1.400,     9.130,     1.000,    22.110,     0.000,     0.000,     0.000,     0.000,     0.000,     0.000,     0.000,        35.000,         9.849,     0.002,     0.000,     0.000,     0.001,         1.000,         1.000,         1.000,         1.000,         1.000,         1.000,         1.000,         1.000,         1.000,         0.000,         0.000,         0.000,
     1.166,    42.804,     2.000,    22.028,    -0.010,    -0.896,     0.000,     0.450,     1.400,     9.130,     1.000,    21.973,     0.000,     0.000,     0.000,     0.000,     0.000,     0.000,     0.000,        35.000,         9.845,     0.002,     0.000,     0.000,     0.001,         1.000,         1.000,         1.000,         1.000,         1.000,         1.000,         1.000,         1.000,         1.000,         0.000,         0.000,         0.000,
     1.170,    58.183,     2.000,    22.117,    -0.011,    -0.647,     0.000,     0.450,     1.400,     9.130,     1.000,    22.020,     0.000,     0.000,     0.000,     0.000,     0.000,     0.000,     0.000,        35.000,         9.841,     0.002,     0.000,     0.000,     0.001,         1.000,         1.000,         1.000,         1.000,         1.000,         1.000,         1.000,         1.000,         1.000,         0.000,         0.000,         0.000,
     1.174,    45.854,     2.000,    22.092,     0.004,    -0.094,     0.000,     0.450,     1.400,     9.130,     1.000,    22.130,     0.000,     0.000,     0.000,     0.000,     0.000,     0.000,     0.000,        35.000,         9.837,     0.002,     0.000,     0.000,     0.001,         1.000,         1.000,         1.000,         1.000,         1.000,         1.000,         1.000,         1.000,         1.000,         0.000,         0.000,         0.000,
     1.178,    54.143,     2.000,    21.873,     0.012,     0.490,     0.000,     0.450,     1.400,     9.130,     1.000,    22.124,     0.000,     0.000,     0.000,     0.000,     0.000,     0.000,     0.000,        35.000,         9.833,     0.002,     0.000,     0.000,     0.001,         1.000,         1.000,         1.000,         1.000,         1.000,         1.000,         1.000,         1.000,         1.000,         0.000,         0.000,         0.000,
     1.182,    45.597,     2.000,    21.805,     0.014,     0.630,     0.000,     0.450,     1.400,     9.130,     1.000,    22.112,     0.000,     0.000,     0.000,     0.000,     0.000,     0.000,     0.000,        35.000,         9.829,     0.002,     0.000,     0.000,     0.001,         1.000,         1.000,         1.000,         1.000,         1.000,         1.000,         1.000,         1.000,         1.000,         0.000,         0.000,         0.000,
     1.186,    43.604,     2.000,    21.866,     0.011,     0.447,     0.000,     0.450,     1.400,     9.130,     1.000,    22.118,     0.000,     0.000,     0.000,     0.000,     0.000,     0.000,     0.000,        35.000,         9.824,     0.002,     0.000,     0.000,     0.001,         1.000,         1.000,         1.000,         1.000,         1.000,         1.000,         1.000,         1.000,         1.000,         0.000,         0.000,         0.000,
     1.190,    38.571,     1.999,    21.846,     0.008,     0.209,     0.000,     0.450,     1.399,     9.130,     1.000,    22.109,     0.000,     0.000,     0.000,     0.000,     0.000,     0.000,     0.000,        35.000,         9.820,     0.002,     0.000,     0.000,     0.001,         1.000,         1.000,         1.000,         1.000,         1.000,         1.000,         1.000,         1.000,         1.000,         0.000,         0.000,         0.000,
     1.195,    48.923,     1.999,    21.756,     0.005,     0.005,     0.000,     0.450,     1.399,     9.130,     1.000,    22.091,     0.000,     0.000,     0.000,     0.000,     0.000,     0.000,     0.000,        35.000,         9.816,     0.002,     0.000,     0.000,     0.001,         1.000,         1.000,         1.000,         1.000,         1.000,         1.000,         1.000,         1.000,         1.000,         0.000,         0.000,         0.000,
     1.199,    45.140,     1.999,    21.616,     0.003,    -0.168,     0.000,     0.450,     1.399,     9.130,     1.000,    22.047,     0.000,     0.000,     0.000,     0.000,     0.000,     0.000,     0.000,        35.000,         9.812,     0.002,     0.000,     0.000,     0.001,         1.000,         1.000,         1.000,         1.000,         1.000,         1.000,         1.000,         1.000,         1.000,         0.000,         0.000,         0.000,
     1.203,    61.341,     2.000,    21.308,     0.001,    -0.340,     0.000,     0.450,     1.400,     9.130,     1.000,    21.941,     0.000,     0.000,     0.000,     0.000,     0.000,     0.000,     0.000,        35.000,         9.808,     0.002,     0.000,     0.000,     0.001,         1.000,         1.000,         1.000,         1.000,         1.000,         1.000,         1.000,         1.000,         1.000,         0.000,         0.000,         0.000,
     1.207,    46.883,     2.000,    21.198,     0.002,    -0.371,     0.000,     0.450,     1.400,     9.130,     1.000,    21.951,     0.000,     0.000,     0.000,     0.000,     0.000,     0.000,     0.000,        35.000,         9.804,     0.003,     0.000,     0.000,     0.001,         1.000,         1.000,         1.000,         1.000,         1.000,         1.000,         1.000,         1.000,         1.000,         0.000,         0.000,         0.000,
     1.211,    43.962,     2.000,    21.494,     0.002,    -0.219,     0.000,     0.450,     1.400,     9.130,     1.000,    22.026,     0.000,     0.000,     0.000,     0.000,     0.000,     0.000,     0.000,        35.000,         9.800,     0.003,     0.000,     0.000,     0.001,         1.000,         1.000,         1.000,         1.000,         1.000,         1.000,         1.000,         1.000,         1.000,         0.000,         0.000,         0.000,
     1.216,    46.810,     2.000,    21.449,     0.005,     0.054,     0.000,     0.450,     1.400,     9.130,     1.000,    22.027,     0.000,     0.000,     0.000,     0.000,     0.000,     0.000,     0.000,        35.000,         9.795,     0.003,     0.000,     0.000,     0.001,         1.000,         1.000,         1.000,         1.000,         1.000,         1.000,         1.000,         1.000,         1.000,         0.000,         0.000,         0.000,
     1.220,    45.719,     2.000,    21.405,     0.009,     0.214,     0.000,     0.450,     1.400,     9.130,     1.000,    21.988,     0.000,     0.000,     0.000,     0.000,     0.000,     0.000,     0.000,        35.000,         9.791,     0.003,     0.000,     0.000,     0.001,         1.000,         1.000,         1.000,         1.000,         1.000,         1.000,         1.000,         1.000,         1.000,         0.000,         0.000,         0.000,
     1.224,    36.808,     2.000,    21.459,     0.013,     0.225,     0.000,     0.450,     1.400,     9.130,     1.000,    22.001,     0.000,     0.000,     0.000,     0.000,     0.000,     0.000,     0.000,        35.000,         9.787,     0.003,     0.000,     0.000,     0.001,         1.000,         1.000,         1.000,         1.000,         1.000,         1.000,         1.000,         1.000,         1.000,         0.000,         0.000,         0.000,
     1.228,    50.011,     2.000,    21.533,     0.014,     0.145,     0.000,     0.450,     1.400,     9.130,     1.000,    22.071,     0.000,     0.000,     0.000,     0.000,     0.000,     0.000,     0.000,        35.000,         9.783,     0.003,     0.000,     0.000,     0.001,         1.000,         1.000,         1.000,         1.000,         1.000,         1.000,         1.000,         1.000,         1.000,         0.000,         0.000,         0.000,
     1.232,    49.658,     1.999,    21.462,     0.012,     0.067,     0.000,     0.450,     1.399,     9.130,     1.000,    22.079,     0.000,     0.000,     0.000,     0.000,     0.000,     0.000,     0.000,        35.000,         9.779,     0.003,     0.000,     0.000,     0.001,         1.000,         1.000,         1.000,         1.000,         1.000,         1.000,         1.000,         1.000,         1.000,         0.000,         0.000,         0.000,
     1.237,    47.102,     1.999,    21.242,     0.010,     0.001,     0.000,     0.450,     1.399,     9.130,     1.000,    22.024,     0.000,     0.000,     0.000,     0.000,     0.000,     0.000,     0.000,        35.000,         9.775,     0.003,     0.000,     0.000,     0.001,         1.000,         1.000,         1.000,         1.000,         1.000,         1.000,         1.000,         1.000,         1.000,         0.000,         0.000,         0.000,
     1.241,    48.725,     2.000,    21.069,     0.008,    -0.064,     0.000,     0.450,     1.400,     9.130,     1.000,    21.965,     0.000,     0.000,     0.000,     0.000,     0.000,     0.000,     0.000,        35.000,         9.771,     0.003,     0.000,     0.000,     0.001,         1.000,         1.000,         1.000,         1.000,         1.000,         1.000,         1.000,         1.000,         1.000,         0.000,         0.000,         0.000,
     1.245,    48.864,     2.000,    20.966,     0.008,    -0.116,     0.000,     0.450,     1.400,     9.130,     1.000,    21.928,     0.000,     0.000,     0.000,     0.000,     0.000,     0.000,     0.000,        35.000,         9.766,     0.003,     0.000,     0.000,     0.001,         1.000,         1.000,         1.000,         1.000,         1.000,         1.000,         1.000,         1.000,         1.000,         0.000,         0.000,         0.000,
     1.249,    45.637,     2.000,    20.922,     0.008,    -0.110,     0.000,     0.450,     1.400,     9.130,     1.000,    21.917,     0.000,     0.000,     0.000,     0.000,     0.000,     0.000,     0.000,        35.000,         9.763,     0.003,     0.000,     0.000,     0.001,         1.000,         1.000,         1.000,         1.000,         1.000,         1.000,         1.000,         1.000,         1.000,         0.000,         0.000,         0.000,
     1.253,    46.675,     2.000,    20.905,     0.009,    -0.048,     0.000,     0.450,     1.400,     9.130,     1.000,    21.911,     0.000,     0.000,     0.000,     0.000,     0.000,     0.000,     0.000,        35.000,         9.758,     0.003,     0.000,     0.000,     0.001,         1.000,         1.000,         1.000,         1.000,         1.000,         1.000,         1.000,         1.000,         1.000,         0.000,         0.000,         0.000,
     1.257,    46.434,     2.000,    21.075,     0.011,     0.006,     0.000,     0.450,     1.400,     9.130,     1.000,    21.965,     0.000,     0.000,     0.000,     0.000,     0.000,     0.000,     0.000,        35.000,         9.754,     0.003,     0.000,     0.000,     0.001,         1.000,         1.000,         1.000,         1.000,         1.000,         1.000,         1.000,         1.000,         1.000,         0.000,         0.000,         0.000,
     1.261,    49.840,     2.000,    21.102,     0.010,     0.028,     0.000,     0.450,     1.400,     9.130,     1.000,    21.968,     0.000,     0.000,     0.000,     0.000,     0.000,     0.000,     0.000,        35.000,         9.750,     0.003,     0.000,     0.000,     0.001,         1.000,         1.000,         1.000,         1.000,         1.000,         1.000,         1.000,         1.000,         1.000,         0.000,         0.000,         0.000,
     1.266,    55.069,     2.000,    20.981,     0.011,     0.035,     0.000,     0.450,     1.400,     9.130,     1.000,    21.907,     0.000,     0.000,     0.000,     0.000,     0.000,     0.000,     0.000,        35.000,         9.746,     0.003,     0.000,     0.000,     0.001,         1.000,         1.000,         1.000,         1.000,         1.000,         1.000,         1.000,         1.000,         1.000,         0.000,         0.000,         0.000,
     1.270,    50.445,     2.000,    20.990,     0.012,     0.046,     0.000,     0.450,     1.400,     9.130,     1.000,    21.917,     0.000,     0.000,     0.000,     0.000,     0.000,     0.000,     0.000,        35.000,         9.742,     0.003,     0.000,     0.000,     0.001,         1.000,         1.000,         1.000,         1.000,         1.000,         1.000,         1.000,         1.000,         1.000,         0.000,         0.000,         0.000,
     1.274,    43.635,     2.000,    21.022,     0.011,     0.047,     0.000,     0.450,     1.400,     9.130,     1.000,    21.939,     0.000,     0.000,     0.000,     0.000,     0.000,     0.000,     0.000,        35.000,         9.738,     0.003,     0.000,     0.000,     0.002,         1.000,         1.000,         1.000,         1.000,         1.000,         1.000,         1.000,         1.000,         1.000,         0.000,         0.000,         0.000,
     1.278,    46.043,     2.000,    20.725,     0.009,     0.036,     0.000,     0.450,     1.400,     9.130,     1.000,    21.831,     0.000,     0.000,     0.000,     0.000,     0.000,     0.000,     0.000,        35.000,         9.734,     0.003,     0.000,     0.000,     0.002,         1.000,         1.000,         1.000,         1.000,         1.000,         1.000,         1.000,         1.000,         1.000,         0.000,         0.000,         0.000,
     1.282,    43.927,     2.000,    20.652,     0.009,     0.014,     0.000,     0.450,     1.400,     9.130,     1.000,    21.779,     0.000,     0.000,     0.000,     0.000,     0.000,     0.000,     0.000,        35.000,         9.730,     0.003,     0.000,     0.000,     0.002,         1.000,         1.000,         1.000,         1.000,         1.000,         1.000,         1.000,         1.000,         1.000,         0.000,         0.000,         0.000,
     1.286,    46.096,     2.000,    20.717,     0.009,    -0.013,     0.000,     0.450,     1.400,     9.130,     1.000,    21.804,     0.000,     0.000,     0.000,     0.000,     0.000,     0.000,     0.000,        35.000,         9.726,     0.004,     0.000,     0.000,     0.002,         1.000,         1.000,         1.000,         1.000,         1.000,         1.000,         1.000,         1.000,         1.000,         0.000,         0.000,         0.000,
     1.291,    49.031,     2.000,    20.674,     0.009,    -0.036,     0.000,     0.450,     1.400,     9.130,     1.000,    21.805,     0.000,     0.000,     0.000,     0.000,     0.000,     0.000,     0.000,        35.000,         9.721,     0.004,     0.000,     0.000,     0.002,         1.000,         1.000,         1.000,         1.000,         1.000,         1.000,         1.000,         1.000,         1.000,         0.000,         0.000,         0.000,
     1.295,    56.045,     2.000,    20.741,     0.009,    -0.047,     0.000,     0.450,     1.400,     9.130,     1.000,    21.840,     0.000,     0.000,     0.000,     0.000,     0.000,     0.000,     0.000,        35.000,         9.717,     0.004,     0.000,     0.000,     0.002,         1.000,         1.000,         1.000,         1.000,         1.000,         1.000,         1.000,         1.000,         1.000,         0.000,         0.000,         0.000,
     1.299,    58.372,     2.000,    20.748,     0.008,    -0.042,     0.000,     0.450,     1.400,     9.130,     1.000,    21.853,     0.000,     0.000,     0.000,     0.000,     0.000,     0.000,     0.000,        35.000,         9.714,     0.004,     0.000,     0.000,     0.002,         1.000,         1.000,         1.000,         1.000,         1.000,         1.000,         1.000,         1.000,         1.000,         0.000,         0.000,         0.000,
     1.303,    44.038,     2.000,    20.672,     0.008,    -0.022,     0.000,     0.450,     1.400,     9.130,     1.000,    21.820,     0.000,     0.000,     0.000,     0.000,     0.000,     0.000,     0.000,        35.000,         9.709,     0.004,     0.000,     0.000,     0.002,         1.000,         1.000,         1.000,         1.000,         1.000,         1.000,         1.000,         1.000,         1.000,         0.000,         0.000,         0.000,
     1.307,    45.155,     2.000,    20.734,     0.010,    -0.001,     0.000,     0.450,     1.400,     9.130,     1.000,    21.827,     0.000,     0.000,     0.000,     0.000,     0.000,     0.000,     0.000,        35.000,         9.705,     0.004,     0.000,     0.000,     0.002,         1.000,         1.000,         1.000,         1.000,         1.000,         1.000,         1.000,         1.000,         1.000,         0.000,         0.000,         0.000,
     1.312,    54.414,     2.000,    20.831,     0.011,     0.018,     0.000,     0.450,     1.400,     9.130,     1.000,    21.869,     0.000,     0.000,     0.000,     0.000,     0.000,     0.000,     0.000,        35.000,         9.701,     0.004,     0.000,     0.000,     0.002,         1.000,         1.000,         1.000,         1.000,         1.000,         1.000,         1.000,         1.000,         1.000,         0.000,         0.000,         0.000,
     1.316,    58.236,     2.000,    20.774,     0.010,     0.032,     0.000,     0.450,     1.400,     9.130,     1.000,    21.856,     0.000,     0.000,     0.000,     0.000,     0.000,     0.000,     0.000,        35.000,         9.697,     0.004,     0.000,     0.000,     0.002,         1.000,         1.000,         1.000,         1.000,         1.000,         1.000,         1.000,         1.000,         1.000,         0.000,         0.000,         0.000,
     1.320,    45.050,     2.000,    20.669,     0.010,     0.040,     0.000,     0.450,     1.400,     9.130,     1.000,    21.808,     0.000,     0.000,     0.000,     0.000,     0.000,     0.000,     0.000,        35.000,         9.693,     0.004,     0.000,     0.000,     0.002,         1.000,         1.000,         1.000,         1.000,         1.000,         1.000,         1.000,         1.000,         1.000,         0.000,         0.000,         0.000,
     1.324,    44.447,     2.000,    20.628,     0.011,     0.032,     0.000,     0.450,     1.400,     9.130,     1.000,    21.780,     0.000,     0.000,     0.000,     0.000,     0.000,     0.000,     0.000,        35.000,         9.689,     0.004,     0.000,     0.000,     0.002,         1.000,         1.000,         1.000,         1.000,         1.000,         1.000,         1.000,         1.000,         1.000,         0.000,         0.000,         0.000,
     1.328,    43.545,     2.000,    20.847,     0.011,     0.001,     0.000,     0.450,     1.400,     9.130,     1.000,    21.877,     0.000,     0.000,     0.000,     0.000,     0.000,     0.000,     0.000,        35.000,         9.685,     0.004,     0.000,     0.000,     0.002,         1.000,         1.000,         1.000,         1.000,         1.000,         1.000,         1.000,         1.000,         1.000,         0.000,         0.000,         0.000,
     1.333,    58.860,     2.000,    20.640,     0.008,    -0.031,     0.000,     0.450,     1.400,     9.130,     1.000,    21.807,     0.000,     0.000,     0.000,     0.000,     0.000,     0.000,     0.000,        35.000,         9.680,     0.004,     0.000,     0.000,     0.002,         1.000,         1.000,         1.000,         1.000,         1.000,         1.000,         1.000,         1.000,         1.000,         0.000,         0.000,         0.000,
     1.336,    56.688,     2.000,    20.624,     0.009,    -0.037,     0.000,     0.450,     1.400,     9.130,     1.000,    21.785,     0.000,     0.000,     0.000,     0.000,     0.000,     0.000,     0.000,        35.000,         9.677,     0.004,     0.000,     0.000,     0.002,         1.000,         1.000,         1.000,         1.000,         1.000,         1.000,         1.000,         1.000,         1.000,         0.000,         0.000,         0.000,
     1.340,    51.077,     2.000,    20.716,     0.010,    -0.023,     0.000,     0.450,     1.400,     9.130,     1.000,    21.820,     0.000,     0.000,     0.000,     0.000,     0.000,     0.000,     0.000,        35.000,         9.673,     0.004,     0.000,     0.000,     0.002,         1.000,         1.000,         1.000,         1.000,         1.000,         1.000,         1.000,         1.000,         1.000,         0.000,         0.000,         0.000,
     1.345,    43.298,     2.000,    20.761,     0.010,    -0.006,     0.000,     0.450,     1.400,     9.130,     1.000,    21.849,     0.000,     0.000,     0.000,     0.000,     0.000,     0.000,     0.000,        35.000,         9.669,     0.004,     0.000,     0.000,     0.002,         1.000,         1.000,         1.000,         1.000,         1.000,         1.000,         1.000,         1.000,         1.000,         0.000,         0.000,         0.000,
     1.349,    43.239,     2.000,    20.720,     0.009,     0.002,     0.000,     0.450,     1.400,     9.130,     1.000,    21.834,     0.000,     0.000,     0.000,     0.000,     0.000,     0.000,     0.000,        35.000,         9.665,     0.004,     0.000,     0.000,     0.002,         1.000,         1.000,         1.000,         1.000,         1.000,         1.000,         1.000,         1.000,         1.000,         0.000,         0.000,         0.000,
     1.353,    48.512,     2.000,    20.610,     0.009,     0.009,     0.000,     0.450,     1.400,     9.130,     1.000,    21.779,     0.000,     0.000,     0.000,     0.000,     0.000,     0.000,     0.000,        35.000,         9.660,     0.004,     0.000,     0.000,     0.002,         1.000,         1.000,         1.000,         1.000,         1.000,         1.000,         1.000,         1.000,         1.000,         0.000,         0.000,         0.000,
     1.357,    44.525,     2.000,    20.561,     0.009,     0.022,     0.000,     0.450,     1.400,     9.130,     1.000,    21.753,     0.000,     0.000,     0.000,     0.000,     0.000,     0.000,     0.000,        35.000,         9.656,     0.004,     0.000,     0.000,     0.002,         1.000,         1.000,         1.000,         1.000,         1.000,         1.000,         1.000,         1.000,         1.000,         0.000,         0.000,         0.000,
     1.362,    57.082,     2.000,    20.553,     0.010,     0.036,     0.000,     0.450,     1.400,     9.130,     1.000,    21.761,     0.000,     0.000,     0.000,     0.000,     0.000,     0.000,     0.000,        35.000,         9.652,     0.004,     0.000,     0.000,     0.002,         1.000,         1.000,         1.000,         1.000,         1.000,         1.000,         1.000,         1.000,         1.000,         0.000,         0.000,         0.000,
     1.366,    41.355,     2.000,    20.672,     0.011,     0.032,     0.000,     0.450,     1.400,     9.130,     1.000,    21.817,     0.000,     0.000,     0.000,     0.000,     0.000,     0.000,     0.000,        35.000,         9.648,     0.004,     0.000,     0.000,     0.002,         1.000,         1.000,         1.000,         1.000,         1.000,         1.000,         1.000,         1.000,         1.000,         0.000,         0.000,         0.000,
     1.370,    47.796,     2.000,    20.704,     0.010,     0.016,     0.000,     0.450,     1.400,     9.130,     1.000,    21.820,     0.000,     0.000,     0.000,     0.000,     0.000,     0.000,     0.000,        35.000,         9.644,     0.005,     0.000,     0.000,     0.002,         1.000,         1.000,         1.000,         1.000,         1.000,         1.000,         1.000,         1.000,         1.000,         0.000,         0.000,         0.000,
     1.374,    45.143,     2.000,    20.625,     0.010,    -0.013,     0.000,     0.450,     1.400,     9.130,     1.000,    21.808,     0.000,     0.000,     0.000,     0.000,     0.000,     0.000,     0.000,        35.000,         9.640,     0.005,     0.000,     0.000,     0.002,         1.000,         1.000,         1.000,         1.000,         1.000,         1.000,         1.000,         1.000,         1.000,         0.000,         0.000,         0.000,
     1.378,    44.836,     2.000,    20.649,     0.008,    -0.035,     0.000,     0.450,     1.400,     9.130,     1.000,    21.797,     0.000,     0.000,     0.000,     0.000,     0.000,     0.000,     0.000,        35.000,         9.636,     0.005,     0.000,     0.000,     0.002,         1.000,         1.000,         1.000,         1.000,         1.000,         1.000,         1.000,         1.000,         1.000,         0.000,         0.000,         0.000,
     1.382,    48.357,     2.000,    20.509,     0.008,    -0.035,     0.000,     0.450,     1.400,     9.130,     1.000,    21.735,     0.000,     0.000,     0.000,     0.000,     0.000,     0.000,     0.000,        35.000,         9.632,     0.005,     0.000,     0.000,     0.002,         1.000,         1.000,         1.000,         1.000,         1.000,         1.000,         1.000,         1.000,         1.000,         0.000,         0.000,         0.000,
     1.387,    54.993,     2.000,    20.582,     0.009,    -0.024,     0.000,     0.450,     1.400,     9.130,     1.000,    21.767,     0.000,     0.000,     0.000,     0.000,     0.000,     0.000,     0.000,        35.000,         9.628,     0.005,     0.000,     0.000,     0.002,         1.000,         1.000,         1.000,         1.000,         1.000,         1.000,         1.000,         1.000,         1.000,         0.000,         0.000,         0.000,
     1.391,    45.115,     2.000,    20.664,     0.009,    -0.011,     0.000,     0.450,     1.400,     9.130,     1.000,    21.811,     0.000,     0.000,     0.000,     0.000,     0.000,     0.000,     0.000,        35.000,         9.624,     0.005,     0.000,     0.000,     0.002,         1.000,         1.000,         1.000,         1.000,         1.000,         1.000,         1.000,         1.000,         1.000,         0.000,         0.000,         0.000,
     1.395,    45.510,     2.000,    20.629,     0.009,    -0.004,     0.000,     0.450,     1.400,     9.130,     1.000,    21.791,     0.000,     0.000,     0.000,     0.000,     0.000,     0.000,     0.000,        35.000,         9.620,     0.005,     0.000,     0.000,     0.002,         1.000,         1.000,         1.000,         1.000,         1.000,         1.000,         1.000,         1.000,         1.000,         0.000,         0.000,         0.000,
     1.399,    45.580,     2.000,    20.549,     0.009,     0.002,     0.000,     0.450,     1.400,     9.130,     1.000,    21.742,     0.000,     0.000,     0.000,     0.000,     0.000,     0.000,     0.000,        35.000,         9.616,     0.005,     0.000,     0.000,     0.002,         1.000,         1.000,         1.000,         1.000,         1.000,         1.000,         1.000,         1.000,         1.000,         0.000,         0.000,         0.000,
     1.403,    45.990,     2.000,    20.551,     0.009,     0.011,     0.000,     0.450,     1.400,     9.130,     1.000,    21.736,     0.000,     0.000,     0.000,     0.000,     0.000,     0.000,     0.000,        35.000,         9.612,     0.005,     0.000,     0.000,     0.002,         1.000,         1.000,         1.000,         1.000,         1.000,         1.000,         1.000,         1.000,         1.000,         0.000,         0.000,         0.000,
     1.407,    52.895,     2.000,    20.526,     0.009,     0.019,     0.000,     0.450,     1.400,     9.130,     1.000,    21.719,     0.000,     0.000,     0.000,     0.000,     0.000,     0.000,     0.000,        35.000,         9.608,     0.005,     0.000,     0.000,     0.002,         1.000,         1.000,         1.000,         1.000,         1.000,         1.000,         1.000,         1.000,         1.000,         0.000,         0.000,         0.000,
     1.411,    38.343,     2.000,    20.500,     0.009,     0.025,     0.000,     0.450,     1.400,     9.130,     1.000,    21.707,     0.000,     0.000,     0.000,     0.000,     0.000,     0.000,     0.000,        35.000,         9.604,     0.005,     0.000,     0.000,     0.002,         1.000,         1.000,         1.000,         1.000,         1.000,         1.000,         1.000,         1.000,         1.000,         0.000,         0.000,         0.000,
     1.416,    49.401,     2.000,    20.533,     0.010,     0.029,     0.000,     0.450,     1.400,     9.130,     1.000,    21.741,     0.000,     0.000,     0.000,     0.000,     0.000,     0.000,     0.000,        35.000,         9.599,     0.005,     0.000,     0.000,     0.002,         1.000,         1.000,         1.000,         1.000,         1.000,         1.000,         1.000,         1.000,         1.000,         0.000,         0.000,         0.000,
     1.420,    43.933,     2.000,    20.545,     0.009,     0.022,     0.000,     0.450,     1.400,     9.130,     1.000,    21.742,     0.000,     0.000,     0.000,     0.000,     0.000,     0.000,     0.000,        35.000,         9.595,     0.005,     0.000,     0.000,     0.002,         1.000,         1.000,         1.000,         1.000,         1.000,         1.000,         1.000,         1.000,         1.000,         0.000,         0.000,         0.000,
     1.424,    43.565,     2.000,    20.548,     0.009,    -0.001,     0.000,     0.450,     1.400,     9.130,     1.000,    21.737,     0.000,     0.000,     0.000,     0.000,     0.000,     0.000,     0.000,        35.000,         9.591,     0.005,     0.000,     0.000,     0.002,         1.000,         1.000,         1.000,         1.000,         1.000,         1.000,         1.000,         1.000,         1.000,         0.000,         0.000,         0.000,
     1.428,    46.191,     2.000,    20.595,     0.009,    -0.027,     0.000,     0.450,     1.400,     9.130,     1.000,    21.757,     0.000,     0.000,     0.000,     0.000,     0.000,     0.000,     0.000,        35.000,         9.587,     0.005,     0.000,     0.000,     0.002,         1.000,         1.000,         1.000,         1.000,         1.000,         1.000,         1.000,         1.000,         1.000,         0.000,         0.000,         0.000,
     1.433,    50.191,     2.000,    20.573,     0.008,    -0.042,     0.000,     0.450,     1.400,     9.130,     1.000,    21.751,     0.000,     0.000,     0.000,     0.000,     0.000,     0.000,     0.000,        35.000,         9.583,     0.005,     0.000,     0.000,     0.002,         1.000,         1.000,         1.000,         1.000,         1.000,         1.000,         1.000,         1.000,         1.000,         0.000,         0.000,         0.000,
     1.437,    50.304,     2.000,    20.579,     0.008,    -0.026,     0.000,     0.450,     1.400,     9.130,     1.000,    21.743,     0.000,     0.000,     0.000,     0.000,     0.000,     0.000,     0.000,        35.000,         9.579,     0.005,     0.000,     0.000,     0.002,         1.000,         1.000,         1.000,         1.000,         1.000,         1.000,         1.000,         1.000,         1.000,         0.000,         0.000,         0.000,
     1.441,    42.384,     2.000,    20.596,     0.009,    -0.004,     0.000,     0.450,     1.400,     9.130,     1.000,    21.750,     0.000,     0.000,     0.000,     0.000,     0.000,     0.000,     0.000,        35.000,         9.575,     0.005,     0.000,     0.000,     0.002,         1.000,         1.000,         1.000,         1.000,         1.000,         1.000,         1.000,         1.000,         1.000,         0.000,         0.000,         0.000,
     1.445,    45.691,     2.000,    20.644,     0.009,     0.002,     0.000,     0.450,     1.400,     9.130,     1.000,    21.760,     0.000,     0.000,     0.000,     0.000,     0.000,     0.000,     0.000,        35.000,         9.571,     0.005,     0.000,     0.000,     0.002,         1.000,         1.000,         1.000,         1.000,         1.000,         1.000,         1.000,         1.000,         1.000,         0.000,         0.000,         0.000,
     1.449,    44.772,     2.000,    20.627,     0.010,    -0.002,     0.000,     0.450,     1.400,     9.130,     1.000,    21.768,     0.000,     0.000,     0.000,     0.000,     0.000,     0.000,     0.000,        35.000,         9.567,     0.006,     0.000,     0.000,     0.002,         1.000,         1.000,         1.000,         1.000,         1.000,         1.000,         1.000,         1.000,         1.000,         0.000,         0.000,         0.000,
     1.453,    43.925,     2.000,    20.694,     0.009,    -0.010,     0.000,     0.450,     1.400,     9.130,     1.000,    21.775,     0.000,     0.000,     0.000,     0.000,     0.000,     0.000,     0.000,        35.000,         9.563,     0.006,     0.000,     0.000,     0.003,         1.000,         1.000,         1.000,         1.000,         1.000,         1.000,         1.000,         1.000,         1.000,         0.000,         0.000,         0.000,
     1.458,    46.049,     2.000,    20.603,     0.009,    -0.005,     0.000,     0.450,     1.400,     9.130,     1.000,    21.745,     0.000,     0.000,     0.000,     0.000,     0.000,     0.000,     0.000,        35.000,         9.559,     0.006,     0.000,     0.000,     0.003,         1.000,         1.000,         1.000,         1.000,         1.000,         1.000,         1.000,         1.000,         1.000,         0.000,         0.000,         0.000,
     1.462,    48.089,     2.000,    20.633,     0.009,     0.006,     0.000,     0.450,     1.400,     9.130,     1.000,    21.753,     0.000,     0.000,     0.000,     0.000,     0.000,     0.000,     0.000,        35.000,         9.555,     0.006,     0.000,     0.000,     0.003,         1.000,         1.000,         1.000,         1.000,         1.000,         1.000,         1.000,         1.000,         1.000,         0.000,         0.000,         0.000,
     1.466,    51.700,     2.000,    20.649,     0.009,     0.015,     0.000,     0.450,     1.400,     9.130,     1.000,    21.732,     0.000,     0.000,     0.000,     0.000,     0.000,     0.000,     0.000,        35.000,         9.551,     0.006,     0.000,     0.000,     0.003,         1.000,         1.000,         1.000,         1.000,         1.000,         1.000,         1.000,         1.000,         1.000,         0.000,         0.000,         0.000,
     1.470,    49.085,     2.000,    20.594,     0.010,     0.018,     0.000,     0.450,     1.400,     9.130,     1.000,    21.721,     0.000,     0.000,     0.000,     0.000,     0.000,     0.000,     0.000,        35.000,         9.547,     0.006,     0.000,     0.000,     0.003,         1.000,         1.000,         1.000,         1.000,         1.000,         1.000,         1.000,         1.000,         1.000,         0.000,         0.000,         0.000,
     1.474,    40.638,     2.000,    20.670,     0.010,     0.011,     0.000,     0.450,     1.400,     9.130,     1.000,    21.758,     0.000,     0.000,     0.000,     0.000,     0.000,     0.000,     0.000,        35.000,         9.543,     0.006,     0.000,     0.000,     0.003,         1.000,         1.000,         1.000,         1.000,         1.000,         1.000,         1.000,         1.000,         1.000,         0.000,         0.000,         0.000,
     1.478,    54.167,     2.000,    20.675,     0.009,     0.000,     0.000,     0.450,     1.400,     9.130,     1.000,    21.761,     0.000,     0.000,     0.000,     0.000,     0.000,     0.000,     0.000,        35.000,         9.539,     0.006,     0.000,     0.000,     0.003,         1.000,         1.000,         1.000,         1.000,         1.000,         1.000,         1.000,         1.000,         1.000,         0.000,         0.000,         0.000,
     1.483,    48.167,     2.000,    20.715,     0.009,    -0.008,     0.000,     0.450,     1.400,     9.130,     1.000,    21.771,     0.000,     0.000,     0.000,     0.000,     0.000,     0.000,     0.000,        35.000,         9.535,     0.006,     0.000,     0.000,     0.003,         1.000,         1.000,         1.000,         1.000,         1.000,         1.000,         1.000,         1.000,         1.000,         0.000,         0.000,         0.000,
     1.487,    44.951,     2.000,    20.787,     0.009,    -0.013,     0.000,     0.450,     1.400,     9.130,     1.000,    21.777,     0.000,     0.000,     0.000,     0.000,     0.000,     0.000,     0.000,        35.000,         9.531,     0.006,     0.000,     0.000,     0.003,         1.000,         1.000,         1.000,         1.000,         1.000,         1.000,         1.000,         1.000,         1.000,         0.000,         0.000,         0.000,
     1.491,    54.157,     2.000,    20.696,     0.009,    -0.015,     0.000,     0.450,     1.400,     9.130,     1.000,    21.757,     0.000,     0.000,     0.000,     0.000,     0.000,     0.000,     0.000,        35.000,         9.527,     0.006,     0.000,     0.000,     0.003,         1.000,         1.000,         1.000,         1.000,         1.000,         1.000,         1.000,         1.000,         1.000,         0.000,         0.000,         0.000,
     1.495,    43.468,     2.000,    20.712,     0.009,    -0.006,     0.000,     0.450,     1.400,     9.130,     1.000,    21.744,     0.000,     0.000,     0.000,     0.000,     0.000,     0.000,     0.000,        35.000,         9.523,     0.006,     0.000,     0.000,     0.003,         1.000,         1.000,         1.000,         1.000,         1.000,         1.000,         1.000,         1.000,         1.000,         0.000,         0.000,         0.000,
     1.499,    44.211,     2.000,    20.648,     0.009,     0.004,     0.000,     0.450,     1.400,     9.130,     1.000,    21.729,     0.000,     0.000,     0.000,     0.000,     0.000,     0.000,     0.000,        35.000,         9.519,     0.006,     0.000,     0.000,     0.003,         1.000,         1.000,         1.000,         1.000,         1.000,         1.000,         1.000,         1.000,         1.000,         0.000,         0.000,         0.000,
     1.504,    42.826,     2.000,    20.697,     0.010,     0.012,     0.000,     0.450,     1.400,     9.130,     1.000,    21.752,     0.000,     0.000,     0.000,     0.000,     0.000,     0.000,     0.000,        35.000,         9.515,     0.006,     0.000,     0.000,     0.003,         1.000,         1.000,         1.000,         1.000,         1.000,         1.000,         1.000,         1.000,         1.000,         0.000,         0.000,         0.000,
     1.507,    44.845,     2.000,    20.729,     0.010,     0.006,     0.000,     0.450,     1.400,     9.130,     1.000,    21.771,     0.000,     0.000,     0.000,     0.000,     0.000,     0.000,     0.000,        35.000,         9.511,     0.006,     0.000,     0.000,     0.003,         1.000,         1.000,         1.000,         1.000,         1.000,         1.000,         1.000,         1.000,         1.000,         0.000,         0.000,         0.000,
     1.511,    44.909,     2.000,    20.790,     0.010,    -0.004,     0.000,     0.450,     1.400,     9.130,     1.000,    21.797,     0.000,     0.000,     0.000,     0.000,     0.000,     0.000,     0.000,        35.000,         9.507,     0.006,     0.000,     0.001,     0.003,         1.000,         1.000,         1.000,         1.000,         1.000,         1.000,         1.000,         1.000,         1.000,         0.000,         0.000,         0.000,
     1.516,    38.724,     2.000,    20.805,     0.010,    -0.005,     0.000,     0.450,     1.400,     9.130,     1.000,    21.806,     0.000,     0.000,     0.000,     0.000,     0.000,     0.000,     0.000,        35.000,         9.503,     0.006,     0.000,     0.001,     0.003,         1.000,         1.000,         1.000,         1.000,         1.000,         1.000,         1.000,         1.000,         1.000,         0.000,         0.000,         0.000,
     1.520,    52.752,     2.000,    20.794,     0.010,     0.006,     0.000,     0.450,     1.400,     9.130,     1.000,    21.794,     0.000,     0.000,     0.000,     0.000,     0.000,     0.000,     0.000,        35.000,         9.499,     0.006,     0.000,     0.001,     0.003,         1.000,         1.000,         1.000,         1.000,         1.000,         1.000,         1.000,         1.000,         1.000,         0.000,         0.000,         0.000,
     1.524,    42.735,     2.000,    20.772,     0.010,     0.021,     0.000,     0.450,     1.400,     9.130,     1.000,    21.778,     0.000,     0.000,     0.000,     0.000,     0.000,     0.000,     0.000,        35.000,         9.495,     0.006,     0.000,     0.001,     0.003,         1.000,         1.000,         1.000,         1.000,         1.000,         1.000,         1.000,         1.000,         1.000,         0.000,         0.000,         0.000,
     1.528,    50.479,     2.000,    20.803,     0.011,     0.016,     0.000,     0.450,     1.400,     9.130,     1.000,    21.786,     0.000,     0.000,     0.000,     0.000,     0.000,     0.000,     0.000,        35.000,         9.491,     0.006,     0.000,     0.001,     0.003,         1.000,         1.000,         1.000,         1.000,         1.000,         1.000,         1.000,         1.000,         1.000,         0.000,         0.000,         0.000,
     1.532,    26.148,     2.000,    20.831,     0.010,    -0.006,     0.000,     0.450,     1.400,     9.130,     1.000,    21.798,     0.000,     0.000,     0.000,     0.000,     0.000,     0.000,     0.000,        35.000,         9.487,     0.007,     0.000,     0.001,     0.003,         1.000,         1.000,         1.000,         1.000,         1.000,         1.000,         1.000,         1.000,         1.000,         0.000,         0.000,         0.000,
     1.537,    48.603,     2.000,    20.835,     0.009,    -0.029,     0.000,     0.450,     1.400,     9.130,     1.000,    21.798,     0.000,     0.000,     0.000,     0.000,     0.000,     0.000,     0.000,        35.000,         9.483,     0.007,     0.000,     0.001,     0.003,         1.000,         1.000,         1.000,         1.000,         1.000,         1.000,         1.000,         1.000,         1.000,         0.000,         0.000,         0.000,
     1.541,    49.127,     2.000,    20.813,     0.009,    -0.024,     0.000,     0.450,     1.400,     9.130,     1.000,    21.786,     0.000,     0.000,     0.000,     0.000,     0.000,     0.000,     0.000,        35.000,         9.479,     0.007,     0.000,     0.001,     0.003,         1.000,         1.000,         1.000,         1.000,         1.000,         1.000,         1.000,         1.000,         1.000,         0.000,         0.000,         0.000,
     1.545,    54.972,     2.000,    20.810,     0.010,    -0.004,     0.000,     0.450,     1.400,     9.130,     1.000,    21.779,     0.000,     0.000,     0.000,     0.000,     0.000,     0.000,     0.000,        35.000,         9.475,     0.007,     0.000,     0.001,     0.003,         1.000,         1.000,         1.000,         1.000,         1.000,         1.000,         1.000,         1.000,         1.000,         0.000,         0.000,         0.000,
     1.549,    46.072,     2.000,    20.817,     0.010,     0.008,     0.000,     0.450,     1.400,     9.130,     1.000,    21.780,     0.000,     0.000,     0.000,     0.000,     0.000,     0.000,     0.000,        35.000,         9.471,     0.007,     0.000,     0.001,     0.003,         1.000,         1.000,         1.000,         1.000,         1.000,         1.000,         1.000,         1.000,         1.000,         0.000,         0.000,         0.000,
     1.553,    46.658,     2.000,    20.831,     0.010,     0.007,     0.000,     0.450,     1.400,     9.130,     1.000,    21.787,     0.000,     0.000,     0.000,     0.000,     0.000,     0.000,     0.000,        35.000,         9.467,     0.007,     0.000,     0.001,     0.003,         1.000,         1.000,         1.000,         1.000,         1.000,         1.000,         1.000,         1.000,         1.000,         0.000,         0.000,         0.000,
     1.558,    45.329,     2.000,    20.830,     0.010,    -0.002,     0.000,     0.450,     1.400,     9.130,     1.000,    21.789,     0.000,     0.000,     0.000,     0.000,     0.000,     0.000,     0.000,        35.000,         9.463,     0.007,     0.000,     0.001,     0.003,         1.000,         1.000,         1.000,         1.000,         1.000,         1.000,         1.000,         1.000,         1.000,         0.000,         0.000,         0.000,
     1.562,    44.337,     2.000,    20.895,     0.010,    -0.001,     0.000,     0.450,     1.400,     9.130,     1.000,    21.788,     0.000,     0.000,     0.000,     0.000,     0.000,     0.000,     0.000,        35.000,         9.459,     0.007,     0.000,     0.001,     0.003,         1.000,         1.000,         1.000,         1.000,         1.000,         1.000,         1.000,         1.000,         1.000,         0.000,         0.000,         0.000,
     1.566,    44.811,     2.000,    20.791,     0.011,     0.008,     0.000,     0.450,     1.400,     9.130,     1.000,    21.767,     0.000,     0.000,     0.000,     0.000,     0.000,     0.000,     0.000,        35.000,         9.455,     0.007,     0.000,     0.001,     0.003,         1.000,         1.000,         1.000,         1.000,         1.000,         1.000,         1.000,         1.000,         1.000,         0.000,         0.000,         0.000,
     1.570,    46.966,     2.000,    20.828,     0.010,     0.013,     0.000,     0.450,     1.400,     9.130,     1.000,    21.772,     0.000,     0.000,     0.000,     0.000,     0.000,     0.000,     0.000,        35.000,         9.451,     0.007,     0.000,     0.001,     0.003,         1.000,         1.000,         1.000,         1.000,         1.000,         1.000,         1.000,         1.000,         1.000,         0.000,         0.000,         0.000,
     1.574,    54.454,     2.000,    20.720,     0.010,     0.013,     0.000,     0.450,     1.400,     9.130,     1.000,    21.737,     0.000,     0.000,     0.000,     0.000,     0.000,     0.000,     0.000,        35.000,         9.447,     0.007,     0.000,     0.001,     0.003,         1.000,         1.000,         1.000,         1.000,         1.000,         1.000,         1.000,         1.000,         1.000,         0.000,         0.000,         0.000,
     1.578,    44.116,     2.000,    20.781,     0.010,     0.009,     0.000,     0.450,     1.400,     9.130,     1.000,    21.723,     0.000,     0.000,     0.000,     0.000,     0.000,     0.000,     0.000,        35.000,         9.443,     0.007,     0.000,     0.001,     0.003,         1.000,         1.000,         1.000,         1.000,         1.000,         1.000,         1.000,         1.000,         1.000,         0.000,         0.000,         0.000,
     1.582,    44.986,     2.000,    20.724,     0.010,     0.004,     0.000,     0.450,     1.400,     9.130,     1.000,    21.722,     0.000,     0.000,     0.000,     0.000,     0.000,     0.000,     0.000,        35.000,         9.439,     0.007,     0.000,     0.001,     0.003,         1.000,         1.000,         1.000,         1.000,         1.000,         1.000,         1.000,         1.000,         1.000,         0.000,         0.000,         0.000,
     1.587,    44.599,     2.000,    20.820,     0.010,    -0.010,     0.000,     0.450,     1.400,     9.130,     1.000,    21.772,     0.000,     0.000,     0.000,     0.000,     0.000,     0.000,     0.000,        35.000,         9.435,     0.007,     0.000,     0.001,     0.003,         1.000,         1.000,         1.000,         1.000,         1.000,         1.000,         1.000,         1.000,         1.000,         0.000,         0.000,         0.000,
     1.591,    56.047,     2.000,    20.850,     0.010,    -0.024,     0.000,     0.450,     1.400,     9.130,     1.000,    21.791,     0.000,     0.000,     0.000,     0.000,     0.000,     0.000,     0.000,        35.000,         9.431,     0.007,     0.000,     0.001,     0.003,         1.000,         1.000,         1.000,         1.000,         1.000,         1.000,         1.000,         1.000,         1.000,         0.000,         0.000,         0.000,
     1.595,    49.345,     2.000,    20.860,     0.010,    -0.021,     0.000,     0.450,     1.400,     9.130,     1.000,    21.793,     0.000,     0.000,     0.000,     0.000,     0.000,     0.000,     0.000,        35.000,         9.427,     0.007,     0.000,     0.001,     0.003,         1.000,         1.000,         1.000,         1.000,         1.000,         1.000,         1.000,         1.000,         1.000,         0.000,         0.000,         0.000,
     1.599,    46.317,     2.000,    20.860,     0.010,    -0.011,     0.000,     0.450,     1.400,     9.130,     1.000,    21.788,     0.000,     0.000,     0.000,     0.000,     0.000,     0.000,     0.000,        35.000,         9.423,     0.007,     0.000,     0.001,     0.003,         1.000,         1.000,         1.000,         1.000,         1.000,         1.000,         1.000,         1.000,         1.000,         0.000,         0.000,         0.000,
     1.604,    45.005,     2.000,    20.843,     0.010,    -0.003,     0.000,     0.450,     1.400,     9.130,     1.000,    21.777,     0.000,     0.000,     0.000,     0.000,     0.000,     0.000,     0.000,        35.000,         9.419,     0.007,     0.000,     0.001,     0.003,         1.000,         1.000,         1.000,         1.000,         1.000,         1.000,         1.000,         1.000,         1.000,         0.000,         0.000,         0.000,
     1.607,    44.156,     2.000,    20.840,     0.010,    -0.005,     0.000,     0.450,     1.400,     9.130,     1.000,    21.773,     0.000,     0.000,     0.000,     0.000,     0.000,     0.000,     0.000,        35.000,         9.415,     0.007,     0.000,     0.001,     0.003,         1.000,         1.000,         1.000,         1.000,         1.000,         1.000,         1.000,         1.000,         1.000,         0.000,         0.000,         0.000,
     1.612,    48.954,     2.000,    20.848,     0.010,    -0.010,     0.000,     0.450,     1.400,     9.130,     1.000,    21.775,     0.000,     0.000,     0.000,     0.000,     0.000,     0.000,     0.000,        35.000,         9.411,     0.008,     0.000,     0.001,     0.003,         1.000,         1.000,         1.000,         1.000,         1.000,         1.000,         1.000,         1.000,         1.000,         0.000,         0.000,         0.000,
     1.616,    46.822,     2.000,    20.853,     0.011,     0.001,     0.000,     0.450,     1.400,     9.130,     1.000,    21.780,     0.000,     0.000,     0.000,     0.000,     0.000,     0.000,     0.000,        35.000,         9.407,     0.008,     0.000,     0.001,     0.003,         1.000,         1.000,         1.000,         1.000,         1.000,         1.000,         1.000,         1.000,         1.000,         0.000,         0.000,         0.000,
     1.620,    46.705,     2.000,    20.852,     0.011,     0.019,     0.000,     0.450,     1.400,     9.130,     1.000,    21.782,     0.000,     0.000,     0.000,     0.000,     0.000,     0.000,     0.000,        35.000,         9.403,     0.008,     0.000,     0.001,     0.003,         1.000,         1.000,         1.000,         1.000,         1.000,         1.000,         1.000,         1.000,         1.000,         0.000,         0.000,         0.000,
     1.624,    52.917,     2.000,    20.839,     0.011,     0.026,     0.000,     0.450,     1.400,     9.130,     1.000,    21.780,     0.000,     0.000,     0.000,     0.000,     0.000,     0.000,     0.000,        35.000,         9.400,     0.008,     0.000,     0.001,     0.003,         1.000,         1.000,         1.000,         1.000,         1.000,         1.000,         1.000,         1.000,         1.000,         0.000,         0.000,         0.000,
     1.629,    46.040,     2.000,    20.841,     0.011,     0.016,     0.000,     0.450,     1.400,     9.130,     1.000,    21.778,     0.000,     0.000,     0.000,     0.000,     0.000,     0.000,     0.000,        35.000,         9.395,     0.008,     0.000,     0.001,     0.003,         1.000,         1.000,         1.000,         1.000,         1.000,         1.000,         1.000,         1.000,         1.000,         0.000,         0.000,         0.000,
     1.632,    44.411,     2.000,    20.836,     0.010,    -0.000,     0.000,     0.450,     1.400,     9.130,     1.000,    21.774,     0.000,     0.000,     0.000,     0.000,     0.000,     0.000,     0.000,        35.000,         9.392,     0.008,     0.000,     0.001,     0.003,         1.000,         1.000,         1.000,         1.000,         1.000,         1.000,         1.000,         1.000,         1.000,         0.000,         0.000,         0.000,
     1.637,    45.165,     2.000,    20.824,     0.010,    -0.010,     0.000,     0.450,     1.400,     9.130,     1.000,    21.766,     0.000,     0.000,     0.000,     0.000,     0.000,     0.000,     0.000,        35.000,         9.387,     0.008,     0.000,     0.001,     0.004,         1.000,         1.000,         1.000,         1.000,         1.000,         1.000,         1.000,         1.000,         1.000,         0.000,         0.000,         0.000,
     1.641,    49.124,     2.000,    20.842,     0.010,    -0.008,     0.000,     0.450,     1.400,     9.130,     1.000,    21.769,     0.000,     0.000,     0.000,     0.000,     0.000,     0.000,     0.000,        35.000,         9.384,     0.008,     0.000,     0.001,     0.004,         1.000,         1.000,         1.000,         1.000,         1.000,         1.000,         1.000,         1.000,         1.000,         0.000,         0.000,         0.000,
     1.645,    38.103,     2.000,    20.882,     0.011,    -0.004,     0.000,     0.450,     1.400,     9.130,     1.000,    21.782,     0.000,     0.000,     0.000,     0.000,     0.000,     0.000,     0.000,        35.000,         9.380,     0.008,     0.000,     0.001,     0.004,         1.000,         1.000,         1.000,         1.000,         1.000,         1.000,         1.000,         1.000,         1.000,         0.000,         0.000,         0.000,
     1.649,    44.481,     2.000,    20.880,     0.011,    -0.006,     0.000,     0.450,     1.400,     9.130,     1.000,    21.788,     0.000,     0.000,     0.000,     0.000,     0.000,     0.000,     0.000,        35.000,         9.376,     0.008,     0.000,     0.001,     0.004,         1.000,         1.000,         1.000,         1.000,         1.000,         1.000,         1.000,         1.000,         1.000,         0.000,         0.000,         0.000,
     1.653,    44.555,     2.000,    20.875,     0.010,    -0.010,     0.000,     0.450,     1.400,     9.130,     1.000,    21.787,     0.000,     0.000,     0.000,     0.000,     0.000,     0.000,     0.000,        35.000,         9.372,     0.008,     0.000,     0.001,     0.004,         1.000,         1.000,         1.000,         1.000,         1.000,         1.000,         1.000,         1.000,         1.000,         0.000,         0.000,         0.000,
     1.658,    17.570,     2.000,    20.880,     0.010,    -0.012,     0.000,     0.450,     1.400,     9.130,     1.000,    21.784,     0.000,     0.000,     0.000,     0.000,     0.000,     0.000,     0.000,        35.000,         9.368,     0.008,     0.000,     0.001,     0.004,         1.000,         1.000,         1.000,         1.000,         1.000,         1.000,         1.000,         1.000,         1.000,         0.000,         0.000,         0.000,
     1.662,    45.303,     2.000,    20.877,     0.011,    -0.009,     0.000,     0.450,     1.400,     9.130,     1.000,    21.782,     0.000,     0.000,     0.000,     0.000,     0.000,     0.000,     0.000,        35.000,         9.364,     0.008,     0.000,     0.001,     0.004,         1.000,         1.000,         1.000,         1.000,         1.000,         1.000,         1.000,         1.000,         1.000,         0.000,         0.000,         0.000,
     1.666,    47.253,     2.000,    20.878,     0.011,    -0.002,     0.000,     0.450,     1.400,     9.130,     1.000,    21.783,     0.000,     0.000,     0.000,     0.000,     0.000,     0.000,     0.000,        35.000,         9.360,     0.008,     0.000,     0.001,     0.004,         1.000,         1.000,         1.000,         1.000,         1.000,         1.000,         1.000,         1.000,         1.000,         0.000,         0.000,         0.000,
     1.670,    43.082,     2.000,    20.889,     0.011,     0.007,     0.000,     0.450,     1.400,     9.130,     1.000,    21.789,     0.000,     0.000,     0.000,     0.000,     0.000,     0.000,     0.000,        35.000,         9.356,     0.008,     0.000,     0.001,     0.004,         1.000,         1.000,         1.000,         1.000,         1.000,         1.000,         1.000,         1.000,         1.000,         0.000,         0.000,         0.000,
     1.674,    49.130,     2.000,    20.896,     0.011,     0.013,     0.000,     0.450,     1.400,     9.130,     1.000,    21.794,     0.000,     0.000,     0.000,     0.000,     0.000,     0.000,     0.000,        35.000,         9.352,     0.008,     0.000,     0.001,     0.004,         1.000,         1.000,         1.000,         1.000,         1.000,         1.000,         1.000,         1.000,         1.000,         0.000,         0.000,         0.000,
     1.679,    47.955,     2.000,    20.873,     0.011,     0.020,     0.000,     0.450,     1.400,     9.130,     1.000,    21.788,     0.000,     0.000,     0.000,     0.000,     0.000,     0.000,     0.000,        35.000,         9.348,     0.008,     0.000,     0.001,     0.004,         1.000,         1.000,         1.000,         1.000,         1.000,         1.000,         1.000,         1.000,         1.000,         0.000,         0.000,         0.000,
     1.683,    46.572,     2.000,    20.900,     0.011,     0.017,     0.000,     0.450,     1.400,     9.130,     1.000,    21.789,     0.000,     0.000,     0.000,     0.000,     0.000,     0.000,     0.000,        35.000,         9.344,     0.008,     0.000,     0.001,     0.004,         1.000,         1.000,         1.000,         1.000,         1.000,         1.000,         1.000,         1.000,         1.000,         0.000,         0.000,         0.000,
     1.687,    46.424,     2.000,    20.898,     0.011,     0.007,     0.000,     0.450,     1.400,     9.130,     1.000,    21.794,     0.000,     0.000,     0.000,     0.000,     0.000,     0.000,     0.000,        35.000,         9.340,     0.008,     0.000,     0.001,     0.004,         1.000,         1.000,         1.000,         1.000,         1.000,         1.000,         1.000,         1.000,         1.000,         0.000,         0.000,         0.000,
     1.691,    45.528,     2.000,    20.932,     0.011,    -0.004,     0.000,     0.450,     1.400,     9.130,     1.000,    21.809,     0.000,     0.000,     0.000,     0.000,     0.000,     0.000,     0.000,        35.000,         9.336,     0.008,     0.000,     0.001,     0.004,         1.000,         1.000,         1.000,         1.000,         1.000,         1.000,         1.000,         1.000,         1.000,         0.000,         0.000,         0.000,
     1.695,    42.844,     2.000,    20.932,     0.011,    -0.022,     0.000,     0.450,     1.400,     9.130,     1.000,    21.810,     0.000,     0.000,     0.000,     0.000,     0.000,     0.000,     0.000,        35.000,         9.332,     0.009,     0.000,     0.001,     0.004,         1.000,         1.000,         1.000,         1.000,         1.000,         1.000,         1.000,         1.000,         1.000,         0.000,         0.000,         0.000,
     1.699,    33.025,     2.000,    20.935,     0.010,    -0.032,     0.000,     0.450,     1.400,     9.130,     1.000,    21.806,     0.000,     0.000,     0.000,     0.000,     0.000,     0.000,     0.000,        35.000,         9.329,     0.009,     0.000,     0.001,     0.004,         1.000,         1.000,         1.000,         1.000,         1.000,         1.000,         1.000,         1.000,         1.000,         0.000,         0.000,         0.000,
     1.704,    44.109,     2.000,    20.927,     0.010,    -0.028,     0.000,     0.450,     1.400,     9.130,     1.000,    21.801,     0.000,     0.000,     0.000,     0.000,     0.000,     0.000,     0.000,        35.000,         9.324,     0.009,     0.000,     0.001,     0.004,         1.000,         1.000,         1.000,         1.000,         1.000,         1.000,         1.000,         1.000,         1.000,         0.000,         0.000,         0.000,
     1.708,    42.815,     2.000,    20.909,     0.011,    -0.009,     0.000,     0.450,     1.400,     9.130,     1.000,    21.794,     0.000,     0.000,     0.000,     0.000,     0.000,     0.000,     0.000,        35.000,         9.320,     0.009,     0.000,     0.001,     0.004,         1.000,         1.000,         1.000,         1.000,         1.000,         1.000,         1.000,         1.000,         1.000,         0.000,         0.000,         0.000,
     1.712,    41.173,     2.000,    20.904,     0.012,     0.016,     0.000,     0.450,     1.400,     9.130,     1.000,    21.795,     0.000,     0.000,     0.000,     0.000,     0.000,     0.000,     0.000,        35.000,         9.316,     0.009,     0.000,     0.001,     0.004,         1.000,         1.000,         1.000,         1.000,         1.000,         1.000,         1.000,         1.000,         1.000,         0.000,         0.000,         0.000,
     1.716,    43.104,     2.000,    20.944,     0.012,     0.029,     0.000,     0.450,     1.400,     9.130,     1.000,    21.809,     0.000,     0.000,     0.000,     0.000,     0.000,     0.000,     0.000,        35.000,         9.313,     0.009,     0.000,     0.001,     0.004,         1.000,         1.000,         1.000,         1.000,         1.000,         1.000,         1.000,         1.000,         1.000,         0.000,         0.000,         0.000,
     1.720,    44.438,     2.000,    21.005,     0.012,     0.027,     0.000,     0.450,     1.400,     9.130,     1.000,    21.823,     0.000,     0.000,     0.000,     0.000,     0.000,     0.000,     0.000,        35.000,         9.309,     0.009,     0.000,     0.001,     0.004,         1.000,         1.000,         1.000,         1.000,         1.000,         1.000,         1.000,         1.000,         1.000,         0.000,         0.000,         0.000,
     1.725,    44.784,     2.000,    20.924,     0.012,     0.009,     0.000,     0.450,     1.400,     9.130,     1.000,    21.814,     0.000,     0.000,     0.000,     0.000,     0.000,     0.000,     0.000,        35.000,         9.305,     0.009,     0.000,     0.001,     0.004,         1.000,         1.000,         1.000,         1.000,         1.000,         1.000,         1.000,         1.000,         1.000,         0.000,         0.000,         0.000,
     1.728,    43.059,     2.000,    20.929,     0.011,    -0.003,     0.000,     0.450,     1.400,     9.130,     1.000,    21.816,     0.000,     0.000,     0.000,     0.000,     0.000,     0.000,     0.000,        35.000,         9.301,     0.009,     0.000,     0.001,     0.004,         1.000,         1.000,         1.000,         1.000,         1.000,         1.000,         1.000,         1.000,         1.000,         0.000,         0.000,         0.000,
     1.733,    43.155,     2.000,    20.895,     0.011,    -0.004,     0.000,     0.450,     1.400,     9.130,     1.000,    21.799,     0.000,     0.000,     0.000,     0.000,     0.000,     0.000,     0.000,        35.000,         9.297,     0.009,     0.000,     0.001,     0.004,         1.000,         1.000,         1.000,         1.000,         1.000,         1.000,         1.000,         1.000,         1.000,         0.000,         0.000,         0.000,
     1.737,    44.266,     2.000,    20.929,     0.012,     0.001,     0.000,     0.450,     1.400,     9.130,     1.000,    21.807,     0.000,     0.000,     0.000,     0.000,     0.000,     0.000,     0.000,        35.000,         9.293,     0.009,     0.000,     0.001,     0.004,         1.000,         1.000,         1.000,         1.000,         1.000,         1.000,         1.000,         1.000,         1.000,         0.000,         0.000,         0.000,
     1.741,    43.429,     2.000,    20.966,     0.012,     0.003,     0.000,     0.450,     1.400,     9.130,     1.000,    21.826,     0.000,     0.000,     0.000,     0.000,     0.000,     0.000,     0.000,        35.000,         9.289,     0.009,     0.000,     0.001,     0.004,         1.000,         1.000,         1.000,         1.000,         1.000,         1.000,         1.000,         1.000,         1.000,         0.000,         0.000,         0.000,
     1.745,    43.810,     2.000,    20.964,     0.011,    -0.004,     0.000,     0.450,     1.400,     9.130,     1.000,    21.829,     0.000,     0.000,     0.000,     0.000,     0.000,     0.000,     0.000,        35.000,         9.285,     0.009,     0.000,     0.001,     0.004,         1.000,         1.000,         1.000,         1.000,         1.000,         1.000,         1.000,         1.000,         1.000,         0.000,         0.000,         0.000,
     1.749,    40.371,     2.000,    20.958,     0.011,    -0.013,     0.000,     0.450,     1.400,     9.130,     1.000,    21.822,     0.000,     0.000,     0.000,     0.000,     0.000,     0.000,     0.000,        35.000,         9.281,     0.009,     0.000,     0.001,     0.004,         1.000,         1.000,         1.000,         1.000,         1.000,         1.000,         1.000,         1.000,         1.000,         0.000,         0.000,         0.000,
     1.754,    42.278,     2.000,    20.932,     0.011,    -0.013,     0.000,     0.450,     1.400,     9.130,     1.000,    21.813,     0.000,     0.000,     0.000,     0.000,     0.000,     0.000,     0.000,        35.000,         9.277,     0.009,     0.000,     0.001,     0.004,         1.000,         1.000,         1.000,         1.000,         1.000,         1.000,         1.000,         1.000,         1.000,         0.000,         0.000,         0.000,
     1.758,    43.518,     2.000,    20.928,     0.011,    -0.010,     0.000,     0.450,     1.400,     9.130,     1.000,    21.811,     0.000,     0.000,     0.000,     0.000,     0.000,     0.000,     0.000,        35.000,         9.274,     0.009,     0.000,     0.001,     0.004,         1.000,         1.000,         1.000,         1.000,         1.000,         1.000,         1.000,         1.000,         1.000,         0.000,         0.000,         0.000,
     1.762,    46.076,     2.000,    20.929,     0.011,    -0.005,     0.000,     0.450,     1.400,     9.130,     1.000,    21.814,     0.000,     0.000,     0.000,     0.000,     0.000,     0.000,     0.000,        35.000,         9.269,     0.009,     0.000,     0.001,     0.004,         1.000,         1.000,         1.000,         1.000,         1.000,         1.000,         1.000,         1.000,         1.000,         0.000,         0.000,         0.000,
     1.766,    46.242,     2.000,    20.933,     0.011,    -0.003,     0.000,     0.450,     1.400,     9.130,     1.000,    21.819,     0.000,     0.000,     0.000,     0.000,     0.000,     0.000,     0.000,        35.000,         9.266,     0.009,     0.000,     0.001,     0.004,         1.000,         1.000,         1.000,         1.000,         1.000,         1.000,         1.000,         1.000,         1.000,         0.000,         0.000,         0.000,
     1.770,    45.245,     2.000,    20.936,     0.011,    -0.003,     0.000,     0.450,     1.400,     9.130,     1.000,    21.822,     0.000,     0.000,     0.000,     0.000,     0.000,     0.000,     0.000,        35.000,         9.262,     0.009,     0.000,     0.001,     0.004,         1.000,         1.000,         1.000,         1.000,         1.000,         1.000,         1.000,         1.000,         1.000,         0.000,         0.000,         0.000,
     1.774,    42.460,     2.000,    20.927,     0.011,     0.002,     0.000,     0.450,     1.400,     9.130,     1.000,    21.820,     0.000,     0.000,     0.000,     0.000,     0.000,     0.000,     0.000,        35.000,         9.258,     0.009,     0.000,     0.001,     0.004,         1.000,         1.000,         1.000,         1.000,         1.000,         1.000,         1.000,         1.000,         1.000,         0.000,         0.000,         0.000,
     1.779,    42.153,     2.000,    20.920,     0.012,     0.010,     0.000,     0.450,     1.400,     9.130,     1.000,    21.817,     0.000,     0.000,     0.000,     0.000,     0.000,     0.000,     0.000,        35.000,         9.254,     0.009,     0.000,     0.001,     0.004,         1.000,         1.000,         1.000,         1.000,         1.000,         1.000,         1.000,         1.000,         1.000,         0.000,         0.000,         0.000,
     1.783,    39.014,     2.000,    20.923,     0.012,     0.015,     0.000,     0.450,     1.400,     9.130,     1.000,    21.818,     0.000,     0.000,     0.000,     0.000,     0.000,     0.000,     0.000,        35.000,         9.250,     0.010,     0.000,     0.001,     0.004,         1.000,         1.000,         1.000,         1.000,         1.000,         1.000,         1.000,         1.000,         1.000,         0.000,         0.000,         0.000,
     1.787,    45.809,     2.000,    20.937,     0.012,     0.015,     0.000,     0.450,     1.400,     9.130,     1.000,    21.823,     0.000,     0.000,     0.000,     0.000,     0.000,     0.000,     0.000,        35.000,         9.246,     0.010,     0.000,     0.001,     0.004,         1.000,         1.000,         1.000,         1.000,         1.000,         1.000,         1.000,         1.000,         1.000,         0.000,         0.000,         0.000,
     1.791,    44.818,     2.000,    20.932,     0.012,     0.010,     0.000,     0.450,     1.400,     9.130,     1.000,    21.825,     0.000,     0.000,     0.000,     0.000,     0.000,     0.000,     0.000,        35.000,         9.242,     0.010,     0.000,     0.001,     0.004,         1.000,         1.000,         1.000,         1.000,         1.000,         1.000,         1.000,         1.000,         1.000,         0.000,         0.000,         0.000,
     1.795,    43.081,     2.000,    20.937,     0.011,    -0.002,     0.000,     0.450,     1.400,     9.130,     1.000,    21.826,     0.000,     0.000,     0.000,     0.000,     0.000,     0.000,     0.000,        35.000,         9.238,     0.010,     0.000,     0.001,     0.004,         1.000,         1.000,         1.000,         1.000,         1.000,         1.000,         1.000,         1.000,         1.000,         0.000,         0.000,         0.000,
     1.799,    44.769,     2.000,    20.924,     0.011,    -0.010,     0.000,     0.450,     1.400,     9.130,     1.000,    21.819,     0.000,     0.000,     0.000,     0.000,     0.000,     0.000,     0.000,        35.000,         9.235,     0.010,     0.000,     0.001,     0.004,         1.000,         1.000,         1.000,         1.000,         1.000,         1.000,         1.000,         1.000,         1.000,         0.000,         0.000,         0.000,
     1.804,    46.749,     2.000,    20.918,     0.011,    -0.011,     0.000,     0.450,     1.400,     9.130,     1.000,    21.815,     0.000,     0.000,     0.000,     0.000,     0.000,     0.000,     0.000,        35.000,         9.231,     0.010,     0.000,     0.001,     0.004,         1.000,         1.000,         1.000,         1.000,         1.000,         1.000,         1.000,         1.000,         1.000,         0.000,         0.000,         0.000,
     1.808,    41.784,     2.000,    20.918,     0.011,    -0.009,     0.000,     0.450,     1.400,     9.130,     1.000,    21.815,     0.000,     0.000,     0.000,     0.000,     0.000,     0.000,     0.000,        35.000,         9.227,     0.010,     0.000,     0.001,     0.004,         1.000,         1.000,         1.000,         1.000,         1.000,         1.000,         1.000,         1.000,         1.000,         0.000,         0.000,         0.000,
     1.812,    44.644,     2.000,    20.924,     0.011,    -0.011,     0.000,     0.450,     1.400,     9.130,     1.000,    21.817,     0.000,     0.000,     0.000,     0.000,     0.000,     0.000,     0.000,        35.000,         9.223,     0.010,     0.000,     0.001,     0.004,         1.000,         1.000,         1.000,         1.000,         1.000,         1.000,         1.000,         1.000,         1.000,         0.000,         0.000,         0.000,
     1.816,    44.247,     2.000,    20.934,     0.011,    -0.015,     0.000,     0.450,     1.400,     9.130,     1.000,    21.823,     0.000,     0.000,     0.000,     0.000,     0.000,     0.000,     0.000,        35.000,         9.219,     0.010,     0.000,     0.001,     0.004,         1.000,         1.000,         1.000,         1.000,         1.000,         1.000,         1.000,         1.000,         1.000,         0.000,         0.000,         0.000,
     1.820,    42.984,     2.000,    20.942,     0.011,    -0.011,     0.000,     0.450,     1.400,     9.130,     1.000,    21.829,     0.000,     0.000,     0.000,     0.000,     0.000,     0.000,     0.000,        35.000,         9.215,     0.010,     0.000,     0.001,     0.004,         1.000,         1.000,         1.000,         1.000,         1.000,         1.000,         1.000,         1.000,         1.000,         0.000,         0.000,         0.000,
     1.824,    24.542,     2.000,    20.954,     0.011,     0.006,     0.000,     0.450,     1.400,     9.130,     1.000,    21.834,     0.000,     0.000,     0.000,     0.000,     0.000,     0.000,     0.000,        35.000,         9.211,     0.010,     0.000,     0.001,     0.005,         1.000,         1.000,         1.000,         1.000,         1.000,         1.000,         1.000,         1.000,         1.000,         0.000,         0.000,         0.000,
     1.829,    43.441,     2.000,    20.940,     0.012,     0.021,     0.000,     0.450,     1.400,     9.130,     1.000,    21.829,     0.000,     0.000,     0.000,     0.000,     0.000,     0.000,     0.000,        35.000,         9.207,     0.010,     0.000,     0.001,     0.005,         1.000,         1.000,         1.000,         1.000,         1.000,         1.000,         1.000,         1.000,         1.000,         0.000,         0.000,         0.000,
     1.833,    43.448,     2.000,    21.009,     0.012,     0.021,     0.000,     0.450,     1.400,     9.130,     1.000,    21.834,     0.000,     0.000,     0.000,     0.000,     0.000,     0.000,     0.000,        35.000,         9.204,     0.010,     0.000,     0.001,     0.005,         1.000,         1.000,         1.000,         1.000,         1.000,         1.000,         1.000,         1.000,         1.000,         0.000,         0.000,         0.000,
     1.837,    41.278,     2.000,    20.896,     0.012,     0.005,     0.000,     0.450,     1.400,     9.130,     1.000,    21.817,     0.000,     0.000,     0.000,     0.000,     0.000,     0.000,     0.000,        35.000,         9.200,     0.010,     0.000,     0.001,     0.005,         1.000,         1.000,         1.000,         1.000,         1.000,         1.000,         1.000,         1.000,         1.000,         0.000,         0.000,         0.000,
     1.841,    40.870,     2.000,    20.923,     0.011,    -0.008,     0.000,     0.450,     1.400,     9.130,     1.000,    21.826,     0.000,     0.000,     0.000,     0.000,     0.000,     0.000,     0.000,        35.000,         9.196,     0.010,     0.000,     0.001,     0.005,         1.000,         1.000,         1.000,         1.000,         1.000,         1.000,         1.000,         1.000,         1.000,         0.000,         0.000,         0.000,
     1.845,    43.982,     2.000,    20.892,     0.011,    -0.011,     0.000,     0.450,     1.400,     9.130,     1.000,    21.814,     0.000,     0.000,     0.000,     0.000,     0.000,     0.000,     0.000,        35.000,         9.192,     0.010,     0.000,     0.001,     0.005,         1.000,         1.000,         1.000,         1.000,         1.000,         1.000,         1.000,         1.000,         1.000,         0.000,         0.000,         0.000,
     1.850,    44.103,     2.000,    20.927,     0.011,    -0.009,     0.000,     0.450,     1.400,     9.130,     1.000,    21.823,     0.000,     0.000,     0.000,     0.000,     0.000,     0.000,     0.000,        35.000,         9.188,     0.010,     0.000,     0.001,     0.005,         1.000,         1.000,         1.000,         1.000,         1.000,         1.000,         1.000,         1.000,         1.000,         0.000,         0.000,         0.000,
     1.854,    40.262,     2.000,    20.955,     0.011,    -0.004,     0.000,     0.450,     1.400,     9.130,     1.000,    21.837,     0.000,     0.000,     0.000,     0.000,     0.000,     0.000,     0.000,        35.000,         9.184,     0.010,     0.000,     0.001,     0.005,         1.000,         1.000,         1.000,         1.000,         1.000,         1.000,         1.000,         1.000,         1.000,         0.000,         0.000,         0.000,
     1.858,    39.869,     2.000,    20.956,     0.011,    -0.003,     0.000,     0.450,     1.400,     9.130,     1.000,    21.840,     0.000,     0.000,     0.000,     0.000,     0.000,     0.000,     0.000,        35.000,         9.181,     0.010,     0.000,     0.001,     0.005,         1.000,         1.000,         1.000,         1.000,         1.000,         1.000,         1.000,         1.000,         1.000,         0.000,         0.000,         0.000,
     1.862,    41.208,     2.000,    20.935,     0.011,    -0.004,     0.000,     0.450,     1.400,     9.130,     1.000,    21.832,     0.000,     0.000,     0.000,     0.000,     0.000,     0.000,     0.000,        35.000,         9.176,     0.010,     0.000,     0.001,     0.005,         1.000,         1.000,         1.000,         1.000,         1.000,         1.000,         1.000,         1.000,         1.000,         0.000,         0.000,         0.000,
     1.866,    39.809,     2.000,    20.970,     0.011,    -0.003,     0.000,     0.450,     1.400,     9.130,     1.000,    21.827,     0.000,     0.000,     0.000,     0.000,     0.000,     0.000,     0.000,        35.000,         9.173,     0.011,     0.000,     0.001,     0.005,         1.000,         1.000,         1.000,         1.000,         1.000,         1.000,         1.000,         1.000,         1.000,         0.000,         0.000,         0.000,
     1.870,    42.644,     2.000,    20.951,     0.012,    -0.003,     0.000,     0.450,     1.400,     9.130,     1.000,    21.837,     0.000,     0.000,     0.000,     0.000,     0.000,     0.000,     0.000,        35.000,         9.169,     0.011,     0.000,     0.001,     0.005,         1.000,         1.000,         1.000,         1.000,         1.000,         1.000,         1.000,         1.000,         1.000,         0.000,         0.000,         0.000,
     1.874,    41.930,     2.000,    21.006,     0.012,     0.000,     0.000,     0.450,     1.400,     9.130,     1.000,    21.857,     0.000,     0.000,     0.000,     0.000,     0.000,     0.000,     0.000,        35.000,         9.165,     0.011,     0.000,     0.001,     0.005,         1.000,         1.000,         1.000,         1.000,         1.000,         1.000,         1.000,         1.000,         1.000,         0.000,         0.000,         0.000,
     1.879,    43.129,     2.000,    20.961,     0.012,     0.005,     0.000,     0.450,     1.400,     9.130,     1.000,    21.853,     0.000,     0.000,     0.000,     0.000,     0.000,     0.000,     0.000,        35.000,         9.161,     0.011,     0.000,     0.001,     0.005,         1.000,         1.000,         1.000,         1.000,         1.000,         1.000,         1.000,         1.000,         1.000,         0.000,         0.000,         0.000,
     1.883,    41.857,     2.000,    20.970,     0.012,     0.012,     0.000,     0.450,     1.400,     9.130,     1.000,    21.852,     0.000,     0.000,     0.000,     0.000,     0.000,     0.000,     0.000,        35.000,         9.157,     0.011,     0.000,     0.001,     0.005,         1.000,         1.000,         1.000,         1.000,         1.000,         1.000,         1.000,         1.000,         1.000,         0.000,         0.000,         0.000,
     1.887,    39.268,     2.000,    20.967,     0.012,     0.014,     0.000,     0.450,     1.400,     9.130,     1.000,    21.857,     0.000,     0.000,     0.000,     0.000,     0.000,     0.000,     0.000,        35.000,         9.153,     0.011,     0.000,     0.001,     0.005,         1.000,         1.000,         1.000,         1.000,         1.000,         1.000,         1.000,         1.000,         1.000,         0.000,         0.000,         0.000,
     1.891,    39.081,     2.000,    21.001,     0.012,     0.005,     0.000,     0.450,     1.400,     9.130,     1.000,    21.857,     0.000,     0.000,     0.000,     0.000,     0.000,     0.000,     0.000,        35.000,         9.149,     0.011,     0.000,     0.001,     0.005,         1.000,         1.000,         1.000,         1.000,         1.000,         1.000,         1.000,         1.000,         1.000,         0.000,         0.000,         0.000,
     1.895,    40.865,     2.000,    20.958,     0.012,    -0.009,     0.000,     0.450,     1.400,     9.130,     1.000,    21.853,     0.000,     0.000,     0.000,     0.000,     0.000,     0.000,     0.000,        35.000,         9.146,     0.011,     0.000,     0.001,     0.005,         1.000,         1.000,         1.000,         1.000,         1.000,         1.000,         1.000,         1.000,         1.000,         0.000,         0.000,         0.000,
     1.900,    41.967,     2.000,    20.967,     0.011,    -0.019,     0.000,     0.450,     1.400,     9.130,     1.000,    21.853,     0.000,     0.000,     0.000,     0.000,     0.000,     0.000,     0.000,        35.000,         9.142,     0.011,     0.000,     0.001,     0.005,         1.000,         1.000,         1.000,         1.000,         1.000,         1.000,         1.000,         1.000,         1.000,         0.000,         0.000,         0.000,
     1.904,    41.269,     2.000,    20.941,     0.011,    -0.017,     0.000,     0.450,     1.400,     9.130,     1.000,    21.841,     0.000,     0.000,     0.000,     0.000,     0.000,     0.000,     0.000,        35.000,         9.138,     0.011,     0.000,     0.001,     0.005,         1.000,         1.000,         1.000,         1.000,         1.000,         1.000,         1.000,         1.000,         1.000,         0.000,         0.000,         0.000,
     1.908,    42.105,     2.000,    20.946,     0.011,    -0.004,     0.000,     0.450,     1.400,     9.130,     1.000,    21.839,     0.000,     0.000,     0.000,     0.000,     0.000,     0.000,     0.000,        35.000,         9.134,     0.011,     0.000,     0.001,     0.005,         1.000,         1.000,         1.000,         1.000,         1.000,         1.000,         1.000,         1.000,         1.000,         0.000,         0.000,         0.000,
     1.912,    39.832,     2.000,    20.956,     0.012,     0.010,     0.000,     0.450,     1.400,     9.130,     1.000,    21.839,     0.000,     0.000,     0.000,     0.000,     0.000,     0.000,     0.000,        35.000,         9.130,     0.011,     0.000,     0.001,     0.005,         1.000,         1.000,         1.000,         1.000,         1.000,         1.000,         1.000,         1.000,         1.000,         0.000,         0.000,         0.000,
     1.916,    39.030,     2.000,    20.952,     0.012,     0.016,     0.000,     0.450,     1.400,     9.130,     1.000,    21.838,     0.000,     0.000,     0.000,     0.000,     0.000,     0.000,     0.000,        35.000,         9.126,     0.011,     0.000,     0.001,     0.005,         1.000,         1.000,         1.000,         1.000,         1.000,         1.000,         1.000,         1.000,         1.000,         0.000,         0.000,         0.000,
     1.920,    37.554,     2.000,    20.961,     0.012,     0.014,     0.000,     0.450,     1.400,     9.130,     1.000,    21.842,     0.000,     0.000,     0.000,     0.000,     0.000,     0.000,     0.000,        35.000,         9.123,     0.011,     0.000,     0.001,     0.005,         1.000,         1.000,         1.000,         1.000,         1.000,         1.000,         1.000,         1.000,         1.000,         0.000,         0.000,         0.000,
     1.925,    38.707,     2.000,    20.988,     0.012,     0.004,     0.000,     0.450,     1.400,     9.130,     1.000,    21.851,     0.000,     0.000,     0.000,     0.000,     0.000,     0.000,     0.000,        35.000,         9.119,     0.011,     0.000,     0.001,     0.005,         1.000,         1.000,         1.000,         1.000,         1.000,         1.000,         1.000,         1.000,         1.000,         0.000,         0.000,         0.000,
     1.928,    39.632,     2.000,    21.020,     0.012,    -0.006,     0.000,     0.450,     1.400,     9.130,     1.000,    21.862,     0.000,     0.000,     0.000,     0.000,     0.000,     0.000,     0.000,        35.000,         9.115,     0.011,     0.000,     0.001,     0.005,         1.000,         1.000,         1.000,         1.000,         1.000,         1.000,         1.000,         1.000,         1.000,         0.000,         0.000,         0.000,
     1.933,    40.010,     2.000,    21.048,     0.012,    -0.014,     0.000,     0.450,     1.400,     9.130,     1.000,    21.874,     0.000,     0.000,     0.000,     0.000,     0.000,     0.000,     0.000,        35.000,         9.111,     0.011,     0.000,     0.001,     0.005,         1.000,         1.000,         1.000,         1.000,         1.000,         1.000,         1.000,         1.000,         1.000,         0.000,         0.000,         0.000,
     1.937,    41.969,     2.000,    21.065,     0.012,    -0.016,     0.000,     0.450,     1.400,     9.130,     1.000,    21.882,     0.000,     0.000,     0.000,     0.000,     0.000,     0.000,     0.000,        35.000,         9.107,     0.011,     0.000,     0.001,     0.005,         1.000,         1.000,         1.000,         1.000,         1.000,         1.000,         1.000,         1.000,         1.000,         0.000,         0.000,         0.000,
     1.941,    39.900,     2.000,    21.057,     0.012,    -0.010,     0.000,     0.450,     1.400,     9.130,     1.000,    21.881,     0.000,     0.000,     0.000,     0.000,     0.000,     0.000,     0.000,        35.000,         9.103,     0.011,     0.000,     0.001,     0.005,         1.000,         1.000,         1.000,         1.000,         1.000,         1.000,         1.000,         1.000,         1.000,         0.000,         0.000,         0.000,
     1.945,    38.819,     2.000,    21.045,     0.012,    -0.006,     0.000,     0.450,     1.400,     9.130,     1.000,    21.876,     0.000,     0.000,     0.000,     0.000,     0.000,     0.000,     0.000,        35.000,         9.099,     0.011,     0.000,     0.001,     0.005,         1.000,         1.000,         1.000,         1.000,         1.000,         1.000,         1.000,         1.000,         1.000,         0.000,         0.000,         0.000,
     1.949,    35.170,     2.000,    21.037,     0.012,    -0.001,     0.000,     0.450,     1.400,     9.130,     1.000,    21.874,     0.000,     0.000,     0.000,     0.000,     0.000,     0.000,     0.000,        35.000,         9.096,     0.012,     0.000,     0.001,     0.005,         1.000,         1.000,         1.000,         1.000,         1.000,         1.000,         1.000,         1.000,         1.000,         0.000,         0.000,         0.000,
     1.954,    38.464,     2.000,    21.056,     0.012,     0.003,     0.000,     0.450,     1.400,     9.130,     1.000,    21.879,     0.000,     0.000,     0.000,     0.000,     0.000,     0.000,     0.000,        35.000,         9.092,     0.012,     0.000,     0.001,     0.005,         1.000,         1.000,         1.000,         1.000,         1.000,         1.000,         1.000,         1.000,         1.000,         0.000,         0.000,         0.000,
     1.958,    39.789,     2.000,    21.054,     0.012,     0.011,     0.000,     0.450,     1.400,     9.130,     1.000,    21.881,     0.000,     0.000,     0.000,     0.000,     0.000,     0.000,     0.000,        35.000,         9.088,     0.012,     0.000,     0.001,     0.005,         1.000,         1.000,         1.000,         1.000,         1.000,         1.000,         1.000,         1.000,         1.000,         0.000,         0.000,         0.000,
     1.962,    37.098,     2.000,    21.057,     0.012,     0.023,     0.000,     0.450,     1.400,     9.130,     1.000,    21.885,     0.000,     0.000,     0.000,     0.000,     0.000,     0.000,     0.000,        35.000,         9.084,     0.012,     0.000,     0.001,     0.005,         1.000,         1.000,         1.000,         1.000,         1.000,         1.000,         1.000,         1.000,         1.000,         0.000,         0.000,         0.000,
     1.966,    36.657,     2.000,    21.053,     0.012,     0.023,     0.000,     0.450,     1.400,     9.130,     1.000,    21.885,     0.000,     0.000,     0.000,     0.000,     0.000,     0.000,     0.000,        35.000,         9.080,     0.012,     0.000,     0.001,     0.005,         1.000,         1.000,         1.000,         1.000,         1.000,         1.000,         1.000,         1.000,         1.000,         0.000,         0.000,         0.000,
     1.970,    37.764,     2.000,    21.048,     0.012,     0.007,     0.000,     0.450,     1.400,     9.130,     1.000,    21.882,     0.000,     0.000,     0.000,     0.000,     0.000,     0.000,     0.000,        35.000,         9.076,     0.012,     0.000,     0.001,     0.005,         1.000,         1.000,         1.000,         1.000,         1.000,         1.000,         1.000,         1.000,         1.000,         0.000,         0.000,         0.000,
     1.974,    38.382,     2.000,    21.045,     0.012,    -0.016,     0.000,     0.450,     1.400,     9.130,     1.000,    21.878,     0.000,     0.000,     0.000,     0.000,     0.000,     0.000,     0.000,        35.000,         9.073,     0.012,     0.000,     0.001,     0.005,         1.000,         1.000,         1.000,         1.000,         1.000,         1.000,         1.000,         1.000,         1.000,         0.000,         0.000,         0.000,
     1.979,    37.902,     2.000,    21.067,     0.011,    -0.033,     0.000,     0.450,     1.400,     9.130,     1.000,    21.884,     0.000,     0.000,     0.000,     0.000,     0.000,     0.000,     0.000,        35.000,         9.069,     0.012,     0.000,     0.001,     0.005,         1.000,         1.000,         1.000,         1.000,         1.000,         1.000,         1.000,         1.000,         1.000,         0.000,         0.000,         0.000,
     1.983,    36.504,     2.000,    21.079,     0.011,    -0.031,     0.000,     0.450,     1.400,     9.130,     1.000,    21.888,     0.000,     0.000,     0.000,     0.000,     0.000,     0.000,     0.000,        35.000,         9.065,     0.012,     0.000,     0.001,     0.005,         1.000,         1.000,         1.000,         1.000,         1.000,         1.000,         1.000,         1.000,         1.000,         0.000,         0.000,         0.000,
     1.987,    37.455,     2.000,    21.066,     0.011,    -0.016,     0.000,     0.450,     1.400,     9.130,     1.000,    21.885,     0.000,     0.000,     0.000,     0.000,     0.000,     0.000,     0.000,        35.000,         9.061,     0.012,     0.000,     0.001,     0.005,         1.000,         1.000,         1.000,         1.000,         1.000,         1.000,         1.000,         1.000,         1.000,         0.000,         0.000,         0.000,
     1.991,    41.621,     2.000,    21.126,     0.012,     0.007,     0.000,     0.450,     1.400,     9.130,     1.000,    21.885,     0.000,     0.000,     0.000,     0.000,     0.000,     0.000,     0.000,        35.000,         9.058,     0.012,     0.000,     0.001,     0.005,         1.000,         1.000,         1.000,         1.000,         1.000,         1.000,         1.000,         1.000,         1.000,         0.000,         0.000,         0.000,
     1.995,    37.351,     2.000,    21.036,     0.013,     0.023,     0.000,     0.450,     1.400,     9.130,     1.000,    21.872,     0.000,     0.000,     0.000,     0.000,     0.000,     0.000,     0.000,        35.000,         9.054,     0.012,     0.000,     0.001,     0.005,         1.000,         1.000,         1.000,         1.000,         1.000,         1.000,         1.000,         1.000,         1.000,         0.000,         0.000,         0.000,
     1.999,    35.334,     2.000,    21.102,     0.013,     0.027,     0.000,     0.450,     1.400,     9.130,     1.000,    21.895,     0.000,     0.000,     0.000,     0.000,     0.000,     0.000,     0.000,        35.000,         9.050,     0.012,     0.000,     0.001,     0.005,         1.000,         1.000,         1.000,         1.000,         1.000,         1.000,         1.000,         1.000,         1.000,         0.000,         0.000,         0.000,
     2.003,    36.407,     2.000,    21.073,     0.012,     0.024,     0.000,     0.450,     1.400,     9.130,     1.000,    21.881,     0.000,     0.000,     0.000,     0.000,     0.000,     0.000,     0.000,        35.000,         9.046,     0.012,     0.000,     0.001,     0.005,         1.000,         1.000,         1.000,         1.000,         1.000,         1.000,         1.000,         1.000,         1.000,         0.000,         0.000,         0.000,
     2.008,    36.648,     2.000,    21.089,     0.013,     0.005,     0.000,     0.450,     1.400,     9.130,     1.000,    21.888,     0.000,     0.000,     0.000,     0.000,     0.000,     0.000,     0.000,        35.000,         9.042,     0.012,     0.000,     0.001,     0.005,         1.000,         1.000,         1.000,         1.000,         1.000,         1.000,         1.000,         1.000,         1.000,         0.000,         0.000,         0.000,
     2.012,    37.840,     2.000,    21.146,     0.012,    -0.015,     0.000,     0.450,     1.400,     9.130,     1.000,    21.909,     0.000,     0.000,     0.000,     0.000,     0.000,     0.000,     0.000,        35.000,         9.038,     0.012,     0.000,     0.001,     0.006,         1.000,         1.000,         1.000,         1.000,         1.000,         1.000,         1.000,         1.000,         1.000,         0.000,         0.000,         0.000,
     2.016,    40.728,     2.000,    21.083,     0.011,    -0.032,     0.000,     0.450,     1.400,     9.130,     1.000,    21.894,     0.000,     0.000,     0.000,     0.000,     0.000,     0.000,     0.000,        35.000,         9.035,     0.012,     0.000,     0.001,     0.006,         1.000,         1.000,         1.000,         1.000,         1.000,         1.000,         1.000,         1.000,         1.000,         0.000,         0.000,         0.000,
     2.020,    37.552,     2.000,    21.084,     0.011,    -0.042,     0.000,     0.450,     1.400,     9.130,     1.000,    21.892,     0.000,     0.000,     0.000,     0.000,     0.000,     0.000,     0.000,        35.000,         9.031,     0.012,     0.000,     0.001,     0.006,         1.000,         1.000,         1.000,         1.000,         1.000,         1.000,         1.000,         1.000,         1.000,         0.000,         0.000,         0.000,
     2.024,    38.493,     2.000,    21.073,     0.011,    -0.034,     0.000,     0.450,     1.400,     9.130,     1.000,    21.886,     0.000,     0.000,     0.000,     0.000,     0.000,     0.000,     0.000,        35.000,         9.027,     0.012,     0.000,     0.001,     0.006,         1.000,         1.000,         1.000,         1.000,         1.000,         1.000,         1.000,         1.000,         1.000,         0.000,         0.000,         0.000,
     2.029,    37.831,     2.000,    21.057,     0.012,    -0.005,     0.000,     0.450,     1.400,     9.130,     1.000,    21.878,     0.000,     0.000,     0.000,     0.000,     0.000,     0.000,     0.000,        35.000,         9.023,     0.012,     0.000,     0.001,     0.006,         1.000,         1.000,         1.000,         1.000,         1.000,         1.000,         1.000,         1.000,         1.000,         0.000,         0.000,         0.000,
     2.033,    36.568,     2.000,    21.066,     0.013,     0.027,     0.000,     0.450,     1.400,     9.130,     1.000,    21.880,     0.000,     0.000,     0.000,     0.000,     0.000,     0.000,     0.000,        35.000,         9.019,     0.012,     0.000,     0.001,     0.006,         1.000,         1.000,         1.000,         1.000,         1.000,         1.000,         1.000,         1.000,         1.000,         0.000,         0.000,         0.000,
     2.037,    35.352,     2.000,    21.132,     0.013,     0.043,     0.000,     0.450,     1.400,     9.130,     1.000,    21.891,     0.000,     0.000,     0.000,     0.000,     0.000,     0.000,     0.000,        35.000,         9.016,     0.013,     0.000,     0.001,     0.006,         1.000,         1.000,         1.000,         1.000,         1.000,         1.000,         1.000,         1.000,         1.000,         0.000,         0.000,         0.000,
     2.041,    35.860,     2.000,    21.134,     0.014,     0.036,     0.000,     0.450,     1.400,     9.130,     1.000,    21.907,     0.000,     0.000,     0.000,     0.000,     0.000,     0.000,     0.000,        35.000,         9.012,     0.013,     0.000,     0.001,     0.006,         1.000,         1.000,         1.000,         1.000,         1.000,         1.000,         1.000,         1.000,         1.000,         0.000,         0.000,         0.000,
     2.045,    35.881,     2.000,    21.115,     0.013,     0.020,     0.000,     0.450,     1.400,     9.130,     1.000,    21.903,     0.000,     0.000,     0.000,     0.000,     0.000,     0.000,     0.000,        35.000,         9.008,     0.013,     0.000,     0.001,     0.006,         1.000,         1.000,         1.000,         1.000,         1.000,         1.000,         1.000,         1.000,         1.000,         0.000,         0.000,         0.000,
     2.049,    34.823,     2.000,    21.182,     0.013,     0.000,     0.000,     0.450,     1.400,     9.130,     1.000,    21.912,     0.000,     0.000,     0.000,     0.000,     0.000,     0.000,     0.000,        35.000,         9.004,     0.013,     0.000,     0.001,     0.006,         1.000,         1.000,         1.000,         1.000,         1.000,         1.000,         1.000,         1.000,         1.000,         0.000,         0.000,         0.000,
     2.054,    35.093,     2.000,    21.125,     0.012,    -0.014,     0.000,     0.450,     1.400,     9.130,     1.000,    21.905,     0.000,     0.000,     0.000,     0.000,     0.000,     0.000,     0.000,        35.000,         9.000,     0.013,     0.000,     0.001,     0.006,         1.000,         1.000,         1.000,         1.000,         1.000,         1.000,         1.000,         1.000,         1.000,         0.000,         0.000,         0.000,
     2.058,    35.248,     2.000,    21.144,     0.012,    -0.023,     0.000,     0.450,     1.400,     9.130,     1.000,    21.907,     0.000,     0.000,     0.000,     0.000,     0.000,     0.000,     0.000,        35.000,         8.997,     0.013,     0.000,     0.001,     0.006,         1.000,         1.000,         1.000,         1.000,         1.000,         1.000,         1.000,         1.000,         1.000,         0.000,         0.000,         0.000,
     2.062,    40.018,     2.000,    21.137,     0.012,    -0.022,     0.000,     0.450,     1.400,     9.130,     1.000,    21.903,     0.000,     0.000,     0.000,     0.000,     0.000,     0.000,     0.000,        35.000,         8.993,     0.013,     0.000,     0.001,     0.006,         1.000,         1.000,         1.000,         1.000,         1.000,         1.000,         1.000,         1.000,         1.000,         0.000,         0.000,         0.000,
     2.066,    35.065,     2.000,    21.128,     0.012,    -0.014,     0.000,     0.450,     1.400,     9.130,     1.000,    21.902,     0.000,     0.000,     0.000,     0.000,     0.000,     0.000,     0.000,        35.000,         8.989,     0.013,     0.000,     0.001,     0.006,         1.000,         1.000,         1.000,         1.000,         1.000,         1.000,         1.000,         1.000,         1.000,         0.000,         0.000,         0.000,
     2.070,    36.935,     2.000,    21.128,     0.012,    -0.001,     0.000,     0.450,     1.400,     9.130,     1.000,    21.900,     0.000,     0.000,     0.000,     0.000,     0.000,     0.000,     0.000,        35.000,         8.985,     0.013,     0.000,     0.001,     0.006,         1.000,         1.000,         1.000,         1.000,         1.000,         1.000,         1.000,         1.000,         1.000,         0.000,         0.000,         0.000,
     2.075,    37.919,     2.000,    21.204,     0.013,     0.010,     0.000,     0.450,     1.400,     9.130,     1.000,    21.906,     0.000,     0.000,     0.000,     0.000,     0.000,     0.000,     0.000,        35.000,         8.981,     0.013,     0.000,     0.001,     0.006,         1.000,         1.000,         1.000,         1.000,         1.000,         1.000,         1.000,         1.000,         1.000,         0.000,         0.000,         0.000,
     2.079,    35.829,     2.000,    21.118,     0.013,     0.011,     0.000,     0.450,     1.400,     9.130,     1.000,    21.893,     0.000,     0.000,     0.000,     0.000,     0.000,     0.000,     0.000,        35.000,         8.978,     0.013,     0.000,     0.001,     0.006,         1.000,         1.000,         1.000,         1.000,         1.000,         1.000,         1.000,         1.000,         1.000,         0.000,         0.000,         0.000,
     2.083,    34.228,     2.000,    21.179,     0.013,     0.005,     0.000,     0.450,     1.400,     9.130,     1.000,    21.907,     0.000,     0.000,     0.000,     0.000,     0.000,     0.000,     0.000,        35.000,         8.974,     0.013,     0.000,     0.001,     0.006,         1.000,         1.000,         1.000,         1.000,         1.000,         1.000,         1.000,         1.000,         1.000,         0.000,         0.000,         0.000,
     2.087,    32.736,     2.000,    21.243,     0.013,    -0.001,     0.000,     0.450,     1.400,     9.130,     1.000,    21.919,     0.000,     0.000,     0.000,     0.000,     0.000,     0.000,     0.000,        35.000,         8.970,     0.013,     0.000,     0.001,     0.006,         1.000,         1.000,         1.000,         1.000,         1.000,         1.000,         1.000,         1.000,         1.000,         0.000,         0.000,         0.000,
     2.091,    36.928,     2.000,    21.120,     0.013,    -0.005,     0.000,     0.450,     1.400,     9.130,     1.000,    21.895,     0.000,     0.000,     0.000,     0.000,     0.000,     0.000,     0.000,        35.000,         8.967,     0.013,     0.000,     0.001,     0.006,         1.000,         1.000,         1.000,         1.000,         1.000,         1.000,         1.000,         1.000,         1.000,         0.000,         0.000,         0.000,
     2.095,    35.101,     2.000,    21.232,     0.012,    -0.009,     0.000,     0.450,     1.400,     9.130,     1.000,    21.908,     0.000,     0.000,     0.000,     0.000,     0.000,     0.000,     0.000,        35.000,         8.963,     0.013,     0.000,     0.001,     0.006,         1.000,         1.000,         1.000,         1.000,         1.000,         1.000,         1.000,         1.000,         1.000,         0.000,         0.000,         0.000,
     2.100,    35.079,     2.000,    21.127,     0.013,    -0.010,     0.000,     0.450,     1.400,     9.130,     1.000,    21.892,     0.000,     0.000,     0.000,     0.000,     0.000,     0.000,     0.000,        35.000,         8.959,     0.013,     0.000,     0.001,     0.006,         1.000,         1.000,         1.000,         1.000,         1.000,         1.000,         1.000,         1.000,         1.000,         0.000,         0.000,         0.000,
     2.104,    39.581,     2.000,    21.173,     0.013,    -0.010,     0.000,     0.450,     1.400,     9.130,     1.000,    21.906,     0.000,     0.000,     0.000,     0.000,     0.000,     0.000,     0.000,        35.000,         8.955,     0.013,     0.000,     0.001,     0.006,         1.000,         1.000,         1.000,         1.000,         1.000,         1.000,         1.000,         1.000,         1.000,         0.000,         0.000,         0.000,
     2.108,    44.723,     2.000,    21.163,     0.013,    -0.002,     0.000,     0.450,     1.400,     9.130,     1.000,    21.895,     0.000,     0.000,     0.000,     0.000,     0.000,     0.000,     0.000,        35.000,         8.951,     0.013,     0.000,     0.001,     0.006,         1.000,         1.000,         1.000,         1.000,         1.000,         1.000,         1.000,         1.000,         1.000,         0.000,         0.000,         0.000,
     2.112,    33.530,     2.000,    21.122,     0.013,     0.014,     0.000,     0.450,     1.400,     9.130,     1.000,    21.888,     0.000,     0.000,     0.000,     0.000,     0.000,     0.000,     0.000,        35.000,         8.948,     0.013,     0.000,     0.001,     0.006,         1.000,         1.000,         1.000,         1.000,         1.000,         1.000,         1.000,         1.000,         1.000,         0.000,         0.000,         0.000,
     2.116,    21.844,     2.000,    21.149,     0.013,     0.023,     0.000,     0.450,     1.400,     9.130,     1.000,    21.902,     0.000,     0.000,     0.000,     0.000,     0.000,     0.000,     0.000,        35.000,         8.944,     0.013,     0.000,     0.001,     0.006,         1.000,         1.000,         1.000,         1.000,         1.000,         1.000,         1.000,         1.000,         1.000,         0.000,         0.000,         0.000,
     2.120,    38.108,     2.000,    21.198,     0.013,     0.017,     0.000,     0.450,     1.400,     9.130,     1.000,    21.903,     0.000,     0.000,     0.000,     0.000,     0.000,     0.000,     0.000,        35.000,         8.940,     0.013,     0.000,     0.001,     0.006,         1.000,         1.000,         1.000,         1.000,         1.000,         1.000,         1.000,         1.000,         1.000,         0.000,         0.000,         0.000,
     2.125,    34.903,     2.000,    21.178,     0.014,     0.003,     0.000,     0.450,     1.400,     9.130,     1.000,    21.912,     0.000,     0.000,     0.000,     0.000,     0.000,     0.000,     0.000,        35.000,         8.936,     0.014,     0.000,     0.001,     0.006,         1.000,         1.000,         1.000,         1.000,         1.000,         1.000,         1.000,         1.000,         1.000,         0.000,         0.000,         0.000,
     2.129,    36.172,     2.000,    21.226,     0.013,    -0.004,     0.000,     0.450,     1.400,     9.130,     1.000,    21.930,     0.000,     0.000,     0.000,     0.000,     0.000,     0.000,     0.000,        35.000,         8.932,     0.014,     0.000,     0.001,     0.006,         1.000,         1.000,         1.000,         1.000,         1.000,         1.000,         1.000,         1.000,         1.000,         0.000,         0.000,         0.000,
     2.133,    37.776,     2.000,    21.189,     0.013,    -0.005,     0.000,     0.450,     1.400,     9.130,     1.000,    21.915,     0.000,     0.000,     0.000,     0.000,     0.000,     0.000,     0.000,        35.000,         8.929,     0.014,     0.000,     0.001,     0.006,         1.000,         1.000,         1.000,         1.000,         1.000,         1.000,         1.000,         1.000,         1.000,         0.000,         0.000,         0.000,
     2.137,    34.037,     2.000,    21.180,     0.013,    -0.006,     0.000,     0.450,     1.400,     9.130,     1.000,    21.917,     0.000,     0.000,     0.000,     0.000,     0.000,     0.000,     0.000,        35.000,         8.925,     0.014,     0.000,     0.001,     0.006,         1.000,         1.000,         1.000,         1.000,         1.000,         1.000,         1.000,         1.000,         1.000,         0.000,         0.000,         0.000,
     2.141,    33.638,     2.000,    21.208,     0.013,    -0.016,     0.000,     0.450,     1.400,     9.130,     1.000,    21.925,     0.000,     0.000,     0.000,     0.000,     0.000,     0.000,     0.000,        35.000,         8.921,     0.014,     0.000,     0.001,     0.006,         1.000,         1.000,         1.000,         1.000,         1.000,         1.000,         1.000,         1.000,         1.000,         0.000,         0.000,         0.000,
     2.145,    33.887,     2.000,    21.194,     0.012,    -0.027,     0.000,     0.450,     1.400,     9.130,     1.000,    21.925,     0.000,     0.000,     0.000,     0.000,     0.000,     0.000,     0.000,        35.000,         8.917,     0.014,     0.000,     0.001,     0.006,         1.000,         1.000,         1.000,         1.000,         1.000,         1.000,         1.000,         1.000,         1.000,         0.000,         0.000,         0.000,
     2.150,    34.184,     2.000,    21.203,     0.012,    -0.023,     0.000,     0.450,     1.400,     9.130,     1.000,    21.928,     0.000,     0.000,     0.000,     0.000,     0.000,     0.000,     0.000,        35.000,         8.914,     0.014,     0.000,     0.001,     0.006,         1.000,         1.000,         1.000,         1.000,         1.000,         1.000,         1.000,         1.000,         1.000,         0.000,         0.000,         0.000,
     2.154,    32.870,     2.000,    21.195,     0.013,    -0.006,     0.000,     0.450,     1.400,     9.130,     1.000,    21.925,     0.000,     0.000,     0.000,     0.000,     0.000,     0.000,     0.000,        35.000,         8.910,     0.014,     0.000,     0.001,     0.006,         1.000,         1.000,         1.000,         1.000,         1.000,         1.000,         1.000,         1.000,         1.000,         0.000,         0.000,         0.000,
     2.158,    20.518,     2.000,    21.242,     0.013,     0.014,     0.000,     0.450,     1.400,     9.130,     1.000,    21.921,     0.000,     0.000,     0.000,     0.000,     0.000,     0.000,     0.000,        35.000,         8.906,     0.014,     0.000,     0.001,     0.006,         1.000,         1.000,         1.000,         1.000,         1.000,         1.000,         1.000,         1.000,         1.000,         0.000,         0.000,         0.000,
     2.162,    35.163,     2.000,    21.255,     0.014,     0.019,     0.000,     0.450,     1.400,     9.130,     1.000,    21.928,     0.000,     0.000,     0.000,     0.000,     0.000,     0.000,     0.000,        35.000,         8.902,     0.014,     0.000,     0.001,     0.006,         1.000,         1.000,         1.000,         1.000,         1.000,         1.000,         1.000,         1.000,         1.000,         0.000,         0.000,         0.000,
     2.166,    40.289,     2.000,    21.163,     0.014,     0.015,     0.000,     0.450,     1.400,     9.130,     1.000,    21.921,     0.000,     0.000,     0.000,     0.000,     0.000,     0.000,     0.000,        35.000,         8.899,     0.014,     0.000,     0.001,     0.006,         1.000,         1.000,         1.000,         1.000,         1.000,         1.000,         1.000,         1.000,         1.000,         0.000,         0.000,         0.000,
     2.170,    33.262,     2.000,    21.225,     0.013,     0.016,     0.000,     0.450,     1.400,     9.130,     1.000,    21.924,     0.000,     0.000,     0.000,     0.000,     0.000,     0.000,     0.000,        35.000,         8.895,     0.014,     0.000,     0.001,     0.006,         1.000,         1.000,         1.000,         1.000,         1.000,         1.000,         1.000,         1.000,         1.000,         0.000,         0.000,         0.000,
     2.175,    29.800,     2.000,    21.141,     0.013,     0.017,     0.000,     0.450,     1.400,     9.130,     1.000,    21.912,     0.000,     0.000,     0.000,     0.000,     0.000,     0.000,     0.000,        35.000,         8.891,     0.014,     0.000,     0.001,     0.006,         1.000,         1.000,         1.000,         1.000,         1.000,         1.000,         1.000,         1.000,         1.000,         0.000,         0.000,         0.000,
     2.179,    32.075,     2.000,    21.137,     0.013,     0.011,     0.000,     0.450,     1.400,     9.130,     1.000,    21.910,     0.000,     0.000,     0.000,     0.000,     0.000,     0.000,     0.000,        35.000,         8.888,     0.014,     0.000,     0.001,     0.006,         1.000,         1.000,         1.000,         1.000,         1.000,         1.000,         1.000,         1.000,         1.000,         0.000,         0.000,         0.000,
     2.183,    32.851,     2.000,    21.166,     0.012,    -0.008,     0.000,     0.450,     1.400,     9.130,     1.000,    21.911,     0.000,     0.000,     0.000,     0.000,     0.000,     0.000,     0.000,        35.000,         8.884,     0.014,     0.000,     0.001,     0.006,         1.000,         1.000,         1.000,         1.000,         1.000,         1.000,         1.000,         1.000,         1.000,         0.000,         0.000,         0.000,
     2.187,    37.032,     2.000,    21.198,     0.012,    -0.025,     0.000,     0.450,     1.400,     9.130,     1.000,    21.918,     0.000,     0.000,     0.000,     0.000,     0.000,     0.000,     0.000,        35.000,         8.880,     0.014,     0.000,     0.001,     0.006,         1.000,         1.000,         1.000,         1.000,         1.000,         1.000,         1.000,         1.000,         1.000,         0.000,         0.000,         0.000,
     2.191,    34.733,     2.000,    21.205,     0.013,    -0.024,     0.000,     0.450,     1.400,     9.130,     1.000,    21.923,     0.000,     0.000,     0.000,     0.000,     0.000,     0.000,     0.000,        35.000,         8.876,     0.014,     0.000,     0.001,     0.006,         1.000,         1.000,         1.000,         1.000,         1.000,         1.000,         1.000,         1.000,         1.000,         0.000,         0.000,         0.000,
     2.196,    32.825,     2.000,    21.205,     0.013,    -0.009,     0.000,     0.450,     1.400,     9.130,     1.000,    21.925,     0.000,     0.000,     0.000,     0.000,     0.000,     0.000,     0.000,        35.000,         8.872,     0.014,     0.000,     0.001,     0.006,         1.000,         1.000,         1.000,         1.000,         1.000,         1.000,         1.000,         1.000,         1.000,         0.000,         0.000,         0.000,
     2.200,    28.442,     2.000,    21.207,     0.013,     0.002,     0.000,     0.450,     1.400,     9.130,     1.000,    21.926,     0.000,     0.000,     0.000,     0.000,     0.000,     0.000,     0.000,        35.000,         8.869,     0.014,     0.000,     0.001,     0.006,         1.000,         1.000,         1.000,         1.000,         1.000,         1.000,         1.000,         1.000,         1.000,         0.000,         0.000,         0.000,
     2.204,    34.900,     2.000,    21.257,     0.014,     0.002,     0.000,     0.450,     1.400,     9.130,     1.000,    21.933,     0.000,     0.000,     0.000,     0.000,     0.000,     0.000,     0.000,        35.000,         8.865,     0.014,     0.000,     0.001,     0.006,         1.000,         1.000,         1.000,         1.000,         1.000,         1.000,         1.000,         1.000,         1.000,         0.000,         0.000,         0.000,
     2.208,    36.390,     2.000,    21.318,     0.014,    -0.002,     0.000,     0.450,     1.400,     9.130,     1.000,    21.951,     0.000,     0.000,     0.000,     0.000,     0.000,     0.000,     0.000,        35.000,         8.861,     0.014,     0.000,     0.001,     0.007,         1.000,         1.000,         1.000,         1.000,         1.000,         1.000,         1.000,         1.000,         1.000,         0.000,         0.000,         0.000,
     2.212,    42.184,     2.000,    21.339,     0.014,     0.001,     0.000,     0.450,     1.400,     9.130,     1.000,    21.960,     0.000,     0.000,     0.000,     0.000,     0.000,     0.000,     0.000,        35.000,         8.857,     0.015,     0.000,     0.001,     0.007,         1.000,         1.000,         1.000,         1.000,         1.000,         1.000,         1.000,         1.000,         1.000,         0.000,         0.000,         0.000,
     2.216,    32.351,     2.000,    21.241,     0.014,     0.009,     0.000,     0.450,     1.400,     9.130,     1.000,    21.952,     0.000,     0.000,     0.000,     0.000,     0.000,     0.000,     0.000,        35.000,         8.854,     0.015,     0.000,     0.001,     0.007,         1.000,         1.000,         1.000,         1.000,         1.000,         1.000,         1.000,         1.000,         1.000,         0.000,         0.000,         0.000,
     2.221,    31.195,     2.000,    21.203,     0.013,     0.020,     0.000,     0.450,     1.400,     9.130,     1.000,    21.945,     0.000,     0.000,     0.000,     0.000,     0.000,     0.000,     0.000,        35.000,         8.850,     0.015,     0.000,     0.001,     0.007,         1.000,         1.000,         1.000,         1.000,         1.000,         1.000,         1.000,         1.000,         1.000,         0.000,         0.000,         0.000,
     2.225,    33.315,     2.000,    21.207,     0.013,     0.016,     0.000,     0.450,     1.400,     9.130,     1.000,    21.931,     0.000,     0.000,     0.000,     0.000,     0.000,     0.000,     0.000,        35.000,         8.846,     0.015,     0.000,     0.001,     0.007,         1.000,         1.000,         1.000,         1.000,         1.000,         1.000,         1.000,         1.000,         1.000,         0.000,         0.000,         0.000,
     2.229,    36.035,     2.000,    21.239,     0.014,    -0.002,     0.000,     0.450,     1.400,     9.130,     1.000,    21.951,     0.000,     0.000,     0.000,     0.000,     0.000,     0.000,     0.000,        35.000,         8.842,     0.015,     0.000,     0.001,     0.007,         1.000,         1.000,         1.000,         1.000,         1.000,         1.000,         1.000,         1.000,         1.000,         0.000,         0.000,         0.000,
     2.233,    37.613,     2.000,    21.272,     0.013,    -0.017,     0.000,     0.450,     1.400,     9.130,     1.000,    21.967,     0.000,     0.000,     0.000,     0.000,     0.000,     0.000,     0.000,        35.000,         8.839,     0.015,     0.000,     0.001,     0.007,         1.000,         1.000,         1.000,         1.000,         1.000,         1.000,         1.000,         1.000,         1.000,         0.000,         0.000,         0.000,
     2.237,    31.580,     2.000,    21.245,     0.013,    -0.020,     0.000,     0.450,     1.400,     9.130,     1.000,    21.954,     0.000,     0.000,     0.000,     0.000,     0.000,     0.000,     0.000,        35.000,         8.835,     0.015,     0.000,     0.001,     0.007,         1.000,         1.000,         1.000,         1.000,         1.000,         1.000,         1.000,         1.000,         1.000,         0.000,         0.000,         0.000,
     2.241,    22.335,     2.000,    21.212,     0.013,    -0.012,     0.000,     0.450,     1.400,     9.130,     1.000,    21.951,     0.000,     0.000,     0.000,     0.000,     0.000,     0.000,     0.000,        35.000,         8.832,     0.015,     0.000,     0.001,     0.007,         1.000,         1.000,         1.000,         1.000,         1.000,         1.000,         1.000,         1.000,         1.000,         0.000,         0.000,         0.000,
     2.245,    32.398,     2.000,    21.251,     0.013,    -0.002,     0.000,     0.450,     1.400,     9.130,     1.000,    21.952,     0.000,     0.000,     0.000,     0.000,     0.000,     0.000,     0.000,        35.000,         8.828,     0.015,     0.000,     0.001,     0.007,         1.000,         1.000,         1.000,         1.000,         1.000,         1.000,         1.000,         1.000,         1.000,         0.000,         0.000,         0.000,
     2.250,    37.203,     2.000,    21.308,     0.014,     0.003,     0.000,     0.450,     1.400,     9.130,     1.000,    21.958,     0.000,     0.000,     0.000,     0.000,     0.000,     0.000,     0.000,        35.000,         8.824,     0.015,     0.000,     0.001,     0.007,         1.000,         1.000,         1.000,         1.000,         1.000,         1.000,         1.000,         1.000,         1.000,         0.000,         0.000,         0.000,
     2.254,    34.947,     2.000,    21.279,     0.014,     0.002,     0.000,     0.450,     1.400,     9.130,     1.000,    21.967,     0.000,     0.000,     0.000,     0.000,     0.000,     0.000,     0.000,        35.000,         8.820,     0.015,     0.000,     0.001,     0.007,         1.000,         1.000,         1.000,         1.000,         1.000,         1.000,         1.000,         1.000,         1.000,         0.000,         0.000,         0.000,
     2.258,    35.623,     2.000,    21.261,     0.013,     0.005,     0.000,     0.450,     1.400,     9.130,     1.000,    21.966,     0.000,     0.000,     0.000,     0.000,     0.000,     0.000,     0.000,        35.000,         8.817,     0.015,     0.000,     0.001,     0.007,         1.000,         1.000,         1.000,         1.000,         1.000,         1.000,         1.000,         1.000,         1.000,         0.000,         0.000,         0.000,
     2.262,    34.975,     2.000,    21.209,     0.013,     0.009,     0.000,     0.450,     1.400,     9.130,     1.000,    21.947,     0.000,     0.000,     0.000,     0.000,     0.000,     0.000,     0.000,        35.000,         8.813,     0.015,     0.000,     0.001,     0.007,         1.000,         1.000,         1.000,         1.000,         1.000,         1.000,         1.000,         1.000,         1.000,         0.000,         0.000,         0.000,
     2.267,    33.007,     2.000,    21.186,     0.014,     0.007,     0.000,     0.450,     1.400,     9.130,     1.000,    21.927,     0.000,     0.000,     0.000,     0.000,     0.000,     0.000,     0.000,        35.000,         8.809,     0.015,     0.000,     0.001,     0.007,         1.000,         1.000,         1.000,         1.000,         1.000,         1.000,         1.000,         1.000,         1.000,         0.000,         0.000,         0.000,
     2.271,    39.194,     2.000,    21.228,     0.014,     0.000,     0.000,     0.450,     1.400,     9.130,     1.000,    21.938,     0.000,     0.000,     0.000,     0.000,     0.000,     0.000,     0.000,        35.000,         8.805,     0.015,     0.000,     0.001,     0.007,         1.000,         1.000,         1.000,         1.000,         1.000,         1.000,         1.000,         1.000,         1.000,         0.000,         0.000,         0.000,
     2.275,    38.274,     2.000,    21.234,     0.014,    -0.000,     0.000,     0.450,     1.400,     9.130,     1.000,    21.940,     0.000,     0.000,     0.000,     0.000,     0.000,     0.000,     0.000,        35.000,         8.802,     0.015,     0.000,     0.001,     0.007,         1.000,         1.000,         1.000,         1.000,         1.000,         1.000,         1.000,         1.000,         1.000,         0.000,         0.000,         0.000,
     2.279,    34.113,     2.000,    21.214,     0.014,     0.006,     0.000,     0.450,     1.400,     9.130,     1.000,    21.932,     0.000,     0.000,     0.000,     0.000,     0.000,     0.000,     0.000,        35.000,         8.798,     0.015,     0.000,     0.001,     0.007,         1.000,         1.000,         1.000,         1.000,         1.000,         1.000,         1.000,         1.000,         1.000,         0.000,         0.000,         0.000,
     2.283,    28.784,     2.000,    21.225,     0.014,     0.010,     0.000,     0.450,     1.400,     9.130,     1.000,    21.932,     0.000,     0.000,     0.000,     0.000,     0.000,     0.000,     0.000,        35.000,         8.794,     0.015,     0.000,     0.001,     0.007,         1.000,         1.000,         1.000,         1.000,         1.000,         1.000,         1.000,         1.000,         1.000,         0.000,         0.000,         0.000,
     2.287,    35.285,     2.000,    21.273,     0.014,     0.002,     0.000,     0.450,     1.400,     9.130,     1.000,    21.934,     0.000,     0.000,     0.000,     0.000,     0.000,     0.000,     0.000,        35.000,         8.791,     0.015,     0.000,     0.001,     0.007,         1.000,         1.000,         1.000,         1.000,         1.000,         1.000,         1.000,         1.000,         1.000,         0.000,         0.000,         0.000,
     2.291,    35.277,     2.000,    21.284,     0.014,    -0.015,     0.000,     0.450,     1.400,     9.130,     1.000,    21.946,     0.000,     0.000,     0.000,     0.000,     0.000,     0.000,     0.000,        35.000,         8.787,     0.015,     0.000,     0.001,     0.007,         1.000,         1.000,         1.000,         1.000,         1.000,         1.000,         1.000,         1.000,         1.000,         0.000,         0.000,         0.000,
     2.295,    35.405,     2.000,    21.289,     0.013,    -0.023,     0.000,     0.450,     1.400,     9.130,     1.000,    21.950,     0.000,     0.000,     0.000,     0.000,     0.000,     0.000,     0.000,        35.000,         8.783,     0.015,     0.000,     0.001,     0.007,         1.000,         1.000,         1.000,         1.000,         1.000,         1.000,         1.000,         1.000,         1.000,         0.000,         0.000,         0.000,
     2.300,    31.708,     2.000,    21.269,     0.013,    -0.017,     0.000,     0.450,     1.400,     9.130,     1.000,    21.944,     0.000,     0.000,     0.000,     0.000,     0.000,     0.000,     0.000,        35.000,         8.779,     0.015,     0.000,     0.001,     0.007,         1.000,         1.000,         1.000,         1.000,         1.000,         1.000,         1.000,         1.000,         1.000,         0.000,         0.000,         0.000,
     2.304,    36.763,     2.000,    21.356,     0.014,    -0.002,     0.000,     0.450,     1.400,     9.130,     1.000,    21.948,     0.000,     0.000,     0.000,     0.000,     0.000,     0.000,     0.000,        35.000,         8.776,     0.016,     0.000,     0.001,     0.007,         1.000,         1.000,         1.000,         1.000,         1.000,         1.000,         1.000,         1.000,         1.000,         0.000,         0.000,         0.000,
     2.308,    34.087,     2.000,    21.253,     0.015,     0.008,     0.000,     0.450,     1.400,     9.130,     1.000,    21.939,     0.000,     0.000,     0.000,     0.000,     0.000,     0.000,     0.000,        35.000,         8.772,     0.016,     0.000,     0.001,     0.007,         1.000,         1.000,         1.000,         1.000,         1.000,         1.000,         1.000,         1.000,         1.000,         0.000,         0.000,         0.000,
     2.312,    34.388,     2.000,    21.293,     0.015,     0.007,     0.000,     0.450,     1.400,     9.130,     1.000,    21.950,     0.000,     0.000,     0.000,     0.000,     0.000,     0.000,     0.000,        35.000,         8.768,     0.016,     0.000,     0.001,     0.007,         1.000,         1.000,         1.000,         1.000,         1.000,         1.000,         1.000,         1.000,         1.000,         0.000,         0.000,         0.000,
     2.316,    32.100,     2.000,    21.297,     0.014,     0.003,     0.000,     0.450,     1.400,     9.130,     1.000,    21.959,     0.000,     0.000,     0.000,     0.000,     0.000,     0.000,     0.000,        35.000,         8.765,     0.016,     0.000,     0.001,     0.007,         1.000,         1.000,         1.000,         1.000,         1.000,         1.000,         1.000,         1.000,         1.000,         0.000,         0.000,         0.000,
     2.321,    34.062,     2.000,    21.294,     0.014,     0.002,     0.000,     0.450,     1.400,     9.130,     1.000,    21.957,     0.000,     0.000,     0.000,     0.000,     0.000,     0.000,     0.000,        35.000,         8.761,     0.016,     0.000,     0.001,     0.007,         1.000,         1.000,         1.000,         1.000,         1.000,         1.000,         1.000,         1.000,         1.000,         0.000,         0.000,         0.000,
     2.325,    35.447,     2.000,    21.255,     0.014,     0.004,     0.000,     0.450,     1.400,     9.130,     1.000,    21.947,     0.000,     0.000,     0.000,     0.000,     0.000,     0.000,     0.000,        35.000,         8.758,     0.016,     0.000,     0.001,     0.007,         1.000,         1.000,         1.000,         1.000,         1.000,         1.000,         1.000,         1.000,         1.000,         0.000,         0.000,         0.000,
     2.329,    31.791,     2.000,    21.248,     0.014,     0.005,     0.000,     0.450,     1.400,     9.130,     1.000,    21.947,     0.000,     0.000,     0.000,     0.000,     0.000,     0.000,     0.000,        35.000,         8.754,     0.016,     0.000,     0.001,     0.007,         1.000,         1.000,         1.000,         1.000,         1.000,         1.000,         1.000,         1.000,         1.000,         0.000,         0.000,         0.000,
     2.333,    35.969,     2.000,    21.273,     0.014,     0.003,     0.000,     0.450,     1.400,     9.130,     1.000,    21.945,     0.000,     0.000,     0.000,     0.000,     0.000,     0.000,     0.000,        35.000,         8.750,     0.016,     0.000,     0.001,     0.007,         1.000,         1.000,         1.000,         1.000,         1.000,         1.000,         1.000,         1.000,         1.000,         0.000,         0.000,         0.000,
     2.337,    36.325,     2.000,    21.264,     0.014,    -0.002,     0.000,     0.450,     1.400,     9.130,     1.000,    21.951,     0.000,     0.000,     0.000,     0.000,     0.000,     0.000,     0.000,        35.000,         8.746,     0.016,     0.000,     0.001,     0.007,         1.000,         1.000,         1.000,         1.000,         1.000,         1.000,         1.000,         1.000,         1.000,         0.000,         0.000,         0.000,
     2.341,    33.850,     2.000,    21.284,     0.014,    -0.003,     0.000,     0.450,     1.400,     9.130,     1.000,    21.958,     0.000,     0.000,     0.000,     0.000,     0.000,     0.000,     0.000,        35.000,         8.743,     0.016,     0.000,     0.001,     0.007,         1.000,         1.000,         1.000,         1.000,         1.000,         1.000,         1.000,         1.000,         1.000,         0.000,         0.000,         0.000,
     2.346,    31.919,     2.000,    21.242,     0.014,     0.001,     0.000,     0.450,     1.400,     9.130,     1.000,    21.938,     0.000,     0.000,     0.000,     0.000,     0.000,     0.000,     0.000,        35.000,         8.739,     0.016,     0.000,     0.001,     0.007,         1.000,         1.000,         1.000,         1.000,         1.000,         1.000,         1.000,         1.000,         1.000,         0.000,         0.000,         0.000,
     2.350,    33.547,     2.000,    21.285,     0.014,     0.003,     0.000,     0.450,     1.400,     9.130,     1.000,    21.944,     0.000,     0.000,     0.000,     0.000,     0.000,     0.000,     0.000,        35.000,         8.735,     0.016,     0.000,     0.001,     0.007,         1.000,         1.000,         1.000,         1.000,         1.000,         1.000,         1.000,         1.000,         1.000,         0.000,         0.000,         0.000,
     2.354,    34.110,     2.000,    21.242,     0.014,     0.001,     0.000,     0.450,     1.400,     9.130,     1.000,    21.942,     0.000,     0.000,     0.000,     0.000,     0.000,     0.000,     0.000,        35.000,         8.732,     0.016,     0.000,     0.001,     0.007,         1.000,         1.000,         1.000,         1.000,         1.000,         1.000,         1.000,         1.000,         1.000,         0.000,         0.000,         0.000,
     2.358,    32.165,     2.000,    21.234,     0.014,    -0.002,     0.000,     0.450,     1.400,     9.130,     1.000,    21.932,     0.000,     0.000,     0.000,     0.000,     0.000,     0.000,     0.000,        35.000,         8.728,     0.016,     0.000,     0.001,     0.007,         1.000,         1.000,         1.000,         1.000,         1.000,         1.000,         1.000,         1.000,         1.000,         0.000,         0.000,         0.000,
     2.362,    35.651,     2.000,    21.277,     0.014,    -0.006,     0.000,     0.450,     1.400,     9.130,     1.000,    21.939,     0.000,     0.000,     0.000,     0.000,     0.000,     0.000,     0.000,        35.000,         8.724,     0.016,     0.000,     0.001,     0.007,         1.000,         1.000,         1.000,         1.000,         1.000,         1.000,         1.000,         1.000,         1.000,         0.000,         0.000,         0.000,
     2.366,    35.281,     2.000,    21.246,     0.014,    -0.009,     0.000,     0.450,     1.400,     9.130,     1.000,    21.942,     0.000,     0.000,     0.000,     0.000,     0.000,     0.000,     0.000,        35.000,         8.721,     0.016,     0.000,     0.001,     0.007,         1.000,         1.000,         1.000,         1.000,         1.000,         1.000,         1.000,         1.000,         1.000,         0.000,         0.000,         0.000,
     2.371,    35.136,     2.000,    21.307,     0.014,    -0.006,     0.000,     0.450,     1.400,     9.130,     1.000,    21.952,     0.000,     0.000,     0.000,     0.000,     0.000,     0.000,     0.000,        35.000,         8.717,     0.016,     0.000,     0.001,     0.007,         1.000,         1.000,         1.000,         1.000,         1.000,         1.000,         1.000,         1.000,         1.000,         0.000,         0.000,         0.000,
     2.375,    32.130,     2.000,    21.260,     0.014,     0.002,     0.000,     0.450,     1.400,     9.130,     1.000,    21.949,     0.000,     0.000,     0.000,     0.000,     0.000,     0.000,     0.000,        35.000,         8.713,     0.016,     0.000,     0.001,     0.007,         1.000,         1.000,         1.000,         1.000,         1.000,         1.000,         1.000,         1.000,         1.000,         0.000,         0.000,         0.000,
     2.379,    33.431,     2.000,    21.249,     0.014,     0.007,     0.000,     0.450,     1.400,     9.130,     1.000,    21.945,     0.000,     0.000,     0.000,     0.000,     0.000,     0.000,     0.000,        35.000,         8.709,     0.016,     0.000,     0.001,     0.007,         1.000,         1.000,         1.000,         1.000,         1.000,         1.000,         1.000,         1.000,         1.000,         0.000,         0.000,         0.000,
     2.383,    34.350,     2.000,    21.263,     0.014,     0.008,     0.000,     0.450,     1.400,     9.130,     1.000,    21.950,     0.000,     0.000,     0.000,     0.000,     0.000,     0.000,     0.000,        35.000,         8.706,     0.016,     0.000,     0.001,     0.007,         1.000,         1.000,         1.000,         1.000,         1.000,         1.000,         1.000,         1.000,         1.000,         0.000,         0.000,         0.000,
     2.387,    25.073,     2.000,    21.251,     0.014,     0.005,     0.000,     0.450,     1.400,     9.130,     1.000,    21.949,     0.000,     0.000,     0.000,     0.000,     0.000,     0.000,     0.000,        35.000,         8.702,     0.016,     0.000,     0.001,     0.007,         1.000,         1.000,         1.000,         1.000,         1.000,         1.000,         1.000,         1.000,         1.000,         0.000,         0.000,         0.000,
     2.391,    32.215,     2.000,    21.273,     0.014,     0.006,     0.000,     0.450,     1.400,     9.130,     1.000,    21.947,     0.000,     0.000,     0.000,     0.000,     0.000,     0.000,     0.000,        35.000,         8.699,     0.017,     0.000,     0.001,     0.007,         1.000,         1.000,         1.000,         1.000,         1.000,         1.000,         1.000,         1.000,         1.000,         0.000,         0.000,         0.000,
     2.396,    50.602,     2.000,    21.277,     0.015,     0.007,     0.000,     0.450,     1.400,     9.130,     1.000,    21.959,     0.000,     0.000,     0.000,     0.000,     0.000,     0.000,     0.000,        35.000,         8.695,     0.017,     0.000,     0.001,     0.007,         1.000,         1.000,         1.000,         1.000,         1.000,         1.000,         1.000,         1.000,         1.000,         0.000,         0.000,         0.000,
     2.400,    33.012,     2.000,    21.309,     0.014,     0.004,     0.000,     0.450,     1.400,     9.130,     1.000,    21.973,     0.000,     0.000,     0.000,     0.000,     0.000,     0.000,     0.000,        35.000,         8.691,     0.017,     0.000,     0.001,     0.007,         1.000,         1.000,         1.000,         1.000,         1.000,         1.000,         1.000,         1.000,         1.000,         0.000,         0.000,         0.000,
     2.404,    32.652,     2.000,    21.293,     0.013,    -0.009,     0.000,     0.450,     1.400,     9.130,     1.000,    21.970,     0.000,     0.000,     0.000,     0.000,     0.000,     0.000,     0.000,        35.000,         8.687,     0.017,     0.000,     0.001,     0.007,         1.000,         1.000,         1.000,         1.000,         1.000,         1.000,         1.000,         1.000,         1.000,         0.000,         0.000,         0.000,
     2.408,    33.522,     2.000,    21.280,     0.013,    -0.021,     0.000,     0.450,     1.400,     9.130,     1.000,    21.966,     0.000,     0.000,     0.000,     0.000,     0.000,     0.000,     0.000,        35.000,         8.684,     0.017,     0.000,     0.001,     0.008,         1.000,         1.000,         1.000,         1.000,         1.000,         1.000,         1.000,         1.000,         1.000,         0.000,         0.000,         0.000,
     2.412,    33.880,     2.000,    21.279,     0.013,    -0.023,     0.000,     0.450,     1.400,     9.130,     1.000,    21.966,     0.000,     0.000,     0.000,     0.000,     0.000,     0.000,     0.000,        35.000,         8.680,     0.017,     0.000,     0.001,     0.008,         1.000,         1.000,         1.000,         1.000,         1.000,         1.000,         1.000,         1.000,         1.000,         0.000,         0.000,         0.000,
     2.416,    35.921,     2.000,    21.372,     0.013,    -0.013,     0.000,     0.450,     1.400,     9.130,     1.000,    21.972,     0.000,     0.000,     0.000,     0.000,     0.000,     0.000,     0.000,        35.000,         8.677,     0.017,     0.000,     0.001,     0.008,         1.000,         1.000,         1.000,         1.000,         1.000,         1.000,         1.000,         1.000,         1.000,         0.000,         0.000,         0.000,
     2.421,    30.953,     2.000,    21.252,     0.014,     0.004,     0.000,     0.450,     1.400,     9.130,     1.000,    21.956,     0.000,     0.000,     0.000,     0.000,     0.000,     0.000,     0.000,        35.000,         8.673,     0.017,     0.000,     0.001,     0.008,         1.000,         1.000,         1.000,         1.000,         1.000,         1.000,         1.000,         1.000,         1.000,         0.000,         0.000,         0.000,
     2.425,    33.964,     2.000,    21.280,     0.015,     0.017,     0.000,     0.450,     1.400,     9.130,     1.000,    21.963,     0.000,     0.000,     0.000,     0.000,     0.000,     0.000,     0.000,        35.000,         8.669,     0.017,     0.000,     0.001,     0.008,         1.000,         1.000,         1.000,         1.000,         1.000,         1.000,         1.000,         1.000,         1.000,         0.000,         0.000,         0.000,
     2.429,    26.930,     2.000,    21.287,     0.015,     0.020,     0.000,     0.450,     1.400,     9.130,     1.000,    21.966,     0.000,     0.000,     0.000,     0.000,     0.000,     0.000,     0.000,        35.000,         8.666,     0.017,     0.000,     0.001,     0.008,         1.000,         1.000,         1.000,         1.000,         1.000,         1.000,         1.000,         1.000,         1.000,         0.000,         0.000,         0.000,
     2.433,    34.558,     2.000,    21.306,     0.015,     0.014,     0.000,     0.450,     1.400,     9.130,     1.000,    21.973,     0.000,     0.000,     0.000,     0.000,     0.000,     0.000,     0.000,        35.000,         8.662,     0.017,     0.000,     0.001,     0.008,         1.000,         1.000,         1.000,         1.000,         1.000,         1.000,         1.000,         1.000,         1.000,         0.000,         0.000,         0.000,
     2.437,    33.254,     2.000,    21.302,     0.014,     0.006,     0.000,     0.450,     1.400,     9.130,     1.000,    21.977,     0.000,     0.000,     0.000,     0.000,     0.000,     0.000,     0.000,        35.000,         8.658,     0.017,     0.000,     0.001,     0.008,         1.000,         1.000,         1.000,         1.000,         1.000,         1.000,         1.000,         1.000,         1.000,         0.000,         0.000,         0.000,
     2.441,    32.740,     2.000,    21.301,     0.014,    -0.003,     0.000,     0.450,     1.400,     9.130,     1.000,    21.978,     0.000,     0.000,     0.000,     0.000,     0.000,     0.000,     0.000,        35.000,         8.655,     0.017,     0.000,     0.001,     0.008,         1.000,         1.000,         1.000,         1.000,         1.000,         1.000,         1.000,         1.000,         1.000,         0.000,         0.000,         0.000,
     2.446,    38.541,     2.000,    21.273,     0.013,    -0.010,     0.000,     0.450,     1.400,     9.130,     1.000,    21.965,     0.000,     0.000,     0.000,     0.000,     0.000,     0.000,     0.000,        35.000,         8.651,     0.017,     0.000,     0.001,     0.008,         1.000,         1.000,         1.000,         1.000,         1.000,         1.000,         1.000,         1.000,         1.000,         0.000,         0.000,         0.000,
     2.450,    32.899,     2.000,    21.254,     0.013,    -0.013,     0.000,     0.450,     1.400,     9.130,     1.000,    21.952,     0.000,     0.000,     0.000,     0.000,     0.000,     0.000,     0.000,        35.000,         8.647,     0.017,     0.000,     0.001,     0.008,         1.000,         1.000,         1.000,         1.000,         1.000,         1.000,         1.000,         1.000,         1.000,         0.000,         0.000,         0.000,
     2.454,    33.966,     2.000,    21.257,     0.013,    -0.011,     0.000,     0.450,     1.400,     9.130,     1.000,    21.946,     0.000,     0.000,     0.000,     0.000,     0.000,     0.000,     0.000,        35.000,         8.644,     0.017,     0.000,     0.001,     0.008,         1.000,         1.000,         1.000,         1.000,         1.000,         1.000,         1.000,         1.000,         1.000,         0.000,         0.000,         0.000,
     2.458,    34.806,     2.000,    21.265,     0.014,    -0.002,     0.000,     0.450,     1.400,     9.130,     1.000,    21.944,     0.000,     0.000,     0.000,     0.000,     0.000,     0.000,     0.000,        35.000,         8.640,     0.017,     0.000,     0.001,     0.008,         1.000,         1.000,         1.000,         1.000,         1.000,         1.000,         1.000,         1.000,         1.000,         0.000,         0.000,         0.000,
     2.462,    34.092,     2.000,    21.272,     0.014,     0.007,     0.000,     0.450,     1.400,     9.130,     1.000,    21.944,     0.000,     0.000,     0.000,     0.000,     0.000,     0.000,     0.000,        35.000,         8.637,     0.017,     0.000,     0.001,     0.008,         1.000,         1.000,         1.000,         1.000,         1.000,         1.000,         1.000,         1.000,         1.000,         0.000,         0.000,         0.000,
     2.467,    31.538,     2.000,    21.277,     0.014,     0.013,     0.000,     0.450,     1.400,     9.130,     1.000,    21.944,     0.000,     0.000,     0.000,     0.000,     0.000,     0.000,     0.000,        35.000,         8.633,     0.017,     0.000,     0.001,     0.008,         1.000,         1.000,         1.000,         1.000,         1.000,         1.000,         1.000,         1.000,         1.000,         0.000,         0.000,         0.000,
     2.471,    33.860,     2.000,    21.301,     0.015,     0.011,     0.000,     0.450,     1.400,     9.130,     1.000,    21.947,     0.000,     0.000,     0.000,     0.000,     0.000,     0.000,     0.000,        35.000,         8.629,     0.017,     0.000,     0.001,     0.008,         1.000,         1.000,         1.000,         1.000,         1.000,         1.000,         1.000,         1.000,         1.000,         0.000,         0.000,         0.000,
     2.475,    32.416,     2.000,    21.302,     0.015,     0.002,     0.000,     0.450,     1.400,     9.130,     1.000,    21.951,     0.000,     0.000,     0.000,     0.000,     0.000,     0.000,     0.000,        35.000,         8.626,     0.017,     0.000,     0.001,     0.008,         1.000,         1.000,         1.000,         1.000,         1.000,         1.000,         1.000,         1.000,         1.000,         0.000,         0.000,         0.000,
     2.479,    33.487,     2.000,    21.329,     0.014,    -0.007,     0.000,     0.450,     1.400,     9.130,     1.000,    21.960,     0.000,     0.000,     0.000,     0.000,     0.000,     0.000,     0.000,        35.000,         8.622,     0.017,     0.000,     0.001,     0.008,         1.000,         1.000,         1.000,         1.000,         1.000,         1.000,         1.000,         1.000,         1.000,         0.000,         0.000,         0.000,
     2.483,    39.730,     2.000,    21.339,     0.014,    -0.015,     0.000,     0.450,     1.400,     9.130,     1.000,    21.963,     0.000,     0.000,     0.000,     0.000,     0.000,     0.000,     0.000,        35.000,         8.618,     0.018,     0.000,     0.001,     0.008,         1.000,         1.000,         1.000,         1.000,         1.000,         1.000,         1.000,         1.000,         1.000,         0.000,         0.000,         0.000,
     2.488,    35.599,     2.000,    21.346,     0.014,    -0.015,     0.000,     0.450,     1.400,     9.130,     1.000,    21.967,     0.000,     0.000,     0.000,     0.000,     0.000,     0.000,     0.000,        35.000,         8.615,     0.018,     0.000,     0.001,     0.008,         1.000,         1.000,         1.000,         1.000,         1.000,         1.000,         1.000,         1.000,         1.000,         0.000,         0.000,         0.000,
     2.492,    37.254,     2.000,    21.334,     0.014,    -0.009,     0.000,     0.450,     1.400,     9.130,     1.000,    21.965,     0.000,     0.000,     0.000,     0.000,     0.000,     0.000,     0.000,        35.000,         8.611,     0.018,     0.000,     0.001,     0.008,         1.000,         1.000,         1.000,         1.000,         1.000,         1.000,         1.000,         1.000,         1.000,         0.000,         0.000,         0.000,
     2.496,    32.770,     2.000,    21.327,     0.015,     0.004,     0.000,     0.450,     1.400,     9.130,     1.000,    21.962,     0.000,     0.000,     0.000,     0.000,     0.000,     0.000,     0.000,        35.000,         8.607,     0.018,     0.000,     0.001,     0.008,         1.000,         1.000,         1.000,         1.000,         1.000,         1.000,         1.000,         1.000,         1.000,         0.000,         0.000,         0.000,
     2.500,    32.615,     2.000,    21.320,     0.015,     0.015,     0.000,     0.450,     1.400,     9.130,     1.000,    21.961,     0.000,     0.000,     0.000,     0.000,     0.000,     0.000,     0.000,        35.000,         8.604,     0.018,     0.000,     0.001,     0.008,         1.000,         1.000,         1.000,         1.000,         1.000,         1.000,         1.000,         1.000,         1.000,         0.000,         0.000,         0.000,
     2.504,    31.795,     2.000,    21.312,     0.015,     0.019,     0.000,     0.450,     1.400,     9.130,     1.000,    21.955,     0.000,     0.000,     0.000,     0.000,     0.000,     0.000,     0.000,        35.000,         8.600,     0.018,     0.000,     0.001,     0.008,         1.000,         1.000,         1.000,         1.000,         1.000,         1.000,         1.000,         1.000,         1.000,         0.000,         0.000,         0.000,
     2.508,    35.787,     2.000,    21.313,     0.016,     0.015,     0.000,     0.450,     1.400,     9.130,     1.000,    21.958,     0.000,     0.000,     0.000,     0.000,     0.000,     0.000,     0.000,        35.000,         8.597,     0.018,     0.000,     0.001,     0.008,         1.000,         1.000,         1.000,         1.000,         1.000,         1.000,         1.000,         1.000,         1.000,         0.000,         0.000,         0.000,
     2.513,    33.391,     2.000,    21.340,     0.015,     0.010,     0.000,     0.450,     1.400,     9.130,     1.000,    21.968,     0.000,     0.000,     0.000,     0.000,     0.000,     0.000,     0.000,        35.000,         8.593,     0.018,     0.000,     0.001,     0.008,         1.000,         1.000,         1.000,         1.000,         1.000,         1.000,         1.000,         1.000,         1.000,         0.000,         0.000,         0.000,
     2.517,    30.867,     2.000,    21.356,     0.015,    -0.000,     0.000,     0.450,     1.400,     9.130,     1.000,    21.980,     0.000,     0.000,     0.000,     0.000,     0.000,     0.000,     0.000,        35.000,         8.589,     0.018,     0.000,     0.001,     0.008,         1.000,         1.000,         1.000,         1.000,         1.000,         1.000,         1.000,         1.000,         1.000,         0.000,         0.000,         0.000,
     2.521,    30.435,     2.000,    21.322,     0.014,    -0.013,     0.000,     0.450,     1.400,     9.130,     1.000,    21.968,     0.000,     0.000,     0.000,     0.000,     0.000,     0.000,     0.000,        35.000,         8.586,     0.018,     0.000,     0.001,     0.008,         1.000,         1.000,         1.000,         1.000,         1.000,         1.000,         1.000,         1.000,         1.000,         0.000,         0.000,         0.000,
     2.525,    34.017,     2.000,    21.358,     0.014,    -0.026,     0.000,     0.450,     1.400,     9.130,     1.000,    21.978,     0.000,     0.000,     0.000,     0.000,     0.000,     0.000,     0.000,        35.000,         8.582,     0.018,     0.000,     0.001,     0.008,         1.000,         1.000,         1.000,         1.000,         1.000,         1.000,         1.000,         1.000,         1.000,         0.000,         0.000,         0.000,
     2.529,    30.994,     2.000,    21.375,     0.014,    -0.029,     0.000,     0.450,     1.400,     9.130,     1.000,    21.981,     0.000,     0.000,     0.000,     0.000,     0.000,     0.000,     0.000,        35.000,         8.579,     0.018,     0.000,     0.001,     0.008,         1.000,         1.000,         1.000,         1.000,         1.000,         1.000,         1.000,         1.000,         1.000,         0.000,         0.000,         0.000,
     2.533,    33.193,     2.000,    21.348,     0.014,    -0.014,     0.000,     0.450,     1.400,     9.130,     1.000,    21.975,     0.000,     0.000,     0.000,     0.000,     0.000,     0.000,     0.000,        35.000,         8.575,     0.018,     0.000,     0.001,     0.008,         1.000,         1.000,         1.000,         1.000,         1.000,         1.000,         1.000,         1.000,         1.000,         0.000,         0.000,         0.000,
     2.537,    29.477,     2.000,    21.324,     0.014,     0.009,     0.000,     0.450,     1.400,     9.130,     1.000,    21.967,     0.000,     0.000,     0.000,     0.000,     0.000,     0.000,     0.000,        35.000,         8.571,     0.018,     0.000,     0.001,     0.008,         1.000,         1.000,         1.000,         1.000,         1.000,         1.000,         1.000,         1.000,         1.000,         0.000,         0.000,         0.000,
     2.541,    32.867,     2.000,    21.302,     0.015,     0.028,     0.000,     0.450,     1.400,     9.130,     1.000,    21.960,     0.000,     0.000,     0.000,     0.000,     0.000,     0.000,     0.000,        35.000,         8.568,     0.018,     0.000,     0.001,     0.008,         1.000,         1.000,         1.000,         1.000,         1.000,         1.000,         1.000,         1.000,         1.000,         0.000,         0.000,         0.000,
     2.546,    31.255,     2.000,    21.395,     0.015,     0.031,     0.000,     0.450,     1.400,     9.130,     1.000,    21.967,     0.000,     0.000,     0.000,     0.000,     0.000,     0.000,     0.000,        35.000,         8.564,     0.018,     0.000,     0.001,     0.008,         1.000,         1.000,         1.000,         1.000,         1.000,         1.000,         1.000,         1.000,         1.000,         0.000,         0.000,         0.000,
     2.550,    30.998,     2.000,    21.297,     0.015,     0.017,     0.000,     0.450,     1.400,     9.130,     1.000,    21.962,     0.000,     0.000,     0.000,     0.000,     0.000,     0.000,     0.000,        35.000,         8.560,     0.018,     0.000,     0.001,     0.008,         1.000,         1.000,         1.000,         1.000,         1.000,         1.000,         1.000,         1.000,         1.000,         0.000,         0.000,         0.000,
     2.554,    32.816,     2.000,    21.359,     0.015,    -0.001,     0.000,     0.450,     1.400,     9.130,     1.000,    21.978,     0.000,     0.000,     0.000,     0.000,     0.000,     0.000,     0.000,        35.000,         8.557,     0.018,     0.000,     0.001,     0.008,         1.000,         1.000,         1.000,         1.000,         1.000,         1.000,         1.000,         1.000,         1.000,         0.000,         0.000,         0.000,
     2.558,    35.308,     2.000,    21.337,     0.014,    -0.012,     0.000,     0.450,     1.400,     9.130,     1.000,    21.974,     0.000,     0.000,     0.000,     0.000,     0.000,     0.000,     0.000,        35.000,         8.553,     0.018,     0.000,     0.001,     0.008,         1.000,         1.000,         1.000,         1.000,         1.000,         1.000,         1.000,         1.000,         1.000,         0.000,         0.000,         0.000,
     2.563,    32.127,     2.000,    21.349,     0.014,    -0.013,     0.000,     0.450,     1.400,     9.130,     1.000,    21.973,     0.000,     0.000,     0.000,     0.000,     0.000,     0.000,     0.000,        35.000,         8.550,     0.018,     0.000,     0.001,     0.008,         1.000,         1.000,         1.000,         1.000,         1.000,         1.000,         1.000,         1.000,         1.000,         0.000,         0.000,         0.000,
     2.567,    29.642,     2.000,    21.309,     0.014,    -0.012,     0.000,     0.450,     1.400,     9.130,     1.000,    21.965,     0.000,     0.000,     0.000,     0.000,     0.000,     0.000,     0.000,        35.000,         8.546,     0.018,     0.000,     0.001,     0.008,         1.000,         1.000,         1.000,         1.000,         1.000,         1.000,         1.000,         1.000,         1.000,         0.000,         0.000,         0.000,
     2.571,    31.627,     2.000,    21.336,     0.014,    -0.012,     0.000,     0.450,     1.400,     9.130,     1.000,    21.963,     0.000,     0.000,     0.000,     0.000,     0.000,     0.000,     0.000,        35.000,         8.542,     0.018,     0.000,     0.001,     0.008,         1.000,         1.000,         1.000,         1.000,         1.000,         1.000,         1.000,         1.000,         1.000,         0.000,         0.000,         0.000,
     2.575,    30.350,     2.000,    21.316,     0.014,    -0.015,     0.000,     0.450,     1.400,     9.130,     1.000,    21.963,     0.000,     0.000,     0.000,     0.000,     0.000,     0.000,     0.000,        35.000,         8.539,     0.019,     0.000,     0.001,     0.008,         1.000,         1.000,         1.000,         1.000,         1.000,         1.000,         1.000,         1.000,         1.000,         0.000,         0.000,         0.000,
     2.579,    30.215,     2.000,    21.317,     0.014,    -0.010,     0.000,     0.450,     1.400,     9.130,     1.000,    21.960,     0.000,     0.000,     0.000,     0.000,     0.000,     0.000,     0.000,        35.000,         8.535,     0.019,     0.000,     0.001,     0.008,         1.000,         1.000,         1.000,         1.000,         1.000,         1.000,         1.000,         1.000,         1.000,         0.000,         0.000,         0.000,
     2.583,    30.399,     2.000,    21.342,     0.015,     0.002,     0.000,     0.450,     1.400,     9.130,     1.000,    21.965,     0.000,     0.000,     0.000,     0.000,     0.000,     0.000,     0.000,        35.000,         8.532,     0.019,     0.000,     0.001,     0.008,         1.000,         1.000,         1.000,         1.000,         1.000,         1.000,         1.000,         1.000,         1.000,         0.000,         0.000,         0.000,
     2.588,    33.166,     2.000,    21.328,     0.015,     0.018,     0.000,     0.450,     1.400,     9.130,     1.000,    21.964,     0.000,     0.000,     0.000,     0.000,     0.000,     0.000,     0.000,        35.000,         8.528,     0.019,     0.000,     0.001,     0.008,         1.000,         1.000,         1.000,         1.000,         1.000,         1.000,         1.000,         1.000,         1.000,         0.000,         0.000,         0.000,
     2.592,    32.087,     2.000,    21.310,     0.015,     0.024,     0.000,     0.450,     1.400,     9.130,     1.000,    21.964,     0.000,     0.000,     0.000,     0.000,     0.000,     0.000,     0.000,        35.000,         8.525,     0.019,     0.000,     0.001,     0.008,         1.000,         1.000,         1.000,         1.000,         1.000,         1.000,         1.000,         1.000,         1.000,         0.000,         0.000,         0.000,
     2.596,    30.198,     2.000,    21.328,     0.015,     0.016,     0.000,     0.450,     1.400,     9.130,     1.000,    21.981,     0.000,     0.000,     0.000,     0.000,     0.000,     0.000,     0.000,        35.000,         8.521,     0.019,     0.000,     0.001,     0.008,         1.000,         1.000,         1.000,         1.000,         1.000,         1.000,         1.000,         1.000,         1.000,         0.000,         0.000,         0.000,
     2.600,    30.292,     2.000,    21.308,     0.014,     0.005,     0.000,     0.450,     1.400,     9.130,     1.000,    21.976,     0.000,     0.000,     0.000,     0.000,     0.000,     0.000,     0.000,        35.000,         8.517,     0.019,     0.000,     0.002,     0.008,         1.000,         1.000,         1.000,         1.000,         1.000,         1.000,         1.000,         1.000,         1.000,         0.000,         0.000,         0.000,
     2.604,    31.950,     2.000,    21.284,     0.014,    -0.005,     0.000,     0.450,     1.400,     9.130,     1.000,    21.966,     0.000,     0.000,     0.000,     0.000,     0.000,     0.000,     0.000,        35.000,         8.514,     0.019,     0.000,     0.002,     0.008,         1.000,         1.000,         1.000,         1.000,         1.000,         1.000,         1.000,         1.000,         1.000,         0.000,         0.000,         0.000,
     2.608,    33.429,     2.000,    21.304,     0.014,    -0.009,     0.000,     0.450,     1.400,     9.130,     1.000,    21.971,     0.000,     0.000,     0.000,     0.000,     0.000,     0.000,     0.000,        35.000,         8.510,     0.019,     0.000,     0.002,     0.008,         1.000,         1.000,         1.000,         1.000,         1.000,         1.000,         1.000,         1.000,         1.000,         0.000,         0.000,         0.000,
     2.612,    31.962,     2.000,    21.315,     0.014,    -0.010,     0.000,     0.450,     1.400,     9.130,     1.000,    21.976,     0.000,     0.000,     0.000,     0.000,     0.000,     0.000,     0.000,        35.000,         8.507,     0.019,     0.000,     0.002,     0.009,         1.000,         1.000,         1.000,         1.000,         1.000,         1.000,         1.000,         1.000,         1.000,         0.000,         0.000,         0.000,
     2.616,    32.922,     2.000,    21.424,     0.014,    -0.010,     0.000,     0.450,     1.400,     9.130,     1.000,    21.987,     0.000,     0.000,     0.000,     0.000,     0.000,     0.000,     0.000,        35.000,         8.503,     0.019,     0.000,     0.002,     0.009,         1.000,         1.000,         1.000,         1.000,         1.000,         1.000,         1.000,         1.000,         1.000,         0.000,         0.000,         0.000,
     2.621,    34.457,     2.000,    21.302,     0.014,    -0.010,     0.000,     0.450,     1.400,     9.130,     1.000,    21.974,     0.000,     0.000,     0.000,     0.000,     0.000,     0.000,     0.000,        35.000,         8.499,     0.019,     0.000,     0.002,     0.009,         1.000,         1.000,         1.000,         1.000,         1.000,         1.000,         1.000,         1.000,         1.000,         0.000,         0.000,         0.000,
     2.625,    34.495,     2.000,    21.310,     0.015,    -0.007,     0.000,     0.450,     1.400,     9.130,     1.000,    21.976,     0.000,     0.000,     0.000,     0.000,     0.000,     0.000,     0.000,        35.000,         8.496,     0.019,     0.000,     0.002,     0.009,         1.000,         1.000,         1.000,         1.000,         1.000,         1.000,         1.000,         1.000,         1.000,         0.000,         0.000,         0.000,
     2.629,    32.400,     2.000,    21.430,     0.015,    -0.003,     0.000,     0.450,     1.400,     9.130,     1.000,    21.996,     0.000,     0.000,     0.000,     0.000,     0.000,     0.000,     0.000,        35.000,         8.492,     0.019,     0.000,     0.002,     0.009,         1.000,         1.000,         1.000,         1.000,         1.000,         1.000,         1.000,         1.000,         1.000,         0.000,         0.000,         0.000,
     2.633,    33.793,     2.000,    21.381,     0.015,     0.003,     0.000,     0.450,     1.400,     9.130,     1.000,    21.988,     0.000,     0.000,     0.000,     0.000,     0.000,     0.000,     0.000,        35.000,         8.489,     0.019,     0.000,     0.002,     0.009,         1.000,         1.000,         1.000,         1.000,         1.000,         1.000,         1.000,         1.000,         1.000,         0.000,         0.000,         0.000,
     2.638,    23.183,     2.000,    21.281,     0.015,     0.007,     0.000,     0.450,     1.400,     9.130,     1.000,    21.983,     0.000,     0.000,     0.000,     0.000,     0.000,     0.000,     0.000,        35.000,         8.485,     0.019,     0.000,     0.002,     0.009,         1.000,         1.000,         1.000,         1.000,         1.000,         1.000,         1.000,         1.000,         1.000,         0.000,         0.000,         0.000,
     2.642,    31.856,     2.000,    21.274,     0.015,     0.009,     0.000,     0.450,     1.400,     9.130,     1.000,    21.977,     0.000,     0.000,     0.000,     0.000,     0.000,     0.000,     0.000,        35.000,         8.482,     0.019,     0.000,     0.002,     0.009,         1.000,         1.000,         1.000,         1.000,         1.000,         1.000,         1.000,         1.000,         1.000,         0.000,         0.000,         0.000,
     2.646,    32.071,     2.000,    21.308,     0.015,     0.010,     0.000,     0.450,     1.400,     9.130,     1.000,    21.982,     0.000,     0.000,     0.000,     0.000,     0.000,     0.000,     0.000,        35.000,         8.478,     0.019,     0.000,     0.002,     0.009,         1.000,         1.000,         1.000,         1.000,         1.000,         1.000,         1.000,         1.000,         1.000,         0.000,         0.000,         0.000,
     2.650,    32.234,     2.000,    21.346,     0.015,     0.006,     0.000,     0.450,     1.400,     9.130,     1.000,    21.991,     0.000,     0.000,     0.000,     0.000,     0.000,     0.000,     0.000,        35.000,         8.474,     0.019,     0.000,     0.002,     0.009,         1.000,         1.000,         1.000,         1.000,         1.000,         1.000,         1.000,         1.000,         1.000,         0.000,         0.000,         0.000,
     2.654,    33.305,     2.000,    21.345,     0.015,    -0.002,     0.000,     0.450,     1.400,     9.130,     1.000,    21.994,     0.000,     0.000,     0.000,     0.000,     0.000,     0.000,     0.000,        35.000,         8.471,     0.019,     0.000,     0.002,     0.009,         1.000,         1.000,         1.000,         1.000,         1.000,         1.000,         1.000,         1.000,         1.000,         0.000,         0.000,         0.000,
     2.658,    31.136,     2.000,    21.351,     0.014,    -0.009,     0.000,     0.450,     1.400,     9.130,     1.000,    22.007,     0.000,     0.000,     0.000,     0.000,     0.000,     0.000,     0.000,        35.000,         8.467,     0.019,     0.000,     0.002,     0.009,         1.000,         1.000,         1.000,         1.000,         1.000,         1.000,         1.000,         1.000,         1.000,         0.000,         0.000,         0.000,
     2.663,    39.871,     2.000,    21.311,     0.014,    -0.014,     0.000,     0.450,     1.400,     9.130,     1.000,    21.995,     0.000,     0.000,     0.000,     0.000,     0.000,     0.000,     0.000,        35.000,         8.464,     0.019,     0.000,     0.002,     0.009,         1.000,         1.000,         1.000,         1.000,         1.000,         1.000,         1.000,         1.000,         1.000,         0.000,         0.000,         0.000,
     2.667,    33.437,     2.000,    21.338,     0.014,    -0.010,     0.000,     0.450,     1.400,     9.130,     1.000,    21.994,     0.000,     0.000,     0.000,     0.000,     0.000,     0.000,     0.000,        35.000,         8.460,     0.020,     0.000,     0.002,     0.009,         1.000,         1.000,         1.000,         1.000,         1.000,         1.000,         1.000,         1.000,         1.000,         0.000,         0.000,         0.000,
     2.671,    32.455,     2.000,    21.342,     0.015,    -0.001,     0.000,     0.450,     1.400,     9.130,     1.000,    21.996,     0.000,     0.000,     0.000,     0.000,     0.000,     0.000,     0.000,        35.000,         8.457,     0.020,     0.000,     0.002,     0.009,         1.000,         1.000,         1.000,         1.000,         1.000,         1.000,         1.000,         1.000,         1.000,         0.000,         0.000,         0.000,
     2.675,    32.070,     2.000,    21.344,     0.015,     0.009,     0.000,     0.450,     1.400,     9.130,     1.000,    22.001,     0.000,     0.000,     0.000,     0.000,     0.000,     0.000,     0.000,        35.000,         8.453,     0.020,     0.000,     0.002,     0.009,         1.000,         1.000,         1.000,         1.000,         1.000,         1.000,         1.000,         1.000,         1.000,         0.000,         0.000,         0.000,
     2.679,    32.739,     2.000,    21.378,     0.015,     0.016,     0.000,     0.450,     1.400,     9.130,     1.000,    22.010,     0.000,     0.000,     0.000,     0.000,     0.000,     0.000,     0.000,        35.000,         8.449,     0.020,     0.000,     0.002,     0.009,         1.000,         1.000,         1.000,         1.000,         1.000,         1.000,         1.000,         1.000,         1.000,         0.000,         0.000,         0.000,
     2.683,    31.815,     2.000,    21.326,     0.015,     0.017,     0.000,     0.450,     1.400,     9.130,     1.000,    22.004,     0.000,     0.000,     0.000,     0.000,     0.000,     0.000,     0.000,        35.000,         8.446,     0.020,     0.000,     0.002,     0.009,         1.000,         1.000,         1.000,         1.000,         1.000,         1.000,         1.000,         1.000,         1.000,         0.000,         0.000,         0.000,
     2.688,    33.264,     2.000,    21.339,     0.015,     0.011,     0.000,     0.450,     1.400,     9.130,     1.000,    22.009,     0.000,     0.000,     0.000,     0.000,     0.000,     0.000,     0.000,        35.000,         8.442,     0.020,     0.000,     0.002,     0.009,         1.000,         1.000,         1.000,         1.000,         1.000,         1.000,         1.000,         1.000,         1.000,         0.000,         0.000,         0.000,
     2.692,    32.635,     2.000,    21.377,     0.015,    -0.002,     0.000,     0.450,     1.400,     9.130,     1.000,    22.018,     0.000,     0.000,     0.000,     0.000,     0.000,     0.000,     0.000,        35.000,         8.439,     0.020,     0.000,     0.002,     0.009,         1.000,         1.000,         1.000,         1.000,         1.000,         1.000,         1.000,         1.000,         1.000,         0.000,         0.000,         0.000,
     2.696,    33.649,     2.000,    21.386,     0.015,    -0.013,     0.000,     0.450,     1.400,     9.130,     1.000,    22.020,     0.000,     0.000,     0.000,     0.000,     0.000,     0.000,     0.000,        35.000,         8.435,     0.020,     0.000,     0.002,     0.009,         1.000,         1.000,         1.000,         1.000,         1.000,         1.000,         1.000,         1.000,         1.000,         0.000,         0.000,         0.000,
     2.700,    32.844,     2.000,    21.381,     0.014,    -0.018,     0.000,     0.450,     1.400,     9.130,     1.000,    22.022,     0.000,     0.000,     0.000,     0.000,     0.000,     0.000,     0.000,        35.000,         8.432,     0.020,     0.000,     0.002,     0.009,         1.000,         1.000,         1.000,         1.000,         1.000,         1.000,         1.000,         1.000,         1.000,         0.000,         0.000,         0.000,
     2.704,    34.882,     2.000,    21.419,     0.014,    -0.014,     0.000,     0.450,     1.400,     9.130,     1.000,    22.029,     0.000,     0.000,     0.000,     0.000,     0.000,     0.000,     0.000,        35.000,         8.428,     0.020,     0.000,     0.002,     0.009,         1.000,         1.000,         1.000,         1.000,         1.000,         1.000,         1.000,         1.000,         1.000,         0.000,         0.000,         0.000,
     2.708,    36.549,     2.000,    21.352,     0.014,    -0.007,     0.000,     0.450,     1.400,     9.130,     1.000,    22.015,     0.000,     0.000,     0.000,     0.000,     0.000,     0.000,     0.000,        35.000,         8.425,     0.020,     0.000,     0.002,     0.009,         1.000,         1.000,         1.000,         1.000,         1.000,         1.000,         1.000,         1.000,         1.000,         0.000,         0.000,         0.000,
     2.713,    29.552,     2.000,    21.317,     0.015,    -0.003,     0.000,     0.450,     1.400,     9.130,     1.000,    22.001,     0.000,     0.000,     0.000,     0.000,     0.000,     0.000,     0.000,        35.000,         8.421,     0.020,     0.000,     0.002,     0.009,         1.000,         1.000,         1.000,         1.000,         1.000,         1.000,         1.000,         1.000,         1.000,         0.000,         0.000,         0.000,
     2.717,    32.781,     2.000,    21.383,     0.015,    -0.001,     0.000,     0.450,     1.400,     9.130,     1.000,    22.021,     0.000,     0.000,     0.000,     0.000,     0.000,     0.000,     0.000,        35.000,         8.417,     0.020,     0.000,     0.002,     0.009,         1.000,         1.000,         1.000,         1.000,         1.000,         1.000,         1.000,         1.000,         1.000,         0.000,         0.000,         0.000,
     2.721,    30.147,     2.000,    21.321,     0.014,     0.004,     0.000,     0.450,     1.400,     9.130,     1.000,    22.000,     0.000,     0.000,     0.000,     0.000,     0.000,     0.000,     0.000,        35.000,         8.414,     0.020,     0.000,     0.002,     0.009,         1.000,         1.000,         1.000,         1.000,         1.000,         1.000,         1.000,         1.000,         1.000,         0.000,         0.000,         0.000,
     2.725,    33.702,     2.000,    21.407,     0.015,     0.011,     0.000,     0.450,     1.400,     9.130,     1.000,    22.006,     0.000,     0.000,     0.000,     0.000,     0.000,     0.000,     0.000,        35.000,         8.410,     0.020,     0.000,     0.002,     0.009,         1.000,         1.000,         1.000,         1.000,         1.000,         1.000,         1.000,         1.000,         1.000,         0.000,         0.000,         0.000,
     2.729,    32.305,     2.000,    21.310,     0.015,     0.011,     0.000,     0.450,     1.400,     9.130,     1.000,    21.997,     0.000,     0.000,     0.000,     0.000,     0.000,     0.000,     0.000,        35.000,         8.407,     0.020,     0.000,     0.002,     0.009,         1.000,         1.000,         1.000,         1.000,         1.000,         1.000,         1.000,         1.000,         1.000,         0.000,         0.000,         0.000,
     2.733,    31.667,     2.000,    21.362,     0.015,     0.005,     0.000,     0.450,     1.400,     9.130,     1.000,    22.006,     0.000,     0.000,     0.000,     0.000,     0.000,     0.000,     0.000,        35.000,         8.403,     0.020,     0.000,     0.002,     0.009,         1.000,         1.000,         1.000,         1.000,         1.000,         1.000,         1.000,         1.000,         1.000,         0.000,         0.000,         0.000,
     2.738,    31.483,     2.000,    21.379,     0.015,    -0.004,     0.000,     0.450,     1.400,     9.130,     1.000,    22.013,     0.000,     0.000,     0.000,     0.000,     0.000,     0.000,     0.000,        35.000,         8.400,     0.020,     0.000,     0.002,     0.009,         1.000,         1.000,         1.000,         1.000,         1.000,         1.000,         1.000,         1.000,         1.000,         0.000,         0.000,         0.000,
     2.742,    33.922,     2.000,    21.334,     0.014,    -0.009,     0.000,     0.450,     1.400,     9.130,     1.000,    22.002,     0.000,     0.000,     0.000,     0.000,     0.000,     0.000,     0.000,        35.000,         8.396,     0.020,     0.000,     0.002,     0.009,         1.000,         1.000,         1.000,         1.000,         1.000,         1.000,         1.000,         1.000,         1.000,         0.000,         0.000,         0.000,
     2.746,    32.686,     2.000,    21.374,     0.015,    -0.005,     0.000,     0.450,     1.400,     9.130,     1.000,    22.012,     0.000,     0.000,     0.000,     0.000,     0.000,     0.000,     0.000,        35.000,         8.393,     0.020,     0.000,     0.002,     0.009,         1.000,         1.000,         1.000,         1.000,         1.000,         1.000,         1.000,         1.000,         1.000,         0.000,         0.000,         0.000,
     2.750,    33.295,     2.000,    21.324,     0.015,     0.001,     0.000,     0.450,     1.400,     9.130,     1.000,    21.996,     0.000,     0.000,     0.000,     0.000,     0.000,     0.000,     0.000,        35.000,         8.389,     0.020,     0.000,     0.002,     0.009,         1.000,         1.000,         1.000,         1.000,         1.000,         1.000,         1.000,         1.000,         1.000,         0.000,         0.000,         0.000,
     2.754,    33.559,     2.000,    21.407,     0.015,     0.005,     0.000,     0.450,     1.400,     9.130,     1.000,    22.011,     0.000,     0.000,     0.000,     0.000,     0.000,     0.000,     0.000,        35.000,         8.386,     0.020,     0.000,     0.002,     0.009,         1.000,         1.000,         1.000,         1.000,         1.000,         1.000,         1.000,         1.000,         1.000,         0.000,         0.000,         0.000,
     2.758,    28.872,     2.000,    21.310,     0.015,     0.006,     0.000,     0.450,     1.400,     9.130,     1.000,    21.992,     0.000,     0.000,     0.000,     0.000,     0.000,     0.000,     0.000,        35.000,         8.382,     0.020,     0.000,     0.002,     0.009,         1.000,         1.000,         1.000,         1.000,         1.000,         1.000,         1.000,         1.000,         1.000,         0.000,         0.000,         0.000,
     2.762,    29.958,     2.000,    21.385,     0.015,     0.005,     0.000,     0.450,     1.400,     9.130,     1.000,    22.010,     0.000,     0.000,     0.000,     0.000,     0.000,     0.000,     0.000,        35.000,         8.379,     0.021,     0.000,     0.002,     0.009,         1.000,         1.000,         1.000,         1.000,         1.000,         1.000,         1.000,         1.000,         1.000,         0.000,         0.000,         0.000,
     2.767,    31.143,     2.000,    21.310,     0.015,     0.002,     0.000,     0.450,     1.400,     9.130,     1.000,    21.993,     0.000,     0.000,     0.000,     0.000,     0.000,     0.000,     0.000,        35.000,         8.375,     0.021,     0.000,     0.002,     0.009,         1.000,         1.000,         1.000,         1.000,         1.000,         1.000,         1.000,         1.000,         1.000,         0.000,         0.000,         0.000,
     2.771,    28.949,     2.000,    21.349,     0.015,    -0.004,     0.000,     0.450,     1.400,     9.130,     1.000,    22.003,     0.000,     0.000,     0.000,     0.000,     0.000,     0.000,     0.000,        35.000,         8.372,     0.021,     0.000,     0.002,     0.009,         1.000,         1.000,         1.000,         1.000,         1.000,         1.000,         1.000,         1.000,         1.000,         0.000,         0.000,         0.000,
     2.775,    32.710,     2.000,    21.348,     0.014,    -0.009,     0.000,     0.450,     1.400,     9.130,     1.000,    21.994,     0.000,     0.000,     0.000,     0.000,     0.000,     0.000,     0.000,        35.000,         8.368,     0.021,     0.000,     0.002,     0.009,         1.000,         1.000,         1.000,         1.000,         1.000,         1.000,         1.000,         1.000,         1.000,         0.000,         0.000,         0.000,
     2.779,    27.825,     2.000,    21.356,     0.015,    -0.009,     0.000,     0.450,     1.400,     9.130,     1.000,    22.002,     0.000,     0.000,     0.000,     0.000,     0.000,     0.000,     0.000,        35.000,         8.365,     0.021,     0.000,     0.002,     0.009,         1.000,         1.000,         1.000,         1.000,         1.000,         1.000,         1.000,         1.000,         1.000,         0.000,         0.000,         0.000,
     2.783,    32.635,     2.000,    21.346,     0.015,    -0.004,     0.000,     0.450,     1.400,     9.130,     1.000,    21.999,     0.000,     0.000,     0.000,     0.000,     0.000,     0.000,     0.000,        35.000,         8.361,     0.021,     0.000,     0.002,     0.009,         1.000,         1.000,         1.000,         1.000,         1.000,         1.000,         1.000,         1.000,         1.000,         0.000,         0.000,         0.000,
     2.787,    28.630,     2.000,    21.370,     0.015,     0.001,     0.000,     0.450,     1.400,     9.130,     1.000,    21.999,     0.000,     0.000,     0.000,     0.000,     0.000,     0.000,     0.000,        35.000,         8.358,     0.021,     0.000,     0.002,     0.009,         1.000,         1.000,         1.000,         1.000,         1.000,         1.000,         1.000,         1.000,         1.000,         0.000,         0.000,         0.000,
     2.792,    39.171,     2.000,    21.451,     0.015,     0.004,     0.000,     0.450,     1.400,     9.130,     1.000,    22.010,     0.000,     0.000,     0.000,     0.000,     0.000,     0.000,     0.000,        35.000,         8.354,     0.021,     0.000,     0.002,     0.009,         1.000,         1.000,         1.000,         1.000,         1.000,         1.000,         1.000,         1.000,         1.000,         0.000,         0.000,         0.000,
     2.796,    28.728,     2.000,    21.352,     0.015,     0.004,     0.000,     0.450,     1.400,     9.130,     1.000,    22.004,     0.000,     0.000,     0.000,     0.000,     0.000,     0.000,     0.000,        35.000,         8.350,     0.021,     0.000,     0.002,     0.009,         1.000,         1.000,         1.000,         1.000,         1.000,         1.000,         1.000,         1.000,         1.000,         0.000,         0.000,         0.000,
     2.800,    30.250,     2.000,    21.359,     0.015,     0.005,     0.000,     0.450,     1.400,     9.130,     1.000,    22.000,     0.000,     0.000,     0.000,     0.000,     0.000,     0.000,     0.000,        35.000,         8.347,     0.021,     0.000,     0.002,     0.009,         1.000,         1.000,         1.000,         1.000,         1.000,         1.000,         1.000,         1.000,         1.000,         0.000,         0.000,         0.000,
     2.804,    34.732,     2.000,    21.362,     0.015,     0.003,     0.000,     0.450,     1.400,     9.130,     1.000,    21.997,     0.000,     0.000,     0.000,     0.000,     0.000,     0.000,     0.000,        35.000,         8.343,     0.021,     0.000,     0.002,     0.009,         1.000,         1.000,         1.000,         1.000,         1.000,         1.000,         1.000,         1.000,         1.000,         0.000,         0.000,         0.000,
     2.808,    31.528,     2.000,    21.347,     0.015,    -0.000,     0.000,     0.450,     1.400,     9.130,     1.000,    21.998,     0.000,     0.000,     0.000,     0.000,     0.000,     0.000,     0.000,        35.000,         8.340,     0.021,     0.000,     0.002,     0.009,         1.000,         1.000,         1.000,         1.000,         1.000,         1.000,         1.000,         1.000,         1.000,         0.000,         0.000,         0.000,
     2.813,    27.128,     2.000,    21.474,     0.015,    -0.007,     0.000,     0.450,     1.400,     9.130,     1.000,    22.023,     0.000,     0.000,     0.000,     0.000,     0.000,     0.000,     0.000,        35.000,         8.336,     0.021,     0.000,     0.002,     0.009,         1.000,         1.000,         1.000,         1.000,         1.000,         1.000,         1.000,         1.000,         1.000,         0.000,         0.000,         0.000,
     2.817,    31.787,     2.000,    21.343,     0.015,    -0.011,     0.000,     0.450,     1.400,     9.130,     1.000,    22.004,     0.000,     0.000,     0.000,     0.000,     0.000,     0.000,     0.000,        35.000,         8.333,     0.021,     0.000,     0.002,     0.009,         1.000,         1.000,         1.000,         1.000,         1.000,         1.000,         1.000,         1.000,         1.000,         0.000,         0.000,         0.000,
     2.821,    32.087,     2.000,    21.372,     0.015,    -0.006,     0.000,     0.450,     1.400,     9.130,     1.000,    22.005,     0.000,     0.000,     0.000,     0.000,     0.000,     0.000,     0.000,        35.000,         8.329,     0.021,     0.000,     0.002,     0.010,         1.000,         1.000,         1.000,         1.000,         1.000,         1.000,         1.000,         1.000,         1.000,         0.000,         0.000,         0.000,
     2.825,    29.034,     2.000,    21.411,     0.015,     0.001,     0.000,     0.450,     1.400,     9.130,     1.000,    22.012,     0.000,     0.000,     0.000,     0.000,     0.000,     0.000,     0.000,        35.000,         8.326,     0.021,     0.000,     0.002,     0.010,         1.000,         1.000,         1.000,         1.000,         1.000,         1.000,         1.000,         1.000,         1.000,         0.000,         0.000,         0.000,
     2.829,    28.560,     2.000,    21.335,     0.015,     0.003,     0.000,     0.450,     1.400,     9.130,     1.000,    22.000,     0.000,     0.000,     0.000,     0.000,     0.000,     0.000,     0.000,        35.000,         8.322,     0.021,     0.000,     0.002,     0.010,         1.000,         1.000,         1.000,         1.000,         1.000,         1.000,         1.000,         1.000,         1.000,         0.000,         0.000,         0.000,
     2.833,    35.006,     2.000,    21.387,     0.015,    -0.001,     0.000,     0.450,     1.400,     9.130,     1.000,    22.007,     0.000,     0.000,     0.000,     0.000,     0.000,     0.000,     0.000,        35.000,         8.319,     0.021,     0.000,     0.002,     0.010,         1.000,         1.000,         1.000,         1.000,         1.000,         1.000,         1.000,         1.000,         1.000,         0.000,         0.000,         0.000,
     2.838,    33.777,     2.000,    21.422,     0.015,    -0.005,     0.000,     0.450,     1.400,     9.130,     1.000,    22.018,     0.000,     0.000,     0.000,     0.000,     0.000,     0.000,     0.000,        35.000,         8.315,     0.021,     0.000,     0.002,     0.010,         1.000,         1.000,         1.000,         1.000,         1.000,         1.000,         1.000,         1.000,         1.000,         0.000,         0.000,         0.000,
     2.842,    29.127,     2.000,    21.374,     0.015,    -0.003,     0.000,     0.450,     1.400,     9.130,     1.000,    22.010,     0.000,     0.000,     0.000,     0.000,     0.000,     0.000,     0.000,        35.000,         8.312,     0.021,     0.000,     0.002,     0.010,         1.000,         1.000,         1.000,         1.000,         1.000,         1.000,         1.000,         1.000,         1.000,         0.000,         0.000,         0.000,
     2.846,    32.604,     2.000,    21.499,     0.015,     0.008,     0.000,     0.450,     1.400,     9.130,     1.000,    22.028,     0.000,     0.000,     0.000,     0.000,     0.000,     0.000,     0.000,        35.000,         8.308,     0.021,     0.000,     0.002,     0.010,         1.000,         1.000,         1.000,         1.000,         1.000,         1.000,         1.000,         1.000,         1.000,         0.000,         0.000,         0.000,
     2.850,    35.752,     2.000,    21.454,     0.016,     0.013,     0.000,     0.450,     1.400,     9.130,     1.000,    22.015,     0.000,     0.000,     0.000,     0.000,     0.000,     0.000,     0.000,        35.000,         8.305,     0.021,     0.000,     0.002,     0.010,         1.000,         1.000,         1.000,         1.000,         1.000,         1.000,         1.000,         1.000,         1.000,         0.000,         0.000,         0.000,
     2.854,    29.683,     2.000,    21.408,     0.016,     0.008,     0.000,     0.450,     1.400,     9.130,     1.000,    22.018,     0.000,     0.000,     0.000,     0.000,     0.000,     0.000,     0.000,        35.000,         8.301,     0.021,     0.000,     0.002,     0.010,         1.000,         1.000,         1.000,         1.000,         1.000,         1.000,         1.000,         1.000,         1.000,         0.000,         0.000,         0.000,
     2.858,    29.832,     2.000,    21.421,     0.015,     0.003,     0.000,     0.450,     1.400,     9.130,     1.000,    22.015,     0.000,     0.000,     0.000,     0.000,     0.000,     0.000,     0.000,        35.000,         8.298,     0.022,     0.000,     0.002,     0.010,         1.000,         1.000,         1.000,         1.000,         1.000,         1.000,         1.000,         1.000,         1.000,         0.000,         0.000,         0.000,
     2.863,    30.868,     2.000,    21.409,     0.015,     0.000,     0.000,     0.450,     1.400,     9.130,     1.000,    22.017,     0.000,     0.000,     0.000,     0.000,     0.000,     0.000,     0.000,        35.000,         8.294,     0.022,     0.000,     0.002,     0.010,         1.000,         1.000,         1.000,         1.000,         1.000,         1.000,         1.000,         1.000,         1.000,         0.000,         0.000,         0.000,
     2.867,    29.539,     2.000,    21.420,     0.015,    -0.002,     0.000,     0.450,     1.400,     9.130,     1.000,    22.019,     0.000,     0.000,     0.000,     0.000,     0.000,     0.000,     0.000,        35.000,         8.291,     0.022,     0.000,     0.002,     0.010,         1.000,         1.000,         1.000,         1.000,         1.000,         1.000,         1.000,         1.000,         1.000,         0.000,         0.000,         0.000,
     2.871,    31.797,     2.000,    21.446,     0.015,    -0.009,     0.000,     0.450,     1.400,     9.130,     1.000,    22.023,     0.000,     0.000,     0.000,     0.000,     0.000,     0.000,     0.000,        35.000,         8.287,     0.022,     0.000,     0.002,     0.010,         1.000,         1.000,         1.000,         1.000,         1.000,         1.000,         1.000,         1.000,         1.000,         0.000,         0.000,         0.000,
     2.875,    29.294,     2.000,    21.441,     0.015,    -0.016,     0.000,     0.450,     1.400,     9.130,     1.000,    22.022,     0.000,     0.000,     0.000,     0.000,     0.000,     0.000,     0.000,        35.000,         8.284,     0.022,     0.000,     0.002,     0.010,         1.000,         1.000,         1.000,         1.000,         1.000,         1.000,         1.000,         1.000,         1.000,         0.000,         0.000,         0.000,
     2.879,    39.118,     2.000,    21.520,     0.015,    -0.012,     0.000,     0.450,     1.400,     9.130,     1.000,    22.025,     0.000,     0.000,     0.000,     0.000,     0.000,     0.000,     0.000,        35.000,         8.280,     0.022,     0.000,     0.002,     0.010,         1.000,         1.000,         1.000,         1.000,         1.000,         1.000,         1.000,         1.000,         1.000,         0.000,         0.000,         0.000,
     2.883,    27.700,     2.000,    21.370,     0.016,     0.001,     0.000,     0.450,     1.400,     9.130,     1.000,    22.005,     0.000,     0.000,     0.000,     0.000,     0.000,     0.000,     0.000,        35.000,         8.277,     0.022,     0.000,     0.002,     0.010,         1.000,         1.000,         1.000,         1.000,         1.000,         1.000,         1.000,         1.000,         1.000,         0.000,         0.000,         0.000,
     2.888,    25.810,     2.000,    21.392,     0.016,     0.014,     0.000,     0.450,     1.400,     9.130,     1.000,    22.004,     0.000,     0.000,     0.000,     0.000,     0.000,     0.000,     0.000,        35.000,         8.273,     0.022,     0.000,     0.002,     0.010,         1.000,         1.000,         1.000,         1.000,         1.000,         1.000,         1.000,         1.000,         1.000,         0.000,         0.000,         0.000,
     2.892,    29.734,     2.000,    21.415,     0.016,     0.012,     0.000,     0.450,     1.400,     9.130,     1.000,    22.008,     0.000,     0.000,     0.000,     0.000,     0.000,     0.000,     0.000,        35.000,         8.270,     0.022,     0.000,     0.002,     0.010,         1.000,         1.000,         1.000,         1.000,         1.000,         1.000,         1.000,         1.000,         1.000,         0.000,         0.000,         0.000,
     2.896,    26.943,     2.000,    21.456,     0.016,     0.004,     0.000,     0.450,     1.400,     9.130,     1.000,    22.030,     0.000,     0.000,     0.000,     0.000,     0.000,     0.000,     0.000,        35.000,         8.267,     0.022,     0.000,     0.002,     0.010,         1.000,         1.000,         1.000,         1.000,         1.000,         1.000,         1.000,         1.000,         1.000,         0.000,         0.000,         0.000,
     2.900,    27.146,     2.000,    21.471,     0.015,    -0.004,     0.000,     0.450,     1.400,     9.130,     1.000,    22.028,     0.000,     0.000,     0.000,     0.000,     0.000,     0.000,     0.000,        35.000,         8.263,     0.022,     0.000,     0.002,     0.010,         1.000,         1.000,         1.000,         1.000,         1.000,         1.000,         1.000,         1.000,         1.000,         0.000,         0.000,         0.000,
     2.904,    27.934,     2.000,    21.440,     0.015,    -0.002,     0.000,     0.450,     1.400,     9.130,     1.000,    22.026,     0.000,     0.000,     0.000,     0.000,     0.000,     0.000,     0.000,        35.000,         8.259,     0.022,     0.000,     0.002,     0.010,         1.000,         1.000,         1.000,         1.000,         1.000,         1.000,         1.000,         1.000,         1.000,         0.000,         0.000,         0.000,
     2.908,    33.432,     2.000,    21.424,     0.016,     0.003,     0.000,     0.450,     1.400,     9.130,     1.000,    22.022,     0.000,     0.000,     0.000,     0.000,     0.000,     0.000,     0.000,        35.000,         8.256,     0.022,     0.000,     0.002,     0.010,         1.000,         1.000,         1.000,         1.000,         1.000,         1.000,         1.000,         1.000,         1.000,         0.000,         0.000,         0.000,
     2.913,    28.041,     2.000,    21.555,     0.016,     0.000,     0.000,     0.450,     1.400,     9.130,     1.000,    22.045,     0.000,     0.000,     0.000,     0.000,     0.000,     0.000,     0.000,        35.000,         8.252,     0.022,     0.000,     0.002,     0.010,         1.000,         1.000,         1.000,         1.000,         1.000,         1.000,         1.000,         1.000,         1.000,         0.000,         0.000,         0.000,
     2.917,    29.594,     2.000,    21.554,     0.016,    -0.006,     0.000,     0.450,     1.400,     9.130,     1.000,    22.048,     0.000,     0.000,     0.000,     0.000,     0.000,     0.000,     0.000,        35.000,         8.249,     0.022,     0.000,     0.002,     0.010,         1.000,         1.000,         1.000,         1.000,         1.000,         1.000,         1.000,         1.000,         1.000,         0.000,         0.000,         0.000,
     2.921,    30.649,     2.000,    21.488,     0.016,    -0.009,     0.000,     0.450,     1.400,     9.130,     1.000,    22.045,     0.000,     0.000,     0.000,     0.000,     0.000,     0.000,     0.000,        35.000,         8.246,     0.022,     0.000,     0.002,     0.010,         1.000,         1.000,         1.000,         1.000,         1.000,         1.000,         1.000,         1.000,         1.000,         0.000,         0.000,         0.000,
     2.925,    33.433,     2.000,    21.438,     0.016,    -0.001,     0.000,     0.450,     1.400,     9.130,     1.000,    22.036,     0.000,     0.000,     0.000,     0.000,     0.000,     0.000,     0.000,        35.000,         8.242,     0.022,     0.000,     0.002,     0.010,         1.000,         1.000,         1.000,         1.000,         1.000,         1.000,         1.000,         1.000,         1.000,         0.000,         0.000,         0.000,
     2.929,    31.336,     2.000,    21.555,     0.016,     0.006,     0.000,     0.450,     1.400,     9.130,     1.000,    22.054,     0.000,     0.000,     0.000,     0.000,     0.000,     0.000,     0.000,        35.000,         8.239,     0.022,     0.000,     0.002,     0.010,         1.000,         1.000,         1.000,         1.000,         1.000,         1.000,         1.000,         1.000,         1.000,         0.000,         0.000,         0.000,
     2.933,    31.725,     2.000,    21.513,     0.016,     0.006,     0.000,     0.450,     1.400,     9.130,     1.000,    22.046,     0.000,     0.000,     0.000,     0.000,     0.000,     0.000,     0.000,        35.000,         8.235,     0.022,     0.000,     0.002,     0.010,         1.000,         1.000,         1.000,         1.000,         1.000,         1.000,         1.000,         1.000,         1.000,         0.000,         0.000,         0.000,
     2.938,     8.489,     2.000,    21.414,     0.016,     0.001,     0.000,     0.450,     1.400,     9.130,     1.000,    22.031,     0.000,     0.000,     0.000,     0.000,     0.000,     0.000,     0.000,        35.000,         8.232,     0.022,     0.000,     0.002,     0.010,         1.000,         1.000,         1.000,         1.000,         1.000,         1.000,         1.000,         1.000,         1.000,         0.000,         0.000,         0.000,
     2.942,    31.993,     2.000,    21.557,     0.016,    -0.006,     0.000,     0.450,     1.400,     9.130,     1.000,    22.053,     0.000,     0.000,     0.000,     0.000,     0.000,     0.000,     0.000,        35.000,         8.228,     0.022,     0.000,     0.002,     0.010,         1.000,         1.000,         1.000,         1.000,         1.000,         1.000,         1.000,         1.000,         1.000,         0.000,         0.000,         0.000,
     2.946,    39.570,     2.000,    21.449,     0.016,    -0.007,     0.000,     0.450,     1.400,     9.130,     1.000,    22.033,     0.000,     0.000,     0.000,     0.000,     0.000,     0.000,     0.000,        35.000,         8.225,     0.022,     0.000,     0.002,     0.010,         1.000,         1.000,         1.000,         1.000,         1.000,         1.000,         1.000,         1.000,         1.000,         0.000,         0.000,         0.000,
     2.950,    27.927,     2.000,    21.426,     0.016,    -0.004,     0.000,     0.450,     1.400,     9.130,     1.000,    22.028,     0.000,     0.000,     0.000,     0.000,     0.000,     0.000,     0.000,        35.000,         8.221,     0.022,     0.000,     0.002,     0.010,         1.000,         1.000,         1.000,         1.000,         1.000,         1.000,         1.000,         1.000,         1.000,         0.000,         0.000,         0.000,
     2.954,    28.695,     2.000,    21.435,     0.016,     0.001,     0.000,     0.450,     1.400,     9.130,     1.000,    22.027,     0.000,     0.000,     0.000,     0.000,     0.000,     0.000,     0.000,        35.000,         8.218,     0.023,     0.000,     0.002,     0.010,         1.000,         1.000,         1.000,         1.000,         1.000,         1.000,         1.000,         1.000,         1.000,         0.000,         0.000,         0.000,
     2.959,    29.652,     2.000,    21.512,     0.016,     0.001,     0.000,     0.450,     1.400,     9.130,     1.000,    22.034,     0.000,     0.000,     0.000,     0.000,     0.000,     0.000,     0.000,        35.000,         8.214,     0.023,     0.000,     0.002,     0.010,         1.000,         1.000,         1.000,         1.000,         1.000,         1.000,         1.000,         1.000,         1.000,         0.000,         0.000,         0.000,
     2.963,    30.111,     2.000,    21.476,     0.016,    -0.001,     0.000,     0.450,     1.400,     9.130,     1.000,    22.024,     0.000,     0.000,     0.000,     0.000,     0.000,     0.000,     0.000,        35.000,         8.211,     0.023,     0.000,     0.002,     0.010,         1.000,         1.000,         1.000,         1.000,         1.000,         1.000,         1.000,         1.000,         1.000,         0.000,         0.000,         0.000,
     2.967,    31.282,     2.000,    21.482,     0.016,    -0.003,     0.000,     0.450,     1.400,     9.130,     1.000,    22.028,     0.000,     0.000,     0.000,     0.000,     0.000,     0.000,     0.000,        35.000,         8.207,     0.023,     0.000,     0.002,     0.010,         1.000,         1.000,         1.000,         1.000,         1.000,         1.000,         1.000,         1.000,         1.000,         0.000,         0.000,         0.000,
     2.971,    26.922,     2.000,    21.402,     0.016,    -0.005,     0.000,     0.450,     1.400,     9.130,     1.000,    22.015,     0.000,     0.000,     0.000,     0.000,     0.000,     0.000,     0.000,        35.000,         8.204,     0.023,     0.000,     0.002,     0.010,         1.000,         1.000,         1.000,         1.000,         1.000,         1.000,         1.000,         1.000,         1.000,         0.000,         0.000,         0.000,
     2.975,    36.813,     2.000,    21.398,     0.016,    -0.002,     0.000,     0.450,     1.400,     9.130,     1.000,    22.010,     0.000,     0.000,     0.000,     0.000,     0.000,     0.000,     0.000,        35.000,         8.201,     0.023,     0.000,     0.002,     0.010,         1.000,         1.000,         1.000,         1.000,         1.000,         1.000,         1.000,         1.000,         1.000,         0.000,         0.000,         0.000,
     2.979,    29.038,     2.000,    21.537,     0.016,     0.002,     0.000,     0.450,     1.400,     9.130,     1.000,    22.029,     0.000,     0.000,     0.000,     0.000,     0.000,     0.000,     0.000,        35.000,         8.197,     0.023,     0.000,     0.002,     0.010,         1.000,         1.000,         1.000,         1.000,         1.000,         1.000,         1.000,         1.000,         1.000,         0.000,         0.000,         0.000,
     2.984,    27.801,     2.000,    21.470,     0.016,     0.006,     0.000,     0.450,     1.400,     9.130,     1.000,    22.021,     0.000,     0.000,     0.000,     0.000,     0.000,     0.000,     0.000,        35.000,         8.194,     0.023,     0.000,     0.002,     0.010,         1.000,         1.000,         1.000,         1.000,         1.000,         1.000,         1.000,         1.000,         1.000,         0.000,         0.000,         0.000,
     2.988,    30.000,     2.000,    21.428,     0.016,     0.008,     0.000,     0.450,     1.400,     9.130,     1.000,    22.013,     0.000,     0.000,     0.000,     0.000,     0.000,     0.000,     0.000,        35.000,         8.190,     0.023,     0.000,     0.002,     0.010,         1.000,         1.000,         1.000,         1.000,         1.000,         1.000,         1.000,         1.000,         1.000,         0.000,         0.000,         0.000,
     2.992,    26.802,     2.000,    21.422,     0.016,     0.009,     0.000,     0.450,     1.400,     9.130,     1.000,    22.009,     0.000,     0.000,     0.000,     0.000,     0.000,     0.000,     0.000,        35.000,         8.187,     0.023,     0.000,     0.002,     0.010,         1.000,         1.000,         1.000,         1.000,         1.000,         1.000,         1.000,         1.000,         1.000,         0.000,         0.000,         0.000,
     2.996,    29.273,     2.000,    21.433,     0.016,     0.008,     0.000,     0.450,     1.400,     9.130,     1.000,    22.007,     0.000,     0.000,     0.000,     0.000,     0.000,     0.000,     0.000,        35.000,         8.183,     0.023,     0.000,     0.002,     0.010,         1.000,         1.000,         1.000,         1.000,         1.000,         1.000,         1.000,         1.000,         1.000,         0.000,         0.000,         0.000,
     3.000,    26.400,     2.000,    21.513,     0.016,     0.003,     0.000,     0.450,     1.400,     9.130,     1.000,    22.016,     0.000,     0.000,     0.000,     0.000,     0.000,     0.000,     0.000,        35.000,         8.180,     0.023,     0.000,     0.002,     0.010,         1.000,         1.000,         1.000,         1.000,         1.000,         1.000,         1.000,         1.000,         1.000,         0.000,         0.000,         0.000,
     3.004,    28.880,     2.000,    21.424,     0.016,    -0.003,     0.000,     0.450,     1.400,     9.130,     1.000,    22.006,     0.000,     0.000,     0.000,     0.000,     0.000,     0.000,     0.000,        35.000,         8.176,     0.023,     0.000,     0.002,     0.010,         1.000,         1.000,         1.000,         1.000,         1.000,         1.000,         1.000,         1.000,         1.000,         0.000,         0.000,         0.000,
     3.009,    37.668,     2.000,    21.491,     0.016,    -0.004,     0.000,     0.450,     1.400,     9.130,     1.000,    22.010,     0.000,     0.000,     0.000,     0.000,     0.000,     0.000,     0.000,        35.000,         8.173,     0.023,     0.000,     0.002,     0.010,         1.000,         1.000,         1.000,         1.000,         1.000,         1.000,         1.000,         1.000,         1.000,         0.000,         0.000,         0.000,
     3.013,    26.791,     2.000,    21.440,     0.016,    -0.006,     0.000,     0.450,     1.400,     9.130,     1.000,    22.004,     0.000,     0.000,     0.000,     0.000,     0.000,     0.000,     0.000,        35.000,         8.170,     0.023,     0.000,     0.002,     0.010,         1.000,         1.000,         1.000,         1.000,         1.000,         1.000,         1.000,         1.000,         1.000,         0.000,         0.000,         0.000,
     3.017,    24.984,     2.000,    21.458,     0.016,    -0.009,     0.000,     0.450,     1.400,     9.130,     1.000,    22.004,     0.000,     0.000,     0.000,     0.000,     0.000,     0.000,     0.000,        35.000,         8.166,     0.023,     0.000,     0.002,     0.010,         1.000,         1.000,         1.000,         1.000,         1.000,         1.000,         1.000,         1.000,         1.000,         0.000,         0.000,         0.000,
     3.021,    36.694,     2.000,    21.520,     0.016,    -0.009,     0.000,     0.450,     1.400,     9.130,     1.000,    22.012,     0.000,     0.000,     0.000,     0.000,     0.000,     0.000,     0.000,        35.000,         8.163,     0.023,     0.000,     0.002,     0.010,         1.000,         1.000,         1.000,         1.000,         1.000,         1.000,         1.000,         1.000,         1.000,         0.000,         0.000,         0.000,
     3.025,    27.864,     2.000,    21.472,     0.016,    -0.006,     0.000,     0.450,     1.400,     9.130,     1.000,    22.011,     0.000,     0.000,     0.000,     0.000,     0.000,     0.000,     0.000,        35.000,         8.159,     0.023,     0.000,     0.002,     0.010,         1.000,         1.000,         1.000,         1.000,         1.000,         1.000,         1.000,         1.000,         1.000,         0.000,         0.000,         0.000,
     3.029,    25.807,     2.000,    21.433,     0.016,     0.001,     0.000,     0.450,     1.400,     9.130,     1.000,    22.006,     0.000,     0.000,     0.000,     0.000,     0.000,     0.000,     0.000,        35.000,         8.156,     0.023,     0.000,     0.002,     0.010,         1.000,         1.000,         1.000,         1.000,         1.000,         1.000,         1.000,         1.000,         1.000,         0.000,         0.000,         0.000,
     3.034,    37.842,     2.000,    21.434,     0.016,     0.005,     0.000,     0.450,     1.400,     9.130,     1.000,    22.007,     0.000,     0.000,     0.000,     0.000,     0.000,     0.000,     0.000,        35.000,         8.152,     0.023,     0.000,     0.002,     0.011,         1.000,         1.000,         1.000,         1.000,         1.000,         1.000,         1.000,         1.000,         1.000,         0.000,         0.000,         0.000,
     3.038,    29.853,     2.000,    21.449,     0.016,     0.005,     0.000,     0.450,     1.400,     9.130,     1.000,    22.009,     0.000,     0.000,     0.000,     0.000,     0.000,     0.000,     0.000,        35.000,         8.149,     0.023,     0.000,     0.002,     0.011,         1.000,         1.000,         1.000,         1.000,         1.000,         1.000,         1.000,         1.000,         1.000,         0.000,         0.000,         0.000,
     3.042,    26.143,     2.000,    21.525,     0.013,     0.004,     0.000,     0.450,     1.400,     9.130,     1.000,    22.022,     0.000,     0.000,     0.000,     0.000,     0.000,     0.000,     0.000,        35.000,         8.146,     0.023,     0.000,     0.002,     0.011,         1.000,         1.000,         1.000,         1.000,         1.000,         1.000,         1.000,         1.000,         1.000,         0.000,         0.000,         0.000,
     3.046,    28.856,     2.000,    21.385,     0.014,     0.002,     0.000,     0.450,     1.400,     9.130,     1.000,    22.008,     0.000,     0.000,     0.000,     0.000,     0.000,     0.000,     0.000,        35.000,         8.142,     0.023,     0.000,     0.002,     0.011,         1.000,         1.000,         1.000,         1.000,         1.000,         1.000,         1.000,         1.000,         1.000,         0.000,         0.000,         0.000,
     3.050,    11.895,     2.000,    21.460,     0.014,     0.001,     0.000,     0.450,     1.400,     9.130,     1.000,    22.026,     0.000,     0.000,     0.000,     0.000,     0.000,     0.000,     0.000,        35.000,         8.139,     0.024,     0.000,     0.002,     0.011,         1.000,         1.000,         1.000,         1.000,         1.000,         1.000,         1.000,         1.000,         1.000,         0.000,         0.000,         0.000,
     3.054,    24.624,     2.000,    21.553,     0.014,     0.001,     0.000,     0.450,     1.400,     9.130,     1.000,    22.035,     0.000,     0.000,     0.000,     0.000,     0.000,     0.000,     0.000,        35.000,         8.135,     0.024,     0.000,     0.002,     0.011,         1.000,         1.000,         1.000,         1.000,         1.000,         1.000,         1.000,         1.000,         1.000,         0.000,         0.000,         0.000,
     3.059,    29.329,     2.000,    21.458,     0.015,    -0.005,     0.000,     0.450,     1.400,     9.130,     1.000,    22.025,     0.000,     0.000,     0.000,     0.000,     0.000,     0.000,     0.000,        35.000,         8.132,     0.024,     0.000,     0.002,     0.011,         1.000,         1.000,         1.000,         1.000,         1.000,         1.000,         1.000,         1.000,         1.000,         0.000,         0.000,         0.000,
     3.063,    27.733,     2.000,    21.450,     0.015,    -0.007,     0.000,     0.450,     1.400,     9.130,     1.000,    22.021,     0.000,     0.000,     0.000,     0.000,     0.000,     0.000,     0.000,        35.000,         8.128,     0.024,     0.000,     0.002,     0.011,         1.000,         1.000,         1.000,         1.000,         1.000,         1.000,         1.000,         1.000,         1.000,         0.000,         0.000,         0.000,
     3.067,    24.610,     2.000,    21.491,     0.015,    -0.004,     0.000,     0.450,     1.400,     9.130,     1.000,    22.026,     0.000,     0.000,     0.000,     0.000,     0.000,     0.000,     0.000,        35.000,         8.125,     0.024,     0.000,     0.002,     0.011,         1.000,         1.000,         1.000,         1.000,         1.000,         1.000,         1.000,         1.000,         1.000,         0.000,         0.000,         0.000,
     3.071,    12.130,     2.000,    21.495,     0.016,     0.001,     0.000,     0.450,     1.400,     9.130,     1.000,    22.027,     0.000,     0.000,     0.000,     0.000,     0.000,     0.000,     0.000,        35.000,         8.122,     0.024,     0.000,     0.002,     0.011,         1.000,         1.000,         1.000,         1.000,         1.000,         1.000,         1.000,         1.000,         1.000,         0.000,         0.000,         0.000,
     3.075,    27.557,     2.000,    21.511,     0.016,     0.002,     0.000,     0.450,     1.400,     9.130,     1.000,    22.032,     0.000,     0.000,     0.000,     0.000,     0.000,     0.000,     0.000,        35.000,         8.118,     0.024,     0.000,     0.002,     0.011,         1.000,         1.000,         1.000,         1.000,         1.000,         1.000,         1.000,         1.000,         1.000,         0.000,         0.000,         0.000,
     3.079,    28.037,     2.000,    21.608,     0.016,     0.000,     0.000,     0.450,     1.400,     9.130,     1.000,    22.050,     0.000,     0.000,     0.000,     0.000,     0.000,     0.000,     0.000,        35.000,         8.115,     0.024,     0.000,     0.002,     0.011,         1.000,         1.000,         1.000,         1.000,         1.000,         1.000,         1.000,         1.000,         1.000,         0.000,         0.000,         0.000,
     3.084,    31.790,     2.000,    21.506,     0.016,    -0.002,     0.000,     0.450,     1.400,     9.130,     1.000,    22.041,     0.000,     0.000,     0.000,     0.000,     0.000,     0.000,     0.000,        35.000,         8.111,     0.024,     0.000,     0.002,     0.011,         1.000,         1.000,         1.000,         1.000,         1.000,         1.000,         1.000,         1.000,         1.000,         0.000,         0.000,         0.000,
     3.088,    28.504,     2.000,    21.491,     0.016,    -0.001,     0.000,     0.450,     1.400,     9.130,     1.000,    22.035,     0.000,     0.000,     0.000,     0.000,     0.000,     0.000,     0.000,        35.000,         8.108,     0.024,     0.000,     0.002,     0.011,         1.000,         1.000,         1.000,         1.000,         1.000,         1.000,         1.000,         1.000,         1.000,         0.000,         0.000,         0.000,
     3.092,    26.317,     2.000,    21.609,     0.016,     0.003,     0.000,     0.450,     1.400,     9.130,     1.000,    22.051,     0.000,     0.000,     0.000,     0.000,     0.000,     0.000,     0.000,        35.000,         8.104,     0.024,     0.000,     0.002,     0.011,         1.000,         1.000,         1.000,         1.000,         1.000,         1.000,         1.000,         1.000,         1.000,         0.000,         0.000,         0.000,
     3.096,    28.495,     2.000,    21.579,     0.016,     0.004,     0.000,     0.450,     1.400,     9.130,     1.000,    22.044,     0.000,     0.000,     0.000,     0.000,     0.000,     0.000,     0.000,        35.000,         8.101,     0.024,     0.000,     0.002,     0.011,         1.000,         1.000,         1.000,         1.000,         1.000,         1.000,         1.000,         1.000,         1.000,         0.000,         0.000,         0.000,
     3.100,    28.912,     2.000,    21.500,     0.016,     0.002,     0.000,     0.450,     1.400,     9.130,     1.000,    22.036,     0.000,     0.000,     0.000,     0.000,     0.000,     0.000,     0.000,        35.000,         8.098,     0.024,     0.000,     0.002,     0.011,         1.000,         1.000,         1.000,         1.000,         1.000,         1.000,         1.000,         1.000,         1.000,         0.000,         0.000,         0.000,
     3.104,    28.295,     2.000,    21.465,     0.016,    -0.002,     0.000,     0.450,     1.400,     9.130,     1.000,    22.028,     0.000,     0.000,     0.000,     0.000,     0.000,     0.000,     0.000,        35.000,         8.094,     0.024,     0.000,     0.002,     0.011,         1.000,         1.000,         1.000,         1.000,         1.000,         1.000,         1.000,         1.000,         1.000,         0.000,         0.000,         0.000,
     3.109,    25.452,     2.000,    21.519,     0.016,    -0.005,     0.000,     0.450,     1.400,     9.130,     1.000,    22.036,     0.000,     0.000,     0.000,     0.000,     0.000,     0.000,     0.000,        35.000,         8.091,     0.024,     0.000,     0.002,     0.011,         1.000,         1.000,         1.000,         1.000,         1.000,         1.000,         1.000,         1.000,         1.000,         0.000,         0.000,         0.000,
     3.113,    28.801,     2.000,    21.577,     0.016,    -0.005,     0.000,     0.450,     1.400,     9.130,     1.000,    22.043,     0.000,     0.000,     0.000,     0.000,     0.000,     0.000,     0.000,        35.000,         8.087,     0.024,     0.000,     0.002,     0.011,         1.000,         1.000,         1.000,         1.000,         1.000,         1.000,         1.000,         1.000,         1.000,         0.000,         0.000,         0.000,
     3.117,    29.388,     2.000,    21.518,     0.016,    -0.003,     0.000,     0.450,     1.400,     9.130,     1.000,    22.032,     0.000,     0.000,     0.000,     0.000,     0.000,     0.000,     0.000,        35.000,         8.084,     0.024,     0.000,     0.002,     0.011,         1.000,         1.000,         1.000,         1.000,         1.000,         1.000,         1.000,         1.000,         1.000,         0.000,         0.000,         0.000,
     3.121,    36.124,     2.000,    21.489,     0.016,     0.000,     0.000,     0.450,     1.400,     9.130,     1.000,    22.024,     0.000,     0.000,     0.000,     0.000,     0.000,     0.000,     0.000,        35.000,         8.080,     0.024,     0.000,     0.002,     0.011,         1.000,         1.000,         1.000,         1.000,         1.000,         1.000,         1.000,         1.000,         1.000,         0.000,         0.000,         0.000,
     3.126,    29.684,     2.000,    21.510,     0.016,     0.002,     0.000,     0.450,     1.400,     9.130,     1.000,    22.035,     0.000,     0.000,     0.000,     0.000,     0.000,     0.000,     0.000,        35.000,         8.077,     0.024,     0.000,     0.002,     0.011,         1.000,         1.000,         1.000,         1.000,         1.000,         1.000,         1.000,         1.000,         1.000,         0.000,         0.000,         0.000,
     3.130,    26.548,     2.000,    21.498,     0.016,     0.004,     0.000,     0.450,     1.400,     9.130,     1.000,    22.029,     0.000,     0.000,     0.000,     0.000,     0.000,     0.000,     0.000,        35.000,         8.074,     0.024,     0.000,     0.002,     0.011,         1.000,         1.000,         1.000,         1.000,         1.000,         1.000,         1.000,         1.000,         1.000,         0.000,         0.000,         0.000,
     3.134,    27.904,     2.000,    21.419,     0.016,     0.008,     0.000,     0.450,     1.400,     9.130,     1.000,    22.008,     0.000,     0.000,     0.000,     0.000,     0.000,     0.000,     0.000,        35.000,         8.070,     0.024,     0.000,     0.002,     0.011,         1.000,         1.000,         1.000,         1.000,         1.000,         1.000,         1.000,         1.000,         1.000,         0.000,         0.000,         0.000,
     3.138,    28.674,     2.000,    21.575,     0.016,     0.007,     0.000,     0.450,     1.400,     9.130,     1.000,    22.031,     0.000,     0.000,     0.000,     0.000,     0.000,     0.000,     0.000,        35.000,         8.067,     0.024,     0.000,     0.002,     0.011,         1.000,         1.000,         1.000,         1.000,         1.000,         1.000,         1.000,         1.000,         1.000,         0.000,         0.000,         0.000,
     3.142,    27.631,     2.000,    21.469,     0.016,     0.002,     0.000,     0.450,     1.400,     9.130,     1.000,    22.019,     0.000,     0.000,     0.000,     0.000,     0.000,     0.000,     0.000,        35.000,         8.063,     0.024,     0.000,     0.002,     0.011,         1.000,         1.000,         1.000,         1.000,         1.000,         1.000,         1.000,         1.000,         1.000,         0.000,         0.000,         0.000,
     3.146,    27.801,     2.000,    21.473,     0.016,    -0.002,     0.000,     0.450,     1.400,     9.130,     1.000,    22.019,     0.000,     0.000,     0.000,     0.000,     0.000,     0.000,     0.000,        35.000,         8.060,     0.025,     0.000,     0.002,     0.011,         1.000,         1.000,         1.000,         1.000,         1.000,         1.000,         1.000,         1.000,         1.000,         0.000,         0.000,         0.000,
     3.151,    29.264,     2.000,    21.471,     0.016,    -0.004,     0.000,     0.450,     1.400,     9.130,     1.000,    22.018,     0.000,     0.000,     0.000,     0.000,     0.000,     0.000,     0.000,        35.000,         8.057,     0.025,     0.000,     0.002,     0.011,         1.000,         1.000,         1.000,         1.000,         1.000,         1.000,         1.000,         1.000,         1.000,         0.000,         0.000,         0.000,
     3.155,    29.015,     2.000,    21.470,     0.016,    -0.002,     0.000,     0.450,     1.400,     9.130,     1.000,    22.017,     0.000,     0.000,     0.000,     0.000,     0.000,     0.000,     0.000,        35.000,         8.053,     0.025,     0.000,     0.002,     0.011,         1.000,         1.000,         1.000,         1.000,         1.000,         1.000,         1.000,         1.000,         1.000,         0.000,         0.000,         0.000,
     3.159,    28.038,     2.000,    21.475,     0.016,    -0.001,     0.000,     0.450,     1.400,     9.130,     1.000,    22.016,     0.000,     0.000,     0.000,     0.000,     0.000,     0.000,     0.000,        35.000,         8.050,     0.025,     0.000,     0.002,     0.011,         1.000,         1.000,         1.000,         1.000,         1.000,         1.000,         1.000,         1.000,         1.000,         0.000,         0.000,         0.000,
     3.163,    25.875,     2.000,    21.504,     0.016,    -0.004,     0.000,     0.450,     1.400,     9.130,     1.000,    22.020,     0.000,     0.000,     0.000,     0.000,     0.000,     0.000,     0.000,        35.000,         8.046,     0.025,     0.000,     0.002,     0.011,         1.000,         1.000,         1.000,         1.000,         1.000,         1.000,         1.000,         1.000,         1.000,         0.000,         0.000,         0.000,
     3.167,    15.816,     2.000,    21.532,     0.016,    -0.006,     0.000,     0.450,     1.400,     9.130,     1.000,    22.023,     0.000,     0.000,     0.000,     0.000,     0.000,     0.000,     0.000,        35.000,         8.043,     0.025,     0.000,     0.002,     0.011,         1.000,         1.000,         1.000,         1.000,         1.000,         1.000,         1.000,         1.000,         1.000,         0.000,         0.000,         0.000,
     3.171,    26.904,     2.000,    21.521,     0.016,    -0.004,     0.000,     0.450,     1.400,     9.130,     1.000,    22.026,     0.000,     0.000,     0.000,     0.000,     0.000,     0.000,     0.000,        35.000,         8.040,     0.025,     0.000,     0.002,     0.011,         1.000,         1.000,         1.000,         1.000,         1.000,         1.000,         1.000,         1.000,         1.000,         0.000,         0.000,         0.000,
     3.176,    43.083,     2.000,    21.449,     0.016,     0.000,     0.000,     0.450,     1.400,     9.130,     1.000,    22.010,     0.000,     0.000,     0.000,     0.000,     0.000,     0.000,     0.000,        35.000,         8.036,     0.025,     0.000,     0.002,     0.011,         1.000,         1.000,         1.000,         1.000,         1.000,         1.000,         1.000,         1.000,         1.000,         0.000,         0.000,         0.000,
     3.180,    28.203,     2.000,    21.461,     0.017,     0.003,     0.000,     0.450,     1.400,     9.130,     1.000,    22.010,     0.000,     0.000,     0.000,     0.000,     0.000,     0.000,     0.000,        35.000,         8.033,     0.025,     0.000,     0.002,     0.011,         1.000,         1.000,         1.000,         1.000,         1.000,         1.000,         1.000,         1.000,         1.000,         0.000,         0.000,         0.000,
     3.184,    24.123,     2.000,    21.461,     0.017,    -0.000,     0.000,     0.450,     1.400,     9.130,     1.000,    22.010,     0.000,     0.000,     0.000,     0.000,     0.000,     0.000,     0.000,        35.000,         8.030,     0.025,     0.000,     0.002,     0.011,         1.000,         1.000,         1.000,         1.000,         1.000,         1.000,         1.000,         1.000,         1.000,         0.000,         0.000,         0.000,
     3.188,    14.001,     2.000,    21.485,     0.017,    -0.005,     0.000,     0.450,     1.400,     9.130,     1.000,    22.013,     0.000,     0.000,     0.000,     0.000,     0.000,     0.000,     0.000,        35.000,         8.026,     0.025,     0.000,     0.002,     0.011,         1.000,         1.000,         1.000,         1.000,         1.000,         1.000,         1.000,         1.000,         1.000,         0.000,         0.000,         0.000,
     3.192,    28.010,     2.000,    21.496,     0.016,    -0.003,     0.000,     0.450,     1.400,     9.130,     1.000,    22.015,     0.000,     0.000,     0.000,     0.000,     0.000,     0.000,     0.000,        35.000,         8.023,     0.025,     0.000,     0.002,     0.011,         1.000,         1.000,         1.000,         1.000,         1.000,         1.000,         1.000,         1.000,         1.000,         0.000,         0.000,         0.000,
     3.196,    33.173,     2.000,    21.569,     0.016,     0.006,     0.000,     0.450,     1.400,     9.130,     1.000,    22.025,     0.000,     0.000,     0.000,     0.000,     0.000,     0.000,     0.000,        35.000,         8.019,     0.025,     0.000,     0.002,     0.011,         1.000,         1.000,         1.000,         1.000,         1.000,         1.000,         1.000,         1.000,         1.000,         0.000,         0.000,         0.000,
     3.200,     9.813,     2.000,    21.535,     0.016,     0.010,     0.000,     0.450,     1.400,     9.130,     1.000,    22.022,     0.000,     0.000,     0.000,     0.000,     0.000,     0.000,     0.000,        35.000,         8.016,     0.025,     0.000,     0.002,     0.011,         1.000,         1.000,         1.000,         1.000,         1.000,         1.000,         1.000,         1.000,         1.000,         0.000,         0.000,         0.000,
     3.205,    14.725,     2.000,    21.543,     0.016,     0.008,     0.000,     0.450,     1.400,     9.130,     1.000,    22.022,     0.000,     0.000,     0.000,     0.000,     0.000,     0.000,     0.000,        35.000,         8.013,     0.025,     0.000,     0.002,     0.011,         1.000,         1.000,         1.000,         1.000,         1.000,         1.000,         1.000,         1.000,         1.000,         0.000,         0.000,         0.000,
     3.209,    24.945,     2.000,    21.487,     0.016,     0.001,     0.000,     0.450,     1.400,     9.130,     1.000,    22.019,     0.000,     0.000,     0.000,     0.000,     0.000,     0.000,     0.000,        35.000,         8.009,     0.025,     0.000,     0.002,     0.011,         1.000,         1.000,         1.000,         1.000,         1.000,         1.000,         1.000,         1.000,         1.000,         0.000,         0.000,         0.000,
     3.213,    37.473,     2.000,    21.497,     0.016,    -0.003,     0.000,     0.450,     1.400,     9.130,     1.000,    22.023,     0.000,     0.000,     0.000,     0.000,     0.000,     0.000,     0.000,        35.000,         8.006,     0.025,     0.000,     0.002,     0.011,         1.000,         1.000,         1.000,         1.000,         1.000,         1.000,         1.000,         1.000,         1.000,         0.000,         0.000,         0.000,
     3.217,    29.004,     2.000,    21.485,     0.016,    -0.002,     0.000,     0.450,     1.400,     9.130,     1.000,    22.020,     0.000,     0.000,     0.000,     0.000,     0.000,     0.000,     0.000,        35.000,         8.003,     0.025,     0.000,     0.002,     0.011,         1.000,         1.000,         1.000,         1.000,         1.000,         1.000,         1.000,         1.000,         1.000,         0.000,         0.000,         0.000,
     3.221,    25.477,     2.000,    21.513,     0.016,    -0.006,     0.000,     0.450,     1.400,     9.130,     1.000,    22.025,     0.000,     0.000,     0.000,     0.000,     0.000,     0.000,     0.000,        35.000,         7.999,     0.025,     0.000,     0.002,     0.011,         1.000,         1.000,         1.000,         1.000,         1.000,         1.000,         1.000,         1.000,         1.000,         0.000,         0.000,         0.000,
     3.225,    24.885,     2.000,    21.525,     0.016,    -0.012,     0.000,     0.450,     1.400,     9.130,     1.000,    22.027,     0.000,     0.000,     0.000,     0.000,     0.000,     0.000,     0.000,        35.000,         7.996,     0.025,     0.000,     0.002,     0.011,         1.000,         1.000,         1.000,         1.000,         1.000,         1.000,         1.000,         1.000,         1.000,         0.000,         0.000,         0.000,
     3.230,    24.150,     2.000,    21.534,     0.016,    -0.015,     0.000,     0.450,     1.400,     9.130,     1.000,    22.029,     0.000,     0.000,     0.000,     0.000,     0.000,     0.000,     0.000,        35.000,         7.992,     0.025,     0.000,     0.002,     0.011,         1.000,         1.000,         1.000,         1.000,         1.000,         1.000,         1.000,         1.000,         1.000,         0.000,         0.000,         0.000,
     3.234,    23.217,     2.000,    21.520,     0.016,    -0.007,     0.000,     0.450,     1.400,     9.130,     1.000,    22.025,     0.000,     0.000,     0.000,     0.000,     0.000,     0.000,     0.000,        35.000,         7.989,     0.025,     0.000,     0.002,     0.011,         1.000,         1.000,         1.000,         1.000,         1.000,         1.000,         1.000,         1.000,         1.000,         0.000,         0.000,         0.000,
     3.238,    24.847,     2.000,    21.503,     0.017,     0.009,     0.000,     0.450,     1.400,     9.130,     1.000,    22.018,     0.000,     0.000,     0.000,     0.000,     0.000,     0.000,     0.000,        35.000,         7.986,     0.025,     0.000,     0.002,     0.011,         1.000,         1.000,         1.000,         1.000,         1.000,         1.000,         1.000,         1.000,         1.000,         0.000,         0.000,         0.000,
     3.242,    44.523,     2.000,    21.452,     0.017,     0.019,     0.000,     0.450,     1.400,     9.130,     1.000,    22.008,     0.000,     0.000,     0.000,     0.000,     0.000,     0.000,     0.000,        35.000,         7.982,     0.025,     0.000,     0.002,     0.011,         1.000,         1.000,         1.000,         1.000,         1.000,         1.000,         1.000,         1.000,         1.000,         0.000,         0.000,         0.000,
     3.246,    26.722,     2.000,    21.483,     0.017,     0.019,     0.000,     0.450,     1.400,     9.130,     1.000,    22.016,     0.000,     0.000,     0.000,     0.000,     0.000,     0.000,     0.000,        35.000,         7.979,     0.026,     0.000,     0.002,     0.011,         1.000,         1.000,         1.000,         1.000,         1.000,         1.000,         1.000,         1.000,         1.000,         0.000,         0.000,         0.000,
     3.250,    23.686,     2.000,    21.521,     0.017,     0.013,     0.000,     0.450,     1.400,     9.130,     1.000,    22.023,     0.000,     0.000,     0.000,     0.000,     0.000,     0.000,     0.000,        35.000,         7.976,     0.026,     0.000,     0.002,     0.011,         1.000,         1.000,         1.000,         1.000,         1.000,         1.000,         1.000,         1.000,         1.000,         0.000,         0.000,         0.000,
     3.255,    24.587,     2.000,    21.532,     0.016,     0.001,     0.000,     0.450,     1.400,     9.130,     1.000,    22.026,     0.000,     0.000,     0.000,     0.000,     0.000,     0.000,     0.000,        35.000,         7.972,     0.026,     0.000,     0.002,     0.012,         1.000,         1.000,         1.000,         1.000,         1.000,         1.000,         1.000,         1.000,         1.000,         0.000,         0.000,         0.000,
     3.259,    28.297,     2.000,    21.495,     0.016,    -0.011,     0.000,     0.450,     1.400,     9.130,     1.000,    22.015,     0.000,     0.000,     0.000,     0.000,     0.000,     0.000,     0.000,        35.000,         7.969,     0.026,     0.000,     0.002,     0.012,         1.000,         1.000,         1.000,         1.000,         1.000,         1.000,         1.000,         1.000,         1.000,         0.000,         0.000,         0.000,
     3.263,    27.619,     2.000,    21.584,     0.016,    -0.020,     0.000,     0.450,     1.400,     9.130,     1.000,    22.028,     0.000,     0.000,     0.000,     0.000,     0.000,     0.000,     0.000,        35.000,         7.966,     0.026,     0.000,     0.002,     0.012,         1.000,         1.000,         1.000,         1.000,         1.000,         1.000,         1.000,         1.000,         1.000,         0.000,         0.000,         0.000,
     3.267,    23.303,     2.000,    21.543,     0.016,    -0.020,     0.000,     0.450,     1.400,     9.130,     1.000,    22.026,     0.000,     0.000,     0.000,     0.000,     0.000,     0.000,     0.000,        35.000,         7.962,     0.026,     0.000,     0.002,     0.012,         1.000,         1.000,         1.000,         1.000,         1.000,         1.000,         1.000,         1.000,         1.000,         0.000,         0.000,         0.000,
     3.271,    26.943,     2.000,    21.483,     0.016,    -0.009,     0.000,     0.450,     1.400,     9.130,     1.000,    22.013,     0.000,     0.000,     0.000,     0.000,     0.000,     0.000,     0.000,        35.000,         7.959,     0.026,     0.000,     0.002,     0.012,         1.000,         1.000,         1.000,         1.000,         1.000,         1.000,         1.000,         1.000,         1.000,         0.000,         0.000,         0.000,
     3.276,    27.725,     2.000,    21.461,     0.016,     0.008,     0.000,     0.450,     1.400,     9.130,     1.000,    22.006,     0.000,     0.000,     0.000,     0.000,     0.000,     0.000,     0.000,        35.000,         7.956,     0.026,     0.000,     0.002,     0.012,         1.000,         1.000,         1.000,         1.000,         1.000,         1.000,         1.000,         1.000,         1.000,         0.000,         0.000,         0.000,
     3.280,    25.589,     2.000,    21.457,     0.017,     0.016,     0.000,     0.450,     1.400,     9.130,     1.000,    22.004,     0.000,     0.000,     0.000,     0.000,     0.000,     0.000,     0.000,        35.000,         7.952,     0.026,     0.000,     0.002,     0.012,         1.000,         1.000,         1.000,         1.000,         1.000,         1.000,         1.000,         1.000,         1.000,         0.000,         0.000,         0.000,
     3.284,    24.415,     2.000,    21.469,     0.017,     0.012,     0.000,     0.450,     1.400,     9.130,     1.000,    22.008,     0.000,     0.000,     0.000,     0.000,     0.000,     0.000,     0.000,        35.000,         7.949,     0.026,     0.000,     0.002,     0.012,         1.000,         1.000,         1.000,         1.000,         1.000,         1.000,         1.000,         1.000,         1.000,         0.000,         0.000,         0.000,
     3.288,     8.782,     2.000,    21.515,     0.016,     0.004,     0.000,     0.450,     1.400,     9.130,     1.000,    22.012,     0.000,     0.000,     0.000,     0.000,     0.000,     0.000,     0.000,        35.000,         7.946,     0.026,     0.000,     0.002,     0.012,         1.000,         1.000,         1.000,         1.000,         1.000,         1.000,         1.000,         1.000,         1.000,         0.000,         0.000,         0.000,
     3.292,    30.044,     2.000,    21.520,     0.016,    -0.005,     0.000,     0.450,     1.400,     9.130,     1.000,    22.011,     0.000,     0.000,     0.000,     0.000,     0.000,     0.000,     0.000,        35.000,         7.942,     0.026,     0.000,     0.002,     0.012,         1.000,         1.000,         1.000,         1.000,         1.000,         1.000,         1.000,         1.000,         1.000,         0.000,         0.000,         0.000,
     3.296,    12.823,     2.000,    21.523,     0.016,    -0.004,     0.000,     0.450,     1.400,     9.130,     1.000,    22.018,     0.000,     0.000,     0.000,     0.000,     0.000,     0.000,     0.000,        35.000,         7.939,     0.026,     0.000,     0.002,     0.012,         1.000,         1.000,         1.000,         1.000,         1.000,         1.000,         1.000,         1.000,         1.000,         0.000,         0.000,         0.000,
     3.301,    27.028,     2.000,    21.550,     0.016,     0.002,     0.000,     0.450,     1.400,     9.130,     1.000,    22.015,     0.000,     0.000,     0.000,     0.000,     0.000,     0.000,     0.000,        35.000,         7.935,     0.026,     0.000,     0.002,     0.012,         1.000,         1.000,         1.000,         1.000,         1.000,         1.000,         1.000,         1.000,         1.000,         0.000,         0.000,         0.000,
     3.305,    22.595,     2.000,    21.559,     0.016,     0.002,     0.000,     0.450,     1.400,     9.130,     1.000,    22.016,     0.000,     0.000,     0.000,     0.000,     0.000,     0.000,     0.000,        35.000,         7.932,     0.026,     0.000,     0.002,     0.012,         1.000,         1.000,         1.000,         1.000,         1.000,         1.000,         1.000,         1.000,         1.000,         0.000,         0.000,         0.000,
     3.309,    25.170,     2.000,    21.579,     0.016,    -0.001,     0.000,     0.450,     1.400,     9.130,     1.000,    22.018,     0.000,     0.000,     0.000,     0.000,     0.000,     0.000,     0.000,        35.000,         7.929,     0.026,     0.000,     0.002,     0.012,         1.000,         1.000,         1.000,         1.000,         1.000,         1.000,         1.000,         1.000,         1.000,         0.000,         0.000,         0.000,
     3.313,    23.684,     2.000,    21.472,     0.016,    -0.003,     0.000,     0.450,     1.400,     9.130,     1.000,    22.007,     0.000,     0.000,     0.000,     0.000,     0.000,     0.000,     0.000,        35.000,         7.925,     0.026,     0.000,     0.002,     0.012,         1.000,         1.000,         1.000,         1.000,         1.000,         1.000,         1.000,         1.000,         1.000,         0.000,         0.000,         0.000,
     3.317,    26.529,     2.000,    21.468,     0.016,    -0.001,     0.000,     0.450,     1.400,     9.130,     1.000,    22.005,     0.000,     0.000,     0.000,     0.000,     0.000,     0.000,     0.000,        35.000,         7.922,     0.026,     0.000,     0.002,     0.012,         1.000,         1.000,         1.000,         1.000,         1.000,         1.000,         1.000,         1.000,         1.000,         0.000,         0.000,         0.000,
     3.321,    38.967,     2.000,    21.470,     0.016,     0.002,     0.000,     0.450,     1.400,     9.130,     1.000,    22.003,     0.000,     0.000,     0.000,     0.000,     0.000,     0.000,     0.000,        35.000,         7.919,     0.026,     0.000,     0.002,     0.012,         1.000,         1.000,         1.000,         1.000,         1.000,         1.000,         1.000,         1.000,         1.000,         0.000,         0.000,         0.000,
     3.326,    27.333,     2.000,    21.563,     0.016,    -0.000,     0.000,     0.450,     1.400,     9.130,     1.000,    22.015,     0.000,     0.000,     0.000,     0.000,     0.000,     0.000,     0.000,        35.000,         7.915,     0.026,     0.000,     0.002,     0.012,         1.000,         1.000,         1.000,         1.000,         1.000,         1.000,         1.000,         1.000,         1.000,         0.000,         0.000,         0.000,
     3.330,    27.526,     2.000,    21.567,     0.016,    -0.004,     0.000,     0.450,     1.400,     9.130,     1.000,    22.018,     0.000,     0.000,     0.000,     0.000,     0.000,     0.000,     0.000,        35.000,         7.912,     0.026,     0.000,     0.002,     0.012,         1.000,         1.000,         1.000,         1.000,         1.000,         1.000,         1.000,         1.000,         1.000,         0.000,         0.000,         0.000,
     3.334,    11.009,     2.000,    21.589,     0.016,    -0.004,     0.000,     0.450,     1.400,     9.130,     1.000,    22.019,     0.000,     0.000,     0.000,     0.000,     0.000,     0.000,     0.000,        35.000,         7.909,     0.026,     0.000,     0.002,     0.012,         1.000,         1.000,         1.000,         1.000,         1.000,         1.000,         1.000,         1.000,         1.000,         0.000,         0.000,         0.000,
     3.338,    23.041,     2.000,    21.536,     0.017,     0.001,     0.000,     0.450,     1.400,     9.130,     1.000,    22.012,     0.000,     0.000,     0.000,     0.000,     0.000,     0.000,     0.000,        35.000,         7.905,     0.026,     0.000,     0.002,     0.012,         1.000,         1.000,         1.000,         1.000,         1.000,         1.000,         1.000,         1.000,         1.000,         0.000,         0.000,         0.000,
     3.342,    32.574,     2.000,    21.529,     0.017,     0.004,     0.000,     0.450,     1.400,     9.130,     1.000,    22.013,     0.000,     0.000,     0.000,     0.000,     0.000,     0.000,     0.000,        35.000,         7.902,     0.026,     0.000,     0.002,     0.012,         1.000,         1.000,         1.000,         1.000,         1.000,         1.000,         1.000,         1.000,         1.000,         0.000,         0.000,         0.000,
     3.346,    31.434,     2.000,    21.536,     0.017,    -0.001,     0.000,     0.450,     1.400,     9.130,     1.000,    22.014,     0.000,     0.000,     0.000,     0.000,     0.000,     0.000,     0.000,        35.000,         7.899,     0.027,     0.000,     0.002,     0.012,         1.000,         1.000,         1.000,         1.000,         1.000,         1.000,         1.000,         1.000,         1.000,         0.000,         0.000,         0.000,
     3.350,    24.968,     2.000,    21.600,     0.016,    -0.008,     0.000,     0.450,     1.400,     9.130,     1.000,    22.027,     0.000,     0.000,     0.000,     0.000,     0.000,     0.000,     0.000,        35.000,         7.895,     0.027,     0.000,     0.002,     0.012,         1.000,         1.000,         1.000,         1.000,         1.000,         1.000,         1.000,         1.000,         1.000,         0.000,         0.000,         0.000,
     3.355,    22.800,     2.000,    21.594,     0.016,    -0.010,     0.000,     0.450,     1.400,     9.130,     1.000,    22.026,     0.000,     0.000,     0.000,     0.000,     0.000,     0.000,     0.000,        35.000,         7.892,     0.027,     0.000,     0.002,     0.012,         1.000,         1.000,         1.000,         1.000,         1.000,         1.000,         1.000,         1.000,         1.000,         0.000,         0.000,         0.000,
     3.359,    22.251,     2.000,    21.556,     0.016,    -0.006,     0.000,     0.450,     1.400,     9.130,     1.000,    22.012,     0.000,     0.000,     0.000,     0.000,     0.000,     0.000,     0.000,        35.000,         7.889,     0.027,     0.000,     0.002,     0.012,         1.000,         1.000,         1.000,         1.000,         1.000,         1.000,         1.000,         1.000,         1.000,         0.000,         0.000,         0.000,
     3.363,    14.286,     2.000,    21.611,     0.016,    -0.002,     0.000,     0.450,     1.400,     9.130,     1.000,    22.018,     0.000,     0.000,     0.000,     0.000,     0.000,     0.000,     0.000,        35.000,         7.886,     0.027,     0.000,     0.002,     0.012,         1.000,         1.000,         1.000,         1.000,         1.000,         1.000,         1.000,         1.000,         1.000,         0.000,         0.000,         0.000,
     3.367,    24.186,     2.000,    21.618,     0.017,     0.002,     0.000,     0.450,     1.400,     9.130,     1.000,    22.020,     0.000,     0.000,     0.000,     0.000,     0.000,     0.000,     0.000,        35.000,         7.882,     0.027,     0.000,     0.002,     0.012,         1.000,         1.000,         1.000,         1.000,         1.000,         1.000,         1.000,         1.000,         1.000,         0.000,         0.000,         0.000,
     3.371,    22.851,     2.000,    21.625,     0.017,     0.005,     0.000,     0.450,     1.400,     9.130,     1.000,    22.022,     0.000,     0.000,     0.000,     0.000,     0.000,     0.000,     0.000,        35.000,         7.879,     0.027,     0.000,     0.002,     0.012,         1.000,         1.000,         1.000,         1.000,         1.000,         1.000,         1.000,         1.000,         1.000,         0.000,         0.000,         0.000,
     3.375,    22.279,     2.000,    21.592,     0.017,     0.009,     0.000,     0.450,     1.400,     9.130,     1.000,    22.018,     0.000,     0.000,     0.000,     0.000,     0.000,     0.000,     0.000,        35.000,         7.876,     0.027,     0.000,     0.002,     0.012,         1.000,         1.000,         1.000,         1.000,         1.000,         1.000,         1.000,         1.000,         1.000,         0.000,         0.000,         0.000,
     3.380,    29.939,     2.000,    21.627,     0.017,     0.013,     0.000,     0.450,     1.400,     9.130,     1.000,    22.020,     0.000,     0.000,     0.000,     0.000,     0.000,     0.000,     0.000,        35.000,         7.872,     0.027,     0.000,     0.002,     0.012,         1.000,         1.000,         1.000,         1.000,         1.000,         1.000,         1.000,         1.000,         1.000,         0.000,         0.000,         0.000,
     3.384,    10.423,     2.000,    21.552,     0.017,     0.010,     0.000,     0.450,     1.400,     9.130,     1.000,    22.017,     0.000,     0.000,     0.000,     0.000,     0.000,     0.000,     0.000,        35.000,         7.869,     0.027,     0.000,     0.002,     0.012,         1.000,         1.000,         1.000,         1.000,         1.000,         1.000,         1.000,         1.000,         1.000,         0.000,         0.000,         0.000,
     3.388,    22.389,     2.000,    21.537,     0.017,     0.005,     0.000,     0.450,     1.400,     9.130,     1.000,    22.012,     0.000,     0.000,     0.000,     0.000,     0.000,     0.000,     0.000,        35.000,         7.866,     0.027,     0.000,     0.002,     0.012,         1.000,         1.000,         1.000,         1.000,         1.000,         1.000,         1.000,         1.000,         1.000,         0.000,         0.000,         0.000,
     3.392,    22.847,     2.000,    21.541,     0.016,    -0.004,     0.000,     0.450,     1.400,     9.130,     1.000,    22.014,     0.000,     0.000,     0.000,     0.000,     0.000,     0.000,     0.000,        35.000,         7.862,     0.027,     0.000,     0.002,     0.012,         1.000,         1.000,         1.000,         1.000,         1.000,         1.000,         1.000,         1.000,         1.000,         0.000,         0.000,         0.000,
     3.396,    27.261,     2.000,    21.580,     0.016,    -0.010,     0.000,     0.450,     1.400,     9.130,     1.000,    22.017,     0.000,     0.000,     0.000,     0.000,     0.000,     0.000,     0.000,        35.000,         7.859,     0.027,     0.000,     0.002,     0.012,         1.000,         1.000,         1.000,         1.000,         1.000,         1.000,         1.000,         1.000,         1.000,         0.000,         0.000,         0.000,
     3.401,    26.256,     2.000,    21.579,     0.016,    -0.011,     0.000,     0.450,     1.400,     9.130,     1.000,    22.016,     0.000,     0.000,     0.000,     0.000,     0.000,     0.000,     0.000,        35.000,         7.856,     0.027,     0.000,     0.002,     0.012,         1.000,         1.000,         1.000,         1.000,         1.000,         1.000,         1.000,         1.000,         1.000,         0.000,         0.000,         0.000,
     3.405,    23.375,     2.000,    21.556,     0.016,    -0.013,     0.000,     0.450,     1.400,     9.130,     1.000,    22.013,     0.000,     0.000,     0.000,     0.000,     0.000,     0.000,     0.000,        35.000,         7.852,     0.027,     0.000,     0.002,     0.012,         1.000,         1.000,         1.000,         1.000,         1.000,         1.000,         1.000,         1.000,         1.000,         0.000,         0.000,         0.000,
     3.409,    22.729,     2.000,    21.508,     0.016,    -0.010,     0.000,     0.450,     1.400,     9.130,     1.000,    22.005,     0.000,     0.000,     0.000,     0.000,     0.000,     0.000,     0.000,        35.000,         7.849,     0.027,     0.000,     0.002,     0.012,         1.000,         1.000,         1.000,         1.000,         1.000,         1.000,         1.000,         1.000,         1.000,         0.000,         0.000,         0.000,
     3.413,    31.564,     2.000,    21.490,     0.016,    -0.002,     0.000,     0.450,     1.400,     9.130,     1.000,    22.001,     0.000,     0.000,     0.000,     0.000,     0.000,     0.000,     0.000,        35.000,         7.846,     0.027,     0.000,     0.002,     0.012,         1.000,         1.000,         1.000,         1.000,         1.000,         1.000,         1.000,         1.000,         1.000,         0.000,         0.000,         0.000,
     3.417,    25.016,     2.000,    21.501,     0.017,     0.008,     0.000,     0.450,     1.400,     9.130,     1.000,    22.002,     0.000,     0.000,     0.000,     0.000,     0.000,     0.000,     0.000,        35.000,         7.843,     0.027,     0.000,     0.002,     0.012,         1.000,         1.000,         1.000,         1.000,         1.000,         1.000,         1.000,         1.000,         1.000,         0.000,         0.000,         0.000,
     3.421,    18.670,     2.000,    21.561,     0.016,     0.016,     0.000,     0.450,     1.400,     9.130,     1.000,    22.014,     0.000,     0.000,     0.000,     0.000,     0.000,     0.000,     0.000,        35.000,         7.839,     0.027,     0.000,     0.002,     0.012,         1.000,         1.000,         1.000,         1.000,         1.000,         1.000,         1.000,         1.000,         1.000,         0.000,         0.000,         0.000,
     3.425,    22.801,     2.000,    21.479,     0.016,     0.015,     0.000,     0.450,     1.400,     9.130,     1.000,    21.997,     0.000,     0.000,     0.000,     0.000,     0.000,     0.000,     0.000,        35.000,         7.836,     0.027,     0.000,     0.002,     0.012,         1.000,         1.000,         1.000,         1.000,         1.000,         1.000,         1.000,         1.000,         1.000,         0.000,         0.000,         0.000,
     3.430,    30.441,     2.000,    21.580,     0.016,     0.006,     0.000,     0.450,     1.400,     9.130,     1.000,    22.010,     0.000,     0.000,     0.000,     0.000,     0.000,     0.000,     0.000,        35.000,         7.833,     0.027,     0.000,     0.002,     0.012,         1.000,         1.000,         1.000,         1.000,         1.000,         1.000,         1.000,         1.000,         1.000,         0.000,         0.000,         0.000,
     3.434,    11.737,     2.000,    21.499,     0.016,    -0.002,     0.000,     0.450,     1.400,     9.130,     1.000,    22.001,     0.000,     0.000,     0.000,     0.000,     0.000,     0.000,     0.000,        35.000,         7.829,     0.027,     0.000,     0.002,     0.012,         1.000,         1.000,         1.000,         1.000,         1.000,         1.000,         1.000,         1.000,         1.000,         0.000,         0.000,         0.000,
     3.438,    24.893,     2.000,    21.577,     0.016,    -0.008,     0.000,     0.450,     1.400,     9.130,     1.000,    22.012,     0.000,     0.000,     0.000,     0.000,     0.000,     0.000,     0.000,        35.000,         7.826,     0.027,     0.000,     0.002,     0.012,         1.000,         1.000,         1.000,         1.000,         1.000,         1.000,         1.000,         1.000,         1.000,         0.000,         0.000,         0.000,
     3.442,    24.876,     2.000,    21.579,     0.016,    -0.010,     0.000,     0.450,     1.400,     9.130,     1.000,    22.014,     0.000,     0.000,     0.000,     0.000,     0.000,     0.000,     0.000,        35.000,         7.823,     0.027,     0.000,     0.002,     0.012,         1.000,         1.000,         1.000,         1.000,         1.000,         1.000,         1.000,         1.000,         1.000,         0.000,         0.000,         0.000,
     3.446,    28.098,     2.000,    21.518,     0.016,    -0.009,     0.000,     0.450,     1.400,     9.130,     1.000,    22.007,     0.000,     0.000,     0.000,     0.000,     0.000,     0.000,     0.000,        35.000,         7.819,     0.027,     0.000,     0.002,     0.012,         1.000,         1.000,         1.000,         1.000,         1.000,         1.000,         1.000,         1.000,         1.000,         0.000,         0.000,         0.000,
     3.451,    30.339,     2.000,    21.533,     0.016,    -0.006,     0.000,     0.450,     1.400,     9.130,     1.000,    22.008,     0.000,     0.000,     0.000,     0.000,     0.000,     0.000,     0.000,        35.000,         7.816,     0.028,     0.000,     0.002,     0.012,         1.000,         1.000,         1.000,         1.000,         1.000,         1.000,         1.000,         1.000,         1.000,         0.000,         0.000,         0.000,
     3.455,    23.691,     2.000,    21.567,     0.017,    -0.004,     0.000,     0.450,     1.400,     9.130,     1.000,    22.011,     0.000,     0.000,     0.000,     0.000,     0.000,     0.000,     0.000,        35.000,         7.813,     0.028,     0.000,     0.002,     0.012,         1.000,         1.000,         1.000,         1.000,         1.000,         1.000,         1.000,         1.000,         1.000,         0.000,         0.000,         0.000,
     3.459,    27.783,     2.000,    21.591,     0.017,     0.001,     0.000,     0.450,     1.400,     9.130,     1.000,    22.013,     0.000,     0.000,     0.000,     0.000,     0.000,     0.000,     0.000,        35.000,         7.810,     0.028,     0.000,     0.002,     0.012,         1.000,         1.000,         1.000,         1.000,         1.000,         1.000,         1.000,         1.000,         1.000,         0.000,         0.000,         0.000,
     3.463,    28.718,     2.000,    21.531,     0.017,     0.006,     0.000,     0.450,     1.400,     9.130,     1.000,    22.007,     0.000,     0.000,     0.000,     0.000,     0.000,     0.000,     0.000,        35.000,         7.806,     0.028,     0.000,     0.002,     0.012,         1.000,         1.000,         1.000,         1.000,         1.000,         1.000,         1.000,         1.000,         1.000,         0.000,         0.000,         0.000,
     3.467,    25.532,     2.000,    21.518,     0.017,     0.010,     0.000,     0.450,     1.400,     9.130,     1.000,    22.005,     0.000,     0.000,     0.000,     0.000,     0.000,     0.000,     0.000,        35.000,         7.803,     0.028,     0.000,     0.002,     0.012,         1.000,         1.000,         1.000,         1.000,         1.000,         1.000,         1.000,         1.000,         1.000,         0.000,         0.000,         0.000,
     3.471,    23.777,     2.000,    21.623,     0.017,     0.009,     0.000,     0.450,     1.400,     9.130,     1.000,    22.017,     0.000,     0.000,     0.000,     0.000,     0.000,     0.000,     0.000,        35.000,         7.800,     0.028,     0.000,     0.002,     0.012,         1.000,         1.000,         1.000,         1.000,         1.000,         1.000,         1.000,         1.000,         1.000,         0.000,         0.000,         0.000,
     3.476,    30.398,     2.000,    21.621,     0.017,     0.004,     0.000,     0.450,     1.400,     9.130,     1.000,    22.016,     0.000,     0.000,     0.000,     0.000,     0.000,     0.000,     0.000,        35.000,         7.796,     0.028,     0.000,     0.002,     0.013,         1.000,         1.000,         1.000,         1.000,         1.000,         1.000,         1.000,         1.000,         1.000,         0.000,         0.000,         0.000,
     3.480,    26.266,     2.000,    21.633,     0.016,     0.002,     0.000,     0.450,     1.400,     9.130,     1.000,    22.017,     0.000,     0.000,     0.000,     0.000,     0.000,     0.000,     0.000,        35.000,         7.793,     0.028,     0.000,     0.002,     0.013,         1.000,         1.000,         1.000,         1.000,         1.000,         1.000,         1.000,         1.000,         1.000,         0.000,         0.000,         0.000,
     3.484,    22.005,     2.000,    21.588,     0.016,     0.001,     0.000,     0.450,     1.400,     9.130,     1.000,    22.011,     0.000,     0.000,     0.000,     0.000,     0.000,     0.000,     0.000,        35.000,         7.790,     0.028,     0.000,     0.002,     0.013,         1.000,         1.000,         1.000,         1.000,         1.000,         1.000,         1.000,         1.000,         1.000,         0.000,         0.000,         0.000,
     3.488,    21.995,     2.000,    21.549,     0.016,    -0.005,     0.000,     0.450,     1.400,     9.130,     1.000,    22.008,     0.000,     0.000,     0.000,     0.000,     0.000,     0.000,     0.000,        35.000,         7.786,     0.028,     0.000,     0.002,     0.013,         1.000,         1.000,         1.000,         1.000,         1.000,         1.000,         1.000,         1.000,         1.000,         0.000,         0.000,         0.000,
     3.492,    24.610,     2.000,    21.594,     0.016,    -0.013,     0.000,     0.450,     1.400,     9.130,     1.000,    22.014,     0.000,     0.000,     0.000,     0.000,     0.000,     0.000,     0.000,        35.000,         7.783,     0.028,     0.000,     0.002,     0.013,         1.000,         1.000,         1.000,         1.000,         1.000,         1.000,         1.000,         1.000,         1.000,         0.000,         0.000,         0.000,
     3.496,    29.555,     2.000,    21.600,     0.016,    -0.017,     0.000,     0.450,     1.400,     9.130,     1.000,    22.015,     0.000,     0.000,     0.000,     0.000,     0.000,     0.000,     0.000,        35.000,         7.780,     0.028,     0.000,     0.002,     0.013,         1.000,         1.000,         1.000,         1.000,         1.000,         1.000,         1.000,         1.000,         1.000,         0.000,         0.000,         0.000,
     3.501,    28.323,     2.000,    21.553,     0.016,    -0.006,     0.000,     0.450,     1.400,     9.130,     1.000,    22.009,     0.000,     0.000,     0.000,     0.000,     0.000,     0.000,     0.000,        35.000,         7.777,     0.028,     0.000,     0.002,     0.013,         1.000,         1.000,         1.000,         1.000,         1.000,         1.000,         1.000,         1.000,         1.000,         0.000,         0.000,         0.000,
     3.505,    23.039,     2.000,    21.557,     0.016,     0.008,     0.000,     0.450,     1.400,     9.130,     1.000,    22.009,     0.000,     0.000,     0.000,     0.000,     0.000,     0.000,     0.000,        35.000,         7.773,     0.028,     0.000,     0.002,     0.013,         1.000,         1.000,         1.000,         1.000,         1.000,         1.000,         1.000,         1.000,         1.000,         0.000,         0.000,         0.000,
     3.509,    26.081,     2.000,    21.596,     0.017,     0.013,     0.000,     0.450,     1.400,     9.130,     1.000,    22.011,     0.000,     0.000,     0.000,     0.000,     0.000,     0.000,     0.000,        35.000,         7.770,     0.028,     0.000,     0.002,     0.013,         1.000,         1.000,         1.000,         1.000,         1.000,         1.000,         1.000,         1.000,         1.000,         0.000,         0.000,         0.000,
     3.513,    26.999,     2.000,    21.562,     0.017,     0.008,     0.000,     0.450,     1.400,     9.130,     1.000,    22.008,     0.000,     0.000,     0.000,     0.000,     0.000,     0.000,     0.000,        35.000,         7.767,     0.028,     0.000,     0.002,     0.013,         1.000,         1.000,         1.000,         1.000,         1.000,         1.000,         1.000,         1.000,         1.000,         0.000,         0.000,         0.000,
     3.517,    22.415,     2.000,    21.531,     0.016,     0.002,     0.000,     0.450,     1.400,     9.130,     1.000,    22.005,     0.000,     0.000,     0.000,     0.000,     0.000,     0.000,     0.000,        35.000,         7.764,     0.028,     0.000,     0.002,     0.013,         1.000,         1.000,         1.000,         1.000,         1.000,         1.000,         1.000,         1.000,         1.000,         0.000,         0.000,         0.000,
     3.522,    21.632,     2.000,    21.594,     0.016,    -0.003,     0.000,     0.450,     1.400,     9.130,     1.000,    22.012,     0.000,     0.000,     0.000,     0.000,     0.000,     0.000,     0.000,        35.000,         7.760,     0.028,     0.000,     0.002,     0.013,         1.000,         1.000,         1.000,         1.000,         1.000,         1.000,         1.000,         1.000,         1.000,         0.000,         0.000,         0.000,
     3.526,    29.593,     2.000,    21.527,     0.016,    -0.006,     0.000,     0.450,     1.400,     9.130,     1.000,    22.003,     0.000,     0.000,     0.000,     0.000,     0.000,     0.000,     0.000,        35.000,         7.757,     0.028,     0.000,     0.002,     0.013,         1.000,         1.000,         1.000,         1.000,         1.000,         1.000,         1.000,         1.000,         1.000,         0.000,         0.000,         0.000,
     3.530,    26.446,     2.000,    21.658,     0.016,    -0.009,     0.000,     0.450,     1.400,     9.130,     1.000,    22.018,     0.000,     0.000,     0.000,     0.000,     0.000,     0.000,     0.000,        35.000,         7.754,     0.028,     0.000,     0.002,     0.013,         1.000,         1.000,         1.000,         1.000,         1.000,         1.000,         1.000,         1.000,         1.000,         0.000,         0.000,         0.000,
     3.534,    24.093,     2.000,    21.590,     0.016,    -0.007,     0.000,     0.450,     1.400,     9.130,     1.000,    22.008,     0.000,     0.000,     0.000,     0.000,     0.000,     0.000,     0.000,        35.000,         7.750,     0.028,     0.000,     0.002,     0.013,         1.000,         1.000,         1.000,         1.000,         1.000,         1.000,         1.000,         1.000,         1.000,         0.000,         0.000,         0.000,
     3.538,    22.394,     2.000,    21.535,     0.016,     0.003,     0.000,     0.450,     1.400,     9.130,     1.000,    22.003,     0.000,     0.000,     0.000,     0.000,     0.000,     0.000,     0.000,        35.000,         7.747,     0.028,     0.000,     0.002,     0.013,         1.000,         1.000,         1.000,         1.000,         1.000,         1.000,         1.000,         1.000,         1.000,         0.000,         0.000,         0.000,
     3.542,    24.370,     2.000,    21.499,     0.016,     0.011,     0.000,     0.450,     1.400,     9.130,     1.000,    22.000,     0.000,     0.000,     0.000,     0.000,     0.000,     0.000,     0.000,        35.000,         7.744,     0.028,     0.000,     0.002,     0.013,         1.000,         1.000,         1.000,         1.000,         1.000,         1.000,         1.000,         1.000,         1.000,         0.000,         0.000,         0.000,
     3.546,    28.910,     2.000,    21.609,     0.016,     0.011,     0.000,     0.450,     1.400,     9.130,     1.000,    22.012,     0.000,     0.000,     0.000,     0.000,     0.000,     0.000,     0.000,        35.000,         7.741,     0.028,     0.000,     0.002,     0.013,         1.000,         1.000,         1.000,         1.000,         1.000,         1.000,         1.000,         1.000,         1.000,         0.000,         0.000,         0.000,
     3.551,    38.064,     2.000,    21.559,     0.016,     0.006,     0.000,     0.450,     1.400,     9.130,     1.000,    22.008,     0.000,     0.000,     0.000,     0.000,     0.000,     0.000,     0.000,        35.000,         7.737,     0.029,     0.000,     0.002,     0.013,         1.000,         1.000,         1.000,         1.000,         1.000,         1.000,         1.000,         1.000,         1.000,         0.000,         0.000,         0.000,
     3.555,    24.890,     2.000,    21.581,     0.016,    -0.000,     0.000,     0.450,     1.400,     9.130,     1.000,    22.011,     0.000,     0.000,     0.000,     0.000,     0.000,     0.000,     0.000,        35.000,         7.734,     0.029,     0.000,     0.002,     0.013,         1.000,         1.000,         1.000,         1.000,         1.000,         1.000,         1.000,         1.000,         1.000,         0.000,         0.000,         0.000,
     3.559,    21.753,     2.000,    21.544,     0.016,    -0.006,     0.000,     0.450,     1.400,     9.130,     1.000,    22.005,     0.000,     0.000,     0.000,     0.000,     0.000,     0.000,     0.000,        35.000,         7.731,     0.029,     0.000,     0.002,     0.013,         1.000,         1.000,         1.000,         1.000,         1.000,         1.000,         1.000,         1.000,         1.000,         0.000,         0.000,         0.000,
     3.563,    21.682,     2.000,    21.568,     0.016,    -0.012,     0.000,     0.450,     1.400,     9.130,     1.000,    22.007,     0.000,     0.000,     0.000,     0.000,     0.000,     0.000,     0.000,        35.000,         7.728,     0.029,     0.000,     0.002,     0.013,         1.000,         1.000,         1.000,         1.000,         1.000,         1.000,         1.000,         1.000,         1.000,         0.000,         0.000,         0.000,
     3.567,    23.056,     2.000,    21.536,     0.016,    -0.013,     0.000,     0.450,     1.400,     9.130,     1.000,    22.003,     0.000,     0.000,     0.000,     0.000,     0.000,     0.000,     0.000,        35.000,         7.724,     0.029,     0.000,     0.002,     0.013,         1.000,         1.000,         1.000,         1.000,         1.000,         1.000,         1.000,         1.000,         1.000,         0.000,         0.000,         0.000,
     3.572,    23.170,     2.000,    21.551,     0.016,    -0.009,     0.000,     0.450,     1.400,     9.130,     1.000,    22.004,     0.000,     0.000,     0.000,     0.000,     0.000,     0.000,     0.000,        35.000,         7.721,     0.029,     0.000,     0.002,     0.013,         1.000,         1.000,         1.000,         1.000,         1.000,         1.000,         1.000,         1.000,         1.000,         0.000,         0.000,         0.000,
     3.576,    24.669,     2.000,    21.604,     0.016,    -0.002,     0.000,     0.450,     1.400,     9.130,     1.000,    22.009,     0.000,     0.000,     0.000,     0.000,     0.000,     0.000,     0.000,        35.000,         7.718,     0.029,     0.000,     0.002,     0.013,         1.000,         1.000,         1.000,         1.000,         1.000,         1.000,         1.000,         1.000,         1.000,         0.000,         0.000,         0.000,
     3.580,    23.060,     2.000,    21.532,     0.016,     0.008,     0.000,     0.450,     1.400,     9.130,     1.000,    22.002,     0.000,     0.000,     0.000,     0.000,     0.000,     0.000,     0.000,        35.000,         7.715,     0.029,     0.000,     0.002,     0.013,         1.000,         1.000,         1.000,         1.000,         1.000,         1.000,         1.000,         1.000,         1.000,         0.000,         0.000,         0.000,
     3.584,    22.092,     2.000,    21.622,     0.016,     0.014,     0.000,     0.450,     1.400,     9.130,     1.000,    22.013,     0.000,     0.000,     0.000,     0.000,     0.000,     0.000,     0.000,        35.000,         7.711,     0.029,     0.000,     0.002,     0.013,         1.000,         1.000,         1.000,         1.000,         1.000,         1.000,         1.000,         1.000,         1.000,         0.000,         0.000,         0.000,
     3.588,    14.635,     2.000,    21.573,     0.017,     0.013,     0.000,     0.450,     1.400,     9.130,     1.000,    22.009,     0.000,     0.000,     0.000,     0.000,     0.000,     0.000,     0.000,        35.000,         7.708,     0.029,     0.000,     0.002,     0.013,         1.000,         1.000,         1.000,         1.000,         1.000,         1.000,         1.000,         1.000,         1.000,         0.000,         0.000,         0.000,
     3.593,    26.495,     2.000,    21.681,     0.016,     0.009,     0.000,     0.450,     1.400,     9.130,     1.000,    22.022,     0.000,     0.000,     0.000,     0.000,     0.000,     0.000,     0.000,        35.000,         7.705,     0.029,     0.000,     0.002,     0.013,         1.000,         1.000,         1.000,         1.000,         1.000,         1.000,         1.000,         1.000,         1.000,         0.000,         0.000,         0.000,
     3.597,    23.540,     2.000,    21.554,     0.016,     0.001,     0.000,     0.450,     1.400,     9.130,     1.000,    22.007,     0.000,     0.000,     0.000,     0.000,     0.000,     0.000,     0.000,        35.000,         7.702,     0.029,     0.000,     0.002,     0.013,         1.000,         1.000,         1.000,         1.000,         1.000,         1.000,         1.000,         1.000,         1.000,         0.000,         0.000,         0.000,
     3.601,    24.135,     2.000,    21.662,     0.016,    -0.008,     0.000,     0.450,     1.400,     9.130,     1.000,    22.020,     0.000,     0.000,     0.000,     0.000,     0.000,     0.000,     0.000,        35.000,         7.698,     0.029,     0.000,     0.002,     0.013,         1.000,         1.000,         1.000,         1.000,         1.000,         1.000,         1.000,         1.000,         1.000,         0.000,         0.000,         0.000,
     3.605,    23.339,     2.000,    21.571,     0.016,    -0.013,     0.000,     0.450,     1.400,     9.130,     1.000,    22.008,     0.000,     0.000,     0.000,     0.000,     0.000,     0.000,     0.000,        35.000,         7.695,     0.029,     0.000,     0.002,     0.013,         1.000,         1.000,         1.000,         1.000,         1.000,         1.000,         1.000,         1.000,         1.000,         0.000,         0.000,         0.000,
     3.609,    22.051,     2.000,    21.598,     0.016,    -0.013,     0.000,     0.450,     1.400,     9.130,     1.000,    22.010,     0.000,     0.000,     0.000,     0.000,     0.000,     0.000,     0.000,        35.000,         7.692,     0.029,     0.000,     0.002,     0.013,         1.000,         1.000,         1.000,         1.000,         1.000,         1.000,         1.000,         1.000,         1.000,         0.000,         0.000,         0.000,
     3.613,    26.717,     2.000,    21.628,     0.016,    -0.006,     0.000,     0.450,     1.400,     9.130,     1.000,    22.011,     0.000,     0.000,     0.000,     0.000,     0.000,     0.000,     0.000,        35.000,         7.689,     0.029,     0.000,     0.002,     0.013,         1.000,         1.000,         1.000,         1.000,         1.000,         1.000,         1.000,         1.000,         1.000,         0.000,         0.000,         0.000,
     3.618,    27.918,     2.000,    21.531,     0.016,     0.005,     0.000,     0.450,     1.400,     9.130,     1.000,    22.000,     0.000,     0.000,     0.000,     0.000,     0.000,     0.000,     0.000,        35.000,         7.685,     0.029,     0.000,     0.002,     0.013,         1.000,         1.000,         1.000,         1.000,         1.000,         1.000,         1.000,         1.000,         1.000,         0.000,         0.000,         0.000,
     3.622,    24.463,     2.000,    21.679,     0.016,     0.011,     0.000,     0.450,     1.400,     9.130,     1.000,    22.017,     0.000,     0.000,     0.000,     0.000,     0.000,     0.000,     0.000,        35.000,         7.682,     0.029,     0.000,     0.002,     0.013,         1.000,         1.000,         1.000,         1.000,         1.000,         1.000,         1.000,         1.000,         1.000,         0.000,         0.000,         0.000,
     3.626,    24.328,     2.000,    21.540,     0.016,     0.011,     0.000,     0.450,     1.400,     9.130,     1.000,    22.000,     0.000,     0.000,     0.000,     0.000,     0.000,     0.000,     0.000,        35.000,         7.679,     0.029,     0.000,     0.002,     0.013,         1.000,         1.000,         1.000,         1.000,         1.000,         1.000,         1.000,         1.000,         1.000,         0.000,         0.000,         0.000,
     3.630,    21.942,     2.000,    21.583,     0.016,     0.007,     0.000,     0.450,     1.400,     9.130,     1.000,    22.005,     0.000,     0.000,     0.000,     0.000,     0.000,     0.000,     0.000,        35.000,         7.676,     0.029,     0.000,     0.002,     0.013,         1.000,         1.000,         1.000,         1.000,         1.000,         1.000,         1.000,         1.000,         1.000,         0.000,         0.000,         0.000,
     3.634,    21.770,     2.000,    21.524,     0.016,     0.000,     0.000,     0.450,     1.400,     9.130,     1.000,    21.997,     0.000,     0.000,     0.000,     0.000,     0.000,     0.000,     0.000,        35.000,         7.673,     0.029,     0.000,     0.002,     0.013,         1.000,         1.000,         1.000,         1.000,         1.000,         1.000,         1.000,         1.000,         1.000,         0.000,         0.000,         0.000,
     3.638,    21.753,     2.000,    21.588,     0.016,    -0.007,     0.000,     0.450,     1.400,     9.130,     1.000,    22.005,     0.000,     0.000,     0.000,     0.000,     0.000,     0.000,     0.000,        35.000,         7.669,     0.029,     0.000,     0.002,     0.013,         1.000,         1.000,         1.000,         1.000,         1.000,         1.000,         1.000,         1.000,         1.000,         0.000,         0.000,         0.000,
     3.643,    34.802,     2.000,    21.602,     0.015,    -0.013,     0.000,     0.450,     1.400,     9.130,     1.000,    22.006,     0.000,     0.000,     0.000,     0.000,     0.000,     0.000,     0.000,        35.000,         7.666,     0.029,     0.000,     0.002,     0.013,         1.000,         1.000,         1.000,         1.000,         1.000,         1.000,         1.000,         1.000,         1.000,         0.000,         0.000,         0.000,
     3.646,    33.114,     2.000,    21.535,     0.016,    -0.012,     0.000,     0.450,     1.400,     9.130,     1.000,    21.999,     0.000,     0.000,     0.000,     0.000,     0.000,     0.000,     0.000,        35.000,         7.663,     0.029,     0.000,     0.002,     0.013,         1.000,         1.000,         1.000,         1.000,         1.000,         1.000,         1.000,         1.000,         1.000,         0.000,         0.000,         0.000,
     3.651,    31.463,     2.000,    21.604,     0.016,     0.001,     0.000,     0.450,     1.400,     9.130,     1.000,    22.009,     0.000,     0.000,     0.000,     0.000,     0.000,     0.000,     0.000,        35.000,         7.659,     0.029,     0.000,     0.002,     0.013,         1.000,         1.000,         1.000,         1.000,         1.000,         1.000,         1.000,         1.000,         1.000,         0.000,         0.000,         0.000,
     3.655,    23.785,     2.000,    21.498,     0.016,     0.012,     0.000,     0.450,     1.400,     9.130,     1.000,    21.997,     0.000,     0.000,     0.000,     0.000,     0.000,     0.000,     0.000,        35.000,         7.656,     0.030,     0.000,     0.002,     0.013,         1.000,         1.000,         1.000,         1.000,         1.000,         1.000,         1.000,         1.000,         1.000,         0.000,         0.000,         0.000,
     3.659,    22.475,     2.000,    21.587,     0.017,     0.013,     0.000,     0.450,     1.400,     9.130,     1.000,    22.008,     0.000,     0.000,     0.000,     0.000,     0.000,     0.000,     0.000,        35.000,         7.653,     0.030,     0.000,     0.002,     0.013,         1.000,         1.000,         1.000,         1.000,         1.000,         1.000,         1.000,         1.000,         1.000,         0.000,         0.000,         0.000,
     3.663,    18.250,     2.000,    21.713,     0.016,     0.008,     0.000,     0.450,     1.400,     9.130,     1.000,    22.025,     0.000,     0.000,     0.000,     0.000,     0.000,     0.000,     0.000,        35.000,         7.650,     0.030,     0.000,     0.002,     0.013,         1.000,         1.000,         1.000,         1.000,         1.000,         1.000,         1.000,         1.000,         1.000,         0.000,         0.000,         0.000,
     3.667,    23.806,     2.000,    21.588,     0.016,     0.000,     0.000,     0.450,     1.400,     9.130,     1.000,    22.010,     0.000,     0.000,     0.000,     0.000,     0.000,     0.000,     0.000,        35.000,         7.647,     0.030,     0.000,     0.002,     0.013,         1.000,         1.000,         1.000,         1.000,         1.000,         1.000,         1.000,         1.000,         1.000,         0.000,         0.000,         0.000,
     3.672,    22.028,     2.000,    21.661,     0.016,    -0.005,     0.000,     0.450,     1.400,     9.130,     1.000,    22.019,     0.000,     0.000,     0.000,     0.000,     0.000,     0.000,     0.000,        35.000,         7.644,     0.030,     0.000,     0.002,     0.013,         1.000,         1.000,         1.000,         1.000,         1.000,         1.000,         1.000,         1.000,         1.000,         0.000,         0.000,         0.000,
     3.676,    26.151,     2.000,    21.579,     0.016,    -0.012,     0.000,     0.450,     1.400,     9.130,     1.000,    22.010,     0.000,     0.000,     0.000,     0.000,     0.000,     0.000,     0.000,        35.000,         7.640,     0.030,     0.000,     0.002,     0.013,         1.000,         1.000,         1.000,         1.000,         1.000,         1.000,         1.000,         1.000,         1.000,         0.000,         0.000,         0.000,
     3.680,    26.969,     2.000,    21.645,     0.016,    -0.016,     0.000,     0.450,     1.400,     9.130,     1.000,    22.020,     0.000,     0.000,     0.000,     0.000,     0.000,     0.000,     0.000,        35.000,         7.637,     0.030,     0.000,     0.002,     0.013,         1.000,         1.000,         1.000,         1.000,         1.000,         1.000,         1.000,         1.000,         1.000,         0.000,         0.000,         0.000,
     3.684,    24.925,     2.000,    21.564,     0.016,    -0.014,     0.000,     0.450,     1.400,     9.130,     1.000,    22.009,     0.000,     0.000,     0.000,     0.000,     0.000,     0.000,     0.000,        35.000,         7.634,     0.030,     0.000,     0.002,     0.013,         1.000,         1.000,         1.000,         1.000,         1.000,         1.000,         1.000,         1.000,         1.000,         0.000,         0.000,         0.000,
     3.688,    24.251,     2.000,    21.691,     0.016,    -0.003,     0.000,     0.450,     1.400,     9.130,     1.000,    22.025,     0.000,     0.000,     0.000,     0.000,     0.000,     0.000,     0.000,        35.000,         7.631,     0.030,     0.000,     0.002,     0.013,         1.000,         1.000,         1.000,         1.000,         1.000,         1.000,         1.000,         1.000,         1.000,         0.000,         0.000,         0.000,
     3.692,    25.387,     2.000,    21.486,     0.017,     0.010,     0.000,     0.450,     1.400,     9.130,     1.000,    21.997,     0.000,     0.000,     0.000,     0.000,     0.000,     0.000,     0.000,        35.000,         7.627,     0.030,     0.000,     0.002,     0.013,         1.000,         1.000,         1.000,         1.000,         1.000,         1.000,         1.000,         1.000,         1.000,         0.000,         0.000,         0.000,
     3.697,    26.024,     2.000,    21.636,     0.017,     0.014,     0.000,     0.450,     1.400,     9.130,     1.000,    22.021,     0.000,     0.000,     0.000,     0.000,     0.000,     0.000,     0.000,        35.000,         7.624,     0.030,     0.000,     0.002,     0.013,         1.000,         1.000,         1.000,         1.000,         1.000,         1.000,         1.000,         1.000,         1.000,         0.000,         0.000,         0.000,
     3.701,    25.798,     2.000,    21.717,     0.017,     0.013,     0.000,     0.450,     1.400,     9.130,     1.000,    22.032,     0.000,     0.000,     0.000,     0.000,     0.000,     0.000,     0.000,        35.000,         7.621,     0.030,     0.000,     0.002,     0.013,         1.000,         1.000,         1.000,         1.000,         1.000,         1.000,         1.000,         1.000,         1.000,         0.000,         0.000,         0.000,
     3.705,    23.880,     2.000,    21.511,     0.017,     0.009,     0.000,     0.450,     1.400,     9.130,     1.000,    22.002,     0.000,     0.000,     0.000,     0.000,     0.000,     0.000,     0.000,        35.000,         7.618,     0.030,     0.000,     0.002,     0.013,         1.000,         1.000,         1.000,         1.000,         1.000,         1.000,         1.000,         1.000,         1.000,         0.000,         0.000,         0.000,
     3.709,    23.673,     2.000,    21.653,     0.017,     0.002,     0.000,     0.450,     1.400,     9.130,     1.000,    22.022,     0.000,     0.000,     0.000,     0.000,     0.000,     0.000,     0.000,        35.000,         7.615,     0.030,     0.000,     0.002,     0.014,         1.000,         1.000,         1.000,         1.000,         1.000,         1.000,         1.000,         1.000,         1.000,         0.000,         0.000,         0.000,
     3.713,    23.090,     2.000,    21.666,     0.016,    -0.006,     0.000,     0.450,     1.400,     9.130,     1.000,    22.025,     0.000,     0.000,     0.000,     0.000,     0.000,     0.000,     0.000,        35.000,         7.611,     0.030,     0.000,     0.002,     0.014,         1.000,         1.000,         1.000,         1.000,         1.000,         1.000,         1.000,         1.000,         1.000,         0.000,         0.000,         0.000,
     3.717,    22.176,     2.000,    21.592,     0.016,    -0.012,     0.000,     0.450,     1.400,     9.130,     1.000,    22.008,     0.000,     0.000,     0.000,     0.000,     0.000,     0.000,     0.000,        35.000,         7.608,     0.030,     0.000,     0.002,     0.014,         1.000,         1.000,         1.000,         1.000,         1.000,         1.000,         1.000,         1.000,         1.000,         0.000,         0.000,         0.000,
     3.722,    27.503,     2.000,    21.593,     0.016,    -0.013,     0.000,     0.450,     1.400,     9.130,     1.000,    22.010,     0.000,     0.000,     0.000,     0.000,     0.000,     0.000,     0.000,        35.000,         7.605,     0.030,     0.000,     0.002,     0.014,         1.000,         1.000,         1.000,         1.000,         1.000,         1.000,         1.000,         1.000,         1.000,         0.000,         0.000,         0.000,
     3.726,    30.666,     2.000,    21.657,     0.015,    -0.005,     0.000,     0.450,     1.400,     9.130,     1.000,    22.012,     0.000,     0.000,     0.000,     0.000,     0.000,     0.000,     0.000,        35.000,         7.602,     0.030,     0.000,     0.002,     0.014,         1.000,         1.000,         1.000,         1.000,         1.000,         1.000,         1.000,         1.000,         1.000,         0.000,         0.000,         0.000,
     3.730,    24.163,     2.000,    21.449,     0.016,     0.006,     0.000,     0.450,     1.400,     9.130,     1.000,    21.980,     0.000,     0.000,     0.000,     0.000,     0.000,     0.000,     0.000,        35.000,         7.599,     0.030,     0.000,     0.002,     0.014,         1.000,         1.000,         1.000,         1.000,         1.000,         1.000,         1.000,         1.000,         1.000,         0.000,         0.000,         0.000,
     3.734,    22.741,     2.000,    21.568,     0.017,     0.012,     0.000,     0.450,     1.400,     9.130,     1.000,    22.005,     0.000,     0.000,     0.000,     0.000,     0.000,     0.000,     0.000,        35.000,         7.595,     0.030,     0.000,     0.002,     0.014,         1.000,         1.000,         1.000,         1.000,         1.000,         1.000,         1.000,         1.000,         1.000,         0.000,         0.000,         0.000,
     3.738,    19.909,     2.000,    21.640,     0.016,     0.011,     0.000,     0.450,     1.400,     9.130,     1.000,    22.012,     0.000,     0.000,     0.000,     0.000,     0.000,     0.000,     0.000,        35.000,         7.592,     0.030,     0.000,     0.002,     0.014,         1.000,         1.000,         1.000,         1.000,         1.000,         1.000,         1.000,         1.000,         1.000,         0.000,         0.000,         0.000,
     3.742,    25.493,     2.000,    21.546,     0.016,     0.004,     0.000,     0.450,     1.400,     9.130,     1.000,    22.001,     0.000,     0.000,     0.000,     0.000,     0.000,     0.000,     0.000,        35.000,         7.589,     0.030,     0.000,     0.002,     0.014,         1.000,         1.000,         1.000,         1.000,         1.000,         1.000,         1.000,         1.000,         1.000,         0.000,         0.000,         0.000,
     3.747,    27.375,     2.000,    21.598,     0.016,    -0.002,     0.000,     0.450,     1.400,     9.130,     1.000,    22.005,     0.000,     0.000,     0.000,     0.000,     0.000,     0.000,     0.000,        35.000,         7.586,     0.030,     0.000,     0.002,     0.014,         1.000,         1.000,         1.000,         1.000,         1.000,         1.000,         1.000,         1.000,         1.000,         0.000,         0.000,         0.000,
     3.751,    17.514,     2.000,    21.523,     0.016,    -0.005,     0.000,     0.450,     1.400,     9.130,     1.000,    22.002,     0.000,     0.000,     0.000,     0.000,     0.000,     0.000,     0.000,        35.000,         7.583,     0.030,     0.000,     0.002,     0.014,         1.000,         1.000,         1.000,         1.000,         1.000,         1.000,         1.000,         1.000,         1.000,         0.000,         0.000,         0.000,
     3.755,    22.045,     2.000,    21.650,     0.016,    -0.010,     0.000,     0.450,     1.400,     9.130,     1.000,    22.020,     0.000,     0.000,     0.000,     0.000,     0.000,     0.000,     0.000,        35.000,         7.579,     0.030,     0.000,     0.002,     0.014,         1.000,         1.000,         1.000,         1.000,         1.000,         1.000,         1.000,         1.000,         1.000,         0.000,         0.000,         0.000,
     3.759,    23.652,     2.000,    21.628,     0.016,    -0.009,     0.000,     0.450,     1.400,     9.130,     1.000,    22.010,     0.000,     0.000,     0.000,     0.000,     0.000,     0.000,     0.000,        35.000,         7.576,     0.030,     0.000,     0.002,     0.014,         1.000,         1.000,         1.000,         1.000,         1.000,         1.000,         1.000,         1.000,         1.000,         0.000,         0.000,         0.000,
     3.763,    23.514,     2.000,    21.525,     0.016,    -0.008,     0.000,     0.450,     1.400,     9.130,     1.000,    22.001,     0.000,     0.000,     0.000,     0.000,     0.000,     0.000,     0.000,        35.000,         7.573,     0.031,     0.000,     0.002,     0.014,         1.000,         1.000,         1.000,         1.000,         1.000,         1.000,         1.000,         1.000,         1.000,         0.000,         0.000,         0.000,
     3.767,    22.416,     2.000,    21.582,     0.016,    -0.004,     0.000,     0.450,     1.400,     9.130,     1.000,    22.008,     0.000,     0.000,     0.000,     0.000,     0.000,     0.000,     0.000,        35.000,         7.570,     0.031,     0.000,     0.002,     0.014,         1.000,         1.000,         1.000,         1.000,         1.000,         1.000,         1.000,         1.000,         1.000,         0.000,         0.000,         0.000,
     3.772,    21.798,     2.000,    21.686,     0.016,     0.002,     0.000,     0.450,     1.400,     9.130,     1.000,    22.018,     0.000,     0.000,     0.000,     0.000,     0.000,     0.000,     0.000,        35.000,         7.567,     0.031,     0.000,     0.002,     0.014,         1.000,         1.000,         1.000,         1.000,         1.000,         1.000,         1.000,         1.000,         1.000,         0.000,         0.000,         0.000,
     3.776,    21.951,     2.000,    21.496,     0.016,     0.008,     0.000,     0.450,     1.400,     9.130,     1.000,    21.994,     0.000,     0.000,     0.000,     0.000,     0.000,     0.000,     0.000,        35.000,         7.564,     0.031,     0.000,     0.002,     0.014,         1.000,         1.000,         1.000,         1.000,         1.000,         1.000,         1.000,         1.000,         1.000,         0.000,         0.000,         0.000,
     3.780,    22.053,     2.000,    21.580,     0.016,     0.010,     0.000,     0.450,     1.400,     9.130,     1.000,    22.004,     0.000,     0.000,     0.000,     0.000,     0.000,     0.000,     0.000,        35.000,         7.560,     0.031,     0.000,     0.002,     0.014,         1.000,         1.000,         1.000,         1.000,         1.000,         1.000,         1.000,         1.000,         1.000,         0.000,         0.000,         0.000,
     3.784,    21.295,     2.000,    21.675,     0.016,     0.010,     0.000,     0.450,     1.400,     9.130,     1.000,    22.014,     0.000,     0.000,     0.000,     0.000,     0.000,     0.000,     0.000,        35.000,         7.557,     0.031,     0.000,     0.002,     0.014,         1.000,         1.000,         1.000,         1.000,         1.000,         1.000,         1.000,         1.000,         1.000,         0.000,         0.000,         0.000,
     3.788,    20.344,     2.000,    21.531,     0.016,     0.008,     0.000,     0.450,     1.400,     9.130,     1.000,    21.995,     0.000,     0.000,     0.000,     0.000,     0.000,     0.000,     0.000,        35.000,         7.554,     0.031,     0.000,     0.002,     0.014,         1.000,         1.000,         1.000,         1.000,         1.000,         1.000,         1.000,         1.000,         1.000,         0.000,         0.000,         0.000,
     3.793,    21.273,     2.000,    21.576,     0.016,     0.003,     0.000,     0.450,     1.400,     9.130,     1.000,    22.000,     0.000,     0.000,     0.000,     0.000,     0.000,     0.000,     0.000,        35.000,         7.551,     0.031,     0.000,     0.002,     0.014,         1.000,         1.000,         1.000,         1.000,         1.000,         1.000,         1.000,         1.000,         1.000,         0.000,         0.000,         0.000,
     3.797,    15.056,     2.000,    21.561,     0.015,    -0.005,     0.000,     0.450,     1.400,     9.130,     1.000,    21.998,     0.000,     0.000,     0.000,     0.000,     0.000,     0.000,     0.000,        35.000,         7.548,     0.031,     0.000,     0.002,     0.014,         1.000,         1.000,         1.000,         1.000,         1.000,         1.000,         1.000,         1.000,         1.000,         0.000,         0.000,         0.000,
     3.801,    28.555,     2.000,    21.578,     0.015,    -0.014,     0.000,     0.450,     1.400,     9.130,     1.000,    22.000,     0.000,     0.000,     0.000,     0.000,     0.000,     0.000,     0.000,        35.000,         7.544,     0.031,     0.000,     0.002,     0.014,         1.000,         1.000,         1.000,         1.000,         1.000,         1.000,         1.000,         1.000,         1.000,         0.000,         0.000,         0.000,
     3.805,    30.379,     2.000,    21.524,     0.015,    -0.013,     0.000,     0.450,     1.400,     9.130,     1.000,    21.994,     0.000,     0.000,     0.000,     0.000,     0.000,     0.000,     0.000,        35.000,         7.541,     0.031,     0.000,     0.002,     0.014,         1.000,         1.000,         1.000,         1.000,         1.000,         1.000,         1.000,         1.000,         1.000,         0.000,         0.000,         0.000,
     3.809,    25.492,     2.000,    21.590,     0.015,    -0.007,     0.000,     0.450,     1.400,     9.130,     1.000,    22.001,     0.000,     0.000,     0.000,     0.000,     0.000,     0.000,     0.000,        35.000,         7.538,     0.031,     0.000,     0.002,     0.014,         1.000,         1.000,         1.000,         1.000,         1.000,         1.000,         1.000,         1.000,         1.000,         0.000,         0.000,         0.000,
     3.813,    22.802,     2.000,    21.523,     0.016,     0.002,     0.000,     0.450,     1.400,     9.130,     1.000,    21.994,     0.000,     0.000,     0.000,     0.000,     0.000,     0.000,     0.000,        35.000,         7.535,     0.031,     0.000,     0.002,     0.014,         1.000,         1.000,         1.000,         1.000,         1.000,         1.000,         1.000,         1.000,         1.000,         0.000,         0.000,         0.000,
     3.818,    17.156,     2.000,    21.572,     0.016,     0.006,     0.000,     0.450,     1.400,     9.130,     1.000,    21.999,     0.000,     0.000,     0.000,     0.000,     0.000,     0.000,     0.000,        35.000,         7.532,     0.031,     0.000,     0.002,     0.014,         1.000,         1.000,         1.000,         1.000,         1.000,         1.000,         1.000,         1.000,         1.000,         0.000,         0.000,         0.000,
     3.822,    21.660,     2.000,    21.556,     0.016,     0.006,     0.000,     0.450,     1.400,     9.130,     1.000,    21.997,     0.000,     0.000,     0.000,     0.000,     0.000,     0.000,     0.000,        35.000,         7.528,     0.031,     0.000,     0.002,     0.014,         1.000,         1.000,         1.000,         1.000,         1.000,         1.000,         1.000,         1.000,         1.000,         0.000,         0.000,         0.000,
     3.826,    22.405,     2.000,    21.575,     0.016,     0.007,     0.000,     0.450,     1.400,     9.130,     1.000,    22.000,     0.000,     0.000,     0.000,     0.000,     0.000,     0.000,     0.000,        35.000,         7.525,     0.031,     0.000,     0.002,     0.014,         1.000,         1.000,         1.000,         1.000,         1.000,         1.000,         1.000,         1.000,         1.000,         0.000,         0.000,         0.000,
     3.830,    28.224,     2.000,    21.720,     0.016,     0.004,     0.000,     0.450,     1.400,     9.130,     1.000,    22.019,     0.000,     0.000,     0.000,     0.000,     0.000,     0.000,     0.000,        35.000,         7.522,     0.031,     0.000,     0.002,     0.014,         1.000,         1.000,         1.000,         1.000,         1.000,         1.000,         1.000,         1.000,         1.000,         0.000,         0.000,         0.000,
     3.834,    15.196,     2.000,    21.541,     0.016,    -0.000,     0.000,     0.450,     1.400,     9.130,     1.000,    21.999,     0.000,     0.000,     0.000,     0.000,     0.000,     0.000,     0.000,        35.000,         7.519,     0.031,     0.000,     0.002,     0.014,         1.000,         1.000,         1.000,         1.000,         1.000,         1.000,         1.000,         1.000,         1.000,         0.000,         0.000,         0.000,
     3.838,    24.696,     2.000,    21.640,     0.016,    -0.006,     0.000,     0.450,     1.400,     9.130,     1.000,    22.012,     0.000,     0.000,     0.000,     0.000,     0.000,     0.000,     0.000,        35.000,         7.516,     0.031,     0.000,     0.002,     0.014,         1.000,         1.000,         1.000,         1.000,         1.000,         1.000,         1.000,         1.000,         1.000,         0.000,         0.000,         0.000,
     3.842,    14.889,     2.000,    21.594,     0.016,    -0.006,     0.000,     0.450,     1.400,     9.130,     1.000,    22.001,     0.000,     0.000,     0.000,     0.000,     0.000,     0.000,     0.000,        35.000,         7.513,     0.031,     0.000,     0.003,     0.014,         1.000,         1.000,         1.000,         1.000,         1.000,         1.000,         1.000,         1.000,         1.000,         0.000,         0.000,         0.000,
     3.847,    22.010,     2.000,    21.597,     0.016,    -0.002,     0.000,     0.450,     1.400,     9.130,     1.000,    22.005,     0.000,     0.000,     0.000,     0.000,     0.000,     0.000,     0.000,        35.000,         7.509,     0.031,     0.000,     0.003,     0.014,         1.000,         1.000,         1.000,         1.000,         1.000,         1.000,         1.000,         1.000,         1.000,         0.000,         0.000,         0.000,
     3.851,    21.221,     2.000,    21.682,     0.016,     0.002,     0.000,     0.450,     1.400,     9.130,     1.000,    22.015,     0.000,     0.000,     0.000,     0.000,     0.000,     0.000,     0.000,        35.000,         7.506,     0.031,     0.000,     0.003,     0.014,         1.000,         1.000,         1.000,         1.000,         1.000,         1.000,         1.000,         1.000,         1.000,         0.000,         0.000,         0.000,
     3.855,    21.639,     2.000,    21.538,     0.016,     0.005,     0.000,     0.450,     1.400,     9.130,     1.000,    21.996,     0.000,     0.000,     0.000,     0.000,     0.000,     0.000,     0.000,        35.000,         7.503,     0.031,     0.000,     0.003,     0.014,         1.000,         1.000,         1.000,         1.000,         1.000,         1.000,         1.000,         1.000,         1.000,         0.000,         0.000,         0.000,
     3.859,    24.758,     2.000,    21.626,     0.016,     0.001,     0.000,     0.450,     1.400,     9.130,     1.000,    22.008,     0.000,     0.000,     0.000,     0.000,     0.000,     0.000,     0.000,        35.000,         7.500,     0.031,     0.000,     0.003,     0.014,         1.000,         1.000,         1.000,         1.000,         1.000,         1.000,         1.000,         1.000,         1.000,         0.000,         0.000,         0.000,
     3.863,    26.348,     2.000,    21.651,     0.016,     0.000,     0.000,     0.450,     1.400,     9.130,     1.000,    22.005,     0.000,     0.000,     0.000,     0.000,     0.000,     0.000,     0.000,        35.000,         7.497,     0.031,     0.000,     0.003,     0.014,         1.000,         1.000,         1.000,         1.000,         1.000,         1.000,         1.000,         1.000,         1.000,         0.000,         0.000,         0.000,
     3.867,    24.352,     2.000,    21.473,     0.017,    -0.001,     0.000,     0.450,     1.400,     9.130,     1.000,    21.989,     0.000,     0.000,     0.000,     0.000,     0.000,     0.000,     0.000,        35.000,         7.494,     0.032,     0.000,     0.003,     0.014,         1.000,         1.000,         1.000,         1.000,         1.000,         1.000,         1.000,         1.000,         1.000,         0.000,         0.000,         0.000,
     3.872,    26.404,     2.000,    21.627,     0.016,    -0.004,     0.000,     0.450,     1.400,     9.130,     1.000,    22.009,     0.000,     0.000,     0.000,     0.000,     0.000,     0.000,     0.000,        35.000,         7.491,     0.032,     0.000,     0.003,     0.014,         1.000,         1.000,         1.000,         1.000,         1.000,         1.000,         1.000,         1.000,         1.000,         0.000,         0.000,         0.000,
     3.876,    13.186,     2.000,    21.620,     0.015,    -0.002,     0.000,     0.450,     1.400,     9.130,     1.000,    22.001,     0.000,     0.000,     0.000,     0.000,     0.000,     0.000,     0.000,        35.000,         7.487,     0.032,     0.000,     0.003,     0.014,         1.000,         1.000,         1.000,         1.000,         1.000,         1.000,         1.000,         1.000,         1.000,         0.000,         0.000,         0.000,
     3.880,    22.186,     2.000,    21.523,     0.015,     0.001,     0.000,     0.450,     1.400,     9.130,     1.000,    21.989,     0.000,     0.000,     0.000,     0.000,     0.000,     0.000,     0.000,        35.000,         7.484,     0.032,     0.000,     0.003,     0.014,         1.000,         1.000,         1.000,         1.000,         1.000,         1.000,         1.000,         1.000,         1.000,         0.000,         0.000,         0.000,
     3.884,    22.226,     2.000,    21.597,     0.015,     0.002,     0.000,     0.450,     1.400,     9.130,     1.000,    21.999,     0.000,     0.000,     0.000,     0.000,     0.000,     0.000,     0.000,        35.000,         7.481,     0.032,     0.000,     0.003,     0.014,         1.000,         1.000,         1.000,         1.000,         1.000,         1.000,         1.000,         1.000,         1.000,         0.000,         0.000,         0.000,
     3.888,    19.478,     2.000,    21.497,     0.015,     0.005,     0.000,     0.450,     1.400,     9.130,     1.000,    21.986,     0.000,     0.000,     0.000,     0.000,     0.000,     0.000,     0.000,        35.000,         7.478,     0.032,     0.000,     0.003,     0.014,         1.000,         1.000,         1.000,         1.000,         1.000,         1.000,         1.000,         1.000,         1.000,         0.000,         0.000,         0.000,
     3.893,    21.554,     2.000,    21.544,     0.015,     0.005,     0.000,     0.450,     1.400,     9.130,     1.000,    21.990,     0.000,     0.000,     0.000,     0.000,     0.000,     0.000,     0.000,        35.000,         7.475,     0.032,     0.000,     0.003,     0.014,         1.000,         1.000,         1.000,         1.000,         1.000,         1.000,         1.000,         1.000,         1.000,         0.000,         0.000,         0.000,
     3.897,    21.971,     2.000,    21.532,     0.015,     0.001,     0.000,     0.450,     1.400,     9.130,     1.000,    21.986,     0.000,     0.000,     0.000,     0.000,     0.000,     0.000,     0.000,        35.000,         7.472,     0.032,     0.000,     0.003,     0.014,         1.000,         1.000,         1.000,         1.000,         1.000,         1.000,         1.000,         1.000,         1.000,         0.000,         0.000,         0.000,
     3.901,    22.597,     2.000,    21.533,     0.015,    -0.005,     0.000,     0.450,     1.400,     9.130,     1.000,    21.988,     0.000,     0.000,     0.000,     0.000,     0.000,     0.000,     0.000,        35.000,         7.468,     0.032,     0.000,     0.003,     0.014,         1.000,         1.000,         1.000,         1.000,         1.000,         1.000,         1.000,         1.000,         1.000,         0.000,         0.000,         0.000,
     3.905,    26.538,     2.000,    21.585,     0.015,    -0.008,     0.000,     0.450,     1.400,     9.130,     1.000,    21.995,     0.000,     0.000,     0.000,     0.000,     0.000,     0.000,     0.000,        35.000,         7.465,     0.032,     0.000,     0.003,     0.014,         1.000,         1.000,         1.000,         1.000,         1.000,         1.000,         1.000,         1.000,         1.000,         0.000,         0.000,         0.000,
     3.909,    22.052,     2.000,    21.638,     0.015,    -0.007,     0.000,     0.450,     1.400,     9.130,     1.000,    22.001,     0.000,     0.000,     0.000,     0.000,     0.000,     0.000,     0.000,        35.000,         7.462,     0.032,     0.000,     0.003,     0.014,         1.000,         1.000,         1.000,         1.000,         1.000,         1.000,         1.000,         1.000,         1.000,         0.000,         0.000,         0.000,
     3.913,    20.722,     2.000,    21.545,     0.015,    -0.003,     0.000,     0.450,     1.400,     9.130,     1.000,    21.992,     0.000,     0.000,     0.000,     0.000,     0.000,     0.000,     0.000,        35.000,         7.459,     0.032,     0.000,     0.003,     0.014,         1.000,         1.000,         1.000,         1.000,         1.000,         1.000,         1.000,         1.000,         1.000,         0.000,         0.000,         0.000,
     3.918,    20.827,     2.000,    21.619,     0.016,     0.001,     0.000,     0.450,     1.400,     9.130,     1.000,    22.002,     0.000,     0.000,     0.000,     0.000,     0.000,     0.000,     0.000,        35.000,         7.456,     0.032,     0.000,     0.003,     0.014,         1.000,         1.000,         1.000,         1.000,         1.000,         1.000,         1.000,         1.000,         1.000,         0.000,         0.000,         0.000,
     3.922,    22.995,     2.000,    21.499,     0.016,     0.004,     0.000,     0.450,     1.400,     9.130,     1.000,    21.988,     0.000,     0.000,     0.000,     0.000,     0.000,     0.000,     0.000,        35.000,         7.453,     0.032,     0.000,     0.003,     0.014,         1.000,         1.000,         1.000,         1.000,         1.000,         1.000,         1.000,         1.000,         1.000,         0.000,         0.000,         0.000,
     3.926,    22.567,     2.000,    21.610,     0.016,     0.006,     0.000,     0.450,     1.400,     9.130,     1.000,    22.004,     0.000,     0.000,     0.000,     0.000,     0.000,     0.000,     0.000,        35.000,         7.450,     0.032,     0.000,     0.003,     0.014,         1.000,         1.000,         1.000,         1.000,         1.000,         1.000,         1.000,         1.000,         1.000,         0.000,         0.000,         0.000,
     3.930,    22.536,     2.000,    21.658,     0.016,     0.009,     0.000,     0.450,     1.400,     9.130,     1.000,    22.010,     0.000,     0.000,     0.000,     0.000,     0.000,     0.000,     0.000,        35.000,         7.446,     0.032,     0.000,     0.003,     0.014,         1.000,         1.000,         1.000,         1.000,         1.000,         1.000,         1.000,         1.000,         1.000,         0.000,         0.000,         0.000,
     3.934,    20.687,     2.000,    21.505,     0.016,     0.005,     0.000,     0.450,     1.400,     9.130,     1.000,    21.992,     0.000,     0.000,     0.000,     0.000,     0.000,     0.000,     0.000,        35.000,         7.443,     0.032,     0.000,     0.003,     0.014,         1.000,         1.000,         1.000,         1.000,         1.000,         1.000,         1.000,         1.000,         1.000,         0.000,         0.000,         0.000,
     3.939,    22.325,     2.000,    21.644,     0.016,    -0.007,     0.000,     0.450,     1.400,     9.130,     1.000,    22.011,     0.000,     0.000,     0.000,     0.000,     0.000,     0.000,     0.000,        35.000,         7.440,     0.032,     0.000,     0.003,     0.014,         1.000,         1.000,         1.000,         1.000,         1.000,         1.000,         1.000,         1.000,         1.000,         0.000,         0.000,         0.000,
     3.943,    21.545,     2.000,    21.645,     0.016,    -0.014,     0.000,     0.450,     1.400,     9.130,     1.000,    22.008,     0.000,     0.000,     0.000,     0.000,     0.000,     0.000,     0.000,        35.000,         7.437,     0.032,     0.000,     0.003,     0.014,         1.000,         1.000,         1.000,         1.000,         1.000,         1.000,         1.000,         1.000,         1.000,         0.000,         0.000,         0.000,
     3.947,    21.116,     2.000,    21.506,     0.016,    -0.013,     0.000,     0.450,     1.400,     9.130,     1.000,    21.991,     0.000,     0.000,     0.000,     0.000,     0.000,     0.000,     0.000,        35.000,         7.434,     0.032,     0.000,     0.003,     0.015,         1.000,         1.000,         1.000,         1.000,         1.000,         1.000,         1.000,         1.000,         1.000,         0.000,         0.000,         0.000,
     3.951,    21.977,     2.000,    21.644,     0.016,    -0.006,     0.000,     0.450,     1.400,     9.130,     1.000,    22.011,     0.000,     0.000,     0.000,     0.000,     0.000,     0.000,     0.000,        35.000,         7.431,     0.032,     0.000,     0.003,     0.015,         1.000,         1.000,         1.000,         1.000,         1.000,         1.000,         1.000,         1.000,         1.000,         0.000,         0.000,         0.000,
     3.955,    22.133,     2.000,    21.640,     0.016,     0.002,     0.000,     0.450,     1.400,     9.130,     1.000,    22.005,     0.000,     0.000,     0.000,     0.000,     0.000,     0.000,     0.000,        35.000,         7.428,     0.032,     0.000,     0.003,     0.015,         1.000,         1.000,         1.000,         1.000,         1.000,         1.000,         1.000,         1.000,         1.000,         0.000,         0.000,         0.000,
     3.959,    22.571,     2.000,    21.574,     0.017,     0.008,     0.000,     0.450,     1.400,     9.130,     1.000,    21.997,     0.000,     0.000,     0.000,     0.000,     0.000,     0.000,     0.000,        35.000,         7.425,     0.032,     0.000,     0.003,     0.015,         1.000,         1.000,         1.000,         1.000,         1.000,         1.000,         1.000,         1.000,         1.000,         0.000,         0.000,         0.000,
     3.963,    14.118,     2.000,    21.731,     0.016,     0.014,     0.000,     0.450,     1.400,     9.130,     1.000,    22.017,     0.000,     0.000,     0.000,     0.000,     0.000,     0.000,     0.000,        35.000,         7.422,     0.032,     0.000,     0.003,     0.015,         1.000,         1.000,         1.000,         1.000,         1.000,         1.000,         1.000,         1.000,         1.000,         0.000,         0.000,         0.000,
     3.968,    22.908,     2.000,    21.515,     0.017,     0.016,     0.000,     0.450,     1.400,     9.130,     1.000,    21.990,     0.000,     0.000,     0.000,     0.000,     0.000,     0.000,     0.000,        35.000,         7.418,     0.032,     0.000,     0.003,     0.015,         1.000,         1.000,         1.000,         1.000,         1.000,         1.000,         1.000,         1.000,         1.000,         0.000,         0.000,         0.000,
     3.972,    29.048,     2.000,    21.610,     0.016,     0.009,     0.000,     0.450,     1.400,     9.130,     1.000,    22.001,     0.000,     0.000,     0.000,     0.000,     0.000,     0.000,     0.000,        35.000,         7.415,     0.032,     0.000,     0.003,     0.015,         1.000,         1.000,         1.000,         1.000,         1.000,         1.000,         1.000,         1.000,         1.000,         0.000,         0.000,         0.000,
     3.976,    23.865,     2.000,    21.562,     0.016,    -0.002,     0.000,     0.450,     1.400,     9.130,     1.000,    21.994,     0.000,     0.000,     0.000,     0.000,     0.000,     0.000,     0.000,        35.000,         7.412,     0.033,     0.000,     0.003,     0.015,         1.000,         1.000,         1.000,         1.000,         1.000,         1.000,         1.000,         1.000,         1.000,         0.000,         0.000,         0.000,
     3.980,    25.624,     2.000,    21.603,     0.016,    -0.013,     0.000,     0.450,     1.400,     9.130,     1.000,    21.998,     0.000,     0.000,     0.000,     0.000,     0.000,     0.000,     0.000,        35.000,         7.409,     0.033,     0.000,     0.003,     0.015,         1.000,         1.000,         1.000,         1.000,         1.000,         1.000,         1.000,         1.000,         1.000,         0.000,         0.000,         0.000,
     3.984,    23.938,     2.000,    21.629,     0.015,    -0.012,     0.000,     0.450,     1.400,     9.130,     1.000,    21.996,     0.000,     0.000,     0.000,     0.000,     0.000,     0.000,     0.000,        35.000,         7.406,     0.033,     0.000,     0.003,     0.015,         1.000,         1.000,         1.000,         1.000,         1.000,         1.000,         1.000,         1.000,         1.000,         0.000,         0.000,         0.000,
     3.989,    21.680,     2.000,    21.538,     0.016,    -0.009,     0.000,     0.450,     1.400,     9.130,     1.000,    21.988,     0.000,     0.000,     0.000,     0.000,     0.000,     0.000,     0.000,        35.000,         7.403,     0.033,     0.000,     0.003,     0.015,         1.000,         1.000,         1.000,         1.000,         1.000,         1.000,         1.000,         1.000,         1.000,         0.000,         0.000,         0.000,
     3.993,    13.361,     2.000,    21.629,     0.016,    -0.006,     0.000,     0.450,     1.400,     9.130,     1.000,    22.001,     0.000,     0.000,     0.000,     0.000,     0.000,     0.000,     0.000,        35.000,         7.400,     0.033,     0.000,     0.003,     0.015,         1.000,         1.000,         1.000,         1.000,         1.000,         1.000,         1.000,         1.000,         1.000,         0.000,         0.000,         0.000,
     3.997,    27.486,     2.000,    21.638,     0.015,     0.000,     0.000,     0.450,     1.400,     9.130,     1.000,    21.998,     0.000,     0.000,     0.000,     0.000,     0.000,     0.000,     0.000,        35.000,         7.396,     0.033,     0.000,     0.003,     0.015,         1.000,         1.000,         1.000,         1.000,         1.000,         1.000,         1.000,         1.000,         1.000,         0.000,         0.000,         0.000,
     4.001,    24.920,     2.000,    21.538,     0.016,     0.007,     0.000,     0.450,     1.400,     9.130,     1.000,    21.988,     0.000,     0.000,     0.000,     0.000,     0.000,     0.000,     0.000,        35.000,         7.393,     0.033,     0.000,     0.003,     0.015,         1.000,         1.000,         1.000,         1.000,         1.000,         1.000,         1.000,         1.000,         1.000,         0.000,         0.000,         0.000,
     4.005,    18.909,     2.000,    21.630,     0.016,     0.009,     0.000,     0.450,     1.400,     9.130,     1.000,    22.002,     0.000,     0.000,     0.000,     0.000,     0.000,     0.000,     0.000,        35.000,         7.390,     0.033,     0.000,     0.003,     0.015,         1.000,         1.000,         1.000,         1.000,         1.000,         1.000,         1.000,         1.000,         1.000,         0.000,         0.000,         0.000,
     4.009,    21.546,     2.000,    21.576,     0.016,     0.008,     0.000,     0.450,     1.400,     9.130,     1.000,    21.991,     0.000,     0.000,     0.000,     0.000,     0.000,     0.000,     0.000,        35.000,         7.387,     0.033,     0.000,     0.003,     0.015,         1.000,         1.000,         1.000,         1.000,         1.000,         1.000,         1.000,         1.000,         1.000,         0.000,         0.000,         0.000,
     4.014,    27.216,     2.000,    21.610,     0.016,    -0.000,     0.000,     0.450,     1.400,     9.130,     1.000,    22.000,     0.000,     0.000,     0.000,     0.000,     0.000,     0.000,     0.000,        35.000,         7.384,     0.033,     0.000,     0.003,     0.015,         1.000,         1.000,         1.000,         1.000,         1.000,         1.000,         1.000,         1.000,         1.000,         0.000,         0.000,         0.000,
     4.018,    23.348,     2.000,    21.699,     0.016,    -0.006,     0.000,     0.450,     1.400,     9.130,     1.000,    22.014,     0.000,     0.000,     0.000,     0.000,     0.000,     0.000,     0.000,        35.000,         7.381,     0.033,     0.000,     0.003,     0.015,         1.000,         1.000,         1.000,         1.000,         1.000,         1.000,         1.000,         1.000,         1.000,         0.000,         0.000,         0.000,
     4.022,    21.044,     2.000,    21.518,     0.016,    -0.004,     0.000,     0.450,     1.400,     9.130,     1.000,    21.987,     0.000,     0.000,     0.000,     0.000,     0.000,     0.000,     0.000,        35.000,         7.378,     0.033,     0.000,     0.003,     0.015,         1.000,         1.000,         1.000,         1.000,         1.000,         1.000,         1.000,         1.000,         1.000,         0.000,         0.000,         0.000,
     4.026,    21.334,     2.000,    21.688,     0.016,    -0.001,     0.000,     0.450,     1.400,     9.130,     1.000,    22.008,     0.000,     0.000,     0.000,     0.000,     0.000,     0.000,     0.000,        35.000,         7.375,     0.033,     0.000,     0.003,     0.015,         1.000,         1.000,         1.000,         1.000,         1.000,         1.000,         1.000,         1.000,         1.000,         0.000,         0.000,         0.000,
     4.030,    27.255,     2.000,    21.567,     0.016,     0.002,     0.000,     0.450,     1.400,     9.130,     1.000,    21.996,     0.000,     0.000,     0.000,     0.000,     0.000,     0.000,     0.000,        35.000,         7.372,     0.033,     0.000,     0.003,     0.015,         1.000,         1.000,         1.000,         1.000,         1.000,         1.000,         1.000,         1.000,         1.000,         0.000,         0.000,         0.000,
     4.034,    26.771,     2.000,    21.659,     0.016,     0.001,     0.000,     0.450,     1.400,     9.130,     1.000,    22.004,     0.000,     0.000,     0.000,     0.000,     0.000,     0.000,     0.000,        35.000,         7.368,     0.033,     0.000,     0.003,     0.015,         1.000,         1.000,         1.000,         1.000,         1.000,         1.000,         1.000,         1.000,         1.000,         0.000,         0.000,         0.000,
     4.039,    23.015,     2.000,    21.576,     0.015,    -0.000,     0.000,     0.450,     1.400,     9.130,     1.000,    21.989,     0.000,     0.000,     0.000,     0.000,     0.000,     0.000,     0.000,        35.000,         7.365,     0.033,     0.000,     0.003,     0.015,         1.000,         1.000,         1.000,         1.000,         1.000,         1.000,         1.000,         1.000,         1.000,         0.000,         0.000,         0.000,
     4.043,    22.116,     2.000,    21.582,     0.016,    -0.006,     0.000,     0.450,     1.400,     9.130,     1.000,    21.997,     0.000,     0.000,     0.000,     0.000,     0.000,     0.000,     0.000,        35.000,         7.362,     0.033,     0.000,     0.003,     0.015,         1.000,         1.000,         1.000,         1.000,         1.000,         1.000,         1.000,         1.000,         1.000,         0.000,         0.000,         0.000,
     4.047,    21.593,     2.000,    21.689,     0.016,    -0.010,     0.000,     0.450,     1.400,     9.130,     1.000,    22.012,     0.000,     0.000,     0.000,     0.000,     0.000,     0.000,     0.000,        35.000,         7.359,     0.033,     0.000,     0.003,     0.015,         1.000,         1.000,         1.000,         1.000,         1.000,         1.000,         1.000,         1.000,         1.000,         0.000,         0.000,         0.000,
     4.051,    20.898,     2.000,    21.548,     0.015,    -0.006,     0.000,     0.450,     1.400,     9.130,     1.000,    21.989,     0.000,     0.000,     0.000,     0.000,     0.000,     0.000,     0.000,        35.000,         7.356,     0.033,     0.000,     0.003,     0.015,         1.000,         1.000,         1.000,         1.000,         1.000,         1.000,         1.000,         1.000,         1.000,         0.000,         0.000,         0.000,
     4.055,    20.155,     2.000,    21.578,     0.016,    -0.003,     0.000,     0.450,     1.400,     9.130,     1.000,    21.993,     0.000,     0.000,     0.000,     0.000,     0.000,     0.000,     0.000,        35.000,         7.353,     0.033,     0.000,     0.003,     0.015,         1.000,         1.000,         1.000,         1.000,         1.000,         1.000,         1.000,         1.000,         1.000,         0.000,         0.000,         0.000,
     4.059,    20.743,     2.000,    21.655,     0.015,     0.006,     0.000,     0.450,     1.400,     9.130,     1.000,    22.000,     0.000,     0.000,     0.000,     0.000,     0.000,     0.000,     0.000,        35.000,         7.350,     0.033,     0.000,     0.003,     0.015,         1.000,         1.000,         1.000,         1.000,         1.000,         1.000,         1.000,         1.000,         1.000,         0.000,         0.000,         0.000,
     4.064,    37.433,     2.000,    21.523,     0.016,     0.013,     0.000,     0.450,     1.400,     9.130,     1.000,    21.984,     0.000,     0.000,     0.000,     0.000,     0.000,     0.000,     0.000,        35.000,         7.347,     0.033,     0.000,     0.003,     0.015,         1.000,         1.000,         1.000,         1.000,         1.000,         1.000,         1.000,         1.000,         1.000,         0.000,         0.000,         0.000,
     4.068,    27.756,     2.000,    21.649,     0.016,     0.015,     0.000,     0.450,     1.400,     9.130,     1.000,    22.000,     0.000,     0.000,     0.000,     0.000,     0.000,     0.000,     0.000,        35.000,         7.344,     0.033,     0.000,     0.003,     0.015,         1.000,         1.000,         1.000,         1.000,         1.000,         1.000,         1.000,         1.000,         1.000,         0.000,         0.000,         0.000,
     4.072,    24.794,     2.000,    21.469,     0.016,     0.011,     0.000,     0.450,     1.400,     9.130,     1.000,    21.978,     0.000,     0.000,     0.000,     0.000,     0.000,     0.000,     0.000,        35.000,         7.341,     0.033,     0.000,     0.003,     0.015,         1.000,         1.000,         1.000,         1.000,         1.000,         1.000,         1.000,         1.000,         1.000,         0.000,         0.000,         0.000,
     4.076,    21.982,     2.000,    21.590,     0.016,    -0.000,     0.000,     0.450,     1.400,     9.130,     1.000,    21.993,     0.000,     0.000,     0.000,     0.000,     0.000,     0.000,     0.000,        35.000,         7.338,     0.033,     0.000,     0.003,     0.015,         1.000,         1.000,         1.000,         1.000,         1.000,         1.000,         1.000,         1.000,         1.000,         0.000,         0.000,         0.000,
     4.080,    22.140,     2.000,    21.638,     0.015,    -0.011,     0.000,     0.450,     1.400,     9.130,     1.000,    21.999,     0.000,     0.000,     0.000,     0.000,     0.000,     0.000,     0.000,        35.000,         7.335,     0.033,     0.000,     0.003,     0.015,         1.000,         1.000,         1.000,         1.000,         1.000,         1.000,         1.000,         1.000,         1.000,         0.000,         0.000,         0.000,
     4.085,    32.473,     2.000,    21.481,     0.015,    -0.018,     0.000,     0.450,     1.400,     9.130,     1.000,    21.974,     0.000,     0.000,     0.000,     0.000,     0.000,     0.000,     0.000,        35.000,         7.331,     0.034,     0.000,     0.003,     0.015,         1.000,         1.000,         1.000,         1.000,         1.000,         1.000,         1.000,         1.000,         1.000,         0.000,         0.000,         0.000,
     4.089,    33.075,     2.000,    21.567,     0.015,    -0.016,     0.000,     0.450,     1.400,     9.130,     1.000,    21.990,     0.000,     0.000,     0.000,     0.000,     0.000,     0.000,     0.000,        35.000,         7.328,     0.034,     0.000,     0.003,     0.015,         1.000,         1.000,         1.000,         1.000,         1.000,         1.000,         1.000,         1.000,         1.000,         0.000,         0.000,         0.000,
     4.093,    25.496,     2.000,    21.518,     0.015,    -0.000,     0.000,     0.450,     1.400,     9.130,     1.000,    21.982,     0.000,     0.000,     0.000,     0.000,     0.000,     0.000,     0.000,        35.000,         7.325,     0.034,     0.000,     0.003,     0.015,         1.000,         1.000,         1.000,         1.000,         1.000,         1.000,         1.000,         1.000,         1.000,         0.000,         0.000,         0.000,
     4.097,    25.710,     2.000,    21.559,     0.016,     0.013,     0.000,     0.450,     1.400,     9.130,     1.000,    21.986,     0.000,     0.000,     0.000,     0.000,     0.000,     0.000,     0.000,        35.000,         7.322,     0.034,     0.000,     0.003,     0.015,         1.000,         1.000,         1.000,         1.000,         1.000,         1.000,         1.000,         1.000,         1.000,         0.000,         0.000,         0.000,
     4.101,    22.643,     2.000,    21.486,     0.016,     0.017,     0.000,     0.450,     1.400,     9.130,     1.000,    21.980,     0.000,     0.000,     0.000,     0.000,     0.000,     0.000,     0.000,        35.000,         7.319,     0.034,     0.000,     0.003,     0.015,         1.000,         1.000,         1.000,         1.000,         1.000,         1.000,         1.000,         1.000,         1.000,         0.000,         0.000,         0.000,
     4.105,    17.827,     2.000,    21.603,     0.016,     0.009,     0.000,     0.450,     1.400,     9.130,     1.000,    21.996,     0.000,     0.000,     0.000,     0.000,     0.000,     0.000,     0.000,        35.000,         7.316,     0.034,     0.000,     0.003,     0.015,         1.000,         1.000,         1.000,         1.000,         1.000,         1.000,         1.000,         1.000,         1.000,         0.000,         0.000,         0.000,
     4.109,    23.377,     2.000,    21.653,     0.016,    -0.004,     0.000,     0.450,     1.400,     9.130,     1.000,    22.005,     0.000,     0.000,     0.000,     0.000,     0.000,     0.000,     0.000,        35.000,         7.313,     0.034,     0.000,     0.003,     0.015,         1.000,         1.000,         1.000,         1.000,         1.000,         1.000,         1.000,         1.000,         1.000,         0.000,         0.000,         0.000,
     4.114,    38.507,     2.000,    21.534,     0.016,    -0.015,     0.000,     0.450,     1.400,     9.130,     1.000,    21.990,     0.000,     0.000,     0.000,     0.000,     0.000,     0.000,     0.000,        35.000,         7.310,     0.034,     0.000,     0.003,     0.015,         1.000,         1.000,         1.000,         1.000,         1.000,         1.000,         1.000,         1.000,         1.000,         0.000,         0.000,         0.000,
     4.118,    33.692,     2.000,    21.648,     0.016,    -0.016,     0.000,     0.450,     1.400,     9.130,     1.000,    22.010,     0.000,     0.000,     0.000,     0.000,     0.000,     0.000,     0.000,        35.000,         7.307,     0.034,     0.000,     0.003,     0.015,         1.000,         1.000,         1.000,         1.000,         1.000,         1.000,         1.000,         1.000,         1.000,         0.000,         0.000,         0.000,
     4.122,    24.230,     2.000,    21.661,     0.015,    -0.008,     0.000,     0.450,     1.400,     9.130,     1.000,    22.006,     0.000,     0.000,     0.000,     0.000,     0.000,     0.000,     0.000,        35.000,         7.304,     0.034,     0.000,     0.003,     0.015,         1.000,         1.000,         1.000,         1.000,         1.000,         1.000,         1.000,         1.000,         1.000,         0.000,         0.000,         0.000,
     4.126,    22.633,     2.000,    21.493,     0.016,    -0.000,     0.000,     0.450,     1.400,     9.130,     1.000,    21.986,     0.000,     0.000,     0.000,     0.000,     0.000,     0.000,     0.000,        35.000,         7.301,     0.034,     0.000,     0.003,     0.015,         1.000,         1.000,         1.000,         1.000,         1.000,         1.000,         1.000,         1.000,         1.000,         0.000,         0.000,         0.000,
     4.130,    23.096,     2.000,    21.663,     0.017,     0.007,     0.000,     0.450,     1.400,     9.130,     1.000,    22.014,     0.000,     0.000,     0.000,     0.000,     0.000,     0.000,     0.000,        35.000,         7.298,     0.034,     0.000,     0.003,     0.015,         1.000,         1.000,         1.000,         1.000,         1.000,         1.000,         1.000,         1.000,         1.000,         0.000,         0.000,         0.000,
     4.134,    24.987,     2.000,    21.597,     0.016,     0.015,     0.000,     0.450,     1.400,     9.130,     1.000,    22.002,     0.000,     0.000,     0.000,     0.000,     0.000,     0.000,     0.000,        35.000,         7.294,     0.034,     0.000,     0.003,     0.015,         1.000,         1.000,         1.000,         1.000,         1.000,         1.000,         1.000,         1.000,         1.000,         0.000,         0.000,         0.000,
     4.139,    26.157,     2.000,    21.718,     0.017,     0.016,     0.000,     0.450,     1.400,     9.130,     1.000,    22.011,     0.000,     0.000,     0.000,     0.000,     0.000,     0.000,     0.000,        35.000,         7.291,     0.034,     0.000,     0.003,     0.015,         1.000,         1.000,         1.000,         1.000,         1.000,         1.000,         1.000,         1.000,         1.000,         0.000,         0.000,         0.000,
     4.143,    26.594,     2.000,    21.493,     0.018,     0.010,     0.000,     0.450,     1.400,     9.130,     1.000,    21.983,     0.000,     0.000,     0.000,     0.000,     0.000,     0.000,     0.000,        35.000,         7.288,     0.034,     0.000,     0.003,     0.015,         1.000,         1.000,         1.000,         1.000,         1.000,         1.000,         1.000,         1.000,         1.000,         0.000,         0.000,         0.000,
     4.147,    23.897,     2.000,    21.693,     0.017,    -0.002,     0.000,     0.450,     1.400,     9.130,     1.000,    22.017,     0.000,     0.000,     0.000,     0.000,     0.000,     0.000,     0.000,        35.000,         7.285,     0.034,     0.000,     0.003,     0.015,         1.000,         1.000,         1.000,         1.000,         1.000,         1.000,         1.000,         1.000,         1.000,         0.000,         0.000,         0.000,
     4.151,    22.456,     2.000,    21.720,     0.016,    -0.009,     0.000,     0.450,     1.400,     9.130,     1.000,    22.014,     0.000,     0.000,     0.000,     0.000,     0.000,     0.000,     0.000,        35.000,         7.282,     0.034,     0.000,     0.003,     0.015,         1.000,         1.000,         1.000,         1.000,         1.000,         1.000,         1.000,         1.000,         1.000,         0.000,         0.000,         0.000,
     4.155,    22.906,     2.000,    21.514,     0.017,    -0.012,     0.000,     0.450,     1.400,     9.130,     1.000,    21.989,     0.000,     0.000,     0.000,     0.000,     0.000,     0.000,     0.000,        35.000,         7.279,     0.034,     0.000,     0.003,     0.015,         1.000,         1.000,         1.000,         1.000,         1.000,         1.000,         1.000,         1.000,         1.000,         0.000,         0.000,         0.000,
     4.159,    22.583,     2.000,    21.670,     0.016,    -0.011,     0.000,     0.450,     1.400,     9.130,     1.000,    22.013,     0.000,     0.000,     0.000,     0.000,     0.000,     0.000,     0.000,        35.000,         7.276,     0.034,     0.000,     0.003,     0.015,         1.000,         1.000,         1.000,         1.000,         1.000,         1.000,         1.000,         1.000,         1.000,         0.000,         0.000,         0.000,
     4.164,    21.414,     2.000,    21.675,     0.016,    -0.002,     0.000,     0.450,     1.400,     9.130,     1.000,    22.002,     0.000,     0.000,     0.000,     0.000,     0.000,     0.000,     0.000,        35.000,         7.273,     0.034,     0.000,     0.003,     0.015,         1.000,         1.000,         1.000,         1.000,         1.000,         1.000,         1.000,         1.000,         1.000,         0.000,         0.000,         0.000,
     4.168,    22.898,     2.000,    21.481,     0.017,     0.004,     0.000,     0.450,     1.400,     9.130,     1.000,    21.983,     0.000,     0.000,     0.000,     0.000,     0.000,     0.000,     0.000,        35.000,         7.270,     0.034,     0.000,     0.003,     0.015,         1.000,         1.000,         1.000,         1.000,         1.000,         1.000,         1.000,         1.000,         1.000,         0.000,         0.000,         0.000,
     4.172,    22.467,     2.000,    21.670,     0.017,     0.004,     0.000,     0.450,     1.400,     9.130,     1.000,    22.014,     0.000,     0.000,     0.000,     0.000,     0.000,     0.000,     0.000,        35.000,         7.267,     0.034,     0.000,     0.003,     0.015,         1.000,         1.000,         1.000,         1.000,         1.000,         1.000,         1.000,         1.000,         1.000,         0.000,         0.000,         0.000,
     4.176,    21.596,     2.000,    21.660,     0.016,     0.004,     0.000,     0.450,     1.400,     9.130,     1.000,    22.014,     0.000,     0.000,     0.000,     0.000,     0.000,     0.000,     0.000,        35.000,         7.264,     0.034,     0.000,     0.003,     0.015,         1.000,         1.000,         1.000,         1.000,         1.000,         1.000,         1.000,         1.000,         1.000,         0.000,         0.000,         0.000,
     4.180,    26.015,     2.000,    21.558,     0.017,     0.003,     0.000,     0.450,     1.400,     9.130,     1.000,    21.990,     0.000,     0.000,     0.000,     0.000,     0.000,     0.000,     0.000,        35.000,         7.261,     0.034,     0.000,     0.003,     0.015,         1.000,         1.000,         1.000,         1.000,         1.000,         1.000,         1.000,         1.000,         1.000,         0.000,         0.000,         0.000,
     4.184,    33.769,     2.000,    21.641,     0.017,     0.000,     0.000,     0.450,     1.400,     9.130,     1.000,    22.007,     0.000,     0.000,     0.000,     0.000,     0.000,     0.000,     0.000,        35.000,         7.258,     0.034,     0.000,     0.003,     0.015,         1.000,         1.000,         1.000,         1.000,         1.000,         1.000,         1.000,         1.000,         1.000,         0.000,         0.000,         0.000,
     4.189,    26.640,     2.000,    21.638,     0.014,     0.002,     0.000,     0.450,     1.400,     9.130,     1.000,    22.000,     0.000,     0.000,     0.000,     0.000,     0.000,     0.000,     0.000,        35.000,         7.255,     0.034,     0.000,     0.003,     0.016,         1.000,         1.000,         1.000,         1.000,         1.000,         1.000,         1.000,         1.000,         1.000,         0.000,         0.000,         0.000,
     4.193,    22.503,     2.000,    21.473,     0.015,     0.000,     0.000,     0.450,     1.400,     9.130,     1.000,    21.976,     0.000,     0.000,     0.000,     0.000,     0.000,     0.000,     0.000,        35.000,         7.252,     0.034,     0.000,     0.003,     0.016,         1.000,         1.000,         1.000,         1.000,         1.000,         1.000,         1.000,         1.000,         1.000,         0.000,         0.000,         0.000,
     4.197,    22.294,     2.000,    21.623,     0.016,    -0.003,     0.000,     0.450,     1.400,     9.130,     1.000,    22.003,     0.000,     0.000,     0.000,     0.000,     0.000,     0.000,     0.000,        35.000,         7.248,     0.035,     0.000,     0.003,     0.016,         1.000,         1.000,         1.000,         1.000,         1.000,         1.000,         1.000,         1.000,         1.000,         0.000,         0.000,         0.000,
     4.201,    19.458,     2.000,    21.580,     0.015,    -0.003,     0.000,     0.450,     1.400,     9.130,     1.000,    21.993,     0.000,     0.000,     0.000,     0.000,     0.000,     0.000,     0.000,        35.000,         7.245,     0.035,     0.000,     0.003,     0.016,         1.000,         1.000,         1.000,         1.000,         1.000,         1.000,         1.000,         1.000,         1.000,         0.000,         0.000,         0.000,
     4.205,    21.182,     2.000,    21.612,     0.016,    -0.001,     0.000,     0.450,     1.400,     9.130,     1.000,    21.994,     0.000,     0.000,     0.000,     0.000,     0.000,     0.000,     0.000,        35.000,         7.242,     0.035,     0.000,     0.003,     0.016,         1.000,         1.000,         1.000,         1.000,         1.000,         1.000,         1.000,         1.000,         1.000,         0.000,         0.000,         0.000,
     4.209,    14.138,     2.000,    21.539,     0.015,     0.003,     0.000,     0.450,     1.400,     9.130,     1.000,    21.983,     0.000,     0.000,     0.000,     0.000,     0.000,     0.000,     0.000,        35.000,         7.239,     0.035,     0.000,     0.003,     0.016,         1.000,         1.000,         1.000,         1.000,         1.000,         1.000,         1.000,         1.000,         1.000,         0.000,         0.000,         0.000,
     4.214,    26.134,     2.000,    21.656,     0.016,     0.003,     0.000,     0.450,     1.400,     9.130,     1.000,    21.997,     0.000,     0.000,     0.000,     0.000,     0.000,     0.000,     0.000,        35.000,         7.236,     0.035,     0.000,     0.003,     0.016,         1.000,         1.000,         1.000,         1.000,         1.000,         1.000,         1.000,         1.000,         1.000,         0.000,         0.000,         0.000,
     4.218,    22.832,     2.000,    21.503,     0.016,     0.000,     0.000,     0.450,     1.400,     9.130,     1.000,    21.978,     0.000,     0.000,     0.000,     0.000,     0.000,     0.000,     0.000,        35.000,         7.233,     0.035,     0.000,     0.003,     0.016,         1.000,         1.000,         1.000,         1.000,         1.000,         1.000,         1.000,         1.000,         1.000,         0.000,         0.000,         0.000,
     4.222,    26.339,     2.000,    21.631,     0.016,    -0.006,     0.000,     0.450,     1.400,     9.130,     1.000,    22.000,     0.000,     0.000,     0.000,     0.000,     0.000,     0.000,     0.000,        35.000,         7.230,     0.035,     0.000,     0.003,     0.016,         1.000,         1.000,         1.000,         1.000,         1.000,         1.000,         1.000,         1.000,         1.000,         0.000,         0.000,         0.000,
     4.226,    16.095,     2.000,    21.628,     0.015,    -0.005,     0.000,     0.450,     1.400,     9.130,     1.000,    22.001,     0.000,     0.000,     0.000,     0.000,     0.000,     0.000,     0.000,        35.000,         7.227,     0.035,     0.000,     0.003,     0.016,         1.000,         1.000,         1.000,         1.000,         1.000,         1.000,         1.000,         1.000,         1.000,         0.000,         0.000,         0.000,
     4.230,    23.680,     2.000,    21.623,     0.016,     0.000,     0.000,     0.450,     1.400,     9.130,     1.000,    21.991,     0.000,     0.000,     0.000,     0.000,     0.000,     0.000,     0.000,        35.000,         7.224,     0.035,     0.000,     0.003,     0.016,         1.000,         1.000,         1.000,         1.000,         1.000,         1.000,         1.000,         1.000,         1.000,         0.000,         0.000,         0.000,
     4.235,    30.659,     2.000,    21.643,     0.018,     0.003,     0.000,     0.450,     1.400,     9.130,     1.000,    22.004,     0.000,     0.000,     0.000,     0.000,     0.000,     0.000,     0.000,        35.000,         7.221,     0.035,     0.000,     0.003,     0.016,         1.000,         1.000,         1.000,         1.000,         1.000,         1.000,         1.000,         1.000,         1.000,         0.000,         0.000,         0.000,
     4.239,    24.434,     2.000,    21.658,     0.018,     0.005,     0.000,     0.450,     1.400,     9.130,     1.000,    22.012,     0.000,     0.000,     0.000,     0.000,     0.000,     0.000,     0.000,        35.000,         7.218,     0.035,     0.000,     0.003,     0.016,         1.000,         1.000,         1.000,         1.000,         1.000,         1.000,         1.000,         1.000,         1.000,         0.000,         0.000,         0.000,
     4.243,    23.561,     2.000,    21.736,     0.017,     0.008,     0.000,     0.450,     1.400,     9.130,     1.000,    22.018,     0.000,     0.000,     0.000,     0.000,     0.000,     0.000,     0.000,        35.000,         7.215,     0.035,     0.000,     0.003,     0.016,         1.000,         1.000,         1.000,         1.000,         1.000,         1.000,         1.000,         1.000,         1.000,         0.000,         0.000,         0.000,
     4.247,    25.117,     2.000,    21.521,     0.018,     0.007,     0.000,     0.450,     1.400,     9.130,     1.000,    21.995,     0.000,     0.000,     0.000,     0.000,     0.000,     0.000,     0.000,        35.000,         7.212,     0.035,     0.000,     0.003,     0.016,         1.000,         1.000,         1.000,         1.000,         1.000,         1.000,         1.000,         1.000,         1.000,         0.000,         0.000,         0.000,
     4.251,    25.980,     2.000,    21.733,     0.018,     0.001,     0.000,     0.450,     1.400,     9.130,     1.000,    22.026,     0.000,     0.000,     0.000,     0.000,     0.000,     0.000,     0.000,        35.000,         7.209,     0.035,     0.000,     0.003,     0.016,         1.000,         1.000,         1.000,         1.000,         1.000,         1.000,         1.000,         1.000,         1.000,         0.000,         0.000,         0.000,
     4.255,    26.292,     2.000,    21.571,     0.017,    -0.008,     0.000,     0.450,     1.400,     9.130,     1.000,    21.998,     0.000,     0.000,     0.000,     0.000,     0.000,     0.000,     0.000,        35.000,         7.206,     0.035,     0.000,     0.003,     0.016,         1.000,         1.000,         1.000,         1.000,         1.000,         1.000,         1.000,         1.000,         1.000,         0.000,         0.000,         0.000,
     4.260,    23.522,     2.000,    21.693,     0.017,    -0.016,     0.000,     0.450,     1.400,     9.130,     1.000,    22.022,     0.000,     0.000,     0.000,     0.000,     0.000,     0.000,     0.000,        35.000,         7.203,     0.035,     0.000,     0.003,     0.016,         1.000,         1.000,         1.000,         1.000,         1.000,         1.000,         1.000,         1.000,         1.000,         0.000,         0.000,         0.000,
     4.264,    21.648,     2.000,    21.732,     0.016,    -0.014,     0.000,     0.450,     1.400,     9.130,     1.000,    22.021,     0.000,     0.000,     0.000,     0.000,     0.000,     0.000,     0.000,        35.000,         7.200,     0.035,     0.000,     0.003,     0.016,         1.000,         1.000,         1.000,         1.000,         1.000,         1.000,         1.000,         1.000,         1.000,         0.000,         0.000,         0.000,
     4.268,    16.802,     2.000,    21.513,     0.017,    -0.006,     0.000,     0.450,     1.400,     9.130,     1.000,    21.986,     0.000,     0.000,     0.000,     0.000,     0.000,     0.000,     0.000,        35.000,         7.197,     0.035,     0.000,     0.003,     0.016,         1.000,         1.000,         1.000,         1.000,         1.000,         1.000,         1.000,         1.000,         1.000,         0.000,         0.000,         0.000,
     4.272,    17.767,     2.000,    21.677,     0.017,     0.003,     0.000,     0.450,     1.400,     9.130,     1.000,    22.008,     0.000,     0.000,     0.000,     0.000,     0.000,     0.000,     0.000,        35.000,         7.194,     0.035,     0.000,     0.003,     0.016,         1.000,         1.000,         1.000,         1.000,         1.000,         1.000,         1.000,         1.000,         1.000,         0.000,         0.000,         0.000,
     4.276,    28.526,     2.000,    21.656,     0.016,     0.012,     0.000,     0.450,     1.400,     9.130,     1.000,    22.000,     0.000,     0.000,     0.000,     0.000,     0.000,     0.000,     0.000,        35.000,         7.191,     0.035,     0.000,     0.003,     0.016,         1.000,         1.000,         1.000,         1.000,         1.000,         1.000,         1.000,         1.000,         1.000,         0.000,         0.000,         0.000,
     4.281,    34.342,     2.000,    21.512,     0.017,     0.016,     0.000,     0.450,     1.400,     9.130,     1.000,    21.978,     0.000,     0.000,     0.000,     0.000,     0.000,     0.000,     0.000,        35.000,         7.188,     0.035,     0.000,     0.003,     0.016,         1.000,         1.000,         1.000,         1.000,         1.000,         1.000,         1.000,         1.000,         1.000,         0.000,         0.000,         0.000,
     4.285,    26.585,     2.000,    21.607,     0.016,     0.016,     0.000,     0.450,     1.400,     9.130,     1.000,    21.993,     0.000,     0.000,     0.000,     0.000,     0.000,     0.000,     0.000,        35.000,         7.185,     0.035,     0.000,     0.003,     0.016,         1.000,         1.000,         1.000,         1.000,         1.000,         1.000,         1.000,         1.000,         1.000,         0.000,         0.000,         0.000,
     4.289,    22.388,     2.000,    21.618,     0.016,     0.010,     0.000,     0.450,     1.400,     9.130,     1.000,    21.991,     0.000,     0.000,     0.000,     0.000,     0.000,     0.000,     0.000,        35.000,         7.182,     0.035,     0.000,     0.003,     0.016,         1.000,         1.000,         1.000,         1.000,         1.000,         1.000,         1.000,         1.000,         1.000,         0.000,         0.000,         0.000,
     4.293,    21.984,     2.000,    21.490,     0.016,    -0.001,     0.000,     0.450,     1.400,     9.130,     1.000,    21.968,     0.000,     0.000,     0.000,     0.000,     0.000,     0.000,     0.000,        35.000,         7.179,     0.035,     0.000,     0.003,     0.016,         1.000,         1.000,         1.000,         1.000,         1.000,         1.000,         1.000,         1.000,         1.000,         0.000,         0.000,         0.000,
     4.297,    14.859,     2.000,    21.618,     0.016,    -0.013,     0.000,     0.450,     1.400,     9.130,     1.000,    21.994,     0.000,     0.000,     0.000,     0.000,     0.000,     0.000,     0.000,        35.000,         7.176,     0.035,     0.000,     0.003,     0.016,         1.000,         1.000,         1.000,         1.000,         1.000,         1.000,         1.000,         1.000,         1.000,         0.000,         0.000,         0.000,
     4.301,    15.847,     2.000,    21.625,     0.016,    -0.016,     0.000,     0.450,     1.400,     9.130,     1.000,    21.996,     0.000,     0.000,     0.000,     0.000,     0.000,     0.000,     0.000,        35.000,         7.173,     0.035,     0.000,     0.003,     0.016,         1.000,         1.000,         1.000,         1.000,         1.000,         1.000,         1.000,         1.000,         1.000,         0.000,         0.000,         0.000,
     4.305,    15.989,     2.000,    21.583,     0.015,    -0.012,     0.000,     0.450,     1.400,     9.130,     1.000,    21.990,     0.000,     0.000,     0.000,     0.000,     0.000,     0.000,     0.000,        35.000,         7.170,     0.035,     0.000,     0.003,     0.016,         1.000,         1.000,         1.000,         1.000,         1.000,         1.000,         1.000,         1.000,         1.000,         0.000,         0.000,         0.000,
     4.310,    28.761,     2.000,    21.607,     0.016,    -0.007,     0.000,     0.450,     1.400,     9.130,     1.000,    21.985,     0.000,     0.000,     0.000,     0.000,     0.000,     0.000,     0.000,        35.000,         7.167,     0.036,     0.000,     0.003,     0.016,         1.000,         1.000,         1.000,         1.000,         1.000,         1.000,         1.000,         1.000,         1.000,         0.000,         0.000,         0.000,
     4.314,    28.676,     2.000,    21.599,     0.017,    -0.004,     0.000,     0.450,     1.400,     9.130,     1.000,    21.993,     0.000,     0.000,     0.000,     0.000,     0.000,     0.000,     0.000,        35.000,         7.163,     0.036,     0.000,     0.003,     0.016,         1.000,         1.000,         1.000,         1.000,         1.000,         1.000,         1.000,         1.000,         1.000,         0.000,         0.000,         0.000,
     4.318,    27.797,     2.000,    21.656,     0.016,     0.002,     0.000,     0.450,     1.400,     9.130,     1.000,    21.998,     0.000,     0.000,     0.000,     0.000,     0.000,     0.000,     0.000,        35.000,         7.161,     0.036,     0.000,     0.003,     0.016,         1.000,         1.000,         1.000,         1.000,         1.000,         1.000,         1.000,         1.000,         1.000,         0.000,         0.000,         0.000,
     4.322,    25.961,     2.000,    21.522,     0.017,     0.009,     0.000,     0.450,     1.400,     9.130,     1.000,    21.979,     0.000,     0.000,     0.000,     0.000,     0.000,     0.000,     0.000,        35.000,         7.158,     0.036,     0.000,     0.003,     0.016,         1.000,         1.000,         1.000,         1.000,         1.000,         1.000,         1.000,         1.000,         1.000,         0.000,         0.000,         0.000,
     4.326,    24.588,     2.000,    21.646,     0.017,     0.013,     0.000,     0.450,     1.400,     9.130,     1.000,    21.996,     0.000,     0.000,     0.000,     0.000,     0.000,     0.000,     0.000,        35.000,         7.154,     0.036,     0.000,     0.003,     0.016,         1.000,         1.000,         1.000,         1.000,         1.000,         1.000,         1.000,         1.000,         1.000,         0.000,         0.000,         0.000,
     4.331,    25.128,     2.000,    21.570,     0.017,     0.013,     0.000,     0.450,     1.400,     9.130,     1.000,    21.981,     0.000,     0.000,     0.000,     0.000,     0.000,     0.000,     0.000,        35.000,         7.151,     0.036,     0.000,     0.003,     0.016,         1.000,         1.000,         1.000,         1.000,         1.000,         1.000,         1.000,         1.000,         1.000,         0.000,         0.000,         0.000,
     4.335,    25.406,     2.000,    21.669,     0.017,     0.008,     0.000,     0.450,     1.400,     9.130,     1.000,    21.998,     0.000,     0.000,     0.000,     0.000,     0.000,     0.000,     0.000,        35.000,         7.149,     0.036,     0.000,     0.003,     0.016,         1.000,         1.000,         1.000,         1.000,         1.000,         1.000,         1.000,         1.000,         1.000,         0.000,         0.000,         0.000,
     4.339,    24.583,     2.000,    21.619,     0.017,    -0.001,     0.000,     0.450,     1.400,     9.130,     1.000,    21.996,     0.000,     0.000,     0.000,     0.000,     0.000,     0.000,     0.000,        35.000,         7.145,     0.036,     0.000,     0.003,     0.016,         1.000,         1.000,         1.000,         1.000,         1.000,         1.000,         1.000,         1.000,         1.000,         0.000,         0.000,         0.000,
     4.343,    23.456,     2.000,    21.719,     0.016,    -0.007,     0.000,     0.450,     1.400,     9.130,     1.000,    22.006,     0.000,     0.000,     0.000,     0.000,     0.000,     0.000,     0.000,        35.000,         7.142,     0.036,     0.000,     0.003,     0.016,         1.000,         1.000,         1.000,         1.000,         1.000,         1.000,         1.000,         1.000,         1.000,         0.000,         0.000,         0.000,
     4.347,    22.928,     2.000,    21.496,     0.017,    -0.012,     0.000,     0.450,     1.400,     9.130,     1.000,    21.975,     0.000,     0.000,     0.000,     0.000,     0.000,     0.000,     0.000,        35.000,         7.139,     0.036,     0.000,     0.003,     0.016,         1.000,         1.000,         1.000,         1.000,         1.000,         1.000,         1.000,         1.000,         1.000,         0.000,         0.000,         0.000,
     4.351,    29.053,     2.000,    21.655,     0.017,    -0.018,     0.000,     0.450,     1.400,     9.130,     1.000,    22.006,     0.000,     0.000,     0.000,     0.000,     0.000,     0.000,     0.000,        35.000,         7.136,     0.036,     0.000,     0.003,     0.016,         1.000,         1.000,         1.000,         1.000,         1.000,         1.000,         1.000,         1.000,         1.000,         0.000,         0.000,         0.000,
     4.355,    28.263,     2.000,    21.699,     0.016,    -0.015,     0.000,     0.450,     1.400,     9.130,     1.000,    22.007,     0.000,     0.000,     0.000,     0.000,     0.000,     0.000,     0.000,        35.000,         7.133,     0.036,     0.000,     0.003,     0.016,         1.000,         1.000,         1.000,         1.000,         1.000,         1.000,         1.000,         1.000,         1.000,         0.000,         0.000,         0.000,
     4.360,    26.273,     2.000,    21.604,     0.016,    -0.001,     0.000,     0.450,     1.400,     9.130,     1.000,    21.981,     0.000,     0.000,     0.000,     0.000,     0.000,     0.000,     0.000,        35.000,         7.130,     0.036,     0.000,     0.003,     0.016,         1.000,         1.000,         1.000,         1.000,         1.000,         1.000,         1.000,         1.000,         1.000,         0.000,         0.000,         0.000,
     4.364,    23.537,     2.000,    21.596,     0.017,     0.010,     0.000,     0.450,     1.400,     9.130,     1.000,    21.993,     0.000,     0.000,     0.000,     0.000,     0.000,     0.000,     0.000,        35.000,         7.127,     0.036,     0.000,     0.003,     0.016,         1.000,         1.000,         1.000,         1.000,         1.000,         1.000,         1.000,         1.000,         1.000,         0.000,         0.000,         0.000,
     4.368,    22.971,     2.000,    21.693,     0.017,     0.016,     0.000,     0.450,     1.400,     9.130,     1.000,    22.006,     0.000,     0.000,     0.000,     0.000,     0.000,     0.000,     0.000,        35.000,         7.124,     0.036,     0.000,     0.003,     0.016,         1.000,         1.000,         1.000,         1.000,         1.000,         1.000,         1.000,         1.000,         1.000,         0.000,         0.000,         0.000,
     4.372,    22.802,     2.000,    21.557,     0.017,     0.017,     0.000,     0.450,     1.400,     9.130,     1.000,    21.979,     0.000,     0.000,     0.000,     0.000,     0.000,     0.000,     0.000,        35.000,         7.121,     0.036,     0.000,     0.003,     0.016,         1.000,         1.000,         1.000,         1.000,         1.000,         1.000,         1.000,         1.000,         1.000,         0.000,         0.000,         0.000,
     4.376,    24.544,     2.000,    21.589,     0.017,     0.011,     0.000,     0.450,     1.400,     9.130,     1.000,    21.990,     0.000,     0.000,     0.000,     0.000,     0.000,     0.000,     0.000,        35.000,         7.118,     0.036,     0.000,     0.003,     0.016,         1.000,         1.000,         1.000,         1.000,         1.000,         1.000,         1.000,         1.000,         1.000,         0.000,         0.000,         0.000,
     4.380,    26.279,     2.000,    21.647,     0.017,     0.003,     0.000,     0.450,     1.400,     9.130,     1.000,    22.002,     0.000,     0.000,     0.000,     0.000,     0.000,     0.000,     0.000,        35.000,         7.115,     0.036,     0.000,     0.003,     0.016,         1.000,         1.000,         1.000,         1.000,         1.000,         1.000,         1.000,         1.000,         1.000,         0.000,         0.000,         0.000,
     4.385,    23.878,     2.000,    21.659,     0.015,    -0.001,     0.000,     0.450,     1.400,     9.130,     1.000,    21.990,     0.000,     0.000,     0.000,     0.000,     0.000,     0.000,     0.000,        35.000,         7.112,     0.036,     0.000,     0.003,     0.016,         1.000,         1.000,         1.000,         1.000,         1.000,         1.000,         1.000,         1.000,         1.000,         0.000,         0.000,         0.000,
     4.389,    25.238,     2.000,    21.592,     0.016,    -0.012,     0.000,     0.450,     1.400,     9.130,     1.000,    21.993,     0.000,     0.000,     0.000,     0.000,     0.000,     0.000,     0.000,        35.000,         7.109,     0.036,     0.000,     0.003,     0.016,         1.000,         1.000,         1.000,         1.000,         1.000,         1.000,         1.000,         1.000,         1.000,         0.000,         0.000,         0.000,
     4.393,    24.413,     2.000,    21.728,     0.016,    -0.017,     0.000,     0.450,     1.400,     9.130,     1.000,    22.015,     0.000,     0.000,     0.000,     0.000,     0.000,     0.000,     0.000,        35.000,         7.106,     0.036,     0.000,     0.003,     0.016,         1.000,         1.000,         1.000,         1.000,         1.000,         1.000,         1.000,         1.000,         1.000,         0.000,         0.000,         0.000,
     4.397,    26.412,     2.000,    21.599,     0.016,    -0.012,     0.000,     0.450,     1.400,     9.130,     1.000,    21.984,     0.000,     0.000,     0.000,     0.000,     0.000,     0.000,     0.000,        35.000,         7.103,     0.036,     0.000,     0.003,     0.016,         1.000,         1.000,         1.000,         1.000,         1.000,         1.000,         1.000,         1.000,         1.000,         0.000,         0.000,         0.000,
     4.401,    28.587,     2.000,    21.582,     0.017,    -0.005,     0.000,     0.450,     1.400,     9.130,     1.000,    21.993,     0.000,     0.000,     0.000,     0.000,     0.000,     0.000,     0.000,        35.000,         7.100,     0.036,     0.000,     0.003,     0.016,         1.000,         1.000,         1.000,         1.000,         1.000,         1.000,         1.000,         1.000,         1.000,         0.000,         0.000,         0.000,
     4.406,    24.950,     2.000,    21.786,     0.017,     0.004,     0.000,     0.450,     1.400,     9.130,     1.000,    22.019,     0.000,     0.000,     0.000,     0.000,     0.000,     0.000,     0.000,        35.000,         7.097,     0.036,     0.000,     0.003,     0.016,         1.000,         1.000,         1.000,         1.000,         1.000,         1.000,         1.000,         1.000,         1.000,         0.000,         0.000,         0.000,
     4.410,    22.919,     2.000,    21.555,     0.017,     0.005,     0.000,     0.450,     1.400,     9.130,     1.000,    21.980,     0.000,     0.000,     0.000,     0.000,     0.000,     0.000,     0.000,        35.000,         7.094,     0.036,     0.000,     0.003,     0.016,         1.000,         1.000,         1.000,         1.000,         1.000,         1.000,         1.000,         1.000,         1.000,         0.000,         0.000,         0.000,
     4.414,    15.940,     2.000,    21.644,     0.017,     0.002,     0.000,     0.450,     1.400,     9.130,     1.000,    21.998,     0.000,     0.000,     0.000,     0.000,     0.000,     0.000,     0.000,        35.000,         7.092,     0.036,     0.000,     0.003,     0.016,         1.000,         1.000,         1.000,         1.000,         1.000,         1.000,         1.000,         1.000,         1.000,         0.000,         0.000,         0.000,
     4.418,    22.708,     2.000,    21.726,     0.017,     0.002,     0.000,     0.450,     1.400,     9.130,     1.000,    22.007,     0.000,     0.000,     0.000,     0.000,     0.000,     0.000,     0.000,        35.000,         7.088,     0.036,     0.000,     0.003,     0.016,         1.000,         1.000,         1.000,         1.000,         1.000,         1.000,         1.000,         1.000,         1.000,         0.000,         0.000,         0.000,
     4.422,    22.208,     2.000,    21.491,     0.018,     0.004,     0.000,     0.450,     1.400,     9.130,     1.000,    21.975,     0.000,     0.000,     0.000,     0.000,     0.000,     0.000,     0.000,        35.000,         7.086,     0.037,     0.000,     0.003,     0.016,         1.000,         1.000,         1.000,         1.000,         1.000,         1.000,         1.000,         1.000,         1.000,         0.000,         0.000,         0.000,
     4.426,    23.880,     2.000,    21.641,     0.018,     0.002,     0.000,     0.450,     1.400,     9.130,     1.000,    22.000,     0.000,     0.000,     0.000,     0.000,     0.000,     0.000,     0.000,        35.000,         7.082,     0.037,     0.000,     0.003,     0.016,         1.000,         1.000,         1.000,         1.000,         1.000,         1.000,         1.000,         1.000,         1.000,         0.000,         0.000,         0.000,
     4.431,    24.714,     2.000,    21.791,     0.017,    -0.001,     0.000,     0.450,     1.400,     9.130,     1.000,    22.022,     0.000,     0.000,     0.000,     0.000,     0.000,     0.000,     0.000,        35.000,         7.079,     0.037,     0.000,     0.003,     0.016,         1.000,         1.000,         1.000,         1.000,         1.000,         1.000,         1.000,         1.000,         1.000,         0.000,         0.000,         0.000,
     4.435,    23.470,     2.000,    21.614,     0.016,    -0.001,     0.000,     0.450,     1.400,     9.130,     1.000,    21.984,     0.000,     0.000,     0.000,     0.000,     0.000,     0.000,     0.000,        35.000,         7.077,     0.037,     0.000,     0.003,     0.016,         1.000,         1.000,         1.000,         1.000,         1.000,         1.000,         1.000,         1.000,         1.000,         0.000,         0.000,         0.000,
     4.439,    17.501,     2.000,    21.605,     0.017,    -0.000,     0.000,     0.450,     1.400,     9.130,     1.000,    21.992,     0.000,     0.000,     0.000,     0.000,     0.000,     0.000,     0.000,        35.000,         7.074,     0.037,     0.000,     0.003,     0.016,         1.000,         1.000,         1.000,         1.000,         1.000,         1.000,         1.000,         1.000,         1.000,         0.000,         0.000,         0.000,
     4.443,    21.994,     2.000,    21.768,     0.016,     0.000,     0.000,     0.450,     1.400,     9.130,     1.000,    22.013,     0.000,     0.000,     0.000,     0.000,     0.000,     0.000,     0.000,        35.000,         7.071,     0.037,     0.000,     0.003,     0.017,         1.000,         1.000,         1.000,         1.000,         1.000,         1.000,         1.000,         1.000,         1.000,         0.000,         0.000,         0.000,
     4.447,    28.296,     2.000,    21.607,     0.016,     0.001,     0.000,     0.450,     1.400,     9.130,     1.000,    21.976,     0.000,     0.000,     0.000,     0.000,     0.000,     0.000,     0.000,        35.000,         7.067,     0.037,     0.000,     0.003,     0.017,         1.000,         1.000,         1.000,         1.000,         1.000,         1.000,         1.000,         1.000,         1.000,         0.000,         0.000,         0.000,
     4.451,    29.036,     2.000,    21.574,     0.017,    -0.001,     0.000,     0.450,     1.400,     9.130,     1.000,    21.988,     0.000,     0.000,     0.000,     0.000,     0.000,     0.000,     0.000,        35.000,         7.065,     0.037,     0.000,     0.003,     0.017,         1.000,         1.000,         1.000,         1.000,         1.000,         1.000,         1.000,         1.000,         1.000,         0.000,         0.000,         0.000,
     4.456,    25.550,     2.000,    21.737,     0.016,     0.001,     0.000,     0.450,     1.400,     9.130,     1.000,    22.010,     0.000,     0.000,     0.000,     0.000,     0.000,     0.000,     0.000,        35.000,         7.062,     0.037,     0.000,     0.003,     0.017,         1.000,         1.000,         1.000,         1.000,         1.000,         1.000,         1.000,         1.000,         1.000,         0.000,         0.000,         0.000,
     4.460,    23.413,     2.000,    21.570,     0.016,     0.006,     0.000,     0.450,     1.400,     9.130,     1.000,    21.978,     0.000,     0.000,     0.000,     0.000,     0.000,     0.000,     0.000,        35.000,         7.059,     0.037,     0.000,     0.003,     0.017,         1.000,         1.000,         1.000,         1.000,         1.000,         1.000,         1.000,         1.000,         1.000,         0.000,         0.000,         0.000,
     4.464,    20.806,     2.000,    21.464,     0.017,     0.008,     0.000,     0.450,     1.400,     9.130,     1.000,    21.968,     0.000,     0.000,     0.000,     0.000,     0.000,     0.000,     0.000,        35.000,         7.056,     0.037,     0.000,     0.003,     0.017,         1.000,         1.000,         1.000,         1.000,         1.000,         1.000,         1.000,         1.000,         1.000,         0.000,         0.000,         0.000,
     4.468,    16.789,     2.000,    21.640,     0.017,     0.005,     0.000,     0.450,     1.400,     9.130,     1.000,    21.994,     0.000,     0.000,     0.000,     0.000,     0.000,     0.000,     0.000,        35.000,         7.053,     0.037,     0.000,     0.003,     0.017,         1.000,         1.000,         1.000,         1.000,         1.000,         1.000,         1.000,         1.000,         1.000,         0.000,         0.000,         0.000,
     4.472,    24.284,     2.000,    21.689,     0.016,    -0.002,     0.000,     0.450,     1.400,     9.130,     1.000,    22.001,     0.000,     0.000,     0.000,     0.000,     0.000,     0.000,     0.000,        35.000,         7.050,     0.037,     0.000,     0.003,     0.017,         1.000,         1.000,         1.000,         1.000,         1.000,         1.000,         1.000,         1.000,         1.000,         0.000,         0.000,         0.000,
     4.477,    39.508,     2.000,    21.483,     0.016,    -0.009,     0.000,     0.450,     1.400,     9.130,     1.000,    21.966,     0.000,     0.000,     0.000,     0.000,     0.000,     0.000,     0.000,        35.000,         7.047,     0.037,     0.000,     0.003,     0.017,         1.000,         1.000,         1.000,         1.000,         1.000,         1.000,         1.000,         1.000,         1.000,         0.000,         0.000,         0.000,
     4.481,    32.071,     2.000,    21.648,     0.017,    -0.011,     0.000,     0.450,     1.400,     9.130,     1.000,    22.000,     0.000,     0.000,     0.000,     0.000,     0.000,     0.000,     0.000,        35.000,         7.044,     0.037,     0.000,     0.003,     0.017,         1.000,         1.000,         1.000,         1.000,         1.000,         1.000,         1.000,         1.000,         1.000,         0.000,         0.000,         0.000,
     4.485,    23.753,     2.000,    21.680,     0.014,    -0.007,     0.000,     0.450,     1.400,     9.130,     1.000,    21.999,     0.000,     0.000,     0.000,     0.000,     0.000,     0.000,     0.000,        35.000,         7.041,     0.037,     0.000,     0.003,     0.017,         1.000,         1.000,         1.000,         1.000,         1.000,         1.000,         1.000,         1.000,         1.000,         0.000,         0.000,         0.000,
     4.489,    16.906,     2.000,    21.470,     0.016,    -0.002,     0.000,     0.450,     1.400,     9.130,     1.000,    21.967,     0.000,     0.000,     0.000,     0.000,     0.000,     0.000,     0.000,        35.000,         7.038,     0.037,     0.000,     0.003,     0.017,         1.000,         1.000,         1.000,         1.000,         1.000,         1.000,         1.000,         1.000,         1.000,         0.000,         0.000,         0.000,
     4.493,    24.187,     2.000,    21.599,     0.017,     0.001,     0.000,     0.450,     1.400,     9.130,     1.000,    21.989,     0.000,     0.000,     0.000,     0.000,     0.000,     0.000,     0.000,        35.000,         7.035,     0.037,     0.000,     0.003,     0.017,         1.000,         1.000,         1.000,         1.000,         1.000,         1.000,         1.000,         1.000,         1.000,         0.000,         0.000,         0.000,
     4.497,    24.555,     2.000,    21.702,     0.017,     0.005,     0.000,     0.450,     1.400,     9.130,     1.000,    22.001,     0.000,     0.000,     0.000,     0.000,     0.000,     0.000,     0.000,        35.000,         7.032,     0.037,     0.000,     0.003,     0.017,         1.000,         1.000,         1.000,         1.000,         1.000,         1.000,         1.000,         1.000,         1.000,         0.000,         0.000,         0.000,
     4.502,    27.641,     2.000,    21.568,     0.017,     0.008,     0.000,     0.450,     1.400,     9.130,     1.000,    21.983,     0.000,     0.000,     0.000,     0.000,     0.000,     0.000,     0.000,        35.000,         7.029,     0.037,     0.000,     0.003,     0.017,         1.000,         1.000,         1.000,         1.000,         1.000,         1.000,         1.000,         1.000,         1.000,         0.000,         0.000,         0.000,
     4.506,    26.618,     2.000,    21.777,     0.017,     0.007,     0.000,     0.450,     1.400,     9.130,     1.000,    22.011,     0.000,     0.000,     0.000,     0.000,     0.000,     0.000,     0.000,        35.000,         7.026,     0.037,     0.000,     0.003,     0.017,         1.000,         1.000,         1.000,         1.000,         1.000,         1.000,         1.000,         1.000,         1.000,         0.000,         0.000,         0.000,
     4.510,    24.955,     2.000,    21.624,     0.016,     0.004,     0.000,     0.450,     1.400,     9.130,     1.000,    21.989,     0.000,     0.000,     0.000,     0.000,     0.000,     0.000,     0.000,        35.000,         7.023,     0.037,     0.000,     0.003,     0.017,         1.000,         1.000,         1.000,         1.000,         1.000,         1.000,         1.000,         1.000,         1.000,         0.000,         0.000,         0.000,
     4.514,    22.432,     2.000,    21.676,     0.017,    -0.003,     0.000,     0.450,     1.400,     9.130,     1.000,    21.995,     0.000,     0.000,     0.000,     0.000,     0.000,     0.000,     0.000,        35.000,         7.020,     0.037,     0.000,     0.003,     0.017,         1.000,         1.000,         1.000,         1.000,         1.000,         1.000,         1.000,         1.000,         1.000,         0.000,         0.000,         0.000,
     4.518,    20.397,     2.000,    21.623,     0.016,    -0.003,     0.000,     0.450,     1.400,     9.130,     1.000,    21.986,     0.000,     0.000,     0.000,     0.000,     0.000,     0.000,     0.000,        35.000,         7.017,     0.037,     0.000,     0.003,     0.017,         1.000,         1.000,         1.000,         1.000,         1.000,         1.000,         1.000,         1.000,         1.000,         0.000,         0.000,         0.000,
     4.522,    27.727,     2.000,    21.711,     0.017,    -0.003,     0.000,     0.450,     1.400,     9.130,     1.000,    21.997,     0.000,     0.000,     0.000,     0.000,     0.000,     0.000,     0.000,        35.000,         7.014,     0.037,     0.000,     0.003,     0.017,         1.000,         1.000,         1.000,         1.000,         1.000,         1.000,         1.000,         1.000,         1.000,         0.000,         0.000,         0.000,
     4.527,    35.355,     2.000,    21.566,     0.017,    -0.001,     0.000,     0.450,     1.400,     9.130,     1.000,    21.979,     0.000,     0.000,     0.000,     0.000,     0.000,     0.000,     0.000,        35.000,         7.011,     0.037,     0.000,     0.003,     0.017,         1.000,         1.000,         1.000,         1.000,         1.000,         1.000,         1.000,         1.000,         1.000,         0.000,         0.000,         0.000,
     4.531,    26.879,     2.000,    21.613,     0.017,     0.000,     0.000,     0.450,     1.400,     9.130,     1.000,    21.991,     0.000,     0.000,     0.000,     0.000,     0.000,     0.000,     0.000,        35.000,         7.008,     0.037,     0.000,     0.003,     0.017,         1.000,         1.000,         1.000,         1.000,         1.000,         1.000,         1.000,         1.000,         1.000,         0.000,         0.000,         0.000,
     4.535,    23.989,     2.000,    21.795,     0.017,     0.001,     0.000,     0.450,     1.400,     9.130,     1.000,    22.018,     0.000,     0.000,     0.000,     0.000,     0.000,     0.000,     0.000,        35.000,         7.005,     0.037,     0.000,     0.003,     0.017,         1.000,         1.000,         1.000,         1.000,         1.000,         1.000,         1.000,         1.000,         1.000,         0.000,         0.000,         0.000,
     4.539,    22.306,     2.000,    21.553,     0.016,    -0.000,     0.000,     0.450,     1.400,     9.130,     1.000,    21.982,     0.000,     0.000,     0.000,     0.000,     0.000,     0.000,     0.000,        35.000,         7.002,     0.038,     0.000,     0.003,     0.017,         1.000,         1.000,         1.000,         1.000,         1.000,         1.000,         1.000,         1.000,         1.000,         0.000,         0.000,         0.000,
     4.543,    21.603,     2.000,    21.643,     0.017,    -0.002,     0.000,     0.450,     1.400,     9.130,     1.000,    21.995,     0.000,     0.000,     0.000,     0.000,     0.000,     0.000,     0.000,        35.000,         7.000,     0.038,     0.000,     0.003,     0.017,         1.000,         1.000,         1.000,         1.000,         1.000,         1.000,         1.000,         1.000,         1.000,         0.000,         0.000,         0.000,
     4.547,    21.396,     2.000,    21.637,     0.016,    -0.004,     0.000,     0.450,     1.400,     9.130,     1.000,    21.989,     0.000,     0.000,     0.000,     0.000,     0.000,     0.000,     0.000,        35.000,         6.997,     0.038,     0.000,     0.003,     0.017,         1.000,         1.000,         1.000,         1.000,         1.000,         1.000,         1.000,         1.000,         1.000,         0.000,         0.000,         0.000,
     4.551,    33.820,     2.000,    21.596,     0.017,    -0.008,     0.000,     0.450,     1.400,     9.130,     1.000,    21.988,     0.000,     0.000,     0.000,     0.000,     0.000,     0.000,     0.000,        35.000,         6.994,     0.038,     0.000,     0.003,     0.017,         1.000,         1.000,         1.000,         1.000,         1.000,         1.000,         1.000,         1.000,         1.000,         0.000,         0.000,         0.000,
     4.556,    33.955,     2.000,    21.669,     0.016,    -0.004,     0.000,     0.450,     1.400,     9.130,     1.000,    22.000,     0.000,     0.000,     0.000,     0.000,     0.000,     0.000,     0.000,        35.000,         6.991,     0.038,     0.000,     0.003,     0.017,         1.000,         1.000,         1.000,         1.000,         1.000,         1.000,         1.000,         1.000,         1.000,         0.000,         0.000,         0.000,
     4.560,    24.471,     2.000,    21.598,     0.017,     0.007,     0.000,     0.450,     1.400,     9.130,     1.000,    21.975,     0.000,     0.000,     0.000,     0.000,     0.000,     0.000,     0.000,        35.000,         6.988,     0.038,     0.000,     0.003,     0.017,         1.000,         1.000,         1.000,         1.000,         1.000,         1.000,         1.000,         1.000,         1.000,         0.000,         0.000,         0.000,
     4.564,    23.339,     2.000,    21.619,     0.017,     0.010,     0.000,     0.450,     1.400,     9.130,     1.000,    21.991,     0.000,     0.000,     0.000,     0.000,     0.000,     0.000,     0.000,        35.000,         6.985,     0.038,     0.000,     0.003,     0.017,         1.000,         1.000,         1.000,         1.000,         1.000,         1.000,         1.000,         1.000,         1.000,         0.000,         0.000,         0.000,
     4.568,    23.290,     2.000,    21.660,     0.017,     0.007,     0.000,     0.450,     1.400,     9.130,     1.000,    21.993,     0.000,     0.000,     0.000,     0.000,     0.000,     0.000,     0.000,        35.000,         6.982,     0.038,     0.000,     0.003,     0.017,         1.000,         1.000,         1.000,         1.000,         1.000,         1.000,         1.000,         1.000,         1.000,         0.000,         0.000,         0.000,
     4.572,    29.557,     2.000,    21.552,     0.017,     0.004,     0.000,     0.450,     1.400,     9.130,     1.000,    21.974,     0.000,     0.000,     0.000,     0.000,     0.000,     0.000,     0.000,        35.000,         6.979,     0.038,     0.000,     0.003,     0.017,         1.000,         1.000,         1.000,         1.000,         1.000,         1.000,         1.000,         1.000,         1.000,         0.000,         0.000,         0.000,
     4.576,    23.706,     2.000,    21.671,     0.017,     0.001,     0.000,     0.450,     1.400,     9.130,     1.000,    21.998,     0.000,     0.000,     0.000,     0.000,     0.000,     0.000,     0.000,        35.000,         6.976,     0.038,     0.000,     0.003,     0.017,         1.000,         1.000,         1.000,         1.000,         1.000,         1.000,         1.000,         1.000,         1.000,         0.000,         0.000,         0.000,
     4.581,    21.683,     2.000,    21.720,     0.016,    -0.002,     0.000,     0.450,     1.400,     9.130,     1.000,    22.008,     0.000,     0.000,     0.000,     0.000,     0.000,     0.000,     0.000,        35.000,         6.973,     0.038,     0.000,     0.003,     0.017,         1.000,         1.000,         1.000,         1.000,         1.000,         1.000,         1.000,         1.000,         1.000,         0.000,         0.000,         0.000,
     4.585,    21.136,     2.000,    21.535,     0.016,    -0.007,     0.000,     0.450,     1.400,     9.130,     1.000,    21.977,     0.000,     0.000,     0.000,     0.000,     0.000,     0.000,     0.000,        35.000,         6.970,     0.038,     0.000,     0.003,     0.017,         1.000,         1.000,         1.000,         1.000,         1.000,         1.000,         1.000,         1.000,         1.000,         0.000,         0.000,         0.000,
     4.589,    20.247,     2.000,    21.653,     0.016,    -0.014,     0.000,     0.450,     1.400,     9.130,     1.000,    21.998,     0.000,     0.000,     0.000,     0.000,     0.000,     0.000,     0.000,        35.000,         6.967,     0.038,     0.000,     0.003,     0.017,         1.000,         1.000,         1.000,         1.000,         1.000,         1.000,         1.000,         1.000,         1.000,         0.000,         0.000,         0.000,
     4.593,    17.758,     2.000,    21.657,     0.016,    -0.015,     0.000,     0.450,     1.400,     9.130,     1.000,    22.000,     0.000,     0.000,     0.000,     0.000,     0.000,     0.000,     0.000,        35.000,         6.964,     0.038,     0.000,     0.003,     0.017,         1.000,         1.000,         1.000,         1.000,         1.000,         1.000,         1.000,         1.000,         1.000,         0.000,         0.000,         0.000,
     4.597,    22.135,     2.000,    21.540,     0.016,    -0.007,     0.000,     0.450,     1.400,     9.130,     1.000,    21.975,     0.000,     0.000,     0.000,     0.000,     0.000,     0.000,     0.000,        35.000,         6.961,     0.038,     0.000,     0.003,     0.017,         1.000,         1.000,         1.000,         1.000,         1.000,         1.000,         1.000,         1.000,         1.000,         0.000,         0.000,         0.000,
     4.601,    27.383,     2.000,    21.679,     0.017,     0.002,     0.000,     0.450,     1.400,     9.130,     1.000,    22.002,     0.000,     0.000,     0.000,     0.000,     0.000,     0.000,     0.000,        35.000,         6.958,     0.038,     0.000,     0.003,     0.017,         1.000,         1.000,         1.000,         1.000,         1.000,         1.000,         1.000,         1.000,         1.000,         0.000,         0.000,         0.000,
     4.606,    31.698,     2.000,    21.655,     0.017,     0.010,     0.000,     0.450,     1.400,     9.130,     1.000,    21.995,     0.000,     0.000,     0.000,     0.000,     0.000,     0.000,     0.000,        35.000,         6.955,     0.038,     0.000,     0.003,     0.017,         1.000,         1.000,         1.000,         1.000,         1.000,         1.000,         1.000,         1.000,         1.000,         0.000,         0.000,         0.000,
     4.610,    27.468,     2.000,    21.510,     0.018,     0.016,     0.000,     0.450,     1.400,     9.130,     1.000,    21.977,     0.000,     0.000,     0.000,     0.000,     0.000,     0.000,     0.000,        35.000,         6.952,     0.038,     0.000,     0.003,     0.017,         1.000,         1.000,         1.000,         1.000,         1.000,         1.000,         1.000,         1.000,         1.000,         0.000,         0.000,         0.000,
     4.614,    26.895,     2.000,    21.618,     0.018,     0.017,     0.000,     0.450,     1.400,     9.130,     1.000,    21.991,     0.000,     0.000,     0.000,     0.000,     0.000,     0.000,     0.000,        35.000,         6.949,     0.038,     0.000,     0.003,     0.017,         1.000,         1.000,         1.000,         1.000,         1.000,         1.000,         1.000,         1.000,         1.000,         0.000,         0.000,         0.000,
     4.618,    23.853,     2.000,    21.691,     0.017,     0.014,     0.000,     0.450,     1.400,     9.130,     1.000,    22.001,     0.000,     0.000,     0.000,     0.000,     0.000,     0.000,     0.000,        35.000,         6.947,     0.038,     0.000,     0.003,     0.017,         1.000,         1.000,         1.000,         1.000,         1.000,         1.000,         1.000,         1.000,         1.000,         0.000,         0.000,         0.000,
     4.622,    23.659,     2.000,    21.539,     0.018,     0.007,     0.000,     0.450,     1.400,     9.130,     1.000,    21.981,     0.000,     0.000,     0.000,     0.000,     0.000,     0.000,     0.000,        35.000,         6.944,     0.038,     0.000,     0.003,     0.017,         1.000,         1.000,         1.000,         1.000,         1.000,         1.000,         1.000,         1.000,         1.000,         0.000,         0.000,         0.000,
     4.627,    18.072,     2.000,    21.645,     0.017,    -0.007,     0.000,     0.450,     1.400,     9.130,     1.000,    21.994,     0.000,     0.000,     0.000,     0.000,     0.000,     0.000,     0.000,        35.000,         6.941,     0.038,     0.000,     0.003,     0.017,         1.000,         1.000,         1.000,         1.000,         1.000,         1.000,         1.000,         1.000,         1.000,         0.000,         0.000,         0.000,
     4.631,    22.698,     2.000,    21.699,     0.016,    -0.021,     0.000,     0.450,     1.400,     9.130,     1.000,    22.003,     0.000,     0.000,     0.000,     0.000,     0.000,     0.000,     0.000,        35.000,         6.938,     0.038,     0.000,     0.003,     0.017,         1.000,         1.000,         1.000,         1.000,         1.000,         1.000,         1.000,         1.000,         1.000,         0.000,         0.000,         0.000,
     4.635,    34.619,     2.000,    21.572,     0.016,    -0.026,     0.000,     0.450,     1.400,     9.130,     1.000,    21.972,     0.000,     0.000,     0.000,     0.000,     0.000,     0.000,     0.000,        35.000,         6.935,     0.038,     0.000,     0.003,     0.017,         1.000,         1.000,         1.000,         1.000,         1.000,         1.000,         1.000,         1.000,         1.000,         0.000,         0.000,         0.000,
     4.639,    39.660,     2.000,    21.633,     0.016,    -0.018,     0.000,     0.450,     1.400,     9.130,     1.000,    21.994,     0.000,     0.000,     0.000,     0.000,     0.000,     0.000,     0.000,        35.000,         6.932,     0.038,     0.000,     0.003,     0.017,         1.000,         1.000,         1.000,         1.000,         1.000,         1.000,         1.000,         1.000,         1.000,         0.000,         0.000,         0.000,
     4.643,    30.197,     2.000,    21.586,     0.016,     0.001,     0.000,     0.450,     1.400,     9.130,     1.000,    21.979,     0.000,     0.000,     0.000,     0.000,     0.000,     0.000,     0.000,        35.000,         6.929,     0.038,     0.000,     0.003,     0.017,         1.000,         1.000,         1.000,         1.000,         1.000,         1.000,         1.000,         1.000,         1.000,         0.000,         0.000,         0.000,
     4.647,    28.054,     2.000,    21.518,     0.017,     0.017,     0.000,     0.450,     1.400,     9.130,     1.000,    21.968,     0.000,     0.000,     0.000,     0.000,     0.000,     0.000,     0.000,        35.000,         6.926,     0.038,     0.000,     0.003,     0.017,         1.000,         1.000,         1.000,         1.000,         1.000,         1.000,         1.000,         1.000,         1.000,         0.000,         0.000,         0.000,
     4.652,    25.707,     2.000,    21.726,     0.017,     0.027,     0.000,     0.450,     1.400,     9.130,     1.000,    21.994,     0.000,     0.000,     0.000,     0.000,     0.000,     0.000,     0.000,        35.000,         6.923,     0.038,     0.000,     0.003,     0.017,         1.000,         1.000,         1.000,         1.000,         1.000,         1.000,         1.000,         1.000,         1.000,         0.000,         0.000,         0.000,
     4.656,    25.955,     2.000,    21.504,     0.017,     0.027,     0.000,     0.450,     1.400,     9.130,     1.000,    21.967,     0.000,     0.000,     0.000,     0.000,     0.000,     0.000,     0.000,        35.000,         6.920,     0.039,     0.000,     0.003,     0.017,         1.000,         1.000,         1.000,         1.000,         1.000,         1.000,         1.000,         1.000,         1.000,         0.000,         0.000,         0.000,
     4.660,    25.899,     2.000,    21.677,     0.018,     0.015,     0.000,     0.450,     1.400,     9.130,     1.000,    21.999,     0.000,     0.000,     0.000,     0.000,     0.000,     0.000,     0.000,        35.000,         6.917,     0.039,     0.000,     0.003,     0.017,         1.000,         1.000,         1.000,         1.000,         1.000,         1.000,         1.000,         1.000,         1.000,         0.000,         0.000,         0.000,
     4.664,    27.770,     2.000,    21.753,     0.017,    -0.002,     0.000,     0.450,     1.400,     9.130,     1.000,    22.012,     0.000,     0.000,     0.000,     0.000,     0.000,     0.000,     0.000,        35.000,         6.914,     0.039,     0.000,     0.003,     0.017,         1.000,         1.000,         1.000,         1.000,         1.000,         1.000,         1.000,         1.000,         1.000,         0.000,         0.000,         0.000,
     4.668,    25.259,     2.000,    21.626,     0.017,    -0.020,     0.000,     0.450,     1.400,     9.130,     1.000,    21.995,     0.000,     0.000,     0.000,     0.000,     0.000,     0.000,     0.000,        35.000,         6.912,     0.039,     0.000,     0.003,     0.017,         1.000,         1.000,         1.000,         1.000,         1.000,         1.000,         1.000,         1.000,         1.000,         0.000,         0.000,         0.000,
     4.673,    31.335,     2.000,    21.723,     0.016,    -0.034,     0.000,     0.450,     1.400,     9.130,     1.000,    22.005,     0.000,     0.000,     0.000,     0.000,     0.000,     0.000,     0.000,        35.000,         6.909,     0.039,     0.000,     0.003,     0.017,         1.000,         1.000,         1.000,         1.000,         1.000,         1.000,         1.000,         1.000,         1.000,         0.000,         0.000,         0.000,
     4.677,    28.874,     2.000,    21.701,     0.017,    -0.034,     0.000,     0.450,     1.400,     9.130,     1.000,    21.993,     0.000,     0.000,     0.000,     0.000,     0.000,     0.000,     0.000,        35.000,         6.906,     0.039,     0.000,     0.003,     0.017,         1.000,         1.000,         1.000,         1.000,         1.000,         1.000,         1.000,         1.000,         1.000,         0.000,         0.000,         0.000,
     4.681,    22.977,     2.000,    21.672,     0.017,    -0.021,     0.000,     0.450,     1.400,     9.130,     1.000,    22.002,     0.000,     0.000,     0.000,     0.000,     0.000,     0.000,     0.000,        35.000,         6.903,     0.039,     0.000,     0.003,     0.017,         1.000,         1.000,         1.000,         1.000,         1.000,         1.000,         1.000,         1.000,         1.000,         0.000,         0.000,         0.000,
     4.685,    22.692,     2.000,    21.792,     0.017,     0.000,     0.000,     0.450,     1.400,     9.130,     1.000,    22.016,     0.000,     0.000,     0.000,     0.000,     0.000,     0.000,     0.000,        35.000,         6.900,     0.039,     0.000,     0.003,     0.017,         1.000,         1.000,         1.000,         1.000,         1.000,         1.000,         1.000,         1.000,         1.000,         0.000,         0.000,         0.000,
     4.689,    30.474,     2.000,    21.564,     0.018,     0.024,     0.000,     0.450,     1.400,     9.130,     1.000,    21.961,     0.000,     0.000,     0.000,     0.000,     0.000,     0.000,     0.000,        35.000,         6.897,     0.039,     0.000,     0.003,     0.017,         1.000,         1.000,         1.000,         1.000,         1.000,         1.000,         1.000,         1.000,         1.000,         0.000,         0.000,         0.000,
     4.693,    28.442,     2.000,    21.639,     0.019,     0.034,     0.000,     0.450,     1.400,     9.130,     1.000,    21.999,     0.000,     0.000,     0.000,     0.000,     0.000,     0.000,     0.000,        35.000,         6.894,     0.039,     0.000,     0.003,     0.017,         1.000,         1.000,         1.000,         1.000,         1.000,         1.000,         1.000,         1.000,         1.000,         0.000,         0.000,         0.000,
     4.697,    26.679,     2.000,    21.659,     0.015,     0.032,     0.000,     0.450,     1.400,     9.130,     1.000,    21.996,     0.000,     0.000,     0.000,     0.000,     0.000,     0.000,     0.000,        35.000,         6.891,     0.039,     0.000,     0.003,     0.017,         1.000,         1.000,         1.000,         1.000,         1.000,         1.000,         1.000,         1.000,         1.000,         0.000,         0.000,         0.000,
     4.701,    16.290,     2.000,    21.513,     0.016,     0.021,     0.000,     0.450,     1.400,     9.130,     1.000,    21.974,     0.000,     0.000,     0.000,     0.000,     0.000,     0.000,     0.000,        35.000,         6.888,     0.039,     0.000,     0.003,     0.018,         1.000,         1.000,         1.000,         1.000,         1.000,         1.000,         1.000,         1.000,         1.000,         0.000,         0.000,         0.000,
     4.706,    22.552,     2.000,    21.694,     0.016,     0.001,     0.000,     0.450,     1.400,     9.130,     1.000,    22.000,     0.000,     0.000,     0.000,     0.000,     0.000,     0.000,     0.000,        35.000,         6.886,     0.039,     0.000,     0.003,     0.018,         1.000,         1.000,         1.000,         1.000,         1.000,         1.000,         1.000,         1.000,         1.000,         0.000,         0.000,         0.000,
     4.710,    27.064,     2.000,    21.637,     0.016,    -0.019,     0.000,     0.450,     1.400,     9.130,     1.000,    21.981,     0.000,     0.000,     0.000,     0.000,     0.000,     0.000,     0.000,        35.000,         6.883,     0.039,     0.000,     0.003,     0.018,         1.000,         1.000,         1.000,         1.000,         1.000,         1.000,         1.000,         1.000,         1.000,         0.000,         0.000,         0.000,
     4.714,    29.365,     2.000,    21.641,     0.016,    -0.034,     0.000,     0.450,     1.400,     9.130,     1.000,    21.994,     0.000,     0.000,     0.000,     0.000,     0.000,     0.000,     0.000,        35.000,         6.880,     0.039,     0.000,     0.003,     0.018,         1.000,         1.000,         1.000,         1.000,         1.000,         1.000,         1.000,         1.000,         1.000,         0.000,         0.000,         0.000,
     4.718,    30.289,     2.000,    21.706,     0.015,    -0.031,     0.000,     0.450,     1.400,     9.130,     1.000,    22.002,     0.000,     0.000,     0.000,     0.000,     0.000,     0.000,     0.000,        35.000,         6.877,     0.039,     0.000,     0.003,     0.018,         1.000,         1.000,         1.000,         1.000,         1.000,         1.000,         1.000,         1.000,         1.000,         0.000,         0.000,         0.000,
     4.722,    27.278,     2.000,    21.494,     0.016,    -0.014,     0.000,     0.450,     1.400,     9.130,     1.000,    21.962,     0.000,     0.000,     0.000,     0.000,     0.000,     0.000,     0.000,        35.000,         6.874,     0.039,     0.000,     0.003,     0.018,         1.000,         1.000,         1.000,         1.000,         1.000,         1.000,         1.000,         1.000,         1.000,         0.000,         0.000,         0.000,
     4.727,    24.749,     2.000,    21.614,     0.016,     0.003,     0.000,     0.450,     1.400,     9.130,     1.000,    21.983,     0.000,     0.000,     0.000,     0.000,     0.000,     0.000,     0.000,        35.000,         6.871,     0.039,     0.000,     0.003,     0.018,         1.000,         1.000,         1.000,         1.000,         1.000,         1.000,         1.000,         1.000,         1.000,         0.000,         0.000,         0.000,
     4.731,    17.614,     2.000,    21.610,     0.016,     0.017,     0.000,     0.450,     1.400,     9.130,     1.000,    21.980,     0.000,     0.000,     0.000,     0.000,     0.000,     0.000,     0.000,        35.000,         6.868,     0.039,     0.000,     0.003,     0.018,         1.000,         1.000,         1.000,         1.000,         1.000,         1.000,         1.000,         1.000,         1.000,         0.000,         0.000,         0.000,
     4.735,    24.494,     2.000,    21.574,     0.017,     0.025,     0.000,     0.450,     1.400,     9.130,     1.000,    21.961,     0.000,     0.000,     0.000,     0.000,     0.000,     0.000,     0.000,        35.000,         6.865,     0.039,     0.000,     0.003,     0.018,         1.000,         1.000,         1.000,         1.000,         1.000,         1.000,         1.000,         1.000,         1.000,         0.000,         0.000,         0.000,
     4.739,    29.917,     2.000,    21.564,     0.018,     0.023,     0.000,     0.450,     1.400,     9.130,     1.000,    21.976,     0.000,     0.000,     0.000,     0.000,     0.000,     0.000,     0.000,        35.000,         6.862,     0.039,     0.000,     0.003,     0.018,         1.000,         1.000,         1.000,         1.000,         1.000,         1.000,         1.000,         1.000,         1.000,         0.000,         0.000,         0.000,
     4.743,    27.594,     2.000,    21.660,     0.017,     0.015,     0.000,     0.450,     1.400,     9.130,     1.000,    21.993,     0.000,     0.000,     0.000,     0.000,     0.000,     0.000,     0.000,        35.000,         6.859,     0.039,     0.000,     0.003,     0.018,         1.000,         1.000,         1.000,         1.000,         1.000,         1.000,         1.000,         1.000,         1.000,         0.000,         0.000,         0.000,
     4.747,    26.528,     2.000,    21.643,     0.016,     0.005,     0.000,     0.450,     1.400,     9.130,     1.000,    21.983,     0.000,     0.000,     0.000,     0.000,     0.000,     0.000,     0.000,        35.000,         6.857,     0.039,     0.000,     0.003,     0.018,         1.000,         1.000,         1.000,         1.000,         1.000,         1.000,         1.000,         1.000,         1.000,         0.000,         0.000,         0.000,
     4.752,    26.129,     2.000,    21.526,     0.017,    -0.010,     0.000,     0.450,     1.400,     9.130,     1.000,    21.967,     0.000,     0.000,     0.000,     0.000,     0.000,     0.000,     0.000,        35.000,         6.854,     0.039,     0.000,     0.003,     0.018,         1.000,         1.000,         1.000,         1.000,         1.000,         1.000,         1.000,         1.000,         1.000,         0.000,         0.000,         0.000,
     4.756,    29.030,     2.000,    21.658,     0.016,    -0.020,     0.000,     0.450,     1.400,     9.130,     1.000,    21.996,     0.000,     0.000,     0.000,     0.000,     0.000,     0.000,     0.000,        35.000,         6.851,     0.039,     0.000,     0.003,     0.018,         1.000,         1.000,         1.000,         1.000,         1.000,         1.000,         1.000,         1.000,         1.000,         0.000,         0.000,         0.000,
     4.760,    26.857,     2.000,    21.682,     0.016,    -0.018,     0.000,     0.450,     1.400,     9.130,     1.000,    21.992,     0.000,     0.000,     0.000,     0.000,     0.000,     0.000,     0.000,        35.000,         6.848,     0.039,     0.000,     0.003,     0.018,         1.000,         1.000,         1.000,         1.000,         1.000,         1.000,         1.000,         1.000,         1.000,         0.000,         0.000,         0.000,
     4.764,    24.541,     2.000,    21.547,     0.016,    -0.009,     0.000,     0.450,     1.400,     9.130,     1.000,    21.974,     0.000,     0.000,     0.000,     0.000,     0.000,     0.000,     0.000,        35.000,         6.845,     0.039,     0.000,     0.003,     0.018,         1.000,         1.000,         1.000,         1.000,         1.000,         1.000,         1.000,         1.000,         1.000,         0.000,         0.000,         0.000,
     4.768,    21.206,     2.000,    21.651,     0.017,    -0.003,     0.000,     0.450,     1.400,     9.130,     1.000,    21.993,     0.000,     0.000,     0.000,     0.000,     0.000,     0.000,     0.000,        35.000,         6.842,     0.039,     0.000,     0.003,     0.018,         1.000,         1.000,         1.000,         1.000,         1.000,         1.000,         1.000,         1.000,         1.000,         0.000,         0.000,         0.000,
     4.773,    20.516,     2.000,    21.668,     0.016,     0.003,     0.000,     0.450,     1.400,     9.130,     1.000,    21.990,     0.000,     0.000,     0.000,     0.000,     0.000,     0.000,     0.000,        35.000,         6.839,     0.039,     0.000,     0.003,     0.018,         1.000,         1.000,         1.000,         1.000,         1.000,         1.000,         1.000,         1.000,         1.000,         0.000,         0.000,         0.000,
     4.777,    22.058,     2.000,    21.512,     0.017,     0.005,     0.000,     0.450,     1.400,     9.130,     1.000,    21.966,     0.000,     0.000,     0.000,     0.000,     0.000,     0.000,     0.000,        35.000,         6.836,     0.040,     0.000,     0.003,     0.018,         1.000,         1.000,         1.000,         1.000,         1.000,         1.000,         1.000,         1.000,         1.000,         0.000,         0.000,         0.000,
     4.781,    23.593,     2.000,    21.642,     0.018,     0.005,     0.000,     0.450,     1.400,     9.130,     1.000,    21.992,     0.000,     0.000,     0.000,     0.000,     0.000,     0.000,     0.000,        35.000,         6.833,     0.040,     0.000,     0.003,     0.018,         1.000,         1.000,         1.000,         1.000,         1.000,         1.000,         1.000,         1.000,         1.000,         0.000,         0.000,         0.000,
     4.785,    24.483,     2.000,    21.715,     0.017,     0.005,     0.000,     0.450,     1.400,     9.130,     1.000,    22.002,     0.000,     0.000,     0.000,     0.000,     0.000,     0.000,     0.000,        35.000,         6.831,     0.040,     0.000,     0.003,     0.018,         1.000,         1.000,         1.000,         1.000,         1.000,         1.000,         1.000,         1.000,         1.000,         0.000,         0.000,         0.000,
     4.789,    27.593,     2.000,    21.568,     0.018,     0.003,     0.000,     0.450,     1.400,     9.130,     1.000,    21.984,     0.000,     0.000,     0.000,     0.000,     0.000,     0.000,     0.000,        35.000,         6.828,     0.040,     0.000,     0.003,     0.018,         1.000,         1.000,         1.000,         1.000,         1.000,         1.000,         1.000,         1.000,         1.000,         0.000,         0.000,         0.000,
     4.794,    37.664,     2.000,    21.754,     0.018,    -0.003,     0.000,     0.450,     1.400,     9.130,     1.000,    22.010,     0.000,     0.000,     0.000,     0.000,     0.000,     0.000,     0.000,        35.000,         6.825,     0.040,     0.000,     0.003,     0.018,         1.000,         1.000,         1.000,         1.000,         1.000,         1.000,         1.000,         1.000,         1.000,         0.000,         0.000,         0.000,
     4.797,    27.104,     2.000,    21.640,     0.017,    -0.002,     0.000,     0.450,     1.400,     9.130,     1.000,    21.995,     0.000,     0.000,     0.000,     0.000,     0.000,     0.000,     0.000,        35.000,         6.822,     0.040,     0.000,     0.003,     0.018,         1.000,         1.000,         1.000,         1.000,         1.000,         1.000,         1.000,         1.000,         1.000,         0.000,         0.000,         0.000,
     4.802,    20.571,     2.000,    21.666,     0.017,     0.001,     0.000,     0.450,     1.400,     9.130,     1.000,    21.998,     0.000,     0.000,     0.000,     0.000,     0.000,     0.000,     0.000,        35.000,         6.819,     0.040,     0.000,     0.003,     0.018,         1.000,         1.000,         1.000,         1.000,         1.000,         1.000,         1.000,         1.000,         1.000,         0.000,         0.000,         0.000,
     4.806,    22.960,     2.000,    21.578,     0.017,     0.004,     0.000,     0.450,     1.400,     9.130,     1.000,    21.979,     0.000,     0.000,     0.000,     0.000,     0.000,     0.000,     0.000,        35.000,         6.816,     0.040,     0.000,     0.003,     0.018,         1.000,         1.000,         1.000,         1.000,         1.000,         1.000,         1.000,         1.000,         1.000,         0.000,         0.000,         0.000,
     4.810,    25.947,     2.000,    21.734,     0.018,    -0.001,     0.000,     0.450,     1.400,     9.130,     1.000,    22.012,     0.000,     0.000,     0.000,     0.000,     0.000,     0.000,     0.000,        35.000,         6.813,     0.040,     0.000,     0.003,     0.018,         1.000,         1.000,         1.000,         1.000,         1.000,         1.000,         1.000,         1.000,         1.000,         0.000,         0.000,         0.000,
     4.814,    25.604,     2.000,    21.769,     0.017,    -0.005,     0.000,     0.450,     1.400,     9.130,     1.000,    22.014,     0.000,     0.000,     0.000,     0.000,     0.000,     0.000,     0.000,        35.000,         6.810,     0.040,     0.000,     0.003,     0.018,         1.000,         1.000,         1.000,         1.000,         1.000,         1.000,         1.000,         1.000,         1.000,         0.000,         0.000,         0.000,
     4.818,    28.578,     2.000,    21.598,     0.017,    -0.004,     0.000,     0.450,     1.400,     9.130,     1.000,    21.977,     0.000,     0.000,     0.000,     0.000,     0.000,     0.000,     0.000,        35.000,         6.808,     0.040,     0.000,     0.003,     0.018,         1.000,         1.000,         1.000,         1.000,         1.000,         1.000,         1.000,         1.000,         1.000,         0.000,         0.000,         0.000,
     4.823,    20.797,     2.000,    21.694,     0.018,    -0.003,     0.000,     0.450,     1.400,     9.130,     1.000,    22.008,     0.000,     0.000,     0.000,     0.000,     0.000,     0.000,     0.000,        35.000,         6.805,     0.040,     0.000,     0.003,     0.018,         1.000,         1.000,         1.000,         1.000,         1.000,         1.000,         1.000,         1.000,         1.000,         0.000,         0.000,         0.000,
     4.827,    20.765,     2.000,    21.734,     0.018,    -0.003,     0.000,     0.450,     1.400,     9.130,     1.000,    22.022,     0.000,     0.000,     0.000,     0.000,     0.000,     0.000,     0.000,        35.000,         6.802,     0.040,     0.000,     0.003,     0.018,         1.000,         1.000,         1.000,         1.000,         1.000,         1.000,         1.000,         1.000,         1.000,         0.000,         0.000,         0.000,
     4.831,    29.710,     2.000,    21.640,     0.016,    -0.000,     0.000,     0.450,     1.400,     9.130,     1.000,    21.994,     0.000,     0.000,     0.000,     0.000,     0.000,     0.000,     0.000,        35.000,         6.799,     0.040,     0.000,     0.003,     0.018,         1.000,         1.000,         1.000,         1.000,         1.000,         1.000,         1.000,         1.000,         1.000,         0.000,         0.000,         0.000,
     4.835,    31.046,     2.000,    21.544,     0.017,     0.003,     0.000,     0.450,     1.400,     9.130,     1.000,    21.979,     0.000,     0.000,     0.000,     0.000,     0.000,     0.000,     0.000,        35.000,         6.796,     0.040,     0.000,     0.003,     0.018,         1.000,         1.000,         1.000,         1.000,         1.000,         1.000,         1.000,         1.000,         1.000,         0.000,         0.000,         0.000,
     4.839,    26.912,     2.000,    21.651,     0.015,     0.007,     0.000,     0.450,     1.400,     9.130,     1.000,    21.988,     0.000,     0.000,     0.000,     0.000,     0.000,     0.000,     0.000,        35.000,         6.793,     0.040,     0.000,     0.003,     0.018,         1.000,         1.000,         1.000,         1.000,         1.000,         1.000,         1.000,         1.000,         1.000,         0.000,         0.000,         0.000,
     4.843,    24.054,     2.000,    21.550,     0.017,     0.009,     0.000,     0.450,     1.400,     9.130,     1.000,    21.972,     0.000,     0.000,     0.000,     0.000,     0.000,     0.000,     0.000,        35.000,         6.790,     0.040,     0.000,     0.003,     0.018,         1.000,         1.000,         1.000,         1.000,         1.000,         1.000,         1.000,         1.000,         1.000,         0.000,         0.000,         0.000,
     4.847,    23.709,     2.000,    21.758,     0.017,     0.005,     0.000,     0.450,     1.400,     9.130,     1.000,    22.008,     0.000,     0.000,     0.000,     0.000,     0.000,     0.000,     0.000,        35.000,         6.788,     0.040,     0.000,     0.003,     0.018,         1.000,         1.000,         1.000,         1.000,         1.000,         1.000,         1.000,         1.000,         1.000,         0.000,         0.000,         0.000,
     4.852,    22.775,     2.000,    21.674,     0.017,    -0.001,     0.000,     0.450,     1.400,     9.130,     1.000,    21.991,     0.000,     0.000,     0.000,     0.000,     0.000,     0.000,     0.000,        35.000,         6.785,     0.040,     0.000,     0.003,     0.018,         1.000,         1.000,         1.000,         1.000,         1.000,         1.000,         1.000,         1.000,         1.000,         0.000,         0.000,         0.000,
     4.856,    24.397,     2.000,    21.654,     0.018,    -0.009,     0.000,     0.450,     1.400,     9.130,     1.000,    21.995,     0.000,     0.000,     0.000,     0.000,     0.000,     0.000,     0.000,        35.000,         6.782,     0.040,     0.000,     0.003,     0.018,         1.000,         1.000,         1.000,         1.000,         1.000,         1.000,         1.000,         1.000,         1.000,         0.000,         0.000,         0.000,
     4.860,    27.894,     2.000,    21.770,     0.017,    -0.009,     0.000,     0.450,     1.400,     9.130,     1.000,    22.007,     0.000,     0.000,     0.000,     0.000,     0.000,     0.000,     0.000,        35.000,         6.779,     0.040,     0.000,     0.003,     0.018,         1.000,         1.000,         1.000,         1.000,         1.000,         1.000,         1.000,         1.000,         1.000,         0.000,         0.000,         0.000,
     4.864,    19.021,     2.000,    21.551,     0.018,    -0.008,     0.000,     0.450,     1.400,     9.130,     1.000,    21.980,     0.000,     0.000,     0.000,     0.000,     0.000,     0.000,     0.000,        35.000,         6.776,     0.040,     0.000,     0.003,     0.018,         1.000,         1.000,         1.000,         1.000,         1.000,         1.000,         1.000,         1.000,         1.000,         0.000,         0.000,         0.000,
     4.868,    25.391,     2.000,    21.665,     0.018,    -0.005,     0.000,     0.450,     1.400,     9.130,     1.000,    21.997,     0.000,     0.000,     0.000,     0.000,     0.000,     0.000,     0.000,        35.000,         6.773,     0.040,     0.000,     0.003,     0.018,         1.000,         1.000,         1.000,         1.000,         1.000,         1.000,         1.000,         1.000,         1.000,         0.000,         0.000,         0.000,
     4.872,    26.367,     2.000,    21.766,     0.017,    -0.000,     0.000,     0.450,     1.400,     9.130,     1.000,    21.998,     0.000,     0.000,     0.000,     0.000,     0.000,     0.000,     0.000,        35.000,         6.770,     0.040,     0.000,     0.003,     0.018,         1.000,         1.000,         1.000,         1.000,         1.000,         1.000,         1.000,         1.000,         1.000,         0.000,         0.000,         0.000,
     4.877,    22.646,     2.000,    21.534,     0.019,     0.004,     0.000,     0.450,     1.400,     9.130,     1.000,    21.982,     0.000,     0.000,     0.000,     0.000,     0.000,     0.000,     0.000,        35.000,         6.768,     0.040,     0.000,     0.003,     0.018,         1.000,         1.000,         1.000,         1.000,         1.000,         1.000,         1.000,         1.000,         1.000,         0.000,         0.000,         0.000,
     4.881,    18.860,     2.000,    21.721,     0.018,     0.007,     0.000,     0.450,     1.400,     9.130,     1.000,    22.014,     0.000,     0.000,     0.000,     0.000,     0.000,     0.000,     0.000,        35.000,         6.765,     0.040,     0.000,     0.003,     0.018,         1.000,         1.000,         1.000,         1.000,         1.000,         1.000,         1.000,         1.000,         1.000,         0.000,         0.000,         0.000,
     4.885,    22.915,     2.000,    21.720,     0.017,     0.010,     0.000,     0.450,     1.400,     9.130,     1.000,    22.008,     0.000,     0.000,     0.000,     0.000,     0.000,     0.000,     0.000,        35.000,         6.762,     0.040,     0.000,     0.003,     0.018,         1.000,         1.000,         1.000,         1.000,         1.000,         1.000,         1.000,         1.000,         1.000,         0.000,         0.000,         0.000,
     4.889,    29.678,     2.000,    21.578,     0.018,     0.011,     0.000,     0.450,     1.400,     9.130,     1.000,    21.973,     0.000,     0.000,     0.000,     0.000,     0.000,     0.000,     0.000,        35.000,         6.759,     0.040,     0.000,     0.003,     0.018,         1.000,         1.000,         1.000,         1.000,         1.000,         1.000,         1.000,         1.000,         1.000,         0.000,         0.000,         0.000,
     4.893,    25.984,     2.000,    21.689,     0.018,     0.002,     0.000,     0.450,     1.400,     9.130,     1.000,    22.006,     0.000,     0.000,     0.000,     0.000,     0.000,     0.000,     0.000,        35.000,         6.756,     0.040,     0.000,     0.003,     0.018,         1.000,         1.000,         1.000,         1.000,         1.000,         1.000,         1.000,         1.000,         1.000,         0.000,         0.000,         0.000,
     4.898,    25.856,     2.000,    21.740,     0.017,    -0.005,     0.000,     0.450,     1.400,     9.130,     1.000,    22.013,     0.000,     0.000,     0.000,     0.000,     0.000,     0.000,     0.000,        35.000,         6.753,     0.041,     0.000,     0.003,     0.018,         1.000,         1.000,         1.000,         1.000,         1.000,         1.000,         1.000,         1.000,         1.000,         0.000,         0.000,         0.000,
     4.902,    17.067,     2.000,    21.587,     0.017,    -0.010,     0.000,     0.450,     1.400,     9.130,     1.000,    21.988,     0.000,     0.000,     0.000,     0.000,     0.000,     0.000,     0.000,        35.000,         6.751,     0.041,     0.000,     0.003,     0.018,         1.000,         1.000,         1.000,         1.000,         1.000,         1.000,         1.000,         1.000,         1.000,         0.000,         0.000,         0.000,
     4.906,    27.657,     2.000,    21.684,     0.017,    -0.012,     0.000,     0.450,     1.400,     9.130,     1.000,    21.999,     0.000,     0.000,     0.000,     0.000,     0.000,     0.000,     0.000,        35.000,         6.748,     0.041,     0.000,     0.003,     0.018,         1.000,         1.000,         1.000,         1.000,         1.000,         1.000,         1.000,         1.000,         1.000,         0.000,         0.000,         0.000,
     4.910,    30.458,     2.000,    21.732,     0.017,    -0.006,     0.000,     0.450,     1.400,     9.130,     1.000,    21.994,     0.000,     0.000,     0.000,     0.000,     0.000,     0.000,     0.000,        35.000,         6.745,     0.041,     0.000,     0.003,     0.018,         1.000,         1.000,         1.000,         1.000,         1.000,         1.000,         1.000,         1.000,         1.000,         0.000,         0.000,         0.000,
     4.914,    30.322,     2.000,    21.667,     0.018,    -0.001,     0.000,     0.450,     1.400,     9.130,     1.000,    21.995,     0.000,     0.000,     0.000,     0.000,     0.000,     0.000,     0.000,        35.000,         6.742,     0.041,     0.000,     0.003,     0.018,         1.000,         1.000,         1.000,         1.000,         1.000,         1.000,         1.000,         1.000,         1.000,         0.000,         0.000,         0.000,
     4.918,    25.260,     2.000,    21.761,     0.017,     0.004,     0.000,     0.450,     1.400,     9.130,     1.000,    22.010,     0.000,     0.000,     0.000,     0.000,     0.000,     0.000,     0.000,        35.000,         6.739,     0.041,     0.000,     0.003,     0.018,         1.000,         1.000,         1.000,         1.000,         1.000,         1.000,         1.000,         1.000,         1.000,         0.000,         0.000,         0.000,
     4.923,    21.163,     2.000,    21.604,     0.018,     0.008,     0.000,     0.450,     1.400,     9.130,     1.000,    21.985,     0.000,     0.000,     0.000,     0.000,     0.000,     0.000,     0.000,        35.000,         6.736,     0.041,     0.000,     0.003,     0.018,         1.000,         1.000,         1.000,         1.000,         1.000,         1.000,         1.000,         1.000,         1.000,         0.000,         0.000,         0.000,
     4.927,    24.900,     2.000,    21.660,     0.018,     0.009,     0.000,     0.450,     1.400,     9.130,     1.000,    21.990,     0.000,     0.000,     0.000,     0.000,     0.000,     0.000,     0.000,        35.000,         6.733,     0.041,     0.000,     0.003,     0.018,         1.000,         1.000,         1.000,         1.000,         1.000,         1.000,         1.000,         1.000,         1.000,         0.000,         0.000,         0.000,
     4.931,    25.477,     2.000,    21.719,     0.017,     0.009,     0.000,     0.450,     1.400,     9.130,     1.000,    21.990,     0.000,     0.000,     0.000,     0.000,     0.000,     0.000,     0.000,        35.000,         6.731,     0.041,     0.000,     0.003,     0.018,         1.000,         1.000,         1.000,         1.000,         1.000,         1.000,         1.000,         1.000,         1.000,         0.000,         0.000,         0.000,
     4.935,    20.082,     2.000,    21.535,     0.018,     0.002,     0.000,     0.450,     1.400,     9.130,     1.000,    21.979,     0.000,     0.000,     0.000,     0.000,     0.000,     0.000,     0.000,        35.000,         6.728,     0.041,     0.000,     0.003,     0.018,         1.000,         1.000,         1.000,         1.000,         1.000,         1.000,         1.000,         1.000,         1.000,         0.000,         0.000,         0.000,
     4.939,    27.363,     2.000,    21.731,     0.018,    -0.009,     0.000,     0.450,     1.400,     9.130,     1.000,    22.016,     0.000,     0.000,     0.000,     0.000,     0.000,     0.000,     0.000,        35.000,         6.725,     0.041,     0.000,     0.003,     0.018,         1.000,         1.000,         1.000,         1.000,         1.000,         1.000,         1.000,         1.000,         1.000,         0.000,         0.000,         0.000,
     4.943,    28.595,     2.000,    21.729,     0.016,    -0.011,     0.000,     0.450,     1.400,     9.130,     1.000,    22.000,     0.000,     0.000,     0.000,     0.000,     0.000,     0.000,     0.000,        35.000,         6.722,     0.041,     0.000,     0.003,     0.018,         1.000,         1.000,         1.000,         1.000,         1.000,         1.000,         1.000,         1.000,         1.000,         0.000,         0.000,         0.000,
     4.948,    23.932,     2.000,    21.642,     0.017,    -0.010,     0.000,     0.450,     1.400,     9.130,     1.000,    21.996,     0.000,     0.000,     0.000,     0.000,     0.000,     0.000,     0.000,        35.000,         6.719,     0.041,     0.000,     0.003,     0.018,         1.000,         1.000,         1.000,         1.000,         1.000,         1.000,         1.000,         1.000,         1.000,         0.000,         0.000,         0.000,
     4.952,    23.988,     2.000,    21.768,     0.017,    -0.004,     0.000,     0.450,     1.400,     9.130,     1.000,    22.009,     0.000,     0.000,     0.000,     0.000,     0.000,     0.000,     0.000,        35.000,         6.716,     0.041,     0.000,     0.003,     0.018,         1.000,         1.000,         1.000,         1.000,         1.000,         1.000,         1.000,         1.000,         1.000,         0.000,         0.000,         0.000,
     4.956,    25.600,     2.000,    21.632,     0.017,     0.001,     0.000,     0.450,     1.400,     9.130,     1.000,    21.983,     0.000,     0.000,     0.000,     0.000,     0.000,     0.000,     0.000,        35.000,         6.714,     0.041,     0.000,     0.003,     0.018,         1.000,         1.000,         1.000,         1.000,         1.000,         1.000,         1.000,         1.000,         1.000,         0.000,         0.000,         0.000,
     4.960,    32.928,     2.000,    21.666,     0.018,     0.006,     0.000,     0.450,     1.400,     9.130,     1.000,    21.998,     0.000,     0.000,     0.000,     0.000,     0.000,     0.000,     0.000,        35.000,         6.711,     0.041,     0.000,     0.003,     0.018,         1.000,         1.000,         1.000,         1.000,         1.000,         1.000,         1.000,         1.000,         1.000,         0.000,         0.000,         0.000,
     4.964,    25.704,     2.000,    21.724,     0.018,     0.012,     0.000,     0.450,     1.400,     9.130,     1.000,    22.001,     0.000,     0.000,     0.000,     0.000,     0.000,     0.000,     0.000,        35.000,         6.708,     0.041,     0.000,     0.003,     0.018,         1.000,         1.000,         1.000,         1.000,         1.000,         1.000,         1.000,         1.000,         1.000,         0.000,         0.000,         0.000,
     4.968,    24.451,     2.000,    21.553,     0.019,     0.011,     0.000,     0.450,     1.400,     9.130,     1.000,    21.978,     0.000,     0.000,     0.000,     0.000,     0.000,     0.000,     0.000,        35.000,         6.705,     0.041,     0.000,     0.003,     0.018,         1.000,         1.000,         1.000,         1.000,         1.000,         1.000,         1.000,         1.000,         1.000,         0.000,         0.000,         0.000,
     4.973,    26.026,     2.000,    21.740,     0.018,     0.002,     0.000,     0.450,     1.400,     9.130,     1.000,    22.014,     0.000,     0.000,     0.000,     0.000,     0.000,     0.000,     0.000,        35.000,         6.702,     0.041,     0.000,     0.003,     0.019,         1.000,         1.000,         1.000,         1.000,         1.000,         1.000,         1.000,         1.000,         1.000,         0.000,         0.000,         0.000,
     4.977,    28.309,     2.000,    21.678,     0.017,    -0.004,     0.000,     0.450,     1.400,     9.130,     1.000,    21.990,     0.000,     0.000,     0.000,     0.000,     0.000,     0.000,     0.000,        35.000,         6.699,     0.041,     0.000,     0.003,     0.019,         1.000,         1.000,         1.000,         1.000,         1.000,         1.000,         1.000,         1.000,         1.000,         0.000,         0.000,         0.000,
     4.981,    36.812,     2.000,    21.724,     0.016,    -0.010,     0.000,     0.450,     1.400,     9.130,     1.000,    22.001,     0.000,     0.000,     0.000,     0.000,     0.000,     0.000,     0.000,        35.000,         6.697,     0.041,     0.000,     0.003,     0.019,         1.000,         1.000,         1.000,         1.000,         1.000,         1.000,         1.000,         1.000,         1.000,         0.000,         0.000,         0.000,
     4.985,    30.706,     2.000,    21.572,     0.012,    -0.008,     0.000,     0.450,     1.400,     9.130,     1.000,    21.963,     0.000,     0.000,     0.000,     0.000,     0.000,     0.000,     0.000,        35.000,         6.694,     0.041,     0.000,     0.003,     0.019,         1.000,         1.000,         1.000,         1.000,         1.000,         1.000,         1.000,         1.000,         1.000,         0.000,         0.000,         0.000,
     4.989,    26.939,     2.000,    21.535,     0.016,    -0.003,     0.000,     0.450,     1.400,     9.130,     1.000,    21.974,     0.000,     0.000,     0.000,     0.000,     0.000,     0.000,     0.000,        35.000,         6.691,     0.041,     0.000,     0.003,     0.019,         1.000,         1.000,         1.000,         1.000,         1.000,         1.000,         1.000,         1.000,         1.000,         0.000,         0.000,         0.000,
     4.993,    23.968,     2.000,    21.710,     0.016,     0.002,     0.000,     0.450,     1.400,     9.130,     1.000,    22.009,     0.000,     0.000,     0.000,     0.000,     0.000,     0.000,     0.000,        35.000,         6.688,     0.041,     0.000,     0.003,     0.019,         1.000,         1.000,         1.000,         1.000,         1.000,         1.000,         1.000,         1.000,         1.000,         0.000,         0.000,         0.000,
     4.998,    20.710,     2.000,    21.697,     0.016,     0.006,     0.000,     0.450,     1.400,     9.130,     1.000,    21.999,     0.000,     0.000,     0.000,     0.000,     0.000,     0.000,     0.000,        35.000,         6.685,     0.041,     0.000,     0.003,     0.019,         1.000,         1.000,         1.000,         1.000,         1.000,         1.000,         1.000,         1.000,         1.000,         0.000,         0.000,         0.000,
     5.002,    23.469,     2.000,    21.530,     0.016,     0.007,     0.000,     0.450,     1.400,     9.130,     1.000,    21.970,     0.000,     0.000,     0.000,     0.000,     0.000,     0.000,     0.000,        35.000,         6.683,     0.041,     0.000,     0.003,     0.019,         1.000,         1.000,         1.000,         1.000,         1.000,         1.000,         1.000,         1.000,         1.000,         0.000,         0.000,         0.000,
     5.006,    24.786,     2.000,    21.810,     0.017,     0.003,     0.000,     0.450,     1.400,     9.130,     1.000,    22.010,     0.000,     0.000,     0.000,     0.000,     0.000,     0.000,     0.000,        35.000,         6.680,     0.041,     0.000,     0.003,     0.019,         1.000,         1.000,         1.000,         1.000,         1.000,         1.000,         1.000,         1.000,         1.000,         0.000,         0.000,         0.000,
     5.010,    29.778,     2.000,    21.686,     0.016,    -0.001,     0.000,     0.450,     1.400,     9.130,     1.000,    21.990,     0.000,     0.000,     0.000,     0.000,     0.000,     0.000,     0.000,        35.000,         6.677,     0.041,     0.000,     0.003,     0.019,         1.000,         1.000,         1.000,         1.000,         1.000,         1.000,         1.000,         1.000,         1.000,         0.000,         0.000,         0.000,
     5.014,    23.930,     2.000,    21.725,     0.016,    -0.004,     0.000,     0.450,     1.400,     9.130,     1.000,    21.993,     0.000,     0.000,     0.000,     0.000,     0.000,     0.000,     0.000,        35.000,         6.674,     0.041,     0.000,     0.003,     0.019,         1.000,         1.000,         1.000,         1.000,         1.000,         1.000,         1.000,         1.000,         1.000,         0.000,         0.000,         0.000,
     5.019,    21.042,     2.000,    21.627,     0.017,    -0.006,     0.000,     0.450,     1.400,     9.130,     1.000,    21.985,     0.000,     0.000,     0.000,     0.000,     0.000,     0.000,     0.000,        35.000,         6.671,     0.042,     0.000,     0.003,     0.019,         1.000,         1.000,         1.000,         1.000,         1.000,         1.000,         1.000,         1.000,         1.000,         0.000,         0.000,         0.000,
     5.023,    23.696,     2.000,    21.833,     0.017,    -0.006,     0.000,     0.450,     1.400,     9.130,     1.000,    22.022,     0.000,     0.000,     0.000,     0.000,     0.000,     0.000,     0.000,        35.000,         6.669,     0.042,     0.000,     0.003,     0.019,         1.000,         1.000,         1.000,         1.000,         1.000,         1.000,         1.000,         1.000,         1.000,         0.000,         0.000,         0.000,
     5.027,    19.554,     2.000,    21.634,     0.017,    -0.002,     0.000,     0.450,     1.400,     9.130,     1.000,    21.991,     0.000,     0.000,     0.000,     0.000,     0.000,     0.000,     0.000,        35.000,         6.666,     0.042,     0.000,     0.003,     0.019,         1.000,         1.000,         1.000,         1.000,         1.000,         1.000,         1.000,         1.000,         1.000,         0.000,         0.000,         0.000,
     5.031,    20.989,     2.000,    21.639,     0.017,     0.005,     0.000,     0.450,     1.400,     9.130,     1.000,    21.986,     0.000,     0.000,     0.000,     0.000,     0.000,     0.000,     0.000,        35.000,         6.663,     0.042,     0.000,     0.003,     0.019,         1.000,         1.000,         1.000,         1.000,         1.000,         1.000,         1.000,         1.000,         1.000,         0.000,         0.000,         0.000,
     5.035,    27.170,     2.000,    21.679,     0.017,     0.013,     0.000,     0.450,     1.400,     9.130,     1.000,    21.982,     0.000,     0.000,     0.000,     0.000,     0.000,     0.000,     0.000,        35.000,         6.660,     0.042,     0.000,     0.003,     0.019,         1.000,         1.000,         1.000,         1.000,         1.000,         1.000,         1.000,         1.000,         1.000,         0.000,         0.000,         0.000,
     5.039,    22.900,     2.000,    21.656,     0.018,     0.010,     0.000,     0.450,     1.400,     9.130,     1.000,    21.994,     0.000,     0.000,     0.000,     0.000,     0.000,     0.000,     0.000,        35.000,         6.657,     0.042,     0.000,     0.003,     0.019,         1.000,         1.000,         1.000,         1.000,         1.000,         1.000,         1.000,         1.000,         1.000,         0.000,         0.000,         0.000,
     5.044,    23.985,     2.000,    21.774,     0.018,     0.002,     0.000,     0.450,     1.400,     9.130,     1.000,    22.008,     0.000,     0.000,     0.000,     0.000,     0.000,     0.000,     0.000,        35.000,         6.654,     0.042,     0.000,     0.003,     0.019,         1.000,         1.000,         1.000,         1.000,         1.000,         1.000,         1.000,         1.000,         1.000,         0.000,         0.000,         0.000,
     5.048,    23.060,     2.000,    21.633,     0.018,    -0.007,     0.000,     0.450,     1.400,     9.130,     1.000,    21.981,     0.000,     0.000,     0.000,     0.000,     0.000,     0.000,     0.000,        35.000,         6.652,     0.042,     0.000,     0.003,     0.019,         1.000,         1.000,         1.000,         1.000,         1.000,         1.000,         1.000,         1.000,         1.000,         0.000,         0.000,         0.000,
     5.052,    23.257,     2.000,    21.693,     0.018,    -0.011,     0.000,     0.450,     1.400,     9.130,     1.000,    22.004,     0.000,     0.000,     0.000,     0.000,     0.000,     0.000,     0.000,        35.000,         6.649,     0.042,     0.000,     0.003,     0.019,         1.000,         1.000,         1.000,         1.000,         1.000,         1.000,         1.000,         1.000,         1.000,         0.000,         0.000,         0.000,
     5.056,    26.838,     2.000,    21.798,     0.018,    -0.010,     0.000,     0.450,     1.400,     9.130,     1.000,    22.018,     0.000,     0.000,     0.000,     0.000,     0.000,     0.000,     0.000,        35.000,         6.646,     0.042,     0.000,     0.003,     0.019,         1.000,         1.000,         1.000,         1.000,         1.000,         1.000,         1.000,         1.000,         1.000,         0.000,         0.000,         0.000,
     5.060,    30.517,     2.000,    21.625,     0.016,    -0.004,     0.000,     0.450,     1.400,     9.130,     1.000,    21.981,     0.000,     0.000,     0.000,     0.000,     0.000,     0.000,     0.000,        35.000,         6.643,     0.042,     0.000,     0.003,     0.019,         1.000,         1.000,         1.000,         1.000,         1.000,         1.000,         1.000,         1.000,         1.000,         0.000,         0.000,         0.000,
     5.064,    21.987,     2.000,    21.635,     0.017,     0.002,     0.000,     0.450,     1.400,     9.130,     1.000,    21.989,     0.000,     0.000,     0.000,     0.000,     0.000,     0.000,     0.000,        35.000,         6.640,     0.042,     0.000,     0.003,     0.019,         1.000,         1.000,         1.000,         1.000,         1.000,         1.000,         1.000,         1.000,         1.000,         0.000,         0.000,         0.000,
     5.069,    24.078,     2.000,    21.759,     0.017,     0.009,     0.000,     0.450,     1.400,     9.130,     1.000,    22.009,     0.000,     0.000,     0.000,     0.000,     0.000,     0.000,     0.000,        35.000,         6.638,     0.042,     0.000,     0.003,     0.019,         1.000,         1.000,         1.000,         1.000,         1.000,         1.000,         1.000,         1.000,         1.000,         0.000,         0.000,         0.000,
     5.073,    25.408,     2.000,    21.617,     0.017,     0.013,     0.000,     0.450,     1.400,     9.130,     1.000,    21.972,     0.000,     0.000,     0.000,     0.000,     0.000,     0.000,     0.000,        35.000,         6.635,     0.042,     0.000,     0.003,     0.019,         1.000,         1.000,         1.000,         1.000,         1.000,         1.000,         1.000,         1.000,         1.000,         0.000,         0.000,         0.000,
     5.077,    30.684,     2.000,    21.659,     0.018,     0.008,     0.000,     0.450,     1.400,     9.130,     1.000,    21.994,     0.000,     0.000,     0.000,     0.000,     0.000,     0.000,     0.000,        35.000,         6.632,     0.042,     0.000,     0.003,     0.019,         1.000,         1.000,         1.000,         1.000,         1.000,         1.000,         1.000,         1.000,         1.000,         0.000,         0.000,         0.000,
     5.081,    30.676,     2.000,    21.710,     0.013,    -0.001,     0.000,     0.450,     1.400,     9.130,     1.000,    22.004,     0.000,     0.000,     0.000,     0.000,     0.000,     0.000,     0.000,        35.000,         6.629,     0.042,     0.000,     0.003,     0.019,         1.000,         1.000,         1.000,         1.000,         1.000,         1.000,         1.000,         1.000,         1.000,         0.000,         0.000,         0.000,
     5.085,    27.782,     2.000,    21.615,     0.014,    -0.005,     0.000,     0.450,     1.400,     9.130,     1.000,    21.968,     0.000,     0.000,     0.000,     0.000,     0.000,     0.000,     0.000,        35.000,         6.626,     0.042,     0.000,     0.003,     0.019,         1.000,         1.000,         1.000,         1.000,         1.000,         1.000,         1.000,         1.000,         1.000,         0.000,         0.000,         0.000,
     5.089,    24.866,     2.000,    21.606,     0.017,    -0.009,     0.000,     0.450,     1.400,     9.130,     1.000,    21.988,     0.000,     0.000,     0.000,     0.000,     0.000,     0.000,     0.000,        35.000,         6.624,     0.042,     0.000,     0.003,     0.019,         1.000,         1.000,         1.000,         1.000,         1.000,         1.000,         1.000,         1.000,         1.000,         0.000,         0.000,         0.000,
     5.093,    24.178,     2.000,    21.764,     0.017,    -0.011,     0.000,     0.450,     1.400,     9.130,     1.000,    22.017,     0.000,     0.000,     0.000,     0.000,     0.000,     0.000,     0.000,        35.000,         6.621,     0.042,     0.000,     0.003,     0.019,         1.000,         1.000,         1.000,         1.000,         1.000,         1.000,         1.000,         1.000,         1.000,         0.000,         0.000,         0.000,
     5.098,    26.323,     2.000,    21.671,     0.017,    -0.008,     0.000,     0.450,     1.400,     9.130,     1.000,    21.987,     0.000,     0.000,     0.000,     0.000,     0.000,     0.000,     0.000,        35.000,         6.618,     0.042,     0.000,     0.003,     0.019,         1.000,         1.000,         1.000,         1.000,         1.000,         1.000,         1.000,         1.000,         1.000,         0.000,         0.000,         0.000,
     5.102,    24.343,     2.000,    21.700,     0.018,    -0.002,     0.000,     0.450,     1.400,     9.130,     1.000,    21.999,     0.000,     0.000,     0.000,     0.000,     0.000,     0.000,     0.000,        35.000,         6.615,     0.042,     0.000,     0.003,     0.019,         1.000,         1.000,         1.000,         1.000,         1.000,         1.000,         1.000,         1.000,         1.000,         0.000,         0.000,         0.000,
     5.106,    25.222,     2.000,    21.719,     0.018,     0.002,     0.000,     0.450,     1.400,     9.130,     1.000,    22.006,     0.000,     0.000,     0.000,     0.000,     0.000,     0.000,     0.000,        35.000,         6.613,     0.042,     0.000,     0.003,     0.019,         1.000,         1.000,         1.000,         1.000,         1.000,         1.000,         1.000,         1.000,         1.000,         0.000,         0.000,         0.000,
     5.110,    25.556,     2.000,    21.706,     0.017,     0.009,     0.000,     0.450,     1.400,     9.130,     1.000,    21.986,     0.000,     0.000,     0.000,     0.000,     0.000,     0.000,     0.000,        35.000,         6.610,     0.042,     0.000,     0.003,     0.019,         1.000,         1.000,         1.000,         1.000,         1.000,         1.000,         1.000,         1.000,         1.000,         0.000,         0.000,         0.000,
     5.114,    28.382,     2.000,    21.695,     0.018,     0.008,     0.000,     0.450,     1.400,     9.130,     1.000,    21.998,     0.000,     0.000,     0.000,     0.000,     0.000,     0.000,     0.000,        35.000,         6.607,     0.042,     0.000,     0.003,     0.019,         1.000,         1.000,         1.000,         1.000,         1.000,         1.000,         1.000,         1.000,         1.000,         0.000,         0.000,         0.000,
     5.119,    28.440,     2.000,    21.811,     0.017,     0.006,     0.000,     0.450,     1.400,     9.130,     1.000,    22.019,     0.000,     0.000,     0.000,     0.000,     0.000,     0.000,     0.000,        35.000,         6.604,     0.042,     0.000,     0.003,     0.019,         1.000,         1.000,         1.000,         1.000,         1.000,         1.000,         1.000,         1.000,         1.000,         0.000,         0.000,         0.000,
     5.123,    25.040,     2.000,    21.565,     0.016,     0.004,     0.000,     0.450,     1.400,     9.130,     1.000,    21.978,     0.000,     0.000,     0.000,     0.000,     0.000,     0.000,     0.000,        35.000,         6.601,     0.042,     0.000,     0.003,     0.019,         1.000,         1.000,         1.000,         1.000,         1.000,         1.000,         1.000,         1.000,         1.000,         0.000,         0.000,         0.000,
     5.127,    27.369,     2.000,    21.700,     0.017,    -0.000,     0.000,     0.450,     1.400,     9.130,     1.000,    21.989,     0.000,     0.000,     0.000,     0.000,     0.000,     0.000,     0.000,        35.000,         6.599,     0.042,     0.000,     0.003,     0.019,         1.000,         1.000,         1.000,         1.000,         1.000,         1.000,         1.000,         1.000,         1.000,         0.000,         0.000,         0.000,
     5.131,    25.074,     2.000,    21.628,     0.018,    -0.003,     0.000,     0.450,     1.400,     9.130,     1.000,    21.987,     0.000,     0.000,     0.000,     0.000,     0.000,     0.000,     0.000,        35.000,         6.596,     0.042,     0.000,     0.003,     0.019,         1.000,         1.000,         1.000,         1.000,         1.000,         1.000,         1.000,         1.000,         1.000,         0.000,         0.000,         0.000,
     5.135,    24.793,     2.000,    21.742,     0.018,    -0.005,     0.000,     0.450,     1.400,     9.130,     1.000,    22.005,     0.000,     0.000,     0.000,     0.000,     0.000,     0.000,     0.000,        35.000,         6.593,     0.042,     0.000,     0.003,     0.019,         1.000,         1.000,         1.000,         1.000,         1.000,         1.000,         1.000,         1.000,         1.000,         0.000,         0.000,         0.000,
     5.139,    21.161,     2.000,    21.694,     0.017,    -0.003,     0.000,     0.450,     1.400,     9.130,     1.000,    21.984,     0.000,     0.000,     0.000,     0.000,     0.000,     0.000,     0.000,        35.000,         6.590,     0.042,     0.000,     0.003,     0.019,         1.000,         1.000,         1.000,         1.000,         1.000,         1.000,         1.000,         1.000,         1.000,         0.000,         0.000,         0.000,
     5.144,    30.099,     2.000,    21.684,     0.018,    -0.002,     0.000,     0.450,     1.400,     9.130,     1.000,    22.001,     0.000,     0.000,     0.000,     0.000,     0.000,     0.000,     0.000,        35.000,         6.587,     0.043,     0.000,     0.003,     0.019,         1.000,         1.000,         1.000,         1.000,         1.000,         1.000,         1.000,         1.000,         1.000,         0.000,         0.000,         0.000,
     5.148,    27.024,     2.000,    21.762,     0.015,    -0.001,     0.000,     0.450,     1.400,     9.130,     1.000,    22.006,     0.000,     0.000,     0.000,     0.000,     0.000,     0.000,     0.000,        35.000,         6.585,     0.043,     0.000,     0.003,     0.019,         1.000,         1.000,         1.000,         1.000,         1.000,         1.000,         1.000,         1.000,         1.000,         0.000,         0.000,         0.000,
     5.152,    24.064,     2.000,    21.535,     0.017,    -0.001,     0.000,     0.450,     1.400,     9.130,     1.000,    21.975,     0.000,     0.000,     0.000,     0.000,     0.000,     0.000,     0.000,        35.000,         6.582,     0.043,     0.000,     0.003,     0.019,         1.000,         1.000,         1.000,         1.000,         1.000,         1.000,         1.000,         1.000,         1.000,         0.000,         0.000,         0.000,
     5.156,    24.937,     2.000,    21.656,     0.017,    -0.002,     0.000,     0.450,     1.400,     9.130,     1.000,    21.995,     0.000,     0.000,     0.000,     0.000,     0.000,     0.000,     0.000,        35.000,         6.579,     0.043,     0.000,     0.003,     0.019,         1.000,         1.000,         1.000,         1.000,         1.000,         1.000,         1.000,         1.000,         1.000,         0.000,         0.000,         0.000,
     5.160,    33.021,     2.000,    21.716,     0.017,     0.000,     0.000,     0.450,     1.400,     9.130,     1.000,    21.999,     0.000,     0.000,     0.000,     0.000,     0.000,     0.000,     0.000,        35.000,         6.576,     0.043,     0.000,     0.003,     0.019,         1.000,         1.000,         1.000,         1.000,         1.000,         1.000,         1.000,         1.000,         1.000,         0.000,         0.000,         0.000,
     5.165,    27.754,     2.000,    21.628,     0.017,     0.003,     0.000,     0.450,     1.400,     9.130,     1.000,    21.988,     0.000,     0.000,     0.000,     0.000,     0.000,     0.000,     0.000,        35.000,         6.574,     0.043,     0.000,     0.003,     0.019,         1.000,         1.000,         1.000,         1.000,         1.000,         1.000,         1.000,         1.000,         1.000,         0.000,         0.000,         0.000,
     5.169,    28.940,     2.000,    21.807,     0.017,     0.004,     0.000,     0.450,     1.400,     9.130,     1.000,    22.018,     0.000,     0.000,     0.000,     0.000,     0.000,     0.000,     0.000,        35.000,         6.571,     0.043,     0.000,     0.003,     0.019,         1.000,         1.000,         1.000,         1.000,         1.000,         1.000,         1.000,         1.000,         1.000,         0.000,         0.000,         0.000,
     5.173,    28.562,     2.000,    21.654,     0.017,     0.006,     0.000,     0.450,     1.400,     9.130,     1.000,    21.989,     0.000,     0.000,     0.000,     0.000,     0.000,     0.000,     0.000,        35.000,         6.568,     0.043,     0.000,     0.003,     0.019,         1.000,         1.000,         1.000,         1.000,         1.000,         1.000,         1.000,         1.000,         1.000,         0.000,         0.000,         0.000,
     5.177,    27.211,     2.000,    21.549,     0.018,     0.005,     0.000,     0.450,     1.400,     9.130,     1.000,    21.974,     0.000,     0.000,     0.000,     0.000,     0.000,     0.000,     0.000,        35.000,         6.565,     0.043,     0.000,     0.003,     0.019,         1.000,         1.000,         1.000,         1.000,         1.000,         1.000,         1.000,         1.000,         1.000,         0.000,         0.000,         0.000,
     5.181,    21.241,     2.000,    21.731,     0.018,    -0.001,     0.000,     0.450,     1.400,     9.130,     1.000,    22.009,     0.000,     0.000,     0.000,     0.000,     0.000,     0.000,     0.000,        35.000,         6.563,     0.043,     0.000,     0.003,     0.019,         1.000,         1.000,         1.000,         1.000,         1.000,         1.000,         1.000,         1.000,         1.000,         0.000,         0.000,         0.000,
     5.185,    27.023,     2.000,    21.750,     0.016,    -0.006,     0.000,     0.450,     1.400,     9.130,     1.000,    22.008,     0.000,     0.000,     0.000,     0.000,     0.000,     0.000,     0.000,        35.000,         6.560,     0.043,     0.000,     0.003,     0.019,         1.000,         1.000,         1.000,         1.000,         1.000,         1.000,         1.000,         1.000,         1.000,         0.000,         0.000,         0.000,
     5.189,    20.673,     2.000,    21.590,     0.017,    -0.009,     0.000,     0.450,     1.400,     9.130,     1.000,    21.984,     0.000,     0.000,     0.000,     0.000,     0.000,     0.000,     0.000,        35.000,         6.557,     0.043,     0.000,     0.003,     0.019,         1.000,         1.000,         1.000,         1.000,         1.000,         1.000,         1.000,         1.000,         1.000,         0.000,         0.000,         0.000,
     5.194,    31.027,     2.000,    21.801,     0.018,    -0.011,     0.000,     0.450,     1.400,     9.130,     1.000,    22.017,     0.000,     0.000,     0.000,     0.000,     0.000,     0.000,     0.000,        35.000,         6.554,     0.043,     0.000,     0.003,     0.019,         1.000,         1.000,         1.000,         1.000,         1.000,         1.000,         1.000,         1.000,         1.000,         0.000,         0.000,         0.000,
     5.198,    27.071,     2.000,    21.693,     0.016,    -0.005,     0.000,     0.450,     1.400,     9.130,     1.000,    21.988,     0.000,     0.000,     0.000,     0.000,     0.000,     0.000,     0.000,        35.000,         6.552,     0.043,     0.000,     0.003,     0.019,         1.000,         1.000,         1.000,         1.000,         1.000,         1.000,         1.000,         1.000,         1.000,         0.000,         0.000,         0.000,
     5.202,    22.939,     2.000,    21.618,     0.018,     0.000,     0.000,     0.450,     1.400,     9.130,     1.000,    21.989,     0.000,     0.000,     0.000,     0.000,     0.000,     0.000,     0.000,        35.000,         6.549,     0.043,     0.000,     0.003,     0.019,         1.000,         1.000,         1.000,         1.000,         1.000,         1.000,         1.000,         1.000,         1.000,         0.000,         0.000,         0.000,
     5.206,    25.879,     2.000,    21.811,     0.018,     0.006,     0.000,     0.450,     1.400,     9.130,     1.000,    22.022,     0.000,     0.000,     0.000,     0.000,     0.000,     0.000,     0.000,        35.000,         6.546,     0.043,     0.000,     0.003,     0.019,         1.000,         1.000,         1.000,         1.000,         1.000,         1.000,         1.000,         1.000,         1.000,         0.000,         0.000,         0.000,
     5.210,    26.802,     2.000,    21.669,     0.017,     0.012,     0.000,     0.450,     1.400,     9.130,     1.000,    21.984,     0.000,     0.000,     0.000,     0.000,     0.000,     0.000,     0.000,        35.000,         6.543,     0.043,     0.000,     0.003,     0.019,         1.000,         1.000,         1.000,         1.000,         1.000,         1.000,         1.000,         1.000,         1.000,         0.000,         0.000,         0.000,
     5.215,    24.942,     2.000,    21.692,     0.018,     0.010,     0.000,     0.450,     1.400,     9.130,     1.000,    21.998,     0.000,     0.000,     0.000,     0.000,     0.000,     0.000,     0.000,        35.000,         6.541,     0.043,     0.000,     0.003,     0.019,         1.000,         1.000,         1.000,         1.000,         1.000,         1.000,         1.000,         1.000,         1.000,         0.000,         0.000,         0.000,
     5.219,    23.170,     2.000,    21.776,     0.018,     0.005,     0.000,     0.450,     1.400,     9.130,     1.000,    22.009,     0.000,     0.000,     0.000,     0.000,     0.000,     0.000,     0.000,        35.000,         6.538,     0.043,     0.000,     0.003,     0.019,         1.000,         1.000,         1.000,         1.000,         1.000,         1.000,         1.000,         1.000,         1.000,         0.000,         0.000,         0.000,
     5.223,    27.357,     2.000,    21.626,     0.018,    -0.001,     0.000,     0.450,     1.400,     9.130,     1.000,    21.981,     0.000,     0.000,     0.000,     0.000,     0.000,     0.000,     0.000,        35.000,         6.535,     0.043,     0.000,     0.003,     0.019,         1.000,         1.000,         1.000,         1.000,         1.000,         1.000,         1.000,         1.000,         1.000,         0.000,         0.000,         0.000,
     5.227,    24.785,     2.000,    21.723,     0.018,    -0.010,     0.000,     0.450,     1.400,     9.130,     1.000,    22.008,     0.000,     0.000,     0.000,     0.000,     0.000,     0.000,     0.000,        35.000,         6.532,     0.043,     0.000,     0.003,     0.019,         1.000,         1.000,         1.000,         1.000,         1.000,         1.000,         1.000,         1.000,         1.000,         0.000,         0.000,         0.000,
     5.231,    24.937,     2.000,    21.851,     0.017,    -0.013,     0.000,     0.450,     1.400,     9.130,     1.000,    22.026,     0.000,     0.000,     0.000,     0.000,     0.000,     0.000,     0.000,        35.000,         6.530,     0.043,     0.000,     0.003,     0.019,         1.000,         1.000,         1.000,         1.000,         1.000,         1.000,         1.000,         1.000,         1.000,         0.000,         0.000,         0.000,
     5.235,    22.489,     2.000,    21.592,     0.017,    -0.009,     0.000,     0.450,     1.400,     9.130,     1.000,    21.984,     0.000,     0.000,     0.000,     0.000,     0.000,     0.000,     0.000,        35.000,         6.527,     0.043,     0.000,     0.003,     0.019,         1.000,         1.000,         1.000,         1.000,         1.000,         1.000,         1.000,         1.000,         1.000,         0.000,         0.000,         0.000,
     5.240,    25.762,     2.000,    21.820,     0.017,    -0.002,     0.000,     0.450,     1.400,     9.130,     1.000,    22.016,     0.000,     0.000,     0.000,     0.000,     0.000,     0.000,     0.000,        35.000,         6.524,     0.043,     0.000,     0.003,     0.019,         1.000,         1.000,         1.000,         1.000,         1.000,         1.000,         1.000,         1.000,         1.000,         0.000,         0.000,         0.000,
     5.244,    26.491,     2.000,    21.631,     0.017,     0.007,     0.000,     0.450,     1.400,     9.130,     1.000,    21.983,     0.000,     0.000,     0.000,     0.000,     0.000,     0.000,     0.000,        35.000,         6.521,     0.043,     0.000,     0.003,     0.019,         1.000,         1.000,         1.000,         1.000,         1.000,         1.000,         1.000,         1.000,         1.000,         0.000,         0.000,         0.000,
     5.248,    26.442,     2.000,    21.701,     0.018,     0.010,     0.000,     0.450,     1.400,     9.130,     1.000,    21.994,     0.000,     0.000,     0.000,     0.000,     0.000,     0.000,     0.000,        35.000,         6.519,     0.043,     0.000,     0.003,     0.020,         1.000,         1.000,         1.000,         1.000,         1.000,         1.000,         1.000,         1.000,         1.000,         0.000,         0.000,         0.000,
     5.252,    26.769,     2.000,    21.682,     0.018,     0.008,     0.000,     0.450,     1.400,     9.130,     1.000,    21.994,     0.000,     0.000,     0.000,     0.000,     0.000,     0.000,     0.000,        35.000,         6.516,     0.043,     0.000,     0.003,     0.020,         1.000,         1.000,         1.000,         1.000,         1.000,         1.000,         1.000,         1.000,         1.000,         0.000,         0.000,         0.000,
     5.256,    35.847,     2.000,    21.697,     0.017,     0.004,     0.000,     0.450,     1.400,     9.130,     1.000,    21.994,     0.000,     0.000,     0.000,     0.000,     0.000,     0.000,     0.000,        35.000,         6.513,     0.043,     0.000,     0.003,     0.020,         1.000,         1.000,         1.000,         1.000,         1.000,         1.000,         1.000,         1.000,         1.000,         0.000,         0.000,         0.000,
     5.260,    26.671,     2.000,    21.638,     0.018,     0.000,     0.000,     0.450,     1.400,     9.130,     1.000,    21.986,     0.000,     0.000,     0.000,     0.000,     0.000,     0.000,     0.000,        35.000,         6.510,     0.043,     0.000,     0.003,     0.020,         1.000,         1.000,         1.000,         1.000,         1.000,         1.000,         1.000,         1.000,         1.000,         0.000,         0.000,         0.000,
     5.265,    25.169,     2.000,    21.761,     0.018,    -0.003,     0.000,     0.450,     1.400,     9.130,     1.000,    22.001,     0.000,     0.000,     0.000,     0.000,     0.000,     0.000,     0.000,        35.000,         6.508,     0.043,     0.000,     0.003,     0.020,         1.000,         1.000,         1.000,         1.000,         1.000,         1.000,         1.000,         1.000,         1.000,         0.000,         0.000,         0.000,
     5.269,    25.111,     2.000,    21.619,     0.018,    -0.008,     0.000,     0.450,     1.400,     9.130,     1.000,    21.990,     0.000,     0.000,     0.000,     0.000,     0.000,     0.000,     0.000,        35.000,         6.505,     0.044,     0.000,     0.003,     0.020,         1.000,         1.000,         1.000,         1.000,         1.000,         1.000,         1.000,         1.000,         1.000,         0.000,         0.000,         0.000,
     5.273,    27.371,     2.000,    21.749,     0.018,    -0.009,     0.000,     0.450,     1.400,     9.130,     1.000,    22.007,     0.000,     0.000,     0.000,     0.000,     0.000,     0.000,     0.000,        35.000,         6.502,     0.044,     0.000,     0.003,     0.020,         1.000,         1.000,         1.000,         1.000,         1.000,         1.000,         1.000,         1.000,         1.000,         0.000,         0.000,         0.000,
     5.277,    25.871,     2.000,    21.682,     0.017,    -0.003,     0.000,     0.450,     1.400,     9.130,     1.000,    21.981,     0.000,     0.000,     0.000,     0.000,     0.000,     0.000,     0.000,        35.000,         6.499,     0.044,     0.000,     0.003,     0.020,         1.000,         1.000,         1.000,         1.000,         1.000,         1.000,         1.000,         1.000,         1.000,         0.000,         0.000,         0.000,
     5.281,    29.941,     2.000,    21.681,     0.019,     0.001,     0.000,     0.450,     1.400,     9.130,     1.000,    21.998,     0.000,     0.000,     0.000,     0.000,     0.000,     0.000,     0.000,        35.000,         6.497,     0.044,     0.000,     0.003,     0.020,         1.000,         1.000,         1.000,         1.000,         1.000,         1.000,         1.000,         1.000,         1.000,         0.000,         0.000,         0.000,
     5.285,    38.099,     2.000,    21.765,     0.018,     0.003,     0.000,     0.450,     1.400,     9.130,     1.000,    22.006,     0.000,     0.000,     0.000,     0.000,     0.000,     0.000,     0.000,        35.000,         6.494,     0.044,     0.000,     0.003,     0.020,         1.000,         1.000,         1.000,         1.000,         1.000,         1.000,         1.000,         1.000,         1.000,         0.000,         0.000,         0.000,
     5.290,    29.209,     2.000,    21.582,     0.018,     0.004,     0.000,     0.450,     1.400,     9.130,     1.000,    21.978,     0.000,     0.000,     0.000,     0.000,     0.000,     0.000,     0.000,        35.000,         6.491,     0.044,     0.000,     0.003,     0.020,         1.000,         1.000,         1.000,         1.000,         1.000,         1.000,         1.000,         1.000,         1.000,         0.000,         0.000,         0.000,
     5.294,    25.498,     2.000,    21.745,     0.018,     0.004,     0.000,     0.450,     1.400,     9.130,     1.000,    22.008,     0.000,     0.000,     0.000,     0.000,     0.000,     0.000,     0.000,        35.000,         6.488,     0.044,     0.000,     0.003,     0.020,         1.000,         1.000,         1.000,         1.000,         1.000,         1.000,         1.000,         1.000,         1.000,         0.000,         0.000,         0.000,
     5.298,    25.213,     2.000,    21.689,     0.017,     0.006,     0.000,     0.450,     1.400,     9.130,     1.000,    21.996,     0.000,     0.000,     0.000,     0.000,     0.000,     0.000,     0.000,        35.000,         6.486,     0.044,     0.000,     0.003,     0.020,         1.000,         1.000,         1.000,         1.000,         1.000,         1.000,         1.000,         1.000,         1.000,         0.000,         0.000,         0.000,
     5.302,    26.513,     2.000,    21.579,     0.018,     0.005,     0.000,     0.450,     1.400,     9.130,     1.000,    21.977,     0.000,     0.000,     0.000,     0.000,     0.000,     0.000,     0.000,        35.000,         6.483,     0.044,     0.000,     0.004,     0.020,         1.000,         1.000,         1.000,         1.000,         1.000,         1.000,         1.000,         1.000,         1.000,         0.000,         0.000,         0.000,
     5.306,    24.992,     2.000,    21.805,     0.018,     0.000,     0.000,     0.450,     1.400,     9.130,     1.000,    22.013,     0.000,     0.000,     0.000,     0.000,     0.000,     0.000,     0.000,        35.000,         6.480,     0.044,     0.000,     0.004,     0.020,         1.000,         1.000,         1.000,         1.000,         1.000,         1.000,         1.000,         1.000,         1.000,         0.000,         0.000,         0.000,
     5.310,    28.245,     2.000,    21.608,     0.017,    -0.004,     0.000,     0.450,     1.400,     9.130,     1.000,    21.983,     0.000,     0.000,     0.000,     0.000,     0.000,     0.000,     0.000,        35.000,         6.478,     0.044,     0.000,     0.004,     0.020,         1.000,         1.000,         1.000,         1.000,         1.000,         1.000,         1.000,         1.000,         1.000,         0.000,         0.000,         0.000,
     5.315,    29.529,     2.000,    21.696,     0.017,    -0.005,     0.000,     0.450,     1.400,     9.130,     1.000,    21.987,     0.000,     0.000,     0.000,     0.000,     0.000,     0.000,     0.000,        35.000,         6.475,     0.044,     0.000,     0.004,     0.020,         1.000,         1.000,         1.000,         1.000,         1.000,         1.000,         1.000,         1.000,         1.000,         0.000,         0.000,         0.000,
     5.319,    25.068,     2.000,    21.614,     0.018,    -0.003,     0.000,     0.450,     1.400,     9.130,     1.000,    21.983,     0.000,     0.000,     0.000,     0.000,     0.000,     0.000,     0.000,        35.000,         6.472,     0.044,     0.000,     0.004,     0.020,         1.000,         1.000,         1.000,         1.000,         1.000,         1.000,         1.000,         1.000,         1.000,         0.000,         0.000,         0.000,
     5.323,    26.098,     2.000,    21.775,     0.018,    -0.003,     0.000,     0.450,     1.400,     9.130,     1.000,    22.015,     0.000,     0.000,     0.000,     0.000,     0.000,     0.000,     0.000,        35.000,         6.469,     0.044,     0.000,     0.004,     0.020,         1.000,         1.000,         1.000,         1.000,         1.000,         1.000,         1.000,         1.000,         1.000,         0.000,         0.000,         0.000,
     5.327,    27.571,     2.000,    21.637,     0.017,    -0.001,     0.000,     0.450,     1.400,     9.130,     1.000,    21.976,     0.000,     0.000,     0.000,     0.000,     0.000,     0.000,     0.000,        35.000,         6.467,     0.044,     0.000,     0.004,     0.020,         1.000,         1.000,         1.000,         1.000,         1.000,         1.000,         1.000,         1.000,         1.000,         0.000,         0.000,         0.000,
     5.331,    39.856,     2.000,    21.778,     0.019,    -0.001,     0.000,     0.450,     1.400,     9.130,     1.000,    22.007,     0.000,     0.000,     0.000,     0.000,     0.000,     0.000,     0.000,        35.000,         6.464,     0.044,     0.000,     0.004,     0.020,         1.000,         1.000,         1.000,         1.000,         1.000,         1.000,         1.000,         1.000,         1.000,         0.000,         0.000,         0.000,
     5.336,    35.842,     2.000,    21.901,     0.005,     0.003,     0.000,     0.450,     1.400,     9.130,     1.000,    22.007,     0.000,     0.000,     0.000,     0.000,     0.000,     0.000,     0.000,        35.000,         6.461,     0.044,     0.000,     0.004,     0.020,         1.000,         1.000,         1.000,         1.000,         1.000,         1.000,         1.000,         1.000,         1.000,         0.000,         0.000,         0.000,
     5.339,    23.022,     2.000,    21.335,     0.011,     0.009,     0.000,     0.450,     1.400,     9.130,     1.000,    21.923,     0.000,     0.000,     0.000,     0.000,     0.000,     0.000,     0.000,        35.000,         6.459,     0.044,     0.000,     0.004,     0.020,         1.000,         1.000,         1.000,         1.000,         1.000,         1.000,         1.000,         1.000,         1.000,         0.000,         0.000,         0.000,
     5.344,    23.990,     2.000,    21.629,     0.015,     0.007,     0.000,     0.450,     1.400,     9.130,     1.000,    21.989,     0.000,     0.000,     0.000,     0.000,     0.000,     0.000,     0.000,        35.000,         6.456,     0.044,     0.000,     0.004,     0.020,         1.000,         1.000,         1.000,         1.000,         1.000,         1.000,         1.000,         1.000,         1.000,         0.000,         0.000,         0.000,
     5.348,    27.675,     2.000,    21.768,     0.016,     0.001,     0.000,     0.450,     1.400,     9.130,     1.000,    22.003,     0.000,     0.000,     0.000,     0.000,     0.000,     0.000,     0.000,        35.000,         6.453,     0.044,     0.000,     0.004,     0.020,         1.000,         1.000,         1.000,         1.000,         1.000,         1.000,         1.000,         1.000,         1.000,         0.000,         0.000,         0.000,
     5.352,    28.276,     2.000,    21.621,     0.017,    -0.003,     0.000,     0.450,     1.400,     9.130,     1.000,    21.983,     0.000,     0.000,     0.000,     0.000,     0.000,     0.000,     0.000,        35.000,         6.450,     0.044,     0.000,     0.004,     0.020,         1.000,         1.000,         1.000,         1.000,         1.000,         1.000,         1.000,         1.000,         1.000,         0.000,         0.000,         0.000,
     5.356,    24.898,     2.000,    21.729,     0.017,    -0.006,     0.000,     0.450,     1.400,     9.130,     1.000,    21.991,     0.000,     0.000,     0.000,     0.000,     0.000,     0.000,     0.000,        35.000,         6.448,     0.044,     0.000,     0.004,     0.020,         1.000,         1.000,         1.000,         1.000,         1.000,         1.000,         1.000,         1.000,         1.000,         0.000,         0.000,         0.000,
     5.360,    23.782,     2.000,    21.624,     0.018,    -0.006,     0.000,     0.450,     1.400,     9.130,     1.000,    21.983,     0.000,     0.000,     0.000,     0.000,     0.000,     0.000,     0.000,        35.000,         6.445,     0.044,     0.000,     0.004,     0.020,         1.000,         1.000,         1.000,         1.000,         1.000,         1.000,         1.000,         1.000,         1.000,         0.000,         0.000,         0.000,
     5.365,    27.344,     2.000,    21.816,     0.017,    -0.006,     0.000,     0.450,     1.400,     9.130,     1.000,    22.014,     0.000,     0.000,     0.000,     0.000,     0.000,     0.000,     0.000,        35.000,         6.442,     0.044,     0.000,     0.004,     0.020,         1.000,         1.000,         1.000,         1.000,         1.000,         1.000,         1.000,         1.000,         1.000,         0.000,         0.000,         0.000,
     5.369,    31.470,     2.000,    21.624,     0.018,    -0.002,     0.000,     0.450,     1.400,     9.130,     1.000,    21.972,     0.000,     0.000,     0.000,     0.000,     0.000,     0.000,     0.000,        35.000,         6.439,     0.044,     0.000,     0.004,     0.020,         1.000,         1.000,         1.000,         1.000,         1.000,         1.000,         1.000,         1.000,         1.000,         0.000,         0.000,         0.000,
     5.373,    22.902,     2.000,    21.696,     0.018,     0.001,     0.000,     0.450,     1.400,     9.130,     1.000,    22.001,     0.000,     0.000,     0.000,     0.000,     0.000,     0.000,     0.000,        35.000,         6.437,     0.044,     0.000,     0.004,     0.020,         1.000,         1.000,         1.000,         1.000,         1.000,         1.000,         1.000,         1.000,         1.000,         0.000,         0.000,         0.000,
     5.377,    25.898,     2.000,    21.738,     0.018,     0.005,     0.000,     0.450,     1.400,     9.130,     1.000,    22.014,     0.000,     0.000,     0.000,     0.000,     0.000,     0.000,     0.000,        35.000,         6.434,     0.044,     0.000,     0.004,     0.020,         1.000,         1.000,         1.000,         1.000,         1.000,         1.000,         1.000,         1.000,         1.000,         0.000,         0.000,         0.000,
     5.381,    24.659,     2.000,    21.714,     0.017,     0.009,     0.000,     0.450,     1.400,     9.130,     1.000,    21.994,     0.000,     0.000,     0.000,     0.000,     0.000,     0.000,     0.000,        35.000,         6.431,     0.044,     0.000,     0.004,     0.020,         1.000,         1.000,         1.000,         1.000,         1.000,         1.000,         1.000,         1.000,         1.000,         0.000,         0.000,         0.000,
     5.385,    23.971,     2.000,    21.551,     0.018,     0.007,     0.000,     0.450,     1.400,     9.130,     1.000,    21.972,     0.000,     0.000,     0.000,     0.000,     0.000,     0.000,     0.000,        35.000,         6.429,     0.044,     0.000,     0.004,     0.020,         1.000,         1.000,         1.000,         1.000,         1.000,         1.000,         1.000,         1.000,         1.000,         0.000,         0.000,         0.000,
     5.390,    25.516,     2.000,    21.764,     0.018,    -0.000,     0.000,     0.450,     1.400,     9.130,     1.000,    22.010,     0.000,     0.000,     0.000,     0.000,     0.000,     0.000,     0.000,        35.000,         6.426,     0.044,     0.000,     0.004,     0.020,         1.000,         1.000,         1.000,         1.000,         1.000,         1.000,         1.000,         1.000,         1.000,         0.000,         0.000,         0.000,
     5.394,    29.293,     2.000,    21.688,     0.017,    -0.004,     0.000,     0.450,     1.400,     9.130,     1.000,    21.988,     0.000,     0.000,     0.000,     0.000,     0.000,     0.000,     0.000,        35.000,         6.423,     0.044,     0.000,     0.004,     0.020,         1.000,         1.000,         1.000,         1.000,         1.000,         1.000,         1.000,         1.000,         1.000,         0.000,         0.000,         0.000,
     5.398,    47.030,     2.000,    21.730,     0.018,    -0.005,     0.000,     0.450,     1.400,     9.130,     1.000,    22.002,     0.000,     0.000,     0.000,     0.000,     0.000,     0.000,     0.000,        35.000,         6.420,     0.045,     0.000,     0.004,     0.020,         1.000,         1.000,         1.000,         1.000,         1.000,         1.000,         1.000,         1.000,         1.000,         0.000,         0.000,         0.000,
     5.402,    29.806,     2.000,    21.681,     0.013,    -0.003,     0.000,     0.450,     1.400,     9.130,     1.000,    21.989,     0.000,     0.000,     0.000,     0.000,     0.000,     0.000,     0.000,        35.000,         6.418,     0.045,     0.000,     0.004,     0.020,         1.000,         1.000,         1.000,         1.000,         1.000,         1.000,         1.000,         1.000,         1.000,         0.000,         0.000,         0.000,
     5.406,    25.953,     2.000,    21.739,     0.014,    -0.003,     0.000,     0.450,     1.400,     9.130,     1.000,    21.990,     0.000,     0.000,     0.000,     0.000,     0.000,     0.000,     0.000,        35.000,         6.415,     0.045,     0.000,     0.004,     0.020,         1.000,         1.000,         1.000,         1.000,         1.000,         1.000,         1.000,         1.000,         1.000,         0.000,         0.000,         0.000,
     5.410,    25.432,     2.000,    21.534,     0.016,    -0.003,     0.000,     0.450,     1.400,     9.130,     1.000,    21.957,     0.000,     0.000,     0.000,     0.000,     0.000,     0.000,     0.000,        35.000,         6.412,     0.045,     0.000,     0.004,     0.020,         1.000,         1.000,         1.000,         1.000,         1.000,         1.000,         1.000,         1.000,         1.000,         0.000,         0.000,         0.000,
     5.415,    26.431,     2.000,    21.663,     0.018,    -0.004,     0.000,     0.450,     1.400,     9.130,     1.000,    21.994,     0.000,     0.000,     0.000,     0.000,     0.000,     0.000,     0.000,        35.000,         6.410,     0.045,     0.000,     0.004,     0.020,         1.000,         1.000,         1.000,         1.000,         1.000,         1.000,         1.000,         1.000,         1.000,         0.000,         0.000,         0.000,
     5.419,    25.398,     2.000,    21.790,     0.018,     0.001,     0.000,     0.450,     1.400,     9.130,     1.000,    22.011,     0.000,     0.000,     0.000,     0.000,     0.000,     0.000,     0.000,        35.000,         6.407,     0.045,     0.000,     0.004,     0.020,         1.000,         1.000,         1.000,         1.000,         1.000,         1.000,         1.000,         1.000,         1.000,         0.000,         0.000,         0.000,
     5.423,    28.713,     2.000,    21.597,     0.018,     0.005,     0.000,     0.450,     1.400,     9.130,     1.000,    21.981,     0.000,     0.000,     0.000,     0.000,     0.000,     0.000,     0.000,        35.000,         6.404,     0.045,     0.000,     0.004,     0.020,         1.000,         1.000,         1.000,         1.000,         1.000,         1.000,         1.000,         1.000,         1.000,         0.000,         0.000,         0.000,
     5.427,    20.674,     2.000,    21.737,     0.018,     0.003,     0.000,     0.450,     1.400,     9.130,     1.000,    22.006,     0.000,     0.000,     0.000,     0.000,     0.000,     0.000,     0.000,        35.000,         6.402,     0.045,     0.000,     0.004,     0.020,         1.000,         1.000,         1.000,         1.000,         1.000,         1.000,         1.000,         1.000,         1.000,         0.000,         0.000,         0.000,
     5.431,    25.057,     2.000,    21.709,     0.017,     0.004,     0.000,     0.450,     1.400,     9.130,     1.000,    21.989,     0.000,     0.000,     0.000,     0.000,     0.000,     0.000,     0.000,        35.000,         6.399,     0.045,     0.000,     0.004,     0.020,         1.000,         1.000,         1.000,         1.000,         1.000,         1.000,         1.000,         1.000,         1.000,         0.000,         0.000,         0.000,
     5.436,    28.399,     2.000,    21.604,     0.018,     0.002,     0.000,     0.450,     1.400,     9.130,     1.000,    21.984,     0.000,     0.000,     0.000,     0.000,     0.000,     0.000,     0.000,        35.000,         6.396,     0.045,     0.000,     0.004,     0.020,         1.000,         1.000,         1.000,         1.000,         1.000,         1.000,         1.000,         1.000,         1.000,         0.000,         0.000,         0.000,
     5.440,    23.247,     2.000,    21.739,     0.018,    -0.001,     0.000,     0.450,     1.400,     9.130,     1.000,    22.013,     0.000,     0.000,     0.000,     0.000,     0.000,     0.000,     0.000,        35.000,         6.393,     0.045,     0.000,     0.004,     0.020,         1.000,         1.000,         1.000,         1.000,         1.000,         1.000,         1.000,         1.000,         1.000,         0.000,         0.000,         0.000,
     5.444,    23.686,     2.000,    21.786,     0.016,    -0.001,     0.000,     0.450,     1.400,     9.130,     1.000,    22.011,     0.000,     0.000,     0.000,     0.000,     0.000,     0.000,     0.000,        35.000,         6.391,     0.045,     0.000,     0.004,     0.020,         1.000,         1.000,         1.000,         1.000,         1.000,         1.000,         1.000,         1.000,         1.000,         0.000,         0.000,         0.000,
     5.448,    27.221,     2.000,    21.560,     0.017,    -0.003,     0.000,     0.450,     1.400,     9.130,     1.000,    21.977,     0.000,     0.000,     0.000,     0.000,     0.000,     0.000,     0.000,        35.000,         6.388,     0.045,     0.000,     0.004,     0.020,         1.000,         1.000,         1.000,         1.000,         1.000,         1.000,         1.000,         1.000,         1.000,         0.000,         0.000,         0.000,
     5.452,    28.532,     2.000,    21.720,     0.018,    -0.006,     0.000,     0.450,     1.400,     9.130,     1.000,    22.009,     0.000,     0.000,     0.000,     0.000,     0.000,     0.000,     0.000,        35.000,         6.385,     0.045,     0.000,     0.004,     0.020,         1.000,         1.000,         1.000,         1.000,         1.000,         1.000,         1.000,         1.000,         1.000,         0.000,         0.000,         0.000,
     5.456,    23.998,     2.000,    21.742,     0.017,    -0.003,     0.000,     0.450,     1.400,     9.130,     1.000,    22.000,     0.000,     0.000,     0.000,     0.000,     0.000,     0.000,     0.000,        35.000,         6.383,     0.045,     0.000,     0.004,     0.020,         1.000,         1.000,         1.000,         1.000,         1.000,         1.000,         1.000,         1.000,         1.000,         0.000,         0.000,         0.000,
     5.461,    27.535,     2.000,    21.579,     0.018,     0.000,     0.000,     0.450,     1.400,     9.130,     1.000,    21.981,     0.000,     0.000,     0.000,     0.000,     0.000,     0.000,     0.000,        35.000,         6.380,     0.045,     0.000,     0.004,     0.020,         1.000,         1.000,         1.000,         1.000,         1.000,         1.000,         1.000,         1.000,         1.000,         0.000,         0.000,         0.000,
     5.465,    28.771,     2.000,    21.738,     0.019,     0.001,     0.000,     0.450,     1.400,     9.130,     1.000,    22.013,     0.000,     0.000,     0.000,     0.000,     0.000,     0.000,     0.000,        35.000,         6.377,     0.045,     0.000,     0.004,     0.020,         1.000,         1.000,         1.000,         1.000,         1.000,         1.000,         1.000,         1.000,         1.000,         0.000,         0.000,         0.000,
     5.469,    25.421,     2.000,    21.801,     0.018,     0.002,     0.000,     0.450,     1.400,     9.130,     1.000,    22.014,     0.000,     0.000,     0.000,     0.000,     0.000,     0.000,     0.000,        35.000,         6.375,     0.045,     0.000,     0.004,     0.020,         1.000,         1.000,         1.000,         1.000,         1.000,         1.000,         1.000,         1.000,         1.000,         0.000,         0.000,         0.000,
     5.473,    31.609,     2.000,    21.649,     0.018,     0.001,     0.000,     0.450,     1.400,     9.130,     1.000,    21.990,     0.000,     0.000,     0.000,     0.000,     0.000,     0.000,     0.000,        35.000,         6.372,     0.045,     0.000,     0.004,     0.020,         1.000,         1.000,         1.000,         1.000,         1.000,         1.000,         1.000,         1.000,         1.000,         0.000,         0.000,         0.000,
     5.477,    35.078,     2.000,    21.737,     0.013,     0.002,     0.000,     0.450,     1.400,     9.130,     1.000,    22.002,     0.000,     0.000,     0.000,     0.000,     0.000,     0.000,     0.000,        35.000,         6.369,     0.045,     0.000,     0.004,     0.020,         1.000,         1.000,         1.000,         1.000,         1.000,         1.000,         1.000,         1.000,         1.000,         0.000,         0.000,         0.000,
     5.481,    30.051,     2.000,    21.485,     0.011,     0.004,     0.000,     0.450,     1.400,     9.130,     1.000,    21.957,     0.000,     0.000,     0.000,     0.000,     0.000,     0.000,     0.000,        35.000,         6.367,     0.045,     0.000,     0.004,     0.020,         1.000,         1.000,         1.000,         1.000,         1.000,         1.000,         1.000,         1.000,         1.000,         0.000,         0.000,         0.000,
     5.486,    25.644,     2.000,    21.668,     0.015,     0.002,     0.000,     0.450,     1.400,     9.130,     1.000,    21.988,     0.000,     0.000,     0.000,     0.000,     0.000,     0.000,     0.000,        35.000,         6.364,     0.045,     0.000,     0.004,     0.020,         1.000,         1.000,         1.000,         1.000,         1.000,         1.000,         1.000,         1.000,         1.000,         0.000,         0.000,         0.000,
     5.490,    26.670,     2.000,    21.664,     0.016,     0.000,     0.000,     0.450,     1.400,     9.130,     1.000,    21.982,     0.000,     0.000,     0.000,     0.000,     0.000,     0.000,     0.000,        35.000,         6.361,     0.045,     0.000,     0.004,     0.020,         1.000,         1.000,         1.000,         1.000,         1.000,         1.000,         1.000,         1.000,         1.000,         0.000,         0.000,         0.000,
     5.494,    26.818,     2.000,    21.768,     0.018,    -0.003,     0.000,     0.450,     1.400,     9.130,     1.000,    22.006,     0.000,     0.000,     0.000,     0.000,     0.000,     0.000,     0.000,        35.000,         6.359,     0.045,     0.000,     0.004,     0.020,         1.000,         1.000,         1.000,         1.000,         1.000,         1.000,         1.000,         1.000,         1.000,         0.000,         0.000,         0.000,
     5.498,    39.359,     2.000,    21.765,     0.013,    -0.006,     0.000,     0.450,     1.400,     9.130,     1.000,    22.007,     0.000,     0.000,     0.000,     0.000,     0.000,     0.000,     0.000,        35.000,         6.356,     0.045,     0.000,     0.004,     0.020,         1.000,         1.000,         1.000,         1.000,         1.000,         1.000,         1.000,         1.000,         1.000,         0.000,         0.000,         0.000,
     5.502,    30.979,     2.000,    21.677,     0.013,    -0.001,     0.000,     0.450,     1.400,     9.130,     1.000,    21.976,     0.000,     0.000,     0.000,     0.000,     0.000,     0.000,     0.000,        35.000,         6.353,     0.045,     0.000,     0.004,     0.020,         1.000,         1.000,         1.000,         1.000,         1.000,         1.000,         1.000,         1.000,         1.000,         0.000,         0.000,         0.000,
     5.506,    13.995,     1.994,    21.215,     0.030,     0.738,     0.000,     0.450,     1.394,     9.130,     1.000,    21.901,     0.000,     0.000,     0.000,     0.000,     0.000,     0.000,     0.000,        35.000,         6.351,     0.045,     0.000,     0.004,     0.020,         1.000,         1.000,         1.000,         1.000,         1.000,         1.000,         1.000,         1.000,         1.000,         0.000,         0.000,         0.000,
     5.511,     7.017,     1.983,    20.920,     0.065,     3.469,     0.000,     0.450,     1.383,     9.130,     1.000,    21.750,     0.000,     0.000,     0.000,     0.000,     0.000,     0.000,     0.000,        35.000,         6.348,     0.045,     0.000,     0.004,     0.020,         1.000,         1.000,         1.000,         1.000,         1.000,         1.000,         1.000,         1.000,         1.000,         0.000,         0.000,         0.000,
     5.515,     5.757,     1.969,    21.256,     0.093,     6.118,     0.000,     0.450,     1.369,     9.130,     1.000,    21.297,     0.000,     0.000,     0.000,     0.000,     0.000,     0.000,     0.000,        35.000,         6.345,     0.045,     0.000,     0.004,     0.020,         1.000,         1.000,         1.000,         1.000,         1.000,         1.000,         1.000,         1.000,         1.000,         0.000,         0.000,         0.000,
     5.519,     5.101,     1.952,    21.260,     0.111,     7.461,     0.000,     0.450,     1.352,     9.130,     1.000,    21.260,     0.000,     0.000,     0.000,     0.000,     0.000,     0.000,     0.000,        35.000,         6.343,     0.045,     0.000,     0.004,     0.020,         1.000,         1.000,         1.000,         1.000,         1.000,         1.000,         1.000,         1.000,         1.000,         0.000,         0.000,         0.000,
     5.523,     4.808,     1.939,    21.012,     0.120,     7.972,     0.000,     0.450,     1.339,     9.130,     1.000,    21.012,     0.000,     0.000,     0.000,     0.000,     0.000,     0.000,     0.000,        35.000,         6.340,     0.045,     0.000,     0.004,     0.020,         1.000,         1.000,         1.000,         1.000,         1.000,         1.000,         1.000,         1.000,         1.000,         0.000,         0.000,         0.000,
     5.527,     4.921,     1.925,    20.928,     0.121,     7.929,     0.000,     0.450,     1.325,     9.130,     1.000,    20.928,     0.000,     0.000,     0.000,     0.000,     0.000,     0.000,     0.000,        35.000,         6.337,     0.046,     0.000,     0.004,     0.020,         1.000,         1.000,         1.000,         1.000,         1.000,         1.000,         1.000,         1.000,         1.000,         0.000,         0.000,         0.000,
     5.531,     4.857,     1.908,    20.987,     0.128,     8.269,     0.000,     0.450,     1.308,     9.130,     1.000,    20.989,     0.000,     0.000,     0.000,     0.000,     0.000,     0.000,     0.000,        35.000,         6.335,     0.046,     0.000,     0.004,     0.020,         1.000,         1.000,         1.000,         1.000,         1.000,         1.000,         1.000,         1.000,         1.000,         0.000,         0.000,         0.000,
     5.536,     5.313,     1.893,    20.966,     0.132,     8.465,     0.000,     0.450,     1.293,     9.130,     1.000,    20.966,     0.000,     0.000,     0.000,     0.000,     0.000,     0.000,     0.000,        35.000,         6.332,     0.046,     0.000,     0.004,     0.021,         1.000,         1.000,         1.000,         1.000,         1.000,         1.000,         1.000,         1.000,         1.000,         0.000,         0.000,         0.000,
     5.540,     5.251,     1.876,    20.925,     0.137,     8.670,     0.000,     0.450,     1.276,     9.130,     1.000,    20.925,     0.000,     0.000,     0.000,     0.000,     0.000,     0.000,     0.000,        35.000,         6.329,     0.046,     0.000,     0.004,     0.021,         1.000,         1.000,         1.000,         1.000,         1.000,         1.000,         1.000,         1.000,         1.000,         0.000,         0.000,         0.000,
     5.544,     5.283,     1.863,    20.915,     0.139,     8.704,     0.000,     0.450,     1.263,     9.130,     1.000,    20.915,     0.000,     0.000,     0.000,     0.000,     0.000,     0.000,     0.000,        35.000,         6.327,     0.046,     0.000,     0.004,     0.021,         1.000,         1.000,         1.000,         1.000,         1.000,         1.000,         1.000,         1.000,         1.000,         0.000,         0.000,         0.000,
     5.548,     5.308,     1.849,    20.851,     0.138,     8.532,     0.000,     0.450,     1.249,     9.130,     1.000,    20.851,     0.000,     0.000,     0.000,     0.000,     0.000,     0.000,     0.000,        35.000,         6.324,     0.046,     0.000,     0.004,     0.021,         1.000,         1.000,         1.000,         1.000,         1.000,         1.000,         1.000,         1.000,         1.000,         0.000,         0.000,         0.000,
     5.552,     4.841,     1.833,    20.823,     0.143,     8.640,     0.000,     0.450,     1.233,     9.130,     1.000,    20.823,     0.000,     0.000,     0.000,     0.000,     0.000,     0.000,     0.000,        35.000,         6.321,     0.046,     0.000,     0.004,     0.021,         1.000,         1.000,         1.000,         1.000,         1.000,         1.000,         1.000,         1.000,         1.000,         0.000,         0.000,         0.000,
     5.556,     5.218,     1.819,    20.780,     0.143,     8.538,     0.000,     0.450,     1.219,     9.130,     1.000,    20.780,     0.000,     0.000,     0.000,     0.000,     0.000,     0.000,     0.000,        35.000,         6.319,     0.046,     0.000,     0.004,     0.021,         1.000,         1.000,         1.000,         1.000,         1.000,         1.000,         1.000,         1.000,         1.000,         0.000,         0.000,         0.000,
     5.560,     5.133,     1.804,    20.733,     0.145,     8.566,     0.000,     0.450,     1.204,     9.130,     1.000,    20.733,     0.000,     0.000,     0.000,     0.000,     0.000,     0.000,     0.000,        35.000,         6.316,     0.046,     0.000,     0.004,     0.021,         1.000,         1.000,         1.000,         1.000,         1.000,         1.000,         1.000,         1.000,         1.000,         0.000,         0.000,         0.000,
     5.565,     5.106,     1.790,    20.696,     0.116,     8.511,     0.000,     0.450,     1.190,     9.130,     1.000,    20.696,     0.000,     0.000,     0.000,     0.000,     0.000,     0.000,     0.000,        35.000,         6.313,     0.206,     0.001,     0.016,     0.093,         1.000,         1.000,         1.000,         1.000,         1.000,         1.000,         1.000,         1.000,         1.000,         0.000,         0.000,         0.000,
     5.569,     5.096,     1.776,    20.631,     0.117,     8.428,     0.000,     0.450,     1.176,     9.130,     1.000,    20.631,     0.000,     0.000,     0.000,     0.000,     0.000,     0.000,     0.000,        35.000,         6.311,     0.206,     0.001,     0.016,     0.093,         1.000,         1.000,         1.000,         1.000,         1.000,         1.000,         1.000,         1.000,         1.000,         0.000,         0.000,         0.000,
     5.573,     4.813,     1.760,    20.608,     0.121,     8.537,     0.000,     0.450,     1.160,     9.130,     1.000,    20.608,     0.000,     0.000,     0.000,     0.000,     0.000,     0.000,     0.000,        35.000,         6.308,     0.206,     0.001,     0.017,     0.093,         1.000,         1.000,         1.000,         1.000,         1.000,         1.000,         1.000,         1.000,         1.000,         0.000,         0.000,         0.000,
     5.577,     4.932,     1.746,    20.585,     0.119,     8.339,     0.000,     0.450,     1.146,     9.130,     1.000,    20.585,     0.000,     0.000,     0.000,     0.000,     0.000,     0.000,     0.000,        35.000,         6.305,     0.206,     0.001,     0.017,     0.093,         1.000,         1.000,         1.000,         1.000,         1.000,         1.000,         1.000,         1.000,         1.000,         0.000,         0.000,         0.000,
     5.581,     4.852,     1.731,    20.584,     0.121,     8.313,     0.000,     0.450,     1.131,     9.130,     1.000,    20.584,     0.000,     0.000,     0.000,     0.000,     0.000,     0.000,     0.000,        35.000,         6.303,     0.207,     0.001,     0.017,     0.093,         1.000,         1.000,         1.000,         1.000,         1.000,         1.000,         1.000,         1.000,         1.000,         0.000,         0.000,         0.000,
     5.586,     4.860,     1.716,    20.575,     0.122,     8.310,     0.000,     0.450,     1.116,     9.130,     1.000,    20.575,     0.000,     0.000,     0.000,     0.000,     0.000,     0.000,     0.000,        35.000,         6.300,     0.207,     0.001,     0.017,     0.093,         1.000,         1.000,         1.000,         1.000,         1.000,         1.000,         1.000,         1.000,         1.000,         0.000,         0.000,         0.000,
     5.590,     4.738,     1.702,    20.572,     0.122,     8.194,     0.000,     0.450,     1.102,     9.130,     1.000,    20.572,     0.000,     0.000,     0.000,     0.000,     0.000,     0.000,     0.000,        35.000,         6.297,     0.207,     0.001,     0.017,     0.093,         1.000,         1.000,         1.000,         1.000,         1.000,         1.000,         1.000,         1.000,         1.000,         0.000,         0.000,         0.000,
     5.594,     4.296,     1.686,    20.566,     0.124,     8.146,     0.000,     0.450,     1.086,     9.130,     1.000,    20.566,     0.000,     0.000,     0.000,     0.000,     0.000,     0.000,     0.000,        35.000,         6.295,     0.207,     0.001,     0.017,     0.093,         1.000,         1.000,         1.000,         1.000,         1.000,         1.000,         1.000,         1.000,         1.000,         0.000,         0.000,         0.000,
     5.598,     4.711,     1.673,    20.557,     0.125,     8.087,     0.000,     0.450,     1.073,     9.130,     1.000,    20.557,     0.000,     0.000,     0.000,     0.000,     0.000,     0.000,     0.000,        35.000,         6.292,     0.207,     0.001,     0.017,     0.093,         1.000,         1.000,         1.000,         1.000,         1.000,         1.000,         1.000,         1.000,         1.000,         0.000,         0.000,         0.000,
     5.602,     4.654,     1.658,    20.553,     0.126,     8.028,     0.000,     0.450,     1.058,     9.130,     1.000,    20.553,     0.000,     0.000,     0.000,     0.000,     0.000,     0.000,     0.000,        35.000,         6.289,     0.207,     0.001,     0.017,     0.093,         1.000,         1.000,         1.000,         1.000,         1.000,         1.000,         1.000,         1.000,         1.000,         0.000,         0.000,         0.000,
     5.606,     4.523,     1.643,    20.545,     0.126,     7.922,     0.000,     0.450,     1.043,     9.130,     1.000,    20.545,     0.000,     0.000,     0.000,     0.000,     0.000,     0.000,     0.000,        35.000,         6.287,     0.208,     0.001,     0.017,     0.093,         1.000,         1.000,         1.000,         1.000,         1.000,         1.000,         1.000,         1.000,         1.000,         0.000,         0.000,         0.000,
     5.611,     4.589,     1.629,    20.545,     0.128,     7.851,     0.000,     0.450,     1.029,     9.130,     1.000,    20.545,     0.000,     0.000,     0.000,     0.000,     0.000,     0.000,     0.000,        35.000,         6.284,     0.208,     0.001,     0.017,     0.093,         1.000,         1.000,         1.000,         1.000,         1.000,         1.000,         1.000,         1.000,         1.000,         0.000,         0.000,         0.000,
     5.615,     4.206,     1.612,    20.537,     0.131,     7.825,     0.000,     0.450,     1.012,     9.130,     1.000,    20.537,     0.000,     0.000,     0.000,     0.000,     0.000,     0.000,     0.000,        35.000,         6.281,     0.208,     0.001,     0.017,     0.094,         1.000,         1.000,         1.000,         1.000,         1.000,         1.000,         1.000,         1.000,         1.000,         0.000,         0.000,         0.000,
     7.666,     1.000,     1.613,    23.255,    -0.160,    -7.656,     0.000,     0.450,     1.013,     9.130,     1.000,    23.258,     0.000,     0.000,     0.000,     0.000,     0.000,     0.000,     0.000,        35.000,         0.010,     0.218,     0.001,     0.017,     0.098,         1.000,         1.000,         1.000,         1.000,         1.000,         1.000,         1.000,         1.000,         1.000,         0.000,         0.000,         0.000,
     7.671,     1.000,     1.620,    23.247,    -0.160,    -7.700,     0.000,     0.450,     1.020,     9.130,     1.000,    23.252,     0.000,     0.000,     0.000,     0.000,     0.000,     0.000,     0.000,        35.000,         0.010,     0.218,     0.001,     0.017,     0.098,         1.000,         1.000,         1.000,         1.000,         1.000,         1.000,         1.000,         1.000,         1.000,         0.000,         0.000,         0.000,
     7.675,     1.000,     1.625,    23.197,    -0.160,    -7.773,     0.000,     0.450,     1.025,     9.130,     1.000,    23.232,     0.000,     0.000,     0.000,     0.000,     0.000,     0.000,     0.000,        35.000,         0.010,     0.218,     0.001,     0.017,     0.098,         1.000,         1.000,         1.000,         1.000,         1.000,         1.000,         1.000,         1.000,         1.000,         0.000,         0.000,         0.000,
     7.679,     1.000,     1.638,    23.034,    -0.164,    -8.078,     0.000,     0.450,     1.038,     9.130,     1.000,    23.131,     0.000,     0.000,     0.000,     0.000,     0.000,     0.000,     0.000,        35.000,         0.010,     0.218,     0.001,     0.017,     0.098,         1.000,         1.000,         1.000,         1.000,         1.000,         1.000,         1.000,         1.000,         1.000,         0.000,         0.000,         0.000,
     7.683,     1.000,     1.652,    23.276,    -0.165,    -8.321,     0.000,     0.450,     1.052,     9.130,     1.000,    23.276,     0.000,     0.000,     0.000,     0.000,     0.000,     0.000,     0.000,        35.000,         0.010,     0.218,     0.001,     0.017,     0.098,         1.000,         1.000,         1.000,         1.000,         1.000,         1.000,         1.000,         1.000,         1.000,         0.000,         0.000,         0.000,
     7.687,     1.000,     1.670,    23.314,    -0.169,    -8.729,     0.000,     0.450,     1.070,     9.130,     1.000,    23.314,     0.000,     0.000,     0.000,     0.000,     0.000,     0.000,     0.000,        35.000,         0.010,     0.218,     0.001,     0.017,     0.098,         1.000,         1.000,         1.000,         1.000,         1.000,         1.000,         1.000,         1.000,         1.000,         0.000,         0.000,         0.000,
     7.691,     1.000,     1.690,    23.369,    -0.160,    -8.664,     0.000,     0.450,     1.090,     9.130,     1.000,    23.369,     0.000,     0.000,     0.000,     0.000,     0.000,     0.000,     0.000,        35.000,         0.010,     0.218,     0.001,     0.017,     0.098,         1.000,         1.000,         1.000,         1.000,         1.000,         1.000,         1.000,         1.000,         1.000,         0.000,         0.000,         0.000,
     7.696,     1.000,     1.702,    23.268,    -0.161,    -8.882,     0.000,     0.450,     1.102,     9.130,     1.000,    23.352,     0.000,     0.000,     0.000,     0.000,     0.000,     0.000,     0.000,        35.000,         0.010,     0.218,     0.001,     0.017,     0.098,         1.000,         1.000,         1.000,         1.000,         1.000,         1.000,         1.000,         1.000,         1.000,         0.000,         0.000,         0.000,
     7.700,     1.000,     1.727,    23.464,    -0.167,    -9.478,     0.000,     0.450,     1.127,     9.130,     1.000,    23.464,     0.000,     0.000,     0.000,     0.000,     0.000,     0.000,     0.000,        35.000,         0.010,     0.218,     0.001,     0.017,     0.098,         1.000,         1.000,         1.000,         1.000,         1.000,         1.000,         1.000,         1.000,         1.000,         0.000,         0.000,         0.000,
     7.704,     1.000,     1.746,    23.526,    -0.169,    -9.824,     0.000,     0.450,     1.146,     9.130,     1.000,    23.526,     0.000,     0.000,     0.000,     0.000,     0.000,     0.000,     0.000,        35.000,         0.010,     0.218,     0.001,     0.017,     0.098,         1.000,         1.000,         1.000,         1.000,         1.000,         1.000,         1.000,         1.000,         1.000,         0.000,         0.000,         0.000,
     7.708,     1.000,     1.739,    23.526,    -0.165,    -9.540,     0.000,     0.450,     1.139,     9.130,     1.000,    23.532,     0.000,     0.000,     0.000,     0.000,     0.000,     0.000,     0.000,        35.000,         0.010,     0.218,     0.001,     0.017,     0.098,         1.000,         1.000,         1.000,         1.000,         1.000,         1.000,         1.000,         1.000,         1.000,         0.000,         0.000,         0.000,
     7.712,     1.156,     1.732,    23.063,    -0.163,    -9.327,     0.000,     0.450,     1.132,     9.130,     1.000,    23.376,     0.000,     0.000,     0.000,     0.000,     0.000,     0.000,     0.000,        35.000,         0.010,     0.218,     0.001,     0.017,     0.098,         1.000,         1.000,         1.000,         1.000,         1.000,         1.000,         1.000,         1.000,         1.000,         0.000,         0.000,         0.000,
     7.716,     1.321,     1.734,    22.856,    -0.164,    -9.348,     0.000,     0.450,     1.134,     9.130,     1.000,    23.072,     0.000,     0.000,     0.000,     0.000,     0.000,     0.000,     0.000,        35.000,         0.010,     0.218,     0.001,     0.017,     0.098,         1.000,         1.000,         1.000,         1.000,         1.000,         1.000,         1.000,         1.000,         1.000,         0.000,         0.000,         0.000,
     7.721,     1.350,     1.757,    23.516,    -0.169,    -9.909,     0.000,     0.450,     1.157,     9.130,     1.000,    23.535,     0.000,     0.000,     0.000,     0.000,     0.000,     0.000,     0.000,        35.000,         0.010,     0.218,     0.001,     0.017,     0.098,         1.000,         1.000,         1.000,         1.000,         1.000,         1.000,         1.000,         1.000,         1.000,         0.000,         0.000,         0.000,
     7.725,     1.381,     1.776,    23.510,    -0.171,   -10.278,     0.000,     0.450,     1.176,     9.130,     1.000,    23.521,     0.000,     0.000,     0.000,     0.000,     0.000,     0.000,     0.000,        35.000,         0.010,     0.218,     0.001,     0.017,     0.098,         1.000,         1.000,         1.000,         1.000,         1.000,         1.000,         1.000,         1.000,         1.000,         0.000,         0.000,         0.000,
     7.729,     1.597,     1.779,    23.474,    -0.169,   -10.226,     0.000,     0.450,     1.179,     9.130,     1.000,    23.495,     0.000,     0.000,     0.000,     0.000,     0.000,     0.000,     0.000,        35.000,         0.010,     0.218,     0.001,     0.017,     0.098,         1.000,         1.000,         1.000,         1.000,         1.000,         1.000,         1.000,         1.000,         1.000,         0.000,         0.000,         0.000,
     7.733,     2.106,     1.761,    23.249,    -0.163,    -9.680,     0.000,     0.450,     1.161,     9.130,     1.000,    23.447,     0.000,     0.000,     0.000,     0.000,     0.000,     0.000,     0.000,        35.000,         0.010,     0.218,     0.001,     0.017,     0.098,         1.000,         1.000,         1.000,         1.000,         1.000,         1.000,         1.000,         1.000,         1.000,         0.000,         0.000,         0.000,
     7.737,     2.347,     1.761,    22.891,    -0.164,    -9.616,     0.000,     0.450,     1.161,     9.130,     1.000,    23.160,     0.000,     0.000,     0.000,     0.000,     0.000,     0.000,     0.000,        35.000,         0.010,     0.218,     0.001,     0.017,     0.098,         1.000,         1.000,         1.000,         1.000,         1.000,         1.000,         1.000,         1.000,         1.000,         0.000,         0.000,         0.000,
     7.741,     2.026,     1.784,    23.427,    -0.167,   -10.104,     0.000,     0.450,     1.184,     9.130,     1.000,    23.462,     0.000,     0.000,     0.000,     0.000,     0.000,     0.000,     0.000,        35.000,         0.010,     0.218,     0.001,     0.017,     0.098,         1.000,         1.000,         1.000,         1.000,         1.000,         1.000,         1.000,         1.000,         1.000,         0.000,         0.000,         0.000,
     7.746,     3.536,     1.794,    23.368,    -0.147,   -10.857,     0.000,     0.450,     1.194,     9.130,     1.000,    23.402,     0.000,     0.000,     0.000,     0.000,     0.000,     0.000,     0.000,        35.000,         0.010,     0.218,     0.001,     0.017,     0.098,         1.000,         1.000,         1.000,         1.000,         1.000,         1.000,         1.000,         1.000,         1.000,         0.000,         0.000,         0.000,
     7.750,     4.461,     1.797,    23.336,    -0.147,   -10.758,     0.000,     0.450,     1.197,     9.130,     1.000,    23.365,     0.000,     0.000,     0.000,     0.000,     0.000,     0.000,     0.000,        35.000,         0.010,     0.218,     0.001,     0.017,     0.098,         1.000,         1.000,         1.000,         1.000,         1.000,         1.000,         1.000,         1.000,         1.000,         0.000,         0.000,         0.000,
     7.754,     4.846,     1.770,    23.084,    -0.134,    -9.599,     0.000,     0.450,     1.170,     9.130,     1.000,    23.312,     0.000,     0.000,     0.000,     0.000,     0.000,     0.000,     0.000,        35.000,         0.010,     0.218,     0.001,     0.017,     0.098,         1.000,         1.000,         1.000,         1.000,         1.000,         1.000,         1.000,         1.000,         1.000,         0.000,         0.000,         0.000,
     7.758,     4.409,     1.755,    22.738,    -0.119,    -8.722,     0.000,     0.450,     1.155,     9.130,     1.000,    23.008,     0.000,     0.000,     0.000,     0.000,     0.000,     0.000,     0.000,        35.000,         0.010,     0.218,     0.001,     0.017,     0.098,         1.000,         1.000,         1.000,         1.000,         1.000,         1.000,         1.000,         1.000,         1.000,         0.000,         0.000,         0.000,
     7.762,     4.095,     1.749,    23.270,    -0.112,    -8.153,     0.000,     0.450,     1.149,     9.130,     1.000,    23.285,     0.000,     0.000,     0.000,     0.000,     0.000,     0.000,     0.000,        35.000,         0.010,     0.218,     0.001,     0.017,     0.098,         1.000,         1.000,         1.000,         1.000,         1.000,         1.000,         1.000,         1.000,         1.000,         0.000,         0.000,         0.000,
     7.766,     3.738,     1.748,    23.307,    -0.108,    -7.823,     0.000,     0.450,     1.148,     9.130,     1.000,    23.351,     0.000,     0.000,     0.000,     0.000,     0.000,     0.000,     0.000,        35.000,         0.010,     0.218,     0.001,     0.017,     0.098,         1.000,         1.000,         1.000,         1.000,         1.000,         1.000,         1.000,         1.000,         1.000,         0.000,         0.000,         0.000,
     7.771,     3.553,     1.744,    23.230,    -0.101,    -7.319,     0.000,     0.450,     1.144,     9.130,     1.000,    23.301,     0.000,     0.000,     0.000,     0.000,     0.000,     0.000,     0.000,        35.000,         0.010,     0.218,     0.001,     0.017,     0.098,         1.000,         1.000,         1.000,         1.000,         1.000,         1.000,         1.000,         1.000,         1.000,         0.000,         0.000,         0.000,
     7.775,     3.092,     1.718,    23.104,    -0.083,    -5.950,     0.000,     0.450,     1.118,     9.130,     1.000,    23.295,     0.000,     0.000,     0.000,     0.000,     0.000,     0.000,     0.000,        35.000,         0.010,     0.218,     0.001,     0.017,     0.098,         1.000,         1.000,         1.000,         1.000,         1.000,         1.000,         1.000,         1.000,         1.000,         0.000,         0.000,         0.000,
     7.779,     3.450,     1.710,    22.934,    -0.069,    -4.885,     0.000,     0.450,     1.110,     9.130,     1.000,    23.124,     0.000,     0.000,     0.000,     0.000,     0.000,     0.000,     0.000,        35.000,         0.010,     0.218,     0.001,     0.017,     0.098,         1.000,         1.000,         1.000,         1.000,         1.000,         1.000,         1.000,         1.000,         1.000,         0.000,         0.000,         0.000,
     7.783,     4.450,     1.703,    23.153,    -0.055,    -3.893,     0.000,     0.450,     1.103,     9.130,     1.000,    23.190,     0.000,     0.000,     0.000,     0.000,     0.000,     0.000,     0.000,        35.000,         0.010,     0.218,     0.001,     0.017,     0.098,         1.000,         1.000,         1.000,         1.000,         1.000,         1.000,         1.000,         1.000,         1.000,         0.000,         0.000,         0.000,
     7.787,     3.870,     1.690,    23.266,    -0.033,    -2.443,     0.000,     0.450,     1.090,     9.130,     1.000,    23.281,     0.000,     0.000,     0.000,     0.000,     0.000,     0.000,     0.000,        35.000,         0.010,     0.218,     0.001,     0.017,     0.098,         1.000,         1.000,         1.000,         1.000,         1.000,         1.000,         1.000,         1.000,         1.000,         0.000,         0.000,         0.000,
     7.791,     3.050,     1.674,    23.216,     0.012,     0.277,     0.000,     0.450,     1.074,     9.130,     1.000,    23.274,     0.000,     0.000,     0.000,     0.000,     0.000,     0.000,     0.000,        35.000,         0.010,     0.218,     0.001,     0.017,     0.098,         1.000,         1.000,         1.000,         1.000,         1.000,         1.000,         1.000,         1.000,         1.000,         0.000,         0.000,         0.000,
     7.796,     2.386,     1.643,    23.243,     0.078,     4.815,     0.000,     0.450,     1.043,     9.130,     1.000,    23.243,     0.000,     0.000,     0.000,     0.000,     0.000,     0.000,     0.000,        34.974,         0.010,     0.218,     0.001,     0.017,     0.098,         1.000,         1.000,         1.000,         1.000,         1.000,         1.000,         1.000,         1.000,         1.000,         0.000,         0.000,         0.000,
     7.800,     2.080,     1.615,    23.132,     0.106,     6.516,     0.000,     0.450,     1.015,     9.130,     1.000,    23.135,     0.000,     0.000,     0.000,     0.000,     0.000,     0.000,     0.000,        34.987,         0.010,     0.218,     0.001,     0.017,     0.098,         1.000,         1.000,         1.000,         1.000,         1.000,         1.000,         1.000,         1.000,         1.000,         0.000,         0.000,         0.000,
     7.804,     2.147,     1.602,    23.305,     0.108,     6.530,     0.000,     0.450,     1.002,     9.130,     1.000,    23.307,     0.000,     0.000,     0.000,     0.000,     0.000,     0.000,     0.000,        34.990,         0.010,     0.218,     0.001,     0.017,     0.098,         1.000,         1.000,         1.000,         1.000,         1.000,         1.000,         1.000,         1.000,         1.000,         0.000,         0.000,         0.000,
     8.680,     1.000,     1.627,    23.185,    -0.186,    -8.092,     0.000,     0.450,     1.027,     9.130,     1.000,    23.185,     0.000,     0.000,     0.000,     0.000,     0.000,     0.000,     0.000,        35.000,         0.010,     0.219,     0.001,     0.018,     0.099,         1.000,         1.000,         1.000,         1.000,         1.000,         1.000,         1.000,         1.000,         1.000,         0.000,         0.000,         0.000,
     8.684,     1.000,     1.661,    23.199,    -0.192,    -8.802,     0.000,     0.450,     1.061,     9.130,     1.000,    23.199,     0.000,     0.000,     0.000,     0.000,     0.000,     0.000,     0.000,        35.000,         0.010,     0.219,     0.001,     0.018,     0.099,         1.000,         1.000,         1.000,         1.000,         1.000,         1.000,         1.000,         1.000,         1.000,         0.000,         0.000,         0.000,
     8.688,     1.000,     1.664,    23.194,    -0.191,    -8.766,     0.000,     0.450,     1.064,     9.130,     1.000,    23.196,     0.000,     0.000,     0.000,     0.000,     0.000,     0.000,     0.000,        35.000,         0.010,     0.219,     0.001,     0.018,     0.099,         1.000,         1.000,         1.000,         1.000,         1.000,         1.000,         1.000,         1.000,         1.000,         0.000,         0.000,         0.000,
     8.692,     1.000,     1.656,    23.175,    -0.188,    -8.511,     0.000,     0.450,     1.056,     9.130,     1.000,    23.182,     0.000,     0.000,     0.000,     0.000,     0.000,     0.000,     0.000,        35.000,         0.010,     0.219,     0.001,     0.018,     0.099,         1.000,         1.000,         1.000,         1.000,         1.000,         1.000,         1.000,         1.000,         1.000,         0.000,         0.000,         0.000,
     8.696,     1.000,     1.659,    23.194,    -0.188,    -8.565,     0.000,     0.450,     1.059,     9.130,     1.000,    23.194,     0.000,     0.000,     0.000,     0.000,     0.000,     0.000,     0.000,        35.000,         0.010,     0.219,     0.001,     0.018,     0.099,         1.000,         1.000,         1.000,         1.000,         1.000,         1.000,         1.000,         1.000,         1.000,         0.000,         0.000,         0.000,
     8.700,     1.000,     1.705,    23.200,    -0.201,    -9.780,     0.000,     0.450,     1.105,     9.130,     1.000,    23.200,     0.000,     0.000,     0.000,     0.000,     0.000,     0.000,     0.000,        35.000,         0.010,     0.219,     0.001,     0.018,     0.099,         1.000,         1.000,         1.000,         1.000,         1.000,         1.000,         1.000,         1.000,         1.000,         0.000,         0.000,         0.000,
     8.705,     1.000,     1.752,    23.200,    -0.211,   -10.936,     0.000,     0.450,     1.152,     9.130,     1.000,    23.200,     0.000,     0.000,     0.000,     0.000,     0.000,     0.000,     0.000,        35.000,         0.010,     0.219,     0.001,     0.018,     0.099,         1.000,         1.000,         1.000,         1.000,         1.000,         1.000,         1.000,         1.000,         1.000,         0.000,         0.000,         0.000,
     8.709,     1.000,     1.791,    23.194,    -0.210,   -11.955,     0.000,     0.450,     1.191,     9.130,     1.000,    23.195,     0.000,     0.000,     0.000,     0.000,     0.000,     0.000,     0.000,        35.000,         0.010,     0.219,     0.001,     0.018,     0.099,         1.000,         1.000,         1.000,         1.000,         1.000,         1.000,         1.000,         1.000,         1.000,         0.000,         0.000,         0.000,
     8.713,     1.000,     1.821,    23.163,    -0.256,   -12.788,     0.000,     0.450,     1.221,     9.130,     1.000,    23.169,     0.000,     0.000,     0.000,     0.000,     0.000,     0.000,     0.000,        35.000,         0.010,     0.045,     0.000,     0.004,     0.020,         1.000,         1.000,         1.000,         1.000,         1.000,         1.000,         1.000,         1.000,         1.000,         0.000,         0.000,         0.000,
     8.717,     1.000,     1.812,    23.148,    -0.251,   -12.396,     0.000,     0.450,     1.212,     9.130,     1.000,    23.155,     0.000,     0.000,     0.000,     0.000,     0.000,     0.000,     0.000,        35.000,         0.010,     0.045,     0.000,     0.004,     0.020,         1.000,         1.000,         1.000,         1.000,         1.000,         1.000,         1.000,         1.000,         1.000,         0.000,         0.000,         0.000,
     8.721,     1.000,     1.819,    23.122,    -0.253,   -12.571,     0.000,     0.450,     1.219,     9.130,     1.000,    23.131,     0.000,     0.000,     0.000,     0.000,     0.000,     0.000,     0.000,        35.000,         0.010,     0.045,     0.000,     0.004,     0.020,         1.000,         1.000,         1.000,         1.000,         1.000,         1.000,         1.000,         1.000,         1.000,         0.000,         0.000,         0.000,
     8.726,     1.000,     1.830,    23.105,    -0.255,   -12.830,     0.000,     0.450,     1.230,     9.130,     1.000,    23.112,     0.000,     0.000,     0.000,     0.000,     0.000,     0.000,     0.000,        35.000,         0.010,     0.045,     0.000,     0.004,     0.020,         1.000,         1.000,         1.000,         1.000,         1.000,         1.000,         1.000,         1.000,         1.000,         0.000,         0.000,         0.000,
     8.730,     1.000,     1.848,    23.101,    -0.259,   -13.330,     0.000,     0.450,     1.248,     9.130,     1.000,    23.105,     0.000,     0.000,     0.000,     0.000,     0.000,     0.000,     0.000,        35.000,         0.010,     0.045,     0.000,     0.004,     0.020,         1.000,         1.000,         1.000,         1.000,         1.000,         1.000,         1.000,         1.000,         1.000,         0.000,         0.000,         0.000,
     8.734,     1.000,     1.866,    23.100,    -0.263,   -13.809,     0.000,     0.450,     1.266,     9.130,     1.000,    23.101,     0.000,     0.000,     0.000,     0.000,     0.000,     0.000,     0.000,        35.000,         0.010,     0.045,     0.000,     0.004,     0.020,         1.000,         1.000,         1.000,         1.000,         1.000,         1.000,         1.000,         1.000,         1.000,         0.000,         0.000,         0.000,
     8.738,     1.000,     1.879,    23.100,    -0.265,   -14.110,     0.000,     0.450,     1.279,     9.130,     1.000,    23.100,     0.000,     0.000,     0.000,     0.000,     0.000,     0.000,     0.000,        35.000,         0.010,     0.045,     0.000,     0.004,     0.020,         1.000,         1.000,         1.000,         1.000,         1.000,         1.000,         1.000,         1.000,         1.000,         0.000,         0.000,         0.000,
     8.742,     1.000,     1.912,    23.100,    -0.274,   -15.083,     0.000,     0.450,     1.312,     9.130,     1.000,    23.100,     0.000,     0.000,     0.000,     0.000,     0.000,     0.000,     0.000,        35.000,         0.010,     0.045,     0.000,     0.004,     0.020,         1.000,         1.000,         1.000,         1.000,         1.000,         1.000,         1.000,         1.000,         1.000,         0.000,         0.000,         0.000,
     8.746,     1.000,     1.930,    23.100,    -0.277,   -15.558,     0.000,     0.450,     1.330,     9.130,     1.000,    23.100,     0.000,     0.000,     0.000,     0.000,     0.000,     0.000,     0.000,        35.000,         0.010,     0.045,     0.000,     0.004,     0.020,         1.000,         1.000,         1.000,         1.000,         1.000,         1.000,         1.000,         1.000,         1.000,         0.000,         0.000,         0.000,
     8.751,     1.347,     1.948,    23.100,    -0.239,   -16.246,     0.000,     0.450,     1.348,     9.130,     1.000,    23.100,     0.000,     0.000,     0.000,     0.000,     0.000,     0.000,     0.000,        35.000,         0.010,     0.045,     0.000,     0.004,     0.020,         1.000,         1.000,         1.000,         1.000,         1.000,         1.000,         1.000,         1.000,         1.000,         0.000,         0.000,         0.000,
     8.755,     1.860,     1.947,    23.100,    -0.235,   -16.008,     0.000,     0.450,     1.347,     9.130,     1.000,    23.100,     0.000,     0.000,     0.000,     0.000,     0.000,     0.000,     0.000,        35.000,         0.010,     0.045,     0.000,     0.004,     0.020,         1.000,         1.000,         1.000,         1.000,         1.000,         1.000,         1.000,         1.000,         1.000,         0.000,         0.000,         0.000,
     8.759,     3.744,     1.930,    23.100,    -0.223,   -14.927,     0.000,     0.450,     1.330,     9.130,     1.000,    23.100,     0.000,     0.000,     0.000,     0.000,     0.000,     0.000,     0.000,        35.000,         0.010,     0.045,     0.000,     0.004,     0.020,         1.000,         1.000,         1.000,         1.000,         1.000,         1.000,         1.000,         1.000,         1.000,         0.000,         0.000,         0.000,
     8.763,     3.731,     1.935,    23.099,    -0.221,   -14.797,     0.000,     0.450,     1.335,     9.130,     1.000,    23.099,     0.000,     0.000,     0.000,     0.000,     0.000,     0.000,     0.000,        35.000,         0.010,     0.045,     0.000,     0.004,     0.020,         1.000,         1.000,         1.000,         1.000,         1.000,         1.000,         1.000,         1.000,         1.000,         0.000,         0.000,         0.000,
     8.767,     3.754,     1.947,    23.089,    -0.221,   -14.989,     0.000,     0.450,     1.347,     9.130,     1.000,    23.089,     0.000,     0.000,     0.000,     0.000,     0.000,     0.000,     0.000,        35.000,         0.010,     0.045,     0.000,     0.004,     0.020,         1.000,         1.000,         1.000,         1.000,         1.000,         1.000,         1.000,         1.000,         1.000,         0.000,         0.000,         0.000,
     8.771,     3.799,     1.952,    23.055,    -0.218,   -14.864,     0.000,     0.450,     1.352,     9.130,     1.000,    23.055,     0.000,     0.000,     0.000,     0.000,     0.000,     0.000,     0.000,        35.000,         0.010,     0.045,     0.000,     0.004,     0.020,         1.000,         1.000,         1.000,         1.000,         1.000,         1.000,         1.000,         1.000,         1.000,         0.000,         0.000,         0.000,
     8.776,     3.936,     1.948,    23.067,    -0.210,   -14.347,     0.000,     0.450,     1.348,     9.130,     1.000,    23.067,     0.000,     0.000,     0.000,     0.000,     0.000,     0.000,     0.000,        35.000,         0.010,     0.045,     0.000,     0.004,     0.020,         1.000,         1.000,         1.000,         1.000,         1.000,         1.000,         1.000,         1.000,         1.000,         0.000,         0.000,         0.000,
     8.780,     4.120,     1.938,    23.082,    -0.199,   -13.463,     0.000,     0.450,     1.338,     9.130,     1.000,    23.090,     0.000,     0.000,     0.000,     0.000,     0.000,     0.000,     0.000,        35.000,         0.010,     0.045,     0.000,     0.004,     0.020,         1.000,         1.000,         1.000,         1.000,         1.000,         1.000,         1.000,         1.000,         1.000,         0.000,         0.000,         0.000,
     8.784,     4.271,     1.929,    23.036,    -0.191,   -12.772,     0.000,     0.450,     1.329,     9.130,     1.000,    23.050,     0.000,     0.000,     0.000,     0.000,     0.000,     0.000,     0.000,        35.000,         0.010,     0.045,     0.000,     0.004,     0.020,         1.000,         1.000,         1.000,         1.000,         1.000,         1.000,         1.000,         1.000,         1.000,         0.000,         0.000,         0.000,
     8.788,     4.313,     1.942,    22.984,    -0.189,   -12.829,     0.000,     0.450,     1.342,     9.130,     1.000,    22.984,     0.000,     0.000,     0.000,     0.000,     0.000,     0.000,     0.000,        35.000,         0.010,     0.045,     0.000,     0.004,     0.020,         1.000,         1.000,         1.000,         1.000,         1.000,         1.000,         1.000,         1.000,         1.000,         0.000,         0.000,         0.000,
     8.792,     4.458,     1.942,    22.969,    -0.183,   -12.409,     0.000,     0.450,     1.342,     9.130,     1.000,    22.969,     0.000,     0.000,     0.000,     0.000,     0.000,     0.000,     0.000,        35.000,         0.010,     0.045,     0.000,     0.004,     0.020,         1.000,         1.000,         1.000,         1.000,         1.000,         1.000,         1.000,         1.000,         1.000,         0.000,         0.000,         0.000,
     8.796,     5.000,     1.925,    23.014,    -0.161,   -10.820,     0.000,     0.450,     1.325,     9.130,     1.000,    23.015,     0.000,     0.000,     0.000,     0.000,     0.000,     0.000,     0.000,        35.000,         0.010,     0.045,     0.000,     0.004,     0.020,         1.000,         1.000,         1.000,         1.000,         1.000,         1.000,         1.000,         1.000,         1.000,         0.000,         0.000,         0.000,
     8.801,     5.000,     1.916,    23.047,    -0.147,    -9.840,     0.000,     0.450,     1.316,     9.130,     1.000,    23.066,     0.000,     0.000,     0.000,     0.000,     0.000,     0.000,     0.000,        35.000,         0.010,     0.045,     0.000,     0.004,     0.020,         1.000,         1.000,         1.000,         1.000,         1.000,         1.000,         1.000,         1.000,         1.000,         0.000,         0.000,         0.000,
     8.805,     3.650,     1.900,    23.011,    -0.122,    -8.041,     0.000,     0.450,     1.300,     9.130,     1.000,    23.049,     0.000,     0.000,     0.000,     0.000,     0.000,     0.000,     0.000,        35.000,         0.010,     0.045,     0.000,     0.004,     0.020,         1.000,         1.000,         1.000,         1.000,         1.000,         1.000,         1.000,         1.000,         1.000,         0.000,         0.000,         0.000,
     8.809,     2.217,     1.872,    23.019,    -0.076,    -4.995,     0.000,     0.450,     1.272,     9.130,     1.000,    23.063,     0.000,     0.000,     0.000,     0.000,     0.000,     0.000,     0.000,        35.000,         0.010,     0.045,     0.000,     0.004,     0.020,         1.000,         1.000,         1.000,         1.000,         1.000,         1.000,         1.000,         1.000,         1.000,         0.000,         0.000,         0.000,
     8.813,     2.087,     1.851,    23.080,    -0.014,    -1.154,     0.000,     0.450,     1.251,     9.130,     1.000,    23.111,     0.000,     0.000,     0.000,     0.000,     0.000,     0.000,     0.000,        35.000,         0.010,     0.045,     0.000,     0.004,     0.020,         1.000,         1.000,         1.000,         1.000,         1.000,         1.000,         1.000,         1.000,         1.000,         0.000,         0.000,         0.000,
     8.817,     2.225,     1.831,    23.057,     0.086,     5.000,     0.000,     0.450,     1.231,     9.130,     1.000,    23.057,     0.000,     0.000,     0.000,     0.000,     0.000,     0.000,     0.000,        34.980,         0.010,     0.045,     0.000,     0.004,     0.020,         1.000,         1.000,         1.000,         1.000,         1.000,         1.000,         1.000,         1.000,         1.000,         0.000,         0.000,         0.000,
     8.821,     2.253,     1.809,    23.047,     0.131,     7.822,     0.000,     0.450,     1.209,     9.130,     1.000,    23.047,     0.000,     0.000,     0.000,     0.000,     0.000,     0.000,     0.000,        34.992,         0.010,     0.045,     0.000,     0.004,     0.020,         1.000,         1.000,         1.000,         1.000,         1.000,         1.000,         1.000,         1.000,         1.000,         0.000,         0.000,         0.000,
     8.826,     2.709,     1.806,    23.061,     0.120,     7.180,     0.000,     0.450,     1.206,     9.130,     1.000,    23.061,     0.000,     0.000,     0.000,     0.000,     0.000,     0.000,     0.000,        34.992,         0.010,     0.045,     0.000,     0.004,     0.020,         1.000,         1.000,         1.000,         1.000,         1.000,         1.000,         1.000,         1.000,         1.000,         0.000,         0.000,         0.000,
     8.830,     2.615,     1.785,    23.029,     0.102,     7.534,     0.000,     0.450,     1.185,     9.130,     1.000,    23.029,     0.000,     0.000,     0.000,     0.000,     0.000,     0.000,     0.000,        34.993,         0.010,     0.220,     0.001,     0.018,     0.099,         1.000,         1.000,         1.000,         1.000,         1.000,         1.000,         1.000,         1.000,         1.000,         0.000,         0.000,         0.000,
     8.834,     2.243,     1.755,    22.989,     0.122,     8.687,     0.000,     0.450,     1.155,     9.130,     1.000,    22.989,     0.000,     0.000,     0.000,     0.000,     0.000,     0.000,     0.000,        34.994,         0.010,     0.220,     0.001,     0.018,     0.099,         1.000,         1.000,         1.000,         1.000,         1.000,         1.000,         1.000,         1.000,         1.000,         0.000,         0.000,         0.000,
     8.838,     1.958,     1.724,    22.977,     0.136,     9.414,     0.000,     0.450,     1.124,     9.130,     1.000,    22.977,     0.000,     0.000,     0.000,     0.000,     0.000,     0.000,     0.000,        34.994,         0.010,     0.220,     0.001,     0.018,     0.099,         1.000,         1.000,         1.000,         1.000,         1.000,         1.000,         1.000,         1.000,         1.000,         0.000,         0.000,         0.000,
     8.842,     1.762,     1.689,    22.987,     0.151,    10.111,     0.000,     0.450,     1.089,     9.130,     1.000,    22.987,     0.000,     0.000,     0.000,     0.000,     0.000,     0.000,     0.000,        34.994,         0.010,     0.220,     0.001,     0.018,     0.099,         1.000,         1.000,         1.000,         1.000,         1.000,         1.000,         1.000,         1.000,         1.000,         0.000,         0.000,         0.000,
     8.846,     1.680,     1.664,    23.024,     0.157,    10.221,     0.000,     0.450,     1.064,     9.130,     1.000,    23.025,     0.000,     0.000,     0.000,     0.000,     0.000,     0.000,     0.000,        34.995,         0.010,     0.220,     0.001,     0.018,     0.099,         1.000,         1.000,         1.000,         1.000,         1.000,         1.000,         1.000,         1.000,         1.000,         0.000,         0.000,         0.000,
     8.851,     1.623,     1.636,    23.062,     0.164,    10.297,     0.000,     0.450,     1.036,     9.130,     1.000,    23.062,     0.000,     0.000,     0.000,     0.000,     0.000,     0.000,     0.000,        34.995,         0.010,     0.220,     0.001,     0.018,     0.099,         1.000,         1.000,         1.000,         1.000,         1.000,         1.000,         1.000,         1.000,         1.000,         0.000,         0.000,         0.000,
     8.855,     1.608,     1.611,    23.070,     0.168,    10.268,     0.000,     0.450,     1.011,     9.130,     1.000,    23.070,     0.000,     0.000,     0.000,     0.000,     0.000,     0.000,     0.000,        34.995,         0.010,     0.220,     0.001,     0.018,     0.099,         1.000,         1.000,         1.000,         1.000,         1.000,         1.000,         1.000,         1.000,         1.000,         0.000,         0.000,         0.000,
     9.710,     1.000,     1.627,    23.402,    -0.189,    -7.931,     0.000,     0.450,     1.027,     9.130,     1.000,    23.419,     0.000,     0.000,     0.000,     0.000,     0.000,     0.000,     0.000,        35.000,         0.010,     0.221,     0.001,     0.018,     0.099,         1.000,         1.000,         1.000,         1.000,         1.000,         1.000,         1.000,         1.000,         1.000,         0.000,         0.000,         0.000,
     9.714,     1.000,     1.655,    23.403,    -0.204,    -8.494,     0.000,     0.450,     1.055,     9.130,     1.000,    23.409,     0.000,     0.000,     0.000,     0.000,     0.000,     0.000,     0.000,        35.000,         0.010,     0.221,     0.001,     0.018,     0.099,         1.000,         1.000,         1.000,         1.000,         1.000,         1.000,         1.000,         1.000,         1.000,         0.000,         0.000,         0.000,
     9.718,     1.000,     1.683,    23.400,    -0.208,    -9.051,     0.000,     0.450,     1.083,     9.130,     1.000,    23.403,     0.000,     0.000,     0.000,     0.000,     0.000,     0.000,     0.000,        35.000,         0.010,     0.221,     0.001,     0.018,     0.099,         1.000,         1.000,         1.000,         1.000,         1.000,         1.000,         1.000,         1.000,         1.000,         0.000,         0.000,         0.000,
     9.722,     1.000,     1.704,    23.400,    -0.211,    -9.492,     0.000,     0.450,     1.104,     9.130,     1.000,    23.401,     0.000,     0.000,     0.000,     0.000,     0.000,     0.000,     0.000,        35.000,         0.010,     0.221,     0.001,     0.018,     0.099,         1.000,         1.000,         1.000,         1.000,         1.000,         1.000,         1.000,         1.000,         1.000,         0.000,         0.000,         0.000,
     9.726,     1.000,     1.736,    23.399,    -0.221,   -10.382,     0.000,     0.450,     1.136,     9.130,     1.000,    23.400,     0.000,     0.000,     0.000,     0.000,     0.000,     0.000,     0.000,        35.000,         0.010,     0.221,     0.001,     0.018,     0.099,         1.000,         1.000,         1.000,         1.000,         1.000,         1.000,         1.000,         1.000,         1.000,         0.000,         0.000,         0.000,
     9.730,     1.000,     1.774,    23.385,    -0.231,   -11.432,     0.000,     0.450,     1.174,     9.130,     1.000,    23.392,     0.000,     0.000,     0.000,     0.000,     0.000,     0.000,     0.000,        35.000,         0.010,     0.221,     0.001,     0.018,     0.099,         1.000,         1.000,         1.000,         1.000,         1.000,         1.000,         1.000,         1.000,         1.000,         0.000,         0.000,         0.000,
     9.735,     1.000,     1.807,    23.325,    -0.255,   -12.227,     0.000,     0.450,     1.207,     9.130,     1.000,    23.347,     0.000,     0.000,     0.000,     0.000,     0.000,     0.000,     0.000,        35.000,         0.010,     0.044,     0.000,     0.004,     0.020,         1.000,         1.000,         1.000,         1.000,         1.000,         1.000,         1.000,         1.000,         1.000,         0.000,         0.000,         0.000,
     9.739,     1.000,     1.835,    23.348,    -0.276,   -12.984,     0.000,     0.450,     1.235,     9.130,     1.000,    23.348,     0.000,     0.000,     0.000,     0.000,     0.000,     0.000,     0.000,        35.000,         0.010,     0.044,     0.000,     0.004,     0.020,         1.000,         1.000,         1.000,         1.000,         1.000,         1.000,         1.000,         1.000,         1.000,         0.000,         0.000,         0.000,
     9.743,     1.000,     1.862,    23.371,    -0.283,   -13.757,     0.000,     0.450,     1.262,     9.130,     1.000,    23.371,     0.000,     0.000,     0.000,     0.000,     0.000,     0.000,     0.000,        35.000,         0.010,     0.044,     0.000,     0.004,     0.020,         1.000,         1.000,         1.000,         1.000,         1.000,         1.000,         1.000,         1.000,         1.000,         0.000,         0.000,         0.000,
     9.747,     1.000,     1.880,    23.379,    -0.287,   -14.240,     0.000,     0.450,     1.280,     9.130,     1.000,    23.379,     0.000,     0.000,     0.000,     0.000,     0.000,     0.000,     0.000,        35.000,         0.010,     0.044,     0.000,     0.004,     0.020,         1.000,         1.000,         1.000,         1.000,         1.000,         1.000,         1.000,         1.000,         1.000,         0.000,         0.000,         0.000,
     9.751,     1.000,     1.904,    23.399,    -0.293,   -14.906,     0.000,     0.450,     1.304,     9.130,     1.000,    23.399,     0.000,     0.000,     0.000,     0.000,     0.000,     0.000,     0.000,        35.000,         0.010,     0.044,     0.000,     0.004,     0.020,         1.000,         1.000,         1.000,         1.000,         1.000,         1.000,         1.000,         1.000,         1.000,         0.000,         0.000,         0.000,
     9.755,     1.000,     1.930,    23.400,    -0.297,   -15.618,     0.000,     0.450,     1.330,     9.130,     1.000,    23.400,     0.000,     0.000,     0.000,     0.000,     0.000,     0.000,     0.000,        35.000,         0.010,     0.044,     0.000,     0.004,     0.020,         1.000,         1.000,         1.000,         1.000,         1.000,         1.000,         1.000,         1.000,         1.000,         0.000,         0.000,         0.000,
     9.760,     1.000,     1.950,    23.400,    -0.301,   -16.173,     0.000,     0.450,     1.350,     9.130,     1.000,    23.400,     0.000,     0.000,     0.000,     0.000,     0.000,     0.000,     0.000,        35.000,         0.010,     0.044,     0.000,     0.004,     0.020,         1.000,         1.000,         1.000,         1.000,         1.000,         1.000,         1.000,         1.000,         1.000,         0.000,         0.000,         0.000,
     9.764,     1.000,     1.969,    23.400,    -0.247,   -16.988,     0.000,     0.450,     1.369,     9.130,     1.000,    23.400,     0.000,     0.000,     0.000,     0.000,     0.000,     0.000,     0.000,        35.000,         0.010,     0.044,     0.000,     0.004,     0.020,         1.000,         1.000,         1.000,         1.000,         1.000,         1.000,         1.000,         1.000,         1.000,         0.000,         0.000,         0.000,
     9.768,     1.000,     1.985,    23.400,    -0.249,   -17.404,     0.000,     0.450,     1.385,     9.130,     1.000,    23.400,     0.000,     0.000,     0.000,     0.000,     0.000,     0.000,     0.000,        35.000,         0.010,     0.044,     0.000,     0.004,     0.020,         1.000,         1.000,         1.000,         1.000,         1.000,         1.000,         1.000,         1.000,         1.000,         0.000,         0.000,         0.000,
     9.772,     1.000,     2.011,    23.400,    -0.290,   -18.163,     0.000,     0.450,     1.411,     9.130,     1.000,    23.400,     0.000,     0.000,     0.000,     0.000,     0.000,     0.000,     0.000,        35.000,         0.010,     0.044,     0.000,     0.004,     0.020,         1.000,         1.000,         1.000,         1.000,         1.000,         1.000,         1.000,         1.000,         1.000,         0.000,         0.000,         0.000,
     9.776,     1.000,     2.039,    23.400,    -0.296,   -18.995,     0.000,     0.450,     1.439,     9.130,     1.000,    23.400,     0.000,     0.000,     0.000,     0.000,     0.000,     0.000,     0.000,        35.000,         0.010,     0.044,     0.000,     0.004,     0.020,         1.000,         1.000,         1.000,         1.000,         1.000,         1.000,         1.000,         1.000,         1.000,         0.000,         0.000,         0.000,
     9.781,     1.098,     2.058,    23.400,    -0.298,   -19.421,     0.000,     0.450,     1.458,     9.130,     1.000,    23.400,     0.000,     0.000,     0.000,     0.000,     0.000,     0.000,     0.000,        35.000,         0.010,     0.044,     0.000,     0.004,     0.020,         1.000,         1.000,         1.000,         1.000,         1.000,         1.000,         1.000,         1.000,         1.000,         0.000,         0.000,         0.000,
     9.785,     1.575,     2.064,    23.400,    -0.296,   -19.372,     0.000,     0.450,     1.464,     9.130,     1.000,    23.400,     0.000,     0.000,     0.000,     0.000,     0.000,     0.000,     0.000,        35.000,         0.010,     0.044,     0.000,     0.004,     0.020,         1.000,         1.000,         1.000,         1.000,         1.000,         1.000,         1.000,         1.000,         1.000,         0.000,         0.000,         0.000,
     9.789,     2.000,     2.069,    23.400,    -0.289,   -19.024,     0.000,     0.450,     1.469,     9.130,     1.000,    23.400,     0.000,     0.000,     0.000,     0.000,     0.000,     0.000,     0.000,        35.000,         0.010,     0.044,     0.000,     0.004,     0.020,         1.000,         1.000,         1.000,         1.000,         1.000,         1.000,         1.000,         1.000,         1.000,         0.000,         0.000,         0.000,
     9.793,     2.000,     2.085,    23.400,    -0.289,   -19.246,     0.000,     0.450,     1.485,     9.130,     1.000,    23.400,     0.000,     0.000,     0.000,     0.000,     0.000,     0.000,     0.000,        35.000,         0.010,     0.044,     0.000,     0.004,     0.020,         1.000,         1.000,         1.000,         1.000,         1.000,         1.000,         1.000,         1.000,         1.000,         0.000,         0.000,         0.000,
     9.797,     2.000,     2.097,    23.400,    -0.286,   -19.292,     0.000,     0.450,     1.497,     9.130,     1.000,    23.400,     0.000,     0.000,     0.000,     0.000,     0.000,     0.000,     0.000,        35.000,         0.010,     0.044,     0.000,     0.004,     0.020,         1.000,         1.000,         1.000,         1.000,         1.000,         1.000,         1.000,         1.000,         1.000,         0.000,         0.000,         0.000,
     9.801,     2.000,     2.091,    23.400,    -0.276,   -18.564,     0.000,     0.450,     1.491,     9.130,     1.000,    23.400,     0.000,     0.000,     0.000,     0.000,     0.000,     0.000,     0.000,        35.000,         0.010,     0.044,     0.000,     0.004,     0.020,         1.000,         1.000,         1.000,         1.000,         1.000,         1.000,         1.000,         1.000,         1.000,         0.000,         0.000,         0.000,
     9.806,     2.000,     2.082,    23.400,    -0.263,   -17.562,     0.000,     0.450,     1.482,     9.130,     1.000,    23.400,     0.000,     0.000,     0.000,     0.000,     0.000,     0.000,     0.000,        35.000,         0.010,     0.044,     0.000,     0.004,     0.020,         1.000,         1.000,         1.000,         1.000,         1.000,         1.000,         1.000,         1.000,         1.000,         0.000,         0.000,         0.000,
     9.810,     2.000,     2.069,    23.400,    -0.248,   -16.416,     0.000,     0.450,     1.469,     9.130,     1.000,    23.400,     0.000,     0.000,     0.000,     0.000,     0.000,     0.000,     0.000,        35.000,         0.010,     0.044,     0.000,     0.004,     0.020,         1.000,         1.000,         1.000,         1.000,         1.000,         1.000,         1.000,         1.000,         1.000,         0.000,         0.000,         0.000,
     9.814,     2.000,     2.068,    23.400,    -0.237,   -15.678,     0.000,     0.450,     1.468,     9.130,     1.000,    23.400,     0.000,     0.000,     0.000,     0.000,     0.000,     0.000,     0.000,        35.000,         0.010,     0.044,     0.000,     0.004,     0.020,         1.000,         1.000,         1.000,         1.000,         1.000,         1.000,         1.000,         1.000,         1.000,         0.000,         0.000,         0.000,
     9.818,     2.000,     2.060,    23.400,    -0.220,   -14.448,     0.000,     0.450,     1.460,     9.130,     1.000,    23.400,     0.000,     0.000,     0.000,     0.000,     0.000,     0.000,     0.000,        35.000,         0.010,     0.044,     0.000,     0.004,     0.020,         1.000,         1.000,         1.000,         1.000,         1.000,         1.000,         1.000,         1.000,         1.000,         0.000,         0.000,         0.000,
     9.822,     2.000,     2.034,    23.396,    -0.185,   -11.958,     0.000,     0.450,     1.434,     9.130,     1.000,    23.397,     0.000,     0.000,     0.000,     0.000,     0.000,     0.000,     0.000,        35.000,         0.010,     0.044,     0.000,     0.004,     0.020,         1.000,         1.000,         1.000,         1.000,         1.000,         1.000,         1.000,         1.000,         1.000,         0.000,         0.000,         0.000,
     9.826,     2.000,     2.015,    23.355,    -0.145,    -9.206,     0.000,     0.450,     1.415,     9.130,     1.000,    23.372,     0.000,     0.000,     0.000,     0.000,     0.000,     0.000,     0.000,        35.000,         0.010,     0.044,     0.000,     0.004,     0.020,         1.000,         1.000,         1.000,         1.000,         1.000,         1.000,         1.000,         1.000,         1.000,         0.000,         0.000,         0.000,
     9.831,     2.000,     2.000,    23.307,    -0.087,    -6.419,     0.000,     0.450,     1.400,     9.130,     1.000,    23.348,     0.000,     0.000,     0.000,     0.000,     0.000,     0.000,     0.000,        34.999,         0.010,     0.044,     0.000,     0.004,     0.020,         1.000,         1.000,         1.000,         1.000,         1.000,         1.000,         1.000,         1.000,         1.000,         0.000,         0.000,         0.000,
     9.835,     2.000,     1.993,    23.368,    -0.056,    -4.193,     0.000,     0.450,     1.393,     9.130,     1.000,    23.377,     0.000,     0.000,     0.000,     0.000,     0.000,     0.000,     0.000,        35.000,         0.010,     0.044,     0.000,     0.004,     0.020,         1.000,         1.000,         1.000,         1.000,         1.000,         1.000,         1.000,         1.000,         1.000,         0.000,         0.000,         0.000,
     9.839,     2.000,     1.982,    23.372,    -0.008,    -0.867,     0.000,     0.450,     1.382,     9.130,     1.000,    23.381,     0.000,     0.000,     0.000,     0.000,     0.000,     0.000,     0.000,        35.000,         0.010,     0.044,     0.000,     0.004,     0.020,         1.000,         1.000,         1.000,         1.000,         1.000,         1.000,         1.000,         1.000,         1.000,         0.000,         0.000,         0.000,
     9.843,     2.000,     1.963,    23.366,     0.084,     5.333,     0.000,     0.450,     1.363,     9.130,     1.000,    23.367,     0.000,     0.000,     0.000,     0.000,     0.000,     0.000,     0.000,        34.981,         0.010,     0.044,     0.000,     0.004,     0.020,         1.000,         1.000,         1.000,         1.000,         1.000,         1.000,         1.000,         1.000,         1.000,         0.000,         0.000,         0.000,
     9.847,     2.000,     1.936,    23.348,     0.140,     9.413,     0.000,     0.450,     1.336,     9.130,     1.000,    23.348,     0.000,     0.000,     0.000,     0.000,     0.000,     0.000,     0.000,        34.991,         0.010,     0.044,     0.000,     0.004,     0.020,         1.000,         1.000,         1.000,         1.000,         1.000,         1.000,         1.000,         1.000,         1.000,         0.000,         0.000,         0.000,
     9.851,     2.000,     1.909,    23.382,     0.163,    10.764,     0.000,     0.450,     1.309,     9.130,     1.000,    23.382,     0.000,     0.000,     0.000,     0.000,     0.000,     0.000,     0.000,        34.994,         0.010,     0.044,     0.000,     0.004,     0.020,         1.000,         1.000,         1.000,         1.000,         1.000,         1.000,         1.000,         1.000,         1.000,         0.000,         0.000,         0.000,
     9.856,     1.935,     1.887,    23.395,     0.175,    11.310,     0.000,     0.450,     1.287,     9.130,     1.000,    23.395,     0.000,     0.000,     0.000,     0.000,     0.000,     0.000,     0.000,        34.995,         0.010,     0.044,     0.000,     0.004,     0.020,         1.000,         1.000,         1.000,         1.000,         1.000,         1.000,         1.000,         1.000,         1.000,         0.000,         0.000,         0.000,
     9.860,     1.920,     1.867,    23.397,     0.180,    11.435,     0.000,     0.450,     1.267,     9.130,     1.000,    23.397,     0.000,     0.000,     0.000,     0.000,     0.000,     0.000,     0.000,        34.995,         0.010,     0.044,     0.000,     0.004,     0.020,         1.000,         1.000,         1.000,         1.000,         1.000,         1.000,         1.000,         1.000,         1.000,         0.000,         0.000,         0.000,
     9.864,     1.848,     1.840,    23.397,     0.189,    11.691,     0.000,     0.450,     1.240,     9.130,     1.000,    23.397,     0.000,     0.000,     0.000,     0.000,     0.000,     0.000,     0.000,        34.995,         0.010,     0.044,     0.000,     0.004,     0.020,         1.000,         1.000,         1.000,         1.000,         1.000,         1.000,         1.000,         1.000,         1.000,         0.000,         0.000,         0.000,
     9.868,     1.724,     1.810,    23.397,     0.202,    12.153,     0.000,     0.450,     1.210,     9.130,     1.000,    23.397,     0.000,     0.000,     0.000,     0.000,     0.000,     0.000,     0.000,        34.995,         0.010,     0.044,     0.000,     0.004,     0.020,         1.000,         1.000,         1.000,         1.000,         1.000,         1.000,         1.000,         1.000,         1.000,         0.000,         0.000,         0.000,
     9.872,     1.527,     1.773,    23.397,     0.173,    12.768,     0.000,     0.450,     1.173,     9.130,     1.000,    23.397,     0.000,     0.000,     0.000,     0.000,     0.000,     0.000,     0.000,        34.996,         0.010,     0.221,     0.001,     0.018,     0.100,         1.000,         1.000,         1.000,         1.000,         1.000,         1.000,         1.000,         1.000,         1.000,         0.000,         0.000,         0.000,
     9.876,     1.370,     1.733,    23.397,     0.188,    13.291,     0.000,     0.450,     1.133,     9.130,     1.000,    23.397,     0.000,     0.000,     0.000,     0.000,     0.000,     0.000,     0.000,        34.996,         0.010,     0.221,     0.001,     0.018,     0.100,         1.000,         1.000,         1.000,         1.000,         1.000,         1.000,         1.000,         1.000,         1.000,         0.000,         0.000,         0.000,
     9.881,     1.302,     1.695,    23.397,     0.199,    13.487,     0.000,     0.450,     1.095,     9.130,     1.000,    23.397,     0.000,     0.000,     0.000,     0.000,     0.000,     0.000,     0.000,        34.996,         0.010,     0.221,     0.001,     0.018,     0.100,         1.000,         1.000,         1.000,         1.000,         1.000,         1.000,         1.000,         1.000,         1.000,         0.000,         0.000,         0.000,
     9.885,     1.282,     1.661,    23.396,     0.206,    13.391,     0.000,     0.450,     1.061,     9.130,     1.000,    23.396,     0.000,     0.000,     0.000,     0.000,     0.000,     0.000,     0.000,        34.994,         0.010,     0.221,     0.001,     0.018,     0.100,         1.000,         1.000,         1.000,         1.000,         1.000,         1.000,         1.000,         1.000,         1.000,         0.000,         0.000,         0.000,
     9.889,     1.232,     1.624,    23.392,     0.213,    13.371,     0.000,     0.450,     1.024,     9.130,     1.000,    23.392,     0.000,     0.000,     0.000,     0.000,     0.000,     0.000,     0.000,        34.988,         0.010,     0.221,     0.001,     0.018,     0.100,         1.000,         1.000,         1.000,         1.000,         1.000,         1.000,         1.000,         1.000,         1.000,         0.000,         0.000,         0.000,
    10.735,     1.000,     1.619,    23.600,    -0.147,    -7.877,     0.000,     0.450,     1.019,     9.130,     1.000,    23.600,     0.000,     0.000,     0.000,     0.000,     0.000,     0.000,     0.000,        35.000,         0.010,     0.222,     0.001,     0.018,     0.100,         1.000,         1.000,         1.000,         1.000,         1.000,         1.000,         1.000,         1.000,         1.000,         0.000,         0.000,         0.000,
    10.740,     1.000,     1.660,    23.600,    -0.157,    -8.813,     0.000,     0.450,     1.060,     9.130,     1.000,    23.600,     0.000,     0.000,     0.000,     0.000,     0.000,     0.000,     0.000,        35.000,         0.010,     0.222,     0.001,     0.018,     0.100,         1.000,         1.000,         1.000,         1.000,         1.000,         1.000,         1.000,         1.000,         1.000,         0.000,         0.000,         0.000,
    10.744,     1.000,     1.681,    23.600,    -0.161,    -9.216,     0.000,     0.450,     1.081,     9.130,     1.000,    23.600,     0.000,     0.000,     0.000,     0.000,     0.000,     0.000,     0.000,        35.000,         0.010,     0.222,     0.001,     0.018,     0.100,         1.000,         1.000,         1.000,         1.000,         1.000,         1.000,         1.000,         1.000,         1.000,         0.000,         0.000,         0.000,
    10.748,     1.000,     1.711,    23.600,    -0.167,    -9.892,     0.000,     0.450,     1.111,     9.130,     1.000,    23.600,     0.000,     0.000,     0.000,     0.000,     0.000,     0.000,     0.000,        35.000,         0.010,     0.222,     0.001,     0.018,     0.100,         1.000,         1.000,         1.000,         1.000,         1.000,         1.000,         1.000,         1.000,         1.000,         0.000,         0.000,         0.000,
    10.752,     1.000,     1.744,    23.600,    -0.171,   -10.741,     0.000,     0.450,     1.144,     9.130,     1.000,    23.600,     0.000,     0.000,     0.000,     0.000,     0.000,     0.000,     0.000,        35.000,         0.010,     0.222,     0.001,     0.018,     0.100,         1.000,         1.000,         1.000,         1.000,         1.000,         1.000,         1.000,         1.000,         1.000,         0.000,         0.000,         0.000,
    10.756,     1.000,     1.768,    23.600,    -0.177,   -11.353,     0.000,     0.450,     1.168,     9.130,     1.000,    23.600,     0.000,     0.000,     0.000,     0.000,     0.000,     0.000,     0.000,        35.000,         0.010,     0.222,     0.001,     0.018,     0.100,         1.000,         1.000,         1.000,         1.000,         1.000,         1.000,         1.000,         1.000,         1.000,         0.000,         0.000,         0.000,
    10.760,     1.000,     1.798,    23.600,    -0.184,   -12.161,     0.000,     0.450,     1.198,     9.130,     1.000,    23.600,     0.000,     0.000,     0.000,     0.000,     0.000,     0.000,     0.000,        35.000,         0.010,     0.222,     0.001,     0.018,     0.100,         1.000,         1.000,         1.000,         1.000,         1.000,         1.000,         1.000,         1.000,         1.000,         0.000,         0.000,         0.000,
    10.765,     1.000,     1.834,    23.600,    -0.226,   -13.174,     0.000,     0.450,     1.234,     9.130,     1.000,    23.600,     0.000,     0.000,     0.000,     0.000,     0.000,     0.000,     0.000,        35.000,         0.010,     0.044,     0.000,     0.004,     0.020,         1.000,         1.000,         1.000,         1.000,         1.000,         1.000,         1.000,         1.000,         1.000,         0.000,         0.000,         0.000,
    10.769,     1.000,     1.873,    23.600,    -0.235,   -14.332,     0.000,     0.450,     1.273,     9.130,     1.000,    23.600,     0.000,     0.000,     0.000,     0.000,     0.000,     0.000,     0.000,        35.000,         0.010,     0.044,     0.000,     0.004,     0.020,         1.000,         1.000,         1.000,         1.000,         1.000,         1.000,         1.000,         1.000,         1.000,         0.000,         0.000,         0.000,
    10.773,     1.000,     1.913,    23.600,    -0.246,   -15.543,     0.000,     0.450,     1.313,     9.130,     1.000,    23.600,     0.000,     0.000,     0.000,     0.000,     0.000,     0.000,     0.000,        35.000,         0.010,     0.044,     0.000,     0.004,     0.020,         1.000,         1.000,         1.000,         1.000,         1.000,         1.000,         1.000,         1.000,         1.000,         0.000,         0.000,         0.000,
    10.777,     1.000,     1.946,    23.600,    -0.253,   -16.488,     0.000,     0.450,     1.346,     9.130,     1.000,    23.600,     0.000,     0.000,     0.000,     0.000,     0.000,     0.000,     0.000,        35.000,         0.010,     0.044,     0.000,     0.004,     0.020,         1.000,         1.000,         1.000,         1.000,         1.000,         1.000,         1.000,         1.000,         1.000,         0.000,         0.000,         0.000,
    10.781,     1.000,     1.956,    23.600,    -0.254,   -16.716,     0.000,     0.450,     1.356,     9.130,     1.000,    23.600,     0.000,     0.000,     0.000,     0.000,     0.000,     0.000,     0.000,        35.000,         0.010,     0.044,     0.000,     0.004,     0.020,         1.000,         1.000,         1.000,         1.000,         1.000,         1.000,         1.000,         1.000,         1.000,         0.000,         0.000,         0.000,
    10.785,     1.000,     1.973,    23.600,    -0.258,   -17.210,     0.000,     0.450,     1.373,     9.130,     1.000,    23.600,     0.000,     0.000,     0.000,     0.000,     0.000,     0.000,     0.000,        35.000,         0.010,     0.044,     0.000,     0.004,     0.020,         1.000,         1.000,         1.000,         1.000,         1.000,         1.000,         1.000,         1.000,         1.000,         0.000,         0.000,         0.000,
    10.790,     1.000,     1.999,    23.600,    -0.254,   -18.049,     0.000,     0.450,     1.399,     9.130,     1.000,    23.600,     0.000,     0.000,     0.000,     0.000,     0.000,     0.000,     0.000,        35.000,         0.010,     0.044,     0.000,     0.004,     0.020,         1.000,         1.000,         1.000,         1.000,         1.000,         1.000,         1.000,         1.000,         1.000,         0.000,         0.000,         0.000,
    10.794,     1.000,     2.032,    23.600,    -0.299,   -19.089,     0.000,     0.450,     1.432,     9.130,     1.000,    23.600,     0.000,     0.000,     0.000,     0.000,     0.000,     0.000,     0.000,        35.000,         0.010,     0.044,     0.000,     0.004,     0.020,         1.000,         1.000,         1.000,         1.000,         1.000,         1.000,         1.000,         1.000,         1.000,         0.000,         0.000,         0.000,
    10.798,     1.000,     2.071,    23.600,    -0.308,   -20.363,     0.000,     0.450,     1.471,     9.130,     1.000,    23.600,     0.000,     0.000,     0.000,     0.000,     0.000,     0.000,     0.000,        35.000,         0.010,     0.044,     0.000,     0.004,     0.020,         1.000,         1.000,         1.000,         1.000,         1.000,         1.000,         1.000,         1.000,         1.000,         0.000,         0.000,         0.000,
    10.802,     1.000,     2.091,    23.600,    -0.311,   -20.907,     0.000,     0.450,     1.491,     9.130,     1.000,    23.600,     0.000,     0.000,     0.000,     0.000,     0.000,     0.000,     0.000,        35.000,         0.010,     0.044,     0.000,     0.004,     0.020,         1.000,         1.000,         1.000,         1.000,         1.000,         1.000,         1.000,         1.000,         1.000,         0.000,         0.000,         0.000,
    10.806,     1.000,     2.102,    23.600,    -0.311,   -21.081,     0.000,     0.450,     1.502,     9.130,     1.000,    23.601,     0.000,     0.000,     0.000,     0.000,     0.000,     0.000,     0.000,        35.000,         0.010,     0.044,     0.000,     0.004,     0.020,         1.000,         1.000,         1.000,         1.000,         1.000,         1.000,         1.000,         1.000,         1.000,         0.000,         0.000,         0.000,
    10.811,     1.000,     2.110,    23.602,    -0.310,   -21.114,     0.000,     0.450,     1.510,     9.130,     1.000,    23.608,     0.000,     0.000,     0.000,     0.000,     0.000,     0.000,     0.000,        35.000,         0.010,     0.044,     0.000,     0.004,     0.020,         1.000,         1.000,         1.000,         1.000,         1.000,         1.000,         1.000,         1.000,         1.000,         0.000,         0.000,         0.000,
    10.815,     1.000,     2.120,    23.623,    -0.309,   -21.211,     0.000,     0.450,     1.520,     9.130,     1.000,    23.640,     0.000,     0.000,     0.000,     0.000,     0.000,     0.000,     0.000,        35.000,         0.010,     0.044,     0.000,     0.004,     0.020,         1.000,         1.000,         1.000,         1.000,         1.000,         1.000,         1.000,         1.000,         1.000,         0.000,         0.000,         0.000,
    10.819,     1.000,     2.130,    23.645,    -0.307,   -21.242,     0.000,     0.450,     1.530,     9.130,     1.000,    23.662,     0.000,     0.000,     0.000,     0.000,     0.000,     0.000,     0.000,        35.000,         0.010,     0.044,     0.000,     0.004,     0.020,         1.000,         1.000,         1.000,         1.000,         1.000,         1.000,         1.000,         1.000,         1.000,         0.000,         0.000,         0.000,
    10.823,     1.000,     2.136,    23.648,    -0.303,   -21.043,     0.000,     0.450,     1.536,     9.130,     1.000,    23.664,     0.000,     0.000,     0.000,     0.000,     0.000,     0.000,     0.000,        35.000,         0.010,     0.044,     0.000,     0.004,     0.020,         1.000,         1.000,         1.000,         1.000,         1.000,         1.000,         1.000,         1.000,         1.000,         0.000,         0.000,         0.000,
    10.827,     1.000,     2.133,    23.652,    -0.294,   -20.393,     0.000,     0.450,     1.533,     9.130,     1.000,    23.667,     0.000,     0.000,     0.000,     0.000,     0.000,     0.000,     0.000,        35.000,         0.010,     0.044,     0.000,     0.004,     0.020,         1.000,         1.000,         1.000,         1.000,         1.000,         1.000,         1.000,         1.000,         1.000,         0.000,         0.000,         0.000,
    10.831,     1.000,     2.153,    23.682,    -0.293,   -20.624,     0.000,     0.450,     1.553,     9.130,     1.000,    23.688,     0.000,     0.000,     0.000,     0.000,     0.000,     0.000,     0.000,        35.000,         0.010,     0.044,     0.000,     0.004,     0.020,         1.000,         1.000,         1.000,         1.000,         1.000,         1.000,         1.000,         1.000,         1.000,         0.000,         0.000,         0.000,
    10.836,     1.000,     2.162,    23.691,    -0.288,   -20.408,     0.000,     0.450,     1.562,     9.130,     1.000,    23.694,     0.000,     0.000,     0.000,     0.000,     0.000,     0.000,     0.000,        35.000,         0.010,     0.044,     0.000,     0.004,     0.020,         1.000,         1.000,         1.000,         1.000,         1.000,         1.000,         1.000,         1.000,         1.000,         0.000,         0.000,         0.000,
    10.840,     1.000,     2.146,    23.677,    -0.269,   -18.889,     0.000,     0.450,     1.546,     9.130,     1.000,    23.685,     0.000,     0.000,     0.000,     0.000,     0.000,     0.000,     0.000,        35.000,         0.010,     0.044,     0.000,     0.004,     0.020,         1.000,         1.000,         1.000,         1.000,         1.000,         1.000,         1.000,         1.000,         1.000,         0.000,         0.000,         0.000,
    10.844,     1.000,     2.126,    23.615,    -0.243,   -16.819,     0.000,     0.450,     1.526,     9.130,     1.000,    23.641,     0.000,     0.000,     0.000,     0.000,     0.000,     0.000,     0.000,        35.000,         0.010,     0.044,     0.000,     0.004,     0.020,         1.000,         1.000,         1.000,         1.000,         1.000,         1.000,         1.000,         1.000,         1.000,         0.000,         0.000,         0.000,
    10.848,     1.000,     2.100,    23.610,    -0.209,   -14.142,     0.000,     0.450,     1.500,     9.130,     1.000,    23.623,     0.000,     0.000,     0.000,     0.000,     0.000,     0.000,     0.000,        35.000,         0.010,     0.044,     0.000,     0.004,     0.020,         1.000,         1.000,         1.000,         1.000,         1.000,         1.000,         1.000,         1.000,         1.000,         0.000,         0.000,         0.000,
    10.852,     1.000,     2.101,    23.690,    -0.189,   -12.816,     0.000,     0.450,     1.501,     9.130,     1.000,    23.690,     0.000,     0.000,     0.000,     0.000,     0.000,     0.000,     0.000,        35.000,         0.010,     0.044,     0.000,     0.004,     0.020,         1.000,         1.000,         1.000,         1.000,         1.000,         1.000,         1.000,         1.000,         1.000,         0.000,         0.000,         0.000,
    10.856,     1.000,     2.103,    23.699,    -0.174,   -11.837,     0.000,     0.450,     1.503,     9.130,     1.000,    23.700,     0.000,     0.000,     0.000,     0.000,     0.000,     0.000,     0.000,        35.000,         0.010,     0.044,     0.000,     0.004,     0.020,         1.000,         1.000,         1.000,         1.000,         1.000,         1.000,         1.000,         1.000,         1.000,         0.000,         0.000,         0.000,
    10.861,     1.000,     2.086,    23.666,    -0.136,    -9.132,     0.000,     0.450,     1.486,     9.130,     1.000,    23.679,     0.000,     0.000,     0.000,     0.000,     0.000,     0.000,     0.000,        35.000,         0.010,     0.044,     0.000,     0.004,     0.020,         1.000,         1.000,         1.000,         1.000,         1.000,         1.000,         1.000,         1.000,         1.000,         0.000,         0.000,         0.000,
    10.865,     1.000,     2.064,    23.604,    -0.075,    -5.018,     0.000,     0.450,     1.464,     9.130,     1.000,    23.631,     0.000,     0.000,     0.000,     0.000,     0.000,     0.000,     0.000,        35.000,         0.010,     0.044,     0.000,     0.004,     0.020,         1.000,         1.000,         1.000,         1.000,         1.000,         1.000,         1.000,         1.000,         1.000,         0.000,         0.000,         0.000,
    10.869,     1.000,     2.044,    23.608,     0.030,     1.663,     0.000,     0.450,     1.444,     9.130,     1.000,    23.626,     0.000,     0.000,     0.000,     0.000,     0.000,     0.000,     0.000,        35.000,         0.010,     0.044,     0.000,     0.004,     0.020,         1.000,         1.000,         1.000,         1.000,         1.000,         1.000,         1.000,         1.000,         1.000,         0.000,         0.000,         0.000,
    10.873,     1.000,     2.025,    23.652,     0.131,     8.305,     0.000,     0.450,     1.425,     9.130,     1.000,    23.652,     0.000,     0.000,     0.000,     0.000,     0.000,     0.000,     0.000,        34.990,         0.010,     0.044,     0.000,     0.004,     0.020,         1.000,         1.000,         1.000,         1.000,         1.000,         1.000,         1.000,         1.000,         1.000,         0.000,         0.000,         0.000,
    10.877,     1.000,     2.004,    23.690,     0.162,    10.229,     0.000,     0.450,     1.404,     9.130,     1.000,    23.690,     0.000,     0.000,     0.000,     0.000,     0.000,     0.000,     0.000,        34.994,         0.010,     0.044,     0.000,     0.004,     0.020,         1.000,         1.000,         1.000,         1.000,         1.000,         1.000,         1.000,         1.000,         1.000,         0.000,         0.000,         0.000,
    10.881,     1.000,     1.977,    23.689,     0.162,    11.321,     0.000,     0.450,     1.377,     9.130,     1.000,    23.689,     0.000,     0.000,     0.000,     0.000,     0.000,     0.000,     0.000,        34.995,         0.010,     0.044,     0.000,     0.004,     0.020,         1.000,         1.000,         1.000,         1.000,         1.000,         1.000,         1.000,         1.000,         1.000,         0.000,         0.000,         0.000,
    10.886,     1.000,     1.946,    23.652,     0.181,    12.285,     0.000,     0.450,     1.346,     9.130,     1.000,    23.652,     0.000,     0.000,     0.000,     0.000,     0.000,     0.000,     0.000,        34.995,         0.010,     0.044,     0.000,     0.004,     0.020,         1.000,         1.000,         1.000,         1.000,         1.000,         1.000,         1.000,         1.000,         1.000,         0.000,         0.000,         0.000,
    10.890,     1.000,     1.916,    23.638,     0.196,    12.951,     0.000,     0.450,     1.316,     9.130,     1.000,    23.638,     0.000,     0.000,     0.000,     0.000,     0.000,     0.000,     0.000,        34.995,         0.010,     0.044,     0.000,     0.004,     0.020,         1.000,         1.000,         1.000,         1.000,         1.000,         1.000,         1.000,         1.000,         1.000,         0.000,         0.000,         0.000,
    10.894,     1.000,     1.888,    23.649,     0.205,    13.217,     0.000,     0.450,     1.288,     9.130,     1.000,    23.649,     0.000,     0.000,     0.000,     0.000,     0.000,     0.000,     0.000,        34.996,         0.010,     0.044,     0.000,     0.004,     0.020,         1.000,         1.000,         1.000,         1.000,         1.000,         1.000,         1.000,         1.000,         1.000,         0.000,         0.000,         0.000,
    10.898,     1.000,     1.852,    23.675,     0.221,    13.744,     0.000,     0.450,     1.252,     9.130,     1.000,    23.675,     0.000,     0.000,     0.000,     0.000,     0.000,     0.000,     0.000,        34.996,         0.010,     0.044,     0.000,     0.004,     0.020,         1.000,         1.000,         1.000,         1.000,         1.000,         1.000,         1.000,         1.000,         1.000,         0.000,         0.000,         0.000,
    10.902,     1.000,     1.813,    23.687,     0.237,    14.235,     0.000,     0.450,     1.213,     9.130,     1.000,    23.687,     0.000,     0.000,     0.000,     0.000,     0.000,     0.000,     0.000,        34.996,         0.010,     0.044,     0.000,     0.004,     0.020,         1.000,         1.000,         1.000,         1.000,         1.000,         1.000,         1.000,         1.000,         1.000,         0.000,         0.000,         0.000,
    10.906,     1.000,     1.776,    23.689,     0.197,    14.412,     0.000,     0.450,     1.176,     9.130,     1.000,    23.689,     0.000,     0.000,     0.000,     0.000,     0.000,     0.000,     0.000,        34.996,         0.010,     0.223,     0.001,     0.018,     0.100,         1.000,         1.000,         1.000,         1.000,         1.000,         1.000,         1.000,         1.000,         1.000,         0.000,         0.000,         0.000,
    10.911,     1.000,     1.738,    23.684,     0.206,    14.494,     0.000,     0.450,     1.138,     9.130,     1.000,    23.684,     0.000,     0.000,     0.000,     0.000,     0.000,     0.000,     0.000,        34.996,         0.010,     0.223,     0.001,     0.018,     0.100,         1.000,         1.000,         1.000,         1.000,         1.000,         1.000,         1.000,         1.000,         1.000,         0.000,         0.000,         0.000,
    10.915,     1.000,     1.707,    23.671,     0.209,    14.230,     0.000,     0.450,     1.107,     9.130,     1.000,    23.671,     0.000,     0.000,     0.000,     0.000,     0.000,     0.000,     0.000,        34.992,         0.010,     0.223,     0.001,     0.018,     0.100,         1.000,         1.000,         1.000,         1.000,         1.000,         1.000,         1.000,         1.000,         1.000,         0.000,         0.000,         0.000,
    10.919,     1.000,     1.671,    23.659,     0.216,    14.117,     0.000,     0.450,     1.071,     9.130,     1.000,    23.659,     0.000,     0.000,     0.000,     0.000,     0.000,     0.000,     0.000,        34.986,         0.010,     0.223,     0.001,     0.018,     0.100,         1.000,         1.000,         1.000,         1.000,         1.000,         1.000,         1.000,         1.000,         1.000,         0.000,         0.000,         0.000,
    10.923,     1.000,     1.628,    23.654,     0.225,    13.999,     0.000,     0.450,     1.028,     9.130,     1.000,    23.654,     0.000,     0.000,     0.000,     0.000,     0.000,     0.000,     0.000,        34.984,         0.010,     0.223,     0.001,     0.018,     0.100,         1.000,         1.000,         1.000,         1.000,         1.000,         1.000,         1.000,         1.000,         1.000,         0.000,         0.000,         0.000,
    11.778,     1.000,     1.637,    23.900,    -0.153,    -8.380,     0.000,     0.450,     1.037,     9.130,     1.000,    23.900,     0.000,     0.000,     0.000,     0.000,     0.000,     0.000,     0.000,        35.000,         0.010,     0.224,     0.001,     0.018,     0.101,         1.000,         1.000,         1.000,         1.000,         1.000,         1.000,         1.000,         1.000,         1.000,         0.000,         0.000,         0.000,
    11.782,     1.000,     1.667,    23.900,    -0.160,    -9.071,     0.000,     0.450,     1.067,     9.130,     1.000,    23.900,     0.000,     0.000,     0.000,     0.000,     0.000,     0.000,     0.000,        35.000,         0.010,     0.224,     0.001,     0.018,     0.101,         1.000,         1.000,         1.000,         1.000,         1.000,         1.000,         1.000,         1.000,         1.000,         0.000,         0.000,         0.000,
    11.786,     1.000,     1.706,    23.900,    -0.170,   -10.029,     0.000,     0.450,     1.106,     9.130,     1.000,    23.900,     0.000,     0.000,     0.000,     0.000,     0.000,     0.000,     0.000,        35.000,         0.010,     0.224,     0.001,     0.018,     0.101,         1.000,         1.000,         1.000,         1.000,         1.000,         1.000,         1.000,         1.000,         1.000,         0.000,         0.000,         0.000,
    11.790,     1.000,     1.746,    23.899,    -0.175,   -11.031,     0.000,     0.450,     1.146,     9.130,     1.000,    23.899,     0.000,     0.000,     0.000,     0.000,     0.000,     0.000,     0.000,        35.000,         0.010,     0.224,     0.001,     0.018,     0.101,         1.000,         1.000,         1.000,         1.000,         1.000,         1.000,         1.000,         1.000,         1.000,         0.000,         0.000,         0.000,
    11.795,     1.000,     1.790,    23.874,    -0.185,   -12.175,     0.000,     0.450,     1.190,     9.130,     1.000,    23.874,     0.000,     0.000,     0.000,     0.000,     0.000,     0.000,     0.000,        35.000,         0.010,     0.224,     0.001,     0.018,     0.101,         1.000,         1.000,         1.000,         1.000,         1.000,         1.000,         1.000,         1.000,         1.000,         0.000,         0.000,         0.000,
    11.799,     1.000,     1.832,    23.825,    -0.228,   -13.265,     0.000,     0.450,     1.232,     9.130,     1.000,    23.825,     0.000,     0.000,     0.000,     0.000,     0.000,     0.000,     0.000,        35.000,         0.010,     0.043,     0.000,     0.003,     0.020,         1.000,         1.000,         1.000,         1.000,         1.000,         1.000,         1.000,         1.000,         1.000,         0.000,         0.000,         0.000,
    11.803,     1.000,     1.867,    23.821,    -0.237,   -14.248,     0.000,     0.450,     1.267,     9.130,     1.000,    23.837,     0.000,     0.000,     0.000,     0.000,     0.000,     0.000,     0.000,        35.000,         0.010,     0.043,     0.000,     0.003,     0.020,         1.000,         1.000,         1.000,         1.000,         1.000,         1.000,         1.000,         1.000,         1.000,         0.000,         0.000,         0.000,
    11.807,     1.000,     1.890,    23.856,    -0.244,   -14.909,     0.000,     0.450,     1.290,     9.130,     1.000,    23.873,     0.000,     0.000,     0.000,     0.000,     0.000,     0.000,     0.000,        35.000,         0.010,     0.043,     0.000,     0.003,     0.020,         1.000,         1.000,         1.000,         1.000,         1.000,         1.000,         1.000,         1.000,         1.000,         0.000,         0.000,         0.000,
    11.811,     1.000,     1.903,    23.868,    -0.243,   -15.277,     0.000,     0.450,     1.303,     9.130,     1.000,    23.880,     0.000,     0.000,     0.000,     0.000,     0.000,     0.000,     0.000,        35.000,         0.010,     0.043,     0.000,     0.003,     0.020,         1.000,         1.000,         1.000,         1.000,         1.000,         1.000,         1.000,         1.000,         1.000,         0.000,         0.000,         0.000,
    11.815,     1.000,     1.910,    23.866,    -0.244,   -15.433,     0.000,     0.450,     1.310,     9.130,     1.000,    23.877,     0.000,     0.000,     0.000,     0.000,     0.000,     0.000,     0.000,        35.000,         0.010,     0.043,     0.000,     0.003,     0.020,         1.000,         1.000,         1.000,         1.000,         1.000,         1.000,         1.000,         1.000,         1.000,         0.000,         0.000,         0.000,
    11.820,     1.000,     1.934,    23.886,    -0.251,   -16.158,     0.000,     0.450,     1.334,     9.130,     1.000,    23.891,     0.000,     0.000,     0.000,     0.000,     0.000,     0.000,     0.000,        35.000,         0.010,     0.043,     0.000,     0.003,     0.020,         1.000,         1.000,         1.000,         1.000,         1.000,         1.000,         1.000,         1.000,         1.000,         0.000,         0.000,         0.000,
    11.824,     1.000,     1.987,    23.899,    -0.266,   -17.889,     0.000,     0.450,     1.387,     9.130,     1.000,    23.899,     0.000,     0.000,     0.000,     0.000,     0.000,     0.000,     0.000,        35.000,         0.010,     0.043,     0.000,     0.003,     0.020,         1.000,         1.000,         1.000,         1.000,         1.000,         1.000,         1.000,         1.000,         1.000,         0.000,         0.000,         0.000,
    11.828,     1.000,     2.038,    23.900,    -0.303,   -19.543,     0.000,     0.450,     1.438,     9.130,     1.000,    23.900,     0.000,     0.000,     0.000,     0.000,     0.000,     0.000,     0.000,        35.000,         0.010,     0.043,     0.000,     0.003,     0.020,         1.000,         1.000,         1.000,         1.000,         1.000,         1.000,         1.000,         1.000,         1.000,         0.000,         0.000,         0.000,
    11.832,     1.000,     2.077,    23.900,    -0.313,   -20.790,     0.000,     0.450,     1.477,     9.130,     1.000,    23.900,     0.000,     0.000,     0.000,     0.000,     0.000,     0.000,     0.000,        35.000,         0.010,     0.043,     0.000,     0.003,     0.020,         1.000,         1.000,         1.000,         1.000,         1.000,         1.000,         1.000,         1.000,         1.000,         0.000,         0.000,         0.000,
    11.836,     1.000,     2.098,    23.900,    -0.319,   -21.515,     0.000,     0.450,     1.498,     9.130,     1.000,    23.900,     0.000,     0.000,     0.000,     0.000,     0.000,     0.000,     0.000,        35.000,         0.010,     0.043,     0.000,     0.003,     0.020,         1.000,         1.000,         1.000,         1.000,         1.000,         1.000,         1.000,         1.000,         1.000,         0.000,         0.000,         0.000,
    11.840,     1.000,     2.112,    23.900,    -0.321,   -21.900,     0.000,     0.450,     1.512,     9.130,     1.000,    23.900,     0.000,     0.000,     0.000,     0.000,     0.000,     0.000,     0.000,        35.000,         0.010,     0.043,     0.000,     0.003,     0.020,         1.000,         1.000,         1.000,         1.000,         1.000,         1.000,         1.000,         1.000,         1.000,         0.000,         0.000,         0.000,
    11.845,     1.000,     2.131,    23.902,    -0.325,   -22.454,     0.000,     0.450,     1.531,     9.130,     1.000,    23.903,     0.000,     0.000,     0.000,     0.000,     0.000,     0.000,     0.000,        35.000,         0.010,     0.043,     0.000,     0.003,     0.020,         1.000,         1.000,         1.000,         1.000,         1.000,         1.000,         1.000,         1.000,         1.000,         0.000,         0.000,         0.000,
    11.849,     1.000,     2.143,    23.914,    -0.325,   -22.721,     0.000,     0.450,     1.543,     9.130,     1.000,    23.929,     0.000,     0.000,     0.000,     0.000,     0.000,     0.000,     0.000,        35.000,         0.010,     0.043,     0.000,     0.003,     0.020,         1.000,         1.000,         1.000,         1.000,         1.000,         1.000,         1.000,         1.000,         1.000,         0.000,         0.000,         0.000,
    11.853,     1.000,     2.138,    23.910,    -0.320,   -22.294,     0.000,     0.450,     1.538,     9.130,     1.000,    23.928,     0.000,     0.000,     0.000,     0.000,     0.000,     0.000,     0.000,        35.000,         0.010,     0.043,     0.000,     0.003,     0.020,         1.000,         1.000,         1.000,         1.000,         1.000,         1.000,         1.000,         1.000,         1.000,         0.000,         0.000,         0.000,
    11.857,     1.000,     2.141,    23.939,    -0.317,   -22.114,     0.000,     0.450,     1.541,     9.130,     1.000,    23.961,     0.000,     0.000,     0.000,     0.000,     0.000,     0.000,     0.000,        35.000,         0.010,     0.043,     0.000,     0.003,     0.020,         1.000,         1.000,         1.000,         1.000,         1.000,         1.000,         1.000,         1.000,         1.000,         0.000,         0.000,         0.000,
    11.861,     1.000,     2.159,    23.974,    -0.318,   -22.478,     0.000,     0.450,     1.559,     9.130,     1.000,    23.982,     0.000,     0.000,     0.000,     0.000,     0.000,     0.000,     0.000,        35.000,         0.010,     0.043,     0.000,     0.003,     0.020,         1.000,         1.000,         1.000,         1.000,         1.000,         1.000,         1.000,         1.000,         1.000,         0.000,         0.000,         0.000,
    11.866,     1.000,     2.171,    23.987,    -0.316,   -22.564,     0.000,     0.450,     1.571,     9.130,     1.000,    23.992,     0.000,     0.000,     0.000,     0.000,     0.000,     0.000,     0.000,        35.000,         0.010,     0.043,     0.000,     0.003,     0.020,         1.000,         1.000,         1.000,         1.000,         1.000,         1.000,         1.000,         1.000,         1.000,         0.000,         0.000,         0.000,
    11.870,     1.000,     2.161,    23.973,    -0.305,   -21.666,     0.000,     0.450,     1.561,     9.130,     1.000,    23.982,     0.000,     0.000,     0.000,     0.000,     0.000,     0.000,     0.000,        35.000,         0.010,     0.043,     0.000,     0.003,     0.020,         1.000,         1.000,         1.000,         1.000,         1.000,         1.000,         1.000,         1.000,         1.000,         0.000,         0.000,         0.000,
    11.874,     1.000,     2.136,    23.901,    -0.286,   -19.938,     0.000,     0.450,     1.536,     9.130,     1.000,    23.925,     0.000,     0.000,     0.000,     0.000,     0.000,     0.000,     0.000,        35.000,         0.010,     0.043,     0.000,     0.003,     0.019,         1.000,         1.000,         1.000,         1.000,         1.000,         1.000,         1.000,         1.000,         1.000,         0.000,         0.000,         0.000,
    11.878,     1.000,     2.120,    23.944,    -0.267,   -18.382,     0.000,     0.450,     1.520,     9.130,     1.000,    23.944,     0.000,     0.000,     0.000,     0.000,     0.000,     0.000,     0.000,        35.000,         0.010,     0.043,     0.000,     0.003,     0.019,         1.000,         1.000,         1.000,         1.000,         1.000,         1.000,         1.000,         1.000,         1.000,         0.000,         0.000,         0.000,
    11.882,     1.000,     2.127,    23.999,    -0.258,   -17.843,     0.000,     0.450,     1.527,     9.130,     1.000,    23.999,     0.000,     0.000,     0.000,     0.000,     0.000,     0.000,     0.000,        35.000,         0.010,     0.043,     0.000,     0.003,     0.019,         1.000,         1.000,         1.000,         1.000,         1.000,         1.000,         1.000,         1.000,         1.000,         0.000,         0.000,         0.000,
    11.886,     1.000,     2.127,    23.995,    -0.246,   -16.989,     0.000,     0.450,     1.527,     9.130,     1.000,    23.996,     0.000,     0.000,     0.000,     0.000,     0.000,     0.000,     0.000,        35.000,         0.010,     0.043,     0.000,     0.003,     0.019,         1.000,         1.000,         1.000,         1.000,         1.000,         1.000,         1.000,         1.000,         1.000,         0.000,         0.000,         0.000,
    11.891,     1.000,     2.102,    23.947,    -0.214,   -14.515,     0.000,     0.450,     1.502,     9.130,     1.000,    23.969,     0.000,     0.000,     0.000,     0.000,     0.000,     0.000,     0.000,        35.000,         0.010,     0.043,     0.000,     0.003,     0.019,         1.000,         1.000,         1.000,         1.000,         1.000,         1.000,         1.000,         1.000,         1.000,         0.000,         0.000,         0.000,
    11.895,     1.000,     2.074,    23.827,    -0.170,   -11.337,     0.000,     0.450,     1.474,     9.130,     1.000,    23.873,     0.000,     0.000,     0.000,     0.000,     0.000,     0.000,     0.000,        35.000,         0.010,     0.043,     0.000,     0.003,     0.019,         1.000,         1.000,         1.000,         1.000,         1.000,         1.000,         1.000,         1.000,         1.000,         0.000,         0.000,         0.000,
    11.899,     1.000,     2.050,    23.780,    -0.116,    -7.625,     0.000,     0.450,     1.450,     9.130,     1.000,    23.833,     0.000,     0.000,     0.000,     0.000,     0.000,     0.000,     0.000,        35.000,         0.010,     0.043,     0.000,     0.003,     0.019,         1.000,         1.000,         1.000,         1.000,         1.000,         1.000,         1.000,         1.000,         1.000,         0.000,         0.000,         0.000,
    11.903,     1.000,     2.030,    23.850,    -0.049,    -3.249,     0.000,     0.450,     1.430,     9.130,     1.000,    23.872,     0.000,     0.000,     0.000,     0.000,     0.000,     0.000,     0.000,        35.000,         0.010,     0.043,     0.000,     0.003,     0.019,         1.000,         1.000,         1.000,         1.000,         1.000,         1.000,         1.000,         1.000,         1.000,         0.000,         0.000,         0.000,
    11.907,     1.000,     2.000,    23.854,     0.087,     5.197,     0.000,     0.450,     1.400,     9.130,     1.000,    23.872,     0.000,     0.000,     0.000,     0.000,     0.000,     0.000,     0.000,        34.993,         0.010,     0.043,     0.000,     0.003,     0.020,         1.000,         1.000,         1.000,         1.000,         1.000,         1.000,         1.000,         1.000,         1.000,         0.000,         0.000,         0.000,
    11.911,     1.000,     1.965,    23.836,     0.170,    11.647,     0.000,     0.450,     1.365,     9.130,     1.000,    23.836,     0.000,     0.000,     0.000,     0.000,     0.000,     0.000,     0.000,        34.993,         0.010,     0.043,     0.000,     0.003,     0.020,         1.000,         1.000,         1.000,         1.000,         1.000,         1.000,         1.000,         1.000,         1.000,         0.000,         0.000,         0.000,
    11.916,     1.000,     1.928,    23.910,     0.198,    13.238,     0.000,     0.450,     1.328,     9.130,     1.000,    23.918,     0.000,     0.000,     0.000,     0.000,     0.000,     0.000,     0.000,        34.993,         0.010,     0.043,     0.000,     0.003,     0.020,         1.000,         1.000,         1.000,         1.000,         1.000,         1.000,         1.000,         1.000,         1.000,         0.000,         0.000,         0.000,
    11.920,     1.000,     1.905,    23.982,     0.207,    13.526,     0.000,     0.450,     1.305,     9.130,     1.000,    23.982,     0.000,     0.000,     0.000,     0.000,     0.000,     0.000,     0.000,        34.996,         0.010,     0.043,     0.000,     0.003,     0.020,         1.000,         1.000,         1.000,         1.000,         1.000,         1.000,         1.000,         1.000,         1.000,         0.000,         0.000,         0.000,
    11.924,     1.000,     1.882,    23.992,     0.207,    13.236,     0.000,     0.450,     1.282,     9.130,     1.000,    23.992,     0.000,     0.000,     0.000,     0.000,     0.000,     0.000,     0.000,        34.996,         0.010,     0.043,     0.000,     0.003,     0.020,         1.000,         1.000,         1.000,         1.000,         1.000,         1.000,         1.000,         1.000,         1.000,         0.000,         0.000,         0.000,
    11.928,     1.000,     1.850,    23.989,     0.216,    13.460,     0.000,     0.450,     1.250,     9.130,     1.000,    23.989,     0.000,     0.000,     0.000,     0.000,     0.000,     0.000,     0.000,        34.996,         0.010,     0.043,     0.000,     0.003,     0.020,         1.000,         1.000,         1.000,         1.000,         1.000,         1.000,         1.000,         1.000,         1.000,         0.000,         0.000,         0.000,
    11.932,     1.000,     1.815,    23.967,     0.229,    13.804,     0.000,     0.450,     1.215,     9.130,     1.000,    23.967,     0.000,     0.000,     0.000,     0.000,     0.000,     0.000,     0.000,        34.996,         0.010,     0.043,     0.000,     0.003,     0.020,         1.000,         1.000,         1.000,         1.000,         1.000,         1.000,         1.000,         1.000,         1.000,         0.000,         0.000,         0.000,
    11.936,     1.000,     1.772,    23.940,     0.195,    14.216,     0.000,     0.450,     1.172,     9.130,     1.000,    23.940,     0.000,     0.000,     0.000,     0.000,     0.000,     0.000,     0.000,        34.996,         0.010,     0.224,     0.001,     0.018,     0.101,         1.000,         1.000,         1.000,         1.000,         1.000,         1.000,         1.000,         1.000,         1.000,         0.000,         0.000,         0.000,
    11.941,     1.000,     1.727,    23.944,     0.209,    14.517,     0.000,     0.450,     1.127,     9.130,     1.000,    23.945,     0.000,     0.000,     0.000,     0.000,     0.000,     0.000,     0.000,        34.996,         0.010,     0.224,     0.001,     0.018,     0.101,         1.000,         1.000,         1.000,         1.000,         1.000,         1.000,         1.000,         1.000,         1.000,         0.000,         0.000,         0.000,
    11.945,     1.000,     1.676,    23.968,     0.224,    14.699,     0.000,     0.450,     1.076,     9.130,     1.000,    23.968,     0.000,     0.000,     0.000,     0.000,     0.000,     0.000,     0.000,        34.995,         0.010,     0.224,     0.001,     0.018,     0.101,         1.000,         1.000,         1.000,         1.000,         1.000,         1.000,         1.000,         1.000,         1.000,         0.000,         0.000,         0.000,
    11.949,     1.000,     1.625,    23.978,     0.236,    14.669,     0.000,     0.450,     1.025,     9.130,     1.000,    23.978,     0.000,     0.000,     0.000,     0.000,     0.000,     0.000,     0.000,        34.990,         0.010,     0.224,     0.001,     0.018,     0.101,         1.000,         1.000,         1.000,         1.000,         1.000,         1.000,         1.000,         1.000,         1.000,         0.000,         0.000,         0.000,
    12.812,     1.000,     1.614,    24.200,    -0.149,    -7.971,     0.000,     0.450,     1.014,     9.130,     1.000,    24.200,     0.000,     0.000,     0.000,     0.000,     0.000,     0.000,     0.000,        35.000,         0.010,     0.225,     0.001,     0.018,     0.101,         1.000,         1.000,         1.000,         1.000,         1.000,         1.000,         1.000,         1.000,         1.000,         0.000,         0.000,         0.000,
    12.816,     1.000,     1.650,    24.200,    -0.158,    -8.755,     0.000,     0.450,     1.050,     9.130,     1.000,    24.200,     0.000,     0.000,     0.000,     0.000,     0.000,     0.000,     0.000,        35.000,         0.010,     0.225,     0.001,     0.018,     0.101,         1.000,         1.000,         1.000,         1.000,         1.000,         1.000,         1.000,         1.000,         1.000,         0.000,         0.000,         0.000,
    12.820,     1.000,     1.692,    24.192,    -0.167,    -9.730,     0.000,     0.450,     1.092,     9.130,     1.000,    24.192,     0.000,     0.000,     0.000,     0.000,     0.000,     0.000,     0.000,        35.000,         0.010,     0.225,     0.001,     0.018,     0.101,         1.000,         1.000,         1.000,         1.000,         1.000,         1.000,         1.000,         1.000,         1.000,         0.000,         0.000,         0.000,
    12.825,     1.000,     1.726,    24.140,    -0.171,   -10.575,     0.000,     0.450,     1.126,     9.130,     1.000,    24.140,     0.000,     0.000,     0.000,     0.000,     0.000,     0.000,     0.000,        35.000,         0.010,     0.225,     0.001,     0.018,     0.101,         1.000,         1.000,         1.000,         1.000,         1.000,         1.000,         1.000,         1.000,         1.000,         0.000,         0.000,         0.000,
    12.829,     1.000,     1.754,    24.119,    -0.177,   -11.233,     0.000,     0.450,     1.154,     9.130,     1.000,    24.124,     0.000,     0.000,     0.000,     0.000,     0.000,     0.000,     0.000,        35.000,         0.010,     0.225,     0.001,     0.018,     0.101,         1.000,         1.000,         1.000,         1.000,         1.000,         1.000,         1.000,         1.000,         1.000,         0.000,         0.000,         0.000,
    12.833,     1.000,     1.782,    24.130,    -0.183,   -11.950,     0.000,     0.450,     1.182,     9.130,     1.000,    24.151,     0.000,     0.000,     0.000,     0.000,     0.000,     0.000,     0.000,        35.000,         0.010,     0.225,     0.001,     0.018,     0.101,         1.000,         1.000,         1.000,         1.000,         1.000,         1.000,         1.000,         1.000,         1.000,         0.000,         0.000,         0.000,
    12.837,     1.000,     1.813,    24.161,    -0.222,   -12.737,     0.000,     0.450,     1.213,     9.130,     1.000,    24.179,     0.000,     0.000,     0.000,     0.000,     0.000,     0.000,     0.000,        35.000,         0.010,     0.043,     0.000,     0.003,     0.019,         1.000,         1.000,         1.000,         1.000,         1.000,         1.000,         1.000,         1.000,         1.000,         0.000,         0.000,         0.000,
    12.841,     1.000,     1.846,    24.187,    -0.231,   -13.640,     0.000,     0.450,     1.246,     9.130,     1.000,    24.192,     0.000,     0.000,     0.000,     0.000,     0.000,     0.000,     0.000,        35.000,         0.010,     0.043,     0.000,     0.003,     0.019,         1.000,         1.000,         1.000,         1.000,         1.000,         1.000,         1.000,         1.000,         1.000,         0.000,         0.000,         0.000,
    12.845,     1.000,     1.881,    24.186,    -0.241,   -14.677,     0.000,     0.450,     1.281,     9.130,     1.000,    24.188,     0.000,     0.000,     0.000,     0.000,     0.000,     0.000,     0.000,        35.000,         0.010,     0.043,     0.000,     0.003,     0.019,         1.000,         1.000,         1.000,         1.000,         1.000,         1.000,         1.000,         1.000,         1.000,         0.000,         0.000,         0.000,
    12.850,     1.000,     1.908,    24.158,    -0.248,   -15.502,     0.000,     0.450,     1.308,     9.130,     1.000,    24.158,     0.000,     0.000,     0.000,     0.000,     0.000,     0.000,     0.000,        35.000,         0.010,     0.043,     0.000,     0.003,     0.019,         1.000,         1.000,         1.000,         1.000,         1.000,         1.000,         1.000,         1.000,         1.000,         0.000,         0.000,         0.000,
    12.854,     1.000,     1.924,    24.149,    -0.250,   -15.969,     0.000,     0.450,     1.324,     9.130,     1.000,    24.152,     0.000,     0.000,     0.000,     0.000,     0.000,     0.000,     0.000,        35.000,         0.010,     0.043,     0.000,     0.003,     0.019,         1.000,         1.000,         1.000,         1.000,         1.000,         1.000,         1.000,         1.000,         1.000,         0.000,         0.000,         0.000,
    12.858,     1.000,     1.946,    24.152,    -0.256,   -16.672,     0.000,     0.450,     1.346,     9.130,     1.000,    24.165,     0.000,     0.000,     0.000,     0.000,     0.000,     0.000,     0.000,        35.000,         0.010,     0.043,     0.000,     0.003,     0.019,         1.000,         1.000,         1.000,         1.000,         1.000,         1.000,         1.000,         1.000,         1.000,         0.000,         0.000,         0.000,
    12.862,     1.000,     1.960,    24.167,    -0.259,   -17.052,     0.000,     0.450,     1.360,     9.130,     1.000,    24.175,     0.000,     0.000,     0.000,     0.000,     0.000,     0.000,     0.000,        35.000,         0.010,     0.043,     0.000,     0.003,     0.019,         1.000,         1.000,         1.000,         1.000,         1.000,         1.000,         1.000,         1.000,         1.000,         0.000,         0.000,         0.000,
    12.866,     1.000,     1.990,    24.160,    -0.267,   -18.014,     0.000,     0.450,     1.390,     9.130,     1.000,    24.162,     0.000,     0.000,     0.000,     0.000,     0.000,     0.000,     0.000,        35.000,         0.010,     0.043,     0.000,     0.003,     0.019,         1.000,         1.000,         1.000,         1.000,         1.000,         1.000,         1.000,         1.000,         1.000,         0.000,         0.000,         0.000,
    12.870,     1.000,     2.024,    24.119,    -0.300,   -19.096,     0.000,     0.450,     1.424,     9.130,     1.000,    24.119,     0.000,     0.000,     0.000,     0.000,     0.000,     0.000,     0.000,        35.000,         0.010,     0.043,     0.000,     0.003,     0.019,         1.000,         1.000,         1.000,         1.000,         1.000,         1.000,         1.000,         1.000,         1.000,         0.000,         0.000,         0.000,
    12.875,     1.000,     2.049,    24.102,    -0.306,   -19.869,     0.000,     0.450,     1.449,     9.130,     1.000,    24.102,     0.000,     0.000,     0.000,     0.000,     0.000,     0.000,     0.000,        35.000,         0.010,     0.043,     0.000,     0.003,     0.019,         1.000,         1.000,         1.000,         1.000,         1.000,         1.000,         1.000,         1.000,         1.000,         0.000,         0.000,         0.000,
    12.879,     1.000,     2.079,    24.104,    -0.312,   -20.804,     0.000,     0.450,     1.479,     9.130,     1.000,    24.111,     0.000,     0.000,     0.000,     0.000,     0.000,     0.000,     0.000,        35.000,         0.010,     0.043,     0.000,     0.003,     0.019,         1.000,         1.000,         1.000,         1.000,         1.000,         1.000,         1.000,         1.000,         1.000,         0.000,         0.000,         0.000,
    12.883,     1.000,     2.086,    24.120,    -0.314,   -21.005,     0.000,     0.450,     1.486,     9.130,     1.000,    24.136,     0.000,     0.000,     0.000,     0.000,     0.000,     0.000,     0.000,        35.000,         0.010,     0.043,     0.000,     0.003,     0.019,         1.000,         1.000,         1.000,         1.000,         1.000,         1.000,         1.000,         1.000,         1.000,         0.000,         0.000,         0.000,
    12.887,     1.000,     2.088,    24.127,    -0.313,   -20.938,     0.000,     0.450,     1.488,     9.130,     1.000,    24.147,     0.000,     0.000,     0.000,     0.000,     0.000,     0.000,     0.000,        35.000,         0.010,     0.043,     0.000,     0.003,     0.019,         1.000,         1.000,         1.000,         1.000,         1.000,         1.000,         1.000,         1.000,         1.000,         0.000,         0.000,         0.000,
    12.891,     1.000,     2.083,    24.132,    -0.308,   -20.570,     0.000,     0.450,     1.483,     9.130,     1.000,    24.152,     0.000,     0.000,     0.000,     0.000,     0.000,     0.000,     0.000,        35.000,         0.010,     0.043,     0.000,     0.003,     0.019,         1.000,         1.000,         1.000,         1.000,         1.000,         1.000,         1.000,         1.000,         1.000,         0.000,         0.000,         0.000,
    12.896,     1.000,     2.084,    24.155,    -0.306,   -20.400,     0.000,     0.450,     1.484,     9.130,     1.000,    24.168,     0.000,     0.000,     0.000,     0.000,     0.000,     0.000,     0.000,        35.000,         0.010,     0.043,     0.000,     0.003,     0.019,         1.000,         1.000,         1.000,         1.000,         1.000,         1.000,         1.000,         1.000,         1.000,         0.000,         0.000,         0.000,
    12.900,     1.000,     2.080,    24.153,    -0.299,   -19.938,     0.000,     0.450,     1.480,     9.130,     1.000,    24.167,     0.000,     0.000,     0.000,     0.000,     0.000,     0.000,     0.000,        35.000,         0.010,     0.043,     0.000,     0.003,     0.019,         1.000,         1.000,         1.000,         1.000,         1.000,         1.000,         1.000,         1.000,         1.000,         0.000,         0.000,         0.000,
    12.904,     1.000,     2.074,    24.132,    -0.292,   -19.374,     0.000,     0.450,     1.474,     9.130,     1.000,    24.153,     0.000,     0.000,     0.000,     0.000,     0.000,     0.000,     0.000,        35.000,         0.010,     0.043,     0.000,     0.003,     0.019,         1.000,         1.000,         1.000,         1.000,         1.000,         1.000,         1.000,         1.000,         1.000,         0.000,         0.000,         0.000,
    12.908,     1.000,     2.064,    24.106,    -0.282,   -18.567,     0.000,     0.450,     1.464,     9.130,     1.000,    24.136,     0.000,     0.000,     0.000,     0.000,     0.000,     0.000,     0.000,        35.000,         0.010,     0.043,     0.000,     0.003,     0.019,         1.000,         1.000,         1.000,         1.000,         1.000,         1.000,         1.000,         1.000,         1.000,         0.000,         0.000,         0.000,
    12.912,     1.000,     2.041,    24.078,    -0.265,   -17.086,     0.000,     0.450,     1.441,     9.130,     1.000,    24.118,     0.000,     0.000,     0.000,     0.000,     0.000,     0.000,     0.000,        35.000,         0.010,     0.043,     0.000,     0.003,     0.019,         1.000,         1.000,         1.000,         1.000,         1.000,         1.000,         1.000,         1.000,         1.000,         0.000,         0.000,         0.000,
    12.916,     1.000,     2.033,    24.063,    -0.251,   -16.084,     0.000,     0.450,     1.433,     9.130,     1.000,    24.115,     0.000,     0.000,     0.000,     0.000,     0.000,     0.000,     0.000,        35.000,         0.010,     0.043,     0.000,     0.003,     0.019,         1.000,         1.000,         1.000,         1.000,         1.000,         1.000,         1.000,         1.000,         1.000,         0.000,         0.000,         0.000,
    12.921,     1.000,     2.013,    24.106,    -0.230,   -14.496,     0.000,     0.450,     1.413,     9.130,     1.000,    24.147,     0.000,     0.000,     0.000,     0.000,     0.000,     0.000,     0.000,        35.000,         0.010,     0.043,     0.000,     0.003,     0.019,         1.000,         1.000,         1.000,         1.000,         1.000,         1.000,         1.000,         1.000,         1.000,         0.000,         0.000,         0.000,
    12.925,     1.000,     1.999,    24.097,    -0.180,   -12.859,     0.000,     0.450,     1.399,     9.130,     1.000,    24.153,     0.000,     0.000,     0.000,     0.000,     0.000,     0.000,     0.000,        35.000,         0.010,     0.043,     0.000,     0.003,     0.019,         1.000,         1.000,         1.000,         1.000,         1.000,         1.000,         1.000,         1.000,         1.000,         0.000,         0.000,         0.000,
    12.929,     1.000,     1.982,    24.095,    -0.156,   -11.061,     0.000,     0.450,     1.382,     9.130,     1.000,    24.154,     0.000,     0.000,     0.000,     0.000,     0.000,     0.000,     0.000,        35.000,         0.010,     0.043,     0.000,     0.003,     0.019,         1.000,         1.000,         1.000,         1.000,         1.000,         1.000,         1.000,         1.000,         1.000,         0.000,         0.000,         0.000,
    12.933,     1.000,     1.955,    24.116,    -0.117,    -8.185,     0.000,     0.450,     1.355,     9.130,     1.000,    24.164,     0.000,     0.000,     0.000,     0.000,     0.000,     0.000,     0.000,        35.000,         0.010,     0.043,     0.000,     0.003,     0.019,         1.000,         1.000,         1.000,         1.000,         1.000,         1.000,         1.000,         1.000,         1.000,         0.000,         0.000,         0.000,
    12.937,     1.000,     1.930,    24.126,    -0.065,    -4.598,     0.000,     0.450,     1.330,     9.130,     1.000,    24.146,     0.000,     0.000,     0.000,     0.000,     0.000,     0.000,     0.000,        35.000,         0.010,     0.043,     0.000,     0.003,     0.019,         1.000,         1.000,         1.000,         1.000,         1.000,         1.000,         1.000,         1.000,         1.000,         0.000,         0.000,         0.000,
    12.941,     1.000,     1.900,    24.129,     0.044,     2.164,     0.000,     0.450,     1.300,     9.130,     1.000,    24.135,     0.000,     0.000,     0.000,     0.000,     0.000,     0.000,     0.000,        34.999,         0.010,     0.043,     0.000,     0.003,     0.019,         1.000,         1.000,         1.000,         1.000,         1.000,         1.000,         1.000,         1.000,         1.000,         0.000,         0.000,         0.000,
    12.946,     1.000,     1.871,    24.162,     0.137,     8.680,     0.000,     0.450,     1.271,     9.130,     1.000,    24.162,     0.000,     0.000,     0.000,     0.000,     0.000,     0.000,     0.000,        34.991,         0.010,     0.043,     0.000,     0.003,     0.019,         1.000,         1.000,         1.000,         1.000,         1.000,         1.000,         1.000,         1.000,         1.000,         0.000,         0.000,         0.000,
    12.950,     1.000,     1.838,    24.156,     0.171,    10.538,     0.000,     0.450,     1.238,     9.130,     1.000,    24.156,     0.000,     0.000,     0.000,     0.000,     0.000,     0.000,     0.000,        34.994,         0.010,     0.043,     0.000,     0.003,     0.019,         1.000,         1.000,         1.000,         1.000,         1.000,         1.000,         1.000,         1.000,         1.000,         0.000,         0.000,         0.000,
    12.954,     1.000,     1.809,    24.153,     0.188,    11.257,     0.000,     0.450,     1.209,     9.130,     1.000,    24.153,     0.000,     0.000,     0.000,     0.000,     0.000,     0.000,     0.000,        34.995,         0.010,     0.043,     0.000,     0.003,     0.019,         1.000,         1.000,         1.000,         1.000,         1.000,         1.000,         1.000,         1.000,         1.000,         0.000,         0.000,         0.000,
    12.958,     1.000,     1.769,    24.148,     0.165,    11.985,     0.000,     0.450,     1.169,     9.130,     1.000,    24.148,     0.000,     0.000,     0.000,     0.000,     0.000,     0.000,     0.000,        34.995,         0.010,     0.225,     0.001,     0.018,     0.101,         1.000,         1.000,         1.000,         1.000,         1.000,         1.000,         1.000,         1.000,         1.000,         0.000,         0.000,         0.000,
    12.962,     1.000,     1.725,    24.131,     0.183,    12.702,     0.000,     0.450,     1.125,     9.130,     1.000,    24.131,     0.000,     0.000,     0.000,     0.000,     0.000,     0.000,     0.000,        34.995,         0.010,     0.225,     0.001,     0.018,     0.101,         1.000,         1.000,         1.000,         1.000,         1.000,         1.000,         1.000,         1.000,         1.000,         0.000,         0.000,         0.000,
    12.966,     1.000,     1.688,    24.120,     0.192,    12.845,     0.000,     0.450,     1.088,     9.130,     1.000,    24.120,     0.000,     0.000,     0.000,     0.000,     0.000,     0.000,     0.000,        34.996,         0.010,     0.226,     0.001,     0.018,     0.101,         1.000,         1.000,         1.000,         1.000,         1.000,         1.000,         1.000,         1.000,         1.000,         0.000,         0.000,         0.000,
    12.971,     1.000,     1.651,    24.122,     0.201,    12.894,     0.000,     0.450,     1.051,     9.130,     1.000,    24.123,     0.000,     0.000,     0.000,     0.000,     0.000,     0.000,     0.000,        34.996,         0.010,     0.226,     0.001,     0.018,     0.101,         1.000,         1.000,         1.000,         1.000,         1.000,         1.000,         1.000,         1.000,         1.000,         0.000,         0.000,         0.000,
    12.975,     1.000,     1.617,    24.133,     0.207,    12.745,     0.000,     0.450,     1.017,     9.130,     1.000,    24.133,     0.000,     0.000,     0.000,     0.000,     0.000,     0.000,     0.000,        34.996,         0.010,     0.226,     0.001,     0.018,     0.101,         1.000,         1.000,         1.000,         1.000,         1.000,         1.000,         1.000,         1.000,         1.000,         0.000,         0.000,         0.000,
    13.396,     1.000,     1.629,    23.621,    -0.145,    -7.897,     0.000,     0.450,     1.029,     9.130,     1.000,    23.654,     0.000,     0.000,     0.000,     0.000,     0.000,     0.000,     0.000,        35.000,         0.010,     0.226,     0.001,     0.018,     0.102,         1.000,         1.000,         1.000,         1.000,         1.000,         1.000,         1.000,         1.000,         1.000,         0.000,         0.000,         0.000,
    13.400,     1.000,     1.637,    23.600,    -0.143,    -7.891,     0.000,     0.450,     1.037,     9.130,     1.000,    23.640,     0.000,     0.000,     0.000,     0.000,     0.000,     0.000,     0.000,        35.000,         0.010,     0.226,     0.001,     0.018,     0.102,         1.000,         1.000,         1.000,         1.000,         1.000,         1.000,         1.000,         1.000,         1.000,         0.000,         0.000,         0.000,
    13.404,     1.000,     1.641,    23.592,    -0.139,    -7.869,     0.000,     0.450,     1.041,     9.130,     1.000,    23.636,     0.000,     0.000,     0.000,     0.000,     0.000,     0.000,     0.000,        35.000,         0.010,     0.226,     0.001,     0.018,     0.102,         1.000,         1.000,         1.000,         1.000,         1.000,         1.000,         1.000,         1.000,         1.000,         0.000,         0.000,         0.000,
    13.408,     1.000,     1.655,    23.642,    -0.143,    -8.210,     0.000,     0.450,     1.055,     9.130,     1.000,    23.667,     0.000,     0.000,     0.000,     0.000,     0.000,     0.000,     0.000,        35.000,         0.010,     0.226,     0.001,     0.018,     0.102,         1.000,         1.000,         1.000,         1.000,         1.000,         1.000,         1.000,         1.000,         1.000,         0.000,         0.000,         0.000,
    13.413,     1.000,     1.672,    23.675,    -0.146,    -8.573,     0.000,     0.450,     1.072,     9.130,     1.000,    23.687,     0.000,     0.000,     0.000,     0.000,     0.000,     0.000,     0.000,        35.000,         0.010,     0.226,     0.001,     0.018,     0.102,         1.000,         1.000,         1.000,         1.000,         1.000,         1.000,         1.000,         1.000,         1.000,         0.000,         0.000,         0.000,
    13.417,     1.000,     1.687,    23.677,    -0.150,    -8.913,     0.000,     0.450,     1.087,     9.130,     1.000,    23.687,     0.000,     0.000,     0.000,     0.000,     0.000,     0.000,     0.000,        35.000,         0.010,     0.226,     0.001,     0.018,     0.102,         1.000,         1.000,         1.000,         1.000,         1.000,         1.000,         1.000,         1.000,         1.000,         0.000,         0.000,         0.000,
    13.421,     1.000,     1.700,    23.667,    -0.153,    -9.207,     0.000,     0.450,     1.100,     9.130,     1.000,    23.681,     0.000,     0.000,     0.000,     0.000,     0.000,     0.000,     0.000,        35.000,         0.010,     0.226,     0.001,     0.018,     0.102,         1.000,         1.000,         1.000,         1.000,         1.000,         1.000,         1.000,         1.000,         1.000,         0.000,         0.000,         0.000,
    13.425,     1.000,     1.714,    23.675,    -0.150,    -9.578,     0.000,     0.450,     1.114,     9.130,     1.000,    23.700,     0.000,     0.000,     0.000,     0.000,     0.000,     0.000,     0.000,        35.000,         0.010,     0.226,     0.001,     0.018,     0.102,         1.000,         1.000,         1.000,         1.000,         1.000,         1.000,         1.000,         1.000,         1.000,         0.000,         0.000,         0.000,
    13.429,     1.000,     1.730,    23.727,    -0.152,    -9.950,     0.000,     0.450,     1.130,     9.130,     1.000,    23.757,     0.000,     0.000,     0.000,     0.000,     0.000,     0.000,     0.000,        35.000,         0.010,     0.226,     0.001,     0.018,     0.102,         1.000,         1.000,         1.000,         1.000,         1.000,         1.000,         1.000,         1.000,         1.000,         0.000,         0.000,         0.000,
    13.433,     1.000,     1.736,    23.740,    -0.151,   -10.019,     0.000,     0.450,     1.136,     9.130,     1.000,    23.766,     0.000,     0.000,     0.000,     0.000,     0.000,     0.000,     0.000,        35.000,         0.010,     0.226,     0.001,     0.018,     0.102,         1.000,         1.000,         1.000,         1.000,         1.000,         1.000,         1.000,         1.000,         1.000,         0.000,         0.000,         0.000,
    13.438,     1.000,     1.728,    23.710,    -0.147,    -9.653,     0.000,     0.450,     1.128,     9.130,     1.000,    23.743,     0.000,     0.000,     0.000,     0.000,     0.000,     0.000,     0.000,        35.000,         0.010,     0.226,     0.001,     0.018,     0.102,         1.000,         1.000,         1.000,         1.000,         1.000,         1.000,         1.000,         1.000,         1.000,         0.000,         0.000,         0.000,
    13.442,     1.000,     1.695,    23.569,    -0.133,    -8.508,     0.000,     0.450,     1.095,     9.130,     1.000,    23.650,     0.000,     0.000,     0.000,     0.000,     0.000,     0.000,     0.000,        35.000,         0.010,     0.226,     0.001,     0.018,     0.102,         1.000,         1.000,         1.000,         1.000,         1.000,         1.000,         1.000,         1.000,         1.000,         0.000,         0.000,         0.000,
    13.446,     1.000,     1.677,    23.547,    -0.125,    -7.812,     0.000,     0.450,     1.077,     9.130,     1.000,    23.604,     0.000,     0.000,     0.000,     0.000,     0.000,     0.000,     0.000,        35.000,         0.010,     0.226,     0.001,     0.018,     0.102,         1.000,         1.000,         1.000,         1.000,         1.000,         1.000,         1.000,         1.000,         1.000,         0.000,         0.000,         0.000,
    13.450,     1.000,     1.686,    23.618,    -0.127,    -7.936,     0.000,     0.450,     1.086,     9.130,     1.000,    23.624,     0.000,     0.000,     0.000,     0.000,     0.000,     0.000,     0.000,        35.000,         0.010,     0.226,     0.001,     0.018,     0.102,         1.000,         1.000,         1.000,         1.000,         1.000,         1.000,         1.000,         1.000,         1.000,         0.000,         0.000,         0.000,
    13.454,     1.000,     1.687,    23.744,    -0.124,    -7.792,     0.000,     0.450,     1.087,     9.130,     1.000,    23.755,     0.000,     0.000,     0.000,     0.000,     0.000,     0.000,     0.000,        35.000,         0.010,     0.226,     0.001,     0.018,     0.102,         1.000,         1.000,         1.000,         1.000,         1.000,         1.000,         1.000,         1.000,         1.000,         0.000,         0.000,         0.000,
    13.458,     1.000,     1.688,    23.742,    -0.121,    -7.641,     0.000,     0.450,     1.088,     9.130,     1.000,    23.762,     0.000,     0.000,     0.000,     0.000,     0.000,     0.000,     0.000,        35.000,         0.010,     0.226,     0.001,     0.018,     0.102,         1.000,         1.000,         1.000,         1.000,         1.000,         1.000,         1.000,         1.000,         1.000,         0.000,         0.000,         0.000,
    13.463,     1.000,     1.667,    23.623,    -0.107,    -6.653,     0.000,     0.450,     1.067,     9.130,     1.000,    23.684,     0.000,     0.000,     0.000,     0.000,     0.000,     0.000,     0.000,        35.000,         0.010,     0.226,     0.001,     0.018,     0.102,         1.000,         1.000,         1.000,         1.000,         1.000,         1.000,         1.000,         1.000,         1.000,         0.000,         0.000,         0.000,
    13.467,     1.000,     1.633,    23.567,    -0.077,    -5.064,     0.000,     0.450,     1.033,     9.130,     1.000,    23.626,     0.000,     0.000,     0.000,     0.000,     0.000,     0.000,     0.000,        35.000,         0.010,     0.226,     0.001,     0.018,     0.102,         1.000,         1.000,         1.000,         1.000,         1.000,         1.000,         1.000,         1.000,         1.000,         0.000,         0.000,         0.000,
    13.471,     1.000,     1.600,    23.565,    -0.048,    -3.102,     0.000,     0.450,     1.000,     9.130,     1.000,    23.627,     0.000,     0.000,     0.000,     0.000,     0.000,     0.000,     0.000,        35.000,         0.010,     0.226,     0.001,     0.018,     0.102,         1.000,         1.000,         1.000,         1.000,         1.000,         1.000,         1.000,         1.000,         1.000,         0.000,         0.000,         0.000,
    13.859,     1.000,     1.611,    23.363,    -0.147,    -7.862,     0.000,     0.450,     1.011,     9.130,     1.000,    23.431,     0.000,     0.000,     0.000,     0.000,     0.000,     0.000,     0.000,        35.000,         0.010,     0.227,     0.001,     0.018,     0.102,         1.000,         1.000,         1.000,         1.000,         1.000,         1.000,         1.000,         1.000,         1.000,         0.000,         0.000,         0.000,
    13.863,     1.000,     1.624,    23.440,    -0.148,    -8.024,     0.000,     0.450,     1.024,     9.130,     1.000,    23.547,     0.000,     0.000,     0.000,     0.000,     0.000,     0.000,     0.000,        35.000,         0.010,     0.227,     0.001,     0.018,     0.102,         1.000,         1.000,         1.000,         1.000,         1.000,         1.000,         1.000,         1.000,         1.000,         0.000,         0.000,         0.000,
    13.867,     1.000,     1.640,    23.498,    -0.148,    -8.360,     0.000,     0.450,     1.040,     9.130,     1.000,    23.589,     0.000,     0.000,     0.000,     0.000,     0.000,     0.000,     0.000,        35.000,         0.010,     0.227,     0.001,     0.018,     0.102,         1.000,         1.000,         1.000,         1.000,         1.000,         1.000,         1.000,         1.000,         1.000,         0.000,         0.000,         0.000,
    13.871,     1.000,     1.671,    23.516,    -0.157,    -9.147,     0.000,     0.450,     1.071,     9.130,     1.000,    23.599,     0.000,     0.000,     0.000,     0.000,     0.000,     0.000,     0.000,        35.000,         0.010,     0.227,     0.001,     0.018,     0.102,         1.000,         1.000,         1.000,         1.000,         1.000,         1.000,         1.000,         1.000,         1.000,         0.000,         0.000,         0.000,
    13.875,     1.000,     1.701,    23.627,    -0.165,    -9.921,     0.000,     0.450,     1.101,     9.130,     1.000,    23.661,     0.000,     0.000,     0.000,     0.000,     0.000,     0.000,     0.000,        35.000,         0.010,     0.227,     0.001,     0.018,     0.102,         1.000,         1.000,         1.000,         1.000,         1.000,         1.000,         1.000,         1.000,         1.000,         0.000,         0.000,         0.000,
    13.880,     1.000,     1.734,    23.638,    -0.172,   -10.716,     0.000,     0.450,     1.134,     9.130,     1.000,    23.651,     0.000,     0.000,     0.000,     0.000,     0.000,     0.000,     0.000,        35.000,         0.010,     0.227,     0.001,     0.018,     0.102,         1.000,         1.000,         1.000,         1.000,         1.000,         1.000,         1.000,         1.000,         1.000,         0.000,         0.000,         0.000,
    13.884,     1.000,     1.769,    23.604,    -0.181,   -11.644,     0.000,     0.450,     1.169,     9.130,     1.000,    23.608,     0.000,     0.000,     0.000,     0.000,     0.000,     0.000,     0.000,        35.000,         0.010,     0.227,     0.001,     0.018,     0.102,         1.000,         1.000,         1.000,         1.000,         1.000,         1.000,         1.000,         1.000,         1.000,         0.000,         0.000,         0.000,
    13.888,     1.000,     1.789,    23.585,    -0.183,   -12.053,     0.000,     0.450,     1.189,     9.130,     1.000,    23.591,     0.000,     0.000,     0.000,     0.000,     0.000,     0.000,     0.000,        35.000,         0.010,     0.227,     0.001,     0.018,     0.102,         1.000,         1.000,         1.000,         1.000,         1.000,         1.000,         1.000,         1.000,         1.000,         0.000,         0.000,         0.000,
    13.892,     1.000,     1.796,    23.580,    -0.184,   -12.168,     0.000,     0.450,     1.196,     9.130,     1.000,    23.590,     0.000,     0.000,     0.000,     0.000,     0.000,     0.000,     0.000,        35.000,         0.010,     0.227,     0.001,     0.018,     0.102,         1.000,         1.000,         1.000,         1.000,         1.000,         1.000,         1.000,         1.000,         1.000,         0.000,         0.000,         0.000,
    13.896,     1.000,     1.825,    23.620,    -0.225,   -13.018,     0.000,     0.450,     1.225,     9.130,     1.000,    23.700,     0.000,     0.000,     0.000,     0.000,     0.000,     0.000,     0.000,        35.000,         0.010,     0.042,     0.000,     0.003,     0.019,         1.000,         1.000,         1.000,         1.000,         1.000,         1.000,         1.000,         1.000,         1.000,         0.000,         0.000,         0.000,
    13.900,     1.000,     1.845,    23.777,    -0.229,   -13.613,     0.000,     0.450,     1.245,     9.130,     1.000,    23.884,     0.000,     0.000,     0.000,     0.000,     0.000,     0.000,     0.000,        35.000,         0.010,     0.042,     0.000,     0.003,     0.019,         1.000,         1.000,         1.000,         1.000,         1.000,         1.000,         1.000,         1.000,         1.000,         0.000,         0.000,         0.000,
    13.905,     1.000,     1.858,    23.796,    -0.232,   -13.953,     0.000,     0.450,     1.258,     9.130,     1.000,    23.913,     0.000,     0.000,     0.000,     0.000,     0.000,     0.000,     0.000,        35.000,         0.010,     0.042,     0.000,     0.003,     0.019,         1.000,         1.000,         1.000,         1.000,         1.000,         1.000,         1.000,         1.000,         1.000,         0.000,         0.000,         0.000,
    13.909,     1.000,     1.874,    23.767,    -0.235,   -14.355,     0.000,     0.450,     1.274,     9.130,     1.000,    23.883,     0.000,     0.000,     0.000,     0.000,     0.000,     0.000,     0.000,        35.000,         0.010,     0.042,     0.000,     0.003,     0.019,         1.000,         1.000,         1.000,         1.000,         1.000,         1.000,         1.000,         1.000,         1.000,         0.000,         0.000,         0.000,
    13.913,     1.000,     1.864,    23.697,    -0.231,   -13.980,     0.000,     0.450,     1.264,     9.130,     1.000,    23.846,     0.000,     0.000,     0.000,     0.000,     0.000,     0.000,     0.000,        35.000,         0.010,     0.042,     0.000,     0.003,     0.019,         1.000,         1.000,         1.000,         1.000,         1.000,         1.000,         1.000,         1.000,         1.000,         0.000,         0.000,         0.000,
    13.917,     1.000,     1.867,    23.744,    -0.231,   -14.025,     0.000,     0.450,     1.267,     9.130,     1.000,    23.869,     0.000,     0.000,     0.000,     0.000,     0.000,     0.000,     0.000,        35.000,         0.010,     0.042,     0.000,     0.003,     0.019,         1.000,         1.000,         1.000,         1.000,         1.000,         1.000,         1.000,         1.000,         1.000,         0.000,         0.000,         0.000,
    13.921,     1.000,     1.868,    23.727,    -0.230,   -13.995,     0.000,     0.450,     1.268,     9.130,     1.000,    23.851,     0.000,     0.000,     0.000,     0.000,     0.000,     0.000,     0.000,        35.000,         0.010,     0.042,     0.000,     0.003,     0.019,         1.000,         1.000,         1.000,         1.000,         1.000,         1.000,         1.000,         1.000,         1.000,         0.000,         0.000,         0.000,
    13.925,     1.000,     1.863,    23.681,    -0.226,   -13.718,     0.000,     0.450,     1.263,     9.130,     1.000,    23.817,     0.000,     0.000,     0.000,     0.000,     0.000,     0.000,     0.000,        35.000,         0.010,     0.042,     0.000,     0.003,     0.019,         1.000,         1.000,         1.000,         1.000,         1.000,         1.000,         1.000,         1.000,         1.000,         0.000,         0.000,         0.000,
    13.930,     1.000,     1.874,    23.698,    -0.228,   -13.982,     0.000,     0.450,     1.274,     9.130,     1.000,    23.829,     0.000,     0.000,     0.000,     0.000,     0.000,     0.000,     0.000,        35.000,         0.010,     0.042,     0.000,     0.003,     0.019,         1.000,         1.000,         1.000,         1.000,         1.000,         1.000,         1.000,         1.000,         1.000,         0.000,         0.000,         0.000,
    13.934,     1.000,     1.881,    23.788,    -0.229,   -14.087,     0.000,     0.450,     1.281,     9.130,     1.000,    23.885,     0.000,     0.000,     0.000,     0.000,     0.000,     0.000,     0.000,        35.000,         0.010,     0.042,     0.000,     0.003,     0.019,         1.000,         1.000,         1.000,         1.000,         1.000,         1.000,         1.000,         1.000,         1.000,         0.000,         0.000,         0.000,
    13.938,     1.000,     1.883,    23.797,    -0.218,   -14.028,     0.000,     0.450,     1.283,     9.130,     1.000,    23.880,     0.000,     0.000,     0.000,     0.000,     0.000,     0.000,     0.000,        35.000,         0.010,     0.042,     0.000,     0.003,     0.019,         1.000,         1.000,         1.000,         1.000,         1.000,         1.000,         1.000,         1.000,         1.000,         0.000,         0.000,         0.000,
    13.942,     1.000,     1.872,    23.687,    -0.211,   -13.477,     0.000,     0.450,     1.272,     9.130,     1.000,    23.816,     0.000,     0.000,     0.000,     0.000,     0.000,     0.000,     0.000,        35.000,         0.010,     0.042,     0.000,     0.003,     0.019,         1.000,         1.000,         1.000,         1.000,         1.000,         1.000,         1.000,         1.000,         1.000,         0.000,         0.000,         0.000,
    13.946,     1.000,     1.850,    23.517,    -0.199,   -12.498,     0.000,     0.450,     1.250,     9.130,     1.000,    23.744,     0.000,     0.000,     0.000,     0.000,     0.000,     0.000,     0.000,        35.000,         0.010,     0.042,     0.000,     0.003,     0.019,         1.000,         1.000,         1.000,         1.000,         1.000,         1.000,         1.000,         1.000,         1.000,         0.000,         0.000,         0.000,
    13.951,     1.000,     1.828,    23.464,    -0.186,   -11.422,     0.000,     0.450,     1.228,     9.130,     1.000,    23.689,     0.000,     0.000,     0.000,     0.000,     0.000,     0.000,     0.000,        35.000,         0.010,     0.042,     0.000,     0.003,     0.019,         1.000,         1.000,         1.000,         1.000,         1.000,         1.000,         1.000,         1.000,         1.000,         0.000,         0.000,         0.000,
    13.955,     1.000,     1.801,    23.475,    -0.168,   -10.061,     0.000,     0.450,     1.201,     9.130,     1.000,    23.664,     0.000,     0.000,     0.000,     0.000,     0.000,     0.000,     0.000,        35.000,         0.010,     0.042,     0.000,     0.003,     0.019,         1.000,         1.000,         1.000,         1.000,         1.000,         1.000,         1.000,         1.000,         1.000,         0.000,         0.000,         0.000,
    13.959,     1.000,     1.779,    23.492,    -0.116,    -8.741,     0.000,     0.450,     1.179,     9.130,     1.000,    23.694,     0.000,     0.000,     0.000,     0.000,     0.000,     0.000,     0.000,        35.000,         0.010,     0.227,     0.001,     0.018,     0.102,         1.000,         1.000,         1.000,         1.000,         1.000,         1.000,         1.000,         1.000,         1.000,         0.000,         0.000,         0.000,
    13.963,     1.000,     1.758,    23.517,    -0.100,    -7.393,     0.000,     0.450,     1.158,     9.130,     1.000,    23.702,     0.000,     0.000,     0.000,     0.000,     0.000,     0.000,     0.000,        35.000,         0.010,     0.227,     0.001,     0.018,     0.102,         1.000,         1.000,         1.000,         1.000,         1.000,         1.000,         1.000,         1.000,         1.000,         0.000,         0.000,         0.000,
    13.967,     1.000,     1.743,    23.475,    -0.083,    -6.057,     0.000,     0.450,     1.143,     9.130,     1.000,    23.605,     0.000,     0.000,     0.000,     0.000,     0.000,     0.000,     0.000,        35.000,         0.010,     0.227,     0.001,     0.018,     0.102,         1.000,         1.000,         1.000,         1.000,         1.000,         1.000,         1.000,         1.000,         1.000,         0.000,         0.000,         0.000,
    13.971,     1.000,     1.722,    23.503,    -0.058,    -4.240,     0.000,     0.450,     1.122,     9.130,     1.000,    23.611,     0.000,     0.000,     0.000,     0.000,     0.000,     0.000,     0.000,        35.000,         0.010,     0.227,     0.001,     0.018,     0.102,         1.000,         1.000,         1.000,         1.000,         1.000,         1.000,         1.000,         1.000,         1.000,         0.000,         0.000,         0.000,
    13.976,     1.000,     1.690,    23.568,    -0.004,    -0.811,     0.000,     0.450,     1.090,     9.130,     1.000,    23.725,     0.000,     0.000,     0.000,     0.000,     0.000,     0.000,     0.000,        35.000,         0.010,     0.227,     0.001,     0.018,     0.102,         1.000,         1.000,         1.000,         1.000,         1.000,         1.000,         1.000,         1.000,         1.000,         0.000,         0.000,         0.000,
    13.980,     1.000,     1.666,    23.582,     0.072,     4.433,     0.000,     0.450,     1.066,     9.130,     1.000,    23.613,     0.000,     0.000,     0.000,     0.000,     0.000,     0.000,     0.000,        34.969,         0.010,     0.227,     0.001,     0.018,     0.102,         1.000,         1.000,         1.000,         1.000,         1.000,         1.000,         1.000,         1.000,         1.000,         0.000,         0.000,         0.000,
    13.984,     1.000,     1.637,    23.607,     0.105,     6.594,     0.000,     0.450,     1.037,     9.130,     1.000,    23.611,     0.000,     0.000,     0.000,     0.000,     0.000,     0.000,     0.000,        34.989,         0.010,     0.227,     0.001,     0.018,     0.102,         1.000,         1.000,         1.000,         1.000,         1.000,         1.000,         1.000,         1.000,         1.000,         0.000,         0.000,         0.000,
    13.988,     1.000,     1.612,    23.699,     0.116,     7.094,     0.000,     0.450,     1.012,     9.130,     1.000,    23.700,     0.000,     0.000,     0.000,     0.000,     0.000,     0.000,     0.000,        34.991,         0.010,     0.227,     0.001,     0.018,     0.102,         1.000,         1.000,         1.000,         1.000,         1.000,         1.000,         1.000,         1.000,         1.000,         0.000,         0.000,         0.000,
    14.405,     1.000,     1.603,    23.400,    -0.140,    -7.405,     0.000,     0.450,     1.003,     9.130,     1.000,    23.400,     0.000,     0.000,     0.000,     0.000,     0.000,     0.000,     0.000,        35.000,         0.010,     0.227,     0.001,     0.018,     0.102,         1.000,         1.000,         1.000,         1.000,         1.000,         1.000,         1.000,         1.000,         1.000,         0.000,         0.000,         0.000,
    14.409,     1.000,     1.645,    23.401,    -0.151,    -8.380,     0.000,     0.450,     1.045,     9.130,     1.000,    23.403,     0.000,     0.000,     0.000,     0.000,     0.000,     0.000,     0.000,        35.000,         0.010,     0.227,     0.001,     0.018,     0.102,         1.000,         1.000,         1.000,         1.000,         1.000,         1.000,         1.000,         1.000,         1.000,         0.000,         0.000,         0.000,
    14.413,     1.000,     1.653,    23.402,    -0.150,    -8.405,     0.000,     0.450,     1.053,     9.130,     1.000,    23.417,     0.000,     0.000,     0.000,     0.000,     0.000,     0.000,     0.000,        35.000,         0.010,     0.227,     0.001,     0.018,     0.102,         1.000,         1.000,         1.000,         1.000,         1.000,         1.000,         1.000,         1.000,         1.000,         0.000,         0.000,         0.000,
    14.418,     1.000,     1.668,    23.411,    -0.151,    -8.770,     0.000,     0.450,     1.068,     9.130,     1.000,    23.442,     0.000,     0.000,     0.000,     0.000,     0.000,     0.000,     0.000,        35.000,         0.010,     0.227,     0.001,     0.018,     0.102,         1.000,         1.000,         1.000,         1.000,         1.000,         1.000,         1.000,         1.000,         1.000,         0.000,         0.000,         0.000,
    14.422,     1.000,     1.682,    23.440,    -0.151,    -8.955,     0.000,     0.450,     1.082,     9.130,     1.000,    23.510,     0.000,     0.000,     0.000,     0.000,     0.000,     0.000,     0.000,        35.000,         0.010,     0.227,     0.001,     0.018,     0.102,         1.000,         1.000,         1.000,         1.000,         1.000,         1.000,         1.000,         1.000,         1.000,         0.000,         0.000,         0.000,
    14.426,     1.000,     1.700,    23.579,    -0.157,    -9.428,     0.000,     0.450,     1.100,     9.130,     1.000,    23.673,     0.000,     0.000,     0.000,     0.000,     0.000,     0.000,     0.000,        35.000,         0.010,     0.227,     0.001,     0.018,     0.102,         1.000,         1.000,         1.000,         1.000,         1.000,         1.000,         1.000,         1.000,         1.000,         0.000,         0.000,         0.000,
    14.430,     1.000,     1.739,    23.687,    -0.167,   -10.470,     0.000,     0.450,     1.139,     9.130,     1.000,    23.772,     0.000,     0.000,     0.000,     0.000,     0.000,     0.000,     0.000,        35.000,         0.010,     0.227,     0.001,     0.018,     0.102,         1.000,         1.000,         1.000,         1.000,         1.000,         1.000,         1.000,         1.000,         1.000,         0.000,         0.000,         0.000,
    14.434,     1.000,     1.756,    23.687,    -0.170,   -10.823,     0.000,     0.450,     1.156,     9.130,     1.000,    23.789,     0.000,     0.000,     0.000,     0.000,     0.000,     0.000,     0.000,        35.000,         0.010,     0.227,     0.001,     0.018,     0.102,         1.000,         1.000,         1.000,         1.000,         1.000,         1.000,         1.000,         1.000,         1.000,         0.000,         0.000,         0.000,
    14.438,     1.000,     1.749,    23.630,    -0.158,   -10.573,     0.000,     0.450,     1.149,     9.130,     1.000,    23.746,     0.000,     0.000,     0.000,     0.000,     0.000,     0.000,     0.000,        35.000,         0.010,     0.227,     0.001,     0.018,     0.102,         1.000,         1.000,         1.000,         1.000,         1.000,         1.000,         1.000,         1.000,         1.000,         0.000,         0.000,         0.000,
    14.443,     1.000,     1.754,    23.541,    -0.158,   -10.677,     0.000,     0.450,     1.154,     9.130,     1.000,    23.712,     0.000,     0.000,     0.000,     0.000,     0.000,     0.000,     0.000,        35.000,         0.010,     0.227,     0.001,     0.018,     0.102,         1.000,         1.000,         1.000,         1.000,         1.000,         1.000,         1.000,         1.000,         1.000,         0.000,         0.000,         0.000,
    14.447,     1.000,     1.766,    23.686,    -0.161,   -10.965,     0.000,     0.450,     1.166,     9.130,     1.000,    23.794,     0.000,     0.000,     0.000,     0.000,     0.000,     0.000,     0.000,        35.000,         0.010,     0.227,     0.001,     0.018,     0.102,         1.000,         1.000,         1.000,         1.000,         1.000,         1.000,         1.000,         1.000,         1.000,         0.000,         0.000,         0.000,
    14.451,     1.000,     1.793,    23.815,    -0.168,   -11.694,     0.000,     0.450,     1.193,     9.130,     1.000,    23.865,     0.000,     0.000,     0.000,     0.000,     0.000,     0.000,     0.000,        35.000,         0.010,     0.227,     0.001,     0.018,     0.102,         1.000,         1.000,         1.000,         1.000,         1.000,         1.000,         1.000,         1.000,         1.000,         0.000,         0.000,         0.000,
    14.455,     1.000,     1.812,    23.819,    -0.211,   -12.168,     0.000,     0.450,     1.212,     9.130,     1.000,    23.855,     0.000,     0.000,     0.000,     0.000,     0.000,     0.000,     0.000,        35.000,         0.010,     0.042,     0.000,     0.003,     0.019,         1.000,         1.000,         1.000,         1.000,         1.000,         1.000,         1.000,         1.000,         1.000,         0.000,         0.000,         0.000,
    14.459,     1.000,     1.800,    23.677,    -0.165,   -11.625,     0.000,     0.450,     1.200,     9.130,     1.000,    23.797,     0.000,     0.000,     0.000,     0.000,     0.000,     0.000,     0.000,        35.000,         0.010,     0.227,     0.001,     0.018,     0.102,         1.000,         1.000,         1.000,         1.000,         1.000,         1.000,         1.000,         1.000,         1.000,         0.000,         0.000,         0.000,
    14.463,     1.000,     1.786,    23.471,    -0.159,   -11.054,     0.000,     0.450,     1.186,     9.130,     1.000,    23.693,     0.000,     0.000,     0.000,     0.000,     0.000,     0.000,     0.000,        35.000,         0.010,     0.227,     0.001,     0.018,     0.102,         1.000,         1.000,         1.000,         1.000,         1.000,         1.000,         1.000,         1.000,         1.000,         0.000,         0.000,         0.000,
    14.468,     1.000,     1.773,    23.461,    -0.152,   -10.459,     0.000,     0.450,     1.173,     9.130,     1.000,    23.694,     0.000,     0.000,     0.000,     0.000,     0.000,     0.000,     0.000,        35.000,         0.010,     0.227,     0.001,     0.018,     0.102,         1.000,         1.000,         1.000,         1.000,         1.000,         1.000,         1.000,         1.000,         1.000,         0.000,         0.000,         0.000,
    14.472,     1.000,     1.766,    23.617,    -0.138,   -10.064,     0.000,     0.450,     1.166,     9.130,     1.000,    23.721,     0.000,     0.000,     0.000,     0.000,     0.000,     0.000,     0.000,        35.000,         0.010,     0.227,     0.001,     0.018,     0.102,         1.000,         1.000,         1.000,         1.000,         1.000,         1.000,         1.000,         1.000,         1.000,         0.000,         0.000,         0.000,
    14.476,     1.000,     1.772,    23.679,    -0.137,   -10.067,     0.000,     0.450,     1.172,     9.130,     1.000,    23.789,     0.000,     0.000,     0.000,     0.000,     0.000,     0.000,     0.000,        35.000,         0.010,     0.227,     0.001,     0.018,     0.102,         1.000,         1.000,         1.000,         1.000,         1.000,         1.000,         1.000,         1.000,         1.000,         0.000,         0.000,         0.000,
    14.480,     1.000,     1.759,    23.632,    -0.128,    -9.347,     0.000,     0.450,     1.159,     9.130,     1.000,    23.758,     0.000,     0.000,     0.000,     0.000,     0.000,     0.000,     0.000,        35.000,         0.010,     0.227,     0.001,     0.018,     0.102,         1.000,         1.000,         1.000,         1.000,         1.000,         1.000,         1.000,         1.000,         1.000,         0.000,         0.000,         0.000,
    14.484,     1.000,     1.737,    23.539,    -0.115,    -8.229,     0.000,     0.450,     1.137,     9.130,     1.000,    23.733,     0.000,     0.000,     0.000,     0.000,     0.000,     0.000,     0.000,        35.000,         0.010,     0.228,     0.001,     0.018,     0.102,         1.000,         1.000,         1.000,         1.000,         1.000,         1.000,         1.000,         1.000,         1.000,         0.000,         0.000,         0.000,
    14.488,     1.000,     1.723,    23.433,    -0.102,    -7.294,     0.000,     0.450,     1.123,     9.130,     1.000,    23.681,     0.000,     0.000,     0.000,     0.000,     0.000,     0.000,     0.000,        35.000,         0.010,     0.228,     0.001,     0.018,     0.102,         1.000,         1.000,         1.000,         1.000,         1.000,         1.000,         1.000,         1.000,         1.000,         0.000,         0.000,         0.000,
    14.493,     1.000,     1.705,    23.412,    -0.087,    -6.119,     0.000,     0.450,     1.105,     9.130,     1.000,    23.651,     0.000,     0.000,     0.000,     0.000,     0.000,     0.000,     0.000,        35.000,         0.010,     0.228,     0.001,     0.018,     0.102,         1.000,         1.000,         1.000,         1.000,         1.000,         1.000,         1.000,         1.000,         1.000,         0.000,         0.000,         0.000,
    14.497,     1.000,     1.693,    23.412,    -0.073,    -5.093,     0.000,     0.450,     1.093,     9.130,     1.000,    23.634,     0.000,     0.000,     0.000,     0.000,     0.000,     0.000,     0.000,        35.000,         0.010,     0.228,     0.001,     0.018,     0.102,         1.000,         1.000,         1.000,         1.000,         1.000,         1.000,         1.000,         1.000,         1.000,         0.000,         0.000,         0.000,
    14.501,     1.000,     1.684,    23.419,    -0.059,    -4.087,     0.000,     0.450,     1.084,     9.130,     1.000,    23.642,     0.000,     0.000,     0.000,     0.000,     0.000,     0.000,     0.000,        35.000,         0.010,     0.228,     0.001,     0.018,     0.102,         1.000,         1.000,         1.000,         1.000,         1.000,         1.000,         1.000,         1.000,         1.000,         0.000,         0.000,         0.000,
    14.505,     1.000,     1.656,    23.439,    -0.018,    -1.575,     0.000,     0.450,     1.056,     9.130,     1.000,    23.668,     0.000,     0.000,     0.000,     0.000,     0.000,     0.000,     0.000,        35.000,         0.010,     0.228,     0.001,     0.018,     0.102,         1.000,         1.000,         1.000,         1.000,         1.000,         1.000,         1.000,         1.000,         1.000,         0.000,         0.000,         0.000,
    14.509,     1.000,     1.617,    23.579,     0.071,     4.169,     0.000,     0.450,     1.017,     9.130,     1.000,    23.654,     0.000,     0.000,     0.000,     0.000,     0.000,     0.000,     0.000,        34.962,         0.010,     0.228,     0.001,     0.018,     0.102,         1.000,         1.000,         1.000,         1.000,         1.000,         1.000,         1.000,         1.000,         1.000,         0.000,         0.000,         0.000,
    14.947,     1.000,     1.610,    24.123,    -0.143,    -7.750,     0.000,     0.450,     1.010,     9.130,     1.000,    24.188,     0.000,     0.000,     0.000,     0.000,     0.000,     0.000,     0.000,        35.000,         0.010,     0.228,     0.001,     0.018,     0.103,         1.000,         1.000,         1.000,         1.000,         1.000,         1.000,         1.000,         1.000,         1.000,         0.000,         0.000,         0.000,
    14.951,     1.000,     1.624,    24.066,    -0.143,    -7.940,     0.000,     0.450,     1.024,     9.130,     1.000,    24.158,     0.000,     0.000,     0.000,     0.000,     0.000,     0.000,     0.000,        35.000,         0.010,     0.228,     0.001,     0.018,     0.103,         1.000,         1.000,         1.000,         1.000,         1.000,         1.000,         1.000,         1.000,         1.000,         0.000,         0.000,         0.000,
    14.955,     1.000,     1.628,    23.900,    -0.144,    -7.983,     0.000,     0.450,     1.028,     9.130,     1.000,    24.061,     0.000,     0.000,     0.000,     0.000,     0.000,     0.000,     0.000,        35.000,         0.010,     0.228,     0.001,     0.018,     0.103,         1.000,         1.000,         1.000,         1.000,         1.000,         1.000,         1.000,         1.000,         1.000,         0.000,         0.000,         0.000,
    14.960,     1.000,     1.625,    23.693,    -0.142,    -7.859,     0.000,     0.450,     1.025,     9.130,     1.000,    23.978,     0.000,     0.000,     0.000,     0.000,     0.000,     0.000,     0.000,        35.000,         0.010,     0.228,     0.001,     0.018,     0.103,         1.000,         1.000,         1.000,         1.000,         1.000,         1.000,         1.000,         1.000,         1.000,         0.000,         0.000,         0.000,
    14.964,     1.000,     1.616,    23.676,    -0.136,    -7.527,     0.000,     0.450,     1.016,     9.130,     1.000,    23.939,     0.000,     0.000,     0.000,     0.000,     0.000,     0.000,     0.000,        35.000,         0.010,     0.228,     0.001,     0.018,     0.103,         1.000,         1.000,         1.000,         1.000,         1.000,         1.000,         1.000,         1.000,         1.000,         0.000,         0.000,         0.000,
    14.968,     1.000,     1.606,    23.788,    -0.128,    -7.089,     0.000,     0.450,     1.006,     9.130,     1.000,    23.998,     0.000,     0.000,     0.000,     0.000,     0.000,     0.000,     0.000,        35.000,         0.010,     0.228,     0.001,     0.018,     0.103,         1.000,         1.000,         1.000,         1.000,         1.000,         1.000,         1.000,         1.000,         1.000,         0.000,         0.000,         0.000,
    15.427,     1.000,     1.611,    23.878,    -0.138,    -7.429,     0.000,     0.450,     1.011,     9.130,     1.000,    23.944,     0.000,     0.000,     0.000,     0.000,     0.000,     0.000,     0.000,        35.000,         0.010,     0.229,     0.001,     0.018,     0.103,         1.000,         1.000,         1.000,         1.000,         1.000,         1.000,         1.000,         1.000,         1.000,         0.000,         0.000,         0.000,
    15.431,     1.000,     1.634,    23.950,    -0.144,    -7.914,     0.000,     0.450,     1.034,     9.130,     1.000,    23.978,     0.000,     0.000,     0.000,     0.000,     0.000,     0.000,     0.000,        35.000,         0.010,     0.229,     0.001,     0.018,     0.103,         1.000,         1.000,         1.000,         1.000,         1.000,         1.000,         1.000,         1.000,         1.000,         0.000,         0.000,         0.000,
    15.435,     1.000,     1.663,    23.967,    -0.148,    -8.609,     0.000,     0.450,     1.063,     9.130,     1.000,    23.984,     0.000,     0.000,     0.000,     0.000,     0.000,     0.000,     0.000,        35.000,         0.010,     0.229,     0.001,     0.018,     0.103,         1.000,         1.000,         1.000,         1.000,         1.000,         1.000,         1.000,         1.000,         1.000,         0.000,         0.000,         0.000,
    15.439,     1.000,     1.692,    23.979,    -0.153,    -9.207,     0.000,     0.450,     1.092,     9.130,     1.000,    23.990,     0.000,     0.000,     0.000,     0.000,     0.000,     0.000,     0.000,        35.000,         0.010,     0.229,     0.001,     0.018,     0.103,         1.000,         1.000,         1.000,         1.000,         1.000,         1.000,         1.000,         1.000,         1.000,         0.000,         0.000,         0.000,
    15.443,     1.000,     1.721,    23.987,    -0.161,    -9.952,     0.000,     0.450,     1.121,     9.130,     1.000,    23.994,     0.000,     0.000,     0.000,     0.000,     0.000,     0.000,     0.000,        35.000,         0.010,     0.229,     0.001,     0.018,     0.103,         1.000,         1.000,         1.000,         1.000,         1.000,         1.000,         1.000,         1.000,         1.000,         0.000,         0.000,         0.000,
    15.448,     1.000,     1.741,    23.993,    -0.166,   -10.449,     0.000,     0.450,     1.141,     9.130,     1.000,    23.997,     0.000,     0.000,     0.000,     0.000,     0.000,     0.000,     0.000,        35.000,         0.010,     0.229,     0.001,     0.018,     0.103,         1.000,         1.000,         1.000,         1.000,         1.000,         1.000,         1.000,         1.000,         1.000,         0.000,         0.000,         0.000,
    15.452,     1.000,     1.748,    23.991,    -0.169,   -10.624,     0.000,     0.450,     1.148,     9.130,     1.000,    23.996,     0.000,     0.000,     0.000,     0.000,     0.000,     0.000,     0.000,        35.000,         0.010,     0.229,     0.001,     0.018,     0.103,         1.000,         1.000,         1.000,         1.000,         1.000,         1.000,         1.000,         1.000,         1.000,         0.000,         0.000,         0.000,
    15.456,     1.000,     1.731,    23.928,    -0.153,   -10.045,     0.000,     0.450,     1.131,     9.130,     1.000,    23.972,     0.000,     0.000,     0.000,     0.000,     0.000,     0.000,     0.000,        35.000,         0.010,     0.229,     0.001,     0.018,     0.103,         1.000,         1.000,         1.000,         1.000,         1.000,         1.000,         1.000,         1.000,         1.000,         0.000,         0.000,         0.000,
    15.460,     1.000,     1.731,    23.760,    -0.151,    -9.941,     0.000,     0.450,     1.131,     9.130,     1.000,    23.838,     0.000,     0.000,     0.000,     0.000,     0.000,     0.000,     0.000,        35.000,         0.010,     0.229,     0.001,     0.018,     0.103,         1.000,         1.000,         1.000,         1.000,         1.000,         1.000,         1.000,         1.000,         1.000,         0.000,         0.000,         0.000,
    15.464,     1.000,     1.755,    23.996,    -0.156,   -10.568,     0.000,     0.450,     1.155,     9.130,     1.000,    23.998,     0.000,     0.000,     0.000,     0.000,     0.000,     0.000,     0.000,        35.000,         0.010,     0.229,     0.001,     0.018,     0.103,         1.000,         1.000,         1.000,         1.000,         1.000,         1.000,         1.000,         1.000,         1.000,         0.000,         0.000,         0.000,
    15.468,     1.000,     1.787,    23.999,    -0.166,   -11.504,     0.000,     0.450,     1.187,     9.130,     1.000,    24.001,     0.000,     0.000,     0.000,     0.000,     0.000,     0.000,     0.000,        35.000,         0.010,     0.229,     0.001,     0.018,     0.103,         1.000,         1.000,         1.000,         1.000,         1.000,         1.000,         1.000,         1.000,         1.000,         0.000,         0.000,         0.000,
    15.473,     1.000,     1.822,    24.034,    -0.215,   -12.492,     0.000,     0.450,     1.222,     9.130,     1.000,    24.052,     0.000,     0.000,     0.000,     0.000,     0.000,     0.000,     0.000,        35.000,         0.010,     0.042,     0.000,     0.003,     0.019,         1.000,         1.000,         1.000,         1.000,         1.000,         1.000,         1.000,         1.000,         1.000,         0.000,         0.000,         0.000,
    15.477,     1.000,     1.827,    24.023,    -0.214,   -12.496,     0.000,     0.450,     1.227,     9.130,     1.000,    24.043,     0.000,     0.000,     0.000,     0.000,     0.000,     0.000,     0.000,        35.000,         0.010,     0.042,     0.000,     0.003,     0.019,         1.000,         1.000,         1.000,         1.000,         1.000,         1.000,         1.000,         1.000,         1.000,         0.000,         0.000,         0.000,
    15.481,     1.119,     1.804,    23.944,    -0.202,   -11.591,     0.000,     0.450,     1.204,     9.130,     1.000,    23.976,     0.000,     0.000,     0.000,     0.000,     0.000,     0.000,     0.000,        35.000,         0.010,     0.041,     0.000,     0.003,     0.019,         1.000,         1.000,         1.000,         1.000,         1.000,         1.000,         1.000,         1.000,         1.000,         0.000,         0.000,         0.000,
    15.485,     1.539,     1.795,    23.907,    -0.158,   -11.138,     0.000,     0.450,     1.195,     9.130,     1.000,    23.925,     0.000,     0.000,     0.000,     0.000,     0.000,     0.000,     0.000,        35.000,         0.010,     0.229,     0.001,     0.018,     0.103,         1.000,         1.000,         1.000,         1.000,         1.000,         1.000,         1.000,         1.000,         1.000,         0.000,         0.000,         0.000,
    15.489,     2.000,     1.801,    24.078,    -0.188,   -11.190,     0.000,     0.450,     1.201,     9.130,     1.000,    24.081,     0.000,     0.000,     0.000,     0.000,     0.000,     0.000,     0.000,        35.000,         0.010,     0.041,     0.000,     0.003,     0.019,         1.000,         1.000,         1.000,         1.000,         1.000,         1.000,         1.000,         1.000,         1.000,         0.000,         0.000,         0.000,
    15.493,     2.000,     1.804,    24.072,    -0.186,   -11.105,     0.000,     0.450,     1.204,     9.130,     1.000,    24.081,     0.000,     0.000,     0.000,     0.000,     0.000,     0.000,     0.000,        35.000,         0.010,     0.041,     0.000,     0.003,     0.019,         1.000,         1.000,         1.000,         1.000,         1.000,         1.000,         1.000,         1.000,         1.000,         0.000,         0.000,         0.000,
    15.498,     2.000,     1.805,    24.045,    -0.182,   -10.894,     0.000,     0.450,     1.205,     9.130,     1.000,    24.063,     0.000,     0.000,     0.000,     0.000,     0.000,     0.000,     0.000,        35.000,         0.010,     0.041,     0.000,     0.003,     0.019,         1.000,         1.000,         1.000,         1.000,         1.000,         1.000,         1.000,         1.000,         1.000,         0.000,         0.000,         0.000,
    15.502,     2.000,     1.790,    23.882,    -0.133,   -10.063,     0.000,     0.450,     1.190,     9.130,     1.000,    23.997,     0.000,     0.000,     0.000,     0.000,     0.000,     0.000,     0.000,        35.000,         0.010,     0.229,     0.001,     0.018,     0.103,         1.000,         1.000,         1.000,         1.000,         1.000,         1.000,         1.000,         1.000,         1.000,         0.000,         0.000,         0.000,
    15.506,     2.000,     1.772,    23.829,    -0.122,    -9.041,     0.000,     0.450,     1.172,     9.130,     1.000,    23.906,     0.000,     0.000,     0.000,     0.000,     0.000,     0.000,     0.000,        35.000,         0.010,     0.229,     0.001,     0.018,     0.103,         1.000,         1.000,         1.000,         1.000,         1.000,         1.000,         1.000,         1.000,         1.000,         0.000,         0.000,         0.000,
    15.510,     2.000,     1.754,    23.927,    -0.108,    -7.940,     0.000,     0.450,     1.154,     9.130,     1.000,    23.959,     0.000,     0.000,     0.000,     0.000,     0.000,     0.000,     0.000,        35.000,         0.010,     0.229,     0.001,     0.018,     0.103,         1.000,         1.000,         1.000,         1.000,         1.000,         1.000,         1.000,         1.000,         1.000,         0.000,         0.000,         0.000,
    15.514,     2.000,     1.734,    23.780,    -0.091,    -6.592,     0.000,     0.450,     1.134,     9.130,     1.000,    23.862,     0.000,     0.000,     0.000,     0.000,     0.000,     0.000,     0.000,        35.000,         0.010,     0.229,     0.001,     0.018,     0.103,         1.000,         1.000,         1.000,         1.000,         1.000,         1.000,         1.000,         1.000,         1.000,         0.000,         0.000,         0.000,
    15.518,     2.000,     1.717,    23.715,    -0.071,    -5.136,     0.000,     0.450,     1.117,     9.130,     1.000,    23.832,     0.000,     0.000,     0.000,     0.000,     0.000,     0.000,     0.000,        35.000,         0.010,     0.229,     0.001,     0.018,     0.103,         1.000,         1.000,         1.000,         1.000,         1.000,         1.000,         1.000,         1.000,         1.000,         0.000,         0.000,         0.000,
    15.523,     2.000,     1.709,    23.691,    -0.055,    -3.930,     0.000,     0.450,     1.109,     9.130,     1.000,    23.808,     0.000,     0.000,     0.000,     0.000,     0.000,     0.000,     0.000,        35.000,         0.010,     0.229,     0.001,     0.018,     0.103,         1.000,         1.000,         1.000,         1.000,         1.000,         1.000,         1.000,         1.000,         1.000,         0.000,         0.000,         0.000,
    15.527,     2.000,     1.710,    23.817,    -0.048,    -3.410,     0.000,     0.450,     1.110,     9.130,     1.000,    23.850,     0.000,     0.000,     0.000,     0.000,     0.000,     0.000,     0.000,        35.000,         0.010,     0.229,     0.001,     0.018,     0.103,         1.000,         1.000,         1.000,         1.000,         1.000,         1.000,         1.000,         1.000,         1.000,         0.000,         0.000,         0.000,
    15.531,     2.000,     1.702,    23.945,    -0.034,    -2.502,     0.000,     0.450,     1.102,     9.130,     1.000,    23.959,     0.000,     0.000,     0.000,     0.000,     0.000,     0.000,     0.000,        35.000,         0.010,     0.229,     0.001,     0.018,     0.103,         1.000,         1.000,         1.000,         1.000,         1.000,         1.000,         1.000,         1.000,         1.000,         0.000,         0.000,         0.000,
    15.535,     2.000,     1.680,    23.886,     0.021,     0.674,     0.000,     0.450,     1.080,     9.130,     1.000,    23.928,     0.000,     0.000,     0.000,     0.000,     0.000,     0.000,     0.000,        35.000,         0.010,     0.229,     0.001,     0.018,     0.103,         1.000,         1.000,         1.000,         1.000,         1.000,         1.000,         1.000,         1.000,         1.000,         0.000,         0.000,         0.000,
    15.539,     2.000,     1.647,    23.889,     0.085,     5.350,     0.000,     0.450,     1.047,     9.130,     1.000,    23.889,     0.000,     0.000,     0.000,     0.000,     0.000,     0.000,     0.000,        34.977,         0.010,     0.229,     0.001,     0.018,     0.103,         1.000,         1.000,         1.000,         1.000,         1.000,         1.000,         1.000,         1.000,         1.000,         0.000,         0.000,         0.000,
    15.543,     1.647,     1.602,    23.816,     0.123,     7.545,     0.000,     0.450,     1.002,     9.130,     1.000,    23.817,     0.000,     0.000,     0.000,     0.000,     0.000,     0.000,     0.000,        34.987,         0.010,     0.229,     0.001,     0.018,     0.103,         1.000,         1.000,         1.000,         1.000,         1.000,         1.000,         1.000,         1.000,         1.000,         0.000,         0.000,         0.000,
    16.465,     1.000,     1.624,    24.297,    -0.128,    -6.951,     0.000,     0.450,     1.024,     9.130,     1.000,    24.297,     0.000,     0.000,     0.000,     0.000,     0.000,     0.000,     0.000,        35.000,         0.010,     0.230,     0.001,     0.018,     0.103,         1.000,         1.000,         1.000,         1.000,         1.000,         1.000,         1.000,         1.000,         1.000,         0.000,         0.000,         0.000,
    16.469,     1.000,     1.650,    24.266,    -0.133,    -7.623,     0.000,     0.450,     1.050,     9.130,     1.000,    24.266,     0.000,     0.000,     0.000,     0.000,     0.000,     0.000,     0.000,        35.000,         0.010,     0.230,     0.001,     0.018,     0.103,         1.000,         1.000,         1.000,         1.000,         1.000,         1.000,         1.000,         1.000,         1.000,         0.000,         0.000,         0.000,
    16.473,     1.000,     1.665,    24.237,    -0.137,    -7.933,     0.000,     0.450,     1.065,     9.130,     1.000,    24.237,     0.000,     0.000,     0.000,     0.000,     0.000,     0.000,     0.000,        35.000,         0.010,     0.230,     0.001,     0.018,     0.103,         1.000,         1.000,         1.000,         1.000,         1.000,         1.000,         1.000,         1.000,         1.000,         0.000,         0.000,         0.000,
    16.478,     1.000,     1.663,    24.255,    -0.133,    -7.725,     0.000,     0.450,     1.063,     9.130,     1.000,    24.255,     0.000,     0.000,     0.000,     0.000,     0.000,     0.000,     0.000,        35.000,         0.010,     0.230,     0.001,     0.018,     0.104,         1.000,         1.000,         1.000,         1.000,         1.000,         1.000,         1.000,         1.000,         1.000,         0.000,         0.000,         0.000,
    16.482,     1.000,     1.661,    24.257,    -0.130,    -7.541,     0.000,     0.450,     1.061,     9.130,     1.000,    24.265,     0.000,     0.000,     0.000,     0.000,     0.000,     0.000,     0.000,        35.000,         0.010,     0.230,     0.001,     0.018,     0.104,         1.000,         1.000,         1.000,         1.000,         1.000,         1.000,         1.000,         1.000,         1.000,         0.000,         0.000,         0.000,
    16.486,     1.000,     1.671,    24.213,    -0.132,    -7.723,     0.000,     0.450,     1.071,     9.130,     1.000,    24.214,     0.000,     0.000,     0.000,     0.000,     0.000,     0.000,     0.000,        35.000,         0.010,     0.230,     0.001,     0.018,     0.104,         1.000,         1.000,         1.000,         1.000,         1.000,         1.000,         1.000,         1.000,         1.000,         0.000,         0.000,         0.000,
    16.490,     1.000,     1.688,    24.202,    -0.130,    -8.133,     0.000,     0.450,     1.088,     9.130,     1.000,    24.202,     0.000,     0.000,     0.000,     0.000,     0.000,     0.000,     0.000,        35.000,         0.010,     0.230,     0.001,     0.018,     0.104,         1.000,         1.000,         1.000,         1.000,         1.000,         1.000,         1.000,         1.000,         1.000,         0.000,         0.000,         0.000,
    16.494,     1.000,     1.710,    24.201,    -0.135,    -8.705,     0.000,     0.450,     1.110,     9.130,     1.000,    24.201,     0.000,     0.000,     0.000,     0.000,     0.000,     0.000,     0.000,        35.000,         0.010,     0.230,     0.001,     0.018,     0.104,         1.000,         1.000,         1.000,         1.000,         1.000,         1.000,         1.000,         1.000,         1.000,         0.000,         0.000,         0.000,
    16.498,     1.000,     1.724,    24.200,    -0.137,    -8.986,     0.000,     0.450,     1.124,     9.130,     1.000,    24.200,     0.000,     0.000,     0.000,     0.000,     0.000,     0.000,     0.000,        35.000,         0.010,     0.230,     0.001,     0.018,     0.104,         1.000,         1.000,         1.000,         1.000,         1.000,         1.000,         1.000,         1.000,         1.000,         0.000,         0.000,         0.000,
    16.503,     1.000,     1.726,    24.199,    -0.135,    -8.871,     0.000,     0.450,     1.126,     9.130,     1.000,    24.199,     0.000,     0.000,     0.000,     0.000,     0.000,     0.000,     0.000,        35.000,         0.010,     0.230,     0.001,     0.018,     0.104,         1.000,         1.000,         1.000,         1.000,         1.000,         1.000,         1.000,         1.000,         1.000,         0.000,         0.000,         0.000,
    16.507,     1.033,     1.730,    24.194,    -0.129,    -8.805,     0.000,     0.450,     1.130,     9.130,     1.000,    24.194,     0.000,     0.000,     0.000,     0.000,     0.000,     0.000,     0.000,        35.000,         0.010,     0.230,     0.001,     0.018,     0.104,         1.000,         1.000,         1.000,         1.000,         1.000,         1.000,         1.000,         1.000,         1.000,         0.000,         0.000,         0.000,
    16.511,     1.161,     1.727,    24.188,    -0.120,    -8.496,     0.000,     0.450,     1.127,     9.130,     1.000,    24.188,     0.000,     0.000,     0.000,     0.000,     0.000,     0.000,     0.000,        35.000,         0.010,     0.230,     0.001,     0.018,     0.104,         1.000,         1.000,         1.000,         1.000,         1.000,         1.000,         1.000,         1.000,         1.000,         0.000,         0.000,         0.000,
    16.515,     1.361,     1.723,    24.178,    -0.115,    -8.114,     0.000,     0.450,     1.123,     9.130,     1.000,    24.181,     0.000,     0.000,     0.000,     0.000,     0.000,     0.000,     0.000,        35.000,         0.010,     0.230,     0.001,     0.018,     0.104,         1.000,         1.000,         1.000,         1.000,         1.000,         1.000,         1.000,         1.000,         1.000,         0.000,         0.000,         0.000,
    16.519,     1.682,     1.720,    24.153,    -0.109,    -7.715,     0.000,     0.450,     1.120,     9.130,     1.000,    24.167,     0.000,     0.000,     0.000,     0.000,     0.000,     0.000,     0.000,        35.000,         0.010,     0.230,     0.001,     0.018,     0.104,         1.000,         1.000,         1.000,         1.000,         1.000,         1.000,         1.000,         1.000,         1.000,         0.000,         0.000,         0.000,
    16.523,     2.000,     1.711,    24.109,    -0.100,    -7.038,     0.000,     0.450,     1.111,     9.130,     1.000,    24.143,     0.000,     0.000,     0.000,     0.000,     0.000,     0.000,     0.000,        35.000,         0.010,     0.230,     0.001,     0.018,     0.104,         1.000,         1.000,         1.000,         1.000,         1.000,         1.000,         1.000,         1.000,         1.000,         0.000,         0.000,         0.000,
    16.528,     2.000,     1.706,    24.066,    -0.093,    -6.438,     0.000,     0.450,     1.106,     9.130,     1.000,    24.126,     0.000,     0.000,     0.000,     0.000,     0.000,     0.000,     0.000,        35.000,         0.010,     0.230,     0.001,     0.018,     0.104,         1.000,         1.000,         1.000,         1.000,         1.000,         1.000,         1.000,         1.000,         1.000,         0.000,         0.000,         0.000,
    16.532,     2.000,     1.708,    24.064,    -0.089,    -6.179,     0.000,     0.450,     1.108,     9.130,     1.000,    24.126,     0.000,     0.000,     0.000,     0.000,     0.000,     0.000,     0.000,        35.000,         0.010,     0.230,     0.001,     0.018,     0.104,         1.000,         1.000,         1.000,         1.000,         1.000,         1.000,         1.000,         1.000,         1.000,         0.000,         0.000,         0.000,
    16.536,     2.000,     1.709,    24.072,    -0.085,    -5.921,     0.000,     0.450,     1.109,     9.130,     1.000,    24.137,     0.000,     0.000,     0.000,     0.000,     0.000,     0.000,     0.000,        35.000,         0.010,     0.230,     0.001,     0.018,     0.104,         1.000,         1.000,         1.000,         1.000,         1.000,         1.000,         1.000,         1.000,         1.000,         0.000,         0.000,         0.000,
    16.540,     2.000,     1.710,    24.085,    -0.080,    -5.580,     0.000,     0.450,     1.110,     9.130,     1.000,    24.145,     0.000,     0.000,     0.000,     0.000,     0.000,     0.000,     0.000,        35.000,         0.010,     0.230,     0.001,     0.018,     0.104,         1.000,         1.000,         1.000,         1.000,         1.000,         1.000,         1.000,         1.000,         1.000,         0.000,         0.000,         0.000,
    16.544,     2.000,     1.692,    24.087,    -0.060,    -4.258,     0.000,     0.450,     1.092,     9.130,     1.000,    24.139,     0.000,     0.000,     0.000,     0.000,     0.000,     0.000,     0.000,        35.000,         0.010,     0.230,     0.001,     0.018,     0.104,         1.000,         1.000,         1.000,         1.000,         1.000,         1.000,         1.000,         1.000,         1.000,         0.000,         0.000,         0.000,
    16.548,     2.000,     1.663,    24.154,    -0.014,    -1.260,     0.000,     0.450,     1.063,     9.130,     1.000,    24.167,     0.000,     0.000,     0.000,     0.000,     0.000,     0.000,     0.000,        35.000,         0.010,     0.230,     0.001,     0.018,     0.104,         1.000,         1.000,         1.000,         1.000,         1.000,         1.000,         1.000,         1.000,         1.000,         0.000,         0.000,         0.000,
    16.553,     2.000,     1.643,    24.138,     0.060,     3.452,     0.000,     0.450,     1.043,     9.130,     1.000,    24.138,     0.000,     0.000,     0.000,     0.000,     0.000,     0.000,     0.000,        34.980,         0.010,     0.230,     0.001,     0.018,     0.104,         1.000,         1.000,         1.000,         1.000,         1.000,         1.000,         1.000,         1.000,         1.000,         0.000,         0.000,         0.000,
    16.557,     2.000,     1.627,    24.135,     0.082,     5.125,     0.000,     0.450,     1.027,     9.130,     1.000,    24.135,     0.000,     0.000,     0.000,     0.000,     0.000,     0.000,     0.000,        34.987,         0.010,     0.230,     0.001,     0.018,     0.104,         1.000,         1.000,         1.000,         1.000,         1.000,         1.000,         1.000,         1.000,         1.000,         0.000,         0.000,         0.000,
    16.561,     2.000,     1.618,    24.140,     0.084,     5.188,     0.000,     0.450,     1.018,     9.130,     1.000,    24.140,     0.000,     0.000,     0.000,     0.000,     0.000,     0.000,     0.000,        34.989,         0.010,     0.230,     0.001,     0.018,     0.104,         1.000,         1.000,         1.000,         1.000,         1.000,         1.000,         1.000,         1.000,         1.000,         0.000,         0.000,         0.000,
    16.565,     2.000,     1.604,    24.128,     0.090,     5.443,     0.000,     0.450,     1.004,     9.130,     1.000,    24.128,     0.000,     0.000,     0.000,     0.000,     0.000,     0.000,     0.000,        34.989,         0.010,     0.230,     0.001,     0.018,     0.104,         1.000,         1.000,         1.000,         1.000,         1.000,         1.000,         1.000,         1.000,         1.000,         0.000,         0.000,         0.000,
    17.516,     1.000,     1.605,    24.408,    -0.116,    -6.305,     0.000,     0.450,     1.005,     9.130,     1.000,    24.408,     0.000,     0.000,     0.000,     0.000,     0.000,     0.000,     0.000,        35.000,         0.010,     0.231,     0.001,     0.018,     0.104,         1.000,         1.000,         1.000,         1.000,         1.000,         1.000,         1.000,         1.000,         1.000,         0.000,         0.000,         0.000,
    17.520,     1.000,     1.623,    24.403,    -0.121,    -6.742,     0.000,     0.450,     1.023,     9.130,     1.000,    24.403,     0.000,     0.000,     0.000,     0.000,     0.000,     0.000,     0.000,        35.000,         0.010,     0.231,     0.001,     0.018,     0.104,         1.000,         1.000,         1.000,         1.000,         1.000,         1.000,         1.000,         1.000,         1.000,         0.000,         0.000,         0.000,
    17.524,     1.034,     1.618,    24.404,    -0.116,    -6.450,     0.000,     0.450,     1.018,     9.130,     1.000,    24.404,     0.000,     0.000,     0.000,     0.000,     0.000,     0.000,     0.000,        35.000,         0.010,     0.231,     0.001,     0.018,     0.104,         1.000,         1.000,         1.000,         1.000,         1.000,         1.000,         1.000,         1.000,         1.000,         0.000,         0.000,         0.000,
    17.528,     1.137,     1.606,    24.404,    -0.109,    -5.959,     0.000,     0.450,     1.006,     9.130,     1.000,    24.407,     0.000,     0.000,     0.000,     0.000,     0.000,     0.000,     0.000,        35.000,         0.010,     0.231,     0.001,     0.018,     0.104,         1.000,         1.000,         1.000,         1.000,         1.000,         1.000,         1.000,         1.000,         1.000,         0.000,         0.000,         0.000,
    17.533,     1.192,     1.606,    24.369,    -0.100,    -5.817,     0.000,     0.450,     1.006,     9.130,     1.000,    24.395,     0.000,     0.000,     0.000,     0.000,     0.000,     0.000,     0.000,        35.000,         0.010,     0.231,     0.001,     0.018,     0.104,         1.000,         1.000,         1.000,         1.000,         1.000,         1.000,         1.000,         1.000,         1.000,         0.000,         0.000,         0.000,
    17.537,     1.196,     1.618,    24.400,    -0.103,    -6.042,     0.000,     0.450,     1.018,     9.130,     1.000,    24.401,     0.000,     0.000,     0.000,     0.000,     0.000,     0.000,     0.000,        35.000,         0.010,     0.231,     0.001,     0.018,     0.104,         1.000,         1.000,         1.000,         1.000,         1.000,         1.000,         1.000,         1.000,         1.000,         0.000,         0.000,         0.000,
    17.541,     1.171,     1.634,    24.400,    -0.108,    -6.418,     0.000,     0.450,     1.034,     9.130,     1.000,    24.400,     0.000,     0.000,     0.000,     0.000,     0.000,     0.000,     0.000,        35.000,         0.010,     0.231,     0.001,     0.018,     0.104,         1.000,         1.000,         1.000,         1.000,         1.000,         1.000,         1.000,         1.000,         1.000,         0.000,         0.000,         0.000,
    17.545,     1.176,     1.645,    24.400,    -0.110,    -6.656,     0.000,     0.450,     1.045,     9.130,     1.000,    24.400,     0.000,     0.000,     0.000,     0.000,     0.000,     0.000,     0.000,        35.000,         0.010,     0.231,     0.001,     0.018,     0.104,         1.000,         1.000,         1.000,         1.000,         1.000,         1.000,         1.000,         1.000,         1.000,         0.000,         0.000,         0.000,
    17.549,     1.293,     1.641,    24.399,    -0.105,    -6.333,     0.000,     0.450,     1.041,     9.130,     1.000,    24.400,     0.000,     0.000,     0.000,     0.000,     0.000,     0.000,     0.000,        35.000,         0.010,     0.231,     0.001,     0.018,     0.104,         1.000,         1.000,         1.000,         1.000,         1.000,         1.000,         1.000,         1.000,         1.000,         0.000,         0.000,         0.000,
    17.553,     1.429,     1.641,    24.362,    -0.102,    -6.139,     0.000,     0.450,     1.041,     9.130,     1.000,    24.386,     0.000,     0.000,     0.000,     0.000,     0.000,     0.000,     0.000,        35.000,         0.010,     0.231,     0.001,     0.018,     0.104,         1.000,         1.000,         1.000,         1.000,         1.000,         1.000,         1.000,         1.000,         1.000,         0.000,         0.000,         0.000,
    17.558,     1.726,     1.639,    24.359,    -0.097,    -5.838,     0.000,     0.450,     1.039,     9.130,     1.000,    24.381,     0.000,     0.000,     0.000,     0.000,     0.000,     0.000,     0.000,        35.000,         0.010,     0.231,     0.001,     0.018,     0.104,         1.000,         1.000,         1.000,         1.000,         1.000,         1.000,         1.000,         1.000,         1.000,         0.000,         0.000,         0.000,
    17.562,     2.000,     1.639,    24.392,    -0.093,    -5.586,     0.000,     0.450,     1.039,     9.130,     1.000,    24.394,     0.000,     0.000,     0.000,     0.000,     0.000,     0.000,     0.000,        35.000,         0.010,     0.231,     0.001,     0.018,     0.104,         1.000,         1.000,         1.000,         1.000,         1.000,         1.000,         1.000,         1.000,         1.000,         0.000,         0.000,         0.000,
    17.566,     2.000,     1.642,    24.386,    -0.086,    -5.467,     0.000,     0.450,     1.042,     9.130,     1.000,    24.394,     0.000,     0.000,     0.000,     0.000,     0.000,     0.000,     0.000,        35.000,         0.010,     0.231,     0.001,     0.018,     0.104,         1.000,         1.000,         1.000,         1.000,         1.000,         1.000,         1.000,         1.000,         1.000,         0.000,         0.000,         0.000,
    17.570,     2.000,     1.628,    24.359,    -0.072,    -4.674,     0.000,     0.450,     1.028,     9.130,     1.000,    24.382,     0.000,     0.000,     0.000,     0.000,     0.000,     0.000,     0.000,        35.000,         0.010,     0.231,     0.001,     0.018,     0.104,         1.000,         1.000,         1.000,         1.000,         1.000,         1.000,         1.000,         1.000,         1.000,         0.000,         0.000,         0.000,
    17.574,     2.000,     1.636,    24.329,    -0.073,    -4.661,     0.000,     0.450,     1.036,     9.130,     1.000,    24.368,     0.000,     0.000,     0.000,     0.000,     0.000,     0.000,     0.000,        34.999,         0.010,     0.231,     0.001,     0.018,     0.104,         1.000,         1.000,         1.000,         1.000,         1.000,         1.000,         1.000,         1.000,         1.000,         0.000,         0.000,         0.000,
    17.578,     2.000,     1.650,    24.365,    -0.077,    -5.020,     0.000,     0.450,     1.050,     9.130,     1.000,    24.387,     0.000,     0.000,     0.000,     0.000,     0.000,     0.000,     0.000,        35.000,         0.010,     0.231,     0.001,     0.018,     0.104,         1.000,         1.000,         1.000,         1.000,         1.000,         1.000,         1.000,         1.000,         1.000,         0.000,         0.000,         0.000,
    17.583,     2.000,     1.650,    24.386,    -0.074,    -4.885,     0.000,     0.450,     1.050,     9.130,     1.000,    24.394,     0.000,     0.000,     0.000,     0.000,     0.000,     0.000,     0.000,        35.000,         0.010,     0.231,     0.001,     0.018,     0.104,         1.000,         1.000,         1.000,         1.000,         1.000,         1.000,         1.000,         1.000,         1.000,         0.000,         0.000,         0.000,
    17.587,     2.000,     1.641,    24.364,    -0.062,    -4.044,     0.000,     0.450,     1.041,     9.130,     1.000,    24.384,     0.000,     0.000,     0.000,     0.000,     0.000,     0.000,     0.000,        35.000,         0.010,     0.231,     0.001,     0.018,     0.104,         1.000,         1.000,         1.000,         1.000,         1.000,         1.000,         1.000,         1.000,         1.000,         0.000,         0.000,         0.000,
    17.591,     2.000,     1.610,    24.348,    -0.027,    -1.988,     0.000,     0.450,     1.010,     9.130,     1.000,    24.376,     0.000,     0.000,     0.000,     0.000,     0.000,     0.000,     0.000,        34.999,         0.010,     0.231,     0.001,     0.018,     0.104,         1.000,         1.000,         1.000,         1.000,         1.000,         1.000,         1.000,         1.000,         1.000,         0.000,         0.000,         0.000,
    18.613,     1.602,     1.606,    24.499,    -0.111,    -6.377,     0.000,     0.450,     1.006,     9.130,     1.000,    24.500,     0.000,     0.000,     0.000,     0.000,     0.000,     0.000,     0.000,        35.000,         0.010,     0.232,     0.001,     0.019,     0.104,         1.000,         1.000,         1.000,         1.000,         1.000,         1.000,         1.000,         1.000,         1.000,         0.000,         0.000,         0.000,
    18.617,     1.603,     1.619,    24.500,    -0.114,    -6.654,     0.000,     0.450,     1.019,     9.130,     1.000,    24.500,     0.000,     0.000,     0.000,     0.000,     0.000,     0.000,     0.000,        35.000,         0.010,     0.232,     0.001,     0.019,     0.104,         1.000,         1.000,         1.000,         1.000,         1.000,         1.000,         1.000,         1.000,         1.000,         0.000,         0.000,         0.000,
    18.621,     2.000,     1.612,    24.496,    -0.108,    -6.283,     0.000,     0.450,     1.012,     9.130,     1.000,    24.498,     0.000,     0.000,     0.000,     0.000,     0.000,     0.000,     0.000,        35.000,         0.010,     0.232,     0.001,     0.019,     0.104,         1.000,         1.000,         1.000,         1.000,         1.000,         1.000,         1.000,         1.000,         1.000,         0.000,         0.000,         0.000,
    19.647,     1.072,     1.615,    24.222,    -0.135,    -7.431,     0.000,     0.450,     1.015,     9.130,     1.000,    24.222,     0.000,     0.000,     0.000,     0.000,     0.000,     0.000,     0.000,        35.000,         0.010,     0.233,     0.001,     0.019,     0.105,         1.000,         1.000,         1.000,         1.000,         1.000,         1.000,         1.000,         1.000,         1.000,         0.000,         0.000,         0.000,
    19.651,     1.245,     1.618,    24.221,    -0.127,    -7.413,     0.000,     0.450,     1.018,     9.130,     1.000,    24.221,     0.000,     0.000,     0.000,     0.000,     0.000,     0.000,     0.000,        35.000,         0.010,     0.233,     0.001,     0.019,     0.105,         1.000,         1.000,         1.000,         1.000,         1.000,         1.000,         1.000,         1.000,         1.000,         0.000,         0.000,         0.000,
    19.676,     2.000,     1.608,    24.205,    -0.115,    -6.675,     0.000,     0.450,     1.008,     9.130,     1.000,    24.205,     0.000,     0.000,     0.000,     0.000,     0.000,     0.000,     0.000,        35.000,         0.010,     0.233,     0.001,     0.019,     0.105,         1.000,         1.000,         1.000,         1.000,         1.000,         1.000,         1.000,         1.000,         1.000,         0.000,         0.000,         0.000,
    20.668,     1.000,     1.610,    24.046,    -0.138,    -7.550,     0.000,     0.450,     1.010,     9.130,     1.000,    24.067,     0.000,     0.000,     0.000,     0.000,     0.000,     0.000,     0.000,        35.000,         0.010,     0.234,     0.001,     0.019,     0.105,         1.000,         1.000,         1.000,         1.000,         1.000,         1.000,         1.000,         1.000,         1.000,         0.000,         0.000,         0.000,
    20.673,     1.022,     1.611,    24.038,    -0.137,    -7.495,     0.000,     0.450,     1.011,     9.130,     1.000,    24.059,     0.000,     0.000,     0.000,     0.000,     0.000,     0.000,     0.000,        35.000,         0.010,     0.234,     0.001,     0.019,     0.105,         1.000,         1.000,         1.000,         1.000,         1.000,         1.000,         1.000,         1.000,         1.000,         0.000,         0.000,         0.000,
    20.689,     1.146,     1.612,    24.069,    -0.127,    -7.339,     0.000,     0.450,     1.012,     9.130,     1.000,    24.075,     0.000,     0.000,     0.000,     0.000,     0.000,     0.000,     0.000,        35.000,         0.010,     0.234,     0.001,     0.019,     0.105,         1.000,         1.000,         1.000,         1.000,         1.000,         1.000,         1.000,         1.000,         1.000,         0.000,         0.000,         0.000,
    20.693,     1.000,     1.649,    24.053,    -0.135,    -8.166,     0.000,     0.450,     1.049,     9.130,     1.000,    24.056,     0.000,     0.000,     0.000,     0.000,     0.000,     0.000,     0.000,        35.000,         0.010,     0.234,     0.001,     0.019,     0.105,         1.000,         1.000,         1.000,         1.000,         1.000,         1.000,         1.000,         1.000,         1.000,         0.000,         0.000,         0.000,
    20.698,     1.000,     1.680,    24.044,    -0.142,    -8.879,     0.000,     0.450,     1.080,     9.130,     1.000,    24.049,     0.000,     0.000,     0.000,     0.000,     0.000,     0.000,     0.000,        35.000,         0.010,     0.234,     0.001,     0.019,     0.105,         1.000,         1.000,         1.000,         1.000,         1.000,         1.000,         1.000,         1.000,         1.000,         0.000,         0.000,         0.000,
    20.702,     1.006,     1.681,    24.042,    -0.141,    -8.806,     0.000,     0.450,     1.081,     9.130,     1.000,    24.049,     0.000,     0.000,     0.000,     0.000,     0.000,     0.000,     0.000,        35.000,         0.010,     0.234,     0.001,     0.019,     0.105,         1.000,         1.000,         1.000,         1.000,         1.000,         1.000,         1.000,         1.000,         1.000,         0.000,         0.000,         0.000,
    20.706,     1.194,     1.678,    24.044,    -0.140,    -8.679,     0.000,     0.450,     1.078,     9.130,     1.000,    24.050,     0.000,     0.000,     0.000,     0.000,     0.000,     0.000,     0.000,        35.000,         0.010,     0.234,     0.001,     0.019,     0.105,         1.000,         1.000,         1.000,         1.000,         1.000,         1.000,         1.000,         1.000,         1.000,         0.000,         0.000,         0.000,
    20.710,     1.613,     1.662,    24.040,    -0.132,    -8.109,     0.000,     0.450,     1.062,     9.130,     1.000,    24.046,     0.000,     0.000,     0.000,     0.000,     0.000,     0.000,     0.000,        35.000,         0.010,     0.234,     0.001,     0.019,     0.105,         1.000,         1.000,         1.000,         1.000,         1.000,         1.000,         1.000,         1.000,         1.000,         0.000,         0.000,         0.000,
    20.714,     2.000,     1.639,    23.938,    -0.123,    -7.352,     0.000,     0.450,     1.039,     9.130,     1.000,    24.002,     0.000,     0.000,     0.000,     0.000,     0.000,     0.000,     0.000,        35.000,         0.010,     0.234,     0.001,     0.019,     0.105,         1.000,         1.000,         1.000,         1.000,         1.000,         1.000,         1.000,         1.000,         1.000,         0.000,         0.000,         0.000,
    20.718,     2.000,     1.651,    23.903,    -0.126,    -7.631,     0.000,     0.450,     1.051,     9.130,     1.000,    23.944,     0.000,     0.000,     0.000,     0.000,     0.000,     0.000,     0.000,        35.000,         0.010,     0.234,     0.001,     0.019,     0.105,         1.000,         1.000,         1.000,         1.000,         1.000,         1.000,         1.000,         1.000,         1.000,         0.000,         0.000,         0.000,
    20.723,     1.698,     1.679,    24.040,    -0.134,    -8.360,     0.000,     0.450,     1.079,     9.130,     1.000,    24.043,     0.000,     0.000,     0.000,     0.000,     0.000,     0.000,     0.000,        35.000,         0.010,     0.234,     0.001,     0.019,     0.105,         1.000,         1.000,         1.000,         1.000,         1.000,         1.000,         1.000,         1.000,         1.000,         0.000,         0.000,         0.000,
    20.727,     1.883,     1.697,    24.021,    -0.139,    -8.808,     0.000,     0.450,     1.097,     9.130,     1.000,    24.021,     0.000,     0.000,     0.000,     0.000,     0.000,     0.000,     0.000,        35.000,         0.010,     0.234,     0.001,     0.019,     0.105,         1.000,         1.000,         1.000,         1.000,         1.000,         1.000,         1.000,         1.000,         1.000,         0.000,         0.000,         0.000,
    20.731,     2.000,     1.700,    24.002,    -0.137,    -8.736,     0.000,     0.450,     1.100,     9.130,     1.000,    24.002,     0.000,     0.000,     0.000,     0.000,     0.000,     0.000,     0.000,        35.000,         0.010,     0.234,     0.001,     0.019,     0.105,         1.000,         1.000,         1.000,         1.000,         1.000,         1.000,         1.000,         1.000,         1.000,         0.000,         0.000,         0.000,
    20.735,     2.000,     1.672,    23.999,    -0.123,    -7.668,     0.000,     0.450,     1.072,     9.130,     1.000,    24.021,     0.000,     0.000,     0.000,     0.000,     0.000,     0.000,     0.000,        35.000,         0.010,     0.234,     0.001,     0.019,     0.105,         1.000,         1.000,         1.000,         1.000,         1.000,         1.000,         1.000,         1.000,         1.000,         0.000,         0.000,         0.000,
    20.739,     2.000,     1.651,    23.912,    -0.112,    -6.845,     0.000,     0.450,     1.051,     9.130,     1.000,    23.980,     0.000,     0.000,     0.000,     0.000,     0.000,     0.000,     0.000,        35.000,         0.010,     0.234,     0.001,     0.019,     0.105,         1.000,         1.000,         1.000,         1.000,         1.000,         1.000,         1.000,         1.000,         1.000,         0.000,         0.000,         0.000,
    20.743,     2.000,     1.641,    23.913,    -0.105,    -6.313,     0.000,     0.450,     1.041,     9.130,     1.000,    23.962,     0.000,     0.000,     0.000,     0.000,     0.000,     0.000,     0.000,        35.000,         0.010,     0.234,     0.001,     0.019,     0.105,         1.000,         1.000,         1.000,         1.000,         1.000,         1.000,         1.000,         1.000,         1.000,         0.000,         0.000,         0.000,
    20.748,     2.000,     1.645,    23.990,    -0.104,    -6.236,     0.000,     0.450,     1.045,     9.130,     1.000,    23.997,     0.000,     0.000,     0.000,     0.000,     0.000,     0.000,     0.000,        35.000,         0.010,     0.234,     0.001,     0.019,     0.105,         1.000,         1.000,         1.000,         1.000,         1.000,         1.000,         1.000,         1.000,         1.000,         0.000,         0.000,         0.000,
    20.752,     2.000,     1.653,    23.983,    -0.104,    -6.319,     0.000,     0.450,     1.053,     9.130,     1.000,    23.989,     0.000,     0.000,     0.000,     0.000,     0.000,     0.000,     0.000,        35.000,         0.010,     0.234,     0.001,     0.019,     0.105,         1.000,         1.000,         1.000,         1.000,         1.000,         1.000,         1.000,         1.000,         1.000,         0.000,         0.000,         0.000,
    20.756,     2.000,     1.633,    23.970,    -0.089,    -5.336,     0.000,     0.450,     1.033,     9.130,     1.000,    23.987,     0.000,     0.000,     0.000,     0.000,     0.000,     0.000,     0.000,        35.000,         0.010,     0.234,     0.001,     0.019,     0.105,         1.000,         1.000,         1.000,         1.000,         1.000,         1.000,         1.000,         1.000,         1.000,         0.000,         0.000,         0.000,
    20.760,     2.000,     1.613,    23.921,    -0.066,    -4.216,     0.000,     0.450,     1.013,     9.130,     1.000,    23.984,     0.000,     0.000,     0.000,     0.000,     0.000,     0.000,     0.000,        35.000,         0.010,     0.234,     0.001,     0.019,     0.105,         1.000,         1.000,         1.000,         1.000,         1.000,         1.000,         1.000,         1.000,         1.000,         0.000,         0.000,         0.000,
    21.707,     1.000,     1.600,    23.497,    -0.164,    -7.093,     0.000,     0.450,     1.000,     9.130,     1.000,    23.497,     0.000,     0.000,     0.000,     0.000,     0.000,     0.000,     0.000,        35.000,         0.010,     0.235,     0.001,     0.019,     0.106,         1.000,         1.000,         1.000,         1.000,         1.000,         1.000,         1.000,         1.000,         1.000,         0.000,         0.000,         0.000,
    21.711,     1.000,     1.620,    23.493,    -0.168,    -7.487,     0.000,     0.450,     1.020,     9.130,     1.000,    23.495,     0.000,     0.000,     0.000,     0.000,     0.000,     0.000,     0.000,        35.000,         0.010,     0.235,     0.001,     0.019,     0.106,         1.000,         1.000,         1.000,         1.000,         1.000,         1.000,         1.000,         1.000,         1.000,         0.000,         0.000,         0.000,
    21.715,     1.000,     1.645,    23.478,    -0.172,    -7.960,     0.000,     0.450,     1.045,     9.130,     1.000,    23.485,     0.000,     0.000,     0.000,     0.000,     0.000,     0.000,     0.000,        35.000,         0.010,     0.235,     0.001,     0.019,     0.106,         1.000,         1.000,         1.000,         1.000,         1.000,         1.000,         1.000,         1.000,         1.000,         0.000,         0.000,         0.000,
    21.719,     1.000,     1.663,    23.426,    -0.176,    -8.337,     0.000,     0.450,     1.063,     9.130,     1.000,    23.451,     0.000,     0.000,     0.000,     0.000,     0.000,     0.000,     0.000,        35.000,         0.010,     0.235,     0.001,     0.019,     0.106,         1.000,         1.000,         1.000,         1.000,         1.000,         1.000,         1.000,         1.000,         1.000,         0.000,         0.000,         0.000,
    21.723,     1.000,     1.683,    23.362,    -0.180,    -8.791,     0.000,     0.450,     1.083,     9.130,     1.000,    23.399,     0.000,     0.000,     0.000,     0.000,     0.000,     0.000,     0.000,        35.000,         0.010,     0.235,     0.001,     0.019,     0.106,         1.000,         1.000,         1.000,         1.000,         1.000,         1.000,         1.000,         1.000,         1.000,         0.000,         0.000,         0.000,
    21.728,     1.000,     1.698,    23.352,    -0.171,    -9.224,     0.000,     0.450,     1.098,     9.130,     1.000,    23.380,     0.000,     0.000,     0.000,     0.000,     0.000,     0.000,     0.000,        35.000,         0.010,     0.235,     0.001,     0.019,     0.106,         1.000,         1.000,         1.000,         1.000,         1.000,         1.000,         1.000,         1.000,         1.000,         0.000,         0.000,         0.000,
    21.732,     1.000,     1.699,    23.349,    -0.170,    -9.147,     0.000,     0.450,     1.099,     9.130,     1.000,    23.364,     0.000,     0.000,     0.000,     0.000,     0.000,     0.000,     0.000,        35.000,         0.010,     0.235,     0.001,     0.019,     0.106,         1.000,         1.000,         1.000,         1.000,         1.000,         1.000,         1.000,         1.000,         1.000,         0.000,         0.000,         0.000,
    21.736,     1.000,     1.695,    23.352,    -0.167,    -8.948,     0.000,     0.450,     1.095,     9.130,     1.000,    23.366,     0.000,     0.000,     0.000,     0.000,     0.000,     0.000,     0.000,        35.000,         0.010,     0.235,     0.001,     0.019,     0.106,         1.000,         1.000,         1.000,         1.000,         1.000,         1.000,         1.000,         1.000,         1.000,         0.000,         0.000,         0.000,
    21.740,     1.000,     1.696,    23.360,    -0.166,    -8.880,     0.000,     0.450,     1.096,     9.130,     1.000,    23.372,     0.000,     0.000,     0.000,     0.000,     0.000,     0.000,     0.000,        35.000,         0.010,     0.235,     0.001,     0.019,     0.106,         1.000,         1.000,         1.000,         1.000,         1.000,         1.000,         1.000,         1.000,         1.000,         0.000,         0.000,         0.000,
    21.744,     1.000,     1.708,    23.379,    -0.168,    -9.149,     0.000,     0.450,     1.108,     9.130,     1.000,    23.384,     0.000,     0.000,     0.000,     0.000,     0.000,     0.000,     0.000,        35.000,         0.010,     0.235,     0.001,     0.019,     0.106,         1.000,         1.000,         1.000,         1.000,         1.000,         1.000,         1.000,         1.000,         1.000,         0.000,         0.000,         0.000,
    21.748,     1.000,     1.734,    23.409,    -0.175,    -9.831,     0.000,     0.450,     1.134,     9.130,     1.000,    23.409,     0.000,     0.000,     0.000,     0.000,     0.000,     0.000,     0.000,        35.000,         0.010,     0.235,     0.001,     0.019,     0.106,         1.000,         1.000,         1.000,         1.000,         1.000,         1.000,         1.000,         1.000,         1.000,         0.000,         0.000,         0.000,
    21.753,     1.000,     1.756,    23.421,    -0.179,   -10.350,     0.000,     0.450,     1.156,     9.130,     1.000,    23.422,     0.000,     0.000,     0.000,     0.000,     0.000,     0.000,     0.000,        35.000,         0.010,     0.235,     0.001,     0.019,     0.106,         1.000,         1.000,         1.000,         1.000,         1.000,         1.000,         1.000,         1.000,         1.000,         0.000,         0.000,         0.000,
    21.757,     1.000,     1.759,    23.416,    -0.177,   -10.304,     0.000,     0.450,     1.159,     9.130,     1.000,    23.419,     0.000,     0.000,     0.000,     0.000,     0.000,     0.000,     0.000,        35.000,         0.010,     0.235,     0.001,     0.019,     0.106,         1.000,         1.000,         1.000,         1.000,         1.000,         1.000,         1.000,         1.000,         1.000,         0.000,         0.000,         0.000,
    21.761,     1.206,     1.752,    23.409,    -0.173,    -9.915,     0.000,     0.450,     1.152,     9.130,     1.000,    23.413,     0.000,     0.000,     0.000,     0.000,     0.000,     0.000,     0.000,        35.000,         0.010,     0.235,     0.001,     0.019,     0.106,         1.000,         1.000,         1.000,         1.000,         1.000,         1.000,         1.000,         1.000,         1.000,         0.000,         0.000,         0.000,
    21.765,     1.889,     1.734,    23.393,    -0.163,    -9.151,     0.000,     0.450,     1.134,     9.130,     1.000,    23.402,     0.000,     0.000,     0.000,     0.000,     0.000,     0.000,     0.000,        35.000,         0.010,     0.236,     0.001,     0.019,     0.106,         1.000,         1.000,         1.000,         1.000,         1.000,         1.000,         1.000,         1.000,         1.000,         0.000,         0.000,         0.000,
    21.769,     3.000,     1.725,    23.385,    -0.157,    -8.607,     0.000,     0.450,     1.125,     9.130,     1.000,    23.393,     0.000,     0.000,     0.000,     0.000,     0.000,     0.000,     0.000,        35.000,         0.010,     0.236,     0.001,     0.019,     0.106,         1.000,         1.000,         1.000,         1.000,         1.000,         1.000,         1.000,         1.000,         1.000,         0.000,         0.000,         0.000,
    21.773,     3.000,     1.728,    23.408,    -0.119,    -8.394,     0.000,     0.450,     1.128,     9.130,     1.000,    23.410,     0.000,     0.000,     0.000,     0.000,     0.000,     0.000,     0.000,        35.000,         0.010,     0.236,     0.001,     0.019,     0.106,         1.000,         1.000,         1.000,         1.000,         1.000,         1.000,         1.000,         1.000,         1.000,         0.000,         0.000,         0.000,
    21.778,     3.000,     1.729,    23.408,    -0.116,    -8.210,     0.000,     0.450,     1.129,     9.130,     1.000,    23.410,     0.000,     0.000,     0.000,     0.000,     0.000,     0.000,     0.000,        35.000,         0.010,     0.236,     0.001,     0.019,     0.106,         1.000,         1.000,         1.000,         1.000,         1.000,         1.000,         1.000,         1.000,         1.000,         0.000,         0.000,         0.000,
    21.782,     3.000,     1.733,    23.404,    -0.117,    -8.262,     0.000,     0.450,     1.133,     9.130,     1.000,    23.406,     0.000,     0.000,     0.000,     0.000,     0.000,     0.000,     0.000,        35.000,         0.010,     0.236,     0.001,     0.019,     0.106,         1.000,         1.000,         1.000,         1.000,         1.000,         1.000,         1.000,         1.000,         1.000,         0.000,         0.000,         0.000,
    21.786,     3.000,     1.733,    23.401,    -0.113,    -8.066,     0.000,     0.450,     1.133,     9.130,     1.000,    23.403,     0.000,     0.000,     0.000,     0.000,     0.000,     0.000,     0.000,        35.000,         0.010,     0.236,     0.001,     0.019,     0.106,         1.000,         1.000,         1.000,         1.000,         1.000,         1.000,         1.000,         1.000,         1.000,         0.000,         0.000,         0.000,
    21.790,     3.000,     1.722,    23.398,    -0.104,    -7.379,     0.000,     0.450,     1.122,     9.130,     1.000,    23.401,     0.000,     0.000,     0.000,     0.000,     0.000,     0.000,     0.000,        35.000,         0.010,     0.236,     0.001,     0.019,     0.106,         1.000,         1.000,         1.000,         1.000,         1.000,         1.000,         1.000,         1.000,         1.000,         0.000,         0.000,         0.000,
    21.794,     3.000,     1.707,    23.397,    -0.091,    -6.338,     0.000,     0.450,     1.107,     9.130,     1.000,    23.401,     0.000,     0.000,     0.000,     0.000,     0.000,     0.000,     0.000,        35.000,         0.010,     0.236,     0.001,     0.019,     0.106,         1.000,         1.000,         1.000,         1.000,         1.000,         1.000,         1.000,         1.000,         1.000,         0.000,         0.000,         0.000,
    21.798,     2.933,     1.682,    23.408,    -0.068,    -4.712,     0.000,     0.450,     1.082,     9.130,     1.000,    23.447,     0.000,     0.000,     0.000,     0.000,     0.000,     0.000,     0.000,        35.000,         0.010,     0.236,     0.001,     0.019,     0.106,         1.000,         1.000,         1.000,         1.000,         1.000,         1.000,         1.000,         1.000,         1.000,         0.000,         0.000,         0.000,
    21.803,     2.044,     1.650,    23.473,    -0.026,    -2.019,     0.000,     0.450,     1.050,     9.130,     1.000,    23.659,     0.000,     0.000,     0.000,     0.000,     0.000,     0.000,     0.000,        34.999,         0.010,     0.236,     0.001,     0.019,     0.106,         1.000,         1.000,         1.000,         1.000,         1.000,         1.000,         1.000,         1.000,         1.000,         0.000,         0.000,         0.000,
    21.807,     1.847,     1.627,    23.561,     0.055,     2.694,     0.000,     0.450,     1.027,     9.130,     1.000,    23.693,     0.000,     0.000,     0.000,     0.000,     0.000,     0.000,     0.000,        34.985,         0.010,     0.236,     0.001,     0.019,     0.106,         1.000,         1.000,         1.000,         1.000,         1.000,         1.000,         1.000,         1.000,         1.000,         0.000,         0.000,         0.000,
    21.811,     1.924,     1.613,    23.443,     0.079,     4.756,     0.000,     0.450,     1.013,     9.130,     1.000,    23.443,     0.000,     0.000,     0.000,     0.000,     0.000,     0.000,     0.000,        34.985,         0.010,     0.236,     0.001,     0.019,     0.106,         1.000,         1.000,         1.000,         1.000,         1.000,         1.000,         1.000,         1.000,         1.000,         0.000,         0.000,         0.000,
