$T,,
,,
JDAY,EDH,2.134
1,1.8,
1.00416667,1.8,
1.00833333,1.8,
1.0125,1.8,
1.01666667,1.8,
1.02083333,1.8,
1.025,1.8,
1.02916667,1.8,
1.03333333,1.8,
1.0375,1.8,
1.04166667,1.8,
1.04583333,1.8,
1.05,1.8,
1.05416667,1.8,
1.05833333,1.8,
1.0625,1.8,
1.06666667,1.8,
1.07083333,1.8,
1.075,1.8,
1.07916667,1.8,
1.08333333,1.8,
1.0875,1.8,
1.09166667,1.8,
1.09583333,1.8,
1.1,1.8,
1.10416667,1.8,
1.10833333,1.8,
1.1125,1.8,
1.11666667,1.8,
1.12083333,1.8,
1.125,1.8,
1.12916667,1.8,
1.13333333,1.8,
1.1375,1.8,
1.14166667,1.8,
1.14583333,1.8,
1.15,1.8,
1.15416667,1.8,
1.15833333,1.8,
1.1625,1.8,
1.16666667,1.8,
1.17083333,1.8,
1.175,1.8,
1.17916667,1.8,
1.18333333,1.8,
1.1875,1.8,
1.19166667,1.8,
1.19583333,1.8,
1.2,1.8,
1.20416667,1.8,
1.20833333,1.509,
1.2125,1.5,
1.21666667,1.492,
1.22083333,1.501,
1.225,1.498,
1.22916667,1.507,
1.23333333,1.506,
1.2375,1.496,
1.24166667,1.475,
1.24583333,1.449,
1.25,1.434,
1.25416667,1.418,
1.25833333,1.414,
1.2625,1.395,
1.26666667,1.367,
1.27083333,1.342,
1.275,1.316,
1.27916667,1.285,
1.28333333,1.264,
1.2875,1.253,
1.29166667,1.231,
1.29583333,1.198,
1.3,1.157,
1.30416667,1.105,
1.30833333,1.054,
1.3125,1.021,
1.31666667,0.994,
1.32083333,0.976,
1.325,0.959,
1.32916667,0.93,
1.33333333,0.871,
1.3375,0.816,
1.34166667,0.776,
1.34583333,0.746,
1.35,0.715,
1.35416667,0.684,
1.35833333,0.638,
1.3625,0.59,
1.36666667,0.555,
1.37083333,0.519,
1.375,0.48,
1.37916667,0.434,
1.38333333,0.404,
1.3875,0.375,
1.39166667,0.339,
1.39583333,0.298,
1.4,0.252,
1.40416667,0.209,
1.40833333,0.172,
1.4125,0.143,
1.41666667,0.124,
1.42083333,0.093,
1.425,0.054,
1.42916667,0.02,
1.43333333,-0.021,
1.4375,-0.058,
1.44166667,-0.089,
1.44583333,-0.117,
1.45,-0.135,
1.45416667,-0.159,
1.45833333,-0.178,
1.4625,-0.197,
1.46666667,-0.225,
1.47083333,-0.244,
1.475,-0.262,
1.47916667,-0.273,
1.48333333,-0.283,
1.4875,-0.296,
1.49166667,-0.298,
1.49583333,-0.307,
1.5,-0.31,
1.50416667,-0.308,
1.50833333,-0.299,
1.5125,-0.3,
1.51666667,-0.3,
1.52083333,-0.294,
1.525,-0.281,
1.52916667,-0.263,
1.53333333,-0.239,
1.5375,-0.22,
1.54166667,-0.202,
1.54583333,-0.188,
1.55,-0.167,
1.55416667,-0.152,
1.55833333,-0.126,
1.5625,-0.094,
1.56666667,-0.07,
1.57083333,-0.033,
1.575,0.001,
1.57916667,0.038,
1.58333333,0.066,
1.5875,0.087,
1.59166667,0.117,
1.59583333,0.144,
1.6,0.187,
1.60416667,0.233,
1.60833333,0.27,
1.6125,0.305,
1.61666667,0.333,
1.62083333,0.367,
1.625,0.407,
1.62916667,0.453,
1.63333333,0.491,
1.6375,0.52,
1.64166667,0.553,
1.64583333,0.59,
1.65,0.633,
1.65416667,0.685,
1.65833333,0.731,
1.6625,0.767,
1.66666667,0.801,
1.67083333,0.835,
1.675,0.841,
1.67916667,0.863,
1.68333333,0.905,
1.6875,0.947,
1.69166667,0.999,
1.69583333,1.034,
1.7,1.074,
1.70416667,1.094,
1.70833333,1.118,
1.7125,1.131,
1.71666667,1.15,
1.72083333,1.182,
1.725,1.224,
1.72916667,1.247,
1.73333333,1.261,
1.7375,1.268,
1.74166667,1.273,
1.74583333,1.302,
1.75,1.326,
1.75416667,1.339,
1.75833333,1.347,
1.7625,1.353,
1.76666667,1.361,
1.77083333,1.362,
1.775,1.351,
1.77916667,1.351,
1.78333333,1.365,
1.7875,1.378,
1.79166667,1.366,
1.79583333,1.34,
1.8,1.312,
1.80416667,1.301,
1.80833333,1.3,
1.8125,1.299,
1.81666667,1.298,
1.82083333,1.29,
1.825,1.268,
1.82916667,1.232,
1.83333333,1.193,
1.8375,1.16,
1.84166667,1.149,
1.84583333,1.145,
1.85,1.12,
1.85416667,1.099,
1.85833333,1.073,
1.8625,1.054,
1.86666667,1.031,
1.87083333,0.99,
1.875,0.949,
1.87916667,0.917,
1.88333333,0.913,
1.8875,0.898,
1.89166667,0.866,
1.89583333,0.823,
1.9,0.794,
1.90416667,0.781,
1.90833333,0.776,
1.9125,0.754,
1.91666667,0.713,
1.92083333,0.68,
1.925,0.647,
1.92916667,0.619,
1.93333333,0.598,
1.9375,0.589,
1.94166667,0.58,
1.94583333,0.563,
1.95,0.547,
1.95416667,0.506,
1.95833333,0.479,
1.9625,0.46,
1.96666667,0.444,
1.97083333,0.438,
1.975,0.428,
1.97916667,0.427,
1.98333333,0.434,
1.9875,0.423,
1.99166667,0.403,
1.99583333,0.381,
2,0.359,
2.00416667,0.354,
2.00833333,0.368,
2.0125,0.381,
2.01666667,0.388,
2.02083333,0.398,
2.025,0.408,
2.02916667,0.409,
2.03333333,0.409,
2.0375,0.416,
2.04166667,0.43,
2.04583333,0.444,
2.05,0.46,
2.05416667,0.478,
2.05833333,0.506,
2.0625,0.528,
2.06666667,0.556,
2.07083333,0.578,
2.075,0.594,
2.07916667,0.621,
2.08333333,0.642,
2.0875,0.663,
2.09166667,0.682,
2.09583333,0.706,
2.1,0.747,
2.10416667,0.789,
2.10833333,0.827,
2.1125,0.854,
2.11666667,0.866,
2.12083333,0.882,
2.125,0.901,
2.12916667,0.94,
2.13333333,0.984,
2.1375,1.028,
2.14166667,1.064,
2.14583333,1.085,
2.15,1.105,
2.15416667,1.14,
2.15833333,1.184,
2.1625,1.204,
2.16666667,1.22,
2.17083333,1.238,
2.175,1.268,
2.17916667,1.319,
2.18333333,1.347,
2.1875,1.365,
2.19166667,1.375,
2.19583333,1.407,
2.2,1.439,
2.20416667,1.451,
2.20833333,1.464,
2.2125,1.473,
2.21666667,1.497,
2.22083333,1.526,
2.225,1.537,
2.22916667,1.559,
2.23333333,1.575,
2.2375,1.593,
2.24166667,1.585,
2.24583333,1.563,
2.25,1.554,
2.25416667,1.578,
2.25833333,1.6,
2.2625,1.605,
2.26666667,1.593,
2.27083333,1.57,
2.275,1.574,
2.27916667,1.561,
2.28333333,1.534,
2.2875,1.513,
2.29166667,1.491,
2.29583333,1.478,
2.3,1.478,
2.30416667,1.457,
2.30833333,1.426,
2.3125,1.395,
2.31666667,1.363,
2.32083333,1.328,
2.325,1.298,
2.32916667,1.275,
2.33333333,1.235,
2.3375,1.202,
2.34166667,1.16,
2.34583333,1.111,
2.35,1.076,
2.35416667,1.052,
2.35833333,1.015,
2.3625,0.963,
2.36666667,0.914,
2.37083333,0.859,
2.375,0.826,
2.37916667,0.799,
2.38333333,0.765,
2.3875,0.715,
2.39166667,0.672,
2.39583333,0.637,
2.4,0.587,
2.40416667,0.54,
2.40833333,0.494,
2.4125,0.446,
2.41666667,0.403,
2.42083333,0.371,
2.425,0.345,
2.42916667,0.31,
2.43333333,0.271,
2.4375,0.227,
2.44166667,0.173,
2.44583333,0.13,
2.45,0.1,
2.45416667,0.066,
2.45833333,0.025,
2.4625,-0.009,
2.46666667,-0.038,
2.47083333,-0.055,
2.475,-0.074,
2.47916667,-0.105,
2.48333333,-0.135,
2.4875,-0.172,
2.49166667,-0.21,
2.49583333,-0.225,
2.5,-0.237,
2.50416667,-0.256,
2.50833333,-0.263,
2.5125,-0.275,
2.51666667,-0.293,
2.52083333,-0.301,
2.525,-0.313,
2.52916667,-0.32,
2.53333333,-0.321,
2.5375,-0.323,
2.54166667,-0.31,
2.54583333,-0.291,
2.55,-0.268,
2.55416667,-0.254,
2.55833333,-0.249,
2.5625,-0.243,
2.56666667,-0.226,
2.57083333,-0.197,
2.575,-0.174,
2.57916667,-0.144,
2.58333333,-0.113,
2.5875,-0.082,
2.59166667,-0.049,
2.59583333,-0.019,
2.6,0.012,
2.60416667,0.048,
2.60833333,0.081,
2.6125,0.125,
2.61666667,0.166,
2.62083333,0.201,
2.625,0.233,
2.62916667,0.267,
2.63333333,0.31,
2.6375,0.348,
2.64166667,0.393,
2.64583333,0.441,
2.65,0.478,
2.65416667,0.528,
2.65833333,0.577,
2.6625,0.616,
2.66666667,0.664,
2.67083333,0.698,
2.675,0.738,
2.67916667,0.772,
2.68333333,0.805,
2.6875,0.865,
2.69166667,0.924,
2.69583333,0.969,
2.7,1.004,
2.70416667,1.031,
2.70833333,1.056,
2.7125,1.098,
2.71666667,1.147,
2.72083333,1.193,
2.725,1.231,
2.72916667,1.268,
2.73333333,1.308,
2.7375,1.335,
2.74166667,1.359,
2.74583333,1.36,
2.75,1.369,
2.75416667,1.402,
2.75833333,1.447,
2.7625,1.481,
2.76666667,1.504,
2.77083333,1.514,
2.775,1.517,
2.77916667,1.525,
2.78333333,1.532,
2.7875,1.52,
2.79166667,1.518,
2.79583333,1.52,
2.8,1.523,
2.80416667,1.537,
2.80833333,1.54,
2.8125,1.526,
2.81666667,1.52,
2.82083333,1.502,
2.825,1.477,
2.82916667,1.453,
2.83333333,1.436,
2.8375,1.408,
2.84166667,1.391,
2.84583333,1.375,
2.85,1.36,
2.85416667,1.339,
2.85833333,1.299,
2.8625,1.259,
2.86666667,1.226,
2.87083333,1.199,
2.875,1.177,
2.87916667,1.149,
2.88333333,1.121,
2.8875,1.105,
2.89166667,1.079,
2.89583333,1.034,
2.9,0.99,
2.90416667,0.949,
2.90833333,0.92,
2.9125,0.891,
2.91666667,0.854,
2.92083333,0.827,
2.925,0.801,
2.92916667,0.785,
2.93333333,0.762,
2.9375,0.719,
2.94166667,0.675,
2.94583333,0.631,
2.95,0.599,
2.95416667,0.569,
2.95833333,0.532,
2.9625,0.505,
2.96666667,0.487,
2.97083333,0.475,
2.975,0.453,
2.97916667,0.411,
2.98333333,0.358,
2.9875,0.313,
2.99166667,0.294,
2.99583333,0.287,
3,0.278,
3.00416667,0.253,
3.00833333,0.234,
3.0125,0.218,
3.01666667,0.21,
3.02083333,0.202,
3.025,0.174,
3.02916667,0.15,
3.03333333,0.136,
3.0375,0.129,
3.04166667,0.136,
3.04583333,0.14,
3.05,0.152,
3.05416667,0.165,
3.05833333,0.173,
3.0625,0.185,
3.06666667,0.189,
3.07083333,0.189,
3.075,0.204,
3.07916667,0.226,
3.08333333,0.252,
3.0875,0.283,
3.09166667,0.312,
3.09583333,0.344,
3.1,0.362,
3.10416667,0.389,
3.10833333,0.42,
3.1125,0.447,
3.11666667,0.478,
3.12083333,0.517,
3.125,0.551,
3.12916667,0.581,
3.13333333,0.623,
3.1375,0.662,
3.14166667,0.702,
3.14583333,0.73,
3.15,0.768,
3.15416667,0.805,
3.15833333,0.839,
3.1625,0.885,
3.16666667,0.921,
3.17083333,0.952,
3.175,0.996,
3.17916667,1.044,
3.18333333,1.091,
3.1875,1.12,
3.19166667,1.14,
3.19583333,1.161,
3.2,1.186,
3.20416667,1.235,
3.20833333,1.291,
3.2125,1.341,
3.21666667,1.373,
3.22083333,1.4,
3.225,1.419,
3.22916667,1.433,
3.23333333,1.445,
3.2375,1.465,
3.24166667,1.502,
3.24583333,1.535,
3.25,1.576,
3.25416667,1.587,
3.25833333,1.598,
3.2625,1.614,
3.26666667,1.633,
3.27083333,1.645,
3.275,1.64,
3.27916667,1.641,
3.28333333,1.635,
3.2875,1.642,
3.29166667,1.642,
3.29583333,1.63,
3.3,1.641,
3.30416667,1.647,
3.30833333,1.64,
3.3125,1.634,
3.31666667,1.598,
3.32083333,1.566,
3.325,1.55,
3.32916667,1.542,
3.33333333,1.518,
3.3375,1.49,
3.34166667,1.472,
3.34583333,1.446,
3.35,1.423,
3.35416667,1.398,
3.35833333,1.347,
3.3625,1.292,
3.36666667,1.249,
3.37083333,1.221,
3.375,1.197,
3.37916667,1.176,
3.38333333,1.137,
3.3875,1.088,
3.39166667,1.035,
3.39583333,0.986,
3.4,0.94,
3.40416667,0.89,
3.40833333,0.857,
3.4125,0.815,
3.41666667,0.769,
3.42083333,0.739,
3.425,0.693,
3.42916667,0.645,
3.43333333,0.6,
3.4375,0.55,
3.44166667,0.506,
3.44583333,0.46,
3.45,0.427,
3.45416667,0.387,
3.45833333,0.342,
3.4625,0.304,
3.46666667,0.264,
3.47083333,0.222,
3.475,0.188,
3.47916667,0.145,
3.48333333,0.106,
3.4875,0.063,
3.49166667,0.036,
3.49583333,0.016,
3.5,-0.009,
3.50416667,-0.032,
3.50833333,-0.052,
3.5125,-0.08,
3.51666667,-0.104,
3.52083333,-0.145,
3.525,-0.177,
3.52916667,-0.187,
3.53333333,-0.195,
3.5375,-0.195,
3.54166667,-0.187,
3.54583333,-0.194,
3.55,-0.205,
3.55416667,-0.213,
3.55833333,-0.22,
3.5625,-0.224,
3.56666667,-0.217,
3.57083333,-0.192,
3.575,-0.156,
3.57916667,-0.133,
3.58333333,-0.121,
3.5875,-0.115,
3.59166667,-0.111,
3.59583333,-0.09,
3.6,-0.062,
3.60416667,-0.018,
3.60833333,0.026,
3.6125,0.06,
3.61666667,0.093,
3.62083333,0.13,
3.625,0.161,
3.62916667,0.191,
3.63333333,0.22,
3.6375,0.247,
3.64166667,0.285,
3.64583333,0.34,
3.65,0.386,
3.65416667,0.418,
3.65833333,0.459,
3.6625,0.51,
3.66666667,0.561,
3.67083333,0.615,
3.675,0.643,
3.67916667,0.676,
3.68333333,0.71,
3.6875,0.745,
3.69166667,0.804,
3.69583333,0.857,
3.7,0.91,
3.70416667,0.972,
3.70833333,1.011,
3.7125,1.052,
3.71666667,1.089,
3.72083333,1.127,
3.725,1.169,
3.72916667,1.209,
3.73333333,1.251,
3.7375,1.302,
3.74166667,1.349,
3.74583333,1.389,
3.75,1.421,
3.75416667,1.45,
3.75833333,1.483,
3.7625,1.515,
3.76666667,1.539,
3.77083333,1.565,
3.775,1.604,
3.77916667,1.626,
3.78333333,1.641,
3.7875,1.654,
3.79166667,1.661,
3.79583333,1.684,
3.8,1.706,
3.80416667,1.698,
3.80833333,1.695,
3.8125,1.713,
3.81666667,1.71,
3.82083333,1.703,
3.825,1.7,
3.82916667,1.697,
3.83333333,1.696,
3.8375,1.687,
3.84166667,1.652,
3.84583333,1.619,
3.85,1.603,
3.85416667,1.582,
3.85833333,1.556,
3.8625,1.539,
3.86666667,1.53,
3.87083333,1.518,
3.875,1.486,
3.87916667,1.419,
3.88333333,1.376,
3.8875,1.355,
3.89166667,1.32,
3.89583333,1.278,
3.9,1.233,
3.90416667,1.189,
3.90833333,1.168,
3.9125,1.149,
3.91666667,1.103,
3.92083333,1.048,
3.925,0.997,
3.92916667,0.943,
3.93333333,0.899,
3.9375,0.854,
3.94166667,0.812,
3.94583333,0.787,
3.95,0.755,
3.95416667,0.722,
3.95833333,0.676,
3.9625,0.612,
3.96666667,0.557,
3.97083333,0.524,
3.975,0.494,
3.97916667,0.467,
3.98333333,0.433,
3.9875,0.386,
3.99166667,0.353,
3.99583333,0.314,
4,0.275,
4.00416667,0.235,
4.00833333,0.194,
4.0125,0.172,
4.01666667,0.162,
4.02083333,0.138,
4.025,0.111,
4.02916667,0.079,
4.03333333,0.056,
4.0375,0.036,
4.04166667,0.016,
4.04583333,-0.005,
4.05,-0.033,
4.05416667,-0.038,
4.05833333,-0.047,
4.0625,-0.057,
4.06666667,-0.054,
4.07083333,-0.051,
4.075,-0.046,
4.07916667,-0.04,
4.08333333,-0.042,
4.0875,-0.044,
4.09166667,-0.051,
4.09583333,-0.046,
4.1,-0.025,
4.10416667,-0.003,
4.10833333,0.023,
4.1125,0.042,
4.11666667,0.068,
4.12083333,0.088,
4.125,0.103,
4.12916667,0.133,
4.13333333,0.163,
4.1375,0.193,
4.14166667,0.225,
4.14583333,0.261,
4.15,0.302,
4.15416667,0.333,
4.15833333,0.37,
4.1625,0.403,
4.16666667,0.445,
4.17083333,0.491,
4.175,0.523,
4.17916667,0.555,
4.18333333,0.599,
4.1875,0.66,
4.19166667,0.721,
4.19583333,0.774,
4.2,0.791,
4.20416667,0.8,
4.20833333,0.838,
4.2125,0.896,
4.21666667,0.96,
4.22083333,1.014,
4.225,1.054,
4.22916667,1.095,
4.23333333,1.125,
4.2375,1.16,
4.24166667,1.185,
4.24583333,1.21,
4.25,1.256,
4.25416667,1.317,
4.25833333,1.366,
4.2625,1.386,
4.26666667,1.402,
4.27083333,1.415,
4.275,1.431,
4.27916667,1.461,
4.28333333,1.498,
4.2875,1.521,
4.29166667,1.548,
4.29583333,1.563,
4.3,1.564,
4.30416667,1.565,
4.30833333,1.572,
4.3125,1.585,
4.31666667,1.6,
4.32083333,1.613,
4.325,1.605,
4.32916667,1.581,
4.33333333,1.582,
4.3375,1.565,
4.34166667,1.553,
4.34583333,1.552,
4.35,1.546,
4.35416667,1.547,
4.35833333,1.53,
4.3625,1.49,
4.36666667,1.431,
4.37083333,1.402,
4.375,1.389,
4.37916667,1.367,
4.38333333,1.346,
4.3875,1.319,
4.39166667,1.285,
4.39583333,1.248,
4.4,1.2,
4.40416667,1.144,
4.40833333,1.103,
4.4125,1.08,
4.41666667,1.04,
4.42083333,0.988,
4.425,0.945,
4.42916667,0.91,
4.43333333,0.868,
4.4375,0.822,
4.44166667,0.773,
4.44583333,0.729,
4.45,0.697,
4.45416667,0.673,
4.45833333,0.627,
4.4625,0.571,
4.46666667,0.525,
4.47083333,0.486,
4.475,0.454,
4.47916667,0.42,
4.48333333,0.375,
4.4875,0.332,
4.49166667,0.292,
4.49583333,0.256,
4.5,0.231,
4.50416667,0.201,
4.50833333,0.163,
4.5125,0.128,
4.51666667,0.098,
4.52083333,0.067,
4.525,0.048,
4.52916667,0.034,
4.53333333,0.006,
4.5375,-0.029,
4.54166667,-0.062,
4.54583333,-0.08,
4.55,-0.09,
4.55416667,-0.101,
4.55833333,-0.113,
4.5625,-0.109,
4.56666667,-0.109,
4.57083333,-0.12,
4.575,-0.128,
4.57916667,-0.146,
4.58333333,-0.153,
4.5875,-0.146,
4.59166667,-0.124,
4.59583333,-0.112,
4.6,-0.097,
4.60416667,-0.078,
4.60833333,-0.057,
4.6125,-0.044,
4.61666667,-0.026,
4.62083333,-0.009,
4.625,0.021,
4.62916667,0.063,
4.63333333,0.108,
4.6375,0.142,
4.64166667,0.169,
4.64583333,0.192,
4.65,0.227,
4.65416667,0.272,
4.65833333,0.311,
4.6625,0.344,
4.66666667,0.383,
4.67083333,0.431,
4.675,0.486,
4.67916667,0.533,
4.68333333,0.581,
4.6875,0.625,
4.69166667,0.67,
4.69583333,0.708,
4.7,0.742,
4.70416667,0.784,
4.70833333,0.826,
4.7125,0.89,
4.71666667,0.959,
4.72083333,1.001,
4.725,1.049,
4.72916667,1.089,
4.73333333,1.137,
4.7375,1.174,
4.74166667,1.209,
4.74583333,1.255,
4.75,1.303,
4.75416667,1.362,
4.75833333,1.401,
4.7625,1.429,
4.76666667,1.461,
4.77083333,1.496,
4.775,1.537,
4.77916667,1.574,
4.78333333,1.607,
4.7875,1.632,
4.79166667,1.662,
4.79583333,1.675,
4.8,1.694,
4.80416667,1.732,
4.80833333,1.761,
4.8125,1.781,
4.81666667,1.788,
4.82083333,1.785,
4.825,1.791,
4.82916667,1.795,
4.83333333,1.799,
4.8375,1.788,
4.84166667,1.797,
4.84583333,1.811,
4.85,1.801,
4.85416667,1.789,
4.85833333,1.751,
4.8625,1.735,
4.86666667,1.725,
4.87083333,1.698,
4.875,1.66,
4.87916667,1.629,
4.88333333,1.602,
4.8875,1.59,
4.89166667,1.567,
4.89583333,1.523,
4.9,1.48,
4.90416667,1.44,
4.90833333,1.401,
4.9125,1.36,
4.91666667,1.317,
4.92083333,1.262,
4.925,1.223,
4.92916667,1.194,
4.93333333,1.156,
4.9375,1.113,
4.94166667,1.061,
4.94583333,1.007,
4.95,0.969,
4.95416667,0.924,
4.95833333,0.873,
4.9625,0.822,
4.96666667,0.78,
4.97083333,0.735,
4.975,0.699,
4.97916667,0.655,
4.98333333,0.6,
4.9875,0.548,
4.99166667,0.499,
4.99583333,0.446,
5,0.393,
5.00416667,0.351,
5.00833333,0.324,
5.0125,0.291,
5.01666667,0.266,
5.02083333,0.226,
5.025,0.172,
5.02916667,0.115,
5.03333333,0.062,
5.0375,0.026,
5.04166667,0.002,
5.04583333,-0.02,
5.05,-0.031,
5.05416667,-0.051,
5.05833333,-0.078,
5.0625,-0.107,
5.06666667,-0.136,
5.07083333,-0.171,
5.075,-0.209,
5.07916667,-0.216,
5.08333333,-0.206,
5.0875,-0.208,
5.09166667,-0.215,
5.09583333,-0.227,
5.1,-0.24,
5.10416667,-0.242,
5.10833333,-0.234,
5.1125,-0.229,
5.11666667,-0.226,
5.12083333,-0.221,
5.125,-0.191,
5.12916667,-0.163,
5.13333333,-0.148,
5.1375,-0.132,
5.14166667,-0.121,
5.14583333,-0.101,
5.15,-0.074,
5.15416667,-0.047,
5.15833333,-0.018,
5.1625,0.008,
5.16666667,0.052,
5.17083333,0.106,
5.175,0.158,
5.17916667,0.192,
5.18333333,0.216,
5.1875,0.236,
5.19166667,0.255,
5.19583333,0.293,
5.2,0.343,
5.20416667,0.4,
5.20833333,0.452,
5.2125,0.499,
5.21666667,0.54,
5.22083333,0.573,
5.225,0.593,
5.22916667,0.626,
5.23333333,0.656,
5.2375,0.699,
5.24166667,0.755,
5.24583333,0.815,
5.25,0.867,
5.25416667,0.904,
5.25833333,0.934,
5.2625,0.967,
5.26666667,0.998,
5.27083333,1.033,
5.275,1.077,
5.27916667,1.108,
5.28333333,1.137,
5.2875,1.189,
5.29166667,1.227,
5.29583333,1.258,
5.3,1.285,
5.30416667,1.308,
5.30833333,1.327,
5.3125,1.355,
5.31666667,1.371,
5.32083333,1.382,
5.325,1.403,
5.32916667,1.433,
5.33333333,1.459,
5.3375,1.47,
5.34166667,1.464,
5.34583333,1.457,
5.35,1.46,
5.35416667,1.465,
5.35833333,1.465,
5.3625,1.457,
5.36666667,1.456,
5.37083333,1.462,
5.375,1.462,
5.37916667,1.442,
5.38333333,1.405,
5.3875,1.371,
5.39166667,1.353,
5.39583333,1.337,
5.4,1.332,
5.40416667,1.312,
5.40833333,1.285,
5.4125,1.269,
5.41666667,1.238,
5.42083333,1.194,
5.425,1.15,
5.42916667,1.113,
5.43333333,1.083,
5.4375,1.061,
5.44166667,1.024,
5.44583333,0.99,
5.45,0.953,
5.45416667,0.914,
5.45833333,0.872,
5.4625,0.831,
5.46666667,0.802,
5.47083333,0.758,
5.475,0.717,
5.47916667,0.672,
5.48333333,0.63,
5.4875,0.595,
5.49166667,0.568,
5.49583333,0.541,
5.5,0.498,
5.50416667,0.455,
5.50833333,0.415,
5.5125,0.367,
5.51666667,0.331,
5.52083333,0.301,
5.525,0.279,
5.52916667,0.266,
5.53333333,0.242,
5.5375,0.204,
5.54166667,0.174,
5.54583333,0.141,
5.55,0.113,
5.55416667,0.089,
5.55833333,0.068,
5.5625,0.058,
5.56666667,0.048,
5.57083333,0.041,
5.575,0.03,
5.57916667,0.012,
5.58333333,-0.001,
5.5875,-0.002,
5.59166667,-0.003,
5.59583333,-0.004,
5.6,-0.006,
5.60416667,0.001,
5.60833333,0.005,
5.6125,0.02,
5.61666667,0.038,
5.62083333,0.04,
5.625,0.046,
5.62916667,0.062,
5.63333333,0.075,
5.6375,0.105,
5.64166667,0.142,
5.64583333,0.176,
5.65,0.201,
5.65416667,0.23,
5.65833333,0.246,
5.6625,0.267,
5.66666667,0.296,
5.67083333,0.332,
5.675,0.369,
5.67916667,0.411,
5.68333333,0.457,
5.6875,0.501,
5.69166667,0.536,
5.69583333,0.566,
5.7,0.601,
5.70416667,0.631,
5.70833333,0.679,
5.7125,0.736,
5.71666667,0.782,
5.72083333,0.83,
5.725,0.883,
5.72916667,0.921,
5.73333333,0.96,
5.7375,1,
5.74166667,1.04,
5.74583333,1.09,
5.75,1.145,
5.75416667,1.195,
5.75833333,1.243,
5.7625,1.286,
5.76666667,1.326,
5.77083333,1.372,
5.775,1.414,
5.77916667,1.459,
5.78333333,1.496,
5.7875,1.527,
5.79166667,1.561,
5.79583333,1.597,
5.8,1.637,
5.80416667,1.667,
5.80833333,1.699,
5.8125,1.724,
5.81666667,1.745,
5.82083333,1.766,
5.825,1.79,
5.82916667,1.815,
5.83333333,1.834,
5.8375,1.85,
5.84166667,1.846,
5.84583333,1.85,
5.85,1.853,
5.85416667,1.859,
5.85833333,1.852,
5.8625,1.845,
5.86666667,1.835,
5.87083333,1.838,
5.875,1.842,
5.87916667,1.822,
5.88333333,1.794,
5.8875,1.773,
5.89166667,1.751,
5.89583333,1.722,
5.9,1.694,
5.90416667,1.662,
5.90833333,1.637,
5.9125,1.613,
5.91666667,1.58,
5.92083333,1.542,
5.925,1.509,
5.92916667,1.467,
5.93333333,1.419,
5.9375,1.37,
5.94166667,1.324,
5.94583333,1.289,
5.95,1.254,
5.95416667,1.208,
5.95833333,1.144,
5.9625,1.087,
5.96666667,1.041,
5.97083333,1.007,
5.975,0.971,
5.97916667,0.924,
5.98333333,0.871,
5.9875,0.824,
5.99166667,0.783,
5.99583333,0.733,
6,0.678,
6.00416667,0.62,
6.00833333,0.573,
6.0125,0.527,
6.01666667,0.488,
6.02083333,0.44,
6.025,0.374,
6.02916667,0.32,
6.03333333,0.284,
6.0375,0.252,
6.04166667,0.217,
6.04583333,0.176,
6.05,0.136,
6.05416667,0.079,
6.05833333,0.029,
6.0625,-0.01,
6.06666667,-0.054,
6.07083333,-0.079,
6.075,-0.095,
6.07916667,-0.122,
6.08333333,-0.151,
6.0875,-0.188,
6.09166667,-0.217,
6.09583333,-0.237,
6.1,-0.261,
6.10416667,-0.277,
6.10833333,-0.288,
6.1125,-0.3,
6.11666667,-0.308,
6.12083333,-0.32,
6.125,-0.334,
6.12916667,-0.346,
6.13333333,-0.346,
6.1375,-0.331,
6.14166667,-0.312,
6.14583333,-0.303,
6.15,-0.299,
6.15416667,-0.29,
6.15833333,-0.282,
6.1625,-0.265,
6.16666667,-0.23,
6.17083333,-0.206,
6.175,-0.189,
6.17916667,-0.169,
6.18333333,-0.149,
6.1875,-0.119,
6.19166667,-0.087,
6.19583333,-0.054,
6.2,-0.017,
6.20416667,0.022,
6.20833333,0.052,
6.2125,0.085,
6.21666667,0.122,
6.22083333,0.154,
6.225,0.189,
6.22916667,0.228,
6.23333333,0.266,
6.2375,0.309,
6.24166667,0.363,
6.24583333,0.403,
6.25,0.436,
6.25416667,0.467,
6.25833333,0.506,
6.2625,0.54,
6.26666667,0.592,
6.27083333,0.64,
6.275,0.677,
6.27916667,0.724,
6.28333333,0.762,
6.2875,0.805,
6.29166667,0.836,
6.29583333,0.874,
6.3,0.913,
6.30416667,0.949,
6.30833333,0.982,
6.3125,1.005,
6.31666667,1.05,
6.32083333,1.089,
6.325,1.125,
6.32916667,1.154,
6.33333333,1.179,
6.3375,1.196,
6.34166667,1.217,
6.34583333,1.234,
6.35,1.251,
6.35416667,1.285,
6.35833333,1.322,
6.3625,1.334,
6.36666667,1.333,
6.37083333,1.317,
6.375,1.318,
6.37916667,1.334,
6.38333333,1.344,
6.3875,1.348,
6.39166667,1.345,
6.39583333,1.344,
6.4,1.337,
6.40416667,1.317,
6.40833333,1.293,
6.4125,1.273,
6.41666667,1.272,
6.42083333,1.263,
6.425,1.249,
6.42916667,1.232,
6.43333333,1.212,
6.4375,1.179,
6.44166667,1.151,
6.44583333,1.118,
6.45,1.082,
6.45416667,1.069,
6.45833333,1.045,
6.4625,1.021,
6.46666667,0.995,
6.47083333,0.962,
6.475,0.935,
6.47916667,0.909,
6.48333333,0.88,
6.4875,0.848,
6.49166667,0.807,
6.49583333,0.768,
6.5,0.733,
6.50416667,0.695,
6.50833333,0.668,
6.5125,0.643,
6.51666667,0.615,
6.52083333,0.594,
6.525,0.569,
6.52916667,0.536,
6.53333333,0.513,
6.5375,0.468,
6.54166667,0.443,
6.54583333,0.416,
6.55,0.383,
6.55416667,0.357,
6.55833333,0.336,
6.5625,0.31,
6.56666667,0.287,
6.57083333,0.256,
6.575,0.246,
6.57916667,0.233,
6.58333333,0.216,
6.5875,0.199,
6.59166667,0.182,
6.59583333,0.167,
6.6,0.163,
6.60416667,0.161,
6.60833333,0.158,
6.6125,0.146,
6.61666667,0.149,
6.62083333,0.149,
6.625,0.143,
6.62916667,0.16,
6.63333333,0.171,
6.6375,0.19,
6.64166667,0.211,
6.64583333,0.23,
6.65,0.241,
6.65416667,0.248,
6.65833333,0.256,
6.6625,0.278,
6.66666667,0.299,
6.67083333,0.34,
6.675,0.367,
6.67916667,0.393,
6.68333333,0.426,
6.6875,0.46,
6.69166667,0.497,
6.69583333,0.525,
6.7,0.548,
6.70416667,0.575,
6.70833333,0.61,
6.7125,0.641,
6.71666667,0.675,
6.72083333,0.718,
6.725,0.764,
6.72916667,0.812,
6.73333333,0.86,
6.7375,0.896,
6.74166667,0.928,
6.74583333,0.957,
6.75,0.991,
6.75416667,1.033,
6.75833333,1.081,
6.7625,1.128,
6.76666667,1.177,
6.77083333,1.216,
6.775,1.267,
6.77916667,1.301,
6.78333333,1.333,
6.7875,1.368,
6.79166667,1.405,
6.79583333,1.45,
6.8,1.499,
6.80416667,1.538,
6.80833333,1.567,
6.8125,1.595,
6.81666667,1.624,
6.82083333,1.66,
6.825,1.69,
6.82916667,1.71,
6.83333333,1.72,
6.8375,1.756,
6.84166667,1.787,
6.84583333,1.804,
6.85,1.809,
6.85416667,1.813,
6.85833333,1.824,
6.8625,1.839,
6.86666667,1.842,
6.87083333,1.831,
6.875,1.833,
6.87916667,1.843,
6.88333333,1.848,
6.8875,1.852,
6.89166667,1.845,
6.89583333,1.829,
6.9,1.809,
6.90416667,1.784,
6.90833333,1.761,
6.9125,1.74,
6.91666667,1.726,
6.92083333,1.71,
6.925,1.694,
6.92916667,1.667,
6.93333333,1.64,
6.9375,1.602,
6.94166667,1.566,
6.94583333,1.528,
6.95,1.488,
6.95416667,1.452,
6.95833333,1.412,
6.9625,1.373,
6.96666667,1.335,
6.97083333,1.295,
6.975,1.25,
6.97916667,1.207,
6.98333333,1.149,
6.9875,1.098,
6.99166667,1.053,
6.99583333,1.011,
7,0.969,
7.00416667,0.925,
7.00833333,0.875,
7.0125,0.82,
7.01666667,0.765,
7.02083333,0.711,
7.025,0.657,
7.02916667,0.61,
7.03333333,0.572,
7.0375,0.534,
7.04166667,0.49,
7.04583333,0.438,
7.05,0.386,
7.05416667,0.335,
7.05833333,0.292,
7.0625,0.257,
7.06666667,0.213,
7.07083333,0.168,
7.075,0.13,
7.07916667,0.092,
7.08333333,0.058,
7.0875,0.02,
7.09166667,-0.015,
7.09583333,-0.049,
7.1,-0.084,
7.10416667,-0.115,
7.10833333,-0.144,
7.1125,-0.184,
7.11666667,-0.21,
7.12083333,-0.225,
7.125,-0.247,
7.12916667,-0.268,
7.13333333,-0.289,
7.1375,-0.302,
7.14166667,-0.306,
7.14583333,-0.328,
7.15,-0.352,
7.15416667,-0.355,
7.15833333,-0.363,
7.1625,-0.359,
7.16666667,-0.339,
7.17083333,-0.339,
7.175,-0.334,
7.17916667,-0.335,
7.18333333,-0.328,
7.1875,-0.313,
7.19166667,-0.3,
7.19583333,-0.276,
7.2,-0.248,
7.20416667,-0.223,
7.20833333,-0.201,
7.2125,-0.177,
7.21666667,-0.158,
7.22083333,-0.137,
7.225,-0.107,
7.22916667,-0.072,
7.23333333,-0.032,
7.2375,0,
7.24166667,0.027,
7.24583333,0.059,
7.25,0.093,
7.25416667,0.123,
7.25833333,0.169,
7.2625,0.199,
7.26666667,0.225,
7.27083333,0.259,
7.275,0.299,
7.27916667,0.342,
7.28333333,0.379,
7.2875,0.406,
7.29166667,0.441,
7.29583333,0.472,
7.3,0.517,
7.30416667,0.558,
7.30833333,0.589,
7.3125,0.62,
7.31666667,0.653,
7.32083333,0.702,
7.325,0.743,
7.32916667,0.771,
7.33333333,0.802,
7.3375,0.824,
7.34166667,0.849,
7.34583333,0.892,
7.35,0.927,
7.35416667,0.963,
7.35833333,0.995,
7.3625,1.024,
7.36666667,1.042,
7.37083333,1.051,
7.375,1.073,
7.37916667,1.091,
7.38333333,1.106,
7.3875,1.137,
7.39166667,1.157,
7.39583333,1.177,
7.4,1.199,
7.40416667,1.2,
7.40833333,1.193,
7.4125,1.179,
7.41666667,1.176,
7.42083333,1.181,
7.425,1.19,
7.42916667,1.188,
7.43333333,1.183,
7.4375,1.172,
7.44166667,1.16,
7.44583333,1.147,
7.45,1.133,
7.45416667,1.124,
7.45833333,1.107,
7.4625,1.093,
7.46666667,1.06,
7.47083333,1.034,
7.475,1.021,
7.47916667,0.995,
7.48333333,0.976,
7.4875,0.959,
7.49166667,0.941,
7.49583333,0.93,
7.5,0.905,
7.50416667,0.877,
7.50833333,0.853,
7.5125,0.825,
7.51666667,0.81,
7.52083333,0.799,
7.525,0.767,
7.52916667,0.743,
7.53333333,0.711,
7.5375,0.671,
7.54166667,0.659,
7.54583333,0.639,
7.55,0.623,
7.55416667,0.618,
7.55833333,0.606,
7.5625,0.59,
7.56666667,0.557,
7.57083333,0.514,
7.575,0.485,
7.57916667,0.461,
7.58333333,0.452,
7.5875,0.452,
7.59166667,0.45,
7.59583333,0.447,
7.6,0.426,
7.60416667,0.404,
7.60833333,0.373,
7.6125,0.353,
7.61666667,0.36,
7.62083333,0.366,
7.625,0.368,
7.62916667,0.37,
7.63333333,0.362,
7.6375,0.352,
7.64166667,0.348,
7.64583333,0.337,
7.65,0.337,
7.65416667,0.351,
7.65833333,0.384,
7.6625,0.402,
7.66666667,0.413,
7.67083333,0.428,
7.675,0.434,
7.67916667,0.454,
7.68333333,0.474,
7.6875,0.484,
7.69166667,0.507,
7.69583333,0.532,
7.7,0.562,
7.70416667,0.592,
7.70833333,0.612,
7.7125,0.636,
7.71666667,0.673,
7.72083333,0.713,
7.725,0.746,
7.72916667,0.763,
7.73333333,0.775,
7.7375,0.807,
7.74166667,0.855,
7.74583333,0.913,
7.75,0.956,
7.75416667,0.967,
7.75833333,0.992,
7.7625,1.024,
7.76666667,1.062,
7.77083333,1.102,
7.775,1.14,
7.77916667,1.178,
7.78333333,1.219,
7.7875,1.266,
7.79166667,1.293,
7.79583333,1.322,
7.8,1.361,
7.80416667,1.391,
7.80833333,1.435,
7.8125,1.469,
7.81666667,1.504,
7.82083333,1.533,
7.825,1.563,
7.82916667,1.586,
7.83333333,1.614,
7.8375,1.655,
7.84166667,1.688,
7.84583333,1.714,
7.85,1.727,
7.85416667,1.735,
7.85833333,1.752,
7.8625,1.774,
7.86666667,1.794,
7.87083333,1.808,
7.875,1.82,
7.87916667,1.82,
7.88333333,1.828,
7.8875,1.835,
7.89166667,1.842,
7.89583333,1.844,
7.9,1.842,
7.90416667,1.835,
7.90833333,1.834,
7.9125,1.828,
7.91666667,1.801,
7.92083333,1.776,
7.925,1.756,
7.92916667,1.755,
7.93333333,1.747,
7.9375,1.732,
7.94166667,1.71,
7.94583333,1.682,
7.95,1.655,
7.95416667,1.616,
7.95833333,1.591,
7.9625,1.568,
7.96666667,1.538,
7.97083333,1.505,
7.975,1.458,
7.97916667,1.42,
7.98333333,1.391,
7.9875,1.362,
7.99166667,1.322,
7.99583333,1.279,
8,1.238,
8.00416667,1.202,
8.00833333,1.166,
8.0125,1.121,
8.01666667,1.074,
8.02083333,1.029,
8.025,0.99,
8.02916667,0.947,
8.03333333,0.898,
8.0375,0.847,
8.04166667,0.802,
8.04583333,0.766,
8.05,0.726,
8.05416667,0.678,
8.05833333,0.636,
8.0625,0.589,
8.06666667,0.539,
8.07083333,0.492,
8.075,0.442,
8.07916667,0.394,
8.08333333,0.353,
8.0875,0.321,
8.09166667,0.282,
8.09583333,0.239,
8.1,0.201,
8.10416667,0.16,
8.10833333,0.121,
8.1125,0.086,
8.11666667,0.051,
8.12083333,0.016,
8.125,-0.022,
8.12916667,-0.052,
8.13333333,-0.078,
8.1375,-0.1,
8.14166667,-0.124,
8.14583333,-0.151,
8.15,-0.175,
8.15416667,-0.188,
8.15833333,-0.201,
8.1625,-0.215,
8.16666667,-0.233,
8.17083333,-0.253,
8.175,-0.264,
8.17916667,-0.263,
8.18333333,-0.259,
8.1875,-0.259,
8.19166667,-0.259,
8.19583333,-0.259,
8.2,-0.253,
8.20416667,-0.244,
8.20833333,-0.243,
8.2125,-0.239,
8.21666667,-0.219,
8.22083333,-0.2,
8.225,-0.171,
8.22916667,-0.147,
8.23333333,-0.134,
8.2375,-0.127,
8.24166667,-0.111,
8.24583333,-0.088,
8.25,-0.055,
8.25416667,-0.02,
8.25833333,0.007,
8.2625,0.028,
8.26666667,0.053,
8.27083333,0.084,
8.275,0.118,
8.27916667,0.138,
8.28333333,0.163,
8.2875,0.195,
8.29166667,0.225,
8.29583333,0.259,
8.3,0.289,
8.30416667,0.323,
8.30833333,0.356,
8.3125,0.395,
8.31666667,0.434,
8.32083333,0.45,
8.325,0.466,
8.32916667,0.497,
8.33333333,0.533,
8.3375,0.572,
8.34166667,0.608,
8.34583333,0.645,
8.35,0.681,
8.35416667,0.712,
8.35833333,0.734,
8.3625,0.748,
8.36666667,0.762,
8.37083333,0.798,
8.375,0.849,
8.37916667,0.876,
8.38333333,0.891,
8.3875,0.907,
8.39166667,0.926,
8.39583333,0.953,
8.4,0.978,
8.40416667,1,
8.40833333,1.012,
8.4125,1.023,
8.41666667,1.04,
8.42083333,1.055,
8.425,1.074,
8.42916667,1.091,
8.43333333,1.099,
8.4375,1.096,
8.44166667,1.091,
8.44583333,1.097,
8.45,1.098,
8.45416667,1.103,
8.45833333,1.103,
8.4625,1.111,
8.46666667,1.127,
8.47083333,1.13,
8.475,1.116,
8.47916667,1.084,
8.48333333,1.062,
8.4875,1.063,
8.49166667,1.064,
8.49583333,1.067,
8.5,1.059,
8.50416667,1.045,
8.50833333,1.03,
8.5125,1.01,
8.51666667,0.989,
8.52083333,0.967,
8.525,0.953,
8.52916667,0.941,
8.53333333,0.919,
8.5375,0.902,
8.54166667,0.895,
8.54583333,0.882,
8.55,0.858,
8.55416667,0.831,
8.55833333,0.809,
8.5625,0.786,
8.56666667,0.774,
8.57083333,0.763,
8.575,0.741,
8.57916667,0.73,
8.58333333,0.727,
8.5875,0.727,
8.59166667,0.709,
8.59583333,0.674,
8.6,0.643,
8.60416667,0.623,
8.60833333,0.62,
8.6125,0.625,
8.61666667,0.629,
8.62083333,0.63,
8.625,0.629,
8.62916667,0.616,
8.63333333,0.599,
8.6375,0.586,
8.64166667,0.576,
8.64583333,0.586,
8.65,0.591,
8.65416667,0.593,
8.65833333,0.596,
8.6625,0.608,
8.66666667,0.616,
8.67083333,0.609,
8.675,0.604,
8.67916667,0.595,
8.68333333,0.611,
8.6875,0.633,
8.69166667,0.647,
8.69583333,0.657,
8.7,0.666,
8.70416667,0.683,
8.70833333,0.704,
8.7125,0.717,
8.71666667,0.72,
8.72083333,0.734,
8.725,0.756,
8.72916667,0.783,
8.73333333,0.808,
8.7375,0.833,
8.74166667,0.851,
8.74583333,0.879,
8.75,0.912,
8.75416667,0.944,
8.75833333,0.969,
8.7625,0.991,
8.76666667,1.006,
8.77083333,1.032,
8.775,1.073,
8.77916667,1.1,
8.78333333,1.14,
8.7875,1.166,
8.79166667,1.186,
8.79583333,1.218,
8.8,1.253,
8.80416667,1.287,
8.80833333,1.312,
8.8125,1.341,
8.81666667,1.367,
8.82083333,1.398,
8.825,1.428,
8.82916667,1.451,
8.83333333,1.473,
8.8375,1.498,
8.84166667,1.532,
8.84583333,1.556,
8.85,1.577,
8.85416667,1.599,
8.85833333,1.611,
8.8625,1.632,
8.86666667,1.665,
8.87083333,1.69,
8.875,1.714,
8.87916667,1.727,
8.88333333,1.73,
8.8875,1.734,
8.89166667,1.746,
8.89583333,1.763,
8.9,1.783,
8.90416667,1.792,
8.90833333,1.795,
8.9125,1.795,
8.91666667,1.796,
8.92083333,1.797,
8.925,1.799,
8.92916667,1.799,
8.93333333,1.791,
8.9375,1.783,
8.94166667,1.769,
8.94583333,1.753,
8.95,1.737,
8.95416667,1.723,
8.95833333,1.706,
8.9625,1.701,
8.96666667,1.688,
8.97083333,1.66,
8.975,1.629,
8.97916667,1.597,
8.98333333,1.565,
8.9875,1.544,
8.99166667,1.525,
8.99583333,1.496,
9,1.466,
9.00416667,1.429,
9.00833333,1.387,
9.0125,1.345,
9.01666667,1.316,
9.02083333,1.288,
9.025,1.26,
9.02916667,1.227,
9.03333333,1.186,
9.0375,1.147,
9.04166667,1.114,
9.04583333,1.078,
9.05,1.035,
9.05416667,0.994,
9.05833333,0.954,
9.0625,0.921,
9.06666667,0.89,
9.07083333,0.851,
9.075,0.809,
9.07916667,0.775,
9.08333333,0.738,
9.0875,0.701,
9.09166667,0.656,
9.09583333,0.611,
9.1,0.568,
9.10416667,0.53,
9.10833333,0.507,
9.1125,0.476,
9.11666667,0.43,
9.12083333,0.394,
9.125,0.352,
9.12916667,0.316,
9.13333333,0.28,
9.1375,0.243,
9.14166667,0.209,
9.14583333,0.186,
9.15,0.163,
9.15416667,0.143,
9.15833333,0.119,
9.1625,0.085,
9.16666667,0.051,
9.17083333,0.03,
9.175,0.016,
9.17916667,-0.004,
9.18333333,-0.017,
9.1875,-0.031,
9.19166667,-0.047,
9.19583333,-0.072,
9.2,-0.076,
9.20416667,-0.076,
9.20833333,-0.069,
9.2125,-0.073,
9.21666667,-0.081,
9.22083333,-0.088,
9.225,-0.096,
9.22916667,-0.097,
9.23333333,-0.086,
9.2375,-0.071,
9.24166667,-0.064,
9.24583333,-0.044,
9.25,-0.043,
9.25416667,-0.06,
9.25833333,-0.04,
9.2625,-0.023,
9.26666667,0.004,
9.27083333,0.009,
9.275,0.031,
9.27916667,0.051,
9.28333333,0.074,
9.2875,0.083,
9.29166667,0.091,
9.29583333,0.103,
9.3,0.122,
9.30416667,0.158,
9.30833333,0.19,
9.3125,0.215,
9.31666667,0.245,
9.32083333,0.262,
9.325,0.268,
9.32916667,0.3,
9.33333333,0.329,
9.3375,0.367,
9.34166667,0.391,
9.34583333,0.411,
9.35,0.438,
9.35416667,0.463,
9.35833333,0.498,
9.3625,0.54,
9.36666667,0.556,
9.37083333,0.584,
9.375,0.606,
9.37916667,0.627,
9.38333333,0.655,
9.3875,0.671,
9.39166667,0.693,
9.39583333,0.719,
9.4,0.747,
9.40416667,0.781,
9.40833333,0.804,
9.4125,0.808,
9.41666667,0.818,
9.42083333,0.837,
9.425,0.859,
9.42916667,0.875,
9.43333333,0.894,
9.4375,0.906,
9.44166667,0.918,
9.44583333,0.94,
9.45,0.948,
9.45416667,0.945,
9.45833333,0.943,
9.4625,0.957,
9.46666667,0.97,
9.47083333,0.986,
9.475,1.002,
9.47916667,0.997,
9.48333333,0.993,
9.4875,0.998,
9.49166667,0.989,
9.49583333,0.996,
9.5,1.006,
9.50416667,1.004,
9.50833333,0.992,
9.5125,0.996,
9.51666667,0.997,
9.52083333,0.996,
9.525,1.004,
9.52916667,0.995,
9.53333333,0.973,
9.5375,0.973,
9.54166667,0.971,
9.54583333,0.952,
9.55,0.935,
9.55416667,0.927,
9.55833333,0.925,
9.5625,0.938,
9.56666667,0.941,
9.57083333,0.928,
9.575,0.905,
9.57916667,0.896,
9.58333333,0.872,
9.5875,0.861,
9.59166667,0.85,
9.59583333,0.848,
9.6,0.833,
9.60416667,0.828,
9.60833333,0.812,
9.6125,0.815,
9.61666667,0.82,
9.62083333,0.826,
9.625,0.801,
9.62916667,0.78,
9.63333333,0.754,
9.6375,0.743,
9.64166667,0.744,
9.64583333,0.76,
9.65,0.763,
9.65416667,0.759,
9.65833333,0.755,
9.6625,0.739,
9.66666667,0.726,
9.67083333,0.728,
9.675,0.721,
9.67916667,0.726,
9.68333333,0.751,
9.6875,0.758,
9.69166667,0.748,
9.69583333,0.739,
9.7,0.736,
9.70416667,0.733,
9.70833333,0.763,
9.7125,0.768,
9.71666667,0.771,
9.72083333,0.782,
9.725,0.801,
9.72916667,0.818,
9.73333333,0.837,
9.7375,0.843,
9.74166667,0.857,
9.74583333,0.865,
9.75,0.883,
9.75416667,0.897,
9.75833333,0.922,
9.7625,0.948,
9.76666667,0.978,
9.77083333,0.993,
9.775,1.011,
9.77916667,1.027,
9.78333333,1.055,
9.7875,1.083,
9.79166667,1.104,
9.79583333,1.115,
9.8,1.145,
9.80416667,1.178,
9.80833333,1.195,
9.8125,1.219,
9.81666667,1.234,
9.82083333,1.255,
9.825,1.294,
9.82916667,1.315,
9.83333333,1.331,
9.8375,1.348,
9.84166667,1.372,
9.84583333,1.394,
9.85,1.41,
9.85416667,1.429,
9.85833333,1.455,
9.8625,1.485,
9.86666667,1.51,
9.87083333,1.512,
9.875,1.514,
9.87916667,1.542,
9.88333333,1.577,
9.8875,1.587,
9.89166667,1.595,
9.89583333,1.591,
9.9,1.605,
9.90416667,1.623,
9.90833333,1.642,
9.9125,1.646,
9.91666667,1.652,
9.92083333,1.67,
9.925,1.68,
9.92916667,1.683,
9.93333333,1.673,
9.9375,1.678,
9.94166667,1.678,
9.94583333,1.678,
9.95,1.675,
9.95416667,1.657,
9.95833333,1.659,
9.9625,1.659,
9.96666667,1.648,
9.97083333,1.648,
9.975,1.632,
9.97916667,1.621,
9.98333333,1.603,
9.9875,1.585,
9.99166667,1.568,
9.99583333,1.55,
10,1.527,
10.00416667,1.509,
10.00833333,1.494,
10.0125,1.468,
10.01666667,1.442,
10.02083333,1.417,
10.025,1.403,
10.02916667,1.387,
10.03333333,1.36,
10.0375,1.326,
10.04166667,1.287,
10.04583333,1.265,
10.05,1.24,
10.05416667,1.21,
10.05833333,1.175,
10.0625,1.137,
10.06666667,1.111,
10.07083333,1.079,
10.075,1.052,
10.07916667,1.02,
10.08333333,0.985,
10.0875,0.954,
10.09166667,0.922,
10.09583333,0.884,
10.1,0.848,
10.10416667,0.814,
10.10833333,0.779,
10.1125,0.739,
10.11666667,0.71,
10.12083333,0.684,
10.125,0.647,
10.12916667,0.612,
10.13333333,0.576,
10.1375,0.542,
10.14166667,0.519,
10.14583333,0.49,
10.15,0.45,
10.15416667,0.414,
10.15833333,0.385,
10.1625,0.36,
10.16666667,0.33,
10.17083333,0.309,
10.175,0.287,
10.17916667,0.261,
10.18333333,0.243,
10.1875,0.215,
10.19166667,0.193,
10.19583333,0.163,
10.2,0.137,
10.20416667,0.126,
10.20833333,0.109,
10.2125,0.093,
10.21666667,0.075,
10.22083333,0.053,
10.225,0.046,
10.22916667,0.034,
10.23333333,0.027,
10.2375,0.027,
10.24166667,0.016,
10.24583333,0.008,
10.25,0.005,
10.25416667,-0.002,
10.25833333,-0.008,
10.2625,-0.01,
10.26666667,-0.007,
10.27083333,-0.017,
10.275,-0.015,
10.27916667,0.011,
10.28333333,0.022,
10.2875,0.028,
10.29166667,0.037,
10.29583333,0.044,
10.3,0.051,
10.30416667,0.055,
10.30833333,0.053,
10.3125,0.066,
10.31666667,0.083,
10.32083333,0.104,
10.325,0.134,
10.32916667,0.144,
10.33333333,0.151,
10.3375,0.159,
10.34166667,0.178,
10.34583333,0.205,
10.35,0.222,
10.35416667,0.244,
10.35833333,0.273,
10.3625,0.284,
10.36666667,0.3,
10.37083333,0.321,
10.375,0.328,
10.37916667,0.341,
10.38333333,0.365,
10.3875,0.39,
10.39166667,0.414,
10.39583333,0.439,
10.4,0.468,
10.40416667,0.492,
10.40833333,0.508,
10.4125,0.521,
10.41666667,0.526,
10.42083333,0.543,
10.425,0.563,
10.42916667,0.594,
10.43333333,0.625,
10.4375,0.642,
10.44166667,0.667,
10.44583333,0.684,
10.45,0.694,
10.45416667,0.699,
10.45833333,0.705,
10.4625,0.726,
10.46666667,0.738,
10.47083333,0.77,
10.475,0.806,
10.47916667,0.813,
10.48333333,0.816,
10.4875,0.811,
10.49166667,0.812,
10.49583333,0.822,
10.5,0.839,
10.50416667,0.857,
10.50833333,0.852,
10.5125,0.864,
10.51666667,0.877,
10.52083333,0.879,
10.525,0.882,
10.52916667,0.87,
10.53333333,0.867,
10.5375,0.874,
10.54166667,0.895,
10.54583333,0.894,
10.55,0.889,
10.55416667,0.894,
10.55833333,0.889,
10.5625,0.884,
10.56666667,0.881,
10.57083333,0.874,
10.575,0.872,
10.57916667,0.876,
10.58333333,0.883,
10.5875,0.88,
10.59166667,0.885,
10.59583333,0.898,
10.6,0.886,
10.60416667,0.857,
10.60833333,0.857,
10.6125,0.849,
10.61666667,0.853,
10.62083333,0.862,
10.625,0.858,
10.62916667,0.849,
10.63333333,0.856,
10.6375,0.864,
10.64166667,0.862,
10.64583333,0.844,
10.65,0.828,
10.65416667,0.839,
10.65833333,0.85,
10.6625,0.845,
10.66666667,0.837,
10.67083333,0.823,
10.675,0.832,
10.67916667,0.843,
10.68333333,0.85,
10.6875,0.844,
10.69166667,0.828,
10.69583333,0.82,
10.7,0.821,
10.70416667,0.832,
10.70833333,0.839,
10.7125,0.845,
10.71666667,0.854,
10.72083333,0.854,
10.725,0.851,
10.72916667,0.853,
10.73333333,0.858,
10.7375,0.863,
10.74166667,0.874,
10.74583333,0.884,
10.75,0.901,
10.75416667,0.921,
10.75833333,0.934,
10.7625,0.921,
10.76666667,0.918,
10.77083333,0.913,
10.775,0.952,
10.77916667,0.986,
10.78333333,1.011,
10.7875,1.017,
10.79166667,1.022,
10.79583333,1.028,
10.8,1.044,
10.80416667,1.056,
10.80833333,1.068,
10.8125,1.083,
10.81666667,1.11,
10.82083333,1.137,
10.825,1.158,
10.82916667,1.164,
10.83333333,1.174,
10.8375,1.187,
10.84166667,1.211,
10.84583333,1.234,
10.85,1.242,
10.85416667,1.253,
10.85833333,1.264,
10.8625,1.288,
10.86666667,1.304,
10.87083333,1.322,
10.875,1.342,
10.87916667,1.356,
10.88333333,1.372,
10.8875,1.383,
10.89166667,1.379,
10.89583333,1.395,
10.9,1.417,
10.90416667,1.442,
10.90833333,1.455,
10.9125,1.461,
10.91666667,1.458,
10.92083333,1.448,
10.925,1.457,
10.92916667,1.469,
10.93333333,1.492,
10.9375,1.526,
10.94166667,1.537,
10.94583333,1.528,
10.95,1.517,
10.95416667,1.501,
10.95833333,1.504,
10.9625,1.51,
10.96666667,1.506,
10.97083333,1.508,
10.975,1.517,
10.97916667,1.527,
10.98333333,1.515,
10.9875,1.499,
10.99166667,1.49,
10.99583333,1.497,
11,1.514,
11.00416667,1.496,
11.00833333,1.461,
11.0125,1.429,
11.01666667,1.415,
11.02083333,1.422,
11.025,1.422,
11.02916667,1.41,
11.03333333,1.397,
11.0375,1.38,
11.04166667,1.357,
11.04583333,1.331,
11.05,1.308,
11.05416667,1.291,
11.05833333,1.284,
11.0625,1.27,
11.06666667,1.248,
11.07083333,1.217,
11.075,1.182,
11.07916667,1.15,
11.08333333,1.126,
11.0875,1.108,
11.09166667,1.091,
11.09583333,1.076,
11.1,1.045,
11.10416667,1.016,
11.10833333,0.99,
11.1125,0.954,
11.11666667,0.92,
11.12083333,0.894,
11.125,0.869,
11.12916667,0.844,
11.13333333,0.814,
11.1375,0.788,
11.14166667,0.757,
11.14583333,0.73,
11.15,0.712,
11.15416667,0.683,
11.15833333,0.654,
11.1625,0.628,
11.16666667,0.601,
11.17083333,0.577,
11.175,0.548,
11.17916667,0.524,
11.18333333,0.499,
11.1875,0.475,
11.19166667,0.461,
11.19583333,0.434,
11.2,0.407,
11.20416667,0.38,
11.20833333,0.358,
11.2125,0.347,
11.21666667,0.333,
11.22083333,0.314,
11.225,0.277,
11.22916667,0.252,
11.23333333,0.248,
11.2375,0.238,
11.24166667,0.233,
11.24583333,0.219,
11.25,0.193,
11.25416667,0.165,
11.25833333,0.149,
11.2625,0.14,
11.26666667,0.131,
11.27083333,0.126,
11.275,0.131,
11.27916667,0.137,
11.28333333,0.128,
11.2875,0.107,
11.29166667,0.087,
11.29583333,0.069,
11.3,0.078,
11.30416667,0.094,
11.30833333,0.107,
11.3125,0.106,
11.31666667,0.103,
11.32083333,0.104,
11.325,0.107,
11.32916667,0.118,
11.33333333,0.119,
11.3375,0.121,
11.34166667,0.131,
11.34583333,0.145,
11.35,0.155,
11.35416667,0.156,
11.35833333,0.159,
11.3625,0.171,
11.36666667,0.191,
11.37083333,0.212,
11.375,0.227,
11.37916667,0.241,
11.38333333,0.24,
11.3875,0.242,
11.39166667,0.247,
11.39583333,0.261,
11.4,0.286,
11.40416667,0.312,
11.40833333,0.332,
11.4125,0.346,
11.41666667,0.355,
11.42083333,0.36,
11.425,0.363,
11.42916667,0.376,
11.43333333,0.398,
11.4375,0.428,
11.44166667,0.454,
11.44583333,0.477,
11.45,0.483,
11.45416667,0.488,
11.45833333,0.501,
11.4625,0.515,
11.46666667,0.537,
11.47083333,0.565,
11.475,0.585,
11.47916667,0.603,
11.48333333,0.62,
11.4875,0.63,
11.49166667,0.635,
11.49583333,0.651,
11.5,0.671,
11.50416667,0.691,
11.50833333,0.707,
11.5125,0.709,
11.51666667,0.719,
11.52083333,0.74,
11.525,0.763,
11.52916667,0.77,
11.53333333,0.771,
11.5375,0.77,
11.54166667,0.776,
11.54583333,0.791,
11.55,0.811,
11.55416667,0.828,
11.55833333,0.834,
11.5625,0.844,
11.56666667,0.859,
11.57083333,0.86,
11.575,0.857,
11.57916667,0.845,
11.58333333,0.842,
11.5875,0.859,
11.59166667,0.878,
11.59583333,0.9,
11.6,0.904,
11.60416667,0.898,
11.60833333,0.895,
11.6125,0.891,
11.61666667,0.897,
11.62083333,0.909,
11.625,0.915,
11.62916667,0.919,
11.63333333,0.931,
11.6375,0.937,
11.64166667,0.931,
11.64583333,0.912,
11.65,0.89,
11.65416667,0.904,
11.65833333,0.931,
11.6625,0.95,
11.66666667,0.941,
11.67083333,0.935,
11.675,0.935,
11.67916667,0.934,
11.68333333,0.934,
11.6875,0.925,
11.69166667,0.917,
11.69583333,0.921,
11.7,0.928,
11.70416667,0.94,
11.70833333,0.946,
11.7125,0.942,
11.71666667,0.941,
11.72083333,0.947,
11.725,0.949,
11.72916667,0.941,
11.73333333,0.941,
11.7375,0.948,
11.74166667,0.956,
11.74583333,0.961,
11.75,0.969,
11.75416667,0.971,
11.75833333,0.969,
11.7625,0.966,
11.76666667,0.958,
11.77083333,0.972,
11.775,1.002,
11.77916667,1.03,
11.78333333,1.033,
11.7875,1.02,
11.79166667,1.003,
11.79583333,0.996,
11.8,1.006,
11.80416667,1.029,
11.80833333,1.04,
11.8125,1.043,
11.81666667,1.062,
11.82083333,1.068,
11.825,1.07,
11.82916667,1.081,
11.83333333,1.08,
11.8375,1.095,
11.84166667,1.106,
11.84583333,1.104,
11.85,1.111,
11.85416667,1.118,
11.85833333,1.127,
11.8625,1.142,
11.86666667,1.151,
11.87083333,1.165,
11.875,1.182,
11.87916667,1.203,
11.88333333,1.207,
11.8875,1.194,
11.89166667,1.198,
11.89583333,1.207,
11.9,1.228,
11.90416667,1.253,
11.90833333,1.258,
11.9125,1.253,
11.91666667,1.261,
11.92083333,1.276,
11.925,1.286,
11.92916667,1.303,
11.93333333,1.306,
11.9375,1.315,
11.94166667,1.327,
11.94583333,1.329,
11.95,1.335,
11.95416667,1.334,
11.95833333,1.336,
11.9625,1.341,
11.96666667,1.353,
11.97083333,1.365,
11.975,1.373,
11.97916667,1.383,
11.98333333,1.374,
11.9875,1.371,
11.99166667,1.37,
11.99583333,1.366,
12,1.372,
12.00416667,1.377,
12.00833333,1.365,
12.0125,1.372,
12.01666667,1.378,
12.02083333,1.379,
12.025,1.374,
12.02916667,1.36,
12.03333333,1.347,
12.0375,1.338,
12.04166667,1.337,
12.04583333,1.335,
12.05,1.327,
12.05416667,1.323,
12.05833333,1.309,
12.0625,1.294,
12.06666667,1.293,
12.07083333,1.277,
12.075,1.26,
12.07916667,1.252,
12.08333333,1.234,
12.0875,1.219,
12.09166667,1.205,
12.09583333,1.186,
12.1,1.156,
12.10416667,1.138,
12.10833333,1.134,
12.1125,1.124,
12.11666667,1.116,
12.12083333,1.098,
12.125,1.062,
12.12916667,1.037,
12.13333333,1.021,
12.1375,1.003,
12.14166667,0.982,
12.14583333,0.964,
12.15,0.937,
12.15416667,0.912,
12.15833333,0.891,
12.1625,0.876,
12.16666667,0.849,
12.17083333,0.836,
12.175,0.81,
12.17916667,0.783,
12.18333333,0.764,
12.1875,0.737,
12.19166667,0.719,
12.19583333,0.693,
12.2,0.668,
12.20416667,0.647,
12.20833333,0.617,
12.2125,0.599,
12.21666667,0.586,
12.22083333,0.566,
12.225,0.549,
12.22916667,0.524,
12.23333333,0.499,
12.2375,0.475,
12.24166667,0.455,
12.24583333,0.439,
12.25,0.425,
12.25416667,0.409,
12.25833333,0.393,
12.2625,0.392,
12.26666667,0.372,
12.27083333,0.327,
12.275,0.308,
12.27916667,0.292,
12.28333333,0.283,
12.2875,0.278,
12.29166667,0.262,
12.29583333,0.242,
12.3,0.234,
12.30416667,0.231,
12.30833333,0.226,
12.3125,0.206,
12.31666667,0.17,
12.32083333,0.158,
12.325,0.159,
12.32916667,0.157,
12.33333333,0.16,
12.3375,0.148,
12.34166667,0.143,
12.34583333,0.134,
12.35,0.133,
12.35416667,0.138,
12.35833333,0.135,
12.3625,0.113,
12.36666667,0.126,
12.37083333,0.13,
12.375,0.131,
12.37916667,0.142,
12.38333333,0.142,
12.3875,0.148,
12.39166667,0.147,
12.39583333,0.154,
12.4,0.162,
12.40416667,0.145,
12.40833333,0.147,
12.4125,0.169,
12.41666667,0.185,
12.42083333,0.202,
12.425,0.212,
12.42916667,0.207,
12.43333333,0.205,
12.4375,0.21,
12.44166667,0.241,
12.44583333,0.266,
12.45,0.272,
12.45416667,0.281,
12.45833333,0.282,
12.4625,0.291,
12.46666667,0.302,
12.47083333,0.312,
12.475,0.33,
12.47916667,0.347,
12.48333333,0.378,
12.4875,0.413,
12.49166667,0.426,
12.49583333,0.427,
12.5,0.43,
12.50416667,0.446,
12.50833333,0.472,
12.5125,0.499,
12.51666667,0.516,
12.52083333,0.528,
12.525,0.538,
12.52916667,0.57,
12.53333333,0.581,
12.5375,0.597,
12.54166667,0.608,
12.54583333,0.635,
12.55,0.666,
12.55416667,0.68,
12.55833333,0.673,
12.5625,0.675,
12.56666667,0.696,
12.57083333,0.733,
12.575,0.754,
12.57916667,0.765,
12.58333333,0.758,
12.5875,0.759,
12.59166667,0.771,
12.59583333,0.778,
12.6,0.797,
12.60416667,0.827,
12.60833333,0.85,
12.6125,0.865,
12.61666667,0.865,
12.62083333,0.849,
12.625,0.85,
12.62916667,0.861,
12.63333333,0.873,
12.6375,0.891,
12.64166667,0.914,
12.64583333,0.925,
12.65,0.921,
12.65416667,0.928,
12.65833333,0.931,
12.6625,0.93,
12.66666667,0.95,
12.67083333,0.956,
12.675,0.961,
12.67916667,0.971,
12.68333333,0.977,
12.6875,0.979,
12.69166667,0.975,
12.69583333,0.983,
12.7,0.994,
12.70416667,1.002,
12.70833333,1.008,
12.7125,1.015,
12.71666667,1.011,
12.72083333,1.01,
12.725,1.022,
12.72916667,1.024,
12.73333333,1.022,
12.7375,1.033,
12.74166667,1.035,
12.74583333,1.032,
12.75,1.029,
12.75416667,1.029,
12.75833333,1.041,
12.7625,1.032,
12.76666667,1.05,
12.77083333,1.051,
12.775,1.055,
12.77916667,1.044,
12.78333333,1.033,
12.7875,1.021,
12.79166667,1.03,
12.79583333,1.05,
12.8,1.055,
12.80416667,1.049,
12.80833333,1.042,
12.8125,1.037,
12.81666667,1.033,
12.82083333,1.028,
12.825,1.036,
12.82916667,1.029,
12.83333333,1.034,
12.8375,1.047,
12.84166667,1.048,
12.84583333,1.051,
12.85,1.045,
12.85416667,1.042,
12.85833333,1.046,
12.8625,1.051,
12.86666667,1.05,
12.87083333,1.055,
12.875,1.057,
12.87916667,1.06,
12.88333333,1.076,
12.8875,1.083,
12.89166667,1.088,
12.89583333,1.094,
12.9,1.081,
12.90416667,1.089,
12.90833333,1.101,
12.9125,1.108,
12.91666667,1.111,
12.92083333,1.108,
12.925,1.113,
12.92916667,1.114,
12.93333333,1.12,
12.9375,1.126,
12.94166667,1.138,
12.94583333,1.151,
12.95,1.153,
12.95416667,1.149,
12.95833333,1.145,
12.9625,1.145,
12.96666667,1.158,
12.97083333,1.166,
12.975,1.168,
12.97916667,1.172,
12.98333333,1.179,
12.9875,1.188,
12.99166667,1.192,
12.99583333,1.193,
13,1.187,
13.00416667,1.193,
13.00833333,1.222,
13.0125,1.241,
13.01666667,1.245,
13.02083333,1.235,
13.025,1.217,
13.02916667,1.212,
13.03333333,1.228,
13.0375,1.238,
13.04166667,1.241,
13.04583333,1.249,
13.05,1.258,
13.05416667,1.267,
13.05833333,1.267,
13.0625,1.254,
13.06666667,1.237,
13.07083333,1.233,
13.075,1.23,
13.07916667,1.236,
13.08333333,1.239,
13.0875,1.241,
13.09166667,1.239,
13.09583333,1.235,
13.1,1.221,
13.10416667,1.213,
13.10833333,1.209,
13.1125,1.205,
13.11666667,1.188,
13.12083333,1.187,
13.125,1.18,
13.12916667,1.166,
13.13333333,1.157,
13.1375,1.142,
13.14166667,1.136,
13.14583333,1.131,
13.15,1.118,
13.15416667,1.104,
13.15833333,1.092,
13.1625,1.081,
13.16666667,1.068,
13.17083333,1.053,
13.175,1.031,
13.17916667,1.015,
13.18333333,1.005,
13.1875,0.993,
13.19166667,0.97,
13.19583333,0.944,
13.2,0.934,
13.20416667,0.924,
13.20833333,0.907,
13.2125,0.886,
13.21666667,0.857,
13.22083333,0.828,
13.225,0.813,
13.22916667,0.802,
13.23333333,0.786,
13.2375,0.768,
13.24166667,0.744,
13.24583333,0.705,
13.25,0.689,
13.25416667,0.672,
13.25833333,0.665,
13.2625,0.641,
13.26666667,0.613,
13.27083333,0.597,
13.275,0.577,
13.27916667,0.55,
13.28333333,0.525,
13.2875,0.496,
13.29166667,0.481,
13.29583333,0.481,
13.3,0.47,
13.30416667,0.45,
13.30833333,0.428,
13.3125,0.395,
13.31666667,0.369,
13.32083333,0.351,
13.325,0.335,
13.32916667,0.322,
13.33333333,0.306,
13.3375,0.303,
13.34166667,0.301,
13.34583333,0.283,
13.35,0.259,
13.35416667,0.243,
13.35833333,0.234,
13.3625,0.224,
13.36666667,0.222,
13.37083333,0.208,
13.375,0.193,
13.37916667,0.177,
13.38333333,0.171,
13.3875,0.173,
13.39166667,0.174,
13.39583333,0.176,
13.4,0.184,
13.40416667,0.17,
13.40833333,0.154,
13.4125,0.143,
13.41666667,0.138,
13.42083333,0.139,
13.425,0.145,
13.42916667,0.16,
13.43333333,0.161,
13.4375,0.156,
13.44166667,0.159,
13.44583333,0.155,
13.45,0.156,
13.45416667,0.16,
13.45833333,0.176,
13.4625,0.193,
13.46666667,0.2,
13.47083333,0.205,
13.475,0.21,
13.47916667,0.215,
13.48333333,0.224,
13.4875,0.233,
13.49166667,0.253,
13.49583333,0.281,
13.5,0.302,
13.50416667,0.311,
13.50833333,0.321,
13.5125,0.33,
13.51666667,0.346,
13.52083333,0.369,
13.525,0.386,
13.52916667,0.398,
13.53333333,0.415,
13.5375,0.438,
13.54166667,0.463,
13.54583333,0.486,
13.55,0.5,
13.55416667,0.52,
13.55833333,0.54,
13.5625,0.553,
13.56666667,0.564,
13.57083333,0.58,
13.575,0.596,
13.57916667,0.622,
13.58333333,0.65,
13.5875,0.681,
13.59166667,0.697,
13.59583333,0.708,
13.6,0.72,
13.60416667,0.723,
13.60833333,0.74,
13.6125,0.764,
13.61666667,0.796,
13.62083333,0.812,
13.625,0.827,
13.62916667,0.846,
13.63333333,0.855,
13.6375,0.872,
13.64166667,0.882,
13.64583333,0.897,
13.65,0.924,
13.65416667,0.943,
13.65833333,0.955,
13.6625,0.95,
13.66666667,0.956,
13.67083333,0.979,
13.675,1.003,
13.67916667,1.022,
13.68333333,1.027,
13.6875,1.026,
13.69166667,1.035,
13.69583333,1.037,
13.7,1.044,
13.70416667,1.056,
13.70833333,1.052,
13.7125,1.062,
13.71666667,1.078,
13.72083333,1.075,
13.725,1.077,
13.72916667,1.084,
13.73333333,1.089,
13.7375,1.092,
13.74166667,1.095,
13.74583333,1.097,
13.75,1.094,
13.75416667,1.089,
13.75833333,1.08,
13.7625,1.077,
13.76666667,1.071,
13.77083333,1.09,
13.775,1.099,
13.77916667,1.09,
13.78333333,1.086,
13.7875,1.075,
13.79166667,1.085,
13.79583333,1.085,
13.8,1.085,
13.80416667,1.079,
13.80833333,1.062,
13.8125,1.06,
13.81666667,1.052,
13.82083333,1.04,
13.825,1.026,
13.82916667,1.032,
13.83333333,1.041,
13.8375,1.032,
13.84166667,1.038,
13.84583333,1.027,
13.85,1.021,
13.85416667,1.016,
13.85833333,0.998,
13.8625,0.984,
13.86666667,0.976,
13.87083333,0.984,
13.875,0.982,
13.87916667,0.973,
13.88333333,0.963,
13.8875,0.96,
13.89166667,0.963,
13.89583333,0.958,
13.9,0.952,
13.90416667,0.942,
13.90833333,0.947,
13.9125,0.958,
13.91666667,0.955,
13.92083333,0.95,
13.925,0.942,
13.92916667,0.94,
13.93333333,0.937,
13.9375,0.926,
13.94166667,0.918,
13.94583333,0.926,
13.95,0.941,
13.95416667,0.958,
13.95833333,0.973,
13.9625,0.966,
13.96666667,0.966,
13.97083333,0.965,
13.975,0.949,
13.97916667,0.943,
13.98333333,0.939,
13.9875,0.959,
13.99166667,0.982,
13.99583333,1.004,
14,1.008,
14.00416667,0.995,
14.00833333,0.99,
14.0125,0.991,
14.01666667,0.996,
14.02083333,1.008,
14.025,1.023,
14.02916667,1.041,
14.03333333,1.066,
14.0375,1.072,
14.04166667,1.065,
14.04583333,1.05,
14.05,1.048,
14.05416667,1.067,
14.05833333,1.087,
14.0625,1.108,
14.06666667,1.114,
14.07083333,1.12,
14.075,1.133,
14.07916667,1.141,
14.08333333,1.143,
14.0875,1.145,
14.09166667,1.148,
14.09583333,1.154,
14.1,1.16,
14.10416667,1.161,
14.10833333,1.163,
14.1125,1.18,
14.11666667,1.198,
14.12083333,1.205,
14.125,1.197,
14.12916667,1.185,
14.13333333,1.18,
14.1375,1.184,
14.14166667,1.193,
14.14583333,1.186,
14.15,1.19,
14.15416667,1.201,
14.15833333,1.202,
14.1625,1.2,
14.16666667,1.175,
14.17083333,1.153,
14.175,1.151,
14.17916667,1.161,
14.18333333,1.171,
14.1875,1.159,
14.19166667,1.146,
14.19583333,1.127,
14.2,1.114,
14.20416667,1.112,
14.20833333,1.1,
14.2125,1.088,
14.21666667,1.067,
14.22083333,1.057,
14.225,1.039,
14.22916667,1.018,
14.23333333,1.011,
14.2375,0.99,
14.24166667,0.971,
14.24583333,0.956,
14.25,0.935,
14.25416667,0.903,
14.25833333,0.876,
14.2625,0.853,
14.26666667,0.832,
14.27083333,0.823,
14.275,0.81,
14.27916667,0.782,
14.28333333,0.76,
14.2875,0.737,
14.29166667,0.71,
14.29583333,0.687,
14.3,0.654,
14.30416667,0.628,
14.30833333,0.619,
14.3125,0.608,
14.31666667,0.595,
14.32083333,0.571,
14.325,0.543,
14.32916667,0.52,
14.33333333,0.501,
14.3375,0.476,
14.34166667,0.454,
14.34583333,0.435,
14.35,0.422,
14.35416667,0.415,
14.35833333,0.391,
14.3625,0.366,
14.36666667,0.348,
14.37083333,0.325,
14.375,0.309,
14.37916667,0.293,
14.38333333,0.271,
14.3875,0.254,
14.39166667,0.241,
14.39583333,0.228,
14.4,0.21,
14.40416667,0.185,
14.40833333,0.171,
14.4125,0.154,
14.41666667,0.142,
14.42083333,0.14,
14.425,0.135,
14.42916667,0.118,
14.43333333,0.116,
14.4375,0.106,
14.44166667,0.095,
14.44583333,0.094,
14.45,0.089,
14.45416667,0.096,
14.45833333,0.092,
14.4625,0.091,
14.46666667,0.095,
14.47083333,0.105,
14.475,0.11,
14.47916667,0.112,
14.48333333,0.12,
14.4875,0.124,
14.49166667,0.138,
14.49583333,0.157,
14.5,0.165,
14.50416667,0.165,
14.50833333,0.173,
14.5125,0.186,
14.51666667,0.207,
14.52083333,0.224,
14.525,0.236,
14.52916667,0.258,
14.53333333,0.271,
14.5375,0.286,
14.54166667,0.311,
14.54583333,0.328,
14.55,0.339,
14.55416667,0.358,
14.55833333,0.376,
14.5625,0.396,
14.56666667,0.422,
14.57083333,0.445,
14.575,0.462,
14.57916667,0.486,
14.58333333,0.508,
14.5875,0.529,
14.59166667,0.553,
14.59583333,0.573,
14.6,0.593,
14.60416667,0.612,
14.60833333,0.641,
14.6125,0.685,
14.61666667,0.711,
14.62083333,0.731,
14.625,0.745,
14.62916667,0.757,
14.63333333,0.782,
14.6375,0.822,
14.64166667,0.85,
14.64583333,0.866,
14.65,0.885,
14.65416667,0.908,
14.65833333,0.925,
14.6625,0.947,
14.66666667,0.968,
14.67083333,0.98,
14.675,1.005,
14.67916667,1.032,
14.68333333,1.04,
14.6875,1.042,
14.69166667,1.061,
14.69583333,1.07,
14.7,1.102,
14.70416667,1.112,
14.70833333,1.107,
14.7125,1.101,
14.71666667,1.102,
14.72083333,1.116,
14.725,1.128,
14.72916667,1.157,
14.73333333,1.171,
14.7375,1.175,
14.74166667,1.175,
14.74583333,1.158,
14.75,1.144,
14.75416667,1.134,
14.75833333,1.144,
14.7625,1.156,
14.76666667,1.183,
14.77083333,1.201,
14.775,1.199,
14.77916667,1.181,
14.78333333,1.166,
14.7875,1.161,
14.79166667,1.164,
14.79583333,1.164,
14.8,1.15,
14.80416667,1.144,
14.80833333,1.151,
14.8125,1.153,
14.81666667,1.134,
14.82083333,1.093,
14.825,1.073,
14.82916667,1.075,
14.83333333,1.092,
14.8375,1.098,
14.84166667,1.079,
14.84583333,1.05,
14.85,1.037,
14.85416667,1.018,
14.85833333,0.982,
14.8625,0.957,
14.86666667,0.945,
14.87083333,0.939,
14.875,0.937,
14.87916667,0.925,
14.88333333,0.909,
14.8875,0.9,
14.89166667,0.9,
14.89583333,0.891,
14.9,0.87,
14.90416667,0.859,
14.90833333,0.838,
14.9125,0.817,
14.91666667,0.807,
14.92083333,0.798,
14.925,0.809,
14.92916667,0.822,
14.93333333,0.823,
14.9375,0.807,
14.94166667,0.789,
14.94583333,0.777,
14.95,0.768,
14.95416667,0.773,
14.95833333,0.783,
14.9625,0.782,
14.96666667,0.792,
14.97083333,0.794,
14.975,0.778,
14.97916667,0.766,
14.98333333,0.754,
14.9875,0.749,
14.99166667,0.76,
14.99583333,0.776,
15,0.788,
15.00416667,0.79,
15.00833333,0.791,
15.0125,0.789,
15.01666667,0.79,
15.02083333,0.795,
15.025,0.804,
15.02916667,0.808,
15.03333333,0.816,
15.0375,0.822,
15.04166667,0.83,
15.04583333,0.844,
15.05,0.858,
15.05416667,0.871,
15.05833333,0.881,
15.0625,0.889,
15.06666667,0.897,
15.07083333,0.912,
15.075,0.925,
15.07916667,0.935,
15.08333333,0.953,
15.0875,0.977,
15.09166667,0.996,
15.09583333,1.017,
15.1,1.028,
15.10416667,1.029,
15.10833333,1.03,
15.1125,1.045,
15.11666667,1.059,
15.12083333,1.088,
15.125,1.121,
15.12916667,1.138,
15.13333333,1.138,
15.1375,1.136,
15.14166667,1.139,
15.14583333,1.147,
15.15,1.157,
15.15416667,1.171,
15.15833333,1.179,
15.1625,1.198,
15.16666667,1.224,
15.17083333,1.22,
15.175,1.198,
15.17916667,1.192,
15.18333333,1.205,
15.1875,1.221,
15.19166667,1.223,
15.19583333,1.216,
15.2,1.196,
15.20416667,1.198,
15.20833333,1.211,
15.2125,1.207,
15.21666667,1.202,
15.22083333,1.194,
15.225,1.182,
15.22916667,1.165,
15.23333333,1.156,
15.2375,1.151,
15.24166667,1.145,
15.24583333,1.145,
15.25,1.128,
15.25416667,1.102,
15.25833333,1.081,
15.2625,1.072,
15.26666667,1.061,
15.27083333,1.055,
15.275,1.039,
15.27916667,1.017,
15.28333333,0.996,
15.2875,0.966,
15.29166667,0.939,
15.29583333,0.917,
15.3,0.901,
15.30416667,0.882,
15.30833333,0.865,
15.3125,0.845,
15.31666667,0.824,
15.32083333,0.797,
15.325,0.771,
15.32916667,0.743,
15.33333333,0.712,
15.3375,0.689,
15.34166667,0.676,
15.34583333,0.656,
15.35,0.624,
15.35416667,0.591,
15.35833333,0.551,
15.3625,0.523,
15.36666667,0.518,
15.37083333,0.501,
15.375,0.483,
15.37916667,0.461,
15.38333333,0.438,
15.3875,0.403,
15.39166667,0.368,
15.39583333,0.33,
15.4,0.31,
15.40416667,0.3,
15.40833333,0.298,
15.4125,0.288,
15.41666667,0.253,
15.42083333,0.221,
15.425,0.196,
15.42916667,0.184,
15.43333333,0.181,
15.4375,0.182,
15.44166667,0.17,
15.44583333,0.153,
15.45,0.133,
15.45416667,0.114,
15.45833333,0.103,
15.4625,0.092,
15.46666667,0.09,
15.47083333,0.098,
15.475,0.105,
15.47916667,0.103,
15.48333333,0.105,
15.4875,0.093,
15.49166667,0.085,
15.49583333,0.092,
15.5,0.111,
15.50416667,0.121,
15.50833333,0.127,
15.5125,0.123,
15.51666667,0.121,
15.52083333,0.13,
15.525,0.141,
15.52916667,0.16,
15.53333333,0.174,
15.5375,0.184,
15.54166667,0.21,
15.54583333,0.24,
15.55,0.248,
15.55416667,0.253,
15.55833333,0.256,
15.5625,0.267,
15.56666667,0.306,
15.57083333,0.344,
15.575,0.378,
15.57916667,0.403,
15.58333333,0.416,
15.5875,0.436,
15.59166667,0.457,
15.59583333,0.475,
15.6,0.511,
15.60416667,0.543,
15.60833333,0.577,
15.6125,0.601,
15.61666667,0.626,
15.62083333,0.653,
15.625,0.678,
15.62916667,0.704,
15.63333333,0.734,
15.6375,0.764,
15.64166667,0.8,
15.64583333,0.826,
15.65,0.837,
15.65416667,0.853,
15.65833333,0.875,
15.6625,0.914,
15.66666667,0.956,
15.67083333,0.979,
15.675,0.991,
15.67916667,1.003,
15.68333333,1.022,
15.6875,1.045,
15.69166667,1.064,
15.69583333,1.089,
15.7,1.109,
15.70416667,1.13,
15.70833333,1.149,
15.7125,1.162,
15.71666667,1.173,
15.72083333,1.191,
15.725,1.197,
15.72916667,1.204,
15.73333333,1.217,
15.7375,1.22,
15.74166667,1.237,
15.74583333,1.255,
15.75,1.267,
15.75416667,1.278,
15.75833333,1.278,
15.7625,1.277,
15.76666667,1.269,
15.77083333,1.266,
15.775,1.268,
15.77916667,1.267,
15.78333333,1.271,
15.7875,1.277,
15.79166667,1.28,
15.79583333,1.262,
15.8,1.252,
15.80416667,1.241,
15.80833333,1.234,
15.8125,1.226,
15.81666667,1.215,
15.82083333,1.206,
15.825,1.194,
15.82916667,1.181,
15.83333333,1.158,
15.8375,1.132,
15.84166667,1.114,
15.84583333,1.096,
15.85,1.086,
15.85416667,1.062,
15.85833333,1.05,
15.8625,1.046,
15.86666667,1.028,
15.87083333,1.006,
15.875,0.985,
15.87916667,0.961,
15.88333333,0.94,
15.8875,0.92,
15.89166667,0.9,
15.89583333,0.882,
15.9,0.872,
15.90416667,0.863,
15.90833333,0.848,
15.9125,0.824,
15.91666667,0.804,
15.92083333,0.79,
15.925,0.78,
15.92916667,0.767,
15.93333333,0.751,
15.9375,0.742,
15.94166667,0.732,
15.94583333,0.72,
15.95,0.705,
15.95416667,0.686,
15.95833333,0.669,
15.9625,0.664,
15.96666667,0.66,
15.97083333,0.658,
15.975,0.652,
15.97916667,0.642,
15.98333333,0.635,
15.9875,0.628,
15.99166667,0.624,
15.99583333,0.624,
16,0.617,
16.00416667,0.608,
16.00833333,0.603,
16.0125,0.609,
16.01666667,0.609,
16.02083333,0.619,
16.025,0.626,
16.02916667,0.623,
16.03333333,0.631,
16.0375,0.636,
16.04166667,0.648,
16.04583333,0.676,
16.05,0.687,
16.05416667,0.69,
16.05833333,0.696,
16.0625,0.704,
16.06666667,0.728,
16.07083333,0.748,
16.075,0.765,
16.07916667,0.776,
16.08333333,0.783,
16.0875,0.808,
16.09166667,0.843,
16.09583333,0.858,
16.1,0.873,
16.10416667,0.888,
16.10833333,0.908,
16.1125,0.933,
16.11666667,0.952,
16.12083333,0.967,
16.125,0.982,
16.12916667,1.009,
16.13333333,1.031,
16.1375,1.053,
16.14166667,1.063,
16.14583333,1.074,
16.15,1.097,
16.15416667,1.113,
16.15833333,1.127,
16.1625,1.148,
16.16666667,1.167,
16.17083333,1.187,
16.175,1.2,
16.17916667,1.209,
16.18333333,1.21,
16.1875,1.22,
16.19166667,1.235,
16.19583333,1.239,
16.2,1.257,
16.20416667,1.265,
16.20833333,1.279,
16.2125,1.281,
16.21666667,1.279,
16.22083333,1.278,
16.225,1.283,
16.22916667,1.297,
16.23333333,1.301,
16.2375,1.301,
16.24166667,1.304,
16.24583333,1.287,
16.25,1.281,
16.25416667,1.261,
16.25833333,1.253,
16.2625,1.249,
16.26666667,1.26,
16.27083333,1.247,
16.275,1.223,
16.27916667,1.218,
16.28333333,1.195,
16.2875,1.182,
16.29166667,1.17,
16.29583333,1.154,
16.3,1.136,
16.30416667,1.115,
16.30833333,1.081,
16.3125,1.05,
16.31666667,1.026,
16.32083333,1.017,
16.325,0.998,
16.32916667,0.979,
16.33333333,0.961,
16.3375,0.936,
16.34166667,0.91,
16.34583333,0.883,
16.35,0.846,
16.35416667,0.814,
16.35833333,0.802,
16.3625,0.783,
16.36666667,0.757,
16.37083333,0.734,
16.375,0.701,
16.37916667,0.672,
16.38333333,0.63,
16.3875,0.597,
16.39166667,0.579,
16.39583333,0.564,
16.4,0.548,
16.40416667,0.518,
16.40833333,0.485,
16.4125,0.46,
16.41666667,0.44,
16.42083333,0.415,
16.425,0.378,
16.42916667,0.343,
16.43333333,0.321,
16.4375,0.305,
16.44166667,0.29,
16.44583333,0.266,
16.45,0.252,
16.45416667,0.247,
16.45833333,0.228,
16.4625,0.204,
16.46666667,0.177,
16.47083333,0.156,
16.475,0.148,
16.47916667,0.145,
16.48333333,0.149,
16.4875,0.144,
16.49166667,0.138,
16.49583333,0.136,
16.5,0.132,
16.50416667,0.114,
16.50833333,0.107,
16.5125,0.111,
16.51666667,0.113,
16.52083333,0.128,
16.525,0.139,
16.52916667,0.149,
16.53333333,0.153,
16.5375,0.165,
16.54166667,0.183,
16.54583333,0.19,
16.55,0.196,
16.55416667,0.2,
16.55833333,0.216,
16.5625,0.234,
16.56666667,0.254,
16.57083333,0.287,
16.575,0.311,
16.57916667,0.33,
16.58333333,0.356,
16.5875,0.379,
16.59166667,0.401,
16.59583333,0.416,
16.6,0.441,
16.60416667,0.471,
16.60833333,0.505,
16.6125,0.541,
16.61666667,0.577,
16.62083333,0.603,
16.625,0.619,
16.62916667,0.646,
16.63333333,0.677,
16.6375,0.714,
16.64166667,0.749,
16.64583333,0.772,
16.65,0.795,
16.65416667,0.824,
16.65833333,0.86,
16.67083333,0.964,
16.675,0.986,
16.67916667,1.019,
16.68333333,1.039,
16.6875,1.058,
16.69166667,1.091,
16.69583333,1.115,
16.7,1.146,
16.70416667,1.177,
16.70833333,1.203,
16.7125,1.227,
16.71666667,1.24,
16.72083333,1.259,
16.725,1.271,
16.72916667,1.3,
16.73333333,1.336,
16.7375,1.349,
16.74166667,1.354,
16.74583333,1.347,
16.75,1.361,
16.75416667,1.385,
16.75833333,1.399,
16.7625,1.394,
16.76666667,1.388,
16.77083333,1.402,
16.775,1.415,
16.77916667,1.428,
16.78333333,1.43,
16.7875,1.416,
16.79166667,1.405,
16.79583333,1.41,
16.8,1.405,
16.80416667,1.405,
16.80833333,1.395,
16.8125,1.366,
16.81666667,1.343,
16.82083333,1.328,
16.825,1.332,
16.82916667,1.334,
16.83333333,1.329,
16.8375,1.312,
16.84166667,1.282,
16.84583333,1.266,
16.85,1.242,
16.85416667,1.213,
16.85833333,1.186,
16.8625,1.167,
16.86666667,1.156,
16.87083333,1.145,
16.875,1.12,
16.87916667,1.083,
16.88333333,1.053,
16.8875,1.02,
16.89166667,1.011,
16.89583333,0.992,
16.9,0.974,
16.90416667,0.961,
16.90833333,0.935,
16.9125,0.903,
16.91666667,0.862,
16.92083333,0.825,
16.925,0.805,
16.92916667,0.787,
16.93333333,0.779,
16.9375,0.758,
16.94166667,0.727,
16.94583333,0.715,
16.95,0.699,
16.95416667,0.675,
16.95833333,0.645,
16.9625,0.62,
16.96666667,0.608,
16.97083333,0.603,
16.975,0.589,
16.97916667,0.569,
16.98333333,0.544,
16.9875,0.522,
16.99166667,0.523,
16.99583333,0.519,
17,0.516,
17.00416667,0.512,
17.00833333,0.503,
17.0125,0.484,
17.01666667,0.482,
17.02083333,0.49,
17.025,0.496,
17.02916667,0.498,
17.03333333,0.491,
17.0375,0.478,
17.04166667,0.479,
17.04583333,0.487,
17.05,0.494,
17.05416667,0.504,
17.05833333,0.522,
17.0625,0.546,
17.06666667,0.56,
17.07083333,0.565,
17.075,0.557,
17.07916667,0.547,
17.08333333,0.579,
17.0875,0.618,
17.09166667,0.648,
17.09583333,0.658,
17.1,0.665,
17.10416667,0.677,
17.10833333,0.688,
17.1125,0.714,
17.11666667,0.738,
17.12083333,0.759,
17.125,0.799,
17.12916667,0.834,
17.13333333,0.857,
17.1375,0.868,
17.14166667,0.871,
17.14583333,0.889,
17.15,0.912,
17.15416667,0.947,
17.15833333,0.986,
17.1625,1.01,
17.16666667,1.033,
17.17083333,1.053,
17.175,1.08,
17.17916667,1.106,
17.18333333,1.128,
17.1875,1.143,
17.19166667,1.144,
17.19583333,1.16,
17.2,1.187,
17.20416667,1.229,
17.20833333,1.256,
17.2125,1.276,
17.21666667,1.287,
17.22083333,1.295,
17.225,1.304,
17.22916667,1.319,
17.23333333,1.324,
17.2375,1.327,
17.24166667,1.34,
17.24583333,1.357,
17.25,1.372,
17.25416667,1.386,
17.25833333,1.376,
17.2625,1.351,
17.26666667,1.351,
17.27083333,1.352,
17.275,1.351,
17.27916667,1.354,
17.28333333,1.36,
17.2875,1.36,
17.29166667,1.345,
17.29583333,1.323,
17.3,1.291,
17.30416667,1.266,
17.30833333,1.266,
17.3125,1.264,
17.31666667,1.24,
17.32083333,1.22,
17.325,1.21,
17.32916667,1.188,
17.33333333,1.174,
17.3375,1.146,
17.34166667,1.112,
17.34583333,1.086,
17.35,1.073,
17.35416667,1.049,
17.35833333,1.022,
17.3625,0.998,
17.36666667,0.961,
17.37083333,0.935,
17.375,0.907,
17.37916667,0.882,
17.38333333,0.849,
17.3875,0.816,
17.39166667,0.794,
17.39583333,0.767,
17.4,0.744,
17.40416667,0.723,
17.40833333,0.681,
17.4125,0.64,
17.41666667,0.602,
17.42083333,0.566,
17.425,0.538,
17.42916667,0.511,
17.43333333,0.482,
17.4375,0.458,
17.44166667,0.44,
17.44583333,0.422,
17.45,0.383,
17.45416667,0.353,
17.45833333,0.328,
17.4625,0.311,
17.46666667,0.301,
17.47083333,0.275,
17.475,0.247,
17.47916667,0.229,
17.48333333,0.212,
17.4875,0.213,
17.49166667,0.197,
17.49583333,0.183,
17.5,0.182,
17.50416667,0.164,
17.50833333,0.157,
17.5125,0.152,
17.51666667,0.141,
17.52083333,0.146,
17.525,0.152,
17.52916667,0.167,
17.53333333,0.17,
17.5375,0.162,
17.54166667,0.164,
17.54583333,0.16,
17.55,0.167,
17.55416667,0.186,
17.55833333,0.199,
17.5625,0.217,
17.56666667,0.235,
17.57083333,0.255,
17.575,0.275,
17.57916667,0.279,
17.58333333,0.282,
17.5875,0.293,
17.59166667,0.32,
17.59583333,0.361,
17.6,0.395,
17.60416667,0.417,
17.60833333,0.434,
17.6125,0.462,
17.61666667,0.487,
17.62083333,0.51,
17.625,0.536,
17.62916667,0.559,
17.63333333,0.599,
17.6375,0.646,
17.64166667,0.681,
17.64583333,0.71,
17.65,0.746,
17.65416667,0.784,
17.65833333,0.818,
17.6625,0.845,
17.66666667,0.877,
17.67083333,0.91,
17.675,0.948,
17.67916667,0.986,
17.68333333,1.007,
17.6875,1.042,
17.69166667,1.088,
17.69583333,1.136,
17.7,1.156,
17.70416667,1.168,
17.70833333,1.185,
17.7125,1.212,
17.71666667,1.259,
17.72083333,1.295,
17.725,1.318,
17.72916667,1.339,
17.73333333,1.357,
17.7375,1.376,
17.74166667,1.396,
17.74583333,1.422,
17.75,1.44,
17.75416667,1.453,
17.75833333,1.47,
17.7625,1.486,
17.76666667,1.509,
17.77083333,1.517,
17.775,1.509,
17.77916667,1.505,
17.78333333,1.513,
17.7875,1.521,
17.79166667,1.527,
17.79583333,1.527,
17.8,1.523,
17.80416667,1.531,
17.80833333,1.524,
17.8125,1.512,
17.81666667,1.495,
17.82083333,1.487,
17.825,1.476,
17.82916667,1.458,
17.83333333,1.444,
17.8375,1.42,
17.84166667,1.41,
17.84583333,1.397,
17.85,1.371,
17.85416667,1.347,
17.85833333,1.319,
17.8625,1.29,
17.86666667,1.267,
17.87083333,1.242,
17.875,1.224,
17.87916667,1.198,
17.88333333,1.171,
17.8875,1.139,
17.89166667,1.102,
17.89583333,1.071,
17.9,1.034,
17.90416667,1.008,
17.90833333,0.984,
17.9125,0.953,
17.91666667,0.938,
17.92083333,0.909,
17.925,0.868,
17.92916667,0.839,
17.93333333,0.803,
17.9375,0.775,
17.94166667,0.753,
17.94583333,0.727,
17.95,0.698,
17.95416667,0.666,
17.95833333,0.627,
17.9625,0.606,
17.96666667,0.574,
17.97083333,0.547,
17.975,0.535,
17.97916667,0.504,
17.98333333,0.475,
17.9875,0.456,
17.99166667,0.437,
17.99583333,0.421,
18,0.4,
18.00416667,0.379,
18.00833333,0.364,
18.0125,0.34,
18.01666667,0.323,
18.02083333,0.317,
18.025,0.299,
18.02916667,0.29,
18.03333333,0.286,
18.0375,0.283,
18.04166667,0.27,
18.04583333,0.27,
18.05,0.273,
18.05416667,0.274,
18.05833333,0.28,
18.0625,0.283,
18.06666667,0.286,
18.07083333,0.286,
18.075,0.292,
18.07916667,0.303,
18.08333333,0.317,
18.0875,0.326,
18.09166667,0.348,
18.09583333,0.374,
18.1,0.389,
18.10416667,0.404,
18.10833333,0.424,
18.1125,0.442,
18.11666667,0.467,
18.12083333,0.494,
18.125,0.519,
18.12916667,0.545,
18.13333333,0.57,
18.1375,0.598,
18.14166667,0.626,
18.14583333,0.646,
18.15,0.667,
18.15416667,0.702,
18.15833333,0.734,
18.1625,0.75,
18.16666667,0.775,
18.17083333,0.797,
18.175,0.842,
18.17916667,0.889,
18.18333333,0.916,
18.1875,0.935,
18.19166667,0.954,
18.19583333,0.974,
18.2,0.996,
18.20416667,1.015,
18.20833333,1.048,
18.2125,1.086,
18.21666667,1.126,
18.22083333,1.155,
18.225,1.169,
18.22916667,1.175,
18.23333333,1.192,
18.2375,1.216,
18.24166667,1.236,
18.24583333,1.256,
18.25,1.272,
18.25416667,1.295,
18.25833333,1.318,
18.2625,1.327,
18.26666667,1.321,
18.27083333,1.333,
18.275,1.339,
18.27916667,1.352,
18.28333333,1.363,
18.2875,1.37,
18.29166667,1.374,
18.29583333,1.369,
18.3,1.361,
18.30416667,1.353,
18.30833333,1.355,
18.3125,1.359,
18.31666667,1.348,
18.32083333,1.329,
18.325,1.304,
18.32916667,1.286,
18.33333333,1.277,
18.3375,1.27,
18.34166667,1.263,
18.34583333,1.244,
18.35,1.221,
18.35416667,1.193,
18.35833333,1.158,
18.3625,1.12,
18.36666667,1.089,
18.37083333,1.073,
18.375,1.058,
18.37916667,1.04,
18.38333333,1.002,
18.3875,0.965,
18.39166667,0.932,
18.39583333,0.897,
18.4,0.866,
18.40416667,0.831,
18.40833333,0.803,
18.4125,0.791,
18.41666667,0.765,
18.42083333,0.738,
18.425,0.694,
18.42916667,0.652,
18.43333333,0.627,
18.4375,0.602,
18.44166667,0.573,
18.44583333,0.536,
18.45,0.505,
18.45416667,0.493,
18.45833333,0.484,
18.4625,0.461,
18.46666667,0.423,
18.47083333,0.39,
18.475,0.357,
18.47916667,0.34,
18.48333333,0.323,
18.4875,0.293,
18.49166667,0.27,
18.49583333,0.262,
18.5,0.267,
18.50416667,0.256,
18.50833333,0.223,
18.5125,0.199,
18.51666667,0.178,
18.52083333,0.161,
18.525,0.157,
18.52916667,0.155,
18.53333333,0.16,
18.5375,0.168,
18.54166667,0.176,
18.54583333,0.171,
18.55,0.159,
18.55416667,0.152,
18.55833333,0.141,
18.5625,0.16,
18.56666667,0.172,
18.57083333,0.181,
18.575,0.209,
18.57916667,0.227,
18.58333333,0.248,
18.5875,0.264,
18.59166667,0.279,
18.59583333,0.296,
18.6,0.321,
18.60416667,0.352,
18.60833333,0.381,
18.6125,0.397,
18.61666667,0.422,
18.62083333,0.456,
18.625,0.484,
18.62916667,0.511,
18.63333333,0.537,
18.6375,0.56,
18.64166667,0.598,
18.64583333,0.647,
18.65,0.68,
18.65416667,0.72,
18.65833333,0.752,
18.6625,0.787,
18.66666667,0.823,
18.67083333,0.851,
18.675,0.885,
18.67916667,0.911,
18.68333333,0.939,
18.6875,0.981,
18.69166667,1.021,
18.69583333,1.062,
18.7,1.104,
18.70416667,1.142,
18.70833333,1.177,
18.7125,1.202,
18.71666667,1.217,
18.72083333,1.24,
18.725,1.262,
18.72916667,1.312,
18.73333333,1.362,
18.7375,1.397,
18.74166667,1.415,
18.74583333,1.434,
18.75,1.448,
18.75416667,1.469,
18.75833333,1.5,
18.7625,1.523,
18.76666667,1.555,
18.77083333,1.577,
18.775,1.59,
18.77916667,1.588,
18.78333333,1.598,
18.7875,1.607,
18.79166667,1.62,
18.79583333,1.623,
18.8,1.624,
18.80416667,1.639,
18.80833333,1.645,
18.8125,1.638,
18.81666667,1.631,
18.82083333,1.631,
18.825,1.624,
18.82916667,1.618,
18.83333333,1.604,
18.8375,1.586,
18.84166667,1.567,
18.84583333,1.536,
18.85,1.513,
18.85416667,1.499,
18.85833333,1.485,
18.8625,1.469,
18.86666667,1.439,
18.87083333,1.406,
18.875,1.372,
18.87916667,1.346,
18.88333333,1.316,
18.8875,1.286,
18.89166667,1.252,
18.89583333,1.215,
18.9,1.182,
18.90416667,1.138,
18.90833333,1.106,
18.9125,1.085,
18.91666667,1.062,
18.92083333,1.023,
18.925,0.98,
18.92916667,0.938,
18.93333333,0.9,
18.9375,0.871,
18.94166667,0.829,
18.94583333,0.798,
18.95,0.771,
18.95416667,0.744,
18.95833333,0.718,
18.9625,0.671,
18.96666667,0.621,
18.97083333,0.585,
18.975,0.548,
18.97916667,0.522,
18.98333333,0.498,
18.9875,0.463,
18.99166667,0.433,
18.99583333,0.407,
19,0.386,
19.00416667,0.358,
19.00833333,0.317,
19.0125,0.28,
19.01666667,0.249,
19.02083333,0.232,
19.025,0.217,
19.02916667,0.205,
19.03333333,0.185,
19.0375,0.165,
19.04166667,0.152,
19.04583333,0.147,
19.05,0.128,
19.05416667,0.105,
19.05833333,0.094,
19.0625,0.089,
19.06666667,0.098,
19.07083333,0.108,
19.075,0.113,
19.07916667,0.115,
19.08333333,0.108,
19.0875,0.12,
19.09166667,0.135,
19.09583333,0.131,
19.1,0.137,
19.10416667,0.15,
19.10833333,0.16,
19.1125,0.19,
19.11666667,0.228,
19.12083333,0.257,
19.125,0.279,
19.12916667,0.285,
19.13333333,0.295,
19.1375,0.305,
19.14166667,0.32,
19.14583333,0.357,
19.15,0.407,
19.15416667,0.441,
19.15833333,0.471,
19.1625,0.492,
19.16666667,0.516,
19.17083333,0.542,
19.175,0.578,
19.17916667,0.601,
19.18333333,0.617,
19.1875,0.658,
19.19166667,0.702,
19.19583333,0.752,
19.2,0.787,
19.20416667,0.813,
19.20833333,0.831,
19.2125,0.853,
19.21666667,0.887,
19.22083333,0.928,
19.225,0.952,
19.22916667,0.985,
19.23333333,1.024,
19.2375,1.065,
19.24166667,1.109,
19.24583333,1.125,
19.25,1.141,
19.25416667,1.151,
19.25833333,1.174,
19.2625,1.199,
19.26666667,1.224,
19.27083333,1.255,
19.275,1.284,
19.27916667,1.303,
19.28333333,1.314,
19.2875,1.319,
19.29166667,1.329,
19.29583333,1.339,
19.3,1.35,
19.30416667,1.343,
19.30833333,1.341,
19.3125,1.354,
19.31666667,1.367,
19.32083333,1.375,
19.325,1.36,
19.32916667,1.342,
19.33333333,1.323,
19.3375,1.331,
19.34166667,1.335,
19.34583333,1.318,
19.35,1.304,
19.35416667,1.295,
19.35833333,1.281,
19.3625,1.26,
19.36666667,1.236,
19.37083333,1.216,
19.375,1.196,
19.37916667,1.191,
19.38333333,1.152,
19.3875,1.118,
19.39166667,1.099,
19.39583333,1.086,
19.4,1.071,
19.40416667,1.037,
19.40833333,0.996,
19.4125,0.954,
19.41666667,0.928,
19.42083333,0.908,
19.425,0.875,
19.42916667,0.845,
19.43333333,0.82,
19.4375,0.801,
19.44166667,0.776,
19.44583333,0.734,
19.45,0.693,
19.45416667,0.657,
19.45833333,0.634,
19.4625,0.606,
19.46666667,0.581,
19.47083333,0.561,
19.475,0.536,
19.47916667,0.516,
19.48333333,0.494,
19.4875,0.47,
19.49166667,0.448,
19.49583333,0.426,
19.5,0.403,
19.50416667,0.371,
19.50833333,0.341,
19.5125,0.323,
19.51666667,0.309,
19.52083333,0.302,
19.525,0.282,
19.52916667,0.263,
19.53333333,0.259,
19.5375,0.265,
19.54166667,0.264,
19.54583333,0.247,
19.55,0.23,
19.55416667,0.216,
19.55833333,0.22,
19.5625,0.225,
19.56666667,0.222,
19.57083333,0.215,
19.575,0.22,
19.57916667,0.236,
19.58333333,0.259,
19.5875,0.281,
19.59166667,0.294,
19.59583333,0.3,
19.6,0.31,
19.60416667,0.333,
19.60833333,0.358,
19.6125,0.373,
19.61666667,0.398,
19.62083333,0.422,
19.625,0.459,
19.62916667,0.5,
19.63333333,0.524,
19.6375,0.55,
19.64166667,0.569,
19.64583333,0.591,
19.65,0.632,
19.65416667,0.679,
19.65833333,0.72,
19.6625,0.764,
19.66666667,0.797,
19.67083333,0.822,
19.675,0.857,
19.67916667,0.885,
19.68333333,0.922,
19.6875,0.951,
19.69166667,0.98,
19.69583333,1.03,
19.7,1.077,
19.70416667,1.124,
19.70833333,1.151,
19.7125,1.168,
19.71666667,1.199,
19.72083333,1.239,
19.725,1.275,
19.72916667,1.312,
19.73333333,1.345,
19.7375,1.383,
19.74166667,1.424,
19.74583333,1.454,
19.75,1.472,
19.75416667,1.493,
19.75833333,1.516,
19.7625,1.554,
19.76666667,1.576,
19.77083333,1.593,
19.775,1.638,
19.77916667,1.678,
19.78333333,1.698,
19.7875,1.709,
19.79166667,1.717,
19.79583333,1.724,
19.8,1.736,
19.80416667,1.735,
19.80833333,1.732,
19.8125,1.756,
19.81666667,1.775,
19.82083333,1.785,
19.825,1.78,
19.82916667,1.764,
19.83333333,1.762,
19.8375,1.764,
19.84166667,1.751,
19.84583333,1.736,
19.85,1.724,
19.85416667,1.694,
19.85833333,1.658,
19.8625,1.631,
19.86666667,1.617,
19.87083333,1.618,
19.875,1.609,
19.87916667,1.568,
19.88333333,1.524,
19.8875,1.495,
19.89166667,1.465,
19.89583333,1.435,
19.9,1.391,
19.90416667,1.347,
19.90833333,1.32,
19.9125,1.294,
19.91666667,1.265,
19.92083333,1.213,
19.925,1.161,
19.92916667,1.125,
19.93333333,1.097,
19.9375,1.075,
19.94166667,1.038,
19.94583333,0.994,
19.95,0.941,
19.95416667,0.892,
19.95833333,0.849,
19.9625,0.805,
19.96666667,0.761,
19.97083333,0.727,
19.975,0.694,
19.97916667,0.666,
19.98333333,0.635,
19.9875,0.599,
19.99166667,0.549,
19.99583333,0.497,
20,0.448,
20.00416667,0.411,
20.00833333,0.373,
20.0125,0.351,
20.01666667,0.325,
20.02083333,0.284,
20.025,0.247,
20.02916667,0.217,
20.03333333,0.188,
20.0375,0.159,
20.04166667,0.117,
20.04583333,0.091,
20.05,0.081,
20.05416667,0.066,
20.05833333,0.05,
20.0625,0.038,
20.06666667,0.007,
20.07083333,-0.023,
20.075,-0.037,
20.07916667,-0.041,
20.08333333,-0.046,
20.0875,-0.049,
20.09166667,-0.047,
20.09583333,-0.052,
20.1,-0.053,
20.10416667,-0.035,
20.10833333,-0.021,
20.1125,-0.014,
20.11666667,-0.012,
20.12083333,-0.01,
20.125,-0.001,
20.12916667,0.018,
20.13333333,0.043,
20.1375,0.069,
20.14166667,0.093,
20.14583333,0.127,
20.15,0.154,
20.15416667,0.178,
20.15833333,0.191,
20.1625,0.213,
20.16666667,0.255,
20.17083333,0.289,
20.175,0.33,
20.17916667,0.361,
20.18333333,0.381,
20.1875,0.411,
20.19166667,0.439,
20.19583333,0.474,
20.2,0.508,
20.20416667,0.552,
20.20833333,0.589,
20.2125,0.634,
20.21666667,0.669,
20.22083333,0.7,
20.225,0.732,
20.22916667,0.754,
20.23333333,0.787,
20.2375,0.824,
20.24166667,0.867,
20.24583333,0.91,
20.25,0.928,
20.25416667,0.959,
20.25833333,0.988,
20.2625,1.022,
20.26666667,1.048,
20.27083333,1.083,
20.275,1.109,
20.27916667,1.14,
20.28333333,1.177,
20.2875,1.2,
20.29166667,1.217,
20.29583333,1.236,
20.3,1.258,
20.30416667,1.276,
20.30833333,1.289,
20.3125,1.3,
20.31666667,1.311,
20.32083333,1.334,
20.325,1.352,
20.32916667,1.358,
20.33333333,1.369,
20.3375,1.384,
20.34166667,1.394,
20.34583333,1.377,
20.35,1.358,
20.35416667,1.341,
20.35833333,1.349,
20.3625,1.363,
20.36666667,1.367,
20.37083333,1.345,
20.375,1.326,
20.37916667,1.307,
20.38333333,1.278,
20.3875,1.258,
20.39166667,1.23,
20.39583333,1.216,
20.4,1.22,
20.40416667,1.206,
20.40833333,1.169,
20.4125,1.128,
20.41666667,1.095,
20.42083333,1.075,
20.425,1.047,
20.42916667,1.021,
20.43333333,0.993,
20.4375,0.968,
20.44166667,0.937,
20.44583333,0.905,
20.45,0.868,
20.45416667,0.847,
20.45833333,0.834,
20.4625,0.806,
20.46666667,0.767,
20.47083333,0.733,
20.475,0.704,
20.47916667,0.68,
20.48333333,0.657,
20.4875,0.622,
20.49166667,0.598,
20.49583333,0.581,
20.5,0.564,
20.50416667,0.543,
20.50833333,0.498,
20.5125,0.46,
20.51666667,0.444,
20.52083333,0.435,
20.525,0.425,
20.52916667,0.404,
20.53333333,0.383,
20.5375,0.356,
20.54166667,0.337,
20.54583333,0.332,
20.55,0.324,
20.55416667,0.309,
20.55833333,0.304,
20.5625,0.293,
20.56666667,0.286,
20.57083333,0.289,
20.575,0.285,
20.57916667,0.286,
20.58333333,0.278,
20.5875,0.276,
20.59166667,0.287,
20.59583333,0.293,
20.6,0.302,
20.60416667,0.319,
20.60833333,0.339,
20.6125,0.362,
20.61666667,0.386,
20.62083333,0.408,
20.625,0.409,
20.62916667,0.414,
20.63333333,0.43,
20.6375,0.465,
20.64166667,0.502,
20.64583333,0.548,
20.65,0.59,
20.65416667,0.613,
20.65833333,0.639,
20.6625,0.668,
20.66666667,0.685,
20.67083333,0.709,
20.675,0.756,
20.67916667,0.797,
20.68333333,0.84,
20.6875,0.884,
20.69166667,0.92,
20.69583333,0.952,
20.7,0.973,
20.70416667,1.005,
20.70833333,1.042,
20.7125,1.085,
20.71666667,1.129,
20.72083333,1.177,
20.725,1.215,
20.72916667,1.249,
20.73333333,1.278,
20.7375,1.314,
20.74166667,1.354,
20.74583333,1.387,
20.75,1.426,
20.75416667,1.459,
20.75833333,1.494,
20.7625,1.539,
20.76666667,1.58,
20.77083333,1.604,
20.775,1.636,
20.77916667,1.663,
20.78333333,1.687,
20.7875,1.717,
20.79166667,1.736,
20.79583333,1.75,
20.8,1.767,
20.80416667,1.794,
20.80833333,1.816,
20.8125,1.841,
20.81666667,1.854,
20.82083333,1.855,
20.825,1.853,
20.82916667,1.846,
20.83333333,1.848,
20.8375,1.862,
20.84166667,1.868,
20.84583333,1.861,
20.85,1.852,
20.85416667,1.833,
20.85833333,1.816,
20.8625,1.8,
20.86666667,1.782,
20.87083333,1.765,
20.875,1.748,
20.87916667,1.733,
20.88333333,1.701,
20.8875,1.679,
20.89166667,1.656,
20.89583333,1.628,
20.9,1.585,
20.90416667,1.542,
20.90833333,1.507,
20.9125,1.48,
20.91666667,1.447,
20.92083333,1.402,
20.925,1.36,
20.92916667,1.328,
20.93333333,1.303,
20.9375,1.261,
20.94166667,1.205,
20.94583333,1.155,
20.95,1.113,
20.95416667,1.086,
20.95833333,1.043,
20.9625,0.996,
20.96666667,0.949,
20.97083333,0.905,
20.975,0.859,
20.97916667,0.801,
20.98333333,0.746,
20.9875,0.705,
20.99166667,0.67,
20.99583333,0.625,
21,0.58,
21.00416667,0.536,
21.00833333,0.492,
21.0125,0.449,
21.01666667,0.406,
21.02083333,0.364,
21.025,0.324,
21.02916667,0.284,
21.03333333,0.245,
21.0375,0.208,
21.04166667,0.172,
21.04583333,0.137,
21.05,0.105,
21.05416667,0.086,
21.05833333,0.053,
21.0625,0.02,
21.06666667,-0.016,
21.07083333,-0.053,
21.075,-0.072,
21.07916667,-0.095,
21.08333333,-0.116,
21.0875,-0.137,
21.09166667,-0.154,
21.09583333,-0.165,
21.1,-0.168,
21.10416667,-0.179,
21.10833333,-0.187,
21.1125,-0.192,
21.11666667,-0.198,
21.12083333,-0.207,
21.125,-0.209,
21.12916667,-0.209,
21.13333333,-0.2,
21.1375,-0.185,
21.14166667,-0.177,
21.14583333,-0.164,
21.15,-0.149,
21.15416667,-0.123,
21.15833333,-0.103,
21.1625,-0.086,
21.16666667,-0.066,
21.17083333,-0.057,
21.175,-0.025,
21.17916667,0.018,
21.18333333,0.047,
21.1875,0.072,
21.19166667,0.1,
21.19583333,0.13,
21.2,0.172,
21.20416667,0.202,
21.20833333,0.224,
21.2125,0.26,
21.21666667,0.294,
21.22083333,0.339,
21.225,0.381,
21.22916667,0.419,
21.23333333,0.447,
21.2375,0.481,
21.24166667,0.513,
21.24583333,0.55,
21.25,0.586,
21.25416667,0.624,
21.25833333,0.657,
21.2625,0.688,
21.26666667,0.724,
21.27083333,0.761,
21.275,0.794,
21.27916667,0.836,
21.28333333,0.871,
21.2875,0.903,
21.29166667,0.931,
21.29583333,0.947,
21.3,0.975,
21.30416667,1.007,
21.30833333,1.041,
21.3125,1.082,
21.31666667,1.111,
21.32083333,1.132,
21.325,1.149,
21.32916667,1.164,
21.33333333,1.174,
21.3375,1.19,
21.34166667,1.22,
21.34583333,1.255,
21.35,1.277,
21.35416667,1.277,
21.35833333,1.267,
21.3625,1.259,
21.36666667,1.266,
21.37083333,1.282,
21.375,1.298,
21.37916667,1.31,
21.38333333,1.304,
21.3875,1.294,
21.39166667,1.269,
21.39583333,1.251,
21.4,1.243,
21.40416667,1.24,
21.40833333,1.238,
21.4125,1.212,
21.41666667,1.188,
21.42083333,1.164,
21.425,1.14,
21.42916667,1.115,
21.43333333,1.096,
21.4375,1.086,
21.44166667,1.069,
21.44583333,1.041,
21.45,1.003,
21.45416667,0.964,
21.45833333,0.94,
21.4625,0.926,
21.46666667,0.903,
21.47083333,0.876,
21.475,0.85,
21.47916667,0.821,
21.48333333,0.799,
21.4875,0.767,
21.49166667,0.734,
21.49583333,0.71,
21.5,0.696,
21.50416667,0.68,
21.50833333,0.662,
21.5125,0.643,
21.51666667,0.617,
21.52083333,0.595,
21.525,0.562,
21.52916667,0.528,
21.53333333,0.508,
21.5375,0.488,
21.54166667,0.485,
21.54583333,0.484,
21.55,0.469,
21.55416667,0.447,
21.55833333,0.431,
21.5625,0.414,
21.56666667,0.395,
21.57083333,0.369,
21.575,0.371,
21.57916667,0.379,
21.58333333,0.372,
21.5875,0.367,
21.59166667,0.356,
21.59583333,0.35,
21.6,0.365,
21.60416667,0.378,
21.60833333,0.369,
21.6125,0.365,
21.61666667,0.367,
21.62083333,0.388,
21.625,0.408,
21.62916667,0.419,
21.63333333,0.436,
21.6375,0.448,
21.64166667,0.471,
21.64583333,0.492,
21.65,0.521,
21.65416667,0.55,
21.65833333,0.562,
21.6625,0.594,
21.66666667,0.627,
21.67083333,0.657,
21.675,0.686,
21.67916667,0.709,
21.68333333,0.74,
21.6875,0.767,
21.69166667,0.805,
21.69583333,0.85,
21.7,0.884,
21.70416667,0.922,
21.70833333,0.959,
21.7125,0.985,
21.71666667,1.025,
21.72083333,1.064,
21.725,1.107,
21.72916667,1.15,
21.73333333,1.183,
21.7375,1.211,
21.74166667,1.246,
21.74583333,1.292,
21.75,1.335,
21.75416667,1.385,
21.75833333,1.424,
21.7625,1.456,
21.76666667,1.481,
21.77083333,1.517,
21.775,1.543,
21.77916667,1.58,
21.78333333,1.617,
21.7875,1.665,
21.79166667,1.698,
21.79583333,1.717,
21.8,1.739,
21.80416667,1.753,
21.80833333,1.772,
21.8125,1.802,
21.81666667,1.829,
21.82083333,1.856,
21.825,1.878,
21.82916667,1.878,
21.83333333,1.876,
21.8375,1.891,
21.84166667,1.912,
21.84583333,1.926,
21.85,1.927,
21.85416667,1.922,
21.85833333,1.913,
21.8625,1.912,
21.86666667,1.904,
21.87083333,1.886,
21.875,1.891,
21.87916667,1.895,
21.88333333,1.878,
21.8875,1.862,
21.89166667,1.821,
21.89583333,1.795,
21.9,1.777,
21.90416667,1.75,
21.90833333,1.723,
21.9125,1.701,
21.91666667,1.684,
21.92083333,1.644,
21.925,1.601,
21.92916667,1.557,
21.93333333,1.526,
21.9375,1.499,
21.94166667,1.471,
21.94583333,1.421,
21.95,1.366,
21.95416667,1.333,
21.95833333,1.291,
21.9625,1.246,
21.96666667,1.211,
21.97083333,1.165,
21.975,1.126,
21.97916667,1.081,
21.98333333,1.026,
21.9875,0.971,
21.99166667,0.922,
21.99583333,0.89,
22,0.847,
22.00416667,0.802,
22.00833333,0.757,
22.0125,0.712,
22.01666667,0.655,
22.02083333,0.6,
22.025,0.55,
22.02916667,0.487,
22.03333333,0.453,
22.0375,0.427,
22.04166667,0.38,
22.04583333,0.338,
22.05,0.29,
22.05416667,0.244,
22.05833333,0.204,
22.0625,0.161,
22.06666667,0.121,
22.07083333,0.073,
22.075,0.037,
22.07916667,0.006,
22.08333333,-0.024,
22.0875,-0.063,
22.09166667,-0.107,
22.09583333,-0.137,
22.1,-0.151,
22.10416667,-0.174,
22.10833333,-0.194,
22.1125,-0.212,
22.11666667,-0.246,
22.12083333,-0.279,
22.125,-0.288,
22.12916667,-0.294,
22.13333333,-0.305,
22.1375,-0.314,
22.14166667,-0.313,
22.14583333,-0.312,
22.15,-0.324,
22.15416667,-0.318,
22.15833333,-0.306,
22.1625,-0.296,
22.16666667,-0.28,
22.17083333,-0.26,
22.175,-0.244,
22.17916667,-0.239,
22.18333333,-0.229,
22.1875,-0.206,
22.19166667,-0.182,
22.19583333,-0.157,
22.2,-0.115,
22.20416667,-0.078,
22.20833333,-0.045,
22.2125,-0.034,
22.21666667,-0.013,
22.22083333,0.015,
22.225,0.042,
22.22916667,0.085,
22.23333333,0.143,
22.2375,0.173,
22.24166667,0.194,
22.24583333,0.229,
22.25,0.248,
22.25416667,0.276,
22.25833333,0.306,
22.2625,0.347,
22.26666667,0.388,
22.27083333,0.427,
22.275,0.478,
22.27916667,0.517,
22.28333333,0.542,
22.2875,0.569,
22.29166667,0.597,
22.29583333,0.627,
22.3,0.654,
22.30416667,0.699,
22.30833333,0.753,
22.3125,0.783,
22.31666667,0.828,
22.32083333,0.865,
22.325,0.89,
22.32916667,0.92,
22.33333333,0.941,
22.3375,0.966,
22.34166667,0.991,
22.34583333,1.036,
22.35,1.068,
22.35416667,1.09,
22.35833333,1.11,
22.3625,1.126,
22.36666667,1.145,
22.37083333,1.157,
22.375,1.171,
22.37916667,1.174,
22.38333333,1.188,
22.3875,1.213,
22.39166667,1.216,
22.39583333,1.213,
22.4,1.205,
22.40416667,1.202,
22.40833333,1.193,
22.4125,1.194,
22.41666667,1.186,
22.42083333,1.172,
22.425,1.166,
22.42916667,1.155,
22.43333333,1.14,
22.4375,1.121,
22.44166667,1.111,
22.44583333,1.089,
22.45,1.062,
22.45416667,1.037,
22.45833333,1.008,
22.4625,0.99,
22.46666667,0.985,
22.47083333,0.989,
22.475,0.979,
22.47916667,0.955,
22.48333333,0.923,
22.4875,0.872,
22.49166667,0.842,
22.49583333,0.823,
22.5,0.808,
22.50416667,0.807,
22.50833333,0.795,
22.5125,0.776,
22.51666667,0.747,
22.52083333,0.719,
22.525,0.684,
22.52916667,0.664,
22.53333333,0.655,
22.5375,0.653,
22.54166667,0.641,
22.54583333,0.627,
22.55,0.607,
22.55416667,0.574,
22.55833333,0.543,
22.5625,0.531,
22.56666667,0.516,
22.57083333,0.508,
22.575,0.509,
22.57916667,0.498,
22.58333333,0.474,
22.5875,0.469,
22.59166667,0.465,
22.59583333,0.451,
22.6,0.446,
22.60416667,0.451,
22.60833333,0.442,
22.6125,0.428,
22.61666667,0.425,
22.62083333,0.421,
22.625,0.431,
22.62916667,0.449,
22.63333333,0.465,
22.6375,0.469,
22.64166667,0.477,
22.64583333,0.483,
22.65,0.491,
22.65416667,0.499,
22.65833333,0.512,
22.6625,0.543,
22.66666667,0.578,
22.67083333,0.604,
22.675,0.622,
22.67916667,0.639,
22.68333333,0.654,
22.6875,0.678,
22.69166667,0.715,
22.69583333,0.752,
22.7,0.793,
22.70416667,0.819,
22.70833333,0.842,
22.7125,0.866,
22.71666667,0.897,
22.72083333,0.942,
22.725,0.988,
22.72916667,1.017,
22.73333333,1.049,
22.7375,1.08,
22.74166667,1.114,
22.74583333,1.151,
22.75,1.175,
22.75416667,1.21,
22.75833333,1.254,
22.7625,1.307,
22.76666667,1.351,
22.77083333,1.382,
22.775,1.402,
22.77916667,1.433,
22.78333333,1.48,
22.7875,1.513,
22.79166667,1.55,
22.79583333,1.577,
22.8,1.61,
22.80416667,1.651,
22.80833333,1.684,
22.8125,1.704,
22.81666667,1.729,
22.82083333,1.758,
22.825,1.782,
22.82916667,1.811,
22.83333333,1.83,
22.8375,1.845,
22.84166667,1.875,
22.84583333,1.889,
22.85,1.9,
22.85416667,1.911,
22.85833333,1.929,
22.8625,1.942,
22.86666667,1.939,
22.87083333,1.927,
22.875,1.919,
22.87916667,1.935,
22.88333333,1.948,
22.8875,1.944,
22.89166667,1.925,
22.89583333,1.911,
22.9,1.902,
22.90416667,1.884,
22.90833333,1.86,
22.9125,1.838,
22.91666667,1.824,
22.92083333,1.802,
22.925,1.774,
22.92916667,1.734,
22.93333333,1.711,
22.9375,1.699,
22.94166667,1.669,
22.94583333,1.628,
22.95,1.588,
22.95416667,1.557,
22.95833333,1.521,
22.9625,1.482,
22.96666667,1.436,
22.97083333,1.397,
22.975,1.371,
22.97916667,1.338,
22.98333333,1.285,
22.9875,1.232,
22.99166667,1.197,
22.99583333,1.155,
23,1.116,
23.00416667,1.067,
23.00833333,1.02,
23.0125,0.987,
23.01666667,0.941,
23.02083333,0.893,
23.025,0.839,
23.02916667,0.784,
23.03333333,0.739,
23.0375,0.68,
23.04166667,0.627,
23.04583333,0.579,
23.05,0.536,
23.05416667,0.502,
23.05833333,0.453,
23.0625,0.396,
23.06666667,0.35,
23.07083333,0.3,
23.075,0.254,
23.07916667,0.209,
23.08333333,0.156,
23.0875,0.114,
23.09166667,0.08,
23.09583333,0.049,
23.1,0.014,
23.10416667,-0.028,
23.10833333,-0.065,
23.1125,-0.11,
23.11666667,-0.144,
23.12083333,-0.166,
23.125,-0.19,
23.12916667,-0.212,
23.13333333,-0.237,
23.1375,-0.262,
23.14166667,-0.282,
23.14583333,-0.303,
23.15,-0.319,
23.15416667,-0.338,
23.15833333,-0.363,
23.1625,-0.374,
23.16666667,-0.374,
23.17083333,-0.367,
23.175,-0.362,
23.17916667,-0.354,
23.18333333,-0.349,
23.1875,-0.357,
23.19166667,-0.349,
23.19583333,-0.342,
23.2,-0.351,
23.20416667,-0.328,
23.20833333,-0.31,
23.2125,-0.285,
23.21666667,-0.255,
23.22083333,-0.231,
23.225,-0.212,
23.22916667,-0.188,
23.23333333,-0.164,
23.2375,-0.137,
23.24166667,-0.102,
23.24583333,-0.082,
23.25,-0.065,
23.25416667,-0.033,
23.25833333,-0.002,
23.2625,0.036,
23.26666667,0.072,
23.27083333,0.105,
23.275,0.139,
23.27916667,0.161,
23.28333333,0.2,
23.2875,0.228,
23.29166667,0.259,
23.29583333,0.287,
23.3,0.324,
23.30416667,0.368,
23.30833333,0.402,
23.3125,0.438,
23.31666667,0.472,
23.32083333,0.492,
23.325,0.518,
23.32916667,0.563,
23.33333333,0.6,
23.3375,0.632,
23.34166667,0.656,
23.34583333,0.681,
23.35,0.72,
23.35416667,0.76,
23.35833333,0.792,
23.3625,0.812,
23.36666667,0.829,
23.37083333,0.852,
23.375,0.881,
23.37916667,0.903,
23.38333333,0.922,
23.3875,0.949,
23.39166667,0.979,
23.39583333,1.008,
23.4,1.023,
23.40416667,1.026,
23.40833333,1.028,
23.4125,1.035,
23.41666667,1.05,
23.42083333,1.058,
23.425,1.069,
23.42916667,1.076,
23.43333333,1.094,
23.4375,1.089,
23.44166667,1.079,
23.44583333,1.074,
23.45,1.07,
23.45416667,1.078,
23.45833333,1.068,
23.4625,1.05,
23.46666667,1.037,
23.47083333,1.025,
23.475,1.024,
23.47916667,1.012,
23.48333333,0.998,
23.4875,0.984,
23.49166667,0.969,
23.49583333,0.952,
23.5,0.932,
23.50416667,0.905,
23.50833333,0.889,
23.5125,0.873,
23.51666667,0.867,
23.52083333,0.856,
23.525,0.843,
23.52916667,0.821,
23.53333333,0.793,
23.5375,0.759,
23.54166667,0.729,
23.54583333,0.733,
23.55,0.736,
23.55416667,0.739,
23.55833333,0.725,
23.5625,0.69,
23.56666667,0.65,
23.57083333,0.626,
23.575,0.615,
23.57916667,0.606,
23.58333333,0.597,
23.5875,0.6,
23.59166667,0.599,
23.59583333,0.6,
23.6,0.587,
23.60416667,0.562,
23.60833333,0.549,
23.6125,0.535,
23.61666667,0.538,
23.62083333,0.539,
23.625,0.525,
23.62916667,0.521,
23.63333333,0.524,
23.6375,0.531,
23.64166667,0.542,
23.64583333,0.544,
23.65,0.551,
23.65416667,0.551,
23.65833333,0.551,
23.6625,0.551,
23.66666667,0.557,
23.67083333,0.576,
23.675,0.597,
23.67916667,0.617,
23.68333333,0.629,
23.6875,0.639,
23.69166667,0.661,
23.69583333,0.675,
23.7,0.698,
23.70416667,0.732,
23.70833333,0.762,
23.7125,0.783,
23.71666667,0.817,
23.72083333,0.839,
23.725,0.856,
23.72916667,0.875,
23.73333333,0.898,
23.7375,0.932,
23.74166667,0.966,
23.74583333,1.003,
23.75,1.04,
23.75416667,1.058,
23.75833333,1.101,
23.7625,1.148,
23.76666667,1.186,
23.77083333,1.206,
23.775,1.227,
23.77916667,1.251,
23.78333333,1.288,
23.7875,1.338,
23.79166667,1.38,
23.79583333,1.408,
23.8,1.441,
23.80416667,1.475,
23.80833333,1.504,
23.8125,1.522,
23.81666667,1.548,
23.82083333,1.576,
23.825,1.614,
23.82916667,1.653,
23.83333333,1.682,
23.8375,1.702,
23.84166667,1.719,
23.84583333,1.733,
23.85,1.748,
23.85416667,1.788,
23.85833333,1.817,
23.8625,1.839,
23.86666667,1.848,
23.87083333,1.844,
23.875,1.864,
23.87916667,1.883,
23.88333333,1.902,
23.8875,1.904,
23.89166667,1.901,
23.89583333,1.901,
23.9,1.897,
23.90416667,1.897,
23.90833333,1.897,
23.9125,1.906,
23.91666667,1.909,
23.92083333,1.895,
23.925,1.876,
23.92916667,1.852,
23.93333333,1.829,
23.9375,1.82,
23.94166667,1.804,
23.94583333,1.792,
23.95,1.785,
23.95416667,1.754,
23.95833333,1.72,
23.9625,1.677,
23.96666667,1.641,
23.97083333,1.62,
23.975,1.592,
23.97916667,1.558,
23.98333333,1.519,
23.9875,1.488,
23.99166667,1.453,
23.99583333,1.42,
24,1.381,
24.00416667,1.339,
24.00833333,1.299,
24.0125,1.26,
24.01666667,1.211,
24.02083333,1.164,
24.025,1.13,
24.02916667,1.093,
24.03333333,1.059,
24.0375,1.014,
24.04166667,0.96,
24.04583333,0.913,
24.05,0.868,
24.05416667,0.825,
24.05833333,0.784,
24.0625,0.733,
24.06666667,0.689,
24.07083333,0.644,
24.075,0.595,
24.07916667,0.541,
24.08333333,0.486,
24.0875,0.439,
24.09166667,0.403,
24.09583333,0.372,
24.1,0.334,
24.10416667,0.287,
24.10833333,0.233,
24.1125,0.184,
24.11666667,0.145,
24.12083333,0.105,
24.125,0.069,
24.12916667,0.035,
24.13333333,-0.002,
24.1375,-0.031,
24.14166667,-0.057,
24.14583333,-0.093,
24.15,-0.129,
24.15416667,-0.157,
24.15833333,-0.183,
24.1625,-0.208,
24.16666667,-0.228,
24.17083333,-0.245,
24.175,-0.266,
24.17916667,-0.288,
24.18333333,-0.299,
24.1875,-0.31,
24.19166667,-0.324,
24.19583333,-0.329,
24.2,-0.327,
24.20416667,-0.33,
24.20833333,-0.339,
24.2125,-0.339,
24.21666667,-0.331,
24.22083333,-0.314,
24.225,-0.31,
24.22916667,-0.3,
24.23333333,-0.292,
24.2375,-0.289,
24.24166667,-0.27,
24.24583333,-0.255,
24.25,-0.246,
24.25416667,-0.233,
24.25833333,-0.215,
24.2625,-0.182,
24.26666667,-0.141,
24.27083333,-0.118,
24.275,-0.094,
24.27916667,-0.083,
24.28333333,-0.085,
24.2875,-0.05,
24.29166667,-0.018,
24.29583333,0.02,
24.3,0.057,
24.30416667,0.076,
24.30833333,0.1,
24.3125,0.125,
24.31666667,0.153,
24.32083333,0.188,
24.325,0.212,
24.32916667,0.242,
24.33333333,0.272,
24.3375,0.313,
24.34166667,0.352,
24.34583333,0.372,
24.35,0.392,
24.35416667,0.425,
24.35833333,0.457,
24.3625,0.495,
24.36666667,0.524,
24.37083333,0.551,
24.375,0.572,
24.37916667,0.598,
24.38333333,0.639,
24.3875,0.672,
24.39166667,0.703,
24.39583333,0.731,
24.4,0.75,
24.40416667,0.762,
24.40833333,0.782,
24.4125,0.803,
24.41666667,0.828,
24.42083333,0.849,
24.425,0.872,
24.42916667,0.899,
24.43333333,0.913,
24.4375,0.92,
24.44166667,0.928,
24.44583333,0.94,
24.45,0.96,
24.45416667,0.986,
24.45833333,0.994,
24.4625,0.988,
24.46666667,0.981,
24.47083333,0.986,
24.475,0.998,
24.47916667,1.002,
24.48333333,1.011,
24.4875,1.004,
24.49166667,0.991,
24.49583333,0.992,
24.5,0.988,
24.50416667,0.974,
24.50833333,0.981,
24.5125,0.971,
24.51666667,0.959,
24.52083333,0.946,
24.525,0.926,
24.52916667,0.912,
24.53333333,0.907,
24.5375,0.914,
24.54166667,0.898,
24.54583333,0.879,
24.55,0.856,
24.55416667,0.838,
24.55833333,0.831,
24.5625,0.823,
24.56666667,0.81,
24.57083333,0.792,
24.575,0.787,
24.57916667,0.782,
24.58333333,0.769,
24.5875,0.748,
24.59166667,0.733,
24.59583333,0.717,
24.6,0.716,
24.60416667,0.712,
24.60833333,0.707,
24.6125,0.702,
24.61666667,0.691,
24.62083333,0.682,
24.625,0.679,
24.62916667,0.668,
24.63333333,0.674,
24.6375,0.677,
24.64166667,0.674,
24.64583333,0.665,
24.65,0.658,
24.65416667,0.658,
24.65833333,0.674,
24.6625,0.668,
24.66666667,0.672,
24.67083333,0.667,
24.675,0.663,
24.67916667,0.673,
24.68333333,0.69,
24.6875,0.69,
24.69166667,0.7,
24.69583333,0.708,
24.7,0.708,
24.70416667,0.712,
24.70833333,0.718,
24.7125,0.732,
24.71666667,0.751,
24.72083333,0.766,
24.725,0.782,
24.72916667,0.796,
24.73333333,0.812,
24.7375,0.835,
24.74166667,0.856,
24.74583333,0.864,
24.75,0.892,
24.75416667,0.916,
24.75833333,0.951,
24.7625,0.981,
24.76666667,1.003,
24.77083333,1.018,
24.775,1.051,
24.77916667,1.082,
24.78333333,1.121,
24.7875,1.152,
24.79166667,1.186,
24.79583333,1.221,
24.8,1.251,
24.80416667,1.278,
24.80833333,1.302,
24.8125,1.333,
24.81666667,1.369,
24.82083333,1.414,
24.825,1.447,
24.82916667,1.467,
24.83333333,1.478,
24.8375,1.507,
24.84166667,1.545,
24.84583333,1.578,
24.85,1.603,
24.85416667,1.611,
24.85833333,1.628,
24.8625,1.66,
24.86666667,1.687,
24.87083333,1.709,
24.875,1.726,
24.87916667,1.738,
24.88333333,1.763,
24.8875,1.787,
24.89166667,1.8,
24.89583333,1.8,
24.9,1.794,
24.90416667,1.795,
24.90833333,1.813,
24.9125,1.847,
24.91666667,1.866,
24.92083333,1.866,
24.925,1.854,
24.92916667,1.85,
24.93333333,1.848,
24.9375,1.843,
24.94166667,1.842,
24.94583333,1.833,
24.95,1.832,
24.95416667,1.838,
24.95833333,1.829,
24.9625,1.8,
24.96666667,1.786,
24.97083333,1.754,
24.975,1.738,
24.97916667,1.731,
24.98333333,1.705,
24.9875,1.689,
24.99166667,1.66,
24.99583333,1.629,
25,1.604,
25.00416667,1.578,
25.00833333,1.551,
25.0125,1.514,
25.01666667,1.484,
25.02083333,1.452,
25.025,1.412,
25.02916667,1.368,
25.03333333,1.331,
25.0375,1.303,
25.04166667,1.282,
25.04583333,1.258,
25.05,1.212,
25.05416667,1.158,
25.05833333,1.105,
25.0625,1.068,
25.06666667,1.029,
25.07083333,0.996,
25.075,0.962,
25.07916667,0.925,
25.08333333,0.889,
25.0875,0.84,
25.09166667,0.791,
25.09583333,0.739,
25.1,0.705,
25.10416667,0.671,
25.10833333,0.627,
25.1125,0.59,
25.11666667,0.554,
25.12083333,0.514,
25.125,0.476,
25.12916667,0.437,
25.13333333,0.385,
25.1375,0.34,
25.14166667,0.308,
25.14583333,0.277,
25.15,0.241,
25.15416667,0.209,
25.15833333,0.169,
25.1625,0.135,
25.16666667,0.109,
25.17083333,0.075,
25.175,0.031,
25.17916667,-0.006,
25.18333333,-0.031,
25.1875,-0.057,
25.19166667,-0.081,
25.19583333,-0.094,
25.2,-0.123,
25.20416667,-0.149,
25.20833333,-0.161,
25.2125,-0.189,
25.21666667,-0.207,
25.22083333,-0.231,
25.225,-0.256,
25.22916667,-0.258,
25.23333333,-0.257,
25.2375,-0.254,
25.24166667,-0.25,
25.24583333,-0.258,
25.25,-0.269,
25.25416667,-0.28,
25.25833333,-0.295,
25.2625,-0.286,
25.26666667,-0.27,
25.27083333,-0.253,
25.275,-0.231,
25.27916667,-0.228,
25.28333333,-0.224,
25.2875,-0.216,
25.29166667,-0.203,
25.29583333,-0.17,
25.3,-0.146,
25.30416667,-0.124,
25.30833333,-0.105,
25.3125,-0.089,
25.31666667,-0.072,
25.32083333,-0.051,
25.325,-0.023,
25.32916667,0.001,
25.33333333,0.024,
25.3375,0.051,
25.34166667,0.078,
25.34583333,0.097,
25.35,0.128,
25.35416667,0.161,
25.35833333,0.193,
25.3625,0.221,
25.36666667,0.241,
25.37083333,0.262,
25.375,0.277,
25.37916667,0.289,
25.38333333,0.325,
25.3875,0.355,
25.39166667,0.381,
25.39583333,0.421,
25.4,0.463,
25.40416667,0.488,
25.40833333,0.501,
25.4125,0.512,
25.41666667,0.522,
25.42083333,0.543,
25.425,0.591,
25.42916667,0.635,
25.43333333,0.656,
25.4375,0.669,
25.44166667,0.684,
25.44583333,0.71,
25.45,0.736,
25.45416667,0.751,
25.45833333,0.759,
25.4625,0.784,
25.46666667,0.82,
25.47083333,0.841,
25.475,0.863,
25.47916667,0.867,
25.48333333,0.872,
25.4875,0.888,
25.49166667,0.904,
25.49583333,0.907,
25.5,0.915,
25.50416667,0.93,
25.50833333,0.947,
25.5125,0.954,
25.51666667,0.955,
25.52083333,0.951,
25.525,0.957,
25.52916667,0.963,
25.53333333,0.956,
25.5375,0.942,
25.54166667,0.932,
25.54583333,0.945,
25.55,0.958,
25.55416667,0.959,
25.55833333,0.948,
25.5625,0.921,
25.56666667,0.913,
25.57083333,0.904,
25.575,0.891,
25.57916667,0.889,
25.58333333,0.889,
25.5875,0.9,
25.59166667,0.911,
25.59583333,0.895,
25.6,0.866,
25.60416667,0.839,
25.60833333,0.824,
25.6125,0.838,
25.61666667,0.846,
25.62083333,0.849,
25.625,0.842,
25.62916667,0.825,
25.63333333,0.812,
25.6375,0.802,
25.64166667,0.797,
25.64583333,0.8,
25.65,0.808,
25.65416667,0.804,
25.65833333,0.798,
25.6625,0.789,
25.66666667,0.78,
25.67083333,0.779,
25.675,0.776,
25.67916667,0.77,
25.68333333,0.772,
25.6875,0.777,
25.69166667,0.771,
25.69583333,0.757,
25.7,0.751,
25.70416667,0.754,
25.70833333,0.768,
25.7125,0.789,
25.71666667,0.805,
25.72083333,0.803,
25.725,0.783,
25.72916667,0.786,
25.73333333,0.782,
25.7375,0.779,
25.74166667,0.805,
25.74583333,0.833,
25.75,0.858,
25.75416667,0.883,
25.75833333,0.891,
25.7625,0.888,
25.76666667,0.894,
25.77083333,0.916,
25.775,0.936,
25.77916667,0.964,
25.78333333,0.984,
25.7875,0.999,
25.79166667,1.022,
25.79583333,1.034,
25.8,1.054,
25.80416667,1.083,
25.80833333,1.112,
25.8125,1.131,
25.81666667,1.152,
25.82083333,1.177,
25.825,1.19,
25.82916667,1.21,
25.83333333,1.242,
25.8375,1.259,
25.84166667,1.282,
25.84583333,1.31,
25.85,1.333,
25.85416667,1.348,
25.85833333,1.37,
25.8625,1.388,
25.86666667,1.418,
25.87083333,1.46,
25.875,1.478,
25.87916667,1.487,
25.88333333,1.497,
25.8875,1.507,
25.89166667,1.521,
25.89583333,1.541,
25.9,1.564,
25.90416667,1.585,
25.90833333,1.612,
25.9125,1.619,
25.91666667,1.638,
25.92083333,1.654,
25.925,1.674,
25.92916667,1.687,
25.93333333,1.68,
25.9375,1.679,
25.94166667,1.683,
25.94583333,1.712,
25.95,1.719,
25.95416667,1.717,
25.95833333,1.719,
25.9625,1.719,
25.96666667,1.723,
25.97083333,1.729,
25.975,1.719,
25.97916667,1.709,
25.98333333,1.719,
25.9875,1.703,
25.99166667,1.678,
25.99583333,1.667,
26,1.645,
26.00416667,1.643,
26.00833333,1.643,
26.0125,1.628,
26.01666667,1.612,
26.02083333,1.597,
26.025,1.577,
26.02916667,1.546,
26.03333333,1.522,
26.0375,1.494,
26.04166667,1.457,
26.04583333,1.45,
26.05,1.436,
26.05416667,1.404,
26.05833333,1.376,
26.0625,1.347,
26.06666667,1.323,
26.07083333,1.304,
26.075,1.271,
26.07916667,1.216,
26.08333333,1.178,
26.0875,1.159,
26.09166667,1.136,
26.09583333,1.117,
26.1,1.069,
26.10416667,1.027,
26.10833333,0.993,
26.1125,0.954,
26.11666667,0.906,
26.12083333,0.854,
26.125,0.825,
26.12916667,0.797,
26.13333333,0.773,
26.1375,0.744,
26.14166667,0.689,
26.14583333,0.634,
26.15,0.591,
26.15416667,0.559,
26.15833333,0.519,
26.1625,0.486,
26.16666667,0.449,
26.17083333,0.402,
26.175,0.373,
26.17916667,0.352,
26.18333333,0.336,
26.1875,0.304,
26.19166667,0.258,
26.19583333,0.209,
26.2,0.164,
26.20416667,0.135,
26.20833333,0.117,
26.2125,0.094,
26.21666667,0.072,
26.22083333,0.055,
26.225,0.036,
26.22916667,0.013,
26.23333333,-0.021,
26.2375,-0.064,
26.24166667,-0.1,
26.24583333,-0.126,
26.25,-0.132,
26.25416667,-0.135,
26.25833333,-0.134,
26.2625,-0.137,
26.26666667,-0.167,
26.27083333,-0.199,
26.275,-0.215,
26.27916667,-0.218,
26.28333333,-0.218,
26.2875,-0.22,
26.29166667,-0.227,
26.29583333,-0.228,
26.3,-0.226,
26.30416667,-0.215,
26.30833333,-0.203,
26.3125,-0.209,
26.31666667,-0.217,
26.32083333,-0.216,
26.325,-0.199,
26.32916667,-0.178,
26.33333333,-0.166,
26.3375,-0.158,
26.34166667,-0.14,
26.34583333,-0.121,
26.35,-0.102,
26.35416667,-0.078,
26.35833333,-0.072,
26.3625,-0.067,
26.36666667,-0.055,
26.37083333,-0.027,
26.375,0.006,
26.37916667,0.026,
26.38333333,0.051,
26.3875,0.074,
26.39166667,0.087,
26.39583333,0.111,
26.4,0.137,
26.40416667,0.143,
26.40833333,0.164,
26.4125,0.196,
26.41666667,0.229,
26.42083333,0.266,
26.425,0.287,
26.42916667,0.302,
26.43333333,0.321,
26.4375,0.334,
26.44166667,0.355,
26.44583333,0.381,
26.45,0.42,
26.45416667,0.462,
26.45833333,0.499,
26.4625,0.518,
26.46666667,0.521,
26.47083333,0.526,
26.475,0.548,
26.47916667,0.58,
26.48333333,0.614,
26.4875,0.635,
26.49166667,0.663,
26.49583333,0.689,
26.5,0.712,
26.50416667,0.714,
26.50833333,0.724,
26.5125,0.747,
26.51666667,0.788,
26.52083333,0.82,
26.525,0.833,
26.52916667,0.833,
26.53333333,0.821,
26.5375,0.837,
26.54166667,0.867,
26.54583333,0.892,
26.55,0.914,
26.55416667,0.921,
26.55833333,0.919,
26.5625,0.92,
26.56666667,0.918,
26.57083333,0.925,
26.575,0.941,
26.57916667,0.948,
26.58333333,0.968,
26.5875,0.964,
26.59166667,0.96,
26.59583333,0.957,
26.6,0.943,
26.60416667,0.931,
26.60833333,0.939,
26.6125,0.947,
26.61666667,0.959,
26.62083333,0.967,
26.625,0.946,
26.62916667,0.923,
26.63333333,0.903,
26.6375,0.901,
26.64166667,0.916,
26.64583333,0.926,
26.65,0.932,
26.65416667,0.913,
26.65833333,0.887,
26.6625,0.883,
26.66666667,0.877,
26.67083333,0.872,
26.675,0.874,
26.67916667,0.885,
26.68333333,0.889,
26.6875,0.893,
26.69166667,0.874,
26.69583333,0.846,
26.7,0.837,
26.70416667,0.842,
26.70833333,0.869,
26.7125,0.882,
26.71666667,0.873,
26.72083333,0.869,
26.725,0.85,
26.72916667,0.847,
26.73333333,0.839,
26.7375,0.836,
26.74166667,0.849,
26.74583333,0.856,
26.75,0.865,
26.75416667,0.864,
26.75833333,0.859,
26.7625,0.85,
26.76666667,0.863,
26.77083333,0.87,
26.775,0.869,
26.77916667,0.875,
26.78333333,0.868,
26.7875,0.876,
26.79166667,0.894,
26.79583333,0.906,
26.8,0.915,
26.80416667,0.915,
26.80833333,0.907,
26.8125,0.914,
26.81666667,0.935,
26.82083333,0.954,
26.825,0.974,
26.82916667,0.989,
26.83333333,1.008,
26.8375,1.029,
26.84166667,1.033,
26.84583333,1.037,
26.85,1.045,
26.85416667,1.061,
26.85833333,1.084,
26.8625,1.11,
26.86666667,1.129,
26.87083333,1.159,
26.875,1.182,
26.87916667,1.186,
26.88333333,1.196,
26.8875,1.207,
26.89166667,1.232,
26.89583333,1.264,
26.9,1.272,
26.90416667,1.283,
26.90833333,1.3,
26.9125,1.322,
26.91666667,1.348,
26.92083333,1.353,
26.925,1.362,
26.92916667,1.373,
26.93333333,1.392,
26.9375,1.411,
26.94166667,1.428,
26.94583333,1.444,
26.95,1.456,
26.95416667,1.464,
26.95833333,1.466,
26.9625,1.483,
26.96666667,1.497,
26.97083333,1.495,
26.975,1.487,
26.97916667,1.491,
26.98333333,1.523,
26.9875,1.564,
26.99166667,1.571,
26.99583333,1.568,
27,1.556,
27.00416667,1.558,
27.00833333,1.563,
27.0125,1.565,
27.01666667,1.565,
27.02083333,1.576,
27.025,1.579,
27.02916667,1.569,
27.03333333,1.558,
27.0375,1.556,
27.04166667,1.562,
27.04583333,1.557,
27.05,1.555,
27.05416667,1.548,
27.05833333,1.544,
27.0625,1.537,
27.06666667,1.508,
27.07083333,1.473,
27.075,1.441,
27.07916667,1.435,
27.08333333,1.428,
27.0875,1.415,
27.09166667,1.394,
27.09583333,1.368,
27.1,1.339,
27.10416667,1.315,
27.10833333,1.287,
27.1125,1.256,
27.11666667,1.245,
27.12083333,1.21,
27.125,1.162,
27.12916667,1.126,
27.13333333,1.096,
27.1375,1.069,
27.14166667,1.042,
27.14583333,1.024,
27.15,0.991,
27.15416667,0.973,
27.15833333,0.944,
27.1625,0.887,
27.16666667,0.838,
27.17083333,0.806,
27.175,0.796,
27.17916667,0.786,
27.18333333,0.762,
27.1875,0.716,
27.19166667,0.666,
27.19583333,0.639,
27.2,0.61,
27.20416667,0.572,
27.20833333,0.531,
27.2125,0.506,
27.21666667,0.485,
27.22083333,0.466,
27.225,0.429,
27.22916667,0.386,
27.23333333,0.349,
27.2375,0.327,
27.24166667,0.309,
27.24583333,0.278,
27.25,0.242,
27.25416667,0.203,
27.25833333,0.158,
27.2625,0.138,
27.26666667,0.135,
27.27083333,0.108,
27.275,0.081,
27.27916667,0.053,
27.28333333,0.032,
27.2875,0.009,
27.29166667,-0.014,
27.29583333,-0.035,
27.3,-0.054,
27.30416667,-0.069,
27.30833333,-0.072,
27.3125,-0.083,
27.31666667,-0.099,
27.32083333,-0.121,
27.325,-0.138,
27.32916667,-0.135,
27.33333333,-0.138,
27.3375,-0.138,
27.34166667,-0.131,
27.34583333,-0.132,
27.35,-0.131,
27.35416667,-0.135,
27.35833333,-0.134,
27.3625,-0.118,
27.36666667,-0.121,
27.37083333,-0.131,
27.375,-0.123,
27.37916667,-0.112,
27.38333333,-0.092,
27.3875,-0.074,
27.39166667,-0.054,
27.39583333,-0.03,
27.4,-0.013,
27.40416667,0.007,
27.40833333,0.007,
27.4125,0.004,
27.41666667,0.013,
27.42083333,0.035,
27.425,0.075,
27.42916667,0.113,
27.43333333,0.126,
27.4375,0.152,
27.44166667,0.164,
27.44583333,0.173,
27.45,0.195,
27.45416667,0.21,
27.45833333,0.236,
27.4625,0.274,
27.46666667,0.315,
27.47083333,0.336,
27.475,0.351,
27.47916667,0.368,
27.48333333,0.389,
27.4875,0.42,
27.49166667,0.449,
27.49583333,0.476,
27.5,0.499,
27.50416667,0.524,
27.50833333,0.563,
27.5125,0.598,
27.51666667,0.612,
27.52083333,0.63,
27.525,0.648,
27.52916667,0.677,
27.53333333,0.715,
27.5375,0.743,
27.54166667,0.758,
27.54583333,0.778,
27.55,0.803,
27.55416667,0.846,
27.55833333,0.868,
27.5625,0.883,
27.56666667,0.889,
27.57083333,0.901,
27.575,0.922,
27.57916667,0.933,
27.58333333,0.953,
27.5875,0.982,
27.59166667,1.016,
27.59583333,1.036,
27.6,1.038,
27.60416667,1.034,
27.60833333,1.032,
27.6125,1.049,
27.61666667,1.068,
27.62083333,1.068,
27.625,1.068,
27.62916667,1.092,
27.63333333,1.101,
27.6375,1.1,
27.64166667,1.087,
27.64583333,1.083,
27.65,1.091,
27.65416667,1.105,
27.65833333,1.112,
27.6625,1.102,
27.66666667,1.092,
27.67083333,1.087,
27.675,1.085,
27.67916667,1.071,
27.68333333,1.077,
27.6875,1.062,
27.69166667,1.046,
27.69583333,1.04,
27.7,1.048,
27.70416667,1.051,
27.70833333,1.069,
27.7125,1.055,
27.71666667,1.027,
27.72083333,1.007,
27.725,1.001,
27.72916667,1.003,
27.73333333,0.982,
27.7375,0.963,
27.74166667,0.955,
27.74583333,0.963,
27.75,0.982,
27.75416667,0.981,
27.75833333,0.964,
27.7625,0.957,
27.76666667,0.951,
27.77083333,0.944,
27.775,0.942,
27.77916667,0.937,
27.78333333,0.922,
27.7875,0.916,
27.79166667,0.918,
27.79583333,0.919,
27.8,0.925,
27.80416667,0.922,
27.80833333,0.904,
27.8125,0.892,
27.81666667,0.895,
27.82083333,0.903,
27.825,0.917,
27.82916667,0.927,
27.83333333,0.914,
27.8375,0.904,
27.84166667,0.899,
27.84583333,0.886,
27.85,0.884,
27.85416667,0.873,
27.85833333,0.89,
27.8625,0.913,
27.86666667,0.922,
27.87083333,0.94,
27.875,0.935,
27.87916667,0.94,
27.88333333,0.941,
27.8875,0.941,
27.89166667,0.956,
27.89583333,0.964,
27.9,0.974,
27.90416667,0.999,
27.90833333,1.018,
27.9125,1.025,
27.91666667,1.034,
27.92083333,1.042,
27.925,1.047,
27.92916667,1.065,
27.93333333,1.088,
27.9375,1.095,
27.94166667,1.115,
27.94583333,1.135,
27.95,1.156,
27.95416667,1.165,
27.95833333,1.179,
27.9625,1.186,
27.96666667,1.187,
27.97083333,1.21,
27.975,1.228,
27.97916667,1.238,
27.98333333,1.254,
27.9875,1.266,
27.99166667,1.275,
27.99583333,1.291,
28,1.304,
28.00416667,1.306,
28.00833333,1.322,
28.0125,1.349,
28.01666667,1.361,
28.02083333,1.373,
28.025,1.377,
28.02916667,1.379,
28.03333333,1.395,
28.0375,1.405,
28.04166667,1.417,
28.04583333,1.421,
28.05,1.425,
28.05416667,1.446,
28.05833333,1.452,
28.0625,1.461,
28.06666667,1.472,
28.07083333,1.472,
28.075,1.478,
28.07916667,1.465,
28.08333333,1.464,
28.0875,1.464,
28.09166667,1.471,
28.09583333,1.48,
28.1,1.469,
28.10416667,1.45,
28.10833333,1.441,
28.1125,1.432,
28.11666667,1.429,
28.12083333,1.423,
28.125,1.414,
28.12916667,1.409,
28.13333333,1.393,
28.1375,1.371,
28.14166667,1.337,
28.14583333,1.312,
28.15,1.291,
28.15416667,1.286,
28.15833333,1.273,
28.1625,1.242,
28.16666667,1.22,
28.17083333,1.183,
28.175,1.159,
28.17916667,1.141,
28.18333333,1.132,
28.1875,1.101,
28.19166667,1.065,
28.19583333,1.019,
28.2,0.986,
28.20416667,0.965,
28.20833333,0.959,
28.2125,0.935,
28.21666667,0.903,
28.22083333,0.87,
28.225,0.827,
28.22916667,0.789,
28.23333333,0.748,
28.2375,0.712,
28.24166667,0.695,
28.24583333,0.688,
28.25,0.67,
28.25416667,0.63,
28.25833333,0.587,
28.2625,0.54,
28.26666667,0.501,
28.27083333,0.474,
28.275,0.445,
28.27916667,0.422,
28.28333333,0.396,
28.2875,0.379,
28.29166667,0.351,
28.29583333,0.303,
28.3,0.258,
28.30416667,0.222,
28.30833333,0.21,
28.3125,0.203,
28.31666667,0.187,
28.32083333,0.169,
28.325,0.131,
28.32916667,0.108,
28.33333333,0.084,
28.3375,0.048,
28.34166667,0.032,
28.34583333,0.006,
28.35,-0.011,
28.35416667,-0.013,
28.35833333,-0.031,
28.3625,-0.056,
28.36666667,-0.063,
28.37083333,-0.06,
28.375,-0.056,
28.37916667,-0.055,
28.38333333,-0.061,
28.3875,-0.086,
28.39166667,-0.121,
28.39583333,-0.14,
28.4,-0.122,
28.40416667,-0.1,
28.40833333,-0.09,
28.4125,-0.074,
28.41666667,-0.082,
28.42083333,-0.084,
28.425,-0.088,
28.42916667,-0.064,
28.43333333,-0.055,
28.4375,-0.058,
28.44166667,-0.034,
28.44583333,-0.005,
28.45,0.012,
28.45416667,0.029,
28.45833333,0.03,
28.4625,0.034,
28.46666667,0.055,
28.47083333,0.088,
28.475,0.132,
28.47916667,0.154,
28.48333333,0.161,
28.4875,0.19,
28.49166667,0.22,
28.49583333,0.244,
28.5,0.274,
28.50416667,0.295,
28.50833333,0.314,
28.5125,0.333,
28.51666667,0.368,
28.52083333,0.404,
28.525,0.429,
28.52916667,0.469,
28.53333333,0.506,
28.5375,0.53,
28.54166667,0.555,
28.54583333,0.578,
28.55,0.606,
28.55416667,0.633,
28.55833333,0.672,
28.5625,0.706,
28.56666667,0.74,
28.57083333,0.787,
28.575,0.812,
28.57916667,0.827,
28.58333333,0.838,
28.5875,0.86,
28.59166667,0.893,
28.59583333,0.929,
28.6,0.971,
28.60416667,0.996,
28.60833333,1.011,
28.6125,1.032,
28.61666667,1.049,
28.62083333,1.072,
28.625,1.091,
28.62916667,1.104,
28.63333333,1.109,
28.6375,1.12,
28.64166667,1.151,
28.64583333,1.169,
28.65,1.186,
28.65416667,1.196,
28.65833333,1.199,
28.6625,1.214,
28.66666667,1.218,
28.67083333,1.218,
28.675,1.207,
28.67916667,1.211,
28.68333333,1.228,
28.6875,1.241,
28.69166667,1.231,
28.69583333,1.231,
28.7,1.234,
28.70416667,1.24,
28.70833333,1.23,
28.7125,1.214,
28.71666667,1.203,
28.72083333,1.203,
28.725,1.211,
28.72916667,1.198,
28.73333333,1.18,
28.7375,1.166,
28.74166667,1.162,
28.74583333,1.156,
28.75,1.147,
28.75416667,1.134,
28.75833333,1.12,
28.7625,1.104,
28.76666667,1.1,
28.77083333,1.087,
28.775,1.075,
28.77916667,1.065,
28.78333333,1.049,
28.7875,1.023,
28.79166667,1.002,
28.79583333,0.991,
28.8,0.978,
28.80416667,0.968,
28.80833333,0.959,
28.8125,0.944,
28.81666667,0.944,
28.82083333,0.934,
28.825,0.918,
28.82916667,0.882,
28.83333333,0.848,
28.8375,0.84,
28.84166667,0.845,
28.84583333,0.856,
28.85,0.858,
28.85416667,0.835,
28.85833333,0.81,
28.8625,0.799,
28.86666667,0.795,
28.87083333,0.785,
28.875,0.781,
28.87916667,0.794,
28.88333333,0.799,
28.8875,0.796,
28.89166667,0.783,
28.89583333,0.758,
28.9,0.751,
28.90416667,0.756,
28.90833333,0.767,
28.9125,0.773,
28.91666667,0.78,
28.92083333,0.777,
28.925,0.778,
28.92916667,0.782,
28.93333333,0.782,
28.9375,0.791,
28.94166667,0.806,
28.94583333,0.809,
28.95,0.821,
28.95416667,0.821,
28.95833333,0.822,
28.9625,0.826,
28.96666667,0.833,
28.97083333,0.853,
28.975,0.868,
28.97916667,0.89,
28.98333333,0.904,
28.9875,0.911,
28.99166667,0.915,
28.99583333,0.936,
29,0.955,
29.00416667,0.974,
29.00833333,1.002,
29.0125,1.021,
29.01666667,1.025,
29.02083333,1.038,
29.025,1.047,
29.02916667,1.063,
29.03333333,1.102,
29.0375,1.135,
29.04166667,1.155,
29.04583333,1.17,
29.05,1.183,
29.05416667,1.188,
29.05833333,1.2,
29.0625,1.219,
29.06666667,1.243,
29.07083333,1.274,
29.075,1.297,
29.07916667,1.305,
29.08333333,1.307,
29.0875,1.302,
29.09166667,1.315,
29.09583333,1.342,
29.1,1.371,
29.10416667,1.39,
29.10833333,1.393,
29.1125,1.39,
29.11666667,1.386,
29.12083333,1.398,
29.125,1.414,
29.12916667,1.416,
29.13333333,1.423,
29.1375,1.424,
29.14166667,1.413,
29.14583333,1.425,
29.15,1.425,
29.15416667,1.411,
29.15833333,1.406,
29.1625,1.407,
29.16666667,1.413,
29.17083333,1.421,
29.175,1.414,
29.17916667,1.398,
29.18333333,1.37,
29.1875,1.352,
29.19166667,1.344,
29.19583333,1.324,
29.2,1.3,
29.20416667,1.278,
29.20833333,1.265,
29.2125,1.261,
29.21666667,1.256,
29.22083333,1.236,
29.225,1.198,
29.22916667,1.164,
29.23333333,1.129,
29.2375,1.103,
29.24166667,1.08,
29.24583333,1.052,
29.25,1.015,
29.25416667,0.985,
29.25833333,0.953,
29.2625,0.923,
29.26666667,0.909,
29.27083333,0.873,
29.275,0.837,
29.27916667,0.808,
29.28333333,0.778,
29.2875,0.752,
29.29166667,0.714,
29.29583333,0.671,
29.3,0.64,
29.30416667,0.604,
29.30833333,0.583,
29.3125,0.551,
29.31666667,0.516,
29.32083333,0.491,
29.325,0.458,
29.32916667,0.435,
29.33333333,0.409,
29.3375,0.369,
29.34166667,0.353,
29.34583333,0.322,
29.35,0.285,
29.35416667,0.257,
29.35833333,0.22,
29.3625,0.205,
29.36666667,0.186,
29.37083333,0.154,
29.375,0.114,
29.37916667,0.083,
29.38333333,0.066,
29.3875,0.055,
29.39166667,0.049,
29.39583333,0.027,
29.4,-0.006,
29.40416667,-0.02,
29.40833333,-0.027,
29.4125,-0.049,
29.41666667,-0.058,
29.42083333,-0.073,
29.425,-0.092,
29.42916667,-0.085,
29.43333333,-0.088,
29.4375,-0.079,
29.44166667,-0.073,
29.44583333,-0.075,
29.45,-0.066,
29.45416667,-0.052,
29.45833333,-0.043,
29.4625,-0.043,
29.46666667,-0.044,
29.47083333,-0.037,
29.475,-0.019,
29.47916667,0.004,
29.48333333,0.031,
29.4875,0.053,
29.49166667,0.059,
29.49583333,0.077,
29.5,0.109,
29.50416667,0.138,
29.50833333,0.16,
29.5125,0.19,
29.51666667,0.215,
29.52083333,0.239,
29.525,0.271,
29.52916667,0.305,
29.53333333,0.333,
29.5375,0.356,
29.54166667,0.373,
29.54583333,0.403,
29.55,0.439,
29.55416667,0.473,
29.55833333,0.518,
29.5625,0.55,
29.56666667,0.584,
29.57083333,0.625,
29.575,0.657,
29.57916667,0.679,
29.58333333,0.697,
29.5875,0.725,
29.59166667,0.761,
29.59583333,0.804,
29.6,0.858,
29.60416667,0.899,
29.60833333,0.929,
29.6125,0.953,
29.61666667,0.979,
29.62083333,1.003,
29.625,1.028,
29.62916667,1.071,
29.63333333,1.099,
29.6375,1.133,
29.64166667,1.174,
29.64583333,1.198,
29.65,1.209,
29.65416667,1.205,
29.65833333,1.234,
29.6625,1.27,
29.66666667,1.311,
29.67083333,1.336,
29.675,1.334,
29.67916667,1.345,
29.68333333,1.357,
29.6875,1.38,
29.69166667,1.393,
29.69583333,1.406,
29.7,1.416,
29.70416667,1.419,
29.70833333,1.411,
29.7125,1.394,
29.71666667,1.404,
29.72083333,1.428,
29.725,1.439,
29.72916667,1.431,
29.73333333,1.414,
29.7375,1.405,
29.74166667,1.409,
29.74583333,1.405,
29.75,1.391,
29.75416667,1.372,
29.75833333,1.36,
29.7625,1.358,
29.76666667,1.345,
29.77083333,1.329,
29.775,1.312,
29.77916667,1.29,
29.78333333,1.278,
29.7875,1.268,
29.79166667,1.259,
29.79583333,1.247,
29.8,1.207,
29.80416667,1.167,
29.80833333,1.143,
29.8125,1.142,
29.81666667,1.143,
29.82083333,1.117,
29.825,1.077,
29.82916667,1.046,
29.83333333,1.035,
29.8375,1.019,
29.84166667,0.991,
29.84583333,0.962,
29.85,0.935,
29.85416667,0.929,
29.85833333,0.917,
29.8625,0.894,
29.86666667,0.852,
29.87083333,0.829,
29.875,0.807,
29.87916667,0.797,
29.88333333,0.788,
29.8875,0.772,
29.89166667,0.747,
29.89583333,0.721,
29.9,0.708,
29.90416667,0.7,
29.90833333,0.686,
29.9125,0.679,
29.91666667,0.659,
29.92083333,0.636,
29.925,0.632,
29.92916667,0.626,
29.93333333,0.622,
29.9375,0.611,
29.94166667,0.599,
29.94583333,0.589,
29.95,0.579,
29.95416667,0.584,
29.95833333,0.579,
29.9625,0.575,
29.96666667,0.581,
29.97083333,0.584,
29.975,0.586,
29.97916667,0.587,
29.98333333,0.584,
29.9875,0.587,
29.99166667,0.593,
29.99583333,0.598,
30,0.614,
30.00416667,0.629,
30.00833333,0.658,
30.0125,0.685,
30.01666667,0.68,
30.02083333,0.677,
30.025,0.679,
30.02916667,0.696,
30.03333333,0.733,
30.0375,0.765,
30.04166667,0.787,
30.04583333,0.808,
30.05,0.836,
30.05416667,0.854,
30.05833333,0.868,
30.0625,0.884,
30.06666667,0.902,
30.07083333,0.932,
30.075,0.962,
30.07916667,0.985,
30.08333333,1.011,
30.0875,1.036,
30.09166667,1.058,
30.09583333,1.081,
30.1,1.09,
30.10416667,1.115,
30.10833333,1.152,
30.1125,1.18,
30.11666667,1.195,
30.12083333,1.201,
30.125,1.213,
30.12916667,1.24,
30.13333333,1.27,
30.1375,1.289,
30.14166667,1.315,
30.14583333,1.334,
30.15,1.354,
30.15416667,1.356,
30.15833333,1.351,
30.1625,1.367,
30.16666667,1.389,
30.17083333,1.417,
30.175,1.424,
30.17916667,1.419,
30.18333333,1.432,
30.1875,1.431,
30.19166667,1.431,
30.19583333,1.431,
30.2,1.436,
30.20416667,1.451,
30.20833333,1.462,
30.2125,1.452,
30.21666667,1.431,
30.22083333,1.411,
30.225,1.397,
30.22916667,1.391,
30.23333333,1.386,
30.2375,1.382,
30.24166667,1.362,
30.24583333,1.336,
30.25,1.32,
30.25416667,1.306,
30.25833333,1.286,
30.2625,1.27,
30.26666667,1.236,
30.27083333,1.197,
30.275,1.166,
30.27916667,1.144,
30.28333333,1.125,
30.2875,1.106,
30.29166667,1.087,
30.29583333,1.051,
30.3,1.011,
30.30416667,0.971,
30.30833333,0.935,
30.3125,0.905,
30.31666667,0.886,
30.32083333,0.858,
30.325,0.827,
30.32916667,0.794,
30.33333333,0.748,
30.3375,0.71,
30.34166667,0.674,
30.34583333,0.643,
30.35,0.626,
30.35416667,0.598,
30.35833333,0.568,
30.3625,0.525,
30.36666667,0.486,
30.37083333,0.456,
30.375,0.422,
30.37916667,0.395,
30.38333333,0.365,
30.3875,0.337,
30.39166667,0.312,
30.39583333,0.277,
30.4,0.246,
30.40416667,0.206,
30.40833333,0.179,
30.4125,0.168,
30.41666667,0.155,
30.42083333,0.155,
30.425,0.121,
30.42916667,0.081,
30.43333333,0.049,
30.4375,0.03,
30.44166667,0.019,
30.44583333,0.014,
30.45,0.009,
30.45416667,0.001,
30.45833333,-0.009,
30.4625,-0.015,
30.46666667,-0.022,
30.47083333,-0.026,
30.475,-0.03,
30.47916667,-0.031,
30.48333333,-0.012,
30.4875,-0.012,
30.49166667,-0.002,
30.49583333,0.008,
30.5,0.014,
30.50416667,0.025,
30.50833333,0.05,
30.5125,0.066,
30.51666667,0.084,
30.52083333,0.092,
30.525,0.105,
30.52916667,0.137,
30.53333333,0.175,
30.5375,0.216,
30.54166667,0.245,
30.54583333,0.262,
30.55,0.289,
30.55416667,0.31,
30.55833333,0.338,
30.5625,0.367,
30.56666667,0.397,
30.57083333,0.446,
30.575,0.486,
30.57916667,0.528,
30.58333333,0.567,
30.5875,0.594,
30.59166667,0.618,
30.59583333,0.634,
30.6,0.672,
30.60416667,0.717,
30.60833333,0.772,
30.6125,0.822,
30.61666667,0.846,
30.62083333,0.874,
30.625,0.908,
30.62916667,0.946,
30.63333333,0.991,
30.6375,1.021,
30.64166667,1.049,
30.64583333,1.082,
30.65,1.129,
30.65416667,1.167,
30.65833333,1.207,
30.6625,1.235,
30.66666667,1.262,
30.67083333,1.296,
30.675,1.323,
30.67916667,1.344,
30.68333333,1.357,
30.6875,1.381,
30.69166667,1.405,
30.69583333,1.442,
30.7,1.48,
30.70416667,1.5,
30.70833333,1.497,
30.7125,1.508,
30.71666667,1.512,
30.72083333,1.529,
30.725,1.546,
30.72916667,1.557,
30.73333333,1.569,
30.7375,1.57,
30.74166667,1.573,
30.74583333,1.56,
30.75,1.557,
30.75416667,1.565,
30.75833333,1.566,
30.7625,1.56,
30.76666667,1.556,
30.77083333,1.567,
30.775,1.557,
30.77916667,1.533,
30.78333333,1.495,
30.7875,1.459,
30.79166667,1.448,
30.79583333,1.459,
30.8,1.447,
30.80416667,1.413,
30.80833333,1.387,
30.8125,1.374,
30.81666667,1.36,
30.82083333,1.321,
30.825,1.278,
30.82916667,1.244,
30.83333333,1.225,
30.8375,1.21,
30.84166667,1.183,
30.84583333,1.14,
30.85,1.108,
30.85416667,1.082,
30.85833333,1.047,
30.8625,1.013,
30.86666667,0.989,
30.87083333,0.962,
30.875,0.932,
30.87916667,0.893,
30.88333333,0.857,
30.8875,0.82,
30.89166667,0.798,
30.89583333,0.78,
30.9,0.753,
30.90416667,0.721,
30.90833333,0.686,
30.9125,0.644,
30.91666667,0.608,
30.92083333,0.59,
30.925,0.571,
30.92916667,0.553,
30.93333333,0.527,
30.9375,0.503,
30.94166667,0.478,
30.94583333,0.462,
30.95,0.439,
30.95416667,0.408,
30.95833333,0.38,
30.9625,0.355,
30.96666667,0.355,
30.97083333,0.355,
30.975,0.336,
30.97916667,0.326,
30.98333333,0.31,
30.9875,0.313,
30.99166667,0.309,
30.99583333,0.293,
31,0.283,
31.00416667,0.265,
31.00833333,0.281,
31.0125,0.307,
31.01666667,0.313,
31.02083333,0.311,
31.025,0.304,
31.02916667,0.311,
31.03333333,0.32,
31.0375,0.336,
31.04166667,0.358,
31.04583333,0.379,
31.05,0.398,
31.05416667,0.412,
31.05833333,0.429,
31.0625,0.448,
31.06666667,0.466,
31.07083333,0.488,
31.075,0.518,
31.07916667,0.541,
31.08333333,0.561,
31.0875,0.596,
31.09166667,0.615,
31.09583333,0.632,
31.1,0.668,
31.10416667,0.704,
31.10833333,0.732,
31.1125,0.755,
31.11666667,0.778,
31.12083333,0.801,
31.125,0.822,
31.12916667,0.853,
31.13333333,0.887,
31.1375,0.917,
31.14166667,0.965,
31.14583333,0.99,
31.15,1.012,
31.15416667,1.028,
31.15833333,1.045,
31.1625,1.087,
31.16666667,1.121,
31.17083333,1.147,
31.175,1.16,
31.17916667,1.197,
31.18333333,1.228,
31.1875,1.236,
31.19166667,1.248,
31.19583333,1.262,
31.2,1.281,
31.20416667,1.334,
31.20833333,1.358,
31.2125,1.364,
31.21666667,1.367,
31.22083333,1.368,
31.225,1.37,
31.22916667,1.388,
31.23333333,1.41,
31.2375,1.426,
31.24166667,1.432,
31.24583333,1.415,
31.25,1.391,
31.25416667,1.388,
31.25833333,1.402,
31.2625,1.409,
31.26666667,1.398,
31.27083333,1.384,
31.275,1.367,
31.27916667,1.362,
31.28333333,1.346,
31.2875,1.313,
31.29166667,1.274,
31.29583333,1.258,
31.3,1.25,
31.30416667,1.238,
31.30833333,1.217,
31.3125,1.185,
31.31666667,1.148,
31.32083333,1.128,
31.325,1.1,
31.32916667,1.068,
31.33333333,1.037,
31.3375,1.005,
31.34166667,0.983,
31.34583333,0.943,
31.35,0.909,
31.35416667,0.886,
31.35833333,0.857,
31.3625,0.836,
31.36666667,0.806,
31.37083333,0.743,
31.375,0.701,
31.37916667,0.69,
31.38333333,0.658,
31.3875,0.622,
31.39166667,0.595,
31.39583333,0.574,
31.4,0.54,
31.40416667,0.503,
31.40833333,0.464,
31.4125,0.417,
31.41666667,0.381,
31.42083333,0.371,
31.425,0.343,
31.42916667,0.302,
31.43333333,0.271,
31.4375,0.257,
31.44166667,0.224,
31.44583333,0.196,
31.45,0.177,
31.45416667,0.166,
31.45833333,0.143,
31.4625,0.112,
31.46666667,0.086,
31.47083333,0.061,
31.475,0.052,
31.47916667,0.065,
31.48333333,0.064,
31.4875,0.048,
31.49166667,0.033,
31.49583333,0.027,
31.5,0.026,
31.50416667,0.017,
31.50833333,0.03,
31.5125,0.053,
31.51666667,0.068,
31.52083333,0.084,
31.525,0.084,
31.52916667,0.071,
31.53333333,0.076,
31.5375,0.105,
31.54166667,0.137,
31.54583333,0.149,
31.55,0.168,
31.55416667,0.194,
31.55833333,0.225,
31.5625,0.257,
31.56666667,0.285,
31.57083333,0.305,
31.575,0.325,
31.57916667,0.352,
31.58333333,0.392,
31.5875,0.437,
31.59166667,0.453,
31.59583333,0.488,
31.6,0.527,
31.60416667,0.555,
31.60833333,0.606,
31.6125,0.652,
31.61666667,0.684,
31.62083333,0.716,
31.625,0.744,
31.62916667,0.784,
31.63333333,0.833,
31.6375,0.882,
31.64166667,0.922,
31.64583333,0.952,
31.65,0.989,
31.65416667,1.033,
31.65833333,1.069,
31.6625,1.105,
31.66666667,1.15,
31.67083333,1.191,
31.675,1.227,
31.67916667,1.265,
31.68333333,1.297,
31.6875,1.331,
31.69166667,1.373,
31.69583333,1.405,
31.7,1.438,
31.70416667,1.464,
31.70833333,1.505,
31.7125,1.534,
31.71666667,1.548,
31.72083333,1.561,
31.725,1.583,
31.72916667,1.622,
31.73333333,1.643,
31.7375,1.653,
31.74166667,1.667,
31.74583333,1.686,
31.75,1.706,
31.75416667,1.714,
31.75833333,1.705,
31.7625,1.704,
31.76666667,1.719,
31.77083333,1.722,
31.775,1.704,
31.77916667,1.699,
31.78333333,1.689,
31.7875,1.685,
31.79166667,1.701,
31.79583333,1.689,
31.8,1.663,
31.80416667,1.634,
31.80833333,1.608,
31.8125,1.59,
31.81666667,1.582,
31.82083333,1.56,
31.825,1.52,
31.82916667,1.491,
31.83333333,1.475,
31.8375,1.443,
31.84166667,1.409,
31.84583333,1.369,
31.85,1.335,
31.85416667,1.311,
31.85833333,1.291,
31.8625,1.251,
31.86666667,1.195,
31.87083333,1.157,
31.875,1.133,
31.87916667,1.107,
31.88333333,1.072,
31.8875,1.026,
31.89166667,0.978,
31.89583333,0.935,
31.9,0.902,
31.90416667,0.866,
31.90833333,0.835,
31.9125,0.804,
31.91666667,0.772,
31.92083333,0.73,
31.925,0.68,
31.92916667,0.647,
31.93333333,0.611,
31.9375,0.577,
31.94166667,0.547,
31.94583333,0.508,
31.95,0.475,
31.95416667,0.443,
31.95833333,0.422,
31.9625,0.391,
31.96666667,0.346,
31.97083333,0.311,
31.975,0.283,
31.97916667,0.264,
31.98333333,0.242,
31.9875,0.216,
31.99166667,0.2,
31.99583333,0.182,
32,0.162,
32.00416667,0.144,
32.00833333,0.129,
32.0125,0.105,
32.01666667,0.087,
32.02083333,0.082,
32.025,0.075,
32.02916667,0.065,
32.03333333,0.071,
32.0375,0.086,
32.04166667,0.079,
32.04583333,0.075,
32.05,0.077,
32.05416667,0.076,
32.05833333,0.088,
32.0625,0.108,
32.06666667,0.122,
32.07083333,0.136,
32.075,0.153,
32.07916667,0.176,
32.08333333,0.183,
32.0875,0.191,
32.09166667,0.211,
32.09583333,0.25,
32.1,0.274,
32.10416667,0.3,
32.10833333,0.341,
32.1125,0.364,
32.11666667,0.393,
32.12083333,0.418,
32.125,0.448,
32.12916667,0.48,
32.13333333,0.515,
32.1375,0.56,
32.14166667,0.586,
32.14583333,0.606,
32.15,0.646,
32.15416667,0.683,
32.15833333,0.724,
32.1625,0.763,
32.16666667,0.796,
32.17083333,0.828,
32.175,0.856,
32.17916667,0.893,
32.18333333,0.928,
32.1875,0.954,
32.19166667,0.998,
32.19583333,1.036,
32.2,1.052,
32.20416667,1.08,
32.20833333,1.103,
32.2125,1.129,
32.21666667,1.152,
32.22083333,1.181,
32.225,1.211,
32.22916667,1.229,
32.23333333,1.265,
32.2375,1.278,
32.24166667,1.287,
32.24583333,1.306,
32.25,1.313,
32.25416667,1.325,
32.25833333,1.346,
32.2625,1.359,
32.26666667,1.364,
32.27083333,1.375,
32.275,1.375,
32.27916667,1.384,
32.28333333,1.386,
32.2875,1.377,
32.29166667,1.377,
32.29583333,1.363,
32.3,1.381,
32.30416667,1.383,
32.30833333,1.374,
32.3125,1.354,
32.31666667,1.331,
32.32083333,1.315,
32.325,1.302,
32.32916667,1.29,
32.33333333,1.27,
32.3375,1.255,
32.34166667,1.237,
32.34583333,1.201,
32.35,1.173,
32.35416667,1.145,
32.35833333,1.11,
32.3625,1.087,
32.36666667,1.062,
32.37083333,1.037,
32.375,1.013,
32.37916667,0.978,
32.38333333,0.922,
32.3875,0.878,
32.39166667,0.848,
32.39583333,0.828,
32.4,0.805,
32.40416667,0.765,
32.40833333,0.724,
32.4125,0.689,
32.41666667,0.658,
32.42083333,0.633,
32.425,0.595,
32.42916667,0.565,
32.43333333,0.542,
32.4375,0.513,
32.44166667,0.489,
32.44583333,0.457,
32.45,0.424,
32.45416667,0.407,
32.45833333,0.38,
32.4625,0.356,
32.46666667,0.33,
32.47083333,0.296,
32.475,0.282,
32.47916667,0.277,
32.48333333,0.278,
32.4875,0.258,
32.49166667,0.237,
32.49583333,0.209,
32.5,0.188,
32.50416667,0.175,
32.50833333,0.182,
32.5125,0.187,
32.51666667,0.177,
32.52083333,0.169,
32.525,0.173,
32.52916667,0.169,
32.53333333,0.171,
32.5375,0.179,
32.54166667,0.166,
32.54583333,0.171,
32.55,0.185,
32.55416667,0.201,
32.55833333,0.224,
32.5625,0.239,
32.56666667,0.243,
32.57083333,0.267,
32.575,0.288,
32.57916667,0.319,
32.58333333,0.352,
32.5875,0.377,
32.59166667,0.399,
32.59583333,0.424,
32.6,0.449,
32.60416667,0.492,
32.60833333,0.533,
32.6125,0.56,
32.61666667,0.593,
32.62083333,0.626,
32.625,0.659,
32.62916667,0.712,
32.63333333,0.751,
32.6375,0.784,
32.64166667,0.814,
32.64583333,0.852,
32.65,0.889,
32.65416667,0.941,
32.65833333,0.974,
32.6625,1.008,
32.66666667,1.054,
32.67083333,1.091,
32.675,1.128,
32.67916667,1.171,
32.68333333,1.209,
32.6875,1.252,
32.69166667,1.284,
32.69583333,1.319,
32.7,1.365,
32.70416667,1.409,
32.70833333,1.447,
32.7125,1.463,
32.71666667,1.485,
32.72083333,1.513,
32.725,1.565,
32.72916667,1.612,
32.73333333,1.638,
32.7375,1.665,
32.74166667,1.691,
32.74583333,1.714,
32.75,1.748,
32.75416667,1.756,
32.75833333,1.778,
32.7625,1.798,
32.76666667,1.819,
32.77083333,1.835,
32.775,1.858,
32.77916667,1.869,
32.78333333,1.877,
32.7875,1.882,
32.79166667,1.877,
32.79583333,1.875,
32.8,1.879,
32.80416667,1.862,
32.80833333,1.847,
32.8125,1.843,
32.81666667,1.838,
32.82083333,1.817,
32.825,1.81,
32.82916667,1.781,
32.83333333,1.763,
32.8375,1.74,
32.84166667,1.69,
32.84583333,1.649,
32.85,1.623,
32.85416667,1.593,
32.85833333,1.574,
32.8625,1.544,
32.86666667,1.502,
32.87083333,1.454,
32.875,1.415,
32.87916667,1.369,
32.88333333,1.329,
32.8875,1.294,
32.89166667,1.25,
32.89583333,1.212,
32.9,1.186,
32.90416667,1.142,
32.90833333,1.095,
32.9125,1.046,
32.91666667,0.994,
32.92083333,0.96,
32.925,0.932,
32.92916667,0.887,
32.93333333,0.846,
32.9375,0.803,
32.94166667,0.764,
32.94583333,0.72,
32.95,0.676,
32.95416667,0.625,
32.95833333,0.58,
32.9625,0.553,
32.96666667,0.515,
32.97083333,0.472,
32.975,0.42,
32.97916667,0.378,
32.98333333,0.351,
32.9875,0.324,
32.99166667,0.291,
32.99583333,0.253,
33,0.211,
33.00416667,0.173,
33.00833333,0.149,
33.0125,0.123,
33.01666667,0.094,
33.02083333,0.07,
33.025,0.06,
33.02916667,0.043,
33.03333333,0.016,
33.0375,-0.015,
33.04166667,-0.04,
33.04583333,-0.061,
33.05,-0.059,
33.05416667,-0.049,
33.05833333,-0.048,
33.0625,-0.051,
33.06666667,-0.07,
33.07083333,-0.079,
33.075,-0.078,
33.07916667,-0.075,
33.08333333,-0.064,
33.0875,-0.039,
33.09166667,-0.02,
33.09583333,-0.01,
33.1,0.001,
33.10416667,0.011,
33.10833333,0.014,
33.1125,0.025,
33.11666667,0.055,
33.12083333,0.093,
33.125,0.132,
33.12916667,0.17,
33.13333333,0.2,
33.1375,0.215,
33.14166667,0.235,
33.14583333,0.264,
33.15,0.284,
33.15416667,0.309,
33.15833333,0.342,
33.1625,0.378,
33.16666667,0.417,
33.17083333,0.462,
33.175,0.505,
33.17916667,0.535,
33.18333333,0.568,
33.1875,0.597,
33.19166667,0.627,
33.19583333,0.651,
33.2,0.689,
33.20416667,0.728,
33.20833333,0.772,
33.2125,0.817,
33.21666667,0.851,
33.22083333,0.883,
33.225,0.916,
33.22916667,0.947,
33.23333333,0.972,
33.2375,1.004,
33.24166667,1.055,
33.24583333,1.097,
33.25,1.133,
33.25416667,1.162,
33.25833333,1.173,
33.2625,1.173,
33.26666667,1.202,
33.27083333,1.231,
33.275,1.25,
33.27916667,1.281,
33.28333333,1.306,
33.2875,1.33,
33.29166667,1.356,
33.29583333,1.363,
33.3,1.359,
33.30416667,1.357,
33.30833333,1.357,
33.3125,1.356,
33.31666667,1.372,
33.32083333,1.37,
33.325,1.368,
33.32916667,1.376,
33.33333333,1.376,
33.3375,1.374,
33.34166667,1.366,
33.34583333,1.347,
33.35,1.313,
33.35416667,1.307,
33.35833333,1.294,
33.3625,1.281,
33.36666667,1.276,
33.37083333,1.252,
33.375,1.216,
33.37916667,1.181,
33.38333333,1.157,
33.3875,1.131,
33.39166667,1.123,
33.39583333,1.118,
33.4,1.088,
33.40416667,1.057,
33.40833333,1.017,
33.4125,0.98,
33.41666667,0.942,
33.42083333,0.907,
33.425,0.879,
33.42916667,0.848,
33.43333333,0.835,
33.4375,0.815,
33.44166667,0.785,
33.44583333,0.758,
33.45,0.721,
33.45416667,0.683,
33.45833333,0.654,
33.4625,0.631,
33.46666667,0.606,
33.47083333,0.581,
33.475,0.553,
33.47916667,0.527,
33.48333333,0.5,
33.4875,0.48,
33.49166667,0.47,
33.49583333,0.455,
33.5,0.433,
33.50416667,0.411,
33.50833333,0.391,
33.5125,0.366,
33.51666667,0.355,
33.52083333,0.358,
33.525,0.355,
33.52916667,0.354,
33.53333333,0.337,
33.5375,0.316,
33.54166667,0.301,
33.54583333,0.304,
33.55,0.316,
33.55416667,0.321,
33.55833333,0.339,
33.5625,0.334,
33.56666667,0.353,
33.57083333,0.361,
33.575,0.344,
33.57916667,0.36,
33.58333333,0.369,
33.5875,0.392,
33.59166667,0.424,
33.59583333,0.438,
33.6,0.459,
33.60416667,0.473,
33.60833333,0.5,
33.6125,0.538,
33.61666667,0.566,
33.62083333,0.585,
33.625,0.601,
33.62916667,0.625,
33.63333333,0.667,
33.6375,0.71,
33.64166667,0.757,
33.64583333,0.789,
33.65,0.82,
33.65416667,0.854,
33.65833333,0.877,
33.6625,0.91,
33.66666667,0.942,
33.67083333,0.996,
33.675,1.055,
33.67916667,1.102,
33.68333333,1.135,
33.6875,1.168,
33.69166667,1.195,
33.69583333,1.231,
33.7,1.27,
33.70416667,1.317,
33.70833333,1.363,
33.7125,1.412,
33.71666667,1.452,
33.72083333,1.482,
33.725,1.515,
33.72916667,1.557,
33.73333333,1.592,
33.7375,1.63,
33.74166667,1.664,
33.74583333,1.696,
33.75,1.733,
33.75416667,1.754,
33.75833333,1.787,
33.7625,1.794,
33.76666667,1.841,
33.77083333,1.871,
33.775,1.894,
33.77916667,1.899,
33.78333333,1.911,
33.7875,1.932,
33.79166667,1.961,
33.79583333,1.971,
33.8,1.968,
33.80416667,1.971,
33.80833333,1.977,
33.8125,1.986,
33.81666667,1.96,
33.82083333,1.958,
33.825,1.97,
33.82916667,1.973,
33.83333333,1.963,
33.8375,1.924,
33.84166667,1.9,
33.84583333,1.876,
33.85,1.875,
33.85416667,1.861,
33.85833333,1.836,
33.8625,1.807,
33.86666667,1.77,
33.87083333,1.739,
33.875,1.7,
33.87916667,1.664,
33.88333333,1.631,
33.8875,1.598,
33.89166667,1.57,
33.89583333,1.539,
33.9,1.498,
33.90416667,1.453,
33.90833333,1.419,
33.9125,1.37,
33.91666667,1.324,
33.92083333,1.284,
33.925,1.236,
33.92916667,1.202,
33.93333333,1.153,
33.9375,1.103,
33.94166667,1.057,
33.94583333,1.009,
33.95,0.965,
33.95416667,0.922,
33.95833333,0.877,
33.9625,0.835,
33.96666667,0.785,
33.97083333,0.738,
33.975,0.688,
33.97916667,0.638,
33.98333333,0.595,
33.9875,0.552,
33.99166667,0.501,
33.99583333,0.448,
34,0.405,
34.00416667,0.364,
34.00833333,0.324,
34.0125,0.288,
34.01666667,0.251,
34.02083333,0.212,
34.025,0.177,
34.02916667,0.148,
34.03333333,0.113,
34.0375,0.075,
34.04166667,0.046,
34.04583333,0.018,
34.05,-0.002,
34.05416667,-0.026,
34.05833333,-0.063,
34.0625,-0.083,
34.06666667,-0.109,
34.07083333,-0.118,
34.075,-0.114,
34.07916667,-0.127,
34.08333333,-0.138,
34.0875,-0.14,
34.09166667,-0.16,
34.09583333,-0.155,
34.1,-0.157,
34.10416667,-0.159,
34.10833333,-0.155,
34.1125,-0.147,
34.11666667,-0.143,
34.12083333,-0.135,
34.125,-0.123,
34.12916667,-0.098,
34.13333333,-0.087,
34.1375,-0.059,
34.14166667,-0.037,
34.14583333,-0.018,
34.15,-0.002,
34.15416667,0.021,
34.15833333,0.038,
34.1625,0.071,
34.16666667,0.111,
34.17083333,0.152,
34.175,0.185,
34.17916667,0.2,
34.18333333,0.221,
34.1875,0.258,
34.19166667,0.289,
34.19583333,0.325,
34.2,0.368,
34.20416667,0.408,
34.20833333,0.454,
34.2125,0.499,
34.21666667,0.527,
34.22083333,0.549,
34.225,0.57,
34.22916667,0.618,
34.23333333,0.667,
34.2375,0.707,
34.24166667,0.743,
34.24583333,0.771,
34.25,0.795,
34.25416667,0.83,
34.25833333,0.874,
34.2625,0.913,
34.26666667,0.95,
34.27083333,0.994,
34.275,1.022,
34.27916667,1.04,
34.28333333,1.063,
34.2875,1.081,
34.29166667,1.11,
34.29583333,1.151,
34.3,1.183,
34.30416667,1.21,
34.30833333,1.214,
34.3125,1.235,
34.31666667,1.244,
34.32083333,1.264,
34.325,1.292,
34.32916667,1.304,
34.33333333,1.322,
34.3375,1.333,
34.34166667,1.355,
34.34583333,1.352,
34.35,1.338,
34.35416667,1.326,
34.35833333,1.321,
34.3625,1.34,
34.36666667,1.34,
34.37083333,1.322,
34.375,1.306,
34.37916667,1.298,
34.38333333,1.304,
34.3875,1.299,
34.39166667,1.284,
34.39583333,1.25,
34.4,1.23,
34.40416667,1.21,
34.40833333,1.184,
34.4125,1.166,
34.41666667,1.131,
34.42083333,1.116,
34.425,1.1,
34.42916667,1.084,
34.43333333,1.055,
34.4375,1.018,
34.44166667,0.993,
34.44583333,0.962,
34.45,0.937,
34.45416667,0.925,
34.45833333,0.897,
34.4625,0.874,
34.46666667,0.856,
34.47083333,0.821,
34.475,0.777,
34.47916667,0.756,
34.48333333,0.721,
34.4875,0.709,
34.49166667,0.697,
34.49583333,0.677,
34.5,0.652,
34.50416667,0.642,
34.50833333,0.632,
34.5125,0.612,
34.51666667,0.592,
34.52083333,0.564,
34.525,0.525,
34.52916667,0.514,
34.53333333,0.508,
34.5375,0.516,
34.54166667,0.517,
34.54583333,0.503,
34.55,0.477,
34.55416667,0.467,
34.55833333,0.456,
34.5625,0.463,
34.56666667,0.459,
34.57083333,0.44,
34.575,0.452,
34.57916667,0.474,
34.58333333,0.493,
34.5875,0.483,
34.59166667,0.479,
34.59583333,0.472,
34.6,0.478,
34.60416667,0.507,
34.60833333,0.533,
34.6125,0.541,
34.61666667,0.553,
34.62083333,0.577,
34.625,0.601,
34.62916667,0.615,
34.63333333,0.628,
34.6375,0.654,
34.64166667,0.681,
34.64583333,0.723,
34.65,0.742,
34.65416667,0.778,
34.65833333,0.801,
34.6625,0.836,
34.66666667,0.875,
34.67083333,0.896,
34.675,0.93,
34.67916667,0.991,
34.68333333,1.03,
34.6875,1.061,
34.69166667,1.09,
34.69583333,1.112,
34.7,1.159,
34.70416667,1.207,
34.70833333,1.246,
34.7125,1.281,
34.71666667,1.311,
34.72083333,1.344,
34.725,1.395,
34.72916667,1.434,
34.73333333,1.473,
34.7375,1.508,
34.74166667,1.546,
34.74583333,1.574,
34.75,1.606,
34.75416667,1.635,
34.75833333,1.659,
34.7625,1.688,
34.76666667,1.726,
34.77083333,1.769,
34.775,1.805,
34.77916667,1.827,
34.78333333,1.837,
34.7875,1.849,
34.79166667,1.869,
34.79583333,1.899,
34.8,1.927,
34.80416667,1.948,
34.80833333,1.966,
34.8125,1.963,
34.81666667,1.961,
34.82083333,1.965,
34.825,1.981,
34.82916667,1.994,
34.83333333,2.008,
34.8375,2.013,
34.84166667,2.009,
34.84583333,2.004,
34.85,1.972,
34.85416667,1.957,
34.85833333,1.948,
34.8625,1.957,
34.86666667,1.955,
34.87083333,1.931,
34.875,1.903,
34.87916667,1.846,
34.88333333,1.814,
34.8875,1.794,
34.89166667,1.778,
34.89583333,1.761,
34.9,1.73,
34.90416667,1.686,
34.90833333,1.638,
34.9125,1.6,
34.91666667,1.555,
34.92083333,1.512,
34.925,1.48,
34.92916667,1.438,
34.93333333,1.392,
34.9375,1.354,
34.94166667,1.294,
34.94583333,1.243,
34.95,1.2,
34.95416667,1.159,
34.95833333,1.13,
34.9625,1.099,
34.96666667,1.047,
34.97083333,0.977,
34.975,0.916,
34.97916667,0.867,
34.98333333,0.836,
34.9875,0.799,
34.99166667,0.758,
34.99583333,0.708,
35,0.654,
35.00416667,0.603,
35.00833333,0.553,
35.0125,0.493,
35.01666667,0.444,
35.02083333,0.415,
35.025,0.38,
35.02916667,0.345,
35.03333333,0.293,
35.0375,0.238,
35.04166667,0.196,
35.04583333,0.145,
35.05,0.113,
35.05416667,0.074,
35.05833333,0.028,
35.0625,-0.003,
35.06666667,-0.036,
35.07083333,-0.066,
35.075,-0.096,
35.07916667,-0.128,
35.08333333,-0.148,
35.0875,-0.168,
35.09166667,-0.191,
35.09583333,-0.218,
35.1,-0.243,
35.10416667,-0.264,
35.10833333,-0.273,
35.1125,-0.27,
35.11666667,-0.264,
35.12083333,-0.27,
35.125,-0.271,
35.12916667,-0.273,
35.13333333,-0.277,
35.1375,-0.276,
35.14166667,-0.273,
35.14583333,-0.26,
35.15,-0.24,
35.15416667,-0.216,
35.15833333,-0.196,
35.1625,-0.183,
35.16666667,-0.17,
35.17083333,-0.15,
35.175,-0.125,
35.17916667,-0.099,
35.18333333,-0.064,
35.1875,-0.034,
35.19166667,-0.01,
35.19583333,0.014,
35.2,0.039,
35.20416667,0.071,
35.20833333,0.11,
35.2125,0.142,
35.21666667,0.165,
35.22083333,0.186,
35.225,0.218,
35.22916667,0.265,
35.23333333,0.307,
35.2375,0.34,
35.24166667,0.365,
35.24583333,0.393,
35.25,0.424,
35.25416667,0.477,
35.25833333,0.505,
35.2625,0.539,
35.26666667,0.579,
35.27083333,0.614,
35.275,0.65,
35.27916667,0.68,
35.28333333,0.709,
35.2875,0.747,
35.29166667,0.783,
35.29583333,0.811,
35.3,0.85,
35.30416667,0.88,
35.30833333,0.924,
35.3125,0.962,
35.31666667,0.985,
35.32083333,0.999,
35.325,1.013,
35.32916667,1.045,
35.33333333,1.074,
35.3375,1.097,
35.34166667,1.118,
35.34583333,1.152,
35.35,1.174,
35.35416667,1.201,
35.35833333,1.214,
35.3625,1.22,
35.36666667,1.22,
35.37083333,1.229,
35.375,1.202,
35.37916667,1.201,
35.38333333,1.228,
35.3875,1.252,
35.39166667,1.262,
35.39583333,1.247,
35.4,1.234,
35.40416667,1.237,
35.40833333,1.238,
35.4125,1.215,
35.41666667,1.183,
35.42083333,1.16,
35.425,1.165,
35.42916667,1.177,
35.43333333,1.16,
35.4375,1.133,
35.44166667,1.103,
35.44583333,1.095,
35.45,1.093,
35.45416667,1.051,
35.45833333,1.029,
35.4625,1.021,
35.46666667,1.002,
35.47083333,1.003,
35.475,0.954,
35.47916667,0.928,
35.48333333,0.927,
35.4875,0.905,
35.49166667,0.881,
35.49583333,0.842,
35.5,0.817,
35.50416667,0.818,
35.50833333,0.808,
35.5125,0.801,
35.51666667,0.768,
35.52083333,0.732,
35.525,0.721,
35.52916667,0.706,
35.53333333,0.688,
35.5375,0.666,
35.54166667,0.658,
35.54583333,0.648,
35.55,0.635,
35.55416667,0.631,
35.55833333,0.615,
35.5625,0.607,
35.56666667,0.596,
35.57083333,0.586,
35.575,0.584,
35.57916667,0.564,
35.58333333,0.559,
35.5875,0.558,
35.59166667,0.56,
35.59583333,0.573,
35.6,0.59,
35.60416667,0.587,
35.60833333,0.583,
35.6125,0.581,
35.61666667,0.583,
35.62083333,0.583,
35.625,0.598,
35.62916667,0.623,
35.63333333,0.651,
35.6375,0.651,
35.64166667,0.665,
35.64583333,0.683,
35.65,0.7,
35.65416667,0.729,
35.65833333,0.751,
35.6625,0.75,
35.66666667,0.767,
35.67083333,0.815,
35.675,0.853,
35.67916667,0.885,
35.68333333,0.9,
35.6875,0.917,
35.69166667,0.937,
35.69583333,0.969,
35.7,1.002,
35.70416667,1.037,
35.70833333,1.073,
35.7125,1.121,
35.71666667,1.168,
35.72083333,1.189,
35.725,1.212,
35.72916667,1.23,
35.73333333,1.26,
35.7375,1.3,
35.74166667,1.353,
35.74583333,1.393,
35.75,1.426,
35.75416667,1.452,
35.75833333,1.486,
35.7625,1.516,
35.76666667,1.553,
35.77083333,1.591,
35.775,1.618,
35.77916667,1.649,
35.78333333,1.685,
35.7875,1.711,
35.79166667,1.732,
35.79583333,1.753,
35.8,1.774,
35.80416667,1.797,
35.80833333,1.826,
35.8125,1.85,
35.81666667,1.88,
35.82083333,1.894,
35.825,1.905,
35.82916667,1.896,
35.83333333,1.896,
35.8375,1.913,
35.84166667,1.924,
35.84583333,1.941,
35.85,1.949,
35.85416667,1.954,
35.85833333,1.947,
35.8625,1.931,
35.86666667,1.914,
35.87083333,1.903,
35.875,1.9,
35.87916667,1.892,
35.88333333,1.893,
35.8875,1.884,
35.89166667,1.859,
35.89583333,1.823,
35.9,1.785,
35.90416667,1.784,
35.90833333,1.778,
35.9125,1.764,
35.91666667,1.72,
35.92083333,1.671,
35.925,1.632,
35.92916667,1.598,
35.93333333,1.571,
35.9375,1.53,
35.94166667,1.507,
35.94583333,1.482,
35.95,1.446,
35.95416667,1.383,
35.95833333,1.326,
35.9625,1.282,
35.96666667,1.254,
35.97083333,1.224,
35.975,1.178,
35.97916667,1.129,
35.98333333,1.081,
35.9875,1.03,
35.99166667,0.973,
35.99583333,0.925,
36,0.881,
36.00416667,0.851,
36.00833333,0.82,
36.0125,0.773,
36.01666667,0.718,
36.02083333,0.667,
36.025,0.61,
36.02916667,0.558,
36.03333333,0.513,
36.0375,0.467,
36.04166667,0.433,
36.04583333,0.392,
36.05,0.353,
36.05416667,0.317,
36.05833333,0.27,
36.0625,0.226,
36.06666667,0.179,
36.07083333,0.121,
36.075,0.078,
36.07916667,0.035,
36.08333333,-0.002,
36.0875,-0.021,
36.09166667,-0.042,
36.09583333,-0.062,
36.1,-0.09,
36.10416667,-0.13,
36.10833333,-0.166,
36.1125,-0.203,
36.11666667,-0.241,
36.12083333,-0.259,
36.125,-0.271,
36.12916667,-0.272,
36.13333333,-0.277,
36.1375,-0.288,
36.14166667,-0.291,
36.14583333,-0.3,
36.15,-0.316,
36.15416667,-0.317,
36.15833333,-0.327,
36.1625,-0.329,
36.16666667,-0.311,
36.17083333,-0.28,
36.175,-0.262,
36.17916667,-0.247,
36.18333333,-0.245,
36.1875,-0.237,
36.19166667,-0.222,
36.19583333,-0.202,
36.2,-0.177,
36.20416667,-0.154,
36.20833333,-0.126,
36.2125,-0.085,
36.21666667,-0.059,
36.22083333,-0.028,
36.225,-0.001,
36.22916667,0.01,
36.23333333,0.027,
36.2375,0.053,
36.24166667,0.085,
36.24583333,0.127,
36.25,0.167,
36.25416667,0.209,
36.25833333,0.255,
36.2625,0.279,
36.26666667,0.302,
36.27083333,0.32,
36.275,0.333,
36.27916667,0.364,
36.28333333,0.412,
36.2875,0.454,
36.29166667,0.495,
36.29583333,0.533,
36.3,0.576,
36.30416667,0.608,
36.30833333,0.638,
36.3125,0.668,
36.31666667,0.693,
36.32083333,0.716,
36.325,0.743,
36.32916667,0.786,
36.33333333,0.817,
36.3375,0.853,
36.34166667,0.903,
36.34583333,0.924,
36.35,0.938,
36.35416667,0.963,
36.35833333,0.982,
36.3625,1.005,
36.36666667,1.03,
36.37083333,1.05,
36.375,1.065,
36.37916667,1.092,
36.38333333,1.112,
36.3875,1.115,
36.39166667,1.124,
36.39583333,1.129,
36.4,1.143,
36.40416667,1.149,
36.40833333,1.153,
36.4125,1.16,
36.41666667,1.153,
36.42083333,1.16,
36.425,1.163,
36.42916667,1.162,
36.43333333,1.154,
36.4375,1.151,
36.44166667,1.139,
36.44583333,1.129,
36.45,1.125,
36.45416667,1.117,
36.45833333,1.115,
36.4625,1.096,
36.46666667,1.081,
36.47083333,1.068,
36.475,1.056,
36.47916667,1.053,
36.48333333,1.038,
36.4875,1.02,
36.49166667,1.006,
36.49583333,0.992,
36.5,0.986,
36.50416667,0.978,
36.50833333,0.949,
36.5125,0.915,
36.51666667,0.895,
36.52083333,0.88,
36.525,0.876,
36.52916667,0.883,
36.53333333,0.865,
36.5375,0.837,
36.54166667,0.814,
36.54583333,0.797,
36.55,0.786,
36.55416667,0.773,
36.55833333,0.763,
36.5625,0.759,
36.56666667,0.745,
36.57083333,0.737,
36.575,0.725,
36.57916667,0.708,
36.58333333,0.695,
36.5875,0.687,
36.59166667,0.68,
36.59583333,0.679,
36.6,0.682,
36.60416667,0.675,
36.60833333,0.672,
36.6125,0.669,
36.61666667,0.67,
36.62083333,0.675,
36.625,0.679,
36.62916667,0.682,
36.63333333,0.682,
36.6375,0.685,
36.64166667,0.697,
36.64583333,0.706,
36.65,0.713,
36.65416667,0.722,
36.65833333,0.738,
36.6625,0.751,
36.66666667,0.771,
36.67083333,0.793,
36.675,0.798,
36.67916667,0.812,
36.68333333,0.843,
36.6875,0.862,
36.69166667,0.888,
36.69583333,0.908,
36.7,0.939,
36.70416667,0.956,
36.70833333,0.976,
36.7125,1.003,
36.71666667,1.03,
36.72083333,1.07,
36.725,1.108,
36.72916667,1.138,
36.73333333,1.171,
36.7375,1.197,
36.74166667,1.223,
36.74583333,1.25,
36.75,1.28,
36.75416667,1.306,
36.75833333,1.35,
36.7625,1.383,
36.76666667,1.412,
36.77083333,1.439,
36.775,1.465,
36.77916667,1.5,
36.78333333,1.537,
36.7875,1.572,
36.79166667,1.605,
36.79583333,1.626,
36.8,1.644,
36.80416667,1.66,
36.80833333,1.686,
36.8125,1.72,
36.81666667,1.757,
36.82083333,1.779,
36.825,1.799,
36.82916667,1.809,
36.83333333,1.82,
36.8375,1.845,
36.84166667,1.871,
36.84583333,1.885,
36.85,1.898,
36.85416667,1.901,
36.85833333,1.896,
36.8625,1.906,
36.86666667,1.916,
36.87083333,1.932,
36.875,1.929,
36.87916667,1.923,
36.88333333,1.914,
36.8875,1.913,
36.89166667,1.918,
36.89583333,1.911,
36.9,1.901,
36.90416667,1.89,
36.90833333,1.878,
36.9125,1.861,
36.91666667,1.836,
36.92083333,1.813,
36.925,1.79,
36.92916667,1.764,
36.93333333,1.751,
36.9375,1.733,
36.94166667,1.713,
36.94583333,1.683,
36.95,1.639,
36.95416667,1.59,
36.95833333,1.566,
36.9625,1.54,
36.96666667,1.507,
36.97083333,1.464,
36.975,1.423,
36.97916667,1.382,
36.98333333,1.358,
36.9875,1.325,
36.99166667,1.279,
36.99583333,1.237,
37,1.198,
37.00416667,1.155,
37.00833333,1.101,
37.0125,1.055,
37.01666667,1.011,
37.02083333,0.979,
37.025,0.946,
37.02916667,0.901,
37.03333333,0.853,
37.0375,0.799,
37.04166667,0.754,
37.04583333,0.708,
37.05,0.655,
37.05416667,0.618,
37.05833333,0.575,
37.0625,0.532,
37.06666667,0.495,
37.07083333,0.437,
37.075,0.392,
37.07916667,0.35,
37.08333333,0.31,
37.0875,0.278,
37.09166667,0.239,
37.09583333,0.209,
37.1,0.173,
37.10416667,0.128,
37.10833333,0.095,
37.1125,0.055,
37.11666667,0.023,
37.12083333,-0.006,
37.125,-0.039,
37.12916667,-0.058,
37.13333333,-0.075,
37.1375,-0.105,
37.14166667,-0.121,
37.14583333,-0.143,
37.15,-0.167,
37.15416667,-0.178,
37.15833333,-0.196,
37.1625,-0.206,
37.16666667,-0.22,
37.17083333,-0.228,
37.175,-0.221,
37.17916667,-0.225,
37.18333333,-0.227,
37.1875,-0.218,
37.19166667,-0.224,
37.19583333,-0.223,
37.2,-0.225,
37.20416667,-0.224,
37.20833333,-0.203,
37.2125,-0.179,
37.21666667,-0.151,
37.22083333,-0.135,
37.225,-0.128,
37.22916667,-0.112,
37.23333333,-0.092,
37.2375,-0.075,
37.24166667,-0.055,
37.24583333,-0.032,
37.25,-0.012,
37.25416667,0.016,
37.25833333,0.045,
37.2625,0.073,
37.26666667,0.098,
37.27083333,0.116,
37.275,0.138,
37.27916667,0.163,
37.28333333,0.197,
37.2875,0.225,
37.29166667,0.255,
37.29583333,0.282,
37.3,0.316,
37.30416667,0.356,
37.30833333,0.387,
37.3125,0.418,
37.31666667,0.436,
37.32083333,0.462,
37.325,0.499,
37.32916667,0.541,
37.33333333,0.578,
37.3375,0.613,
37.34166667,0.639,
37.34583333,0.668,
37.35,0.69,
37.35416667,0.722,
37.35833333,0.75,
37.3625,0.778,
37.36666667,0.818,
37.37083333,0.847,
37.375,0.857,
37.37916667,0.876,
37.38333333,0.895,
37.3875,0.919,
37.39166667,0.95,
37.39583333,0.976,
37.4,0.993,
37.40416667,1.012,
37.40833333,1.026,
37.4125,1.038,
37.41666667,1.044,
37.42083333,1.058,
37.425,1.076,
37.42916667,1.088,
37.43333333,1.087,
37.4375,1.097,
37.44166667,1.102,
37.44583333,1.114,
37.45,1.125,
37.45416667,1.12,
37.45833333,1.124,
37.4625,1.124,
37.46666667,1.122,
37.47083333,1.126,
37.475,1.124,
37.47916667,1.116,
37.48333333,1.115,
37.4875,1.11,
37.49166667,1.105,
37.49583333,1.111,
37.5,1.106,
37.50416667,1.093,
37.50833333,1.078,
37.5125,1.061,
37.51666667,1.05,
37.52083333,1.043,
37.525,1.034,
37.52916667,1.015,
37.53333333,0.997,
37.5375,0.994,
37.54166667,0.986,
37.54583333,0.967,
37.55,0.953,
37.55416667,0.941,
37.55833333,0.924,
37.5625,0.912,
37.56666667,0.892,
37.57083333,0.873,
37.575,0.861,
37.57916667,0.851,
37.58333333,0.847,
37.5875,0.839,
37.59166667,0.833,
37.59583333,0.817,
37.6,0.802,
37.60416667,0.794,
37.60833333,0.79,
37.6125,0.799,
37.61666667,0.801,
37.62083333,0.797,
37.625,0.783,
37.62916667,0.77,
37.63333333,0.759,
37.6375,0.763,
37.64166667,0.769,
37.64583333,0.786,
37.65,0.804,
37.65416667,0.804,
37.65833333,0.803,
37.6625,0.796,
37.66666667,0.792,
37.67083333,0.803,
37.675,0.812,
37.67916667,0.821,
37.68333333,0.843,
37.6875,0.857,
37.69166667,0.876,
37.69583333,0.88,
37.7,0.891,
37.70416667,0.914,
37.70833333,0.938,
37.7125,0.96,
37.71666667,0.97,
37.72083333,0.977,
37.725,1.004,
37.72916667,1.037,
37.73333333,1.076,
37.7375,1.102,
37.74166667,1.122,
37.74583333,1.141,
37.75,1.164,
37.75416667,1.187,
37.75833333,1.21,
37.7625,1.248,
37.76666667,1.284,
37.77083333,1.313,
37.775,1.339,
37.77916667,1.365,
37.78333333,1.384,
37.7875,1.414,
37.79166667,1.443,
37.79583333,1.463,
37.8,1.5,
37.80416667,1.536,
37.80833333,1.561,
37.8125,1.574,
37.81666667,1.595,
37.82083333,1.62,
37.825,1.651,
37.82916667,1.67,
37.83333333,1.68,
37.8375,1.691,
37.84166667,1.709,
37.84583333,1.737,
37.85,1.76,
37.85416667,1.784,
37.85833333,1.799,
37.8625,1.815,
37.86666667,1.825,
37.87083333,1.834,
37.875,1.828,
37.87916667,1.818,
37.88333333,1.824,
37.8875,1.849,
37.89166667,1.88,
37.89583333,1.896,
37.9,1.895,
37.90416667,1.872,
37.90833333,1.856,
37.9125,1.857,
37.91666667,1.837,
37.92083333,1.843,
37.925,1.837,
37.92916667,1.831,
37.93333333,1.829,
37.9375,1.811,
37.94166667,1.781,
37.94583333,1.75,
37.95,1.736,
37.95416667,1.715,
37.95833333,1.701,
37.9625,1.68,
37.96666667,1.652,
37.97083333,1.618,
37.975,1.599,
37.97916667,1.57,
37.98333333,1.537,
37.9875,1.508,
37.99166667,1.469,
37.99583333,1.444,
38,1.417,
38.00416667,1.377,
38.00833333,1.337,
38.0125,1.304,
38.01666667,1.272,
38.02083333,1.232,
38.025,1.191,
38.02916667,1.151,
38.03333333,1.108,
38.0375,1.075,
38.04166667,1.039,
38.04583333,0.995,
38.05,0.961,
38.05416667,0.926,
38.05833333,0.885,
38.0625,0.836,
38.06666667,0.787,
38.07083333,0.737,
38.075,0.702,
38.07916667,0.674,
38.08333333,0.636,
38.0875,0.589,
38.09166667,0.551,
38.09583333,0.503,
38.1,0.471,
38.10416667,0.447,
38.10833333,0.408,
38.1125,0.37,
38.11666667,0.325,
38.12083333,0.283,
38.125,0.253,
38.12916667,0.227,
38.13333333,0.204,
38.1375,0.175,
38.14166667,0.141,
38.14583333,0.108,
38.15,0.083,
38.15416667,0.049,
38.15833333,0.014,
38.1625,-0.012,
38.16666667,-0.021,
38.17083333,-0.024,
38.175,-0.041,
38.17916667,-0.058,
38.18333333,-0.087,
38.1875,-0.108,
38.19166667,-0.116,
38.19583333,-0.12,
38.2,-0.121,
38.20416667,-0.132,
38.20833333,-0.135,
38.2125,-0.129,
38.21666667,-0.136,
38.22083333,-0.126,
38.225,-0.111,
38.22916667,-0.099,
38.23333333,-0.09,
38.2375,-0.091,
38.24166667,-0.085,
38.24583333,-0.08,
38.25,-0.061,
38.25416667,-0.027,
38.25833333,-0.007,
38.2625,-0.001,
38.26666667,0.019,
38.27083333,0.035,
38.275,0.05,
38.27916667,0.071,
38.28333333,0.087,
38.2875,0.109,
38.29166667,0.137,
38.29583333,0.17,
38.3,0.2,
38.30416667,0.21,
38.30833333,0.223,
38.3125,0.244,
38.31666667,0.268,
38.32083333,0.296,
38.325,0.321,
38.32916667,0.344,
38.33333333,0.366,
38.3375,0.395,
38.34166667,0.433,
38.34583333,0.474,
38.35,0.502,
38.35416667,0.52,
38.35833333,0.539,
38.3625,0.554,
38.36666667,0.58,
38.37083333,0.62,
38.375,0.648,
38.37916667,0.684,
38.38333333,0.708,
38.3875,0.724,
38.39166667,0.752,
38.39583333,0.769,
38.4,0.789,
38.40416667,0.811,
38.40833333,0.835,
38.4125,0.869,
38.41666667,0.894,
38.42083333,0.923,
38.425,0.929,
38.42916667,0.935,
38.43333333,0.945,
38.4375,0.955,
38.44166667,0.981,
38.44583333,0.997,
38.45,1.018,
38.45416667,1.029,
38.45833333,1.028,
38.4625,1.047,
38.46666667,1.054,
38.47083333,1.067,
38.475,1.079,
38.47916667,1.084,
38.48333333,1.077,
38.4875,1.069,
38.49166667,1.076,
38.49583333,1.085,
38.5,1.101,
38.50416667,1.105,
38.50833333,1.099,
38.5125,1.084,
38.51666667,1.078,
38.52083333,1.078,
38.525,1.076,
38.52916667,1.071,
38.53333333,1.06,
38.5375,1.057,
38.54166667,1.054,
38.54583333,1.053,
38.55,1.044,
38.55416667,1.024,
38.55833333,0.998,
38.5625,0.992,
38.56666667,1.005,
38.57083333,1.008,
38.575,1.006,
38.57916667,0.983,
38.58333333,0.97,
38.5875,0.957,
38.59166667,0.95,
38.59583333,0.947,
38.6,0.926,
38.60416667,0.921,
38.60833333,0.93,
38.6125,0.941,
38.61666667,0.943,
38.62083333,0.925,
38.625,0.902,
38.62916667,0.889,
38.63333333,0.885,
38.6375,0.894,
38.64166667,0.897,
38.64583333,0.89,
38.65,0.891,
38.65416667,0.89,
38.65833333,0.885,
38.6625,0.883,
38.66666667,0.883,
38.67083333,0.887,
38.675,0.889,
38.67916667,0.885,
38.68333333,0.892,
38.6875,0.894,
38.69166667,0.901,
38.69583333,0.909,
38.7,0.905,
38.70416667,0.905,
38.70833333,0.909,
38.7125,0.933,
38.71666667,0.951,
38.72083333,0.956,
38.725,0.977,
38.72916667,0.991,
38.73333333,1.006,
38.7375,1.014,
38.74166667,1.024,
38.74583333,1.043,
38.75,1.064,
38.75416667,1.095,
38.75833333,1.12,
38.7625,1.142,
38.76666667,1.169,
38.77083333,1.179,
38.775,1.189,
38.77916667,1.207,
38.78333333,1.253,
38.7875,1.275,
38.79166667,1.306,
38.79583333,1.329,
38.8,1.337,
38.80416667,1.363,
38.80833333,1.389,
38.8125,1.411,
38.81666667,1.424,
38.82083333,1.453,
38.825,1.488,
38.82916667,1.501,
38.83333333,1.512,
38.8375,1.525,
38.84166667,1.539,
38.84583333,1.571,
38.85,1.593,
38.85416667,1.597,
38.85833333,1.612,
38.8625,1.632,
38.86666667,1.651,
38.87083333,1.664,
38.875,1.676,
38.87916667,1.683,
38.88333333,1.694,
38.8875,1.696,
38.89166667,1.695,
38.89583333,1.707,
38.9,1.724,
38.90416667,1.735,
38.90833333,1.745,
38.9125,1.755,
38.91666667,1.766,
38.92083333,1.767,
38.925,1.742,
38.92916667,1.726,
38.93333333,1.733,
38.9375,1.749,
38.94166667,1.756,
38.94583333,1.74,
38.95,1.711,
38.95416667,1.707,
38.95833333,1.712,
38.9625,1.7,
38.96666667,1.689,
38.97083333,1.673,
38.975,1.657,
38.97916667,1.641,
38.98333333,1.608,
38.9875,1.571,
38.99166667,1.547,
38.99583333,1.536,
39,1.517,
39.00416667,1.494,
39.00833333,1.472,
39.0125,1.449,
39.01666667,1.422,
39.02083333,1.385,
39.025,1.344,
39.02916667,1.317,
39.03333333,1.299,
39.0375,1.27,
39.04166667,1.238,
39.04583333,1.195,
39.05,1.157,
39.05416667,1.124,
39.05833333,1.087,
39.0625,1.05,
39.06666667,1.021,
39.07083333,0.994,
39.075,0.968,
39.07916667,0.93,
39.08333333,0.896,
39.0875,0.854,
39.09166667,0.813,
39.09583333,0.776,
39.1,0.724,
39.10416667,0.691,
39.10833333,0.669,
39.1125,0.637,
39.11666667,0.611,
39.12083333,0.573,
39.125,0.53,
39.12916667,0.5,
39.13333333,0.472,
39.1375,0.438,
39.14166667,0.398,
39.14583333,0.367,
39.15,0.343,
39.15416667,0.328,
39.15833333,0.302,
39.1625,0.264,
39.16666667,0.226,
39.17083333,0.191,
39.175,0.176,
39.17916667,0.172,
39.18333333,0.149,
39.1875,0.124,
39.19166667,0.112,
39.19583333,0.101,
39.2,0.084,
39.20416667,0.06,
39.20833333,0.025,
39.2125,0.003,
39.21666667,-0.004,
39.22083333,0.006,
39.225,0.017,
39.22916667,0.012,
39.23333333,-0.005,
39.2375,-0.02,
39.24166667,-0.015,
39.24583333,-0.017,
39.25,-0.006,
39.25416667,-0.004,
39.25833333,-0.011,
39.2625,0.001,
39.26666667,0.013,
39.27083333,0.024,
39.275,0.019,
39.27916667,0.022,
39.28333333,0.035,
39.2875,0.06,
39.29166667,0.077,
39.29583333,0.095,
39.3,0.102,
39.30416667,0.111,
39.30833333,0.138,
39.3125,0.164,
39.31666667,0.179,
39.32083333,0.186,
39.325,0.201,
39.32916667,0.219,
39.33333333,0.235,
39.3375,0.256,
39.34166667,0.282,
39.34583333,0.311,
39.35,0.345,
39.35416667,0.366,
39.35833333,0.369,
39.3625,0.386,
39.36666667,0.406,
39.37083333,0.437,
39.375,0.465,
39.37916667,0.482,
39.38333333,0.507,
39.3875,0.536,
39.39166667,0.57,
39.39583333,0.59,
39.4,0.592,
39.40416667,0.6,
39.40833333,0.627,
39.4125,0.669,
39.41666667,0.702,
39.42083333,0.717,
39.425,0.724,
39.42916667,0.735,
39.43333333,0.766,
39.4375,0.796,
39.44166667,0.814,
39.44583333,0.826,
39.45,0.837,
39.45416667,0.856,
39.45833333,0.873,
39.4625,0.884,
39.46666667,0.899,
39.47083333,0.912,
39.475,0.926,
39.47916667,0.942,
39.48333333,0.95,
39.4875,0.956,
39.49166667,0.978,
39.49583333,0.988,
39.5,0.99,
39.50416667,0.997,
39.50833333,0.996,
39.5125,1.009,
39.51666667,1.018,
39.52083333,1.022,
39.525,1.02,
39.52916667,1.02,
39.53333333,1.037,
39.5375,1.038,
39.54166667,1.028,
39.54583333,1.019,
39.55,1.013,
39.55416667,1.034,
39.55833333,1.053,
39.5625,1.047,
39.56666667,1.024,
39.57083333,1.017,
39.575,1.012,
39.57916667,1.013,
39.58333333,1.011,
39.5875,1.004,
39.59166667,0.996,
39.59583333,0.993,
39.6,1.007,
39.60416667,1.002,
39.60833333,0.997,
39.6125,0.989,
39.61666667,0.967,
39.62083333,0.97,
39.625,0.969,
39.62916667,0.975,
39.63333333,0.976,
39.6375,0.965,
39.64166667,0.958,
39.64583333,0.954,
39.65,0.952,
39.65416667,0.944,
39.65833333,0.935,
39.6625,0.934,
39.66666667,0.93,
39.67083333,0.933,
39.675,0.933,
39.67916667,0.944,
39.68333333,0.937,
39.6875,0.937,
39.69166667,0.927,
39.69583333,0.926,
39.7,0.927,
39.70416667,0.932,
39.70833333,0.932,
39.7125,0.935,
39.71666667,0.944,
39.72083333,0.948,
39.725,0.96,
39.72916667,0.962,
39.73333333,0.954,
39.7375,0.953,
39.74166667,0.96,
39.74583333,0.985,
39.75,1.012,
39.75416667,1.036,
39.75833333,1.042,
39.7625,1.043,
39.76666667,1.042,
39.77083333,1.054,
39.775,1.077,
39.77916667,1.091,
39.78333333,1.11,
39.7875,1.129,
39.79166667,1.155,
39.79583333,1.185,
39.8,1.197,
39.80416667,1.213,
39.80833333,1.221,
39.8125,1.242,
39.81666667,1.27,
39.82083333,1.28,
39.825,1.301,
39.82916667,1.327,
39.83333333,1.354,
39.8375,1.37,
39.84166667,1.375,
39.84583333,1.376,
39.85,1.391,
39.85416667,1.418,
39.85833333,1.436,
39.8625,1.453,
39.86666667,1.471,
39.87083333,1.491,
39.875,1.514,
39.87916667,1.515,
39.88333333,1.505,
39.8875,1.503,
39.89166667,1.525,
39.89583333,1.548,
39.9,1.579,
39.90416667,1.587,
39.90833333,1.579,
39.9125,1.588,
39.91666667,1.595,
39.92083333,1.603,
39.925,1.603,
39.92916667,1.611,
39.93333333,1.619,
39.9375,1.632,
39.94166667,1.644,
39.94583333,1.638,
39.95,1.634,
39.95416667,1.641,
39.95833333,1.637,
39.9625,1.632,
39.96666667,1.632,
39.97083333,1.634,
39.975,1.631,
39.97916667,1.634,
39.98333333,1.631,
39.9875,1.619,
39.99166667,1.61,
39.99583333,1.596,
40,1.572,
40.00416667,1.553,
40.00833333,1.543,
40.0125,1.523,
40.01666667,1.511,
40.02083333,1.499,
40.025,1.475,
40.02916667,1.458,
40.03333333,1.425,
40.0375,1.401,
40.04166667,1.377,
40.04583333,1.351,
40.05,1.317,
40.05416667,1.283,
40.05833333,1.265,
40.0625,1.243,
40.06666667,1.22,
40.07083333,1.187,
40.075,1.151,
40.07916667,1.129,
40.08333333,1.104,
40.0875,1.073,
40.09166667,1.031,
40.09583333,0.988,
40.1,0.964,
40.10416667,0.951,
40.10833333,0.941,
40.1125,0.921,
40.11666667,0.885,
40.12083333,0.841,
40.125,0.799,
40.12916667,0.764,
40.13333333,0.744,
40.1375,0.722,
40.14166667,0.698,
40.14583333,0.665,
40.15,0.635,
40.15416667,0.607,
40.15833333,0.588,
40.1625,0.56,
40.16666667,0.519,
40.17083333,0.485,
40.175,0.451,
40.17916667,0.422,
40.18333333,0.399,
40.1875,0.373,
40.19166667,0.359,
40.19583333,0.347,
40.2,0.326,
40.20416667,0.297,
40.20833333,0.259,
40.2125,0.229,
40.21666667,0.209,
40.22083333,0.194,
40.225,0.186,
40.22916667,0.183,
40.23333333,0.179,
40.2375,0.172,
40.24166667,0.152,
40.24583333,0.123,
40.25,0.095,
40.25416667,0.083,
40.25833333,0.088,
40.2625,0.095,
40.26666667,0.093,
40.27083333,0.094,
40.275,0.092,
40.27916667,0.093,
40.28333333,0.1,
40.2875,0.088,
40.29166667,0.082,
40.29583333,0.077,
40.3,0.081,
40.30416667,0.102,
40.30833333,0.111,
40.3125,0.118,
40.31666667,0.134,
40.32083333,0.139,
40.325,0.155,
40.32916667,0.167,
40.33333333,0.169,
40.3375,0.183,
40.34166667,0.192,
40.34583333,0.209,
40.35,0.227,
40.35416667,0.243,
40.35833333,0.256,
40.3625,0.276,
40.36666667,0.29,
40.37083333,0.304,
40.375,0.303,
40.37916667,0.326,
40.38333333,0.348,
40.3875,0.367,
40.39166667,0.397,
40.39583333,0.414,
40.4,0.436,
40.40416667,0.449,
40.40833333,0.459,
40.4125,0.48,
40.41666667,0.49,
40.42083333,0.516,
40.425,0.546,
40.42916667,0.561,
40.43333333,0.578,
40.4375,0.589,
40.44166667,0.616,
40.44583333,0.646,
40.45,0.66,
40.45416667,0.683,
40.45833333,0.697,
40.4625,0.711,
40.46666667,0.738,
40.47083333,0.762,
40.475,0.779,
40.47916667,0.801,
40.48333333,0.822,
40.4875,0.834,
40.49166667,0.845,
40.49583333,0.858,
40.5,0.875,
40.50416667,0.895,
40.50833333,0.913,
40.5125,0.926,
40.51666667,0.936,
40.52083333,0.946,
40.525,0.961,
40.52916667,0.968,
40.53333333,0.964,
40.5375,0.975,
40.54166667,0.989,
40.54583333,1.004,
40.55,1.018,
40.55416667,1.015,
40.55833333,0.998,
40.5625,1.003,
40.56666667,1.019,
40.57083333,1.025,
40.575,1.026,
40.57916667,1.026,
40.58333333,1.022,
40.5875,1.033,
40.59166667,1.036,
40.59583333,1.038,
40.6,1.03,
40.60416667,1.02,
40.60833333,1.02,
40.6125,1.017,
40.61666667,1.017,
40.62083333,1.029,
40.625,1.041,
40.62916667,1.037,
40.63333333,1.025,
40.6375,1.014,
40.64166667,1.01,
40.64583333,1.017,
40.65,1.019,
40.65416667,1.03,
40.65833333,1.026,
40.6625,1.031,
40.66666667,1.033,
40.67083333,1.021,
40.675,1.014,
40.67916667,1.012,
40.68333333,1.02,
40.6875,1.031,
40.69166667,1.036,
40.69583333,1.023,
40.7,1.008,
40.70416667,0.992,
40.70833333,0.989,
40.7125,1.001,
40.71666667,1.012,
40.72083333,1.017,
40.725,1.019,
40.72916667,1.007,
40.73333333,1.008,
40.7375,1.018,
40.74166667,1.017,
40.74583333,1.012,
40.75,1.009,
40.75416667,1,
40.75833333,1.002,
40.7625,1.011,
40.76666667,1.025,
40.77083333,1.036,
40.775,1.048,
40.77916667,1.06,
40.78333333,1.066,
40.7875,1.081,
40.79166667,1.086,
40.79583333,1.086,
40.8,1.088,
40.80416667,1.102,
40.80833333,1.116,
40.8125,1.141,
40.81666667,1.164,
40.82083333,1.166,
40.825,1.173,
40.82916667,1.187,
40.83333333,1.215,
40.8375,1.232,
40.84166667,1.239,
40.84583333,1.24,
40.85,1.244,
40.85416667,1.277,
40.85833333,1.296,
40.8625,1.306,
40.86666667,1.311,
40.87083333,1.319,
40.875,1.343,
40.87916667,1.363,
40.88333333,1.369,
40.8875,1.359,
40.89166667,1.375,
40.89583333,1.394,
40.9,1.412,
40.90416667,1.422,
40.90833333,1.416,
40.9125,1.416,
40.91666667,1.438,
40.92083333,1.444,
40.925,1.438,
40.92916667,1.443,
40.93333333,1.462,
40.9375,1.476,
40.94166667,1.482,
40.94583333,1.474,
40.95,1.465,
40.95416667,1.473,
40.95833333,1.485,
40.9625,1.485,
40.96666667,1.484,
40.97083333,1.49,
40.975,1.498,
40.97916667,1.504,
40.98333333,1.506,
40.9875,1.494,
40.99166667,1.488,
40.99583333,1.494,
41,1.502,
41.00416667,1.495,
41.00833333,1.494,
41.0125,1.486,
41.01666667,1.471,
41.02083333,1.467,
41.025,1.465,
41.02916667,1.465,
41.03333333,1.475,
41.0375,1.46,
41.04166667,1.438,
41.04583333,1.418,
41.05,1.397,
41.05416667,1.387,
41.05833333,1.369,
41.0625,1.358,
41.06666667,1.335,
41.07083333,1.328,
41.075,1.319,
41.07916667,1.285,
41.08333333,1.256,
41.0875,1.225,
41.09166667,1.201,
41.09583333,1.185,
41.1,1.172,
41.10416667,1.151,
41.10833333,1.123,
41.1125,1.102,
41.11666667,1.065,
41.12083333,1.023,
41.125,0.998,
41.12916667,0.978,
41.13333333,0.965,
41.1375,0.944,
41.14166667,0.917,
41.14583333,0.886,
41.15,0.861,
41.15416667,0.844,
41.15833333,0.821,
41.1625,0.791,
41.16666667,0.758,
41.17083333,0.732,
41.175,0.706,
41.17916667,0.688,
41.18333333,0.67,
41.1875,0.65,
41.19166667,0.634,
41.19583333,0.607,
41.2,0.574,
41.20416667,0.543,
41.20833333,0.52,
41.2125,0.498,
41.21666667,0.481,
41.22083333,0.463,
41.225,0.45,
41.22916667,0.439,
41.23333333,0.419,
41.2375,0.398,
41.24166667,0.366,
41.24583333,0.337,
41.25,0.323,
41.25416667,0.312,
41.25833333,0.3,
41.2625,0.277,
41.26666667,0.262,
41.27083333,0.253,
41.275,0.239,
41.27916667,0.226,
41.28333333,0.224,
41.2875,0.222,
41.29166667,0.212,
41.29583333,0.206,
41.3,0.195,
41.30416667,0.171,
41.30833333,0.161,
41.3125,0.179,
41.31666667,0.188,
41.32083333,0.183,
41.325,0.179,
41.32916667,0.176,
41.33333333,0.179,
41.3375,0.184,
41.34166667,0.205,
41.34583333,0.219,
41.35,0.218,
41.35416667,0.23,
41.35833333,0.239,
41.3625,0.232,
41.36666667,0.238,
41.37083333,0.244,
41.375,0.266,
41.37916667,0.292,
41.38333333,0.302,
41.3875,0.328,
41.39166667,0.333,
41.39583333,0.342,
41.4,0.357,
41.40416667,0.363,
41.40833333,0.382,
41.4125,0.407,
41.41666667,0.428,
41.42083333,0.437,
41.425,0.439,
41.42916667,0.451,
41.43333333,0.471,
41.4375,0.507,
41.44166667,0.532,
41.44583333,0.536,
41.45,0.549,
41.45416667,0.565,
41.45833333,0.595,
41.4625,0.61,
41.46666667,0.616,
41.47083333,0.628,
41.475,0.645,
41.47916667,0.679,
41.48333333,0.707,
41.4875,0.718,
41.49166667,0.729,
41.49583333,0.747,
41.5,0.779,
41.50416667,0.798,
41.50833333,0.811,
41.5125,0.811,
41.51666667,0.818,
41.52083333,0.837,
41.525,0.856,
41.52916667,0.885,
41.53333333,0.915,
41.5375,0.94,
41.54166667,0.951,
41.54583333,0.946,
41.55,0.951,
41.55416667,0.961,
41.55833333,0.985,
41.5625,0.989,
41.56666667,0.996,
41.57083333,1.02,
41.575,1.03,
41.57916667,1.051,
41.58333333,1.06,
41.5875,1.051,
41.59166667,1.042,
41.59583333,1.055,
41.6,1.076,
41.60416667,1.099,
41.60833333,1.102,
41.6125,1.096,
41.61666667,1.091,
41.62083333,1.095,
41.625,1.104,
41.62916667,1.092,
41.63333333,1.091,
41.6375,1.099,
41.64166667,1.111,
41.64583333,1.123,
41.65,1.126,
41.65416667,1.122,
41.65833333,1.111,
41.6625,1.1,
41.66666667,1.083,
41.67083333,1.077,
41.675,1.086,
41.67916667,1.088,
41.68333333,1.103,
41.6875,1.105,
41.69166667,1.101,
41.69583333,1.097,
41.7,1.107,
41.70416667,1.098,
41.70833333,1.08,
41.7125,1.064,
41.71666667,1.06,
41.72083333,1.07,
41.725,1.087,
41.72916667,1.091,
41.73333333,1.089,
41.7375,1.083,
41.74166667,1.076,
41.74583333,1.065,
41.75,1.052,
41.75416667,1.049,
41.75833333,1.056,
41.7625,1.071,
41.76666667,1.089,
41.77083333,1.093,
41.775,1.082,
41.77916667,1.074,
41.78333333,1.048,
41.7875,1.036,
41.79166667,1.033,
41.79583333,1.046,
41.8,1.075,
41.80416667,1.103,
41.80833333,1.101,
41.8125,1.081,
41.81666667,1.056,
41.82083333,1.055,
41.825,1.067,
41.82916667,1.072,
41.83333333,1.079,
41.8375,1.088,
41.84166667,1.119,
41.84583333,1.136,
41.85,1.122,
41.85416667,1.097,
41.85833333,1.081,
41.8625,1.099,
41.86666667,1.13,
41.87083333,1.158,
41.875,1.165,
41.87916667,1.159,
41.88333333,1.169,
41.8875,1.176,
41.89166667,1.169,
41.89583333,1.175,
41.9,1.192,
41.90416667,1.2,
41.90833333,1.211,
41.9125,1.216,
41.91666667,1.215,
41.92083333,1.229,
41.925,1.251,
41.92916667,1.25,
41.93333333,1.261,
41.9375,1.264,
41.94166667,1.263,
41.94583333,1.267,
41.95,1.275,
41.95416667,1.28,
41.95833333,1.291,
41.9625,1.305,
41.96666667,1.313,
41.97083333,1.323,
41.975,1.32,
41.97916667,1.317,
41.98333333,1.322,
41.9875,1.328,
41.99166667,1.334,
41.99583333,1.335,
42,1.332,
42.00416667,1.333,
42.00833333,1.35,
42.0125,1.364,
42.01666667,1.357,
42.02083333,1.343,
42.025,1.338,
42.02916667,1.334,
42.03333333,1.348,
42.0375,1.351,
42.04166667,1.349,
42.04583333,1.347,
42.05,1.339,
42.05416667,1.324,
42.05833333,1.309,
42.0625,1.301,
42.06666667,1.302,
42.07083333,1.314,
42.075,1.309,
42.07916667,1.299,
42.08333333,1.287,
42.0875,1.261,
42.09166667,1.247,
42.09583333,1.236,
42.1,1.225,
42.10416667,1.214,
42.10833333,1.201,
42.1125,1.186,
42.11666667,1.166,
42.12083333,1.153,
42.125,1.137,
42.12916667,1.121,
42.13333333,1.116,
42.1375,1.104,
42.14166667,1.08,
42.14583333,1.053,
42.15,1.023,
42.15416667,0.996,
42.15833333,0.973,
42.1625,0.955,
42.16666667,0.937,
42.17083333,0.928,
42.175,0.906,
42.17916667,0.89,
42.18333333,0.872,
42.1875,0.851,
42.19166667,0.82,
42.19583333,0.788,
42.2,0.761,
42.20416667,0.747,
42.20833333,0.742,
42.2125,0.726,
42.21666667,0.699,
42.22083333,0.664,
42.225,0.646,
42.22916667,0.635,
42.23333333,0.609,
42.2375,0.585,
42.24166667,0.559,
42.24583333,0.55,
42.25,0.553,
42.25416667,0.534,
42.25833333,0.505,
42.2625,0.459,
42.26666667,0.432,
42.27083333,0.426,
42.275,0.424,
42.27916667,0.42,
42.28333333,0.399,
42.2875,0.379,
42.29166667,0.364,
42.29583333,0.35,
42.3,0.332,
42.30416667,0.315,
42.30833333,0.303,
42.3125,0.3,
42.31666667,0.301,
42.32083333,0.294,
42.325,0.278,
42.32916667,0.257,
42.33333333,0.255,
42.3375,0.262,
42.34166667,0.255,
42.34583333,0.246,
42.35,0.238,
42.35416667,0.237,
42.35833333,0.248,
42.3625,0.244,
42.36666667,0.243,
42.37083333,0.248,
42.375,0.25,
42.37916667,0.258,
42.38333333,0.261,
42.3875,0.254,
42.39166667,0.25,
42.39583333,0.255,
42.4,0.267,
42.40416667,0.278,
42.40833333,0.292,
42.4125,0.319,
42.41666667,0.321,
42.42083333,0.329,
42.425,0.335,
42.42916667,0.326,
42.43333333,0.348,
42.4375,0.37,
42.44166667,0.384,
42.44583333,0.405,
42.45,0.411,
42.45416667,0.434,
42.45833333,0.46,
42.4625,0.472,
42.46666667,0.479,
42.47083333,0.472,
42.475,0.487,
42.47916667,0.513,
42.48333333,0.551,
42.4875,0.595,
42.49166667,0.604,
42.49583333,0.609,
42.5,0.628,
42.50416667,0.646,
42.50833333,0.665,
42.5125,0.679,
42.51666667,0.691,
42.52083333,0.708,
42.525,0.74,
42.52916667,0.765,
42.53333333,0.776,
42.5375,0.795,
42.54166667,0.816,
42.54583333,0.831,
42.55,0.849,
42.55416667,0.869,
42.55833333,0.886,
42.5625,0.911,
42.56666667,0.943,
42.57083333,0.951,
42.575,0.951,
42.57916667,0.962,
42.58333333,0.981,
42.5875,1.007,
42.59166667,1.015,
42.59583333,1.032,
42.6,1.038,
42.60416667,1.068,
42.60833333,1.089,
42.6125,1.091,
42.61666667,1.1,
42.62083333,1.108,
42.625,1.115,
42.62916667,1.13,
42.63333333,1.133,
42.6375,1.135,
42.64166667,1.129,
42.64583333,1.129,
42.65,1.132,
42.65416667,1.158,
42.65833333,1.169,
42.6625,1.172,
42.66666667,1.171,
42.67083333,1.161,
42.675,1.17,
42.67916667,1.169,
42.68333333,1.169,
42.6875,1.162,
42.69166667,1.156,
42.69583333,1.159,
42.7,1.144,
42.70416667,1.14,
42.70833333,1.146,
42.7125,1.162,
42.71666667,1.174,
42.72083333,1.176,
42.725,1.149,
42.72916667,1.142,
42.73333333,1.142,
42.7375,1.138,
42.74166667,1.149,
42.74583333,1.141,
42.75,1.122,
42.75416667,1.12,
42.75833333,1.098,
42.7625,1.087,
42.76666667,1.099,
42.77083333,1.103,
42.775,1.102,
42.77916667,1.098,
42.78333333,1.092,
42.7875,1.087,
42.79166667,1.078,
42.79583333,1.058,
42.8,1.031,
42.80416667,1.023,
42.80833333,1.038,
42.8125,1.049,
42.81666667,1.041,
42.82083333,1.032,
42.825,1.017,
42.82916667,1.018,
42.83333333,1.025,
42.8375,1.017,
42.84166667,1.006,
42.84583333,0.992,
42.85,0.995,
42.85416667,1.007,
42.85833333,1.003,
42.8625,0.995,
42.86666667,0.985,
42.87083333,0.989,
42.875,1.009,
42.87916667,1.01,
42.88333333,1.003,
42.8875,0.981,
42.89166667,0.98,
42.89583333,0.993,
42.9,1.005,
42.90416667,1.012,
42.90833333,1.012,
42.9125,0.996,
42.91666667,0.995,
42.92083333,1.005,
42.925,1.011,
42.92916667,1.038,
42.93333333,1.047,
42.9375,1.041,
42.94166667,1.039,
42.94583333,1.042,
42.95,1.051,
42.95416667,1.065,
42.95833333,1.07,
42.9625,1.072,
42.96666667,1.083,
42.97083333,1.099,
42.975,1.102,
42.97916667,1.095,
42.98333333,1.101,
42.9875,1.118,
42.99166667,1.136,
42.99583333,1.133,
43,1.127,
43.00416667,1.138,
43.00833333,1.149,
43.0125,1.155,
43.01666667,1.147,
43.02083333,1.14,
43.025,1.156,
43.02916667,1.175,
43.03333333,1.183,
43.0375,1.182,
43.04166667,1.188,
43.04583333,1.201,
43.05,1.195,
43.05416667,1.177,
43.05833333,1.167,
43.0625,1.179,
43.06666667,1.196,
43.07083333,1.208,
43.075,1.199,
43.07916667,1.204,
43.08333333,1.213,
43.0875,1.204,
43.09166667,1.194,
43.09583333,1.179,
43.1,1.191,
43.10416667,1.214,
43.10833333,1.215,
43.1125,1.18,
43.11666667,1.162,
43.12083333,1.172,
43.125,1.177,
43.12916667,1.174,
43.13333333,1.174,
43.1375,1.161,
43.14166667,1.162,
43.14583333,1.153,
43.15,1.123,
43.15416667,1.09,
43.15833333,1.084,
43.1625,1.087,
43.16666667,1.086,
43.17083333,1.075,
43.175,1.05,
43.17916667,1.029,
43.18333333,1.022,
43.1875,1.018,
43.19166667,0.999,
43.19583333,0.969,
43.2,0.939,
43.20416667,0.933,
43.20833333,0.926,
43.2125,0.909,
43.21666667,0.877,
43.22083333,0.857,
43.225,0.845,
43.22916667,0.843,
43.23333333,0.824,
43.2375,0.789,
43.24166667,0.763,
43.24583333,0.754,
43.25,0.759,
43.25416667,0.735,
43.25833333,0.693,
43.2625,0.669,
43.26666667,0.651,
43.27083333,0.652,
43.275,0.632,
43.27916667,0.593,
43.28333333,0.566,
43.2875,0.562,
43.29166667,0.565,
43.29583333,0.545,
43.3,0.511,
43.30416667,0.482,
43.30833333,0.461,
43.3125,0.441,
43.31666667,0.424,
43.32083333,0.418,
43.325,0.424,
43.32916667,0.429,
43.33333333,0.417,
43.3375,0.388,
43.34166667,0.351,
43.34583333,0.334,
43.35,0.329,
43.35416667,0.32,
43.35833333,0.32,
43.3625,0.317,
43.36666667,0.329,
43.37083333,0.325,
43.375,0.308,
43.37916667,0.295,
43.38333333,0.281,
43.3875,0.281,
43.39166667,0.299,
43.39583333,0.308,
43.4,0.308,
43.40416667,0.296,
43.40833333,0.282,
43.4125,0.279,
43.41666667,0.28,
43.42083333,0.301,
43.425,0.315,
43.42916667,0.324,
43.43333333,0.332,
43.4375,0.346,
43.44166667,0.358,
43.44583333,0.358,
43.45,0.357,
43.45416667,0.355,
43.45833333,0.374,
43.4625,0.389,
43.46666667,0.413,
43.47083333,0.423,
43.475,0.426,
43.47916667,0.445,
43.48333333,0.47,
43.4875,0.494,
43.49166667,0.507,
43.49583333,0.502,
43.5,0.513,
43.50416667,0.542,
43.50833333,0.57,
43.5125,0.598,
43.51666667,0.619,
43.52083333,0.637,
43.525,0.652,
43.52916667,0.657,
43.53333333,0.667,
43.5375,0.674,
43.54166667,0.703,
43.54583333,0.754,
43.55,0.786,
43.55416667,0.817,
43.55833333,0.826,
43.5625,0.841,
43.56666667,0.852,
43.57083333,0.862,
43.575,0.889,
43.57916667,0.917,
43.58333333,0.954,
43.5875,0.981,
43.59166667,0.998,
43.59583333,1.008,
43.6,1.019,
43.60416667,1.043,
43.60833333,1.075,
43.6125,1.089,
43.61666667,1.109,
43.62083333,1.109,
43.625,1.117,
43.62916667,1.144,
43.63333333,1.175,
43.6375,1.19,
43.64166667,1.194,
43.64583333,1.203,
43.65,1.213,
43.65416667,1.233,
43.65833333,1.244,
43.6625,1.234,
43.66666667,1.226,
43.67083333,1.232,
43.675,1.261,
43.67916667,1.265,
43.68333333,1.266,
43.6875,1.265,
43.69166667,1.265,
43.69583333,1.263,
43.7,1.253,
43.70416667,1.252,
43.70833333,1.262,
43.7125,1.266,
43.71666667,1.254,
43.72083333,1.242,
43.725,1.252,
43.72916667,1.259,
43.73333333,1.266,
43.7375,1.24,
43.74166667,1.22,
43.74583333,1.22,
43.75,1.221,
43.75416667,1.224,
43.75833333,1.209,
43.7625,1.203,
43.76666667,1.209,
43.77083333,1.202,
43.775,1.189,
43.77916667,1.174,
43.78333333,1.159,
43.7875,1.16,
43.79166667,1.146,
43.79583333,1.13,
43.8,1.117,
43.80416667,1.126,
43.80833333,1.126,
43.8125,1.094,
43.81666667,1.08,
43.82083333,1.076,
43.825,1.071,
43.82916667,1.075,
43.83333333,1.039,
43.8375,1.001,
43.84166667,0.988,
43.84583333,0.992,
43.85,0.992,
43.85416667,0.979,
43.85833333,0.972,
43.8625,0.957,
43.86666667,0.955,
43.87083333,0.945,
43.875,0.91,
43.87916667,0.889,
43.88333333,0.881,
43.8875,0.899,
43.89166667,0.903,
43.89583333,0.899,
43.9,0.885,
43.90416667,0.868,
43.90833333,0.863,
43.9125,0.856,
43.91666667,0.842,
43.92083333,0.844,
43.925,0.865,
43.92916667,0.883,
43.93333333,0.893,
43.9375,0.88,
43.94166667,0.855,
43.94583333,0.841,
43.95,0.849,
43.95416667,0.851,
43.95833333,0.859,
43.9625,0.88,
43.96666667,0.887,
43.97083333,0.884,
43.975,0.882,
43.97916667,0.89,
43.98333333,0.908,
43.9875,0.921,
43.99166667,0.919,
43.99583333,0.899,
44,0.893,
44.00416667,0.924,
44.00833333,0.947,
44.0125,0.951,
44.01666667,0.951,
44.02083333,0.951,
44.025,0.965,
44.02916667,0.987,
44.03333333,0.985,
44.0375,0.977,
44.04166667,0.988,
44.04583333,1.005,
44.05,1.027,
44.05416667,1.039,
44.05833333,1.036,
44.0625,1.035,
44.06666667,1.046,
44.07083333,1.056,
44.075,1.068,
44.07916667,1.078,
44.08333333,1.087,
44.0875,1.095,
44.09166667,1.106,
44.09583333,1.127,
44.1,1.134,
44.10416667,1.142,
44.10833333,1.139,
44.1125,1.14,
44.11666667,1.153,
44.12083333,1.161,
44.125,1.163,
44.12916667,1.165,
44.13333333,1.173,
44.1375,1.18,
44.14166667,1.184,
44.14583333,1.186,
44.15,1.18,
44.15416667,1.19,
44.15833333,1.194,
44.1625,1.18,
44.16666667,1.171,
44.17083333,1.171,
44.175,1.177,
44.17916667,1.176,
44.18333333,1.153,
44.1875,1.117,
44.19166667,1.109,
44.19583333,1.127,
44.2,1.136,
44.20416667,1.124,
44.20833333,1.096,
44.2125,1.074,
44.21666667,1.065,
44.22083333,1.07,
44.225,1.053,
44.22916667,1.019,
44.23333333,0.998,
44.2375,0.996,
44.24166667,1.001,
44.24583333,0.988,
44.25,0.949,
44.25416667,0.904,
44.25833333,0.884,
44.2625,0.894,
44.26666667,0.906,
44.27083333,0.892,
44.275,0.859,
44.27916667,0.822,
44.28333333,0.796,
44.2875,0.782,
44.29166667,0.771,
44.29583333,0.751,
44.3,0.737,
44.30416667,0.726,
44.30833333,0.708,
44.3125,0.7,
44.31666667,0.673,
44.32083333,0.643,
44.325,0.62,
44.32916667,0.597,
44.33333333,0.588,
44.3375,0.583,
44.34166667,0.566,
44.34583333,0.554,
44.35,0.53,
44.35416667,0.508,
44.35833333,0.491,
44.3625,0.465,
44.36666667,0.453,
44.37083333,0.439,
44.375,0.431,
44.37916667,0.424,
44.38333333,0.407,
44.3875,0.402,
44.39166667,0.386,
44.39583333,0.367,
44.4,0.356,
44.40416667,0.345,
44.40833333,0.337,
44.4125,0.343,
44.41666667,0.354,
44.42083333,0.346,
44.425,0.334,
44.42916667,0.321,
44.43333333,0.323,
44.4375,0.327,
44.44166667,0.329,
44.44583333,0.331,
44.45,0.329,
44.45416667,0.338,
44.45833333,0.352,
44.4625,0.369,
44.46666667,0.384,
44.47083333,0.377,
44.475,0.389,
44.47916667,0.411,
44.48333333,0.413,
44.4875,0.43,
44.49166667,0.448,
44.49583333,0.46,
44.5,0.49,
44.50416667,0.519,
44.50833333,0.534,
44.5125,0.542,
44.51666667,0.546,
44.52083333,0.573,
44.525,0.6,
44.52916667,0.619,
44.53333333,0.641,
44.5375,0.674,
44.54166667,0.707,
44.54583333,0.734,
44.55,0.744,
44.55416667,0.746,
44.55833333,0.758,
44.5625,0.786,
44.56666667,0.815,
44.57083333,0.852,
44.575,0.879,
44.57916667,0.893,
44.58333333,0.919,
44.5875,0.933,
44.59166667,0.949,
44.59583333,0.973,
44.6,0.996,
44.60416667,1.01,
44.60833333,1.025,
44.6125,1.056,
44.61666667,1.083,
44.62083333,1.116,
44.625,1.139,
44.62916667,1.141,
44.63333333,1.146,
44.6375,1.173,
44.64166667,1.208,
44.64583333,1.227,
44.65,1.237,
44.65416667,1.261,
44.65833333,1.279,
44.6625,1.308,
44.66666667,1.322,
44.67083333,1.313,
44.675,1.321,
44.67916667,1.349,
44.68333333,1.369,
44.6875,1.387,
44.69166667,1.396,
44.69583333,1.398,
44.7,1.399,
44.70416667,1.389,
44.70833333,1.391,
44.7125,1.401,
44.71666667,1.415,
44.72083333,1.435,
44.725,1.431,
44.72916667,1.419,
44.73333333,1.416,
44.7375,1.41,
44.74166667,1.397,
44.74583333,1.384,
44.75,1.374,
44.75416667,1.392,
44.75833333,1.398,
44.7625,1.383,
44.76666667,1.348,
44.77083333,1.317,
44.775,1.312,
44.77916667,1.315,
44.78333333,1.306,
44.7875,1.29,
44.79166667,1.276,
44.79583333,1.268,
44.8,1.261,
44.80416667,1.24,
44.80833333,1.22,
44.8125,1.183,
44.81666667,1.162,
44.82083333,1.154,
44.825,1.13,
44.82916667,1.121,
44.83333333,1.11,
44.8375,1.097,
44.84166667,1.09,
44.84583333,1.071,
44.85,1.05,
44.85416667,1.014,
44.85833333,0.985,
44.8625,0.968,
44.86666667,0.95,
44.87083333,0.952,
44.875,0.952,
44.87916667,0.932,
44.88333333,0.911,
44.8875,0.886,
44.89166667,0.852,
44.89583333,0.835,
44.9,0.827,
44.90416667,0.825,
44.90833333,0.818,
44.9125,0.807,
44.91666667,0.787,
44.92083333,0.774,
44.925,0.762,
44.92916667,0.745,
44.93333333,0.723,
44.9375,0.713,
44.94166667,0.706,
44.94583333,0.717,
44.95,0.719,
44.95416667,0.699,
44.95833333,0.679,
44.9625,0.66,
44.96666667,0.668,
44.97083333,0.675,
44.975,0.675,
44.97916667,0.668,
44.98333333,0.655,
44.9875,0.659,
44.99166667,0.673,
44.99583333,0.686,
45,0.683,
45.00416667,0.679,
45.00833333,0.691,
45.0125,0.688,
45.01666667,0.681,
45.02083333,0.691,
45.025,0.696,
45.02916667,0.724,
45.03333333,0.759,
45.0375,0.775,
45.04166667,0.778,
45.04583333,0.764,
45.05,0.76,
45.05416667,0.775,
45.05833333,0.792,
45.0625,0.83,
45.06666667,0.856,
45.07083333,0.871,
45.075,0.881,
45.07916667,0.876,
45.08333333,0.883,
45.0875,0.884,
45.09166667,0.906,
45.09583333,0.944,
45.1,0.961,
45.10416667,0.978,
45.10833333,0.981,
45.1125,0.984,
45.11666667,0.989,
45.12083333,1.004,
45.125,1.024,
45.12916667,1.032,
45.13333333,1.056,
45.1375,1.076,
45.14166667,1.085,
45.14583333,1.092,
45.15,1.083,
45.15416667,1.087,
45.15833333,1.113,
45.1625,1.146,
45.16666667,1.149,
45.17083333,1.138,
45.175,1.141,
45.17916667,1.148,
45.18333333,1.176,
45.1875,1.183,
45.19166667,1.179,
45.19583333,1.172,
45.2,1.174,
45.20416667,1.191,
45.20833333,1.188,
45.2125,1.183,
45.21666667,1.181,
45.22083333,1.168,
45.225,1.157,
45.22916667,1.153,
45.23333333,1.154,
45.2375,1.145,
45.24166667,1.147,
45.24583333,1.128,
45.25,1.114,
45.25416667,1.107,
45.25833333,1.092,
45.2625,1.078,
45.26666667,1.047,
45.27083333,1.036,
45.275,1.025,
45.27916667,0.993,
45.28333333,0.977,
45.2875,0.961,
45.29166667,0.955,
45.29583333,0.942,
45.3,0.92,
45.30416667,0.894,
45.30833333,0.879,
45.3125,0.876,
45.31666667,0.847,
45.32083333,0.807,
45.325,0.789,
45.32916667,0.78,
45.33333333,0.785,
45.3375,0.77,
45.34166667,0.732,
45.34583333,0.7,
45.35,0.686,
45.35416667,0.68,
45.35833333,0.662,
45.3625,0.628,
45.36666667,0.603,
45.37083333,0.587,
45.375,0.581,
45.37916667,0.581,
45.38333333,0.557,
45.3875,0.522,
45.39166667,0.488,
45.39583333,0.456,
45.4,0.436,
45.40416667,0.431,
45.40833333,0.428,
45.4125,0.434,
45.41666667,0.417,
45.42083333,0.399,
45.425,0.375,
45.42916667,0.356,
45.43333333,0.353,
45.4375,0.333,
45.44166667,0.329,
45.44583333,0.334,
45.45,0.324,
45.45416667,0.326,
45.45833333,0.327,
45.4625,0.325,
45.46666667,0.319,
45.47083333,0.318,
45.475,0.333,
45.47916667,0.348,
45.48333333,0.36,
45.4875,0.366,
45.49166667,0.368,
45.49583333,0.378,
45.5,0.394,
45.50416667,0.408,
45.50833333,0.422,
45.5125,0.425,
45.51666667,0.434,
45.52083333,0.467,
45.525,0.5,
45.52916667,0.523,
45.53333333,0.537,
45.5375,0.546,
45.54166667,0.572,
45.54583333,0.599,
45.55,0.621,
45.55416667,0.65,
45.55833333,0.657,
45.5625,0.682,
45.56666667,0.723,
45.57083333,0.758,
45.575,0.773,
45.57916667,0.79,
45.58333333,0.815,
45.5875,0.841,
45.59166667,0.87,
45.59583333,0.899,
45.6,0.923,
45.60416667,0.957,
45.60833333,0.996,
45.6125,1.035,
45.61666667,1.042,
45.62083333,1.054,
45.625,1.085,
45.62916667,1.112,
45.63333333,1.148,
45.6375,1.176,
45.64166667,1.201,
45.64583333,1.223,
45.65,1.246,
45.65416667,1.259,
45.65833333,1.286,
45.6625,1.322,
45.66666667,1.358,
45.67083333,1.373,
45.675,1.374,
45.67916667,1.369,
45.68333333,1.392,
45.6875,1.414,
45.69166667,1.444,
45.69583333,1.468,
45.7,1.48,
45.70416667,1.482,
45.70833333,1.483,
45.7125,1.486,
45.71666667,1.502,
45.72083333,1.515,
45.725,1.521,
45.72916667,1.519,
45.73333333,1.536,
45.7375,1.544,
45.74166667,1.529,
45.74583333,1.502,
45.75,1.494,
45.75416667,1.501,
45.75833333,1.535,
45.7625,1.532,
45.76666667,1.505,
45.77083333,1.482,
45.775,1.469,
45.77916667,1.462,
45.78333333,1.449,
45.7875,1.43,
45.79166667,1.421,
45.79583333,1.417,
45.8,1.391,
45.80416667,1.36,
45.80833333,1.336,
45.8125,1.311,
45.81666667,1.296,
45.82083333,1.285,
45.825,1.255,
45.82916667,1.235,
45.83333333,1.22,
45.8375,1.193,
45.84166667,1.159,
45.84583333,1.126,
45.85,1.1,
45.85416667,1.074,
45.85833333,1.046,
45.8625,1.026,
45.86666667,0.994,
45.87083333,0.973,
45.875,0.963,
45.87916667,0.943,
45.88333333,0.914,
45.8875,0.879,
45.89166667,0.852,
45.89583333,0.816,
45.9,0.798,
45.90416667,0.771,
45.90833333,0.741,
45.9125,0.723,
45.91666667,0.716,
45.92083333,0.703,
45.925,0.682,
45.92916667,0.649,
45.93333333,0.614,
45.9375,0.602,
45.94166667,0.596,
45.94583333,0.581,
45.95,0.561,
45.95416667,0.535,
45.95833333,0.521,
45.9625,0.528,
45.96666667,0.521,
45.97083333,0.508,
45.975,0.48,
45.97916667,0.459,
45.98333333,0.458,
45.9875,0.461,
45.99166667,0.471,
45.99583333,0.47,
46,0.469,
46.00416667,0.476,
46.00833333,0.474,
46.0125,0.465,
46.01666667,0.44,
46.02083333,0.426,
46.025,0.433,
46.02916667,0.453,
46.03333333,0.495,
46.0375,0.53,
46.04166667,0.539,
46.04583333,0.534,
46.05,0.513,
46.05416667,0.511,
46.05833333,0.519,
46.0625,0.543,
46.06666667,0.572,
46.07083333,0.584,
46.075,0.608,
46.07916667,0.638,
46.08333333,0.654,
46.0875,0.661,
46.09166667,0.657,
46.09583333,0.661,
46.1,0.683,
46.10416667,0.724,
46.10833333,0.759,
46.1125,0.774,
46.11666667,0.789,
46.12083333,0.807,
46.125,0.826,
46.12916667,0.851,
46.13333333,0.861,
46.1375,0.868,
46.14166667,0.872,
46.14583333,0.894,
46.15,0.927,
46.15416667,0.965,
46.15833333,0.988,
46.1625,1.001,
46.16666667,1.003,
46.17083333,1.019,
46.175,1.038,
46.17916667,1.063,
46.18333333,1.075,
46.1875,1.071,
46.19166667,1.089,
46.19583333,1.116,
46.2,1.138,
46.20416667,1.137,
46.20833333,1.131,
46.2125,1.129,
46.21666667,1.15,
46.22083333,1.178,
46.225,1.187,
46.22916667,1.194,
46.23333333,1.206,
46.2375,1.199,
46.24166667,1.19,
46.24583333,1.165,
46.25,1.171,
46.25416667,1.178,
46.25833333,1.176,
46.2625,1.154,
46.26666667,1.139,
46.27083333,1.151,
46.275,1.163,
46.27916667,1.159,
46.28333333,1.116,
46.2875,1.076,
46.29166667,1.078,
46.29583333,1.091,
46.3,1.089,
46.30416667,1.051,
46.30833333,1.001,
46.3125,0.975,
46.31666667,0.966,
46.32083333,0.962,
46.325,0.936,
46.32916667,0.904,
46.33333333,0.893,
46.3375,0.893,
46.34166667,0.879,
46.34583333,0.856,
46.35,0.811,
46.35416667,0.775,
46.35833333,0.752,
46.3625,0.74,
46.36666667,0.719,
46.37083333,0.706,
46.375,0.686,
46.37916667,0.661,
46.38333333,0.646,
46.3875,0.632,
46.39166667,0.612,
46.39583333,0.603,
46.4,0.582,
46.40416667,0.545,
46.40833333,0.526,
46.4125,0.509,
46.41666667,0.501,
46.42083333,0.488,
46.425,0.478,
46.42916667,0.452,
46.43333333,0.423,
46.4375,0.418,
46.44166667,0.408,
46.44583333,0.396,
46.45,0.386,
46.45416667,0.372,
46.45833333,0.375,
46.4625,0.379,
46.46666667,0.38,
46.47083333,0.37,
46.475,0.35,
46.47916667,0.328,
46.48333333,0.33,
46.4875,0.346,
46.49166667,0.355,
46.49583333,0.358,
46.5,0.371,
46.50416667,0.386,
46.50833333,0.398,
46.5125,0.415,
46.51666667,0.407,
46.52083333,0.405,
46.525,0.414,
46.52916667,0.441,
46.53333333,0.461,
46.5375,0.475,
46.54166667,0.494,
46.54583333,0.523,
46.55,0.546,
46.55416667,0.565,
46.55833333,0.59,
46.5625,0.591,
46.56666667,0.616,
46.57083333,0.649,
46.575,0.673,
46.57916667,0.692,
46.58333333,0.722,
46.5875,0.764,
46.59166667,0.793,
46.59583333,0.809,
46.6,0.827,
46.60416667,0.836,
46.60833333,0.865,
46.6125,0.913,
46.61666667,0.944,
46.62083333,0.982,
46.625,1.019,
46.62916667,1.047,
46.63333333,1.073,
46.6375,1.095,
46.64166667,1.111,
46.64583333,1.136,
46.65,1.176,
46.65416667,1.207,
46.65833333,1.24,
46.6625,1.266,
46.66666667,1.297,
46.67083333,1.327,
46.675,1.362,
46.67916667,1.387,
46.68333333,1.398,
46.6875,1.418,
46.69166667,1.44,
46.69583333,1.459,
46.7,1.48,
46.70416667,1.483,
46.70833333,1.5,
46.7125,1.543,
46.71666667,1.575,
46.72083333,1.586,
46.725,1.579,
46.72916667,1.586,
46.73333333,1.59,
46.7375,1.597,
46.74166667,1.599,
46.74583333,1.587,
46.75,1.604,
46.75416667,1.619,
46.75833333,1.619,
46.7625,1.606,
46.76666667,1.595,
46.77083333,1.595,
46.775,1.595,
46.77916667,1.575,
46.78333333,1.555,
46.7875,1.543,
46.79166667,1.543,
46.79583333,1.532,
46.8,1.494,
46.80416667,1.482,
46.80833333,1.471,
46.8125,1.451,
46.81666667,1.439,
46.82083333,1.4,
46.825,1.379,
46.82916667,1.358,
46.83333333,1.331,
46.8375,1.31,
46.84166667,1.287,
46.84583333,1.28,
46.85,1.245,
46.85416667,1.188,
46.85833333,1.139,
46.8625,1.109,
46.86666667,1.103,
46.87083333,1.096,
46.875,1.067,
46.87916667,1.031,
46.88333333,0.997,
46.8875,0.964,
46.89166667,0.919,
46.89583333,0.866,
46.9,0.825,
46.90416667,0.804,
46.90833333,0.793,
46.9125,0.78,
46.91666667,0.746,
46.92083333,0.708,
46.925,0.664,
46.92916667,0.621,
46.93333333,0.583,
46.9375,0.553,
46.94166667,0.528,
46.94583333,0.51,
46.95,0.493,
46.95416667,0.469,
46.95833333,0.448,
46.9625,0.434,
46.96666667,0.405,
46.97083333,0.367,
46.975,0.334,
46.97916667,0.307,
46.98333333,0.298,
46.9875,0.291,
46.99166667,0.289,
46.99583333,0.271,
47,0.249,
47.00416667,0.249,
47.00833333,0.247,
47.0125,0.226,
47.01666667,0.2,
47.02083333,0.183,
47.025,0.187,
47.02916667,0.205,
47.03333333,0.229,
47.0375,0.243,
47.04166667,0.23,
47.04583333,0.23,
47.05,0.23,
47.05416667,0.22,
47.05833333,0.222,
47.0625,0.234,
47.06666667,0.272,
47.07083333,0.301,
47.075,0.326,
47.07916667,0.348,
47.08333333,0.347,
47.0875,0.345,
47.09166667,0.357,
47.09583333,0.37,
47.1,0.395,
47.10416667,0.424,
47.10833333,0.459,
47.1125,0.496,
47.11666667,0.521,
47.12083333,0.547,
47.125,0.55,
47.12916667,0.555,
47.13333333,0.575,
47.1375,0.598,
47.14166667,0.628,
47.14583333,0.655,
47.15,0.68,
47.15416667,0.718,
47.15833333,0.76,
47.1625,0.784,
47.16666667,0.783,
47.17083333,0.788,
47.175,0.806,
47.17916667,0.842,
47.18333333,0.88,
47.1875,0.899,
47.19166667,0.914,
47.19583333,0.949,
47.2,0.996,
47.20416667,1.017,
47.20833333,1.021,
47.2125,1.02,
47.21666667,1.033,
47.22083333,1.069,
47.225,1.095,
47.22916667,1.111,
47.23333333,1.118,
47.2375,1.137,
47.24166667,1.163,
47.24583333,1.173,
47.25,1.18,
47.25416667,1.195,
47.25833333,1.208,
47.2625,1.208,
47.26666667,1.203,
47.27083333,1.196,
47.275,1.201,
47.27916667,1.21,
47.28333333,1.214,
47.2875,1.205,
47.29166667,1.19,
47.29583333,1.176,
47.3,1.173,
47.30416667,1.162,
47.30833333,1.163,
47.3125,1.152,
47.31666667,1.13,
47.32083333,1.107,
47.325,1.084,
47.32916667,1.063,
47.33333333,1.04,
47.3375,1.012,
47.34166667,0.994,
47.34583333,0.99,
47.35,0.983,
47.35416667,0.972,
47.35833333,0.946,
47.3625,0.915,
47.36666667,0.895,
47.37083333,0.878,
47.375,0.851,
47.37916667,0.824,
47.38333333,0.804,
47.3875,0.791,
47.39166667,0.777,
47.39583333,0.767,
47.4,0.748,
47.40416667,0.721,
47.40833333,0.702,
47.4125,0.686,
47.41666667,0.67,
47.42083333,0.653,
47.425,0.637,
47.42916667,0.605,
47.43333333,0.576,
47.4375,0.557,
47.44166667,0.54,
47.44583333,0.525,
47.45,0.515,
47.45416667,0.503,
47.45833333,0.487,
47.4625,0.478,
47.46666667,0.469,
47.47083333,0.443,
47.475,0.423,
47.47916667,0.415,
47.48333333,0.416,
47.4875,0.413,
47.49166667,0.408,
47.49583333,0.403,
47.5,0.395,
47.50416667,0.39,
47.50833333,0.398,
47.5125,0.407,
47.51666667,0.411,
47.52083333,0.423,
47.525,0.438,
47.52916667,0.44,
47.53333333,0.44,
47.5375,0.452,
47.54166667,0.477,
47.54583333,0.496,
47.55,0.518,
47.55416667,0.536,
47.55833333,0.548,
47.5625,0.572,
47.56666667,0.601,
47.57083333,0.626,
47.575,0.64,
47.57916667,0.655,
47.58333333,0.688,
47.5875,0.709,
47.59166667,0.732,
47.59583333,0.768,
47.6,0.801,
47.60416667,0.82,
47.60833333,0.852,
47.6125,0.876,
47.61666667,0.897,
47.62083333,0.943,
47.625,0.987,
47.62916667,1.01,
47.63333333,1.023,
47.6375,1.042,
47.64166667,1.072,
47.64583333,1.11,
47.65,1.15,
47.65416667,1.183,
47.65833333,1.207,
47.67083333,1.305,
47.675,1.33,
47.67916667,1.349,
47.68333333,1.38,
47.6875,1.421,
47.69166667,1.456,
47.69583333,1.483,
47.7,1.507,
47.70416667,1.531,
47.70833333,1.555,
47.7125,1.585,
47.71666667,1.612,
47.72083333,1.629,
47.725,1.645,
47.72916667,1.654,
47.73333333,1.673,
47.7375,1.701,
47.74166667,1.72,
47.74583333,1.725,
47.75,1.723,
47.75416667,1.728,
47.75833333,1.739,
47.7625,1.744,
47.76666667,1.757,
47.77083333,1.764,
47.775,1.764,
47.77916667,1.762,
47.78333333,1.739,
47.7875,1.726,
47.79166667,1.718,
47.79583333,1.71,
47.8,1.709,
47.80416667,1.691,
47.80833333,1.68,
47.8125,1.668,
47.81666667,1.656,
47.82083333,1.627,
47.825,1.588,
47.82916667,1.544,
47.83333333,1.525,
47.8375,1.525,
47.84166667,1.514,
47.84583333,1.481,
47.85,1.432,
47.85416667,1.393,
47.85833333,1.369,
47.8625,1.352,
47.86666667,1.312,
47.87083333,1.272,
47.875,1.243,
47.87916667,1.211,
47.88333333,1.175,
47.8875,1.13,
47.89166667,1.086,
47.89583333,1.047,
47.9,1.007,
47.90416667,0.966,
47.90833333,0.921,
47.9125,0.882,
47.91666667,0.859,
47.92083333,0.823,
47.925,0.79,
47.92916667,0.745,
47.93333333,0.703,
47.9375,0.672,
47.94166667,0.629,
47.94583333,0.586,
47.95,0.545,
47.95416667,0.503,
47.95833333,0.469,
47.9625,0.452,
47.96666667,0.431,
47.97083333,0.405,
47.975,0.372,
47.97916667,0.33,
47.98333333,0.286,
47.9875,0.246,
47.99166667,0.218,
47.99583333,0.198,
48,0.179,
48.00416667,0.172,
48.00833333,0.164,
48.0125,0.143,
48.01666667,0.112,
48.02083333,0.077,
48.025,0.056,
48.02916667,0.044,
48.03333333,0.044,
48.0375,0.041,
48.04166667,0.031,
48.04583333,0.025,
48.05,0.018,
48.05416667,0.022,
48.05833333,0.021,
48.0625,0.011,
48.06666667,0.009,
48.07083333,0.014,
48.075,0.028,
48.07916667,0.042,
48.08333333,0.058,
48.0875,0.072,
48.09166667,0.087,
48.09583333,0.109,
48.1,0.128,
48.10416667,0.15,
48.10833333,0.159,
48.1125,0.169,
48.11666667,0.184,
48.12083333,0.211,
48.125,0.256,
48.12916667,0.297,
48.13333333,0.326,
48.1375,0.35,
48.14166667,0.371,
48.14583333,0.395,
48.15,0.414,
48.15416667,0.433,
48.15833333,0.451,
48.1625,0.478,
48.16666667,0.528,
48.17083333,0.574,
48.175,0.601,
48.17916667,0.62,
48.18333333,0.632,
48.1875,0.657,
48.19166667,0.685,
48.19583333,0.716,
48.2,0.749,
48.20416667,0.785,
48.20833333,0.827,
48.2125,0.858,
48.21666667,0.871,
48.22083333,0.883,
48.225,0.903,
48.22916667,0.926,
48.23333333,0.952,
48.2375,0.975,
48.24166667,1.01,
48.24583333,1.051,
48.25,1.087,
48.25416667,1.108,
48.25833333,1.11,
48.2625,1.115,
48.26666667,1.124,
48.27083333,1.141,
48.275,1.157,
48.27916667,1.166,
48.28333333,1.181,
48.2875,1.196,
48.29166667,1.218,
48.29583333,1.233,
48.3,1.243,
48.30416667,1.238,
48.30833333,1.215,
48.3125,1.195,
48.31666667,1.199,
48.32083333,1.205,
48.325,1.214,
48.32916667,1.201,
48.33333333,1.175,
48.3375,1.161,
48.34166667,1.164,
48.34583333,1.157,
48.35,1.131,
48.35416667,1.101,
48.35833333,1.082,
48.3625,1.088,
48.36666667,1.076,
48.37083333,1.055,
48.375,1.018,
48.37916667,0.988,
48.38333333,0.981,
48.3875,0.968,
48.39166667,0.949,
48.39583333,0.917,
48.4,0.875,
48.40416667,0.865,
48.40833333,0.868,
48.4125,0.867,
48.41666667,0.846,
48.42083333,0.812,
48.425,0.775,
48.42916667,0.741,
48.43333333,0.732,
48.4375,0.715,
48.44166667,0.696,
48.44583333,0.688,
48.45,0.671,
48.45416667,0.666,
48.45833333,0.643,
48.4625,0.611,
48.46666667,0.573,
48.47083333,0.545,
48.475,0.545,
48.47916667,0.548,
48.48333333,0.553,
48.4875,0.539,
48.49166667,0.518,
48.49583333,0.498,
48.5,0.472,
48.50416667,0.458,
48.50833333,0.453,
48.5125,0.457,
48.51666667,0.463,
48.52083333,0.47,
48.525,0.47,
48.52916667,0.473,
48.53333333,0.472,
48.5375,0.475,
48.54166667,0.488,
48.54583333,0.487,
48.55,0.495,
48.55416667,0.506,
48.55833333,0.516,
48.5625,0.535,
48.56666667,0.555,
48.57083333,0.579,
48.575,0.602,
48.57916667,0.614,
48.58333333,0.637,
48.5875,0.648,
48.59166667,0.666,
48.59583333,0.693,
48.6,0.724,
48.60416667,0.767,
48.60833333,0.795,
48.6125,0.814,
48.61666667,0.827,
48.62083333,0.835,
48.625,0.869,
48.62916667,0.924,
48.63333333,0.963,
48.6375,0.991,
48.64166667,1.022,
48.64583333,1.044,
48.65,1.082,
48.65416667,1.122,
48.65833333,1.148,
48.6625,1.166,
48.66666667,1.196,
48.67083333,1.242,
48.675,1.287,
48.67916667,1.331,
48.68333333,1.361,
48.6875,1.381,
48.69166667,1.41,
48.69583333,1.442,
48.7,1.477,
48.70416667,1.516,
48.70833333,1.543,
48.7125,1.57,
48.71666667,1.6,
48.72083333,1.628,
48.725,1.653,
48.72916667,1.684,
48.73333333,1.714,
48.7375,1.734,
48.74166667,1.754,
48.74583333,1.769,
48.75,1.789,
48.75416667,1.823,
48.75833333,1.854,
48.7625,1.864,
48.76666667,1.867,
48.77083333,1.871,
48.775,1.87,
48.77916667,1.863,
48.78333333,1.878,
48.7875,1.89,
48.79166667,1.92,
48.79583333,1.942,
48.8,1.925,
48.80416667,1.893,
48.80833333,1.874,
48.8125,1.853,
48.81666667,1.842,
48.82083333,1.83,
48.825,1.815,
48.82916667,1.815,
48.83333333,1.805,
48.8375,1.764,
48.84166667,1.72,
48.84583333,1.699,
48.85,1.685,
48.85416667,1.663,
48.85833333,1.624,
48.8625,1.575,
48.86666667,1.536,
48.87083333,1.504,
48.875,1.468,
48.87916667,1.434,
48.88333333,1.409,
48.8875,1.379,
48.89166667,1.334,
48.89583333,1.279,
48.9,1.225,
48.90416667,1.188,
48.90833333,1.155,
48.9125,1.114,
48.91666667,1.073,
48.92083333,1.025,
48.925,0.989,
48.92916667,0.94,
48.93333333,0.881,
48.9375,0.838,
48.94166667,0.807,
48.94583333,0.779,
48.95,0.73,
48.95416667,0.674,
48.95833333,0.619,
48.9625,0.571,
48.96666667,0.544,
48.97083333,0.498,
48.975,0.442,
48.97916667,0.403,
48.98333333,0.377,
48.9875,0.349,
48.99166667,0.308,
48.99583333,0.263,
49,0.209,
49.00416667,0.168,
49.00833333,0.141,
49.0125,0.111,
49.01666667,0.084,
49.02083333,0.055,
49.025,0.019,
49.02916667,-0.017,
49.03333333,-0.047,
49.0375,-0.071,
49.04166667,-0.083,
49.04583333,-0.092,
49.05,-0.114,
49.05416667,-0.133,
49.05833333,-0.148,
49.0625,-0.163,
49.06666667,-0.181,
49.07083333,-0.19,
49.075,-0.189,
49.07916667,-0.189,
49.08333333,-0.188,
49.0875,-0.174,
49.09166667,-0.172,
49.09583333,-0.171,
49.1,-0.171,
49.10416667,-0.16,
49.10833333,-0.143,
49.1125,-0.121,
49.11666667,-0.092,
49.12083333,-0.082,
49.125,-0.071,
49.12916667,-0.05,
49.13333333,-0.018,
49.1375,0.017,
49.14166667,0.04,
49.14583333,0.059,
49.15,0.077,
49.15416667,0.1,
49.15833333,0.134,
49.1625,0.175,
49.16666667,0.207,
49.17083333,0.236,
49.175,0.268,
49.17916667,0.292,
49.18333333,0.316,
49.1875,0.332,
49.19166667,0.359,
49.19583333,0.402,
49.2,0.442,
49.20416667,0.48,
49.20833333,0.505,
49.2125,0.534,
49.21666667,0.582,
49.22083333,0.62,
49.225,0.658,
49.22916667,0.674,
49.23333333,0.675,
49.2375,0.707,
49.24166667,0.75,
49.24583333,0.793,
49.25,0.838,
49.25416667,0.868,
49.25833333,0.896,
49.2625,0.925,
49.26666667,0.944,
49.27083333,0.95,
49.275,0.957,
49.27916667,0.998,
49.28333333,1.044,
49.2875,1.075,
49.29166667,1.091,
49.29583333,1.102,
49.3,1.122,
49.30416667,1.149,
49.30833333,1.161,
49.3125,1.154,
49.31666667,1.15,
49.32083333,1.169,
49.325,1.197,
49.32916667,1.201,
49.33333333,1.203,
49.3375,1.209,
49.34166667,1.216,
49.34583333,1.212,
49.35,1.196,
49.35416667,1.173,
49.35833333,1.16,
49.3625,1.176,
49.36666667,1.19,
49.37083333,1.165,
49.375,1.136,
49.37916667,1.114,
49.38333333,1.092,
49.3875,1.079,
49.39166667,1.073,
49.39583333,1.061,
49.4,1.036,
49.40416667,1.013,
49.40833333,0.992,
49.4125,0.972,
49.41666667,0.954,
49.42083333,0.936,
49.425,0.898,
49.42916667,0.871,
49.43333333,0.857,
49.4375,0.843,
49.44166667,0.819,
49.44583333,0.797,
49.45,0.777,
49.45416667,0.762,
49.45833333,0.758,
49.4625,0.745,
49.46666667,0.713,
49.47083333,0.691,
49.475,0.666,
49.47916667,0.65,
49.48333333,0.64,
49.4875,0.633,
49.49166667,0.618,
49.49583333,0.607,
49.5,0.596,
49.50416667,0.582,
49.50833333,0.569,
49.5125,0.548,
49.51666667,0.536,
49.52083333,0.532,
49.525,0.538,
49.52916667,0.529,
49.53333333,0.521,
49.5375,0.515,
49.54166667,0.511,
49.54583333,0.511,
49.55,0.511,
49.55416667,0.498,
49.55833333,0.5,
49.5625,0.516,
49.56666667,0.524,
49.57083333,0.543,
49.575,0.544,
49.57916667,0.561,
49.58333333,0.58,
49.5875,0.588,
49.59166667,0.592,
49.59583333,0.599,
49.6,0.604,
49.60416667,0.633,
49.60833333,0.681,
49.6125,0.723,
49.61666667,0.75,
49.62083333,0.766,
49.625,0.776,
49.62916667,0.796,
49.63333333,0.832,
49.6375,0.868,
49.64166667,0.899,
49.64583333,0.931,
49.65,0.969,
49.65416667,1.012,
49.65833333,1.042,
49.6625,1.073,
49.66666667,1.099,
49.67083333,1.13,
49.675,1.18,
49.67916667,1.22,
49.68333333,1.243,
49.6875,1.274,
49.69166667,1.308,
49.69583333,1.354,
49.7,1.399,
49.70416667,1.415,
49.70833333,1.444,
49.7125,1.478,
49.71666667,1.508,
49.72083333,1.543,
49.725,1.566,
49.72916667,1.6,
49.73333333,1.651,
49.7375,1.692,
49.74166667,1.707,
49.74583333,1.714,
49.75,1.736,
49.75416667,1.767,
49.75833333,1.801,
49.7625,1.826,
49.76666667,1.844,
49.77083333,1.86,
49.775,1.884,
49.77916667,1.901,
49.78333333,1.924,
49.7875,1.937,
49.79166667,1.939,
49.79583333,1.953,
49.8,1.966,
49.80416667,1.966,
49.80833333,1.966,
49.8125,1.965,
49.81666667,1.969,
49.82083333,1.978,
49.825,1.98,
49.82916667,1.967,
49.83333333,1.958,
49.8375,1.933,
49.84166667,1.902,
49.84583333,1.882,
49.85,1.884,
49.85416667,1.886,
49.85833333,1.874,
49.8625,1.821,
49.86666667,1.778,
49.87083333,1.751,
49.875,1.724,
49.87916667,1.693,
49.88333333,1.653,
49.8875,1.616,
49.89166667,1.593,
49.89583333,1.567,
49.9,1.51,
49.90416667,1.46,
49.90833333,1.416,
49.9125,1.385,
49.91666667,1.358,
49.92083333,1.317,
49.925,1.266,
49.92916667,1.22,
49.93333333,1.163,
49.9375,1.104,
49.94166667,1.065,
49.94583333,1.035,
49.95,0.999,
49.95416667,0.948,
49.95833333,0.882,
49.9625,0.819,
49.96666667,0.787,
49.97083333,0.762,
49.975,0.718,
49.97916667,0.663,
49.98333333,0.601,
49.9875,0.547,
49.99166667,0.501,
49.99583333,0.459,
50,0.407,
50.00416667,0.347,
50.00833333,0.311,
50.0125,0.283,
50.01666667,0.246,
50.02083333,0.201,
50.025,0.152,
50.02916667,0.096,
50.03333333,0.04,
50.0375,0.013,
50.04166667,-0.011,
50.04583333,-0.043,
50.05,-0.071,
50.05416667,-0.106,
50.05833333,-0.145,
50.0625,-0.181,
50.06666667,-0.214,
50.07083333,-0.237,
50.075,-0.26,
50.07916667,-0.273,
50.08333333,-0.275,
50.0875,-0.288,
50.09166667,-0.296,
50.09583333,-0.31,
50.1,-0.322,
50.10416667,-0.338,
50.10833333,-0.351,
50.1125,-0.348,
50.11666667,-0.326,
50.12083333,-0.315,
50.125,-0.31,
50.12916667,-0.295,
50.13333333,-0.284,
50.1375,-0.27,
50.14166667,-0.245,
50.14583333,-0.231,
50.15,-0.221,
50.15416667,-0.209,
50.15833333,-0.166,
50.1625,-0.123,
50.16666667,-0.108,
50.17083333,-0.09,
50.175,-0.074,
50.17916667,-0.043,
50.18333333,-0.003,
50.1875,0.029,
50.19166667,0.061,
50.19583333,0.076,
50.2,0.112,
50.20416667,0.164,
50.20833333,0.201,
50.2125,0.227,
50.21666667,0.248,
50.22083333,0.274,
50.225,0.302,
50.22916667,0.342,
50.23333333,0.381,
50.2375,0.416,
50.24166667,0.452,
50.24583333,0.493,
50.25,0.516,
50.25416667,0.55,
50.25833333,0.59,
50.2625,0.631,
50.26666667,0.662,
50.27083333,0.687,
50.275,0.707,
50.27916667,0.738,
50.28333333,0.781,
50.2875,0.827,
50.29166667,0.863,
50.29583333,0.886,
50.3,0.917,
50.30416667,0.942,
50.30833333,0.969,
50.3125,0.991,
50.31666667,1.004,
50.32083333,1.031,
50.325,1.058,
50.32916667,1.093,
50.33333333,1.108,
50.3375,1.128,
50.34166667,1.144,
50.34583333,1.151,
50.35,1.16,
50.35416667,1.166,
50.35833333,1.169,
50.3625,1.175,
50.36666667,1.173,
50.37083333,1.172,
50.375,1.178,
50.37916667,1.197,
50.38333333,1.205,
50.3875,1.186,
50.39166667,1.158,
50.39583333,1.132,
50.4,1.119,
50.40416667,1.113,
50.40833333,1.109,
50.4125,1.104,
50.41666667,1.102,
50.42083333,1.086,
50.425,1.054,
50.42916667,1.02,
50.43333333,0.993,
50.4375,0.99,
50.44166667,0.992,
50.44583333,0.983,
50.45,0.957,
50.45416667,0.932,
50.45833333,0.919,
50.4625,0.893,
50.46666667,0.866,
50.47083333,0.845,
50.475,0.826,
50.47916667,0.816,
50.48333333,0.816,
50.4875,0.803,
50.49166667,0.78,
50.49583333,0.76,
50.5,0.755,
50.50416667,0.731,
50.50833333,0.722,
50.5125,0.698,
50.51666667,0.673,
50.52083333,0.665,
50.525,0.646,
50.52916667,0.641,
50.53333333,0.637,
50.5375,0.64,
50.54166667,0.638,
50.54583333,0.621,
50.55,0.608,
50.55416667,0.591,
50.55833333,0.589,
50.5625,0.586,
50.56666667,0.588,
50.57083333,0.591,
50.575,0.596,
50.57916667,0.608,
50.58333333,0.611,
50.5875,0.606,
50.59166667,0.6,
50.59583333,0.596,
50.6,0.618,
50.60416667,0.646,
50.60833333,0.67,
50.6125,0.694,
50.61666667,0.717,
50.62083333,0.732,
50.625,0.728,
50.62916667,0.721,
50.63333333,0.732,
50.6375,0.767,
50.64166667,0.819,
50.64583333,0.869,
50.65,0.895,
50.65416667,0.91,
50.65833333,0.927,
50.6625,0.952,
50.66666667,0.985,
50.67083333,0.996,
50.675,1.036,
50.67916667,1.066,
50.68333333,1.104,
50.6875,1.145,
50.69166667,1.176,
50.69583333,1.218,
50.7,1.26,
50.70416667,1.298,
50.70833333,1.329,
50.7125,1.353,
50.71666667,1.383,
50.72083333,1.426,
50.725,1.462,
50.72916667,1.491,
50.73333333,1.531,
50.7375,1.568,
50.74166667,1.607,
50.74583333,1.654,
50.75,1.685,
50.75416667,1.722,
50.75833333,1.76,
50.7625,1.786,
50.76666667,1.803,
50.77083333,1.826,
50.775,1.849,
50.77916667,1.886,
50.78333333,1.93,
50.7875,1.948,
50.79166667,1.962,
50.79583333,1.973,
50.8,1.98,
50.80416667,2.018,
50.80833333,2.037,
50.8125,2.044,
50.81666667,2.052,
50.82083333,2.061,
50.825,2.068,
50.82916667,2.068,
50.83333333,2.067,
50.8375,2.066,
50.84166667,2.073,
50.84583333,2.079,
50.85,2.061,
50.85416667,2.046,
50.85833333,2.03,
50.8625,2.006,
50.86666667,1.987,
50.87083333,1.972,
50.875,1.951,
50.87916667,1.944,
50.88333333,1.935,
50.8875,1.908,
50.89166667,1.862,
50.89583333,1.804,
50.9,1.76,
50.90416667,1.742,
50.90833333,1.727,
50.9125,1.696,
50.91666667,1.655,
50.92083333,1.617,
50.925,1.581,
50.92916667,1.546,
50.93333333,1.5,
50.9375,1.44,
50.94166667,1.405,
50.94583333,1.366,
50.95,1.316,
50.95416667,1.268,
50.95833333,1.222,
50.9625,1.188,
50.96666667,1.157,
50.97083333,1.113,
50.975,1.049,
50.97916667,0.988,
50.98333333,0.942,
50.9875,0.889,
50.99166667,0.85,
50.99583333,0.801,
51,0.741,
51.00416667,0.7,
51.00833333,0.644,
51.0125,0.591,
51.01666667,0.545,
51.02083333,0.488,
51.025,0.43,
51.02916667,0.382,
51.03333333,0.333,
51.0375,0.281,
51.04166667,0.249,
51.04583333,0.215,
51.05,0.172,
51.05416667,0.12,
51.05833333,0.065,
51.0625,0.014,
51.06666667,-0.029,
51.07083333,-0.069,
51.075,-0.104,
51.07916667,-0.126,
51.08333333,-0.149,
51.0875,-0.171,
51.09166667,-0.192,
51.09583333,-0.226,
51.1,-0.275,
51.10416667,-0.304,
51.10833333,-0.33,
51.1125,-0.343,
51.11666667,-0.362,
51.12083333,-0.363,
51.125,-0.361,
51.12916667,-0.366,
51.13333333,-0.373,
51.1375,-0.389,
51.14166667,-0.419,
51.14583333,-0.422,
51.15,-0.41,
51.15416667,-0.4,
51.15833333,-0.382,
51.1625,-0.363,
51.16666667,-0.354,
51.17083333,-0.326,
51.175,-0.297,
51.17916667,-0.289,
51.18333333,-0.274,
51.1875,-0.279,
51.19166667,-0.264,
51.19583333,-0.232,
51.2,-0.194,
51.20416667,-0.155,
51.20833333,-0.104,
51.2125,-0.067,
51.21666667,-0.031,
51.22083333,-0.004,
51.225,0.006,
51.22916667,0.029,
51.23333333,0.05,
51.2375,0.095,
51.24166667,0.15,
51.24583333,0.193,
51.25,0.241,
51.25416667,0.279,
51.25833333,0.295,
51.2625,0.306,
51.26666667,0.331,
51.27083333,0.364,
51.275,0.411,
51.27916667,0.469,
51.28333333,0.526,
51.2875,0.555,
51.29166667,0.583,
51.29583333,0.609,
51.3,0.635,
51.30416667,0.666,
51.30833333,0.698,
51.3125,0.736,
51.31666667,0.772,
51.32083333,0.812,
51.325,0.851,
51.32916667,0.887,
51.33333333,0.92,
51.3375,0.953,
51.34166667,0.971,
51.34583333,0.986,
51.35,1.002,
51.35416667,1.023,
51.35833333,1.054,
51.3625,1.079,
51.36666667,1.116,
51.37083333,1.139,
51.375,1.144,
51.37916667,1.155,
51.38333333,1.139,
51.3875,1.14,
51.39166667,1.15,
51.39583333,1.17,
51.4,1.194,
51.40416667,1.203,
51.40833333,1.212,
51.4125,1.187,
51.41666667,1.169,
51.42083333,1.148,
51.425,1.134,
51.42916667,1.148,
51.43333333,1.151,
51.4375,1.153,
51.44166667,1.129,
51.44583333,1.102,
51.45,1.079,
51.45416667,1.058,
51.45833333,1.057,
51.4625,1.056,
51.46666667,1.05,
51.47083333,1.03,
51.475,1.007,
51.47916667,0.978,
51.48333333,0.953,
51.4875,0.943,
51.49166667,0.937,
51.49583333,0.93,
51.5,0.918,
51.50416667,0.897,
51.50833333,0.873,
51.5125,0.842,
51.51666667,0.824,
51.52083333,0.82,
51.525,0.821,
51.52916667,0.817,
51.53333333,0.809,
51.5375,0.777,
51.54166667,0.741,
51.54583333,0.726,
51.55,0.718,
51.55416667,0.71,
51.55833333,0.704,
51.5625,0.703,
51.56666667,0.711,
51.57083333,0.703,
51.575,0.686,
51.57916667,0.672,
51.58333333,0.652,
51.5875,0.649,
51.59166667,0.663,
51.59583333,0.673,
51.6,0.674,
51.60416667,0.668,
51.60833333,0.659,
51.6125,0.662,
51.61666667,0.666,
51.62083333,0.684,
51.625,0.704,
51.62916667,0.713,
51.63333333,0.716,
51.6375,0.729,
51.64166667,0.739,
51.64583333,0.751,
51.65,0.778,
51.65416667,0.794,
51.65833333,0.816,
51.6625,0.829,
51.66666667,0.846,
51.67083333,0.885,
51.675,0.91,
51.67916667,0.939,
51.68333333,0.972,
51.6875,0.996,
51.69166667,1.024,
51.69583333,1.05,
51.7,1.067,
51.70416667,1.09,
51.70833333,1.114,
51.7125,1.172,
51.71666667,1.225,
51.72083333,1.27,
51.725,1.295,
51.72916667,1.312,
51.73333333,1.334,
51.7375,1.372,
51.74166667,1.415,
51.74583333,1.463,
51.75,1.512,
51.75416667,1.536,
51.75833333,1.562,
51.7625,1.588,
51.76666667,1.617,
51.77083333,1.661,
51.775,1.705,
51.77916667,1.734,
51.78333333,1.774,
51.7875,1.814,
51.79166667,1.848,
51.79583333,1.862,
51.8,1.871,
51.80416667,1.886,
51.80833333,1.934,
51.8125,1.984,
51.81666667,2.011,
51.82083333,2.011,
51.825,2.015,
51.82916667,2.034,
51.83333333,2.066,
51.8375,2.088,
51.84166667,2.099,
51.84583333,2.114,
51.85,2.115,
51.85416667,2.11,
51.85833333,2.089,
51.8625,2.089,
51.86666667,2.118,
51.87083333,2.134,
51.875,2.129,
51.87916667,2.107,
51.88333333,2.079,
51.8875,2.06,
51.89166667,2.055,
51.89583333,2.038,
51.9,2.025,
51.90416667,2.015,
51.90833333,1.995,
51.9125,1.965,
51.91666667,1.928,
51.92083333,1.877,
51.925,1.852,
51.92916667,1.845,
51.93333333,1.814,
51.9375,1.782,
51.94166667,1.737,
51.94583333,1.68,
51.95,1.642,
51.95416667,1.604,
51.95833333,1.568,
51.9625,1.548,
51.96666667,1.509,
51.97083333,1.459,
51.975,1.391,
51.97916667,1.338,
51.98333333,1.296,
51.9875,1.262,
51.99166667,1.217,
51.99583333,1.161,
52,1.102,
52.00416667,1.053,
52.00833333,1.013,
52.0125,0.97,
52.01666667,0.906,
52.02083333,0.852,
52.025,0.798,
52.02916667,0.745,
52.03333333,0.695,
52.0375,0.639,
52.04166667,0.584,
52.04583333,0.539,
52.05,0.502,
52.05416667,0.453,
52.05833333,0.395,
52.0625,0.338,
52.06666667,0.291,
52.07083333,0.235,
52.075,0.19,
52.07916667,0.151,
52.08333333,0.104,
52.0875,0.067,
52.09166667,0.027,
52.09583333,-0.014,
52.1,-0.052,
52.10416667,-0.095,
52.10833333,-0.133,
52.1125,-0.175,
52.11666667,-0.224,
52.12083333,-0.249,
52.125,-0.26,
52.12916667,-0.276,
52.13333333,-0.303,
52.1375,-0.325,
52.14166667,-0.348,
52.14583333,-0.376,
52.15,-0.391,
52.15416667,-0.412,
52.15833333,-0.426,
52.1625,-0.439,
52.16666667,-0.433,
52.17083333,-0.404,
52.175,-0.404,
52.17916667,-0.42,
52.18333333,-0.433,
52.1875,-0.436,
52.19166667,-0.427,
52.19583333,-0.404,
52.2,-0.378,
52.20416667,-0.356,
52.20833333,-0.336,
52.2125,-0.318,
52.21666667,-0.293,
52.22083333,-0.283,
52.225,-0.282,
52.22916667,-0.253,
52.23333333,-0.208,
52.2375,-0.164,
52.24166667,-0.134,
52.24583333,-0.103,
52.25,-0.078,
52.25416667,-0.053,
52.25833333,-0.027,
52.2625,0.014,
52.26666667,0.044,
52.27083333,0.078,
52.275,0.125,
52.27916667,0.158,
52.28333333,0.192,
52.2875,0.222,
52.29166667,0.257,
52.29583333,0.287,
52.3,0.323,
52.30416667,0.357,
52.30833333,0.403,
52.3125,0.44,
52.31666667,0.471,
52.32083333,0.508,
52.325,0.529,
52.32916667,0.556,
52.33333333,0.597,
52.3375,0.637,
52.34166667,0.671,
52.34583333,0.71,
52.35,0.735,
52.35416667,0.765,
52.35833333,0.798,
52.3625,0.836,
52.36666667,0.862,
52.37083333,0.885,
52.375,0.909,
52.37916667,0.941,
52.38333333,0.974,
52.3875,0.996,
52.39166667,1.025,
52.39583333,1.035,
52.4,1.055,
52.40416667,1.08,
52.40833333,1.086,
52.4125,1.109,
52.41666667,1.112,
52.42083333,1.129,
52.425,1.143,
52.42916667,1.159,
52.43333333,1.161,
52.4375,1.152,
52.44166667,1.15,
52.44583333,1.146,
52.45,1.144,
52.45416667,1.154,
52.45833333,1.14,
52.4625,1.137,
52.46666667,1.134,
52.47083333,1.124,
52.475,1.112,
52.47916667,1.082,
52.48333333,1.069,
52.4875,1.046,
52.49166667,1.04,
52.49583333,1.035,
52.5,1.018,
52.50416667,1.015,
52.50833333,1.005,
52.5125,0.985,
52.51666667,0.967,
52.52083333,0.936,
52.525,0.922,
52.52916667,0.912,
52.53333333,0.91,
52.5375,0.895,
52.54166667,0.878,
52.54583333,0.87,
52.55,0.856,
52.55416667,0.846,
52.55833333,0.836,
52.5625,0.824,
52.56666667,0.799,
52.57083333,0.79,
52.575,0.786,
52.57916667,0.777,
52.58333333,0.781,
52.5875,0.779,
52.59166667,0.772,
52.59583333,0.753,
52.6,0.741,
52.60416667,0.725,
52.60833333,0.713,
52.6125,0.71,
52.61666667,0.71,
52.62083333,0.708,
52.625,0.721,
52.62916667,0.735,
52.63333333,0.727,
52.6375,0.707,
52.64166667,0.687,
52.64583333,0.69,
52.65,0.711,
52.65416667,0.744,
52.65833333,0.774,
52.6625,0.759,
52.66666667,0.758,
52.67083333,0.78,
52.675,0.783,
52.67916667,0.796,
52.68333333,0.795,
52.6875,0.818,
52.69166667,0.846,
52.69583333,0.887,
52.7,0.935,
52.70416667,0.954,
52.70833333,0.963,
52.7125,0.991,
52.71666667,1.007,
52.72083333,1.044,
52.725,1.064,
52.72916667,1.077,
52.73333333,1.111,
52.7375,1.165,
52.74166667,1.229,
52.74583333,1.268,
52.75,1.286,
52.75416667,1.296,
52.75833333,1.331,
52.7625,1.359,
52.76666667,1.401,
52.77083333,1.437,
52.775,1.472,
52.77916667,1.507,
52.78333333,1.548,
52.7875,1.574,
52.79166667,1.596,
52.79583333,1.628,
52.8,1.661,
52.80416667,1.71,
52.80833333,1.743,
52.8125,1.765,
52.81666667,1.79,
52.82083333,1.822,
52.825,1.835,
52.82916667,1.865,
52.83333333,1.895,
52.8375,1.923,
52.84166667,1.956,
52.84583333,1.978,
52.85,1.989,
52.85416667,1.997,
52.85833333,2.012,
52.8625,2.04,
52.86666667,2.082,
52.87083333,2.1,
52.875,2.102,
52.87916667,2.084,
52.88333333,2.078,
52.8875,2.073,
52.89166667,2.08,
52.89583333,2.092,
52.9,2.115,
52.90416667,2.116,
52.90833333,2.092,
52.9125,2.07,
52.91666667,2.052,
52.92083333,2.05,
52.925,2.04,
52.92916667,2.015,
52.93333333,1.982,
52.9375,1.957,
52.94166667,1.941,
52.94583333,1.921,
52.95,1.894,
52.95416667,1.862,
52.95833333,1.836,
52.9625,1.808,
52.96666667,1.772,
52.97083333,1.717,
52.975,1.671,
52.97916667,1.637,
52.98333333,1.619,
52.9875,1.601,
52.99166667,1.566,
52.99583333,1.516,
53,1.467,
53.00416667,1.421,
53.00833333,1.376,
53.0125,1.337,
53.01666667,1.286,
53.02083333,1.235,
53.025,1.197,
53.02916667,1.148,
53.03333333,1.105,
53.0375,1.066,
53.04166667,1.011,
53.04583333,0.968,
53.05,0.917,
53.05416667,0.851,
53.05833333,0.797,
53.0625,0.745,
53.06666667,0.697,
53.07083333,0.649,
53.075,0.604,
53.07916667,0.55,
53.08333333,0.495,
53.0875,0.445,
53.09166667,0.394,
53.09583333,0.345,
53.1,0.305,
53.10416667,0.271,
53.10833333,0.233,
53.1125,0.194,
53.11666667,0.14,
53.12083333,0.082,
53.125,0.027,
53.12916667,-0.01,
53.13333333,-0.04,
53.1375,-0.069,
53.14166667,-0.099,
53.14583333,-0.135,
53.15,-0.174,
53.15416667,-0.217,
53.15833333,-0.253,
53.1625,-0.272,
53.16666667,-0.293,
53.17083333,-0.318,
53.175,-0.329,
53.17916667,-0.357,
53.18333333,-0.381,
53.1875,-0.395,
53.19166667,-0.412,
53.19583333,-0.422,
53.2,-0.428,
53.20416667,-0.423,
53.20833333,-0.403,
53.2125,-0.4,
53.21666667,-0.406,
53.22083333,-0.406,
53.225,-0.407,
53.22916667,-0.398,
53.23333333,-0.383,
53.2375,-0.368,
53.24166667,-0.341,
53.24583333,-0.315,
53.25,-0.296,
53.25416667,-0.273,
53.25833333,-0.254,
53.2625,-0.228,
53.26666667,-0.204,
53.27083333,-0.179,
53.275,-0.151,
53.27916667,-0.126,
53.28333333,-0.08,
53.2875,-0.044,
53.29166667,-0.011,
53.29583333,0.013,
53.3,0.035,
53.30416667,0.068,
53.30833333,0.108,
53.3125,0.138,
53.31666667,0.161,
53.32083333,0.18,
53.325,0.218,
53.32916667,0.282,
53.33333333,0.315,
53.3375,0.337,
53.34166667,0.364,
53.34583333,0.397,
53.35,0.432,
53.35416667,0.471,
53.35833333,0.508,
53.3625,0.537,
53.36666667,0.555,
53.37083333,0.596,
53.375,0.634,
53.37916667,0.673,
53.38333333,0.711,
53.3875,0.742,
53.39166667,0.772,
53.39583333,0.796,
53.4,0.825,
53.40416667,0.855,
53.40833333,0.882,
53.4125,0.912,
53.41666667,0.941,
53.42083333,0.97,
53.425,0.997,
53.42916667,1.015,
53.43333333,1.033,
53.4375,1.041,
53.44166667,1.058,
53.44583333,1.087,
53.45,1.106,
53.45416667,1.121,
53.45833333,1.138,
53.4625,1.146,
53.46666667,1.13,
53.47083333,1.128,
53.475,1.14,
53.47916667,1.145,
53.48333333,1.168,
53.4875,1.17,
53.49166667,1.156,
53.49583333,1.153,
53.5,1.152,
53.50416667,1.148,
53.50833333,1.131,
53.5125,1.129,
53.51666667,1.125,
53.52083333,1.112,
53.525,1.104,
53.52916667,1.087,
53.53333333,1.061,
53.5375,1.038,
53.54166667,1.039,
53.54583333,1.038,
53.55,1.037,
53.55416667,1.022,
53.55833333,0.995,
53.5625,0.976,
53.56666667,0.956,
53.57083333,0.945,
53.575,0.943,
53.57916667,0.925,
53.58333333,0.906,
53.5875,0.895,
53.59166667,0.884,
53.59583333,0.874,
53.6,0.863,
53.60416667,0.853,
53.60833333,0.843,
53.6125,0.835,
53.61666667,0.83,
53.62083333,0.812,
53.625,0.796,
53.62916667,0.797,
53.63333333,0.785,
53.6375,0.785,
53.64166667,0.774,
53.64583333,0.773,
53.65,0.77,
53.65416667,0.764,
53.65833333,0.76,
53.6625,0.769,
53.66666667,0.776,
53.67083333,0.791,
53.675,0.782,
53.67916667,0.769,
53.68333333,0.761,
53.6875,0.769,
53.69166667,0.792,
53.69583333,0.805,
53.7,0.81,
53.70416667,0.824,
53.70833333,0.834,
53.7125,0.855,
53.71666667,0.859,
53.72083333,0.869,
53.725,0.883,
53.72916667,0.902,
53.73333333,0.934,
53.7375,0.959,
53.74166667,0.991,
53.74583333,1.018,
53.75,1.027,
53.75416667,1.049,
53.75833333,1.069,
53.7625,1.1,
53.76666667,1.134,
53.77083333,1.17,
53.775,1.198,
53.77916667,1.225,
53.78333333,1.264,
53.7875,1.312,
53.79166667,1.331,
53.79583333,1.357,
53.8,1.375,
53.80416667,1.409,
53.80833333,1.461,
53.8125,1.499,
53.81666667,1.516,
53.82083333,1.548,
53.825,1.588,
53.82916667,1.613,
53.83333333,1.64,
53.8375,1.662,
53.84166667,1.69,
53.84583333,1.719,
53.85,1.745,
53.85416667,1.76,
53.85833333,1.781,
53.8625,1.818,
53.86666667,1.835,
53.87083333,1.86,
53.875,1.879,
53.87916667,1.896,
53.88333333,1.924,
53.8875,1.931,
53.89166667,1.925,
53.89583333,1.933,
53.9,1.963,
53.90416667,1.989,
53.90833333,2,
53.9125,1.99,
53.91666667,1.982,
53.92083333,1.995,
53.925,2.002,
53.92916667,1.998,
53.93333333,1.996,
53.9375,2.004,
53.94166667,2.012,
53.94583333,2.01,
53.95,2,
53.95416667,1.979,
53.95833333,1.963,
53.9625,1.937,
53.96666667,1.922,
53.97083333,1.913,
53.975,1.913,
53.97916667,1.893,
53.98333333,1.853,
53.9875,1.816,
53.99166667,1.795,
53.99583333,1.785,
54,1.759,
54.00416667,1.713,
54.00833333,1.668,
54.0125,1.618,
54.01666667,1.595,
54.02083333,1.553,
54.025,1.508,
54.02916667,1.479,
54.03333333,1.448,
54.0375,1.414,
54.04166667,1.37,
54.04583333,1.319,
54.05,1.268,
54.05416667,1.22,
54.05833333,1.179,
54.0625,1.133,
54.06666667,1.092,
54.07083333,1.061,
54.075,1.031,
54.07916667,0.973,
54.08333333,0.901,
54.0875,0.846,
54.09166667,0.803,
54.09583333,0.779,
54.1,0.743,
54.10416667,0.691,
54.10833333,0.632,
54.1125,0.585,
54.11666667,0.556,
54.12083333,0.511,
54.125,0.457,
54.12916667,0.396,
54.13333333,0.347,
54.1375,0.324,
54.14166667,0.284,
54.14583333,0.242,
54.15,0.187,
54.15416667,0.125,
54.15833333,0.095,
54.1625,0.077,
54.16666667,0.048,
54.17083333,0.007,
54.175,-0.036,
54.17916667,-0.072,
54.18333333,-0.113,
54.1875,-0.149,
54.19166667,-0.166,
54.19583333,-0.192,
54.2,-0.218,
54.20416667,-0.239,
54.20833333,-0.253,
54.2125,-0.273,
54.21666667,-0.303,
54.22083333,-0.319,
54.225,-0.315,
54.22916667,-0.322,
54.23333333,-0.324,
54.2375,-0.33,
54.24166667,-0.349,
54.24583333,-0.366,
54.25,-0.378,
54.25416667,-0.37,
54.25833333,-0.346,
54.2625,-0.331,
54.26666667,-0.322,
54.27083333,-0.309,
54.275,-0.315,
54.27916667,-0.302,
54.28333333,-0.283,
54.2875,-0.265,
54.29166667,-0.231,
54.29583333,-0.203,
54.3,-0.194,
54.30416667,-0.167,
54.30833333,-0.142,
54.3125,-0.122,
54.31666667,-0.105,
54.32083333,-0.077,
54.325,-0.043,
54.32916667,-0.005,
54.33333333,0.045,
54.3375,0.082,
54.34166667,0.098,
54.34583333,0.121,
54.35,0.151,
54.35416667,0.186,
54.35833333,0.233,
54.3625,0.27,
54.36666667,0.293,
54.37083333,0.309,
54.375,0.346,
54.37916667,0.394,
54.38333333,0.429,
54.3875,0.458,
54.39166667,0.484,
54.39583333,0.509,
54.4,0.54,
54.40416667,0.579,
54.40833333,0.608,
54.4125,0.639,
54.41666667,0.664,
54.42083333,0.697,
54.425,0.725,
54.42916667,0.761,
54.43333333,0.795,
54.4375,0.821,
54.44166667,0.835,
54.44583333,0.862,
54.45,0.885,
54.45416667,0.91,
54.45833333,0.939,
54.4625,0.968,
54.46666667,0.992,
54.47083333,1.021,
54.475,1.04,
54.47916667,1.047,
54.48333333,1.049,
54.4875,1.052,
54.49166667,1.065,
54.49583333,1.092,
54.5,1.113,
54.50416667,1.132,
54.50833333,1.146,
54.5125,1.138,
54.51666667,1.129,
54.52083333,1.13,
54.525,1.141,
54.52916667,1.149,
54.53333333,1.154,
54.5375,1.14,
54.54166667,1.119,
54.54583333,1.115,
54.55,1.115,
54.55416667,1.111,
54.55833333,1.105,
54.5625,1.096,
54.56666667,1.09,
54.57083333,1.073,
54.575,1.065,
54.57916667,1.04,
54.58333333,1.016,
54.5875,1.014,
54.59166667,1.006,
54.59583333,0.988,
54.6,0.977,
54.60416667,0.963,
54.60833333,0.945,
54.6125,0.934,
54.61666667,0.927,
54.62083333,0.917,
54.625,0.916,
54.62916667,0.916,
54.63333333,0.896,
54.6375,0.881,
54.64166667,0.875,
54.64583333,0.863,
54.65,0.857,
54.65416667,0.842,
54.65833333,0.814,
54.6625,0.831,
54.66666667,0.842,
54.67083333,0.843,
54.675,0.832,
54.67916667,0.813,
54.68333333,0.816,
54.6875,0.816,
54.69166667,0.805,
54.69583333,0.788,
54.7,0.766,
54.70416667,0.764,
54.70833333,0.779,
54.7125,0.787,
54.71666667,0.799,
54.72083333,0.796,
54.725,0.79,
54.72916667,0.779,
54.73333333,0.784,
54.7375,0.78,
54.74166667,0.79,
54.74583333,0.805,
54.75,0.819,
54.75416667,0.837,
54.75833333,0.839,
54.7625,0.844,
54.76666667,0.857,
54.77083333,0.868,
54.775,0.894,
54.77916667,0.936,
54.78333333,0.965,
54.7875,0.989,
54.79166667,1.004,
54.79583333,1.014,
54.8,1.025,
54.80416667,1.051,
54.80833333,1.084,
54.8125,1.122,
54.81666667,1.155,
54.82083333,1.183,
54.825,1.21,
54.82916667,1.227,
54.83333333,1.258,
54.8375,1.29,
54.84166667,1.317,
54.84583333,1.339,
54.85,1.357,
54.85416667,1.382,
54.85833333,1.413,
54.8625,1.441,
54.86666667,1.465,
54.87083333,1.491,
54.875,1.504,
54.87916667,1.533,
54.88333333,1.558,
54.8875,1.57,
54.89166667,1.595,
54.89583333,1.612,
54.9,1.643,
54.90416667,1.671,
54.90833333,1.674,
54.9125,1.668,
54.91666667,1.68,
54.92083333,1.705,
54.925,1.738,
54.92916667,1.765,
54.93333333,1.764,
54.9375,1.772,
54.94166667,1.786,
54.94583333,1.798,
54.95,1.802,
54.95416667,1.798,
54.95833333,1.803,
54.9625,1.813,
54.96666667,1.835,
54.97083333,1.825,
54.975,1.818,
54.97916667,1.818,
54.98333333,1.817,
54.9875,1.807,
54.99166667,1.801,
54.99583333,1.8,
55,1.809,
55.00416667,1.805,
55.00833333,1.764,
55.0125,1.73,
55.01666667,1.705,
55.02083333,1.694,
55.025,1.681,
55.02916667,1.663,
55.03333333,1.646,
55.0375,1.628,
55.04166667,1.591,
55.04583333,1.532,
55.05,1.487,
55.05416667,1.466,
55.05833333,1.457,
55.0625,1.438,
55.06666667,1.396,
55.07083333,1.349,
55.075,1.307,
55.07916667,1.273,
55.08333333,1.229,
55.0875,1.184,
55.09166667,1.152,
55.09583333,1.122,
55.1,1.084,
55.10416667,1.034,
55.10833333,0.989,
55.1125,0.948,
55.11666667,0.919,
55.12083333,0.887,
55.125,0.844,
55.12916667,0.797,
55.13333333,0.755,
55.1375,0.711,
55.14166667,0.673,
55.14583333,0.629,
55.15,0.584,
55.15416667,0.538,
55.15833333,0.499,
55.1625,0.466,
55.16666667,0.428,
55.17083333,0.391,
55.175,0.353,
55.17916667,0.313,
55.18333333,0.274,
55.1875,0.242,
55.19166667,0.193,
55.19583333,0.14,
55.2,0.12,
55.20416667,0.101,
55.20833333,0.069,
55.2125,0.034,
55.21666667,-0.014,
55.22083333,-0.051,
55.225,-0.076,
55.22916667,-0.102,
55.23333333,-0.123,
55.2375,-0.142,
55.24166667,-0.159,
55.24583333,-0.178,
55.25,-0.193,
55.25416667,-0.224,
55.25833333,-0.252,
55.2625,-0.278,
55.26666667,-0.283,
55.27083333,-0.287,
55.275,-0.286,
55.27916667,-0.274,
55.28333333,-0.28,
55.2875,-0.281,
55.29166667,-0.288,
55.29583333,-0.294,
55.3,-0.285,
55.30416667,-0.272,
55.30833333,-0.247,
55.3125,-0.225,
55.31666667,-0.213,
55.32083333,-0.208,
55.325,-0.194,
55.32916667,-0.184,
55.33333333,-0.157,
55.3375,-0.139,
55.34166667,-0.116,
55.34583333,-0.082,
55.35,-0.054,
55.35416667,-0.019,
55.35833333,0.002,
55.3625,0.018,
55.36666667,0.041,
55.37083333,0.067,
55.375,0.095,
55.37916667,0.132,
55.38333333,0.151,
55.3875,0.184,
55.39166667,0.21,
55.39583333,0.243,
55.4,0.286,
55.40416667,0.302,
55.40833333,0.324,
55.4125,0.356,
55.41666667,0.382,
55.42083333,0.419,
55.425,0.461,
55.42916667,0.485,
55.43333333,0.511,
55.4375,0.537,
55.44166667,0.582,
55.44583333,0.617,
55.45,0.652,
55.45416667,0.678,
55.45833333,0.697,
55.4625,0.744,
55.46666667,0.79,
55.47083333,0.811,
55.475,0.841,
55.47916667,0.85,
55.48333333,0.879,
55.4875,0.919,
55.49166667,0.952,
55.49583333,0.977,
55.5,0.995,
55.50416667,1.035,
55.50833333,1.064,
55.5125,1.075,
55.51666667,1.099,
55.52083333,1.108,
55.525,1.114,
55.52916667,1.135,
55.53333333,1.153,
55.5375,1.147,
55.54166667,1.162,
55.54583333,1.177,
55.55,1.18,
55.55416667,1.184,
55.55833333,1.198,
55.5625,1.187,
55.56666667,1.204,
55.57083333,1.203,
55.575,1.183,
55.57916667,1.166,
55.58333333,1.165,
55.5875,1.164,
55.59166667,1.166,
55.59583333,1.164,
55.6,1.145,
55.60416667,1.128,
55.60833333,1.128,
55.6125,1.114,
55.61666667,1.103,
55.62083333,1.106,
55.625,1.092,
55.62916667,1.083,
55.63333333,1.078,
55.6375,1.057,
55.64166667,1.04,
55.64583333,1.027,
55.65,1.009,
55.65416667,1.007,
55.65833333,1.004,
55.6625,0.995,
55.66666667,0.988,
55.67083333,0.981,
55.675,0.965,
55.67916667,0.947,
55.68333333,0.926,
55.6875,0.92,
55.69166667,0.91,
55.69583333,0.896,
55.7,0.885,
55.70416667,0.864,
55.70833333,0.851,
55.7125,0.846,
55.71666667,0.829,
55.72083333,0.823,
55.725,0.823,
55.72916667,0.817,
55.73333333,0.806,
55.7375,0.793,
55.74166667,0.776,
55.74583333,0.768,
55.75,0.767,
55.75416667,0.769,
55.75833333,0.772,
55.7625,0.769,
55.76666667,0.768,
55.77083333,0.767,
55.775,0.771,
55.77916667,0.777,
55.78333333,0.778,
55.7875,0.774,
55.79166667,0.792,
55.79583333,0.814,
55.8,0.839,
55.80416667,0.856,
55.80833333,0.849,
55.8125,0.847,
55.81666667,0.859,
55.82083333,0.894,
55.825,0.923,
55.82916667,0.936,
55.83333333,0.936,
55.8375,0.954,
55.84166667,0.978,
55.84583333,1.009,
55.85,1.03,
55.85416667,1.04,
55.85833333,1.055,
55.8625,1.08,
55.86666667,1.111,
55.87083333,1.121,
55.875,1.122,
55.87916667,1.124,
55.88333333,1.149,
55.8875,1.172,
55.89166667,1.212,
55.89583333,1.235,
55.9,1.251,
55.90416667,1.264,
55.90833333,1.284,
55.9125,1.296,
55.91666667,1.311,
55.92083333,1.333,
55.925,1.339,
55.92916667,1.346,
55.93333333,1.37,
55.9375,1.397,
55.94166667,1.429,
55.94583333,1.448,
55.95,1.448,
55.95416667,1.451,
55.95833333,1.476,
55.9625,1.511,
55.96666667,1.513,
55.97083333,1.526,
55.975,1.541,
55.97916667,1.567,
55.98333333,1.601,
55.9875,1.599,
55.99166667,1.589,
55.99583333,1.585,
56,1.59,
56.00416667,1.595,
56.00833333,1.61,
56.0125,1.621,
56.01666667,1.635,
56.02083333,1.647,
56.025,1.638,
56.02916667,1.623,
56.03333333,1.61,
56.0375,1.594,
56.04166667,1.571,
56.04583333,1.561,
56.05,1.556,
56.05416667,1.55,
56.05833333,1.54,
56.0625,1.524,
56.06666667,1.49,
56.07083333,1.465,
56.075,1.447,
56.07916667,1.419,
56.08333333,1.404,
56.0875,1.395,
56.09166667,1.37,
56.09583333,1.341,
56.1,1.301,
56.10416667,1.273,
56.10833333,1.244,
56.1125,1.225,
56.11666667,1.196,
56.12083333,1.164,
56.125,1.142,
56.12916667,1.114,
56.13333333,1.08,
56.1375,1.041,
56.14166667,1.008,
56.14583333,0.974,
56.15,0.947,
56.15416667,0.91,
56.15833333,0.864,
56.1625,0.827,
56.16666667,0.793,
56.17083333,0.766,
56.175,0.73,
56.17916667,0.687,
56.18333333,0.648,
56.1875,0.608,
56.19166667,0.579,
56.19583333,0.552,
56.2,0.51,
56.20416667,0.478,
56.20833333,0.439,
56.2125,0.399,
56.21666667,0.375,
56.22083333,0.331,
56.225,0.293,
56.22916667,0.265,
56.23333333,0.223,
56.2375,0.186,
56.24166667,0.161,
56.24583333,0.119,
56.25,0.1,
56.25416667,0.082,
56.25833333,0.068,
56.2625,0.049,
56.26666667,0.005,
56.27083333,-0.026,
56.275,-0.057,
56.27916667,-0.081,
56.28333333,-0.087,
56.2875,-0.094,
56.29166667,-0.101,
56.29583333,-0.107,
56.3,-0.125,
56.30416667,-0.135,
56.30833333,-0.149,
56.3125,-0.178,
56.31666667,-0.173,
56.32083333,-0.169,
56.325,-0.168,
56.32916667,-0.151,
56.33333333,-0.152,
56.3375,-0.153,
56.34166667,-0.156,
56.34583333,-0.158,
56.35,-0.132,
56.35416667,-0.116,
56.35833333,-0.113,
56.3625,-0.098,
56.36666667,-0.097,
56.37083333,-0.083,
56.375,-0.051,
56.37916667,-0.035,
56.38333333,-0.015,
56.3875,0.003,
56.39166667,0.026,
56.39583333,0.058,
56.4,0.085,
56.40416667,0.11,
56.40833333,0.122,
56.4125,0.137,
56.41666667,0.166,
56.42083333,0.199,
56.425,0.239,
56.42916667,0.274,
56.43333333,0.306,
56.4375,0.34,
56.44166667,0.37,
56.44583333,0.401,
56.45,0.432,
56.45416667,0.458,
56.45833333,0.493,
56.4625,0.524,
56.46666667,0.548,
56.47083333,0.577,
56.475,0.615,
56.47916667,0.644,
56.48333333,0.685,
56.4875,0.727,
56.49166667,0.751,
56.49583333,0.78,
56.5,0.804,
56.50416667,0.84,
56.50833333,0.872,
56.5125,0.9,
56.51666667,0.925,
56.52083333,0.95,
56.525,0.978,
56.52916667,0.999,
56.53333333,1.013,
56.5375,1.033,
56.54166667,1.065,
56.54583333,1.112,
56.55,1.146,
56.55416667,1.171,
56.55833333,1.179,
56.5625,1.18,
56.56666667,1.184,
56.57083333,1.191,
56.575,1.2,
56.57916667,1.22,
56.58333333,1.255,
56.5875,1.29,
56.59166667,1.301,
56.59583333,1.289,
56.6,1.281,
56.60416667,1.279,
56.60833333,1.288,
56.6125,1.309,
56.61666667,1.311,
56.62083333,1.287,
56.625,1.269,
56.62916667,1.256,
56.63333333,1.254,
56.6375,1.265,
56.64166667,1.272,
56.64583333,1.266,
56.65,1.248,
56.65416667,1.232,
56.65833333,1.216,
56.6625,1.194,
56.66666667,1.188,
