$T,
,
JDAY,Temp
1,15
1.00416667,15.1
1.00833333,15.1
1.0125,15
1.01666667,15
1.02083333,15.2
1.025,15.3
1.02916667,15.3
1.03333333,15.5
1.0375,15.7
1.04166667,15.8
1.04583333,15.9
1.05,16
1.05416667,15.9
1.05833333,15.9
1.0625,15.8
1.06666667,15.7
1.07083333,15.6
1.075,15.6
1.07916667,15.5
1.08333333,15.5
1.0875,15.4
1.09166667,15.4
1.09583333,15.4
1.1,15.4
1.10416667,15.5
1.10833333,15.5
1.1125,15.5
1.11666667,15.5
1.12083333,15.5
1.125,15.5
1.12916667,15.6
1.13333333,15.6
1.1375,15.6
1.14166667,15.6
1.14583333,15.6
1.15,15.5
1.15416667,15.5
1.15833333,15.5
1.1625,15.5
1.16666667,15.6
1.17083333,15.6
1.175,15.6
1.17916667,15.6
1.18333333,15.6
1.1875,15.5
1.19166667,15.5
1.19583333,15.5
1.2,15.5
1.20416667,15.5
1.20833333,15.4
1.2125,15.4
1.21666667,15.4
1.22083333,15.4
1.225,15.4
1.22916667,15.4
1.23333333,15.5
1.2375,15.5
1.24166667,15.5
1.24583333,15.5
1.25,15.6
1.25416667,15.6
1.25833333,15.7
1.2625,15.7
1.26666667,15.7
1.27083333,15.7
1.275,15.8
1.27916667,15.8
1.28333333,15.8
1.2875,15.8
1.29166667,15.8
1.29583333,15.8
1.3,15.8
1.30416667,15.8
1.30833333,15.9
1.3125,15.9
1.31666667,15.9
1.32083333,15.9
1.325,15.8
1.32916667,15.8
1.33333333,15.8
1.3375,15.8
1.34166667,15.8
1.34583333,15.8
1.35,15.8
1.35416667,15.8
1.35833333,15.8
1.3625,15.8
1.36666667,15.7
1.37083333,15.7
1.375,15.7
1.37916667,15.7
1.38333333,15.7
1.3875,15.7
1.39166667,15.6
1.39583333,15.6
1.4,15.5
1.40416667,15.4
1.40833333,15.4
1.4125,15.3
1.41666667,15.3
1.42083333,15.2
1.425,15.1
1.42916667,15.1
1.43333333,15
1.4375,14.9
1.44166667,14.9
1.44583333,14.8
1.45,14.8
1.45416667,14.8
1.45833333,14.8
1.4625,14.8
1.46666667,14.8
1.47083333,14.8
1.475,14.7
1.47916667,14.7
1.48333333,14.7
1.4875,14.7
1.49166667,14.7
1.49583333,14.7
1.5,14.7
1.50416667,14.6
1.50833333,14.6
1.5125,14.6
1.51666667,14.6
1.52083333,14.6
1.525,14.6
1.52916667,14.6
1.53333333,14.5
1.5375,14.5
1.54166667,14.5
1.54583333,14.6
1.55,14.6
1.55416667,14.6
1.55833333,14.6
1.5625,14.6
1.56666667,14.7
1.57083333,14.7
1.575,14.7
1.57916667,14.7
1.58333333,14.8
1.5875,14.8
1.59166667,14.8
1.59583333,14.9
1.6,14.9
1.60416667,14.9
1.60833333,14.9
1.6125,14.9
1.61666667,14.9
1.62083333,14.9
1.625,15
1.62916667,15
1.63333333,15
1.6375,15
1.64166667,14.9
1.64583333,14.9
1.65,14.8
1.65416667,14.7
1.65833333,14.7
1.6625,14.7
1.66666667,14.7
1.67083333,14.7
1.675,14.8
1.67916667,14.8
1.68333333,14.8
1.6875,14.8
1.69166667,14.9
1.69583333,14.9
1.7,14.9
1.70416667,14.9
1.70833333,14.9
1.7125,14.8
1.71666667,14.8
1.72083333,14.8
1.725,14.9
1.72916667,15
1.73333333,15
1.7375,15
1.74166667,15.1
1.74583333,15.2
1.75,15.3
1.75416667,15.3
1.75833333,15.4
1.7625,15.4
1.76666667,15.4
1.77083333,15.4
1.775,15.4
1.77916667,15.4
1.78333333,15.3
1.7875,15.3
1.79166667,15.4
1.79583333,15.5
1.8,15.5
1.80416667,15.6
1.80833333,15.7
1.8125,15.8
1.81666667,15.8
1.82083333,15.9
1.825,15.9
1.82916667,15.9
1.83333333,15.9
1.8375,16
1.84166667,16
1.84583333,16
1.85,16
1.85416667,16
1.85833333,16.1
1.8625,16
1.86666667,15.9
1.87083333,15.9
1.875,16
1.87916667,16
1.88333333,16
1.8875,16
1.89166667,15.9
1.89583333,15.7
1.9,15.6
1.90416667,15.8
1.90833333,15.9
1.9125,15.9
1.91666667,16
1.92083333,16
1.925,16.1
1.92916667,16.1
1.93333333,16.1
1.9375,16.1
1.94166667,16.2
1.94583333,16.2
1.95,16.2
1.95416667,16.2
1.95833333,16.2
1.9625,16.2
1.96666667,16
1.97083333,15.7
1.975,15.5
1.97916667,15.3
1.98333333,15.2
1.9875,15.1
1.99166667,15.1
1.99583333,15.2
2,15.5
2.00416667,15.8
2.00833333,16
2.0125,16.2
2.01666667,16.2
2.02083333,16.3
2.025,16.3
2.02916667,16.3
2.03333333,16.3
2.0375,16.3
2.04166667,16.2
2.04583333,16.1
2.05,16.1
2.05416667,16
2.05833333,15.9
2.0625,15.9
2.06666667,15.9
2.07083333,15.8
2.075,15.8
2.07916667,15.7
2.08333333,15.6
2.0875,15.5
2.09166667,15.5
2.09583333,15.4
2.1,15.4
2.10416667,15.3
2.10833333,15.3
2.1125,15.3
2.11666667,15.3
2.12083333,15.3
2.125,15.3
2.12916667,15.3
2.13333333,15.3
2.1375,15.3
2.14166667,15.3
2.14583333,15.3
2.15,15.3
2.15416667,15.3
2.15833333,15.2
2.1625,15.2
2.16666667,15.2
2.17083333,15.2
2.175,15.2
2.17916667,15.2
2.18333333,15.2
2.1875,15.2
2.19166667,15.2
2.19583333,15.2
2.2,15.2
2.20416667,15.2
2.20833333,15.2
2.2125,15.2
2.21666667,15.3
2.22083333,15.3
2.225,15.3
2.22916667,15.3
2.23333333,15.3
2.2375,15.3
2.24166667,15.4
2.24583333,15.4
2.25,15.4
2.25416667,15.4
2.25833333,15.4
2.2625,15.5
2.26666667,15.4
2.27083333,15.4
2.275,15.4
2.27916667,15.4
2.28333333,15.4
2.2875,15.4
2.29166667,15.4
2.29583333,15.4
2.3,15.4
2.30416667,15.4
2.30833333,15.4
2.3125,15.4
2.31666667,15.4
2.32083333,15.4
2.325,15.4
2.32916667,15.4
2.33333333,15.4
2.3375,15.4
2.34166667,15.3
2.34583333,15.3
2.35,15.3
2.35416667,15.3
2.35833333,15.3
2.3625,15.3
2.36666667,15.3
2.37083333,15.3
2.375,15.4
2.37916667,15.4
2.38333333,15.4
2.3875,15.4
2.39166667,15.4
2.39583333,15.4
2.4,15.5
2.40416667,15.5
2.40833333,15.5
2.4125,15.6
2.41666667,15.6
2.42083333,15.6
2.425,15.6
2.42916667,15.6
2.43333333,15.5
2.4375,15.5
2.44166667,15.5
2.44583333,15.5
2.45,15.5
2.45416667,15.5
2.45833333,15.5
2.4625,15.5
2.46666667,15.5
2.47083333,15.5
2.475,15.5
2.47916667,15.5
2.48333333,15.5
2.4875,15.5
2.49166667,15.5
2.49583333,15.5
2.5,15.5
2.50416667,15.5
2.50833333,15.5
2.5125,15.4
2.51666667,15.3
2.52083333,15.3
2.525,15.2
2.52916667,15.2
2.53333333,15.2
2.5375,15.2
2.54166667,15.2
2.54583333,15.2
2.55,15.2
2.55416667,15.3
2.55833333,15.2
2.5625,15.2
2.56666667,15.2
2.57083333,15.2
2.575,15.2
2.57916667,15.2
2.58333333,15.2
2.5875,15.2
2.59166667,15.2
2.59583333,15.3
2.6,15.3
2.60416667,15.3
2.60833333,15.3
2.6125,15.3
2.61666667,15.2
2.62083333,15.2
2.625,15.2
2.62916667,15.1
2.63333333,15.1
2.6375,15.1
2.64166667,15.1
2.64583333,15.1
2.65,15.1
2.65416667,15.1
2.65833333,15.1
2.6625,15.1
2.66666667,15.1
2.67083333,15.1
2.675,15.1
2.67916667,15.1
2.68333333,15.1
2.6875,15.1
2.69166667,15.1
2.69583333,15.2
2.7,15.2
2.70416667,15.2
2.70833333,15.2
2.7125,15.2
2.71666667,15.2
2.72083333,15.2
2.725,15.2
2.72916667,15.2
2.73333333,15.2
2.7375,15.2
2.74166667,15.2
2.74583333,15.2
2.75,15.2
2.75416667,15.2
2.75833333,15.2
2.7625,15.2
2.76666667,15.2
2.77083333,15.2
2.775,15.2
2.77916667,15.3
2.78333333,15.3
2.7875,15.3
2.79166667,15.3
2.79583333,15.3
2.8,15.3
2.80416667,15.4
2.80833333,15.4
2.8125,15.5
2.81666667,15.5
2.82083333,15.5
2.825,15.5
2.82916667,15.6
2.83333333,15.6
2.8375,15.6
2.84166667,15.6
2.84583333,15.6
2.85,15.6
2.85416667,15.6
2.85833333,15.7
2.8625,15.6
2.86666667,15.6
2.87083333,15.6
2.875,15.6
2.87916667,15.5
2.88333333,15.5
2.8875,15.5
2.89166667,15.5
2.89583333,15.5
2.9,15.5
2.90416667,15.5
2.90833333,15.5
2.9125,15.6
2.91666667,15.6
2.92083333,15.7
2.925,15.7
2.92916667,15.7
2.93333333,15.7
2.9375,15.7
2.94166667,15.7
2.94583333,15.7
2.95,15.7
2.95416667,15.7
2.95833333,15.8
2.9625,15.8
2.96666667,15.8
2.97083333,15.8
2.975,15.8
2.97916667,15.8
2.98333333,15.8
2.9875,15.8
2.99166667,15.8
2.99583333,15.8
3,15.8
3.00416667,15.8
3.00833333,15.7
3.0125,15.7
3.01666667,15.7
3.02083333,15.7
3.025,15.7
3.02916667,15.7
3.03333333,15.7
3.0375,15.7
3.04166667,15.7
3.04583333,15.7
3.05,15.7
3.05416667,15.7
3.05833333,15.7
3.0625,15.6
3.06666667,15.6
3.07083333,15.5
3.075,15.6
3.07916667,15.5
3.08333333,15.5
3.0875,15.4
3.09166667,15.3
3.09583333,15.3
3.1,15.3
3.10416667,15.3
3.10833333,15.3
3.1125,15.3
3.11666667,15.3
3.12083333,15.4
3.125,15.4
3.12916667,15.4
3.13333333,15.3
3.1375,15.3
3.14166667,15.3
3.14583333,15.3
3.15,15.3
3.15416667,15.3
3.15833333,15.3
3.1625,15.3
3.16666667,15.3
3.17083333,15.3
3.175,15.4
3.17916667,15.4
3.18333333,15.4
3.1875,15.4
3.19166667,15.4
3.19583333,15.4
3.2,15.4
3.20416667,15.4
3.20833333,15.4
3.2125,15.4
3.21666667,15.4
3.22083333,15.4
3.225,15.4
3.22916667,15.4
3.23333333,15.4
3.2375,15.4
3.24166667,15.4
3.24583333,15.4
3.25,15.4
3.25416667,15.4
3.25833333,15.4
3.2625,15.4
3.26666667,15.4
3.27083333,15.4
3.275,15.4
3.27916667,15.4
3.28333333,15.4
3.2875,15.4
3.29166667,15.4
3.29583333,15.4
3.3,15.4
3.30416667,15.4
3.30833333,15.4
3.3125,15.4
3.31666667,15.4
3.32083333,15.4
3.325,15.4
3.32916667,15.4
3.33333333,15.4
3.3375,15.4
3.34166667,15.4
3.34583333,15.4
3.35,15.4
3.35416667,15.4
3.35833333,15.5
3.3625,15.5
3.36666667,15.5
3.37083333,15.5
3.375,15.5
3.37916667,15.5
3.38333333,15.5
3.3875,15.5
3.39166667,15.5
3.39583333,15.5
3.4,15.5
3.40416667,15.5
3.40833333,15.5
3.4125,15.5
3.41666667,15.5
3.42083333,15.5
3.425,15.4
3.42916667,15.4
3.43333333,15.5
3.4375,15.5
3.44166667,15.5
3.44583333,15.5
3.45,15.5
3.45416667,15.5
3.45833333,15.5
3.4625,15.5
3.46666667,15.5
3.47083333,15.5
3.475,15.5
3.47916667,15.5
3.48333333,15.5
3.4875,15.5
3.49166667,15.5
3.49583333,15.5
3.5,15.5
3.50416667,15.5
3.50833333,15.5
3.5125,15.6
3.51666667,15.6
3.52083333,15.6
3.525,15.6
3.52916667,15.6
3.53333333,15.6
3.5375,15.5
3.54166667,15.5
3.54583333,15.4
3.55,15.4
3.55416667,15.4
3.55833333,15.3
3.5625,15.3
3.56666667,15.3
3.57083333,15.3
3.575,15.2
3.57916667,15.2
3.58333333,15.2
3.5875,15.2
3.59166667,15.2
3.59583333,15.2
3.6,15.2
3.60416667,15.1
3.60833333,15.1
3.6125,15.1
3.61666667,15.1
3.62083333,15.1
3.625,15.2
3.62916667,15.2
3.63333333,15.2
3.6375,15.2
3.64166667,15.1
3.64583333,15.1
3.65,15.1
3.65416667,15.1
3.65833333,15.1
3.6625,15.1
3.66666667,15
3.67083333,15
3.675,15
3.67916667,15
3.68333333,15
3.6875,15.1
3.69166667,15.1
3.69583333,15.2
3.7,15.2
3.70416667,15.2
3.70833333,15.2
3.7125,15.2
3.71666667,15.2
3.72083333,15.2
3.725,15.2
3.72916667,15.2
3.73333333,15.2
3.7375,15.2
3.74166667,15.2
3.74583333,15.2
3.75,15.2
3.75416667,15.3
3.75833333,15.3
3.7625,15.3
3.76666667,15.3
3.77083333,15.3
3.775,15.3
3.77916667,15.3
3.78333333,15.3
3.7875,15.4
3.79166667,15.4
3.79583333,15.4
3.8,15.4
3.80416667,15.4
3.80833333,15.4
3.8125,15.4
3.81666667,15.4
3.82083333,15.5
3.825,15.5
3.82916667,15.5
3.83333333,15.5
3.8375,15.5
3.84166667,15.5
3.84583333,15.5
3.85,15.6
3.85416667,15.5
3.85833333,15.5
3.8625,15.4
3.86666667,15.4
3.87083333,15.4
3.875,15.4
3.87916667,15.4
3.88333333,15.4
3.8875,15.4
3.89166667,15.4
3.89583333,15.4
3.9,15.4
3.90416667,15.4
3.90833333,15.5
3.9125,15.5
3.91666667,15.5
3.92083333,15.5
3.925,15.5
3.92916667,15.5
3.93333333,15.5
3.9375,15.5
3.94166667,15.6
3.94583333,15.6
3.95,15.6
3.95416667,15.6
3.95833333,15.7
3.9625,15.7
3.96666667,15.7
3.97083333,15.7
3.975,15.7
3.97916667,15.8
3.98333333,15.8
3.9875,15.8
3.99166667,15.8
3.99583333,15.8
4,15.8
4.00416667,15.8
4.00833333,15.8
4.0125,15.9
4.01666667,15.9
4.02083333,15.9
4.025,15.9
4.02916667,15.9
4.03333333,15.9
4.0375,15.9
4.04166667,15.9
4.04583333,15.9
4.05,15.9
4.05416667,15.9
4.05833333,15.8
4.0625,15.8
4.06666667,15.8
4.07083333,15.8
4.075,15.8
4.07916667,15.8
4.08333333,15.8
4.0875,15.8
4.09166667,15.8
4.09583333,15.7
4.1,15.7
4.10416667,15.7
4.10833333,15.7
4.1125,15.7
4.11666667,15.7
4.12083333,15.6
4.125,15.6
4.12916667,15.6
4.13333333,15.5
4.1375,15.4
4.14166667,15.4
4.14583333,15.4
4.15,15.3
4.15416667,15.2
4.15833333,15.2
4.1625,15.2
4.16666667,15.2
4.17083333,15.2
4.175,15.2
4.17916667,15.2
4.18333333,15.2
4.1875,15.2
4.19166667,15.2
4.19583333,15.3
4.2,15.3
4.20416667,15.3
4.20833333,15.4
4.2125,15.4
4.21666667,15.4
4.22083333,15.4
4.225,15.4
4.22916667,15.4
4.23333333,15.4
4.2375,15.4
4.24166667,15.4
4.24583333,15.4
4.25,15.4
4.25416667,15.4
4.25833333,15.4
4.2625,15.4
4.26666667,15.4
4.27083333,15.4
4.275,15.4
4.27916667,15.4
4.28333333,15.4
4.2875,15.4
4.29166667,15.5
4.29583333,15.5
4.3,15.5
4.30416667,15.5
4.30833333,15.5
4.3125,15.5
4.31666667,15.5
4.32083333,15.5
4.325,15.5
4.32916667,15.6
4.33333333,15.6
4.3375,15.6
4.34166667,15.6
4.34583333,15.6
4.35,15.6
4.35416667,15.6
4.35833333,15.6
4.3625,15.6
4.36666667,15.6
4.37083333,15.5
4.375,15.5
4.37916667,15.5
4.38333333,15.5
4.3875,15.5
4.39166667,15.5
4.39583333,15.5
4.4,15.5
4.40416667,15.5
4.40833333,15.5
4.4125,15.5
4.41666667,15.5
4.42083333,15.5
4.425,15.5
4.42916667,15.5
4.43333333,15.5
4.4375,15.5
4.44166667,15.5
4.44583333,15.5
4.45,15.5
4.45416667,15.5
4.45833333,15.5
4.4625,15.5
4.46666667,15.5
4.47083333,15.5
4.475,15.5
4.47916667,15.5
4.48333333,15.6
4.4875,15.6
4.49166667,15.6
4.49583333,15.6
4.5,15.6
4.50416667,15.6
4.50833333,15.6
4.5125,15.6
4.51666667,15.6
4.52083333,15.6
4.525,15.6
4.52916667,15.6
4.53333333,15.7
4.5375,15.7
4.54166667,15.7
4.54583333,15.7
4.55,15.7
4.55416667,15.7
4.55833333,15.7
4.5625,15.7
4.56666667,15.7
4.57083333,15.7
4.575,15.7
4.57916667,15.7
4.58333333,15.7
4.5875,15.7
4.59166667,15.6
4.59583333,15.5
4.6,15.5
4.60416667,15.5
4.60833333,15.5
4.6125,15.4
4.61666667,15.4
4.62083333,15.4
4.625,15.4
4.62916667,15.4
4.63333333,15.4
4.6375,15.4
4.64166667,15.4
4.64583333,15.5
4.65,15.5
4.65416667,15.5
4.65833333,15.5
4.6625,15.5
4.66666667,15.5
4.67083333,15.5
4.675,15.4
4.67916667,15.4
4.68333333,15.3
4.6875,15.3
4.69166667,15.2
4.69583333,15.2
4.7,15.2
4.70416667,15.2
4.70833333,15.2
4.7125,15.2
4.71666667,15.2
4.72083333,15.2
4.725,15.2
4.72916667,15.3
4.73333333,15.3
4.7375,15.3
4.74166667,15.4
4.74583333,15.4
4.75,15.5
4.75416667,15.5
4.75833333,15.5
4.7625,15.5
4.76666667,15.5
4.77083333,15.5
4.775,15.5
4.77916667,15.5
4.78333333,15.5
4.7875,15.5
4.79166667,15.5
4.79583333,15.5
4.8,15.6
4.80416667,15.6
4.80833333,15.6
4.8125,15.5
4.81666667,15.5
4.82083333,15.5
4.825,15.6
4.82916667,15.6
4.83333333,15.7
4.8375,15.7
4.84166667,15.7
4.84583333,15.7
4.85,15.8
4.85416667,15.8
4.85833333,15.8
4.8625,15.9
4.86666667,15.9
4.87083333,16
4.875,16
4.87916667,16
4.88333333,16
4.8875,16
4.89166667,16
4.89583333,16.1
4.9,16.1
4.90416667,16.1
4.90833333,16.1
4.9125,16
4.91666667,16
4.92083333,16
4.925,16
4.92916667,16
4.93333333,16
4.9375,16.1
4.94166667,16.1
4.94583333,16.1
4.95,16.1
4.95416667,16
4.95833333,16
4.9625,16
4.96666667,16
4.97083333,16
4.975,16
4.97916667,16
4.98333333,16.1
4.9875,16.1
4.99166667,16.1
4.99583333,16.1
5,16.2
5.00416667,16.2
5.00833333,16.2
5.0125,16.3
5.01666667,16.3
5.02083333,16.3
5.025,16.3
5.02916667,16.4
5.03333333,16.4
5.0375,16.4
5.04166667,16.4
5.04583333,16.4
5.05,16.4
5.05416667,16.3
5.05833333,16.3
5.0625,16.3
5.06666667,16.3
5.07083333,16.3
5.075,16.3
5.07916667,16.3
5.08333333,16.2
5.0875,16.2
5.09166667,16.1
5.09583333,16
5.1,16
5.10416667,16
5.10833333,16
5.1125,16
5.11666667,16
5.12083333,16
5.125,15.9
5.12916667,15.8
5.13333333,15.7
5.1375,15.6
5.14166667,15.5
5.14583333,15.5
5.15,15.4
5.15416667,15.4
5.15833333,15.3
5.1625,15.3
5.16666667,15.2
5.17083333,15.2
5.175,15.2
5.17916667,15.2
5.18333333,15.2
5.1875,15.2
5.19166667,15.2
5.19583333,15.2
5.2,15.2
5.20416667,15.2
5.20833333,15.2
5.2125,15.3
5.21666667,15.4
5.22083333,15.3
5.225,15.3
5.22916667,15.3
5.23333333,15.4
5.2375,15.4
5.24166667,15.4
5.24583333,15.4
5.25,15.4
5.25416667,15.5
5.25833333,15.5
5.2625,15.5
5.26666667,15.5
5.27083333,15.5
5.275,15.5
5.27916667,15.5
5.28333333,15.5
5.2875,15.6
5.29166667,15.6
5.29583333,15.6
5.3,15.6
5.30416667,15.6
5.30833333,15.6
5.3125,15.6
5.31666667,15.6
5.32083333,15.6
5.325,15.6
5.32916667,15.6
5.33333333,15.6
5.3375,15.7
5.34166667,15.7
5.34583333,15.7
5.35,15.7
5.35416667,15.7
5.35833333,15.8
5.3625,15.8
5.36666667,15.8
5.37083333,15.8
5.375,15.9
5.37916667,15.9
5.38333333,15.9
5.3875,15.9
5.39166667,15.9
5.39583333,15.9
5.4,15.9
5.40416667,15.9
5.40833333,15.8
5.4125,15.8
5.41666667,15.8
5.42083333,15.8
5.425,15.8
5.42916667,15.8
5.43333333,15.8
5.4375,15.8
5.44166667,15.8
5.44583333,15.8
5.45,15.8
5.45416667,15.8
5.45833333,15.8
5.4625,15.8
5.46666667,15.8
5.47083333,15.8
5.475,15.8
5.47916667,15.7
5.48333333,15.7
5.4875,15.7
5.49166667,15.7
5.49583333,15.7
5.5,15.7
5.50416667,15.7
5.50833333,15.7
5.5125,15.7
5.51666667,15.7
5.52083333,15.8
5.525,15.8
5.52916667,15.8
5.53333333,15.8
5.5375,15.8
5.54166667,15.8
5.54583333,15.9
5.55,15.9
5.55416667,15.9
5.55833333,15.9
5.5625,15.9
5.56666667,15.9
5.57083333,15.9
5.575,15.9
5.57916667,15.9
5.58333333,15.9
5.5875,15.9
5.59166667,15.9
5.59583333,15.9
5.6,15.9
5.60416667,15.9
5.60833333,15.9
5.6125,15.9
5.61666667,15.9
5.62083333,15.9
5.625,15.9
5.62916667,15.9
5.63333333,15.9
5.6375,15.8
5.64166667,15.8
5.64583333,15.7
5.65,15.7
5.65416667,15.6
5.65833333,15.6
5.6625,15.6
5.66666667,15.6
5.67083333,15.6
5.675,15.6
5.67916667,15.6
5.68333333,15.6
5.6875,15.6
5.69166667,15.6
5.69583333,15.5
5.7,15.5
5.70416667,15.5
5.70833333,15.5
5.7125,15.4
5.71666667,15.4
5.72083333,15.3
5.725,15.3
5.72916667,15.3
5.73333333,15.2
5.7375,15.2
5.74166667,15.2
5.74583333,15.2
5.75,15.2
5.75416667,15.2
5.75833333,15.3
5.7625,15.4
5.76666667,15.6
5.77083333,15.7
5.775,15.7
5.77916667,15.7
5.78333333,15.7
5.7875,15.7
5.79166667,15.7
5.79583333,15.7
5.8,15.7
5.80416667,15.7
5.80833333,15.7
5.8125,15.7
5.81666667,15.7
5.82083333,15.7
5.825,15.7
5.82916667,15.7
5.83333333,15.7
5.8375,15.8
5.84166667,15.8
5.84583333,15.9
5.85,15.9
5.85416667,16
5.85833333,16
5.8625,16
5.86666667,16
5.87083333,16
5.875,16.1
5.87916667,16.1
5.88333333,16.1
5.8875,16.1
5.89166667,16.1
5.89583333,16.2
5.9,16.2
5.90416667,16.2
5.90833333,16.3
5.9125,16.3
5.91666667,16.3
5.92083333,16.3
5.925,16.3
5.92916667,16.3
5.93333333,16.3
5.9375,16.3
5.94166667,16.3
5.94583333,16.3
5.95,16.3
5.95416667,16.3
5.95833333,16.4
5.9625,16.4
5.96666667,16.3
5.97083333,16.3
5.975,16.2
5.97916667,16.2
5.98333333,16.2
5.9875,16.3
5.99166667,16.3
5.99583333,16.4
6,16.4
6.00416667,16.4
6.00833333,16.4
6.0125,16.4
6.01666667,16.4
6.02083333,16.4
6.025,16.4
6.02916667,16.4
6.03333333,16.4
6.0375,16.5
6.04166667,16.5
6.04583333,16.5
6.05,16.5
6.05416667,16.5
6.05833333,16.5
6.0625,16.5
6.06666667,16.5
6.07083333,16.5
6.075,16.5
6.07916667,16.4
6.08333333,16.3
6.0875,16.3
6.09166667,16.3
6.09583333,16.3
6.1,16.3
6.10416667,16.3
6.10833333,16.3
6.1125,16.2
6.11666667,16.2
6.12083333,16.1
6.125,16
6.12916667,15.9
6.13333333,15.8
6.1375,15.8
6.14166667,15.7
6.14583333,15.7
6.15,15.7
6.15416667,15.7
6.15833333,15.7
6.1625,15.7
6.16666667,15.7
6.17083333,15.7
6.175,15.6
6.17916667,15.6
6.18333333,15.5
6.1875,15.4
6.19166667,15.3
6.19583333,15.2
6.2,15.2
6.20416667,15.2
6.20833333,15.1
6.2125,15.1
6.21666667,15.1
6.22083333,15
6.225,15
6.22916667,15
6.23333333,15.1
6.2375,15.1
6.24166667,15.1
6.24583333,15.1
6.25,15.1
6.25416667,15.1
6.25833333,15.2
6.2625,15.2
6.26666667,15.2
6.27083333,15.3
6.275,15.4
6.27916667,15.4
6.28333333,15.4
6.2875,15.4
6.29166667,15.4
6.29583333,15.4
6.3,15.4
6.30416667,15.4
6.30833333,15.4
6.3125,15.4
6.31666667,15.5
6.32083333,15.5
6.325,15.6
6.32916667,15.6
6.33333333,15.7
6.3375,15.7
6.34166667,15.7
6.34583333,15.7
6.35,15.7
6.35416667,15.7
6.35833333,15.7
6.3625,15.8
6.36666667,15.8
6.37083333,15.8
6.375,15.9
6.37916667,15.8
6.38333333,15.8
6.3875,15.9
6.39166667,15.9
6.39583333,15.9
6.4,15.9
6.40416667,15.9
6.40833333,15.9
6.4125,15.9
6.41666667,15.9
6.42083333,15.9
6.425,15.9
6.42916667,15.8
6.43333333,15.8
6.4375,15.8
6.44166667,15.8
6.44583333,15.8
6.45,15.8
6.45416667,15.8
6.45833333,15.8
6.4625,15.8
6.46666667,15.8
6.47083333,15.8
6.475,15.8
6.47916667,15.8
6.48333333,15.8
6.4875,15.8
6.49166667,15.8
6.49583333,15.8
6.5,15.8
6.50416667,15.8
6.50833333,15.8
6.5125,15.8
6.51666667,15.8
6.52083333,15.8
6.525,15.8
6.52916667,15.8
6.53333333,15.8
6.5375,15.8
6.54166667,15.8
6.54583333,15.8
6.55,15.8
6.55416667,15.8
6.55833333,15.8
6.5625,15.8
6.56666667,15.9
6.57083333,15.9
6.575,15.9
6.57916667,16
6.58333333,16
6.5875,16
6.59166667,16.1
6.59583333,16.1
6.6,16
6.60416667,16
6.60833333,16
6.6125,16
6.61666667,16
6.62083333,16
6.625,16
6.62916667,16
6.63333333,16.1
6.6375,16.1
6.64166667,16.1
6.64583333,16.1
6.65,16.1
6.65416667,16.1
6.65833333,16.1
6.6625,16.1
6.66666667,16.1
6.67083333,16.1
6.675,16.1
6.67916667,16
6.68333333,16
6.6875,15.9
6.69166667,15.9
6.69583333,15.8
6.7,15.7
6.70416667,15.7
6.70833333,15.6
6.7125,15.6
6.71666667,15.6
6.72083333,15.6
6.725,15.5
6.72916667,15.5
6.73333333,15.5
6.7375,15.5
6.74166667,15.5
6.74583333,15.5
6.75,15.4
6.75416667,15.4
6.75833333,15.4
6.7625,15.4
6.76666667,15.4
6.77083333,15.4
6.775,15.4
6.77916667,15.6
6.78333333,15.8
6.7875,15.8
6.79166667,15.9
6.79583333,15.9
6.8,15.9
6.80416667,15.9
6.80833333,15.9
6.8125,16
6.81666667,16
6.82083333,16
6.825,15.9
6.82916667,15.9
6.83333333,15.9
6.8375,16
6.84166667,16.1
6.84583333,16.1
6.85,16.2
6.85416667,16.2
6.85833333,16.2
6.8625,16.1
6.86666667,16.2
6.87083333,16.2
6.875,16.2
6.87916667,16.3
6.88333333,16.3
6.8875,16.3
6.89166667,16.3
6.89583333,16.3
6.9,16.4
6.90416667,16.4
6.90833333,16.4
6.9125,16.5
6.91666667,16.5
6.92083333,16.6
6.925,16.6
6.92916667,16.6
6.93333333,16.7
6.9375,16.7
6.94166667,16.7
6.94583333,16.7
6.95,16.6
6.95416667,16.6
6.95833333,16.5
6.9625,16.5
6.96666667,16.5
6.97083333,16.4
6.975,16.4
6.97916667,16.4
6.98333333,16.5
6.9875,16.5
6.99166667,16.5
6.99583333,16.5
7,16.5
7.00416667,16.5
7.00833333,16.5
7.0125,16.5
7.01666667,16.5
7.02083333,16.5
7.025,16.5
7.02916667,16.6
7.03333333,16.6
7.0375,16.6
7.04166667,16.6
7.04583333,16.6
7.05,16.6
7.05416667,16.6
7.05833333,16.6
7.0625,16.6
7.06666667,16.6
7.07083333,16.6
7.075,16.6
7.07916667,16.5
7.08333333,16.5
7.0875,16.4
7.09166667,16.4
7.09583333,16.3
7.1,16.3
7.10416667,16.3
7.10833333,16.2
7.1125,16.2
7.11666667,16.2
7.12083333,16.2
7.125,16.1
7.12916667,16
7.13333333,15.9
7.1375,15.9
7.14166667,15.8
7.14583333,15.8
7.15,15.7
7.15416667,15.6
7.15833333,15.6
7.1625,15.6
7.16666667,15.5
7.17083333,15.5
7.175,15.5
7.17916667,15.5
7.18333333,15.5
7.1875,15.5
7.19166667,15.4
7.19583333,15.4
7.2,15.3
7.20416667,15.4
7.20833333,15.5
7.2125,15.5
7.21666667,15.4
7.22083333,15.3
7.225,15.3
7.22916667,15.3
7.23333333,15.3
7.2375,15.3
7.24166667,15.3
7.24583333,15.3
7.25,15.3
7.25416667,15.3
7.25833333,15.2
7.2625,15.2
7.26666667,15.3
7.27083333,15.3
7.275,15.3
7.27916667,15.4
7.28333333,15.4
7.2875,15.4
7.29166667,15.4
7.29583333,15.4
7.3,15.4
7.30416667,15.4
7.30833333,15.4
7.3125,15.4
7.31666667,15.3
7.32083333,15.4
7.325,15.4
7.32916667,15.4
7.33333333,15.4
7.3375,15.5
7.34166667,15.6
7.34583333,15.7
7.35,15.7
7.35416667,15.8
7.35833333,15.8
7.3625,15.8
7.36666667,15.9
7.37083333,15.9
7.375,15.9
7.37916667,15.9
7.38333333,16
7.3875,16
7.39166667,16.1
7.39583333,16.1
7.4,16.1
7.40416667,16.1
7.40833333,16.1
7.4125,16.1
7.41666667,16.1
7.42083333,16.1
7.425,16.1
7.42916667,16.1
7.43333333,16.1
7.4375,16.1
7.44166667,16.1
7.44583333,16.1
7.45,16.1
7.45416667,16
7.45833333,16
7.4625,15.9
7.46666667,15.9
7.47083333,15.9
7.475,15.9
7.47916667,15.9
7.48333333,15.9
7.4875,15.9
7.49166667,16
7.49583333,16
7.5,16
7.50416667,16
7.50833333,16.1
7.5125,16.1
7.51666667,16.1
7.52083333,16.1
7.525,16.1
7.52916667,16.1
7.53333333,16.1
7.5375,16.1
7.54166667,16
7.54583333,16
7.55,16
7.55416667,16
7.55833333,16
7.5625,16
7.56666667,16
7.57083333,16
7.575,16
7.57916667,16
7.58333333,16.1
7.5875,16.1
7.59166667,16.1
7.59583333,16.2
7.6,16.2
7.60416667,16.2
7.60833333,16.3
7.6125,16.3
7.61666667,16.3
7.62083333,16.3
7.625,16.2
7.62916667,16.2
7.63333333,16.2
7.6375,16.2
7.64166667,16.1
7.64583333,16.1
7.65,16.1
7.65416667,16.1
7.65833333,16.1
7.6625,16.1
7.66666667,16.1
7.67083333,16
7.675,16
7.67916667,16
7.68333333,16
7.6875,16
7.69166667,15.9
7.69583333,15.9
7.7,15.9
7.70416667,15.9
7.70833333,15.9
7.7125,15.9
7.71666667,15.9
7.72083333,15.9
7.725,15.9
7.72916667,15.8
7.73333333,15.8
7.7375,15.8
7.74166667,15.7
7.74583333,15.7
7.75,15.7
7.75416667,15.7
7.75833333,15.7
7.7625,15.7
7.76666667,15.7
7.77083333,15.7
7.775,15.7
7.77916667,15.7
7.78333333,15.7
7.7875,15.7
7.79166667,15.7
7.79583333,15.7
7.8,15.7
7.80416667,15.7
7.80833333,15.7
7.8125,15.9
7.81666667,16
7.82083333,16.1
7.825,16.1
7.82916667,16.1
7.83333333,16.1
7.8375,16.1
7.84166667,16
7.84583333,16
7.85,16.1
7.85416667,16.1
7.85833333,16.1
7.8625,16.1
7.86666667,16.1
7.87083333,16.1
7.875,16.2
7.87916667,16.2
7.88333333,16.2
7.8875,16.2
7.89166667,16.3
7.89583333,16.3
7.9,16.4
7.90416667,16.5
7.90833333,16.5
7.9125,16.5
7.91666667,16.5
7.92083333,16.5
7.925,16.5
7.92916667,16.6
7.93333333,16.7
7.9375,16.7
7.94166667,16.8
7.94583333,16.9
7.95,16.9
7.95416667,16.9
7.95833333,16.9
7.9625,17
7.96666667,17
7.97083333,17
7.975,17
7.97916667,17
7.98333333,17.1
7.9875,17.1
7.99166667,17.1
7.99583333,17.1
8,17.1
8.00416667,17.1
8.00833333,17.1
8.0125,17.1
8.01666667,17.1
8.02083333,17.1
8.025,17.1
8.02916667,17.1
8.03333333,17.1
8.0375,17.1
8.04166667,17.1
8.04583333,17.1
8.05,17.1
8.05416667,17.1
8.05833333,17.1
8.0625,17
8.06666667,17
8.07083333,17
8.075,16.9
8.07916667,16.9
8.08333333,16.9
8.0875,16.8
8.09166667,16.7
8.09583333,16.6
8.1,16.6
8.10416667,16.6
8.10833333,16.5
8.1125,16.4
8.11666667,16.3
8.12083333,16.2
8.125,16.1
8.12916667,16.1
8.13333333,16.1
8.1375,16
8.14166667,16
8.14583333,15.9
8.15,15.7
8.15416667,15.6
8.15833333,15.6
8.1625,15.6
8.16666667,15.7
8.17083333,15.7
8.175,15.7
8.17916667,15.6
8.18333333,15.5
8.1875,15.5
8.19166667,15.5
8.19583333,15.4
8.2,15.4
8.20416667,15.4
8.20833333,15.4
8.2125,15.4
8.21666667,15.4
8.22083333,15.4
8.225,15.3
8.22916667,15.3
8.23333333,15.3
8.2375,15.3
8.24166667,15.4
8.24583333,15.4
8.25,15.4
8.25416667,15.4
8.25833333,15.3
8.2625,15.3
8.26666667,15.4
8.27083333,15.4
8.275,15.5
8.27916667,15.5
8.28333333,15.6
8.2875,15.6
8.29166667,15.6
8.29583333,15.5
8.3,15.4
8.30416667,15.4
8.30833333,15.4
8.3125,15.4
8.31666667,15.4
8.32083333,15.4
8.325,15.3
8.32916667,15.3
8.33333333,15.3
8.3375,15.4
8.34166667,15.4
8.34583333,15.5
8.35,15.6
8.35416667,15.6
8.35833333,15.6
8.3625,15.7
8.36666667,15.8
8.37083333,15.8
8.375,15.9
8.37916667,15.9
8.38333333,16
8.3875,16
8.39166667,16.1
8.39583333,16.1
8.4,16.1
8.40416667,16.1
8.40833333,16.1
8.4125,16.1
8.41666667,16.1
8.42083333,16.1
8.425,16.1
8.42916667,16.1
8.43333333,16.1
8.4375,16.1
8.44166667,16.1
8.44583333,16.1
8.45,16.1
8.45416667,16.1
8.45833333,16.1
8.4625,16.1
8.46666667,16.1
8.47083333,16.1
8.475,16.1
8.47916667,16.2
8.48333333,16.2
8.4875,16.2
8.49166667,16.2
8.49583333,16.2
8.5,16.2
8.50416667,16.2
8.50833333,16.1
8.5125,16.1
8.51666667,16.2
8.52083333,16.2
8.525,16.3
8.52916667,16.3
8.53333333,16.3
8.5375,16.4
8.54166667,16.4
8.54583333,16.4
8.55,16.4
8.55416667,16.4
8.55833333,16.4
8.5625,16.4
8.56666667,16.4
8.57083333,16.4
8.575,16.4
8.57916667,16.4
8.58333333,16.3
8.5875,16.3
8.59166667,16.3
8.59583333,16.3
8.6,16.3
8.60416667,16.3
8.60833333,16.4
8.6125,16.4
8.61666667,16.4
8.62083333,16.4
8.625,16.5
8.62916667,16.5
8.63333333,16.5
8.6375,16.5
8.64166667,16.6
8.64583333,16.6
8.65,16.6
8.65416667,16.6
8.65833333,16.6
8.6625,16.6
8.66666667,16.6
8.67083333,16.6
8.675,16.5
8.67916667,16.4
8.68333333,16.3
8.6875,16.3
8.69166667,16.2
8.69583333,16.2
8.7,16.2
8.70416667,16.2
8.70833333,16.2
8.7125,16.2
8.71666667,16.2
8.72083333,16.2
8.725,16.2
8.72916667,16.1
8.73333333,16.1
8.7375,16.1
8.74166667,16.2
8.74583333,16.2
8.75,16.2
8.75416667,16.1
8.75833333,16.1
8.7625,16.1
8.76666667,16.1
8.77083333,16.2
8.775,16.2
8.77916667,16.1
8.78333333,16.1
8.7875,16.1
8.79166667,16.1
8.79583333,16
8.8,16
8.80416667,16
8.80833333,16
8.8125,16
8.81666667,16
8.82083333,16
8.825,16
8.82916667,15.9
8.83333333,15.9
8.8375,15.9
8.84166667,16
8.84583333,16
8.85,16.1
8.85416667,16.2
8.85833333,16.3
8.8625,16.3
8.86666667,16.3
8.87083333,16.3
8.875,16.3
8.87916667,16.3
8.88333333,16.3
8.8875,16.4
8.89166667,16.5
8.89583333,16.5
8.9,16.6
8.90416667,16.5
8.90833333,16.5
8.9125,16.6
8.91666667,16.5
8.92083333,16.6
8.925,16.8
8.92916667,16.9
8.93333333,16.8
8.9375,16.7
8.94166667,16.5
8.94583333,16.4
8.95,16.5
8.95416667,16.6
8.95833333,16.7
8.9625,16.8
8.96666667,16.8
8.97083333,16.9
8.975,16.9
8.97916667,17
8.98333333,17
8.9875,17
8.99166667,17
8.99583333,17
9,17
9.00416667,17.1
9.00833333,17.2
9.0125,17.2
9.01666667,17.3
9.02083333,17.3
9.025,17.4
9.02916667,17.5
9.03333333,17.5
9.0375,17.6
9.04166667,17.6
9.04583333,17.7
9.05,17.7
9.05416667,17.6
9.05833333,17.5
9.0625,17.3
9.06666667,17.2
9.07083333,17.3
9.075,17.3
9.07916667,17.2
9.08333333,17.1
9.0875,17
9.09166667,16.9
9.09583333,16.8
9.1,16.7
9.10416667,16.6
9.10833333,16.5
9.1125,16.4
9.11666667,16.2
9.12083333,16.1
9.125,16
9.12916667,15.9
9.13333333,15.8
9.1375,15.8
9.14166667,15.7
9.14583333,15.6
9.15,15.6
9.15416667,15.6
9.15833333,15.6
9.1625,15.6
9.16666667,15.6
9.17083333,15.6
9.175,15.6
9.17916667,15.6
9.18333333,15.6
9.1875,15.5
9.19166667,15.5
9.19583333,15.5
9.2,15.5
9.20416667,15.5
9.20833333,15.5
9.2125,15.5
9.21666667,15.5
9.22083333,15.5
9.225,15.5
9.22916667,15.5
9.23333333,15.6
9.2375,15.6
9.24166667,15.7
9.24583333,15.7
9.25,15.7
9.25416667,15.7
9.25833333,15.7
9.2625,15.6
9.26666667,15.6
9.27083333,15.5
9.275,15.4
9.27916667,15.5
9.28333333,15.5
9.2875,15.6
9.29166667,15.7
9.29583333,15.7
9.3,15.6
9.30416667,15.5
9.30833333,15.5
9.3125,15.5
9.31666667,15.5
9.32083333,15.5
9.325,15.5
9.32916667,15.4
9.33333333,15.4
9.3375,15.4
9.34166667,15.4
9.34583333,15.4
9.35,15.4
9.35416667,15.4
9.35833333,15.4
9.3625,15.4
9.36666667,15.4
9.37083333,15.5
9.375,15.6
9.37916667,15.6
9.38333333,15.7
9.3875,15.7
9.39166667,15.8
9.39583333,15.8
9.4,15.8
9.40416667,15.8
9.40833333,15.8
9.4125,15.8
9.41666667,15.8
9.42083333,15.8
9.425,16
9.42916667,16.1
9.43333333,16.1
9.4375,16.2
9.44166667,16.2
9.44583333,16.2
9.45,16.2
9.45416667,16.2
9.45833333,16.3
9.4625,16.3
9.46666667,16.4
9.47083333,16.4
9.475,16.5
9.47916667,16.4
9.48333333,16.3
9.4875,16.3
9.49166667,16.3
9.49583333,16.4
9.5,16.5
9.50416667,16.5
9.50833333,16.5
9.5125,16.5
9.51666667,16.6
9.52083333,16.7
9.525,16.7
9.52916667,16.8
9.53333333,16.8
9.5375,16.8
9.54166667,16.9
9.54583333,16.9
9.55,16.8
9.55416667,16.8
9.55833333,16.8
9.5625,16.8
9.56666667,16.8
9.57083333,16.8
9.575,16.8
9.57916667,16.9
9.58333333,17
9.5875,17
9.59166667,17
9.59583333,16.9
9.6,16.8
9.60416667,16.8
9.60833333,16.8
9.6125,16.8
9.61666667,16.7
9.62083333,16.7
9.625,16.7
9.62916667,16.7
9.63333333,16.7
9.6375,16.7
9.64166667,16.7
9.64583333,16.6
9.65,16.6
9.65416667,16.6
9.65833333,16.5
9.6625,16.5
9.66666667,16.5
9.67083333,16.6
9.675,16.6
9.67916667,16.6
9.68333333,16.6
9.6875,16.6
9.69166667,16.6
9.69583333,16.5
9.7,16.5
9.70416667,16.4
9.70833333,16.4
9.7125,16.4
9.71666667,16.4
9.72083333,16.4
9.725,16.4
9.72916667,16.4
9.73333333,16.4
9.7375,16.4
9.74166667,16.5
9.74583333,16.4
9.75,16.4
9.75416667,16.4
9.75833333,16.5
9.7625,16.5
9.76666667,16.4
9.77083333,16.4
9.775,16.5
9.77916667,16.5
9.78333333,16.5
9.7875,16.5
9.79166667,16.5
9.79583333,16.5
9.8,16.5
9.80416667,16.5
9.80833333,16.5
9.8125,16.5
9.81666667,16.5
9.82083333,16.5
9.825,16.5
9.82916667,16.5
9.83333333,16.5
9.8375,16.5
9.84166667,16.6
9.84583333,16.6
9.85,16.7
9.85416667,16.8
9.85833333,16.8
9.8625,16.9
9.86666667,17
9.87083333,17
9.875,17
9.87916667,17
9.88333333,17
9.8875,17.1
9.89166667,17.1
9.89583333,17.1
9.9,17.1
9.90416667,17.1
9.90833333,17
9.9125,17
9.91666667,17
9.92083333,17
9.925,17
9.92916667,17
9.93333333,17
9.9375,17
9.94166667,17
9.94583333,17.1
9.95,17
9.95416667,17
9.95833333,17
9.9625,16.8
9.96666667,16.8
9.97083333,16.8
9.975,16.9
9.97916667,16.8
9.98333333,16.8
9.9875,16.8
9.99166667,16.8
9.99583333,16.8
10,16.8
10.00416667,16.8
10.00833333,16.7
10.0125,16.7
10.01666667,16.7
10.02083333,16.7
10.025,16.7
10.02916667,16.7
10.03333333,16.7
10.0375,16.7
10.04166667,16.7
10.04583333,16.8
10.05,16.7
10.05416667,16.8
10.05833333,16.8
10.0625,16.8
10.06666667,16.8
10.07083333,16.8
10.075,16.9
10.07916667,16.9
10.08333333,16.9
10.0875,16.9
10.09166667,17
10.09583333,17
10.1,17
10.10416667,17
10.10833333,17
10.1125,16.9
10.11666667,16.8
10.12083333,16.6
10.125,16.4
10.12916667,16.3
10.13333333,16.2
10.1375,16.2
10.14166667,16.1
10.14583333,16.1
10.15,16.1
10.15416667,16.1
10.15833333,16.1
10.1625,16.1
10.16666667,16.1
10.17083333,16
10.175,16
10.17916667,16.1
10.18333333,16.1
10.1875,16.1
10.19166667,16.1
10.19583333,16.1
10.2,16
10.20416667,16
10.20833333,16
10.2125,16
10.21666667,16
10.22083333,15.9
10.225,15.9
10.22916667,15.8
10.23333333,15.9
10.2375,15.9
10.24166667,16
10.24583333,16
10.25,16
10.25416667,16
10.25833333,16
10.2625,16
10.26666667,16
10.27083333,16
10.275,16
10.27916667,16
10.28333333,16
10.2875,16
10.29166667,16
10.29583333,16
10.3,16
10.30416667,16
10.30833333,16
10.3125,16
10.31666667,16
10.32083333,16
10.325,16
10.32916667,16
10.33333333,16
10.3375,16
10.34166667,16
10.34583333,16
10.35,16
10.35416667,15.9
10.35833333,15.9
10.3625,15.9
10.36666667,15.9
10.37083333,16
10.375,16
10.37916667,16.1
10.38333333,16.1
10.3875,16.1
10.39166667,16.1
10.39583333,16.1
10.4,16.1
10.40416667,16.1
10.40833333,16.1
10.4125,16.1
10.41666667,16.1
10.42083333,16
10.425,16
10.42916667,16
10.43333333,16.1
10.4375,16.1
10.44166667,16.2
10.44583333,16.2
10.45,16.2
10.45416667,16.2
10.45833333,16.3
10.4625,16.3
10.46666667,16.3
10.47083333,16.3
10.475,16.4
10.47916667,16.4
10.48333333,16.4
10.4875,16.4
10.49166667,16.5
10.49583333,16.5
10.5,16.5
10.50416667,16.5
10.50833333,16.6
10.5125,16.6
10.51666667,16.6
10.52083333,16.6
10.525,16.6
10.52916667,16.6
10.53333333,16.6
10.5375,16.7
10.54166667,16.7
10.54583333,16.7
10.55,16.8
10.55416667,16.8
10.55833333,16.8
10.5625,16.8
10.56666667,16.8
10.57083333,16.8
10.575,16.8
10.57916667,16.8
10.58333333,16.8
10.5875,16.8
10.59166667,16.8
10.59583333,16.7
10.6,16.7
10.60416667,16.7
10.60833333,16.7
10.6125,16.7
10.61666667,16.8
10.62083333,16.9
10.625,16.9
10.62916667,16.9
10.63333333,16.9
10.6375,16.9
10.64166667,16.8
10.64583333,16.8
10.65,16.8
10.65416667,16.8
10.65833333,16.8
10.6625,16.8
10.66666667,16.8
10.67083333,16.8
10.675,16.9
10.67916667,16.9
10.68333333,16.9
10.6875,16.9
10.69166667,16.9
10.69583333,16.9
10.7,16.9
10.70416667,16.9
10.70833333,16.9
10.7125,16.9
10.71666667,16.9
10.72083333,16.9
10.725,16.8
10.72916667,16.8
10.73333333,16.8
10.7375,16.8
10.74166667,16.8
10.74583333,16.8
10.75,16.8
10.75416667,16.9
10.75833333,16.9
10.7625,16.9
10.76666667,16.8
10.77083333,16.7
10.775,16.6
10.77916667,16.5
10.78333333,16.5
10.7875,16.5
10.79166667,16.5
10.79583333,16.5
10.8,16.6
10.80416667,16.6
10.80833333,16.6
10.8125,16.6
10.81666667,16.6
10.82083333,16.6
10.825,16.6
10.82916667,16.6
10.83333333,16.6
10.8375,16.6
10.84166667,16.6
10.84583333,16.7
10.85,16.7
10.85416667,16.7
10.85833333,16.7
10.8625,16.7
10.86666667,16.7
10.87083333,16.7
10.875,16.7
10.87916667,16.7
10.88333333,16.7
10.8875,16.8
10.89166667,16.8
10.89583333,16.8
10.9,16.8
10.90416667,16.8
10.90833333,16.8
10.9125,16.9
10.91666667,16.9
10.92083333,16.9
10.925,17
10.92916667,17
10.93333333,17.1
10.9375,17.2
10.94166667,17.4
10.94583333,17.4
10.95,17.5
10.95416667,17.6
10.95833333,17.6
10.9625,17.6
10.96666667,17.6
10.97083333,17.6
10.975,17.6
10.97916667,17.6
10.98333333,17.6
10.9875,17.6
10.99166667,17.5
10.99583333,17.5
11,17.5
11.00416667,17.5
11.00833333,17.4
11.0125,17.5
11.01666667,17.6
11.02083333,17.6
11.025,17.6
11.02916667,17.5
11.03333333,17.5
11.0375,17.5
11.04166667,17.5
11.04583333,17.5
11.05,17.4
11.05416667,17.2
11.05833333,17.1
11.0625,17.1
11.06666667,17
11.07083333,17
11.075,16.9
11.07916667,16.9
11.08333333,16.9
11.0875,16.8
11.09166667,16.8
11.09583333,16.8
11.1,16.8
11.10416667,16.9
11.10833333,16.8
11.1125,16.8
11.11666667,16.8
11.12083333,16.8
11.125,16.8
11.12916667,16.8
11.13333333,16.9
11.1375,16.8
11.14166667,16.8
11.14583333,16.7
11.15,16.7
11.15416667,16.6
11.15833333,16.6
11.1625,16.5
11.16666667,16.5
11.17083333,16.6
11.175,16.6
11.17916667,16.6
11.18333333,16.6
11.1875,16.6
11.19166667,16.6
11.19583333,16.6
11.2,16.6
11.20416667,16.6
11.20833333,16.6
11.2125,16.6
11.21666667,16.6
11.22083333,16.6
11.225,16.6
11.22916667,16.6
11.23333333,16.5
11.2375,16.5
11.24166667,16.4
11.24583333,16.3
11.25,16.3
11.25416667,16.3
11.25833333,16.4
11.2625,16.4
11.26666667,16.4
11.27083333,16.5
11.275,16.5
11.27916667,16.6
11.28333333,16.6
11.2875,16.6
11.29166667,16.5
11.29583333,16.5
11.3,16.5
11.30416667,16.5
11.30833333,16.5
11.3125,16.5
11.31666667,16.5
11.32083333,16.5
11.325,16.4
11.32916667,16.4
11.33333333,16.3
11.3375,16.3
11.34166667,16.4
11.34583333,16.4
11.35,16.4
11.35416667,16.4
11.35833333,16.4
11.3625,16.5
11.36666667,16.5
11.37083333,16.5
11.375,16.5
11.37916667,16.4
11.38333333,16.3
11.3875,16.3
11.39166667,16.3
11.39583333,16.4
11.4,16.4
11.40416667,16.4
11.40833333,16.4
11.4125,16.4
11.41666667,16.4
11.42083333,16.5
11.425,16.5
11.42916667,16.5
11.43333333,16.6
11.4375,16.6
11.44166667,16.6
11.44583333,16.6
11.45,16.6
11.45416667,16.6
11.45833333,16.6
11.4625,16.5
11.46666667,16.6
11.47083333,16.6
11.475,16.6
11.47916667,16.7
11.48333333,16.7
11.4875,16.8
11.49166667,16.7
11.49583333,16.7
11.5,16.6
11.50416667,16.6
11.50833333,16.6
11.5125,16.5
11.51666667,16.5
11.52083333,16.5
11.525,16.5
11.52916667,16.5
11.53333333,16.5
11.5375,16.5
11.54166667,16.6
11.54583333,16.7
11.55,16.9
11.55416667,17
11.55833333,17.1
11.5625,17.1
11.56666667,17.2
11.57083333,17.2
11.575,17.2
11.57916667,17.2
11.58333333,17.3
11.5875,17.3
11.59166667,17.3
11.59583333,17.3
11.6,17.3
11.60416667,17.3
11.60833333,17.3
11.6125,17.3
11.61666667,17.3
11.62083333,17.3
11.625,17.3
11.62916667,17.4
11.63333333,17.4
11.6375,17.4
11.64166667,17.4
11.64583333,17.3
11.65,17.3
11.65416667,17.3
11.65833333,17.3
11.6625,17.3
11.66666667,17.3
11.67083333,17.2
11.675,17.2
11.67916667,17.2
11.68333333,17.2
11.6875,17.3
11.69166667,17.2
11.69583333,17.2
11.7,17.2
11.70416667,17.2
11.70833333,17.2
11.7125,17.2
11.71666667,17.2
11.72083333,17.2
11.725,17.2
11.72916667,17.2
11.73333333,17.3
11.7375,17.3
11.74166667,17.3
11.74583333,17.3
11.75,17.3
11.75416667,17.3
11.75833333,17.2
11.7625,17
11.76666667,16.9
11.77083333,16.7
11.775,16.6
11.77916667,16.6
11.78333333,16.5
11.7875,16.5
11.79166667,16.6
11.79583333,16.6
11.8,16.6
11.80416667,16.6
11.80833333,16.6
11.8125,16.6
11.81666667,16.6
11.82083333,16.7
11.825,16.7
11.82916667,16.8
11.83333333,16.7
11.8375,16.7
11.84166667,16.7
11.84583333,16.8
11.85,16.8
11.85416667,16.7
11.85833333,16.7
11.8625,16.7
11.86666667,16.8
11.87083333,16.8
11.875,16.7
11.87916667,16.7
11.88333333,16.8
11.8875,16.7
11.89166667,16.8
11.89583333,16.8
11.9,16.9
11.90416667,17.1
11.90833333,17.3
11.9125,17.5
11.91666667,17.6
11.92083333,17.8
11.925,17.8
11.92916667,17.7
11.93333333,17.8
11.9375,17.8
11.94166667,17.9
11.94583333,17.9
11.95,18
11.95416667,18.1
11.95833333,18.1
11.9625,18.1
11.96666667,18.1
11.97083333,18.1
11.975,18.1
11.97916667,18.1
11.98333333,18
11.9875,17.9
11.99166667,17.7
11.99583333,17.8
12,17.9
12.00416667,18
12.00833333,18
12.0125,18
12.01666667,18
12.02083333,18
12.025,18
12.02916667,18
12.03333333,18
12.0375,18
12.04166667,18
12.04583333,18
12.05,18
12.05416667,17.9
12.05833333,17.9
12.0625,17.9
12.06666667,17.9
12.07083333,17.9
12.075,17.9
12.07916667,17.9
12.08333333,17.8
12.0875,17.8
12.09166667,17.8
12.09583333,17.8
12.1,17.7
12.10416667,17.5
12.10833333,17.3
12.1125,17.3
12.11666667,17.2
12.12083333,17.1
12.125,17.1
12.12916667,17.2
12.13333333,17.1
12.1375,17.1
12.14166667,17
12.14583333,17
12.15,17
12.15416667,16.9
12.15833333,16.9
12.1625,16.9
12.16666667,16.8
12.17083333,16.8
12.175,16.8
12.17916667,16.8
12.18333333,16.8
12.1875,16.8
12.19166667,16.8
12.19583333,16.7
12.2,16.7
12.20416667,16.7
12.20833333,16.7
12.2125,16.8
12.21666667,16.8
12.22083333,16.8
12.225,16.8
12.22916667,16.8
12.23333333,16.8
12.2375,16.8
12.24166667,16.8
12.24583333,16.8
12.25,16.8
12.25416667,16.8
12.25833333,16.8
12.2625,16.8
12.26666667,16.8
12.27083333,16.9
12.275,16.9
12.27916667,16.9
12.28333333,16.9
12.2875,16.8
12.29166667,16.8
12.29583333,16.8
12.3,16.8
12.30416667,16.8
12.30833333,16.8
12.3125,16.8
12.31666667,16.7
12.32083333,16.7
12.325,16.7
12.32916667,16.7
12.33333333,16.7
12.3375,16.7
12.34166667,16.7
12.34583333,16.7
12.35,16.7
12.35416667,16.7
12.35833333,16.7
12.3625,16.7
12.36666667,16.8
12.37083333,16.8
12.375,16.8
12.37916667,16.9
12.38333333,17
12.3875,16.9
12.39166667,16.9
12.39583333,16.9
12.4,16.9
12.40416667,16.9
12.40833333,16.9
12.4125,16.9
12.41666667,16.9
12.42083333,16.9
12.425,16.9
12.42916667,16.9
12.43333333,16.9
12.4375,16.9
12.44166667,16.9
12.44583333,16.9
12.45,16.9
12.45416667,16.9
12.45833333,16.9
12.4625,16.9
12.46666667,16.9
12.47083333,16.9
12.475,16.9
12.47916667,16.9
12.48333333,16.9
12.4875,16.9
12.49166667,16.9
12.49583333,16.9
12.5,16.9
12.50416667,16.9
12.50833333,16.8
12.5125,16.8
12.51666667,16.8
12.52083333,16.8
12.525,16.8
12.52916667,16.8
12.53333333,16.8
12.5375,16.9
12.54166667,16.9
12.54583333,16.9
12.55,16.9
12.55416667,17
12.55833333,17
12.5625,17.1
12.56666667,17.1
12.57083333,17.2
12.575,17.2
12.57916667,17.2
12.58333333,17.3
12.5875,17.3
12.59166667,17.3
12.59583333,17.3
12.6,17.3
12.60416667,17.3
12.60833333,17.3
12.6125,17.3
12.61666667,17.2
12.62083333,17.3
12.625,17.3
12.62916667,17.3
12.63333333,17.3
12.6375,17.3
12.64166667,17.3
12.64583333,17.3
12.65,17.3
12.65416667,17.4
12.65833333,17.3
12.6625,17.4
12.66666667,17.4
12.67083333,17.4
12.675,17.4
12.67916667,17.4
12.68333333,17.4
12.6875,17.5
12.69166667,17.5
12.69583333,17.5
12.7,17.5
12.70416667,17.5
12.70833333,17.5
12.7125,17.5
12.71666667,17.4
12.72083333,17.4
12.725,17.3
12.72916667,17.3
12.73333333,17.3
12.7375,17.2
12.74166667,17.2
12.74583333,17.2
12.75,17.3
12.75416667,17.3
12.75833333,17.3
12.7625,17.4
12.76666667,17.4
12.77083333,17.5
12.775,17.5
12.77916667,17.5
12.78333333,17.5
12.7875,17.6
12.79166667,17.6
12.79583333,17.6
12.8,17.7
12.80416667,17.7
12.80833333,17.6
12.8125,17.5
12.81666667,17.5
12.82083333,17.5
12.825,17.4
12.82916667,17.3
12.83333333,17.3
12.8375,17.2
12.84166667,17.2
12.84583333,17.2
12.85,17.4
12.85416667,17.6
12.85833333,17.8
12.8625,17.9
12.86666667,17.9
12.87083333,18
12.875,18.1
12.87916667,18.1
12.88333333,18.2
12.8875,18.2
12.89166667,18.3
12.89583333,18.3
12.9,18.3
12.90416667,18.3
12.90833333,18.2
12.9125,18.2
12.91666667,18.3
12.92083333,18.3
12.925,18.3
12.92916667,18.3
12.93333333,18.3
12.9375,18.3
12.94166667,18.3
12.94583333,18.4
12.95,18.4
12.95416667,18.4
12.95833333,18.4
12.9625,18.4
12.96666667,18.4
12.97083333,18.4
12.975,18.4
12.97916667,18.3
12.98333333,18.3
12.9875,18.2
12.99166667,18.2
12.99583333,18.2
13,18.2
13.00416667,18.2
13.00833333,18.2
13.0125,18.2
13.01666667,18.2
13.02083333,18.1
13.025,18
13.02916667,17.9
13.03333333,17.9
13.0375,17.9
13.04166667,18
13.04583333,18
13.05,18
13.05416667,18
13.05833333,17.8
13.0625,17.6
13.06666667,17.4
13.07083333,17.4
13.075,17.5
13.07916667,17.6
13.08333333,17.6
13.0875,17.5
13.09166667,17.5
13.09583333,17.5
13.1,17.6
13.10416667,17.4
13.10833333,17.4
13.1125,17.3
13.11666667,17.3
13.12083333,17.3
13.125,17.4
13.12916667,17.4
13.13333333,17.4
13.1375,17.4
13.14166667,17.4
13.14583333,17.5
13.15,17.5
13.15416667,17.5
13.15833333,17.6
13.1625,17.6
13.16666667,17.5
13.17083333,17.5
13.175,17.3
13.17916667,17.2
13.18333333,17.2
13.1875,17.3
13.19166667,17.2
13.19583333,17.2
13.2,17.2
13.20416667,17.2
13.20833333,17.2
13.2125,17.2
13.21666667,17.2
13.22083333,17.2
13.225,17.2
13.22916667,17.2
13.23333333,17.2
13.2375,17.2
13.24166667,17.2
13.24583333,17.2
13.25,17.2
13.25416667,17.1
13.25833333,17.1
13.2625,17.1
13.26666667,17.1
13.27083333,17.1
13.275,17.1
13.27916667,17.1
13.28333333,17.1
13.2875,17.1
13.29166667,17.1
13.29583333,17.1
13.3,17.1
13.30416667,17.2
13.30833333,17.2
13.3125,17.2
13.31666667,17.2
13.32083333,17.2
13.325,17.2
13.32916667,17.2
13.33333333,17.2
13.3375,17.2
13.34166667,17.2
13.34583333,17.2
13.35,17.2
13.35416667,17.3
13.35833333,17.3
13.3625,17.3
13.36666667,17.3
13.37083333,17.3
13.375,17.3
13.37916667,17.3
13.38333333,17.3
13.3875,17.3
13.39166667,17.3
13.39583333,17.3
13.4,17.3
13.40416667,17.3
13.40833333,17.3
13.4125,17.3
13.41666667,17.3
13.42083333,17.3
13.425,17.3
13.42916667,17.2
13.43333333,17.2
13.4375,17.2
13.44166667,17.1
13.44583333,17.1
13.45,17.1
13.45416667,17.1
13.45833333,17.1
13.4625,17.1
13.46666667,17.1
13.47083333,17.1
13.475,17.1
13.47916667,17.2
13.48333333,17.2
13.4875,17.2
13.49166667,17.2
13.49583333,17.2
13.5,17.3
13.50416667,17.3
13.50833333,17.3
13.5125,17.3
13.51666667,17.2
13.52083333,17.2
13.525,17.2
13.52916667,17.1
13.53333333,17.1
13.5375,17.1
13.54166667,17
13.54583333,17
13.55,17
13.55416667,17
13.55833333,17
13.5625,16.9
13.56666667,17
13.57083333,17
13.575,17
13.57916667,17.1
13.58333333,17.2
13.5875,17.2
13.59166667,17.3
13.59583333,17.3
13.6,17.4
13.60416667,17.4
13.60833333,17.4
13.6125,17.4
13.61666667,17.4
13.62083333,17.4
13.625,17.4
13.62916667,17.3
13.63333333,17.4
13.6375,17.4
13.64166667,17.4
13.64583333,17.4
13.65,17.3
13.65416667,17.2
13.65833333,17.1
13.6625,17.1
13.66666667,17.2
13.67083333,17.2
13.675,17.2
13.67916667,17.3
13.68333333,17.3
13.6875,17.4
13.69166667,17.4
13.69583333,17.5
13.7,17.5
13.70416667,17.6
13.70833333,17.6
13.7125,17.6
13.71666667,17.6
13.72083333,17.6
13.725,17.6
13.72916667,17.6
13.73333333,17.6
13.7375,17.6
13.74166667,17.6
13.74583333,17.6
13.75,17.6
13.75416667,17.6
13.75833333,17.7
13.7625,17.7
13.76666667,17.7
13.77083333,17.8
13.775,17.8
13.77916667,17.8
13.78333333,17.9
13.7875,18
13.79166667,18
13.79583333,18
13.8,18
13.80416667,18
13.80833333,18
13.8125,18.1
13.81666667,18
13.82083333,18
13.825,18
13.82916667,17.9
13.83333333,17.9
13.8375,17.8
13.84166667,17.9
13.84583333,17.9
13.85,17.9
13.85416667,17.9
13.85833333,18
13.8625,18
13.86666667,18
13.87083333,18
13.875,18.1
13.87916667,18.1
13.88333333,18.1
13.8875,18.2
13.89166667,18.2
13.89583333,18.2
13.9,18.2
13.90416667,18.1
13.90833333,18.2
13.9125,18.2
13.91666667,18.2
13.92083333,18.3
13.925,18.3
13.92916667,18.4
13.93333333,18.4
13.9375,18.4
13.94166667,18.4
13.94583333,18.4
13.95,18.3
13.95416667,18.3
13.95833333,18.4
13.9625,18.4
13.96666667,18.4
13.97083333,18.4
13.975,18.5
13.97916667,18.5
13.98333333,18.4
13.9875,18.4
13.99166667,18.5
13.99583333,18.5
14,18.4
14.00416667,18.3
14.00833333,18.3
14.0125,18.3
14.01666667,18.4
14.02083333,18.4
14.025,18.5
14.02916667,18.5
14.03333333,18.5
14.0375,18.5
14.04166667,18.5
14.04583333,18.5
14.05,18.4
14.05416667,18.4
14.05833333,18.5
14.0625,18.5
14.06666667,18.5
14.07083333,18.5
14.075,18.4
14.07916667,18.4
14.08333333,18.4
14.0875,18.4
14.09166667,18.4
14.09583333,18.4
14.1,18.4
14.10416667,18.4
14.10833333,18.4
14.1125,18.3
14.11666667,18.3
14.12083333,18.3
14.125,18.3
14.12916667,18.3
14.13333333,18.3
14.1375,18.2
14.14166667,18.2
14.14583333,18.1
14.15,18.1
14.15416667,18.1
14.15833333,18.1
14.1625,17.8
14.16666667,17.5
14.17083333,17.3
14.175,17.2
14.17916667,17.1
14.18333333,17.1
14.1875,17
14.19166667,17
14.19583333,17.1
14.2,17.1
14.20416667,17.2
14.20833333,17.2
14.2125,17.3
14.21666667,17.3
14.22083333,17.3
14.225,17.3
14.22916667,17.4
14.23333333,17.4
14.2375,17.5
14.24166667,17.5
14.24583333,17.6
14.25,17.6
14.25416667,17.7
14.25833333,17.7
14.2625,17.7
14.26666667,17.8
14.27083333,17.8
14.275,17.8
14.27916667,17.8
14.28333333,17.8
14.2875,17.8
14.29166667,17.8
14.29583333,17.8
14.3,17.8
14.30416667,17.8
14.30833333,17.8
14.3125,17.8
14.31666667,17.8
14.32083333,17.8
14.325,17.8
14.32916667,17.8
14.33333333,17.8
14.3375,17.8
14.34166667,17.8
14.34583333,17.8
14.35,17.8
14.35416667,17.7
14.35833333,17.7
14.3625,17.7
14.36666667,17.7
14.37083333,17.7
14.375,17.7
14.37916667,17.7
14.38333333,17.7
14.3875,17.6
14.39166667,17.6
14.39583333,17.6
14.4,17.6
14.40416667,17.5
14.40833333,17.5
14.4125,17.4
14.41666667,17.4
14.42083333,17.4
14.425,17.4
14.42916667,17.4
14.43333333,17.3
14.4375,17.3
14.44166667,17.3
14.44583333,17.3
14.45,17.3
14.45416667,17.3
14.45833333,17.3
14.4625,17.3
14.46666667,17.3
14.47083333,17.4
14.475,17.4
14.47916667,17.5
14.48333333,17.5
14.4875,17.6
14.49166667,17.6
14.49583333,17.6
14.5,17.6
14.50416667,17.6
14.50833333,17.6
14.5125,17.5
14.51666667,17.5
14.52083333,17.5
14.525,17.5
14.52916667,17.5
14.53333333,17.4
14.5375,17.4
14.54166667,17.4
14.54583333,17.4
14.55,17.5
14.55416667,17.5
14.55833333,17.4
14.5625,17.3
14.56666667,17.4
14.57083333,17.4
14.575,17.5
14.57916667,17.5
14.58333333,17.5
14.5875,17.6
14.59166667,17.6
14.59583333,17.5
14.6,17.4
14.60416667,17.4
14.60833333,17.3
14.6125,17.3
14.61666667,17.2
14.62083333,17.2
14.625,17.3
14.62916667,17.3
14.63333333,17.3
14.6375,17.3
14.64166667,17.3
14.64583333,17.4
14.65,17.4
14.65416667,17.4
14.65833333,17.4
14.6625,17.4
14.66666667,17.4
14.67083333,17.4
14.675,17.4
14.67916667,17.3
14.68333333,17.3
14.6875,17.3
14.69166667,17.2
14.69583333,17.2
14.7,17.1
14.70416667,17.1
14.70833333,17
14.7125,17
14.71666667,17.1
14.72083333,17.2
14.725,17.3
14.72916667,17.4
14.73333333,17.4
14.7375,17.4
14.74166667,17.5
14.74583333,17.5
14.75,17.6
14.75416667,17.6
14.75833333,17.7
14.7625,17.7
14.76666667,17.6
14.77083333,17.6
14.775,17.6
14.77916667,17.7
14.78333333,17.7
14.7875,17.8
14.79166667,17.9
14.79583333,17.9
14.8,18
14.80416667,18
14.80833333,18
14.8125,18.1
14.81666667,18
14.82083333,18
14.825,18
14.82916667,18
14.83333333,18
14.8375,18
14.84166667,18
14.84583333,18
14.85,18
14.85416667,18
14.85833333,18
14.8625,18
14.86666667,18
14.87083333,18
14.875,18
14.87916667,18
14.88333333,18.1
14.8875,18.1
14.89166667,18.1
14.89583333,18.1
14.9,18.1
14.90416667,18.2
14.90833333,18.2
14.9125,18.2
14.91666667,18.2
14.92083333,18.2
14.925,18.1
14.92916667,18.2
14.93333333,18.3
14.9375,18.4
14.94166667,18.4
14.94583333,18.4
14.95,18.5
14.95416667,18.5
14.95833333,18.5
14.9625,18.5
14.96666667,18.4
14.97083333,18.3
14.975,18.2
14.97916667,18.1
14.98333333,17.9
14.9875,17.8
14.99166667,17.8
14.99583333,17.9
15,17.9
15.00416667,17.9
15.00833333,17.9
15.0125,17.8
15.01666667,17.9
15.02083333,18
15.025,18.1
15.02916667,18.1
15.03333333,18
15.0375,17.9
15.04166667,17.8
15.04583333,17.8
15.05,17.8
15.05416667,17.7
15.05833333,17.7
15.0625,17.7
15.06666667,17.6
15.07083333,17.5
15.075,17.5
15.07916667,17.5
15.08333333,17.6
15.0875,17.6
15.09166667,17.8
15.09583333,17.8
15.1,18
15.10416667,18
15.10833333,18.1
15.1125,18.1
15.11666667,18.2
15.12083333,18.2
15.125,18.1
15.12916667,18.1
15.13333333,18.1
15.1375,18.2
15.14166667,18
15.14583333,17.9
15.15,17.7
15.15416667,17.6
15.15833333,17.6
15.1625,17.4
15.16666667,17.3
15.17083333,17.2
15.175,17.1
15.17916667,17.1
15.18333333,17.1
15.1875,17.1
15.19166667,17.1
15.19583333,17.2
15.2,17.3
15.20416667,17.5
15.20833333,17.7
15.2125,17.7
15.21666667,17.8
15.22083333,17.8
15.225,17.9
15.22916667,17.9
15.23333333,17.8
15.2375,17.8
15.24166667,17.8
15.24583333,17.8
15.25,17.8
15.25416667,17.8
15.25833333,17.8
15.2625,17.8
15.26666667,17.7
15.27083333,17.7
15.275,17.7
15.27916667,17.8
15.28333333,17.8
15.2875,17.8
15.29166667,17.9
15.29583333,17.9
15.3,18
15.30416667,18
15.30833333,18
15.3125,18
15.31666667,18
15.32083333,18.1
15.325,18.1
15.32916667,18.1
15.33333333,18.1
15.3375,18.1
15.34166667,18.1
15.34583333,18.1
15.35,18.1
15.35416667,18.1
15.35833333,18.1
15.3625,18.2
15.36666667,18.2
15.37083333,18.2
15.375,18.2
15.37916667,18.2
15.38333333,18.2
15.3875,18.2
15.39166667,18.2
15.39583333,18.2
15.4,18.2
15.40416667,18.2
15.40833333,18.2
15.4125,18.2
15.41666667,18.2
15.42083333,18.1
15.425,18.1
15.42916667,18.1
15.43333333,18.1
15.4375,18
15.44166667,18
15.44583333,17.9
15.45,17.9
15.45416667,17.8
15.45833333,17.7
15.4625,17.7
15.46666667,17.6
15.47083333,17.5
15.475,17.5
15.47916667,17.5
15.48333333,17.6
15.4875,17.6
15.49166667,17.7
15.49583333,17.7
15.5,17.7
15.50416667,17.7
15.50833333,17.6
15.5125,17.6
15.51666667,17.5
15.52083333,17.4
15.525,17.4
15.52916667,17.4
15.53333333,17.3
15.5375,17.3
15.54166667,17.3
15.54583333,17.3
15.55,17.3
15.55416667,17.3
15.55833333,17.3
15.5625,17.3
15.56666667,17.3
15.57083333,17.3
15.575,17.3
15.57916667,17.2
15.58333333,17.2
15.5875,17.2
15.59166667,17.1
15.59583333,17
15.6,17
15.60416667,17
15.60833333,17.1
15.6125,17.1
15.61666667,17.2
15.62083333,17.3
15.625,17.3
15.62916667,17.4
15.63333333,17.4
15.6375,17.5
15.64166667,17.6
15.64583333,17.7
15.65,17.7
15.65416667,17.6
15.65833333,17.5
15.6625,17.4
15.66666667,17.4
15.67083333,17.3
15.675,17.3
15.67916667,17.2
15.68333333,17.2
15.6875,17.2
15.69166667,17.3
15.69583333,17.3
15.7,17.3
15.70416667,17.4
15.70833333,17.4
15.7125,17.5
15.71666667,17.5
15.72083333,17.5
15.725,17.5
15.72916667,17.5
15.73333333,17.6
15.7375,17.6
15.74166667,17.6
15.74583333,17.6
15.75,17.6
15.75416667,17.5
15.75833333,17.4
15.7625,17.3
15.76666667,17.4
15.77083333,17.4
15.775,17.5
15.77916667,17.5
15.78333333,17.6
15.7875,17.6
15.79166667,17.7
15.79583333,17.8
15.8,17.8
15.80416667,17.9
15.80833333,18
15.8125,18
15.81666667,18
15.82083333,18.1
15.825,18.1
15.82916667,18.1
15.83333333,18.1
15.8375,18.1
15.84166667,18.1
15.84583333,18.1
15.85,18.1
15.85416667,18.1
15.85833333,18.1
15.8625,18.1
15.86666667,18.1
15.87083333,18.1
15.875,18.2
15.87916667,18.2
15.88333333,18.2
15.8875,18.3
15.89166667,18.3
15.89583333,18.2
15.9,18.2
15.90416667,18.2
15.90833333,18.2
15.9125,18.2
15.91666667,18.2
15.92083333,18.2
15.925,18
15.92916667,17.8
15.93333333,17.7
15.9375,17.6
15.94166667,17.5
15.94583333,17.5
15.95,17.6
15.95416667,17.8
15.95833333,18
15.9625,18.2
15.96666667,18.3
15.97083333,18.4
15.975,18.4
15.97916667,18.5
15.98333333,18.5
15.9875,18.5
15.99166667,18.4
15.99583333,18.2
16,17.9
16.00416667,17.7
16.00833333,17.6
16.0125,17.4
16.01666667,17.4
16.02083333,17.5
16.025,17.6
16.02916667,17.7
16.03333333,17.7
16.0375,17.8
16.04166667,17.9
16.04583333,17.9
16.05,17.9
16.05416667,17.8
16.05833333,17.7
16.0625,17.7
16.06666667,17.6
16.07083333,17.5
16.075,17.5
16.07916667,17.5
16.08333333,17.5
16.0875,17.5
16.09166667,17.6
16.09583333,17.6
16.1,17.7
16.10416667,17.8
16.10833333,18
16.1125,18
16.11666667,18.1
16.12083333,18.1
16.125,18.1
16.12916667,18
16.13333333,18
16.1375,17.9
16.14166667,17.9
16.14583333,17.9
16.15,17.8
16.15416667,17.8
16.15833333,17.6
16.1625,17.4
16.16666667,17.3
16.17083333,17.2
16.175,17.1
16.17916667,17
16.18333333,17
16.1875,17
16.19166667,17.1
16.19583333,17.2
16.2,17.4
16.20416667,17.6
16.20833333,17.7
16.2125,17.7
16.21666667,17.8
16.22083333,17.9
16.225,18
16.22916667,18
16.23333333,18.1
16.2375,18.1
16.24166667,18.1
16.24583333,18.1
16.25,18.1
16.25416667,18
16.25833333,17.9
16.2625,17.9
16.26666667,17.9
16.27083333,17.9
16.275,18
16.27916667,18.1
16.28333333,18.2
16.2875,18.3
16.29166667,18.3
16.29583333,18.3
16.3,18.3
16.30416667,18.3
16.30833333,18.3
16.3125,18.2
16.31666667,18.2
16.32083333,18.2
16.325,18.2
16.32916667,18.2
16.33333333,18.2
16.3375,18.2
16.34166667,18.2
16.34583333,18.2
16.35,18.2
16.35416667,18.2
16.35833333,18.2
16.3625,18.3
16.36666667,18.3
16.37083333,18.3
16.375,18.3
16.37916667,18.3
16.38333333,18.3
16.3875,18.3
16.39166667,18.3
16.39583333,18.3
16.4,18.3
16.40416667,18.4
16.40833333,18.4
16.4125,18.4
16.41666667,18.4
16.42083333,18.4
16.425,18.4
16.42916667,18.4
16.43333333,18.4
16.4375,18.4
16.44166667,18.4
16.44583333,18.4
16.45,18.2
16.45416667,18.1
16.45833333,17.9
16.4625,17.8
16.46666667,17.7
16.47083333,17.6
16.475,17.5
16.47916667,17.4
16.48333333,17.4
16.4875,17.3
16.49166667,17.3
16.49583333,17.3
16.5,17.4
16.50416667,17.4
16.50833333,17.5
16.5125,17.5
16.51666667,17.5
16.52083333,17.5
16.525,17.5
16.52916667,17.4
16.53333333,17.3
16.5375,17.3
16.54166667,17.2
16.54583333,17.2
16.55,17.1
16.55416667,17.1
16.55833333,17.1
16.5625,17
16.56666667,17
16.57083333,17
16.575,17
16.57916667,17
16.58333333,16.9
16.5875,16.9
16.59166667,16.9
16.59583333,16.9
16.6,17
16.60416667,17
16.60833333,17.1
16.6125,17.1
16.61666667,17.1
16.62083333,17
16.625,16.9
16.62916667,16.9
16.63333333,16.9
16.6375,17
16.64166667,17
16.64583333,17.2
16.65,17.5
16.65416667,17.6
16.65833333,17.6
16.6625,17.6
16.66666667,17.6
16.67083333,17.7
16.675,17.7
16.67916667,17.8
16.68333333,17.8
16.6875,17.9
16.69166667,17.9
16.69583333,17.8
16.7,17.6
16.70416667,17.5
16.70833333,17.4
16.7125,17.4
16.71666667,17.4
16.72083333,17.4
16.725,17.4
16.72916667,17.5
16.73333333,17.5
16.7375,17.6
16.74166667,17.6
16.74583333,17.6
16.75,17.7
16.75416667,17.7
16.75833333,17.7
16.7625,17.8
16.76666667,17.8
16.77083333,17.7
16.775,17.8
16.77916667,17.8
16.78333333,17.8
16.7875,17.9
16.79166667,17.9
16.79583333,17.9
16.8,17.9
16.80416667,17.9
16.80833333,17.9
16.8125,17.8
16.81666667,17.8
16.82083333,17.8
16.825,17.8
16.82916667,17.7
16.83333333,17.7
16.8375,17.6
16.84166667,17.6
16.84583333,17.7
16.85,17.7
16.85416667,17.7
16.85833333,17.7
16.8625,17.7
16.86666667,17.8
16.87083333,17.8
16.875,17.9
16.87916667,17.9
16.88333333,17.9
16.8875,18
16.89166667,18
16.89583333,17.9
16.9,17.9
16.90416667,17.9
16.90833333,17.9
16.9125,17.9
16.91666667,17.9
16.92083333,17.9
16.925,18
16.92916667,17.9
16.93333333,17.8
16.9375,17.7
16.94166667,17.6
16.94583333,17.4
16.95,17.3
16.95416667,17.3
16.95833333,17.2
16.9625,17.2
16.96666667,17.2
16.97083333,17.2
16.975,17.2
16.97916667,17.2
16.98333333,17.2
16.9875,17.4
16.99166667,17.4
16.99583333,17.5
17,17.6
17.00416667,17.6
17.00833333,17.7
17.0125,17.7
17.01666667,17.6
17.02083333,17.6
17.025,17.6
17.02916667,17.5
17.03333333,17.4
17.0375,17.4
17.04166667,17.3
17.04583333,17.3
17.05,17.4
17.05416667,17.5
17.05833333,17.7
17.0625,17.9
17.06666667,18
17.07083333,18
17.075,18
17.07916667,18
17.08333333,17.9
17.0875,17.9
17.09166667,17.9
17.09583333,18
17.1,18.1
17.10416667,18.1
17.10833333,18
17.1125,18
17.11666667,17.9
17.12083333,17.8
17.125,17.7
17.12916667,17.6
17.13333333,17.6
17.1375,17.8
17.14166667,17.9
17.14583333,17.9
17.15,17.9
17.15416667,17.9
17.15833333,17.9
17.1625,17.9
17.16666667,17.8
17.17083333,17.8
17.175,17.8
17.17916667,17.8
17.18333333,17.7
17.1875,17.7
17.19166667,17.6
17.19583333,17.4
17.2,17.3
17.20416667,17.4
17.20833333,17.5
17.2125,17.6
17.21666667,17.7
17.22083333,17.7
17.225,17.7
17.22916667,17.8
17.23333333,17.8
17.2375,17.7
17.24166667,17.8
17.24583333,17.8
17.25,17.8
17.25416667,17.8
17.25833333,17.8
17.2625,17.7
17.26666667,17.7
17.27083333,17.7
17.275,17.7
17.27916667,17.7
17.28333333,17.6
17.2875,17.7
17.29166667,17.7
17.29583333,17.7
17.3,17.7
17.30416667,17.7
17.30833333,17.7
17.3125,17.7
17.31666667,17.7
17.32083333,17.7
17.325,17.7
17.32916667,17.7
17.33333333,17.7
17.3375,17.7
17.34166667,17.7
17.34583333,17.7
17.35,17.7
17.35416667,17.7
17.35833333,17.7
17.3625,17.7
17.36666667,17.7
17.37083333,17.7
17.375,17.7
17.37916667,17.7
17.38333333,17.7
17.3875,17.7
17.39166667,17.7
17.39583333,17.7
17.4,17.7
17.40416667,17.7
17.40833333,17.7
17.4125,17.7
17.41666667,17.7
17.42083333,17.7
17.425,17.7
17.42916667,17.7
17.43333333,17.7
17.4375,17.7
17.44166667,17.7
17.44583333,17.7
17.45,17.7
17.45416667,17.7
17.45833333,17.7
17.4625,17.7
17.46666667,17.7
17.47083333,17.7
17.475,17.7
17.47916667,17.6
17.48333333,17.5
17.4875,17.3
17.49166667,17.2
17.49583333,17.1
17.5,17.1
17.50416667,17
17.50833333,17
17.5125,17.1
17.51666667,17.1
17.52083333,17.1
17.525,17.1
17.52916667,17.1
17.53333333,17.1
17.5375,17.2
17.54166667,17.2
17.54583333,17.2
17.55,17.2
17.55416667,17.3
17.55833333,17.3
17.5625,17.2
17.56666667,17.2
17.57083333,17.2
17.575,17.2
17.57916667,17.2
17.58333333,17.2
17.5875,17.2
17.59166667,17.2
17.59583333,17.2
17.6,17.2
17.60416667,17.1
17.60833333,17.1
17.6125,17.1
17.61666667,17.1
17.62083333,17.1
17.625,17.1
17.62916667,17.1
17.63333333,17.1
17.6375,17.2
17.64166667,17.2
17.64583333,17.2
17.65,17.2
17.65416667,17.2
17.65833333,17.2
17.6625,17.2
17.66666667,17.2
17.67083333,17.1
17.675,17
17.67916667,17
17.68333333,17
17.6875,17.1
17.69166667,17.1
17.69583333,17.2
17.7,17.2
17.70416667,17.2
17.70833333,17.2
17.7125,17.2
17.71666667,17.2
17.72083333,17.2
17.725,17.2
17.72916667,17.2
17.73333333,17.2
17.7375,17.2
17.74166667,17.2
17.74583333,17.2
17.75,17.2
17.75416667,17.2
17.75833333,17.2
17.7625,17.3
17.76666667,17.3
17.77083333,17.3
17.775,17.3
17.77916667,17.3
17.78333333,17.4
17.7875,17.4
17.79166667,17.5
17.79583333,17.5
17.8,17.4
17.80416667,17.4
17.80833333,17.3
17.8125,17.3
17.81666667,17.3
17.82083333,17.3
17.825,17.3
17.82916667,17.3
17.83333333,17.4
17.8375,17.4
17.84166667,17.5
17.84583333,17.5
17.85,17.6
17.85416667,17.6
17.85833333,17.6
17.8625,17.6
17.86666667,17.5
17.87083333,17.5
17.875,17.5
17.87916667,17.6
17.88333333,17.6
17.8875,17.6
17.89166667,17.6
17.89583333,17.6
17.9,17.6
17.90416667,17.5
17.90833333,17.5
17.9125,17.5
17.91666667,17.5
17.92083333,17.5
17.925,17.6
17.92916667,17.7
17.93333333,17.7
17.9375,17.7
17.94166667,17.7
17.94583333,17.8
17.95,17.8
17.95416667,17.8
17.95833333,17.8
17.9625,17.9
17.96666667,17.9
17.97083333,17.9
17.975,17.9
17.97916667,17.9
17.98333333,18
17.9875,18
17.99166667,18
17.99583333,18
18,18
18.00416667,18
18.00833333,18
18.0125,18.1
18.01666667,18.1
18.02083333,18.1
18.025,18.2
18.02916667,18.2
18.03333333,18.2
18.0375,18.1
18.04166667,18.1
18.04583333,18.1
18.05,18.1
18.05416667,18.1
18.05833333,18.2
18.0625,18.2
18.06666667,18.2
18.07083333,18.2
18.075,18.1
18.07916667,18.1
18.08333333,18.1
18.0875,18
18.09166667,18.1
18.09583333,18.1
18.1,18.1
18.10416667,18.1
18.10833333,18.1
18.1125,18.1
18.11666667,18.1
18.12083333,18.1
18.125,18.1
18.12916667,18
18.13333333,18
18.1375,18
18.14166667,18
18.14583333,18
18.15,17.9
18.15416667,17.8
18.15833333,17.7
18.1625,17.7
18.16666667,17.8
18.17083333,17.8
18.175,17.8
18.17916667,17.7
18.18333333,17.6
18.1875,17.6
18.19166667,17.6
18.19583333,17.7
18.2,17.7
18.20416667,17.7
18.20833333,17.7
18.2125,17.7
18.21666667,17.8
18.22083333,17.8
18.225,17.9
18.22916667,17.9
18.23333333,17.8
18.2375,17.7
18.24166667,17.7
18.24583333,17.7
18.25,17.7
18.25416667,17.7
18.25833333,17.6
18.2625,17.6
18.26666667,17.6
18.27083333,17.6
18.275,17.6
18.27916667,17.7
18.28333333,17.7
18.2875,17.8
18.29166667,17.8
18.29583333,17.8
18.3,17.8
18.30416667,17.8
18.30833333,17.8
18.3125,17.8
18.31666667,17.8
18.32083333,17.8
18.325,17.8
18.32916667,17.8
18.33333333,17.8
18.3375,17.8
18.34166667,17.8
18.34583333,17.8
18.35,17.8
18.35416667,17.8
18.35833333,17.8
18.3625,17.8
18.36666667,17.9
18.37083333,17.8
18.375,17.8
18.37916667,17.8
18.38333333,17.8
18.3875,17.8
18.39166667,17.8
18.39583333,17.8
18.4,17.8
18.40416667,17.8
18.40833333,17.8
18.4125,17.8
18.41666667,17.8
18.42083333,17.8
18.425,17.8
18.42916667,17.8
18.43333333,17.8
18.4375,17.8
18.44166667,17.8
18.44583333,17.7
18.45,17.7
18.45416667,17.7
18.45833333,17.7
18.4625,17.6
18.46666667,17.6
18.47083333,17.6
18.475,17.7
18.47916667,17.7
18.48333333,17.7
18.4875,17.7
18.49166667,17.7
18.49583333,17.7
18.5,17.7
18.50416667,17.7
18.50833333,17.7
18.5125,17.7
18.51666667,17.7
18.52083333,17.7
18.525,17.7
18.52916667,17.7
18.53333333,17.7
18.5375,17.7
18.54166667,17.7
18.54583333,17.7
18.55,17.7
18.55416667,17.7
18.55833333,17.7
18.5625,17.6
18.56666667,17.6
18.57083333,17.6
18.575,17.6
18.57916667,17.6
18.58333333,17.6
18.5875,17.6
18.59166667,17.5
18.59583333,17.5
18.6,17.5
18.60416667,17.5
18.60833333,17.5
18.6125,17.6
18.61666667,17.6
18.62083333,17.6
18.625,17.6
18.62916667,17.5
18.63333333,17.5
18.6375,17.5
18.64166667,17.5
18.64583333,17.4
18.65,17.4
18.65416667,17.4
18.65833333,17.4
18.6625,17.4
18.66666667,17.4
18.67083333,17.4
18.675,17.4
18.67916667,17.4
18.68333333,17.4
18.6875,17.4
18.69166667,17.4
18.69583333,17.4
18.7,17.4
18.70416667,17.4
18.70833333,17.4
18.7125,17.4
18.71666667,17.4
18.72083333,17.5
18.725,17.5
18.72916667,17.5
18.73333333,17.5
18.7375,17.5
18.74166667,17.5
18.74583333,17.6
18.75,17.6
18.75416667,17.6
18.75833333,17.6
18.7625,17.6
18.76666667,17.6
18.77083333,17.6
18.775,17.5
18.77916667,17.5
18.78333333,17.5
18.7875,17.6
18.79166667,17.6
18.79583333,17.6
18.8,17.6
18.80416667,17.7
18.80833333,17.7
18.8125,17.8
18.81666667,17.8
18.82083333,17.8
18.825,17.8
18.82916667,17.9
18.83333333,17.8
18.8375,17.8
18.84166667,17.8
18.84583333,17.8
18.85,17.9
18.85416667,17.9
18.85833333,17.9
18.8625,17.9
18.86666667,17.9
18.87083333,18
18.875,18
18.87916667,18.1
18.88333333,18.1
18.8875,18.1
18.89166667,18.1
18.89583333,18.1
18.9,18
18.90416667,18
18.90833333,18
18.9125,18
18.91666667,18.1
18.92083333,18.1
18.925,18.1
18.92916667,18.1
18.93333333,18.2
18.9375,18.2
18.94166667,18.2
18.94583333,18.3
18.95,18.3
18.95416667,18.3
18.95833333,18.3
18.9625,18.3
18.96666667,18.3
18.97083333,18.3
18.975,18.3
18.97916667,18.2
18.98333333,18.2
18.9875,18.2
18.99166667,18.2
18.99583333,18.3
19,18.3
19.00416667,18.3
19.00833333,18.3
19.0125,18.3
19.01666667,18.3
19.02083333,18.3
19.025,18.3
19.02916667,18.3
19.03333333,18.3
19.0375,18.3
19.04166667,18.4
19.04583333,18.4
19.05,18.4
19.05416667,18.4
19.05833333,18.3
19.0625,18.2
19.06666667,18
19.07083333,17.9
19.075,17.9
19.07916667,17.9
19.08333333,17.9
19.0875,17.9
19.09166667,18
19.09583333,18
19.1,18
19.10416667,18
19.10833333,18
19.1125,17.9
19.11666667,17.9
19.12083333,17.7
19.125,17.7
19.12916667,17.6
19.13333333,17.6
19.1375,17.6
19.14166667,17.6
19.14583333,17.6
19.15,17.5
19.15416667,17.5
19.15833333,17.5
19.1625,17.4
19.16666667,17.4
19.17083333,17.3
19.175,17.3
19.17916667,17.2
19.18333333,17.2
19.1875,17.2
19.19166667,17.2
19.19583333,17.2
19.2,17.3
19.20416667,17.3
19.20833333,17.4
19.2125,17.5
19.21666667,17.5
19.22083333,17.6
19.225,17.6
19.22916667,17.6
19.23333333,17.5
19.2375,17.5
19.24166667,17.6
19.24583333,17.6
19.25,17.6
19.25416667,17.6
19.25833333,17.6
19.2625,17.6
19.26666667,17.6
19.27083333,17.6
19.275,17.6
19.27916667,17.6
19.28333333,17.6
19.2875,17.7
19.29166667,17.7
19.29583333,17.7
19.3,17.7
19.30416667,17.7
19.30833333,17.7
19.3125,17.7
19.31666667,17.7
19.32083333,17.7
19.325,17.7
19.32916667,17.7
19.33333333,17.7
19.3375,17.7
19.34166667,17.7
19.34583333,17.7
19.35,17.7
19.35416667,17.8
19.35833333,17.8
19.3625,17.8
19.36666667,17.8
19.37083333,17.8
19.375,17.8
19.37916667,17.8
19.38333333,17.8
19.3875,17.8
19.39166667,17.8
19.39583333,17.8
19.4,17.8
19.40416667,17.8
19.40833333,17.7
19.4125,17.7
19.41666667,17.7
19.42083333,17.7
19.425,17.7
19.42916667,17.7
19.43333333,17.7
19.4375,17.7
19.44166667,17.7
19.44583333,17.7
19.45,17.7
19.45416667,17.7
19.45833333,17.7
19.4625,17.7
19.46666667,17.7
19.47083333,17.7
19.475,17.7
19.47916667,17.7
19.48333333,17.7
19.4875,17.7
19.49166667,17.7
19.49583333,17.7
19.5,17.7
19.50416667,17.7
19.50833333,17.7
19.5125,17.7
19.51666667,17.8
19.52083333,17.8
19.525,17.8
19.52916667,17.8
19.53333333,17.8
19.5375,17.8
19.54166667,17.9
19.54583333,17.9
19.55,17.9
19.55416667,17.9
19.55833333,17.9
19.5625,17.9
19.56666667,17.9
19.57083333,17.9
19.575,17.9
19.57916667,17.9
19.58333333,17.9
19.5875,17.9
19.59166667,17.9
19.59583333,17.8
19.6,17.6
19.60416667,17.6
19.60833333,17.5
19.6125,17.5
19.61666667,17.5
19.62083333,17.5
19.625,17.5
19.62916667,17.4
19.63333333,17.4
19.6375,17.4
19.64166667,17.4
19.64583333,17.4
19.65,17.5
19.65416667,17.5
19.65833333,17.5
19.6625,17.5
19.66666667,17.5
19.67083333,17.4
19.675,17.4
19.67916667,17.3
19.68333333,17.3
19.6875,17.3
19.69166667,17.3
19.69583333,17.3
19.7,17.2
19.70416667,17.2
19.70833333,17.2
19.7125,17.2
19.71666667,17.2
19.72083333,17.3
19.725,17.3
19.72916667,17.4
19.73333333,17.4
19.7375,17.4
19.74166667,17.5
19.74583333,17.5
19.75,17.5
19.75416667,17.4
19.75833333,17.4
19.7625,17.4
19.76666667,17.4
19.77083333,17.5
19.775,17.6
19.77916667,17.6
19.78333333,17.6
19.7875,17.6
19.79166667,17.6
19.79583333,17.6
19.8,17.6
19.80416667,17.6
19.80833333,17.6
19.8125,17.6
19.81666667,17.6
19.82083333,17.7
19.825,17.7
19.82916667,17.7
19.83333333,17.7
19.8375,17.8
19.84166667,17.8
19.84583333,17.9
19.85,17.9
19.85416667,18
19.85833333,18
19.8625,18
19.86666667,18
19.87083333,18
19.875,18.1
19.87916667,18.1
19.88333333,18.1
19.8875,18.2
19.89166667,18.3
19.89583333,18.3
19.9,18.3
19.90416667,18.4
19.90833333,18.4
19.9125,18.4
19.91666667,18.4
19.92083333,18.4
19.925,18.3
19.92916667,18.2
19.93333333,18.1
19.9375,18.2
19.94166667,18.2
19.94583333,18.2
19.95,18.1
19.95416667,18.1
19.95833333,18.1
19.9625,18.1
19.96666667,18.1
19.97083333,18.1
19.975,18.1
19.97916667,18.1
19.98333333,18.1
19.9875,18.1
19.99166667,18.1
19.99583333,18.1
20,18.2
20.00416667,18.2
20.00833333,18.3
20.0125,18.3
20.01666667,18.3
20.02083333,18.4
20.025,18.4
20.02916667,18.4
20.03333333,18.4
20.0375,18.4
20.04166667,18.4
20.04583333,18.4
20.05,18.4
20.05416667,18.4
20.05833333,18.4
20.0625,18.3
20.06666667,18.3
20.07083333,18.3
20.075,18.3
20.07916667,18.3
20.08333333,18.3
20.0875,18.3
20.09166667,18.3
20.09583333,18.3
20.1,18.3
20.10416667,18.2
20.10833333,18
20.1125,17.9
20.11666667,17.8
20.12083333,17.7
20.125,17.7
20.12916667,17.7
20.13333333,17.6
20.1375,17.7
20.14166667,17.7
20.14583333,17.7
20.15,17.7
20.15416667,17.7
20.15833333,17.7
20.1625,17.7
20.16666667,17.6
20.17083333,17.6
20.175,17.5
20.17916667,17.5
20.18333333,17.5
20.1875,17.4
20.19166667,17.4
20.19583333,17.4
20.2,17.4
20.20416667,17.4
20.20833333,17.4
20.2125,17.3
20.21666667,17.3
20.22083333,17.3
20.225,17.3
20.22916667,17.3
20.23333333,17.4
20.2375,17.5
20.24166667,17.5
20.24583333,17.5
20.25,17.5
20.25416667,17.6
20.25833333,17.6
20.2625,17.6
20.26666667,17.6
20.27083333,17.6
20.275,17.6
20.27916667,17.6
20.28333333,17.6
20.2875,17.6
20.29166667,17.6
20.29583333,17.6
20.3,17.6
20.30416667,17.6
20.30833333,17.7
20.3125,17.7
20.31666667,17.7
20.32083333,17.7
20.325,17.7
20.32916667,17.7
20.33333333,17.7
20.3375,17.7
20.34166667,17.8
20.34583333,17.8
20.35,17.8
20.35416667,17.8
20.35833333,17.8
20.3625,17.8
20.36666667,17.8
20.37083333,17.8
20.375,17.8
20.37916667,17.9
20.38333333,17.9
20.3875,17.9
20.39166667,17.9
20.39583333,17.9
20.4,17.9
20.40416667,17.9
20.40833333,17.9
20.4125,17.9
20.41666667,17.9
20.42083333,17.9
20.425,17.9
20.42916667,17.9
20.43333333,17.9
20.4375,17.9
20.44166667,17.8
20.44583333,17.9
20.45,17.9
20.45416667,17.8
20.45833333,17.8
20.4625,17.8
20.46666667,17.8
20.47083333,17.8
20.475,17.8
20.47916667,17.8
20.48333333,17.8
20.4875,17.8
20.49166667,17.8
20.49583333,17.8
20.5,17.8
20.50416667,17.7
20.50833333,17.7
20.5125,17.7
20.51666667,17.7
20.52083333,17.7
20.525,17.8
20.52916667,17.8
20.53333333,17.8
20.5375,17.8
20.54166667,17.8
20.54583333,17.8
20.55,17.8
20.55416667,17.8
20.55833333,17.8
20.5625,17.8
20.56666667,17.9
20.57083333,17.9
20.575,17.9
20.57916667,17.9
20.58333333,18
20.5875,18
20.59166667,18
20.59583333,18
20.6,18
20.60416667,18
20.60833333,17.9
20.6125,17.9
20.61666667,17.9
20.62083333,17.9
20.625,17.8
20.62916667,17.8
20.63333333,17.8
20.6375,17.8
20.64166667,17.7
20.64583333,17.7
20.65,17.7
20.65416667,17.6
20.65833333,17.6
20.6625,17.6
20.66666667,17.6
20.67083333,17.7
20.675,17.7
20.67916667,17.7
20.68333333,17.7
20.6875,17.7
20.69166667,17.6
20.69583333,17.6
20.7,17.5
20.70416667,17.4
20.70833333,17.4
20.7125,17.3
20.71666667,17.3
20.72083333,17.3
20.725,17.4
20.72916667,17.4
20.73333333,17.4
20.7375,17.5
20.74166667,17.6
20.74583333,17.7
20.75,17.7
20.75416667,17.8
20.75833333,17.8
20.7625,17.8
20.76666667,17.8
20.77083333,17.8
20.775,17.8
20.77916667,17.8
20.78333333,17.8
20.7875,17.9
20.79166667,17.9
20.79583333,17.9
20.8,17.9
20.80416667,17.8
20.80833333,17.8
20.8125,17.8
20.81666667,17.8
20.82083333,17.8
20.825,17.8
20.82916667,17.8
20.83333333,17.9
20.8375,17.9
20.84166667,17.9
20.84583333,17.9
20.85,17.9
20.85416667,17.9
20.85833333,18
20.8625,18
20.86666667,18
20.87083333,18
20.875,18.1
20.87916667,18.1
20.88333333,18.1
20.8875,18.1
20.89166667,18.1
20.89583333,18.1
20.9,18.2
20.90416667,18.2
20.90833333,18.2
20.9125,18.2
20.91666667,18.2
20.92083333,18.2
20.925,18.2
20.92916667,18.2
20.93333333,18.2
20.9375,18.1
20.94166667,18.1
20.94583333,18.1
20.95,18.1
20.95416667,18.1
20.95833333,18.1
20.9625,18.1
20.96666667,18.1
20.97083333,18.1
20.975,18.1
20.97916667,18.1
20.98333333,18
20.9875,18.1
20.99166667,18.1
20.99583333,18.1
21,18.1
21.00416667,18.1
21.00833333,18.1
21.0125,18.2
21.01666667,18.2
21.02083333,18.2
21.025,18.2
21.02916667,18.2
21.03333333,18.2
21.0375,18.2
21.04166667,18.2
21.04583333,18.2
21.05,18.1
21.05416667,18.1
21.05833333,18.1
21.0625,18.2
21.06666667,18.2
21.07083333,18.3
21.075,18.3
21.07916667,18.4
21.08333333,18.4
21.0875,18.4
21.09166667,18.4
21.09583333,18.4
21.1,18.4
21.10416667,18.4
21.10833333,18.3
21.1125,18.3
21.11666667,18.3
21.12083333,18.3
21.125,18.1
21.12916667,18
21.13333333,17.9
21.1375,17.9
21.14166667,17.8
21.14583333,17.9
21.15,17.8
21.15416667,17.8
21.15833333,17.8
21.1625,17.8
21.16666667,17.7
21.17083333,17.7
21.175,17.6
21.17916667,17.6
21.18333333,17.6
21.1875,17.6
21.19166667,17.5
21.19583333,17.5
21.2,17.4
21.20416667,17.3
21.20833333,17.3
21.2125,17.2
21.21666667,17.2
21.22083333,17.2
21.225,17.2
21.22916667,17.2
21.23333333,17.3
21.2375,17.4
21.24166667,17.5
21.24583333,17.5
21.25,17.6
21.25416667,17.6
21.25833333,17.6
21.2625,17.6
21.26666667,17.6
21.27083333,17.6
21.275,17.5
21.27916667,17.5
21.28333333,17.5
21.2875,17.6
21.29166667,17.6
21.29583333,17.6
21.3,17.7
21.30416667,17.7
21.30833333,17.7
21.3125,17.7
21.31666667,17.7
21.32083333,17.7
21.325,17.8
21.32916667,17.8
21.33333333,17.8
21.3375,17.8
21.34166667,17.8
21.34583333,17.8
21.35,17.8
21.35416667,17.8
21.35833333,17.8
21.3625,17.9
21.36666667,17.9
21.37083333,17.9
21.375,17.9
21.37916667,17.9
21.38333333,17.9
21.3875,18
21.39166667,18
21.39583333,17.9
21.4,17.9
21.40416667,17.9
21.40833333,17.9
21.4125,17.8
21.41666667,17.8
21.42083333,17.8
21.425,17.8
21.42916667,17.8
21.43333333,17.8
21.4375,17.8
21.44166667,17.8
21.44583333,17.8
21.45,17.8
21.45416667,17.8
21.45833333,17.8
21.4625,17.8
21.46666667,17.8
21.47083333,17.8
21.475,17.8
21.47916667,17.8
21.48333333,17.8
21.4875,17.8
21.49166667,17.8
21.49583333,17.8
21.5,17.8
21.50416667,17.8
21.50833333,17.9
21.5125,17.9
21.51666667,17.9
21.52083333,17.8
21.525,17.8
21.52916667,17.9
21.53333333,17.9
21.5375,17.9
21.54166667,17.9
21.54583333,17.9
21.55,17.9
21.55416667,17.9
21.55833333,18
21.5625,18
21.56666667,18
21.57083333,18
21.575,18.1
21.57916667,18.1
21.58333333,18.2
21.5875,18.2
21.59166667,18.2
21.59583333,18.2
21.6,18.2
21.60416667,18.2
21.60833333,18.2
21.6125,18.2
21.61666667,18.2
21.62083333,18.2
21.625,18.2
21.62916667,18.2
21.63333333,18.2
21.6375,18.2
21.64166667,18.2
21.64583333,18.2
21.65,18.2
21.65416667,18.2
21.65833333,18.2
21.6625,18.2
21.66666667,18.2
21.67083333,18.2
21.675,18.1
21.67916667,18.1
21.68333333,18
21.6875,17.9
21.69166667,17.9
21.69583333,17.9
21.7,17.8
21.70416667,17.8
21.70833333,17.8
21.7125,17.7
21.71666667,17.6
21.72083333,17.6
21.725,17.6
21.72916667,17.5
21.73333333,17.5
21.7375,17.5
21.74166667,17.5
21.74583333,17.5
21.75,17.5
21.75416667,17.5
21.75833333,17.5
21.7625,17.5
21.76666667,17.5
21.77083333,17.5
21.775,17.5
21.77916667,17.6
21.78333333,17.6
21.7875,17.7
21.79166667,17.8
21.79583333,17.8
21.8,17.8
21.80416667,17.8
21.80833333,17.8
21.8125,17.8
21.81666667,17.8
21.82083333,17.8
21.825,17.8
21.82916667,17.8
21.83333333,17.8
21.8375,17.8
21.84166667,17.9
21.84583333,17.9
21.85,18
21.85416667,18
21.85833333,18.1
21.8625,18.1
21.86666667,18.1
21.87083333,18.1
21.875,18
21.87916667,18
21.88333333,18.1
21.8875,18.2
21.89166667,18.2
21.89583333,18.3
21.9,18.3
21.90416667,18.3
21.90833333,18.3
21.9125,18.3
21.91666667,18.3
21.92083333,18.3
21.925,18.3
21.92916667,18.3
21.93333333,18.3
21.9375,18.3
21.94166667,18.2
21.94583333,18.2
21.95,18.1
21.95416667,18.1
21.95833333,18.1
21.9625,18.1
21.96666667,18.1
21.97083333,18.2
21.975,18.2
21.97916667,18.2
21.98333333,18.3
21.9875,18.3
21.99166667,18.2
21.99583333,18.2
22,18.2
22.00416667,18.2
22.00833333,18.2
22.0125,18.2
22.01666667,18.3
22.02083333,18.3
22.025,18.3
22.02916667,18.3
22.03333333,18.3
22.0375,18.3
22.04166667,18.3
22.04583333,18.3
22.05,18.4
22.05416667,18.4
22.05833333,18.4
22.0625,18.4
22.06666667,18.4
22.07083333,18.4
22.075,18.4
22.07916667,18.4
22.08333333,18.4
22.0875,18.4
22.09166667,18.4
22.09583333,18.4
22.1,18.3
22.10416667,18.1
22.10833333,18
22.1125,18
22.11666667,17.9
22.12083333,17.9
22.125,17.8
22.12916667,17.8
22.13333333,17.8
22.1375,17.9
22.14166667,17.9
22.14583333,17.9
22.15,18
22.15416667,18
22.15833333,18
22.1625,17.9
22.16666667,17.8
22.17083333,17.8
22.175,17.7
22.17916667,17.7
22.18333333,17.7
22.1875,17.7
22.19166667,17.7
22.19583333,17.7
22.2,17.7
22.20416667,17.6
22.20833333,17.6
22.2125,17.5
22.21666667,17.4
22.22083333,17.4
22.225,17.4
22.22916667,17.4
22.23333333,17.3
22.2375,17.3
22.24166667,17.3
22.24583333,17.3
22.25,17.3
22.25416667,17.4
22.25833333,17.4
22.2625,17.5
22.26666667,17.5
22.27083333,17.6
22.275,17.6
22.27916667,17.6
22.28333333,17.6
22.2875,17.6
22.29166667,17.6
22.29583333,17.6
22.3,17.7
22.30416667,17.7
22.30833333,17.7
22.3125,17.7
22.31666667,17.7
22.32083333,17.7
22.325,17.7
22.32916667,17.7
22.33333333,17.7
22.3375,17.7
22.34166667,17.7
22.34583333,17.8
22.35,17.8
22.35416667,17.8
22.35833333,17.8
22.3625,17.8
22.36666667,17.8
22.37083333,17.8
22.375,17.8
22.37916667,17.8
22.38333333,17.8
22.3875,17.8
22.39166667,17.8
22.39583333,17.8
22.4,17.8
22.40416667,17.8
22.40833333,17.8
22.4125,17.8
22.41666667,17.8
22.42083333,17.8
22.425,17.8
22.42916667,17.8
22.43333333,17.8
22.4375,17.8
22.44166667,17.8
22.44583333,17.8
22.45,17.8
22.45416667,17.8
22.45833333,17.8
22.4625,17.8
22.46666667,17.8
22.47083333,17.8
22.475,17.8
22.47916667,17.8
22.48333333,17.8
22.4875,17.8
22.49166667,17.8
22.49583333,17.8
22.5,17.8
22.50416667,17.8
22.50833333,17.8
22.5125,17.8
22.51666667,17.8
22.52083333,17.8
22.525,17.8
22.52916667,17.8
22.53333333,17.8
22.5375,17.8
22.54166667,17.8
22.54583333,17.8
22.55,17.8
22.55416667,17.8
22.55833333,17.8
22.5625,17.9
22.56666667,17.9
22.57083333,17.9
22.575,17.9
22.57916667,17.9
22.58333333,17.9
22.5875,18
22.59166667,18
22.59583333,18
22.6,18
22.60416667,18.1
22.60833333,18.1
22.6125,18.1
22.61666667,18.1
22.62083333,18.1
22.625,18.1
22.62916667,18.1
22.63333333,18.1
22.6375,18.1
22.64166667,18.1
22.64583333,18.2
22.65,18.2
22.65416667,18.2
22.65833333,18.2
22.6625,18.2
22.66666667,18.2
22.67083333,18.2
22.675,18.2
22.67916667,18.2
22.68333333,18.2
22.6875,18.2
22.69166667,18.2
22.69583333,18.2
22.7,18.2
22.70416667,18.2
22.70833333,18.2
22.7125,18.2
22.71666667,18.2
22.72083333,18.2
22.725,18.2
22.72916667,18.2
22.73333333,18.2
22.7375,18.1
22.74166667,18.1
22.74583333,18.1
22.75,18.1
22.75416667,18.1
22.75833333,18.1
22.7625,18.1
22.76666667,18
22.77083333,18
22.775,18
22.77916667,17.9
22.78333333,17.9
22.7875,17.9
22.79166667,17.9
22.79583333,17.9
22.8,17.9
22.80416667,18
22.80833333,18
22.8125,18
22.81666667,18
22.82083333,18
22.825,18.1
22.82916667,18.1
22.83333333,18
22.8375,18.1
22.84166667,18.1
22.84583333,18.2
22.85,18.2
22.85416667,18.2
22.85833333,18.3
22.8625,18.3
22.86666667,18.4
22.87083333,18.4
22.875,18.4
22.87916667,18.4
22.88333333,18.5
22.8875,18.5
22.89166667,18.5
22.89583333,18.5
22.9,18.5
22.90416667,18.5
22.90833333,18.5
22.9125,18.5
22.91666667,18.5
22.92083333,18.5
22.925,18.5
22.92916667,18.6
22.93333333,18.6
22.9375,18.6
22.94166667,18.6
22.94583333,18.6
22.95,18.7
22.95416667,18.7
22.95833333,18.7
22.9625,18.7
22.96666667,18.6
22.97083333,18.5
22.975,18.4
22.97916667,18.5
22.98333333,18.6
22.9875,18.6
22.99166667,18.6
22.99583333,18.6
23,18.7
23.00416667,18.7
23.00833333,18.7
23.0125,18.7
23.01666667,18.8
23.02083333,18.8
23.025,18.8
23.02916667,18.8
23.03333333,18.8
23.0375,18.8
23.04166667,18.8
23.04583333,18.8
23.05,18.8
23.05416667,18.8
23.05833333,18.8
23.0625,18.8
23.06666667,18.8
23.07083333,18.8
23.075,18.8
23.07916667,18.7
23.08333333,18.7
23.0875,18.7
23.09166667,18.7
23.09583333,18.7
23.1,18.6
23.10416667,18.6
23.10833333,18.4
23.1125,18.4
23.11666667,18.3
23.12083333,18.3
23.125,18.3
23.12916667,18.3
23.13333333,18.3
23.1375,18.2
23.14166667,18.2
23.14583333,18.2
23.15,18.1
23.15416667,18.1
23.15833333,18.1
23.1625,18
23.16666667,18
23.17083333,18
23.175,18
23.17916667,18
23.18333333,18
23.1875,18
23.19166667,17.9
23.19583333,17.9
23.2,17.9
23.20416667,17.8
23.20833333,17.8
23.2125,17.8
23.21666667,17.7
23.22083333,17.7
23.225,17.7
23.22916667,17.6
23.23333333,17.6
23.2375,17.5
23.24166667,17.5
23.24583333,17.5
23.25,17.5
23.25416667,17.5
23.25833333,17.4
23.2625,17.4
23.26666667,17.4
23.27083333,17.4
23.275,17.4
23.27916667,17.4
23.28333333,17.4
23.2875,17.5
23.29166667,17.6
23.29583333,17.6
23.3,17.6
23.30416667,17.6
23.30833333,17.7
23.3125,17.7
23.31666667,17.7
23.32083333,17.7
23.325,17.7
23.32916667,17.7
23.33333333,17.7
23.3375,17.8
23.34166667,17.8
23.34583333,17.8
23.35,17.8
23.35416667,17.8
23.35833333,17.8
23.3625,17.8
23.36666667,17.8
23.37083333,17.9
23.375,17.9
23.37916667,17.9
23.38333333,17.8
23.3875,17.8
23.39166667,17.8
23.39583333,17.8
23.4,17.8
23.40416667,17.9
23.40833333,17.9
23.4125,17.9
23.41666667,17.9
23.42083333,17.9
23.425,18
23.42916667,18
23.43333333,18
23.4375,18
23.44166667,18
23.44583333,18
23.45,17.9
23.45416667,17.9
23.45833333,17.9
23.4625,17.8
23.46666667,17.8
23.47083333,17.8
23.475,17.8
23.47916667,17.8
23.48333333,17.8
23.4875,17.8
23.49166667,17.8
23.49583333,17.9
23.5,17.9
23.50416667,17.9
23.50833333,17.9
23.5125,17.9
23.51666667,17.9
23.52083333,17.9
23.525,17.9
23.52916667,17.9
23.53333333,17.9
23.5375,17.9
23.54166667,17.9
23.54583333,17.9
23.55,17.9
23.55416667,17.9
23.55833333,17.9
23.5625,18
23.56666667,18
23.57083333,18
23.575,18
23.57916667,18.1
23.58333333,18.1
23.5875,18
23.59166667,18.1
23.59583333,18
23.6,18
23.60416667,18
23.60833333,18
23.6125,18.1
23.61666667,18.1
23.62083333,18.1
23.625,18.1
23.62916667,18.2
23.63333333,18.2
23.6375,18.2
23.64166667,18.2
23.64583333,18.3
23.65,18.3
23.65416667,18.3
23.65833333,18.3
23.6625,18.3
23.66666667,18.3
23.67083333,18.3
23.675,18.4
23.67916667,18.4
23.68333333,18.4
23.6875,18.4
23.69166667,18.4
23.69583333,18.4
23.7,18.4
23.70416667,18.4
23.70833333,18.4
23.7125,18.5
23.71666667,18.5
23.72083333,18.4
23.725,18.4
23.72916667,18.4
23.73333333,18.4
23.7375,18.4
23.74166667,18.4
23.74583333,18.4
23.75,18.4
23.75416667,18.4
23.75833333,18.4
23.7625,18.4
23.76666667,18.4
23.77083333,18.3
23.775,18.3
23.77916667,18.3
23.78333333,18.3
23.7875,18.3
23.79166667,18.2
23.79583333,18.2
23.8,18.1
23.80416667,18.1
23.80833333,18.1
23.8125,18.1
23.81666667,18.1
23.82083333,18.1
23.825,18.2
23.82916667,18.1
23.83333333,18.1
23.8375,18.1
23.84166667,18.1
23.84583333,18.2
23.85,18.4
23.85416667,18.5
23.85833333,18.5
23.8625,18.6
23.86666667,18.6
23.87083333,18.7
23.875,18.7
23.87916667,18.7
23.88333333,18.8
23.8875,18.8
23.89166667,18.8
23.89583333,18.8
23.9,18.8
23.90416667,18.8
23.90833333,18.8
23.9125,18.8
23.91666667,18.8
23.92083333,18.8
23.925,18.8
23.92916667,18.8
23.93333333,18.8
23.9375,18.8
23.94166667,18.8
23.94583333,18.9
23.95,18.9
23.95416667,18.9
23.95833333,18.9
23.9625,18.9
23.96666667,19
23.97083333,19
23.975,19
23.97916667,19
23.98333333,19
23.9875,19
23.99166667,19
23.99583333,19
24,19
24.00416667,19
24.00833333,19.1
24.0125,19
24.01666667,18.9
24.02083333,18.9
24.025,18.8
24.02916667,18.8
24.03333333,18.8
24.0375,18.8
24.04166667,18.8
24.04583333,18.8
24.05,18.8
24.05416667,18.8
24.05833333,18.7
24.0625,18.7
24.06666667,18.7
24.07083333,18.7
24.075,18.8
24.07916667,18.8
24.08333333,18.9
24.0875,18.9
24.09166667,18.9
24.09583333,18.9
24.1,18.9
24.10416667,18.9
24.10833333,18.8
24.1125,18.8
24.11666667,18.7
24.12083333,18.6
24.125,18.4
24.12916667,18.3
24.13333333,18.2
24.1375,18.1
24.14166667,18
24.14583333,18
24.15,18
24.15416667,17.9
24.15833333,18
24.1625,18
24.16666667,18
24.17083333,18
24.175,18
24.17916667,18
24.18333333,17.9
24.1875,17.9
24.19166667,17.9
24.19583333,18
24.2,17.9
24.20416667,17.9
24.20833333,17.9
24.2125,18
24.21666667,18
24.22083333,17.9
24.225,17.9
24.22916667,17.9
24.23333333,17.9
24.2375,17.9
24.24166667,17.9
24.24583333,17.9
24.25,17.9
24.25416667,17.8
24.25833333,17.8
24.2625,17.7
24.26666667,17.7
24.27083333,17.7
24.275,17.7
24.27916667,17.8
24.28333333,17.8
24.2875,17.8
24.29166667,17.8
24.29583333,17.8
24.3,17.8
24.30416667,17.8
24.30833333,17.8
24.3125,17.8
24.31666667,17.9
24.32083333,17.9
24.325,17.9
24.32916667,17.9
24.33333333,17.9
24.3375,17.9
24.34166667,17.9
24.34583333,17.9
24.35,17.9
24.35416667,17.9
24.35833333,17.9
24.3625,17.9
24.36666667,17.9
24.37083333,17.9
24.375,17.9
24.37916667,17.9
24.38333333,17.9
24.3875,18
24.39166667,18
24.39583333,18
24.4,18
24.40416667,18
24.40833333,18
24.4125,18
24.41666667,18.1
24.42083333,18.1
24.425,18.1
24.42916667,18.1
24.43333333,18.2
24.4375,18.2
24.44166667,18.2
24.44583333,18.2
24.45,18.3
24.45416667,18.3
24.45833333,18.3
24.4625,18.3
24.46666667,18.3
24.47083333,18.3
24.475,18.3
24.47916667,18.3
24.48333333,18.3
24.4875,18.2
24.49166667,18.2
24.49583333,18.2
24.5,18.2
24.50416667,18.1
24.50833333,18.1
24.5125,18.1
24.51666667,18.1
24.52083333,18.1
24.525,18.2
24.52916667,18.2
24.53333333,18.2
24.5375,18.2
24.54166667,18.2
24.54583333,18.2
24.55,18.2
24.55416667,18.2
24.55833333,18.2
24.5625,18.1
24.56666667,18.1
24.57083333,18.1
24.575,18.1
24.57916667,18.1
24.58333333,18.1
24.5875,18.1
24.59166667,18.1
24.59583333,18.2
24.6,18.2
24.60416667,18.2
24.60833333,18.2
24.6125,18.2
24.61666667,18.2
24.62083333,18.2
24.625,18.3
24.62916667,18.3
24.63333333,18.3
24.6375,18.3
24.64166667,18.3
24.64583333,18.3
24.65,18.4
24.65416667,18.4
24.65833333,18.4
24.6625,18.5
24.66666667,18.5
24.67083333,18.5
24.675,18.5
24.67916667,18.6
24.68333333,18.6
24.6875,18.6
24.69166667,18.6
24.69583333,18.7
24.7,18.7
24.70416667,18.7
24.70833333,18.7
24.7125,18.7
24.71666667,18.7
24.72083333,18.8
24.725,18.8
24.72916667,18.8
24.73333333,18.8
24.7375,18.8
24.74166667,18.8
24.74583333,18.8
24.75,18.8
24.75416667,18.8
24.75833333,18.8
24.7625,18.8
24.76666667,18.8
24.77083333,18.8
24.775,18.8
24.77916667,18.8
24.78333333,18.8
24.7875,18.8
24.79166667,18.8
24.79583333,18.8
24.8,18.7
24.80416667,18.6
24.80833333,18.5
24.8125,18.5
24.81666667,18.5
24.82083333,18.6
24.825,18.6
24.82916667,18.6
24.83333333,18.6
24.8375,18.5
24.84166667,18.4
24.84583333,18.4
24.85,18.6
24.85416667,18.7
24.85833333,18.7
24.8625,18.7
24.86666667,18.7
24.87083333,18.8
24.875,18.8
24.87916667,18.9
24.88333333,18.9
24.8875,18.9
24.89166667,19
24.89583333,19
24.9,19
24.90416667,19
24.90833333,19
24.9125,19
24.91666667,19.1
24.92083333,19.1
24.925,18.9
24.92916667,19
24.93333333,18.8
24.9375,18.8
24.94166667,18.8
24.94583333,19
24.95,19.1
24.95416667,19.1
24.95833333,19.1
24.9625,19.2
24.96666667,19.2
24.97083333,19.2
24.975,19.2
24.97916667,19.2
24.98333333,19.3
24.9875,19.3
24.99166667,19.3
24.99583333,19.3
25,19.3
25.00416667,19.3
25.00833333,19.3
25.0125,19.3
25.01666667,19.3
25.02083333,19.3
25.025,19.3
25.02916667,19.3
25.03333333,19.2
25.0375,19.1
25.04166667,19.1
25.04583333,19.1
25.05,19.1
25.05416667,19.1
25.05833333,19.1
25.0625,19.1
25.06666667,19.2
25.07083333,19.2
25.075,19.2
25.07916667,19.2
25.08333333,19.2
25.0875,19.2
25.09166667,19.2
25.09583333,19.1
25.1,19.1
25.10416667,19.1
25.10833333,19.1
25.1125,18.9
25.11666667,18.7
25.12083333,18.6
25.125,18.5
25.12916667,18.5
25.13333333,18.4
25.1375,18.4
25.14166667,18.4
25.14583333,18.3
25.15,18.3
25.15416667,18.3
25.15833333,18.2
25.1625,18.2
25.16666667,18.2
25.17083333,18.2
25.175,18.1
25.17916667,18.1
25.18333333,18.1
25.1875,18.1
25.19166667,18.1
25.19583333,18.1
25.2,18
25.20416667,18
25.20833333,17.9
25.2125,17.8
25.21666667,17.7
25.22083333,17.7
25.225,17.6
25.22916667,17.5
25.23333333,17.4
25.2375,17.4
25.24166667,17.4
25.24583333,17.5
25.25,17.5
25.25416667,17.6
25.25833333,17.6
25.2625,17.6
25.26666667,17.6
25.27083333,17.6
25.275,17.7
25.27916667,17.7
25.28333333,17.7
25.2875,17.7
25.29166667,17.8
25.29583333,17.8
25.3,17.8
25.30416667,17.7
25.30833333,17.7
25.3125,17.7
25.31666667,17.7
25.32083333,17.7
25.325,17.8
25.32916667,17.8
25.33333333,17.9
25.3375,17.9
25.34166667,17.9
25.34583333,17.9
25.35,17.9
25.35416667,17.9
25.35833333,17.9
25.3625,17.9
25.36666667,17.9
25.37083333,17.8
25.375,17.8
25.37916667,17.8
25.38333333,17.8
25.3875,17.8
25.39166667,17.8
25.39583333,17.8
25.4,17.9
25.40416667,17.9
25.40833333,17.9
25.4125,18
25.41666667,18
25.42083333,18.1
25.425,18.1
25.42916667,18.1
25.43333333,18.1
25.4375,18.2
25.44166667,18.2
25.44583333,18.2
25.45,18.2
25.45416667,18.2
25.45833333,18.2
25.4625,18.2
25.46666667,18.2
25.47083333,18.2
25.475,18.2
25.47916667,18.3
25.48333333,18.3
25.4875,18.3
25.49166667,18.3
25.49583333,18.3
25.5,18.3
25.50416667,18.3
25.50833333,18.3
25.5125,18.3
25.51666667,18.3
25.52083333,18.3
25.525,18.3
25.52916667,18.3
25.53333333,18.3
25.5375,18.3
25.54166667,18.3
25.54583333,18.4
25.55,18.4
25.55416667,18.4
25.55833333,18.4
25.5625,18.4
25.56666667,18.4
25.57083333,18.4
25.575,18.4
25.57916667,18.4
25.58333333,18.4
25.5875,18.4
25.59166667,18.4
25.59583333,18.4
25.6,18.4
25.60416667,18.4
25.60833333,18.4
25.6125,18.4
25.61666667,18.4
25.62083333,18.4
25.625,18.4
25.62916667,18.3
25.63333333,18.3
25.6375,18.3
25.64166667,18.4
25.64583333,18.3
25.65,18.3
25.65416667,18.3
25.65833333,18.3
25.6625,18.3
25.66666667,18.4
25.67083333,18.4
25.675,18.4
25.67916667,18.4
25.68333333,18.4
25.6875,18.5
25.69166667,18.5
25.69583333,18.6
25.7,18.7
25.70416667,18.7
25.70833333,18.8
25.7125,18.8
25.71666667,18.8
25.72083333,18.8
25.725,18.8
25.72916667,18.9
25.73333333,18.9
25.7375,18.9
25.74166667,18.9
25.74583333,19
25.75,19
25.75416667,19
25.75833333,19
25.7625,18.9
25.76666667,18.9
25.77083333,18.9
25.775,18.9
25.77916667,18.9
25.78333333,18.9
25.7875,18.9
25.79166667,18.9
25.79583333,18.9
25.8,18.9
25.80416667,18.9
25.80833333,18.9
25.8125,18.9
25.81666667,19
25.82083333,19
25.825,19
25.82916667,19
25.83333333,19
25.8375,19.1
25.84166667,19.1
25.84583333,19.1
25.85,19
25.85416667,19
25.85833333,19
25.8625,19
25.86666667,19
25.87083333,19
25.875,19.1
25.87916667,19.1
25.88333333,19.1
25.8875,19.1
25.89166667,19
25.89583333,19
25.9,19.1
25.90416667,19.1
25.90833333,19.1
25.9125,19.2
25.91666667,19.2
25.92083333,19.2
25.925,19.2
25.92916667,19.2
25.93333333,19.2
25.9375,19.3
25.94166667,19.3
25.94583333,19.3
25.95,19.3
25.95416667,19.3
25.95833333,19.3
25.9625,19.3
25.96666667,19.3
25.97083333,19.3
25.975,19.3
25.97916667,19.2
25.98333333,19.2
25.9875,19.2
25.99166667,19.1
25.99583333,19.1
26,19.2
26.00416667,19.2
26.00833333,19.2
26.0125,19.2
26.01666667,19.2
26.02083333,19.2
26.025,19.2
26.02916667,19.2
26.03333333,19.3
26.0375,19.3
26.04166667,19.3
26.04583333,19.3
26.05,19.3
26.05416667,19.3
26.05833333,19.3
26.0625,19.3
26.06666667,19.3
26.07083333,19.3
26.075,19.2
26.07916667,19.1
26.08333333,19.1
26.0875,19.2
26.09166667,19.2
26.09583333,19.2
26.1,19.2
26.10416667,19.2
26.10833333,19.2
26.1125,19.2
26.11666667,19.2
26.12083333,19.2
26.125,19.2
26.12916667,19.2
26.13333333,19.2
26.1375,19.1
26.14166667,19.1
26.14583333,19.1
26.15,19.1
26.15416667,19.1
26.15833333,19.1
26.1625,19.2
26.16666667,19.2
26.17083333,19.2
26.175,19.1
26.17916667,19.1
26.18333333,19.1
26.1875,19.1
26.19166667,19.1
26.19583333,19.1
26.2,19.1
26.20416667,19.1
26.20833333,19.1
26.2125,19.1
26.21666667,19.1
26.22083333,19
26.225,18.8
26.22916667,18.7
26.23333333,18.5
26.2375,18.4
26.24166667,18.5
26.24583333,18.6
26.25,18.7
26.25416667,18.8
26.25833333,18.9
26.2625,18.9
26.26666667,18.8
26.27083333,18.8
26.275,18.7
26.27916667,18.7
26.28333333,18.7
26.2875,18.7
26.29166667,18.6
26.29583333,18.6
26.3,18.6
26.30416667,18.6
26.30833333,18.5
26.3125,18.4
26.31666667,18.3
26.32083333,18.2
26.325,18.2
26.32916667,18.2
26.33333333,18.2
26.3375,18.2
26.34166667,18.2
26.34583333,18.2
26.35,18.2
26.35416667,18.2
26.35833333,18.2
26.3625,18.2
26.36666667,18.2
26.37083333,18.2
26.375,18.2
26.37916667,18.2
26.38333333,18.2
26.3875,18.3
26.39166667,18.3
26.39583333,18.3
26.4,18.3
26.40416667,18.3
26.40833333,18.3
26.4125,18.3
26.41666667,18.3
26.42083333,18.3
26.425,18.3
26.42916667,18.3
26.43333333,18.3
26.4375,18.3
26.44166667,18.3
26.44583333,18.4
26.45,18.4
26.45416667,18.4
26.45833333,18.4
26.4625,18.4
26.46666667,18.4
26.47083333,18.4
26.475,18.4
26.47916667,18.4
26.48333333,18.4
26.4875,18.4
26.49166667,18.4
26.49583333,18.4
26.5,18.4
26.50416667,18.5
26.50833333,18.5
26.5125,18.5
26.51666667,18.5
26.52083333,18.5
26.525,18.5
26.52916667,18.5
26.53333333,18.5
26.5375,18.5
26.54166667,18.5
26.54583333,18.5
26.55,18.5
26.55416667,18.5
26.55833333,18.5
26.5625,18.5
26.56666667,18.5
26.57083333,18.5
26.575,18.5
26.57916667,18.5
26.58333333,18.5
26.5875,18.5
26.59166667,18.5
26.59583333,18.5
26.6,18.5
26.60416667,18.5
26.60833333,18.5
26.6125,18.5
26.61666667,18.5
26.62083333,18.5
26.625,18.5
26.62916667,18.5
26.63333333,18.5
26.6375,18.5
26.64166667,18.5
26.64583333,18.5
26.65,18.5
26.65416667,18.5
26.65833333,18.5
26.6625,18.5
26.66666667,18.5
26.67083333,18.5
26.675,18.5
26.67916667,18.5
26.68333333,18.5
26.6875,18.4
26.69166667,18.4
26.69583333,18.5
26.7,18.5
26.70416667,18.5
26.70833333,18.5
26.7125,18.5
26.71666667,18.5
26.72083333,18.5
26.725,18.5
26.72916667,18.5
26.73333333,18.6
26.7375,18.7
26.74166667,18.7
26.74583333,18.7
26.75,18.7
26.75416667,18.8
26.75833333,18.8
26.7625,18.8
26.76666667,18.8
26.77083333,18.8
26.775,18.8
26.77916667,18.9
26.78333333,18.9
26.7875,18.9
26.79166667,18.9
26.79583333,18.9
26.8,18.9
26.80416667,18.9
26.80833333,18.9
26.8125,18.9
26.81666667,18.9
26.82083333,18.9
26.825,18.9
26.82916667,18.8
26.83333333,18.8
26.8375,18.8
26.84166667,18.8
26.84583333,18.9
26.85,18.9
26.85416667,18.9
26.85833333,18.9
26.8625,18.9
26.86666667,19
26.87083333,19
26.875,19
26.87916667,19
26.88333333,19.1
26.8875,19.1
26.89166667,19.1
26.89583333,19.1
26.9,19.1
26.90416667,19.1
26.90833333,19.1
26.9125,19.1
26.91666667,19.1
26.92083333,19.1
26.925,19.1
26.92916667,19
26.93333333,18.9
26.9375,18.9
26.94166667,18.9
26.94583333,18.9
26.95,19
26.95416667,19
26.95833333,19
26.9625,19.1
26.96666667,19.1
26.97083333,19.1
26.975,19
26.97916667,19
26.98333333,19.1
26.9875,19.1
26.99166667,19
26.99583333,19
27,19
27.00416667,19
27.00833333,19
27.0125,19
27.01666667,18.9
27.02083333,18.9
27.025,18.9
27.02916667,18.9
27.03333333,18.9
27.0375,19
27.04166667,18.9
27.04583333,19
27.05,19
27.05416667,19.1
27.05833333,19.1
27.0625,19.1
27.06666667,19.1
27.07083333,19.1
27.075,19.1
27.07916667,19.1
27.08333333,19.1
27.0875,19.1
27.09166667,19.1
27.09583333,19.1
27.1,19.1
27.10416667,19.1
27.10833333,19.1
27.1125,19.1
27.11666667,19.1
27.12083333,19.1
27.125,19.1
27.12916667,19.1
27.13333333,19.1
27.1375,19.1
27.14166667,19.1
27.14583333,19.1
27.15,19.1
27.15416667,19.1
27.15833333,19.1
27.1625,19.1
27.16666667,19
27.17083333,19
27.175,19
27.17916667,19
27.18333333,19
27.1875,19
27.19166667,19
27.19583333,19
27.2,19
27.20416667,18.9
27.20833333,18.8
27.2125,18.7
27.21666667,18.6
27.22083333,18.5
27.225,18.5
27.22916667,18.5
27.23333333,18.4
27.2375,18.4
27.24166667,18.3
27.24583333,18.2
27.25,18.2
27.25416667,18.1
27.25833333,18.1
27.2625,18.1
27.26666667,18
27.27083333,18
27.275,17.9
27.27916667,17.8
27.28333333,17.7
27.2875,17.7
27.29166667,17.6
27.29583333,17.6
27.3,17.6
27.30416667,17.6
27.30833333,17.6
27.3125,17.7
27.31666667,17.7
27.32083333,17.7
27.325,17.7
27.32916667,17.6
27.33333333,17.6
27.3375,17.6
27.34166667,17.5
27.34583333,17.5
27.35,17.5
27.35416667,17.5
27.35833333,17.5
27.3625,17.5
27.36666667,17.5
27.37083333,17.5
27.375,17.7
27.37916667,17.7
27.38333333,17.8
27.3875,17.9
27.39166667,18
27.39583333,18.1
27.4,18.1
27.40416667,18.1
27.40833333,18.2
27.4125,18.1
27.41666667,17.9
27.42083333,17.8
27.425,17.6
27.42916667,17.6
27.43333333,17.6
27.4375,17.6
27.44166667,17.6
27.44583333,17.7
27.45,17.8
27.45416667,17.8
27.45833333,17.8
27.4625,17.7
27.46666667,17.6
27.47083333,17.5
27.475,17.5
27.47916667,17.4
27.48333333,17.4
27.4875,17.4
27.49166667,17.5
27.49583333,17.6
27.5,17.8
27.50416667,17.9
27.50833333,17.9
27.5125,17.8
27.51666667,17.8
27.52083333,17.9
27.525,18
27.52916667,18.1
27.53333333,18.1
27.5375,18.1
27.54166667,18.1
27.54583333,18
27.55,18
27.55416667,18.1
27.55833333,18.2
27.5625,18.3
27.56666667,18.3
27.57083333,18.3
27.575,18.3
27.57916667,18.4
27.58333333,18.4
27.5875,18.4
27.59166667,18.4
27.59583333,18.4
27.6,18.4
27.60416667,18.4
27.60833333,18.4
27.6125,18.5
27.61666667,18.5
27.62083333,18.5
27.625,18.5
27.62916667,18.5
27.63333333,18.5
27.6375,18.5
27.64166667,18.5
27.64583333,18.5
27.65,18.5
27.65416667,18.5
27.65833333,18.5
27.6625,18.5
27.66666667,18.5
27.67083333,18.5
27.675,18.5
27.67916667,18.5
27.68333333,18.5
27.6875,18.5
27.69166667,18.5
27.69583333,18.5
27.7,18.5
27.70416667,18.6
27.70833333,18.6
27.7125,18.6
27.71666667,18.6
27.72083333,18.6
27.725,18.6
27.72916667,18.7
27.73333333,18.7
27.7375,18.7
27.74166667,18.8
27.74583333,18.9
27.75,18.9
27.75416667,18.9
27.75833333,19
27.7625,19
27.76666667,19
27.77083333,18.9
27.775,18.8
27.77916667,18.8
27.78333333,18.9
27.7875,18.8
27.79166667,18.8
27.79583333,18.8
27.8,18.8
27.80416667,18.8
27.80833333,18.8
27.8125,18.8
27.81666667,18.8
27.82083333,18.9
27.825,18.8
27.82916667,18.8
27.83333333,18.8
27.8375,18.8
27.84166667,18.7
27.84583333,18.8
27.85,18.8
27.85416667,18.8
27.85833333,18.8
27.8625,18.8
27.86666667,18.9
27.87083333,18.9
27.875,18.9
27.87916667,19
27.88333333,19
27.8875,19
27.89166667,19.1
27.89583333,19.1
27.9,19.1
27.90416667,19.1
27.90833333,19.1
27.9125,19.1
27.91666667,19.1
27.92083333,19.1
27.925,19.1
27.92916667,19.1
27.93333333,19.2
27.9375,19.2
27.94166667,19.2
27.94583333,19.2
27.95,19.2
27.95416667,19.2
27.95833333,19.3
27.9625,19.3
27.96666667,19.3
27.97083333,19.3
27.975,19.3
27.97916667,19.3
27.98333333,19.2
27.9875,19.2
27.99166667,19.2
27.99583333,19.2
28,19.2
28.00416667,19.2
28.00833333,19.2
28.0125,19.2
28.01666667,19.2
28.02083333,19.1
28.025,18.9
28.02916667,19
28.03333333,19
28.0375,19
28.04166667,18.8
28.04583333,18.7
28.05,18.6
28.05416667,18.6
28.05833333,18.6
28.0625,18.6
28.06666667,18.6
28.07083333,18.7
28.075,18.7
28.07916667,18.7
28.08333333,18.7
28.0875,18.7
28.09166667,18.7
28.09583333,18.7
28.1,18.7
28.10416667,18.7
28.10833333,18.7
28.1125,18.7
28.11666667,18.7
28.12083333,18.7
28.125,18.7
28.12916667,18.8
28.13333333,18.8
28.1375,18.8
28.14166667,18.8
28.14583333,18.8
28.15,18.8
28.15416667,18.8
28.15833333,18.8
28.1625,18.8
28.16666667,18.8
28.17083333,18.8
28.175,18.8
28.17916667,18.8
28.18333333,18.7
28.1875,18.7
28.19166667,18.7
28.19583333,18.7
28.2,18.7
28.20416667,18.7
28.20833333,18.7
28.2125,18.7
28.21666667,18.7
28.22083333,18.7
28.225,18.7
28.22916667,18.7
28.23333333,18.6
28.2375,18.7
28.24166667,18.7
28.24583333,18.7
28.25,18.7
28.25416667,18.7
28.25833333,18.7
28.2625,18.6
28.26666667,18.6
28.27083333,18.6
28.275,18.6
28.27916667,18.7
28.28333333,18.7
28.2875,18.6
28.29166667,18.6
28.29583333,18.6
28.3,18.6
28.30416667,18.5
28.30833333,18.5
28.3125,18.4
28.31666667,18.4
28.32083333,18.3
28.325,18.3
28.32916667,18.3
28.33333333,18.3
28.3375,18.2
28.34166667,18.2
28.34583333,18.2
28.35,18.2
28.35416667,18.1
28.35833333,18.1
28.3625,18
28.36666667,18
28.37083333,18
28.375,17.9
28.37916667,17.8
28.38333333,17.7
28.3875,17.7
28.39166667,17.7
28.39583333,17.6
28.4,17.6
28.40416667,17.5
28.40833333,17.5
28.4125,17.4
28.41666667,17.4
28.42083333,17.5
28.425,17.4
28.42916667,17.4
28.43333333,17.4
28.4375,17.4
28.44166667,17.3
28.44583333,17.3
28.45,17.2
28.45416667,17.2
28.45833333,17.3
28.4625,17.2
28.46666667,17.1
28.47083333,17
28.475,17
28.47916667,17
28.48333333,17.1
28.4875,17.1
28.49166667,17.1
28.49583333,17.2
28.5,17.2
28.50416667,17.1
28.50833333,17.1
28.5125,17.1
28.51666667,17.1
28.52083333,17.1
28.525,17.3
28.52916667,17.2
28.53333333,17.2
28.5375,17.1
28.54166667,17.2
28.54583333,17.1
28.55,17
28.55416667,16.9
28.55833333,16.9
28.5625,17.2
28.56666667,17.3
28.57083333,17.6
28.575,17.5
28.57916667,17.4
28.58333333,17.4
28.5875,17.4
28.59166667,17.4
28.59583333,17.4
28.6,17.4
28.60416667,17.3
28.60833333,17.3
28.6125,17.2
28.61666667,17.3
28.62083333,17.5
28.625,17.6
28.62916667,17.8
28.63333333,17.8
28.6375,17.9
28.64166667,18
28.64583333,18.1
28.65,18.2
28.65416667,18.2
28.65833333,18.2
28.6625,18.3
28.66666667,18.3
28.67083333,18.3
28.675,18.3
28.67916667,18.3
28.68333333,18.2
28.6875,18.2
28.69166667,18.1
28.69583333,18.1
28.7,18.1
28.70416667,18.1
28.70833333,18.1
28.7125,18.2
28.71666667,18.2
28.72083333,18.2
28.725,18.3
28.72916667,18.3
28.73333333,18.3
28.7375,18.2
28.74166667,18.3
28.74583333,18.3
28.75,18.4
28.75416667,18.4
28.75833333,18.4
28.7625,18.4
28.76666667,18.5
28.77083333,18.5
28.775,18.5
28.77916667,18.5
28.78333333,18.4
28.7875,18.3
28.79166667,18.3
28.79583333,18.3
28.8,18.3
28.80416667,18.3
28.80833333,18.3
28.8125,18.3
28.81666667,18.3
28.82083333,18.4
28.825,18.4
28.82916667,18.5
28.83333333,18.5
28.8375,18.5
28.84166667,18.5
28.84583333,18.5
28.85,18.5
28.85416667,18.3
28.85833333,18.2
28.8625,18.1
28.86666667,17.9
28.87083333,17.9
28.875,18
28.87916667,18
28.88333333,18.1
28.8875,18.1
28.89166667,18.1
28.89583333,18.1
28.9,18
28.90416667,17.7
28.90833333,17.6
28.9125,17.5
28.91666667,17.5
28.92083333,17.5
28.925,17.5
28.92916667,17.5
28.93333333,17.5
28.9375,17.5
28.94166667,17.5
28.94583333,17.5
28.95,17.6
28.95416667,17.6
28.95833333,17.6
28.9625,17.7
28.96666667,17.7
28.97083333,17.8
28.975,17.8
28.97916667,17.8
28.98333333,17.8
28.9875,18
28.99166667,18.1
28.99583333,18.3
29,18.4
29.00416667,18.5
29.00833333,18.5
29.0125,18.5
29.01666667,18.5
29.02083333,18.5
29.025,18.4
29.02916667,18.4
29.03333333,18.3
29.0375,18.3
29.04166667,18.3
29.04583333,18.3
29.05,18.2
29.05416667,18.2
29.05833333,18.2
29.0625,18.3
29.06666667,18.3
29.07083333,18.3
29.075,18.3
29.07916667,18.3
29.08333333,18.4
29.0875,18.4
29.09166667,18.4
29.09583333,18.4
29.1,18.3
29.10416667,18.3
29.10833333,18.2
29.1125,18.2
29.11666667,18.2
29.12083333,18.2
29.125,18.2
29.12916667,18.1
29.13333333,17.9
29.1375,17.8
29.14166667,17.8
29.14583333,17.7
29.15,17.7
29.15416667,17.7
29.15833333,17.7
29.1625,17.7
29.16666667,17.8
29.17083333,17.9
29.175,18
29.17916667,18
29.18333333,18.1
29.1875,18.1
29.19166667,18.1
29.19583333,18.2
29.2,18.2
29.20416667,18.2
29.20833333,18.2
29.2125,18.2
29.21666667,18.2
29.22083333,18.3
29.225,18.3
29.22916667,18.3
29.23333333,18.3
29.2375,18.3
29.24166667,18.3
29.24583333,18.3
29.25,18.3
29.25416667,18.3
29.25833333,18.3
29.2625,18.3
29.26666667,18.3
29.27083333,18.3
29.275,18.3
29.27916667,18.3
29.28333333,18.3
29.2875,18.3
29.29166667,18.3
29.29583333,18.3
29.3,18.3
29.30416667,18.3
29.30833333,18.3
29.3125,18.3
29.31666667,18.3
29.32083333,18.3
29.325,18.3
29.32916667,18.3
29.33333333,18.2
29.3375,18.2
29.34166667,18.2
29.34583333,18.2
29.35,18.2
29.35416667,18.2
29.35833333,18.2
29.3625,18.2
29.36666667,18.2
29.37083333,18.2
29.375,18.1
29.37916667,18.1
29.38333333,18
29.3875,17.9
29.39166667,17.8
29.39583333,17.6
29.4,17.5
29.40416667,17.3
29.40833333,17.3
29.4125,17.3
29.41666667,17.5
29.42083333,17.8
29.425,17.8
29.42916667,17.7
29.43333333,17.5
29.4375,17.2
29.44166667,17.1
29.44583333,17.1
29.45,17
29.45416667,16.9
29.45833333,16.8
29.4625,16.7
29.46666667,16.7
29.47083333,16.7
29.475,16.7
29.47916667,16.6
29.48333333,16.6
29.4875,16.6
29.49166667,16.6
29.49583333,16.5
29.5,16.6
29.50416667,16.6
29.50833333,16.6
29.5125,16.6
29.51666667,16.6
29.52083333,16.5
29.525,16.5
29.52916667,16.5
29.53333333,16.7
29.5375,16.7
29.54166667,16.8
29.54583333,16.8
29.55,16.8
29.55416667,16.8
29.55833333,17
29.5625,17.2
29.56666667,17.2
29.57083333,17.3
29.575,17.2
29.57916667,17.1
29.58333333,17.1
29.5875,17
29.59166667,16.9
29.59583333,16.8
29.6,16.8
29.60416667,16.8
29.60833333,16.8
29.6125,16.8
29.61666667,16.9
29.62083333,17
29.625,17.2
29.62916667,17.3
29.63333333,17.4
29.6375,17.2
29.64166667,17.1
29.64583333,17
29.65,16.9
29.65416667,16.8
29.65833333,16.7
29.6625,16.6
29.66666667,16.6
29.67083333,16.6
29.675,16.8
29.67916667,16.8
29.68333333,17
29.6875,17.2
29.69166667,17.3
29.69583333,17.4
29.7,17.5
29.70416667,17.6
29.70833333,17.7
29.7125,17.8
29.71666667,17.8
29.72083333,17.9
29.725,17.9
29.72916667,17.9
29.73333333,17.9
29.7375,18
29.74166667,18
29.74583333,18
29.75,18.1
29.75416667,18.1
29.75833333,18.2
29.7625,18.2
29.76666667,18.2
29.77083333,18.3
29.775,18.3
29.77916667,18.3
29.78333333,18.3
29.7875,18.2
29.79166667,18.2
29.79583333,18.2
29.8,18.2
29.80416667,18.2
29.80833333,18.2
29.8125,18.2
29.81666667,18.1
29.82083333,18
29.825,18
29.82916667,18
29.83333333,18
29.8375,18
29.84166667,18
29.84583333,17.9
29.85,17.9
29.85416667,18
29.85833333,18
29.8625,18.1
29.86666667,18
29.87083333,17.9
29.875,17.8
29.87916667,17.7
29.88333333,17.6
29.8875,17.5
29.89166667,17.5
29.89583333,17.5
29.9,17.6
29.90416667,17.6
29.90833333,17.7
29.9125,17.6
29.91666667,17.6
29.92083333,17.7
29.925,17.7
29.92916667,17.6
29.93333333,17.5
29.9375,17.4
29.94166667,17.3
29.94583333,17.3
29.95,17.3
29.95416667,17.3
29.95833333,17.3
29.9625,17.3
29.96666667,17.2
29.97083333,17.1
29.975,17.1
29.97916667,17.1
29.98333333,17.2
29.9875,17.2
29.99166667,17.2
29.99583333,17.2
30,17.3
30.00416667,17.3
30.00833333,17.5
30.0125,17.6
30.01666667,17.7
30.02083333,17.8
30.025,17.9
30.02916667,17.9
30.03333333,17.9
30.0375,17.9
30.04166667,17.8
30.04583333,17.8
30.05,17.7
30.05416667,17.6
30.05833333,17.6
30.0625,17.6
30.06666667,17.5
30.07083333,17.5
30.075,17.5
30.07916667,17.4
30.08333333,17.4
30.0875,17.4
30.09166667,17.4
30.09583333,17.4
30.1,17.5
30.10416667,17.4
30.10833333,17.4
30.1125,17.4
30.11666667,17.3
30.12083333,17.2
30.125,17.1
30.12916667,17.2
30.13333333,17.3
30.1375,17.3
30.14166667,17.3
30.14583333,17.2
30.15,17.2
30.15416667,17.2
30.15833333,17.3
30.1625,17.5
30.16666667,17.7
30.17083333,17.7
30.175,17.7
30.17916667,17.6
30.18333333,17.6
30.1875,17.5
30.19166667,17.5
30.19583333,17.4
30.2,17.4
30.20416667,17.4
30.20833333,17.4
30.2125,17.4
30.21666667,17.3
30.22083333,17.3
30.225,17.3
30.22916667,17.4
30.23333333,17.5
30.2375,17.5
30.24166667,17.5
30.24583333,17.5
30.25,17.5
30.25416667,17.6
30.25833333,17.7
30.2625,17.7
30.26666667,17.8
30.27083333,17.9
30.275,17.9
30.27916667,17.9
30.28333333,18
30.2875,17.9
30.29166667,17.9
30.29583333,17.8
30.3,17.8
30.30416667,17.8
30.30833333,17.7
30.3125,17.7
30.31666667,17.7
30.32083333,17.7
30.325,17.7
30.32916667,17.7
30.33333333,17.7
30.3375,17.7
30.34166667,17.7
30.34583333,17.7
30.35,17.7
30.35416667,17.8
30.35833333,17.8
30.3625,17.8
30.36666667,17.8
30.37083333,17.9
30.375,17.9
30.37916667,17.9
30.38333333,17.9
30.3875,17.9
30.39166667,18
30.39583333,18
30.4,18
30.40416667,18
30.40833333,17.9
30.4125,17.5
30.41666667,17.3
30.42083333,17.1
30.425,16.8
30.42916667,16.7
30.43333333,16.6
30.4375,16.5
30.44166667,16.4
30.44583333,16.5
30.45,16.5
30.45416667,16.6
30.45833333,16.6
30.4625,16.6
30.46666667,16.6
30.47083333,16.6
30.475,16.6
30.47916667,16.7
30.48333333,16.7
30.4875,16.7
30.49166667,16.7
30.49583333,16.7
30.5,16.7
30.50416667,16.6
30.50833333,16.6
30.5125,16.6
30.51666667,16.6
30.52083333,16.5
30.525,16.5
30.52916667,16.5
30.53333333,16.5
30.5375,16.4
30.54166667,16.4
30.54583333,16.4
30.55,16.4
30.55416667,16.5
30.55833333,16.5
30.5625,16.6
30.56666667,16.7
30.57083333,16.7
30.575,16.7
30.57916667,16.8
30.58333333,16.9
30.5875,16.9
30.59166667,16.8
30.59583333,16.8
30.6,16.8
30.60416667,16.8
30.60833333,16.9
30.6125,17.1
30.61666667,17.2
30.62083333,17.3
30.625,17.3
30.62916667,17.2
30.63333333,17.3
30.6375,17.2
30.64166667,17.2
30.64583333,17.1
30.65,17
30.65416667,17
30.65833333,16.9
30.6625,16.8
30.66666667,16.8
30.67083333,16.8
30.675,16.9
30.67916667,16.9
30.68333333,16.9
30.6875,17
30.69166667,17
30.69583333,17
30.7,17.1
30.70416667,17.1
30.70833333,17.2
30.7125,17.2
30.71666667,17.2
30.72083333,17.2
30.725,17.2
30.72916667,17.1
30.73333333,17.2
30.7375,17.3
30.74166667,17.4
30.74583333,17.4
30.75,17.5
30.75416667,17.5
30.75833333,17.5
30.7625,17.6
30.76666667,17.6
30.77083333,17.7
30.775,17.7
30.77916667,17.8
30.78333333,17.8
30.7875,17.9
30.79166667,17.9
30.79583333,18
30.8,18
30.80416667,18
30.80833333,18
30.8125,18.1
30.81666667,18
30.82083333,17.8
30.825,17.8
30.82916667,17.9
30.83333333,17.9
30.8375,17.9
30.84166667,18
30.84583333,18
30.85,18
30.85416667,18
30.85833333,18
30.8625,17.9
30.86666667,17.8
30.87083333,17.8
30.875,17.8
30.87916667,17.8
30.88333333,17.9
30.8875,17.9
30.89166667,17.9
30.89583333,17.9
30.9,17.9
30.90416667,17.9
30.90833333,18
30.9125,18
30.91666667,18
30.92083333,18
30.925,18
30.92916667,17.8
30.93333333,17.6
30.9375,17.5
30.94166667,17.3
30.94583333,17.2
30.95,17.1
30.95416667,17.1
30.95833333,17.2
30.9625,17.2
30.96666667,17.3
30.97083333,17.4
30.975,17.4
30.97916667,17.4
30.98333333,17.3
30.9875,17.3
30.99166667,17.3
30.99583333,17.4
31,17.4
31.00416667,17.3
31.00833333,17.3
31.0125,17.2
31.01666667,17.3
31.02083333,17.4
31.025,17.6
31.02916667,17.8
31.03333333,18
31.0375,18.2
31.04166667,18.3
31.04583333,18.4
31.05,18.4
31.05416667,18.3
31.05833333,18.2
31.0625,18.1
31.06666667,17.8
31.07083333,17.6
31.075,17.5
31.07916667,17.4
31.08333333,17.4
31.0875,17.3
31.09166667,17.4
31.09583333,17.4
31.1,17.3
31.10416667,17.3
31.10833333,17.2
31.1125,17.2
31.11666667,17.1
31.12083333,17.1
31.125,17
31.12916667,16.9
31.13333333,16.8
31.1375,16.9
31.14166667,16.9
31.14583333,16.9
31.15,16.9
31.15416667,16.9
31.15833333,17
31.1625,17
31.16666667,17.1
31.17083333,17.2
31.175,17.3
31.17916667,17.4
31.18333333,17.4
31.1875,17.4
31.19166667,17.4
31.19583333,17.4
31.2,17.4
31.20416667,17.4
31.20833333,17.4
31.2125,17.4
31.21666667,17.3
31.22083333,17.3
31.225,17.2
31.22916667,17.2
31.23333333,17.2
31.2375,17.2
31.24166667,17.3
31.24583333,17.4
31.25,17.4
31.25416667,17.5
31.25833333,17.5
31.2625,17.5
31.26666667,17.5
31.27083333,17.5
31.275,17.5
31.27916667,17.5
31.28333333,17.6
31.2875,17.6
31.29166667,17.6
31.29583333,17.6
31.3,17.6
31.30416667,17.7
31.30833333,17.7
31.3125,17.7
31.31666667,17.8
31.32083333,17.8
31.325,17.8
31.32916667,17.8
31.33333333,17.8
31.3375,17.8
31.34166667,17.8
31.34583333,17.9
31.35,17.9
31.35416667,17.9
31.35833333,17.8
31.3625,17.8
31.36666667,17.8
31.37083333,17.7
31.375,17.7
31.37916667,17.7
31.38333333,17.7
31.3875,17.7
31.39166667,17.7
31.39583333,17.7
31.4,17.7
31.40416667,17.7
31.40833333,17.7
31.4125,17.7
31.41666667,17.6
31.42083333,17.6
31.425,17.6
31.42916667,17.6
31.43333333,17.6
31.4375,17.6
31.44166667,17.6
31.44583333,17.6
31.45,17.6
31.45416667,17.6
31.45833333,17.6
31.4625,17.5
31.46666667,17.5
31.47083333,17.4
31.475,17.3
31.47916667,17.1
31.48333333,17
31.4875,16.9
31.49166667,16.9
31.49583333,16.8
31.5,16.8
31.50416667,16.9
31.50833333,16.9
31.5125,16.9
31.51666667,16.9
31.52083333,16.9
31.525,16.9
31.52916667,17
31.53333333,17
31.5375,17
31.54166667,17.1
31.54583333,17.1
31.55,17.1
31.55416667,17.1
31.55833333,17.1
31.5625,17.1
31.56666667,17.1
31.57083333,17.1
31.575,17
31.57916667,17
31.58333333,17
31.5875,16.9
31.59166667,16.9
31.59583333,16.9
31.6,16.8
31.60416667,16.8
31.60833333,16.8
31.6125,16.8
31.61666667,16.8
31.62083333,16.9
31.625,16.9
31.62916667,16.9
31.63333333,16.9
31.6375,16.9
31.64166667,16.9
31.64583333,16.9
31.65,17
31.65416667,17
31.65833333,17
31.6625,17
31.66666667,17
31.67083333,17
31.675,17.1
31.67916667,17.1
31.68333333,17.2
31.6875,17.2
31.69166667,17.2
31.69583333,17.2
31.7,17.2
31.70416667,17.2
31.70833333,17.2
31.7125,17.1
31.71666667,17.1
31.72083333,17.1
31.725,17.1
31.72916667,17.1
31.73333333,17.1
31.7375,17.1
31.74166667,17.1
31.74583333,17.1
31.75,17.1
31.75416667,17.1
31.75833333,17.1
31.7625,17.2
31.76666667,17.2
31.77083333,17.2
31.775,17.4
31.77916667,17.6
31.78333333,17.7
31.7875,17.7
31.79166667,17.7
31.79583333,17.7
31.8,17.7
31.80416667,17.7
31.80833333,17.7
31.8125,17.8
31.81666667,17.8
31.82083333,17.8
31.825,18
31.82916667,18
31.83333333,18
31.8375,18
31.84166667,17.9
31.84583333,17.8
31.85,17.7
31.85416667,17.7
31.85833333,17.7
31.8625,17.7
31.86666667,17.8
31.87083333,17.9
31.875,17.9
31.87916667,18
31.88333333,17.9
31.8875,17.9
31.89166667,17.9
31.89583333,18
31.9,18
31.90416667,18
31.90833333,18
31.9125,18
31.91666667,18
31.92083333,18
31.925,18
31.92916667,18
31.93333333,18
31.9375,18
31.94166667,18.1
31.94583333,18.1
31.95,18.1
31.95416667,18.2
31.95833333,18.2
31.9625,18.3
31.96666667,18.3
31.97083333,18.4
31.975,18.5
31.97916667,18.5
31.98333333,18.5
31.9875,18.5
31.99166667,18.5
31.99583333,18.5
32,18.4
32.00416667,18.3
32.00833333,18.1
32.0125,17.9
32.01666667,17.7
32.02083333,17.6
32.025,17.5
32.02916667,17.5
32.03333333,17.5
32.0375,17.7
32.04166667,17.8
32.04583333,17.8
32.05,17.9
32.05416667,17.9
32.05833333,17.9
32.0625,17.9
32.06666667,17.8
32.07083333,17.7
32.075,17.6
32.07916667,17.5
32.08333333,17.4
32.0875,17.4
32.09166667,17.4
32.09583333,17.3
32.1,17.3
32.10416667,17.2
32.10833333,17.2
32.1125,17.2
32.11666667,17.2
32.12083333,17.2
32.125,17.2
32.12916667,17.1
32.13333333,17.1
32.1375,17.1
32.14166667,17
32.14583333,16.9
32.15,16.9
32.15416667,16.8
32.15833333,16.8
32.1625,16.8
32.16666667,16.8
32.17083333,16.9
32.175,16.9
32.17916667,16.9
32.18333333,16.9
32.1875,16.9
32.19166667,16.9
32.19583333,16.9
32.2,16.9
32.20416667,16.9
32.20833333,17
32.2125,17
32.21666667,17
32.22083333,17
32.225,17
32.22916667,17
32.23333333,17
32.2375,17.1
32.24166667,17.1
32.24583333,17.2
32.25,17.2
32.25416667,17.3
32.25833333,17.3
32.2625,17.3
32.26666667,17.4
32.27083333,17.5
32.275,17.5
32.27916667,17.5
32.28333333,17.6
32.2875,17.7
32.29166667,17.7
32.29583333,17.7
32.3,17.8
32.30416667,17.8
32.30833333,17.8
32.3125,17.8
32.31666667,17.9
32.32083333,17.9
32.325,17.9
32.32916667,17.9
32.33333333,17.9
32.3375,17.9
32.34166667,18
32.34583333,18
32.35,18
32.35416667,17.9
32.35833333,17.8
32.3625,17.7
32.36666667,17.7
32.37083333,17.6
32.375,17.6
32.37916667,17.6
32.38333333,17.6
32.3875,17.5
32.39166667,17.5
32.39583333,17.6
32.4,17.6
32.40416667,17.7
32.40833333,17.7
32.4125,17.7
32.41666667,17.7
32.42083333,17.7
32.425,17.7
32.42916667,17.6
32.43333333,17.6
32.4375,17.7
32.44166667,17.7
32.44583333,17.7
32.45,17.7
32.45416667,17.7
32.45833333,17.8
32.4625,17.8
32.46666667,17.8
32.47083333,17.8
32.475,17.8
32.47916667,17.8
32.48333333,17.9
32.4875,17.9
32.49166667,17.9
32.49583333,17.9
32.5,17.9
32.50416667,18
32.50833333,18
32.5125,18
32.51666667,18
32.52083333,18
32.525,18
32.52916667,18
32.53333333,18
32.5375,18
32.54166667,18
32.54583333,18
32.55,17.8
32.55416667,17.7
32.55833333,17.5
32.5625,17.5
32.56666667,17.4
32.57083333,17.3
32.575,17.3
32.57916667,17.2
32.58333333,17.2
32.5875,17.2
32.59166667,17.2
32.59583333,17.2
32.6,17.2
32.60416667,17.2
32.60833333,17.2
32.6125,17.2
32.61666667,17.1
32.62083333,17.1
32.625,17.1
32.62916667,17.2
32.63333333,17.2
32.6375,17.1
32.64166667,17
32.64583333,17
32.65,16.9
32.65416667,16.9
32.65833333,16.9
32.6625,17
32.66666667,17
32.67083333,17
32.675,17
32.67916667,17
32.68333333,17
32.6875,17.1
32.69166667,17.1
32.69583333,17.2
32.7,17.2
32.70416667,17.2
32.70833333,17.2
32.7125,17.2
32.71666667,17.2
32.72083333,17.2
32.725,17.2
32.72916667,17.2
32.73333333,17.3
32.7375,17.3
32.74166667,17.3
32.74583333,17.3
32.75,17.4
32.75416667,17.4
32.75833333,17.4
32.7625,17.4
32.76666667,17.4
32.77083333,17.4
32.775,17.4
32.77916667,17.4
32.78333333,17.4
32.7875,17.4
32.79166667,17.5
32.79583333,17.5
32.8,17.5
32.80416667,17.6
32.80833333,17.6
32.8125,17.5
32.81666667,17.5
32.82083333,17.5
32.825,17.5
32.82916667,17.7
32.83333333,17.7
32.8375,17.8
32.84166667,17.8
32.84583333,17.8
32.85,17.8
32.85416667,17.7
32.85833333,17.7
32.8625,17.6
32.86666667,17.6
32.87083333,17.6
32.875,17.6
32.87916667,17.6
32.88333333,17.6
32.8875,17.6
32.89166667,17.6
32.89583333,17.6
32.9,17.6
32.90416667,17.7
32.90833333,17.7
32.9125,17.7
32.91666667,17.7
32.92083333,17.7
32.925,17.8
32.92916667,17.9
32.93333333,18
32.9375,18.2
32.94166667,18.3
32.94583333,18.3
32.95,18.3
32.95416667,18.3
32.95833333,18.3
32.9625,18.4
32.96666667,18.5
32.97083333,18.6
32.975,18.6
32.97916667,18.6
32.98333333,18.7
32.9875,18.6
32.99166667,18.6
32.99583333,18.6
33,18.6
33.00416667,18.6
33.00833333,18.6
33.0125,18.6
33.01666667,18.6
33.02083333,18.5
33.025,18.5
33.02916667,18.2
33.03333333,18
33.0375,17.9
33.04166667,17.9
33.04583333,17.9
33.05,17.9
33.05416667,18
33.05833333,18.1
33.0625,18.1
33.06666667,18.1
33.07083333,18.1
33.075,18.1
33.07916667,18
33.08333333,17.8
33.0875,17.7
33.09166667,17.6
33.09583333,17.5
33.1,17.4
33.10416667,17.4
33.10833333,17.4
33.1125,17.3
33.11666667,17.3
33.12083333,17.3
33.125,17.3
33.12916667,17.1
33.13333333,17
33.1375,16.9
33.14166667,16.8
33.14583333,16.8
33.15,16.8
33.15416667,16.7
33.15833333,16.7
33.1625,16.7
33.16666667,16.8
33.17083333,16.8
33.175,16.8
33.17916667,16.7
33.18333333,16.7
33.1875,16.7
33.19166667,16.9
33.19583333,17
33.2,17.1
33.20416667,17.1
33.20833333,17.2
33.2125,17.1
33.21666667,17.1
33.22083333,17.2
33.225,17.2
33.22916667,17.3
33.23333333,17.3
33.2375,17.4
33.24166667,17.4
33.24583333,17.4
33.25,17.4
33.25416667,17.4
33.25833333,17.5
33.2625,17.5
33.26666667,17.6
33.27083333,17.7
33.275,17.7
33.27916667,17.7
33.28333333,17.7
33.2875,17.7
33.29166667,17.8
33.29583333,17.8
33.3,17.8
33.30416667,17.8
33.30833333,17.8
33.3125,17.8
33.31666667,17.8
33.32083333,17.9
33.325,17.9
33.32916667,17.9
33.33333333,17.9
33.3375,18
33.34166667,18
33.34583333,18
33.35,18.1
33.35416667,18
33.35833333,17.9
33.3625,17.8
33.36666667,17.7
33.37083333,17.8
33.375,17.8
33.37916667,17.8
33.38333333,17.8
33.3875,17.8
33.39166667,17.8
33.39583333,17.8
33.4,17.8
33.40416667,17.8
33.40833333,17.8
33.4125,17.8
33.41666667,17.8
33.42083333,17.8
33.425,17.8
33.42916667,17.8
33.43333333,17.8
33.4375,17.7
33.44166667,17.7
33.44583333,17.7
33.45,17.7
33.45416667,17.7
33.45833333,17.7
33.4625,17.8
33.46666667,17.8
33.47083333,17.8
33.475,17.8
33.47916667,17.8
33.48333333,17.9
33.4875,17.9
33.49166667,17.9
33.49583333,17.9
33.5,17.9
33.50416667,18
33.50833333,18
33.5125,18
33.51666667,18
33.52083333,18.1
33.525,18.1
33.52916667,18.1
33.53333333,18.1
33.5375,18.2
33.54166667,18.2
33.54583333,18.2
33.55,18.2
33.55416667,18.2
33.55833333,18.2
33.5625,18.2
33.56666667,18.2
33.57083333,18.2
33.575,18.2
33.57916667,18.2
33.58333333,18.2
33.5875,18.2
33.59166667,18.2
33.59583333,18.2
33.6,18.2
33.60416667,18.2
33.60833333,18
33.6125,17.9
33.61666667,17.8
33.62083333,17.7
33.625,17.6
33.62916667,17.6
33.63333333,17.6
33.6375,17.5
33.64166667,17.5
33.64583333,17.5
33.65,17.5
33.65416667,17.5
33.65833333,17.5
33.6625,17.4
33.66666667,17.3
33.67083333,17.2
33.675,17.2
33.67916667,17.1
33.68333333,17.1
33.6875,17.1
33.69166667,17
33.69583333,17.1
33.7,17.1
33.70416667,17.1
33.70833333,17.2
33.7125,17.2
33.71666667,17.2
33.72083333,17.2
33.725,17.2
33.72916667,17.3
33.73333333,17.3
33.7375,17.4
33.74166667,17.5
33.74583333,17.5
33.75,17.6
33.75416667,17.6
33.75833333,17.6
33.7625,17.5
33.76666667,17.5
33.77083333,17.5
33.775,17.6
33.77916667,17.6
33.78333333,17.7
33.7875,17.7
33.79166667,17.7
33.79583333,17.7
33.8,17.6
33.80416667,17.6
33.80833333,17.7
33.8125,17.7
33.81666667,17.7
33.82083333,17.8
33.825,17.8
33.82916667,17.8
33.83333333,17.9
33.8375,17.9
33.84166667,17.9
33.84583333,17.9
33.85,17.9
33.85416667,17.9
33.85833333,17.9
33.8625,18
33.86666667,18
33.87083333,18
33.875,18
33.87916667,18
33.88333333,18
33.8875,18
33.89166667,18.1
33.89583333,18.1
33.9,18.1
33.90416667,18.1
33.90833333,18.1
33.9125,18.1
33.91666667,18.1
33.92083333,18
33.925,18
33.92916667,18
33.93333333,18
33.9375,18
33.94166667,18
33.94583333,18
33.95,18
33.95416667,18
33.95833333,17.9
33.9625,17.8
33.96666667,17.8
33.97083333,17.9
33.975,17.9
33.97916667,17.9
33.98333333,18
33.9875,18
33.99166667,18
33.99583333,18.1
34,18.1
34.00416667,18.1
34.00833333,18.1
34.0125,18.1
34.01666667,18.1
34.02083333,18.1
34.025,18.1
34.02916667,18.1
34.03333333,18.1
34.0375,18.1
34.04166667,18.1
34.04583333,18.1
34.05,18.1
34.05416667,18.1
34.05833333,18.1
34.0625,18.1
34.06666667,18
34.07083333,18
34.075,18
34.07916667,17.9
34.08333333,17.7
34.0875,17.6
34.09166667,17.5
34.09583333,17.4
34.1,17.3
34.10416667,17.2
34.10833333,17.1
34.1125,17
34.11666667,16.9
34.12083333,16.8
34.125,16.9
34.12916667,17
34.13333333,17.1
34.1375,17.1
34.14166667,17.2
34.14583333,17.1
34.15,17.1
34.15416667,17.1
34.15833333,17
34.1625,17
34.16666667,17
34.17083333,16.9
34.175,16.7
34.17916667,16.6
34.18333333,16.5
34.1875,16.4
34.19166667,16.4
34.19583333,16.4
34.2,16.5
34.20416667,16.7
34.20833333,16.8
34.2125,16.9
34.21666667,16.9
34.22083333,16.9
34.225,17
34.22916667,17
34.23333333,17
34.2375,16.9
34.24166667,16.9
34.24583333,16.9
34.25,16.9
34.25416667,16.9
34.25833333,16.9
34.2625,16.9
34.26666667,17
34.27083333,17
34.275,17.1
34.27916667,17.2
34.28333333,17.2
34.2875,17.3
34.29166667,17.3
34.29583333,17.4
34.3,17.4
34.30416667,17.5
34.30833333,17.5
34.3125,17.5
34.31666667,17.5
34.32083333,17.5
34.325,17.6
34.32916667,17.6
34.33333333,17.6
34.3375,17.6
34.34166667,17.7
34.34583333,17.7
34.35,17.7
34.35416667,17.7
34.35833333,17.7
34.3625,17.7
34.36666667,17.7
34.37083333,17.7
34.375,17.7
34.37916667,17.6
34.38333333,17.6
34.3875,17.5
34.39166667,17.5
34.39583333,17.4
34.4,17.4
34.40416667,17.3
34.40833333,17.3
34.4125,17.3
34.41666667,17.3
34.42083333,17.4
34.425,17.4
34.42916667,17.5
34.43333333,17.5
34.4375,17.5
34.44166667,17.5
34.44583333,17.5
34.45,17.5
34.45416667,17.5
34.45833333,17.5
34.4625,17.5
34.46666667,17.5
34.47083333,17.5
34.475,17.5
34.47916667,17.5
34.48333333,17.5
34.4875,17.6
34.49166667,17.6
34.49583333,17.6
34.5,17.6
34.50416667,17.6
34.50833333,17.7
34.5125,17.7
34.51666667,17.7
34.52083333,17.7
34.525,17.8
34.52916667,17.8
34.53333333,17.8
34.5375,17.9
34.54166667,17.9
34.54583333,18
34.55,18
34.55416667,18
34.55833333,18.1
34.5625,18.1
34.56666667,18.1
34.57083333,18.1
34.575,18.1
34.57916667,18.1
34.58333333,18.1
34.5875,18.1
34.59166667,18.1
34.59583333,18.1
34.6,18.1
34.60416667,18.1
34.60833333,18.1
34.6125,18.1
34.61666667,18.1
34.62083333,18.1
34.625,18.1
34.62916667,18.1
34.63333333,17.9
34.6375,17.7
34.64166667,17.6
34.64583333,17.6
34.65,17.5
34.65416667,17.5
34.65833333,17.5
34.6625,17.4
34.66666667,17.4
34.67083333,17.4
34.675,17.4
34.67916667,17.3
34.68333333,17.3
34.6875,17.3
34.69166667,17.3
34.69583333,17.3
34.7,17.3
34.70416667,17.3
34.70833333,17.2
34.7125,17.2
34.71666667,17.2
34.72083333,17.2
34.725,17.2
34.72916667,17.2
34.73333333,17.2
34.7375,17.1
34.74166667,17.1
34.74583333,17.2
34.75,17.3
34.75416667,17.4
34.75833333,17.5
34.7625,17.5
34.76666667,17.5
34.77083333,17.6
34.775,17.6
34.77916667,17.6
34.78333333,17.5
34.7875,17.5
34.79166667,17.5
34.79583333,17.5
34.8,17.5
34.80416667,17.5
34.80833333,17.5
34.8125,17.5
34.81666667,17.5
34.82083333,17.5
34.825,17.5
34.82916667,17.5
34.83333333,17.5
34.8375,17.4
34.84166667,17.4
34.84583333,17.5
34.85,17.5
34.85416667,17.6
34.85833333,17.6
34.8625,17.6
34.86666667,17.7
34.87083333,17.6
34.875,17.7
34.87916667,17.7
34.88333333,17.7
34.8875,17.7
34.89166667,17.8
34.89583333,17.7
34.9,17.7
34.90416667,17.7
34.90833333,17.7
34.9125,17.6
34.91666667,17.6
34.92083333,17.6
34.925,17.7
34.92916667,17.7
34.93333333,17.7
34.9375,17.7
34.94166667,17.7
34.94583333,17.7
34.95,17.7
34.95416667,17.7
34.95833333,17.6
34.9625,17.7
34.96666667,17.7
34.97083333,17.7
34.975,17.7
34.97916667,17.7
34.98333333,17.7
34.9875,17.7
34.99166667,17.7
34.99583333,17.7
35,17.8
35.00416667,17.8
35.00833333,17.8
35.0125,17.8
35.01666667,17.8
35.02083333,17.9
35.025,17.9
35.02916667,17.9
35.03333333,17.9
35.0375,17.9
35.04166667,17.9
35.04583333,17.9
35.05,17.9
35.05416667,18
35.05833333,18
35.0625,17.9
35.06666667,17.8
35.07083333,17.7
35.075,17.5
35.07916667,17.4
35.08333333,17.3
35.0875,17.2
35.09166667,17.1
35.09583333,17.1
35.1,17.1
35.10416667,17.1
35.10833333,17
35.1125,17
35.11666667,17
35.12083333,17
35.125,16.9
35.12916667,16.9
35.13333333,16.9
35.1375,16.9
35.14166667,17
35.14583333,17
35.15,17
35.15416667,17
35.15833333,16.9
35.1625,16.9
35.16666667,16.9
35.17083333,16.8
35.175,16.6
35.17916667,16.6
35.18333333,16.6
35.1875,16.7
35.19166667,16.7
35.19583333,16.7
35.2,16.7
35.20416667,16.8
35.20833333,16.8
35.2125,16.8
35.21666667,16.8
35.22083333,16.8
35.225,16.9
35.22916667,17
35.23333333,17
35.2375,16.9
35.24166667,16.8
35.24583333,16.8
35.25,16.7
35.25416667,16.7
35.25833333,16.7
35.2625,16.6
35.26666667,16.6
35.27083333,16.6
35.275,16.7
35.27916667,16.8
35.28333333,16.8
35.2875,16.9
35.29166667,16.9
35.29583333,17
35.3,17.1
35.30416667,17.2
35.30833333,17.2
35.3125,17.3
35.31666667,17.4
35.32083333,17.5
35.325,17.5
35.32916667,17.6
35.33333333,17.6
35.3375,17.6
35.34166667,17.6
35.34583333,17.5
35.35,17.4
35.35416667,17.4
35.35833333,17.4
35.3625,17.4
35.36666667,17.4
35.37083333,17.5
35.375,17.5
35.37916667,17.5
35.38333333,17.6
35.3875,17.6
35.39166667,17.7
35.39583333,17.7
35.4,17.7
35.40416667,17.7
35.40833333,17.7
35.4125,17.7
35.41666667,17.7
35.42083333,17.7
35.425,17.7
35.42916667,17.7
35.43333333,17.8
35.4375,17.8
35.44166667,17.8
35.44583333,17.8
35.45,17.8
35.45416667,17.8
35.45833333,17.8
35.4625,17.8
35.46666667,17.8
35.47083333,17.8
35.475,17.8
35.47916667,17.8
35.48333333,17.8
35.4875,17.7
35.49166667,17.7
35.49583333,17.7
35.5,17.7
35.50416667,17.7
35.50833333,17.7
35.5125,17.7
35.51666667,17.7
35.52083333,17.7
35.525,17.7
35.52916667,17.7
35.53333333,17.7
35.5375,17.7
35.54166667,17.7
35.54583333,17.7
35.55,17.7
35.55416667,17.8
35.55833333,17.8
35.5625,17.8
35.56666667,17.9
35.57083333,17.9
35.575,17.9
35.57916667,17.9
35.58333333,18
35.5875,18
35.59166667,18.1
35.59583333,18.1
35.6,18.1
35.60416667,18.1
35.60833333,18.1
35.6125,18.1
35.61666667,18.2
35.62083333,18.2
35.625,18.2
35.62916667,18.2
35.63333333,18.2
35.6375,18.2
35.64166667,18.2
35.64583333,18.2
35.65,18.2
35.65416667,18.2
35.65833333,18.2
35.6625,18.2
35.66666667,18.2
35.67083333,18.1
35.675,18.1
35.67916667,17.9
35.68333333,17.8
35.6875,17.8
35.69166667,17.7
35.69583333,17.7
35.7,17.6
35.70416667,17.6
35.70833333,17.5
35.7125,17.5
35.71666667,17.5
35.72083333,17.5
35.725,17.5
35.72916667,17.4
35.73333333,17.4
35.7375,17.4
35.74166667,17.4
35.74583333,17.3
35.75,17.3
35.75416667,17.3
35.75833333,17.3
35.7625,17.3
35.76666667,17.3
35.77083333,17.3
35.775,17.3
35.77916667,17.4
35.78333333,17.4
35.7875,17.4
35.79166667,17.4
35.79583333,17.4
35.8,17.4
35.80416667,17.4
35.80833333,17.4
35.8125,17.4
35.81666667,17.5
35.82083333,17.5
35.825,17.5
35.82916667,17.6
35.83333333,17.6
35.8375,17.6
35.84166667,17.7
35.84583333,17.7
35.85,17.7
35.85416667,17.7
35.85833333,17.8
35.8625,17.8
35.86666667,17.8
35.87083333,17.7
35.875,17.7
35.87916667,17.7
35.88333333,17.8
35.8875,17.8
35.89166667,17.8
35.89583333,17.8
35.9,17.8
35.90416667,17.8
35.90833333,17.8
35.9125,17.8
35.91666667,17.8
35.92083333,17.9
35.925,17.9
35.92916667,17.9
35.93333333,17.9
35.9375,17.9
35.94166667,18
35.94583333,18
35.95,18.1
35.95416667,18.1
35.95833333,18.2
35.9625,18.2
35.96666667,18.2
35.97083333,18.2
35.975,18.1
35.97916667,18.1
35.98333333,18.1
35.9875,18.1
35.99166667,18.1
35.99583333,18
36,17.9
36.00416667,17.9
36.00833333,17.9
36.0125,17.9
36.01666667,17.9
36.02083333,17.9
36.025,18
36.02916667,18
36.03333333,18
36.0375,18
36.04166667,18
36.04583333,18
36.05,18
36.05416667,18.1
36.05833333,18.1
36.0625,18.1
36.06666667,18.2
36.07083333,18.2
36.075,18.1
36.07916667,18.1
36.08333333,18
36.0875,17.8
36.09166667,17.6
36.09583333,17.4
36.1,17.3
36.10416667,17.2
36.10833333,17.2
36.1125,17.2
36.11666667,17.1
36.12083333,17.1
36.125,17
36.12916667,17
36.13333333,17
36.1375,17
36.14166667,17
36.14583333,17
36.15,17
36.15416667,16.9
36.15833333,16.9
36.1625,16.9
36.16666667,16.9
36.17083333,16.9
36.175,17
36.17916667,17.1
36.18333333,17.2
36.1875,17.1
36.19166667,17
36.19583333,16.9
36.2,16.9
36.20416667,16.8
36.20833333,16.8
36.2125,16.7
36.21666667,16.6
36.22083333,16.6
36.225,16.7
36.22916667,16.7
36.23333333,16.7
36.2375,16.7
36.24166667,16.7
36.24583333,16.8
36.25,16.8
36.25416667,16.7
36.25833333,16.8
36.2625,16.8
36.26666667,16.8
36.27083333,16.8
36.275,16.8
36.27916667,16.9
36.28333333,17
36.2875,17
36.29166667,17.1
36.29583333,17.1
36.3,17
36.30416667,17.1
36.30833333,17.1
36.3125,17.2
36.31666667,17.2
36.32083333,17.2
36.325,17.2
36.32916667,17.2
36.33333333,17.2
36.3375,17.2
36.34166667,17.2
36.34583333,17.2
36.35,17.2
36.35416667,17.3
36.35833333,17.4
36.3625,17.4
36.36666667,17.5
36.37083333,17.5
36.375,17.5
36.37916667,17.6
36.38333333,17.6
36.3875,17.5
36.39166667,17.6
36.39583333,17.6
36.4,17.7
36.40416667,17.7
36.40833333,17.7
36.4125,17.7
36.41666667,17.7
36.42083333,17.7
36.425,17.8
36.42916667,17.8
36.43333333,17.8
36.4375,17.8
36.44166667,17.8
36.44583333,17.9
36.45,17.9
36.45416667,17.9
36.45833333,17.9
36.4625,17.9
36.46666667,17.9
36.47083333,17.9
36.475,17.8
36.47916667,17.8
36.48333333,17.8
36.4875,17.8
36.49166667,17.8
36.49583333,17.8
36.5,17.8
36.50416667,17.8
36.50833333,17.8
36.5125,17.8
36.51666667,17.8
36.52083333,17.8
36.525,17.8
36.52916667,17.8
36.53333333,17.7
36.5375,17.7
36.54166667,17.7
36.54583333,17.6
36.55,17.6
36.55416667,17.6
36.55833333,17.7
36.5625,17.7
36.56666667,17.7
36.57083333,17.8
36.575,17.8
36.57916667,17.8
36.58333333,17.8
36.5875,17.8
36.59166667,17.9
36.59583333,17.9
36.6,18
36.60416667,18
36.60833333,18
36.6125,18
36.61666667,18.1
36.62083333,18.1
36.625,18.1
36.62916667,18.1
36.63333333,18.1
36.6375,18.2
36.64166667,18.2
36.64583333,18.2
36.65,18.2
36.65416667,18.2
36.65833333,18.2
36.6625,18.2
36.66666667,18.2
36.67083333,18.2
36.675,18.2
36.67916667,18.2
36.68333333,18.2
36.6875,18.2
36.69166667,18.2
36.69583333,18.2
36.7,18.2
36.70416667,18.2
36.70833333,18.2
36.7125,18.1
36.71666667,18.1
36.72083333,18.1
36.725,18.1
36.72916667,18
36.73333333,17.8
36.7375,17.8
36.74166667,17.8
36.74583333,17.7
36.75,17.7
36.75416667,17.6
36.75833333,17.7
36.7625,17.7
36.76666667,17.7
36.77083333,17.6
36.775,17.5
36.77916667,17.5
36.78333333,17.6
36.7875,17.7
36.79166667,17.6
36.79583333,17.6
36.8,17.6
36.80416667,17.6
36.80833333,17.6
36.8125,17.6
36.81666667,17.5
36.82083333,17.5
36.825,17.5
36.82916667,17.6
36.83333333,17.6
36.8375,17.6
36.84166667,17.7
36.84583333,17.8
36.85,17.8
36.85416667,17.9
36.85833333,17.8
36.8625,17.8
36.86666667,17.8
36.87083333,17.9
36.875,18
36.87916667,18
36.88333333,18
36.8875,18
36.89166667,18.1
36.89583333,18.1
36.9,18.1
36.90416667,18.1
36.90833333,18.1
36.9125,18.1
36.91666667,18.1
36.92083333,18.1
36.925,18.1
36.92916667,18.1
36.93333333,18.1
36.9375,18.1
36.94166667,18.1
36.94583333,18.1
36.95,18.1
36.95416667,18.1
36.95833333,18.1
36.9625,18.1
36.96666667,18.1
36.97083333,18.1
36.975,18.1
36.97916667,18.1
36.98333333,18.2
36.9875,18.2
36.99166667,18.2
36.99583333,18.2
37,18.2
37.00416667,18.2
37.00833333,18.2
37.0125,18.2
37.01666667,18.3
37.02083333,18.3
37.025,18.3
37.02916667,18.3
37.03333333,18.3
37.0375,18.3
37.04166667,18.3
37.04583333,18.3
37.05,18.3
37.05416667,18.3
37.05833333,18.3
37.0625,18.3
37.06666667,18.3
37.07083333,18.3
37.075,18.2
37.07916667,18.2
37.08333333,18.2
37.0875,18.2
37.09166667,18.2
37.09583333,18.2
37.1,18.1
37.10416667,18.1
37.10833333,18
37.1125,17.9
37.11666667,17.8
37.12083333,17.6
37.125,17.4
37.12916667,17.2
37.13333333,17.1
37.1375,17.1
37.14166667,17.1
37.14583333,17.2
37.15,17.2
37.15416667,17.2
37.15833333,17.2
37.1625,17.1
37.16666667,17.1
37.17083333,17.1
37.175,17.2
37.17916667,17.2
37.18333333,17.2
37.1875,17.1
37.19166667,17.2
37.19583333,17.2
37.2,17.2
37.20416667,17.2
37.20833333,17.2
37.2125,17.2
37.21666667,17.1
37.22083333,17.1
37.225,17
37.22916667,17
37.23333333,16.9
37.2375,16.9
37.24166667,16.9
37.24583333,16.8
37.25,16.8
37.25416667,16.8
37.25833333,16.8
37.2625,16.8
37.26666667,16.8
37.27083333,16.8
37.275,16.9
37.27916667,16.9
37.28333333,16.9
37.2875,16.9
37.29166667,16.9
37.29583333,17
37.3,17.1
37.30416667,17.2
37.30833333,17.3
37.3125,17.3
37.31666667,17.3
37.32083333,17.3
37.325,17.2
37.32916667,17.3
37.33333333,17.3
37.3375,17.4
37.34166667,17.4
37.34583333,17.4
37.35,17.3
37.35416667,17.3
37.35833333,17.3
37.3625,17.3
37.36666667,17.3
37.37083333,17.3
37.375,17.3
37.37916667,17.4
37.38333333,17.4
37.3875,17.4
37.39166667,17.4
37.39583333,17.4
37.4,17.4
37.40416667,17.4
37.40833333,17.5
37.4125,17.5
37.41666667,17.5
37.42083333,17.6
37.425,17.6
37.42916667,17.6
37.43333333,17.6
37.4375,17.7
37.44166667,17.7
37.44583333,17.7
37.45,17.7
37.45416667,17.7
37.45833333,17.6
37.4625,17.7
37.46666667,17.7
37.47083333,17.7
37.475,17.7
37.47916667,17.7
37.48333333,17.7
37.4875,17.7
37.49166667,17.7
37.49583333,17.7
37.5,17.7
37.50416667,17.7
37.50833333,17.7
37.5125,17.7
37.51666667,17.7
37.52083333,17.8
37.525,17.8
37.52916667,17.8
37.53333333,17.8
37.5375,17.8
37.54166667,17.8
37.54583333,17.8
37.55,17.8
37.55416667,17.7
37.55833333,17.7
37.5625,17.8
37.56666667,17.7
37.57083333,17.7
37.575,17.7
37.57916667,17.7
37.58333333,17.7
37.5875,17.7
37.59166667,17.7
37.59583333,17.8
37.6,17.8
37.60416667,17.8
37.60833333,17.8
37.6125,17.8
37.61666667,17.8
37.62083333,17.9
37.625,18
37.62916667,18
37.63333333,18.1
37.6375,18.1
37.64166667,18.1
37.64583333,18.1
37.65,18.1
37.65416667,18.1
37.65833333,18.1
37.6625,18.1
37.66666667,18.1
37.67083333,18.1
37.675,18.1
37.67916667,18.1
37.68333333,18.1
37.6875,18.1
37.69166667,18.1
37.69583333,18.1
37.7,18.1
37.70416667,18.2
37.70833333,18.2
37.7125,18.2
37.71666667,18.2
37.72083333,18.2
37.725,18.2
37.72916667,18.2
37.73333333,18.2
37.7375,18.2
37.74166667,18.2
37.74583333,18.2
37.75,18.2
37.75416667,18.2
37.75833333,18.2
37.7625,18.2
37.76666667,18.2
37.77083333,18.2
37.775,18.2
37.77916667,18.2
37.78333333,18.1
37.7875,18.1
37.79166667,18.1
37.79583333,17.9
37.8,17.9
37.80416667,17.8
37.80833333,17.8
37.8125,17.9
37.81666667,17.9
37.82083333,17.9
37.825,17.9
37.82916667,17.9
37.83333333,17.8
37.8375,17.7
37.84166667,17.7
37.84583333,17.7
37.85,17.8
37.85416667,17.7
37.85833333,17.7
37.8625,17.6
37.86666667,17.6
37.87083333,17.7
37.875,17.9
37.87916667,18.1
37.88333333,18.2
37.8875,18.2
37.89166667,18.2
37.89583333,18.2
37.9,18.3
37.90416667,18.3
37.90833333,18.3
37.9125,18.3
37.91666667,18.3
37.92083333,18.3
37.925,18.3
37.92916667,18.3
37.93333333,18.3
37.9375,18.3
37.94166667,18.2
37.94583333,18.2
37.95,18.2
37.95416667,18.3
37.95833333,18.4
37.9625,18.4
37.96666667,18.5
37.97083333,18.5
37.975,18.5
37.97916667,18.5
37.98333333,18.6
37.9875,18.6
37.99166667,18.6
37.99583333,18.6
38,18.6
38.00416667,18.6
38.00833333,18.6
38.0125,18.6
38.01666667,18.6
38.02083333,18.6
38.025,18.6
38.02916667,18.7
38.03333333,18.6
38.0375,18.6
38.04166667,18.6
38.04583333,18.6
38.05,18.6
38.05416667,18.6
38.05833333,18.6
38.0625,18.6
38.06666667,18.6
38.07083333,18.6
38.075,18.6
38.07916667,18.6
38.08333333,18.6
38.0875,18.5
38.09166667,18.4
38.09583333,18.4
38.1,18.3
38.10416667,18.2
38.10833333,18.1
38.1125,18
38.11666667,18
38.12083333,18
38.125,18
38.12916667,17.9
38.13333333,17.9
38.1375,17.9
38.14166667,17.8
38.14583333,17.7
38.15,17.7
38.15416667,17.7
38.15833333,17.6
38.1625,17.5
38.16666667,17.4
38.17083333,17.4
38.175,17.3
38.17916667,17.3
38.18333333,17.3
38.1875,17.3
38.19166667,17.3
38.19583333,17.3
38.2,17.4
38.20416667,17.4
38.20833333,17.3
38.2125,17.4
38.21666667,17.4
38.22083333,17.4
38.225,17.4
38.22916667,17.4
38.23333333,17.5
38.2375,17.5
38.24166667,17.4
38.24583333,17.4
38.25,17.5
38.25416667,17.4
38.25833333,17.4
38.2625,17.4
38.26666667,17.4
38.27083333,17.4
38.275,17.5
38.27916667,17.5
38.28333333,17.5
38.2875,17.4
38.29166667,17.3
38.29583333,17.3
38.3,17.3
38.30416667,17.3
38.30833333,17.4
38.3125,17.4
38.31666667,17.4
38.32083333,17.5
38.325,17.5
38.32916667,17.5
38.33333333,17.5
38.3375,17.4
38.34166667,17.4
38.34583333,17.4
38.35,17.4
38.35416667,17.4
38.35833333,17.5
38.3625,17.5
38.36666667,17.5
38.37083333,17.5
38.375,17.5
38.37916667,17.5
38.38333333,17.5
38.3875,17.5
38.39166667,17.5
38.39583333,17.5
38.4,17.6
38.40416667,17.6
38.40833333,17.6
38.4125,17.6
38.41666667,17.6
38.42083333,17.6
38.425,17.7
38.42916667,17.8
38.43333333,17.8
38.4375,17.9
38.44166667,17.9
38.44583333,18
38.45,18
38.45416667,18
38.45833333,18
38.4625,18
38.46666667,18
38.47083333,18
38.475,18
38.47916667,18
38.48333333,18
38.4875,18
38.49166667,18
38.49583333,18
38.5,18
38.50416667,18
38.50833333,18
38.5125,18.1
38.51666667,18.1
38.52083333,18.1
38.525,18.1
38.52916667,18.1
38.53333333,18.1
38.5375,18.1
38.54166667,18.1
38.54583333,18.1
38.55,18
38.55416667,18
38.55833333,18
38.5625,18
38.56666667,18
38.57083333,18.1
38.575,18.1
38.57916667,18
38.58333333,18
38.5875,18.1
38.59166667,18.1
38.59583333,18.1
38.6,18.1
38.60416667,18.1
38.60833333,18
38.6125,18
38.61666667,18
38.62083333,18
38.625,18
38.62916667,18
38.63333333,18
38.6375,18
38.64166667,18
38.64583333,18
38.65,18
38.65416667,18.1
38.65833333,18.1
38.6625,18.2
38.66666667,18.2
38.67083333,18.3
38.675,18.3
38.67916667,18.3
38.68333333,18.3
38.6875,18.3
38.69166667,18.3
38.69583333,18.4
38.7,18.4
38.70416667,18.4
38.70833333,18.4
38.7125,18.4
38.71666667,18.4
38.72083333,18.4
38.725,18.4
38.72916667,18.4
38.73333333,18.3
38.7375,18.3
38.74166667,18.3
38.74583333,18.3
38.75,18.3
38.75416667,18.3
38.75833333,18.3
38.7625,18.3
38.76666667,18.3
38.77083333,18.3
38.775,18.3
38.77916667,18.3
38.78333333,18.3
38.7875,18.3
38.79166667,18.3
38.79583333,18.2
38.8,18.2
38.80416667,18.2
38.80833333,18.2
38.8125,18.2
38.81666667,18.2
38.82083333,18.2
38.825,18.2
38.82916667,18.2
38.83333333,18.1
38.8375,18.1
38.84166667,18
38.84583333,18
38.85,18
38.85416667,18
38.85833333,18
38.8625,17.9
38.86666667,17.9
38.87083333,17.9
38.875,17.9
38.87916667,18
38.88333333,18
38.8875,18.1
38.89166667,18.1
38.89583333,18.1
38.9,18.1
38.90416667,18
38.90833333,18
38.9125,18
38.91666667,18
38.92083333,18
38.925,18.1
38.92916667,18.2
38.93333333,18.2
38.9375,18.2
38.94166667,18.3
38.94583333,18.2
38.95,18.2
38.95416667,18.1
38.95833333,18.1
38.9625,18.1
38.96666667,18.1
38.97083333,18.1
38.975,18.1
38.97916667,18.2
38.98333333,18.2
38.9875,18.1
38.99166667,18.2
38.99583333,18.2
39,18.2
39.00416667,18.2
39.00833333,18.2
39.0125,18.2
39.01666667,18.2
39.02083333,18.2
39.025,18.3
39.02916667,18.2
39.03333333,18.2
39.0375,18.2
39.04166667,18.2
39.04583333,18.3
39.05,18.3
39.05416667,18.3
39.05833333,18.3
39.0625,18.3
39.06666667,18.3
39.07083333,18.3
39.075,18.3
39.07916667,18.4
39.08333333,18.4
39.0875,18.4
39.09166667,18.4
39.09583333,18.4
39.1,18.4
39.10416667,18.4
39.10833333,18.4
39.1125,18.4
39.11666667,18.4
39.12083333,18.4
39.125,18.4
39.12916667,18.4
39.13333333,18.4
39.1375,18.4
39.14166667,18.4
39.14583333,18.4
39.15,18.4
39.15416667,18.4
39.15833333,18.4
39.1625,18.4
39.16666667,18.3
39.17083333,18.3
39.175,18.2
39.17916667,18.1
39.18333333,18
39.1875,17.9
39.19166667,17.8
39.19583333,17.7
39.2,17.6
39.20416667,17.5
39.20833333,17.5
39.2125,17.4
39.21666667,17.4
39.22083333,17.4
39.225,17.4
39.22916667,17.4
39.23333333,17.3
39.2375,17.3
39.24166667,17.3
39.24583333,17.3
39.25,17.3
39.25416667,17.3
39.25833333,17.2
39.2625,17.2
39.26666667,17.2
39.27083333,17.2
39.275,17.2
39.27916667,17.2
39.28333333,17.2
39.2875,17.2
39.29166667,17.2
39.29583333,17.2
39.3,17.1
39.30416667,17.1
39.30833333,17.2
39.3125,17.3
39.31666667,17.5
39.32083333,17.6
39.325,17.6
39.32916667,17.6
39.33333333,17.7
39.3375,17.6
39.34166667,17.6
39.34583333,17.7
39.35,17.7
39.35416667,17.7
39.35833333,17.6
39.3625,17.6
39.36666667,17.6
39.37083333,17.5
39.375,17.5
39.37916667,17.5
39.38333333,17.5
39.3875,17.5
39.39166667,17.5
39.39583333,17.5
39.4,17.5
39.40416667,17.5
39.40833333,17.5
39.4125,17.5
39.41666667,17.5
39.42083333,17.5
39.425,17.6
39.42916667,17.6
39.43333333,17.6
39.4375,17.7
39.44166667,17.7
39.44583333,17.7
39.45,17.7
39.45416667,17.7
39.45833333,17.7
39.4625,17.7
39.46666667,17.7
39.47083333,17.7
39.475,17.7
39.47916667,17.7
39.48333333,17.7
39.4875,17.7
39.49166667,17.8
39.49583333,17.8
39.5,17.8
39.50416667,17.8
39.50833333,17.8
39.5125,17.8
39.51666667,17.8
39.52083333,17.8
39.525,17.8
39.52916667,17.8
39.53333333,17.8
39.5375,17.9
39.54166667,17.9
39.54583333,17.9
39.55,17.9
39.55416667,17.9
39.55833333,17.9
39.5625,17.9
39.56666667,17.9
39.57083333,17.9
39.575,17.9
39.57916667,17.9
39.58333333,17.9
39.5875,17.9
39.59166667,17.9
39.59583333,17.9
39.6,17.9
39.60416667,17.9
39.60833333,17.9
39.6125,17.8
39.61666667,17.8
39.62083333,17.7
39.625,17.8
39.62916667,17.8
39.63333333,17.8
39.6375,17.8
39.64166667,17.8
39.64583333,17.8
39.65,17.8
39.65416667,17.8
39.65833333,17.8
39.6625,17.8
39.66666667,17.8
39.67083333,17.9
39.675,17.9
39.67916667,17.9
39.68333333,17.9
39.6875,18
39.69166667,18
39.69583333,18.1
39.7,18.1
39.70416667,18.2
39.70833333,18.2
39.7125,18.2
39.71666667,18.2
39.72083333,18.2
39.725,18.2
39.72916667,18.2
39.73333333,18.2
39.7375,18.2
39.74166667,18.2
39.74583333,18.2
39.75,18.2
39.75416667,18.2
39.75833333,18.3
39.7625,18.3
39.76666667,18.3
39.77083333,18.3
39.775,18.3
39.77916667,18.3
39.78333333,18.3
39.7875,18.3
39.79166667,18.3
39.79583333,18.3
39.8,18.3
39.80416667,18.3
39.80833333,18.3
39.8125,18.3
39.81666667,18.3
39.82083333,18.3
39.825,18.3
39.82916667,18.3
39.83333333,18.3
39.8375,18.3
39.84166667,18.3
39.84583333,18.2
39.85,18.2
39.85416667,18.2
39.85833333,18.2
39.8625,18.1
39.86666667,18.1
39.87083333,18.1
39.875,18.1
39.87916667,18.1
39.88333333,18.1
39.8875,18.1
39.89166667,18.1
39.89583333,18.1
39.9,18.1
39.90416667,18.1
39.90833333,18.1
39.9125,18.1
39.91666667,18.1
39.92083333,18.1
39.925,18.1
39.92916667,18.2
39.93333333,18.2
39.9375,18.2
39.94166667,18.2
39.94583333,18.2
39.95,18.3
39.95416667,18.3
39.95833333,18.3
39.9625,18.4
39.96666667,18.4
39.97083333,18.4
39.975,18.4
39.97916667,18.4
39.98333333,18.4
39.9875,18.4
39.99166667,18.4
39.99583333,18.4
40,18.4
40.00416667,18.4
40.00833333,18.4
40.0125,18.4
40.01666667,18.4
40.02083333,18.4
40.025,18.4
40.02916667,18.4
40.03333333,18.4
40.0375,18.4
40.04166667,18.4
40.04583333,18.4
40.05,18.4
40.05416667,18.4
40.05833333,18.4
40.0625,18.4
40.06666667,18.4
40.07083333,18.4
40.075,18.4
40.07916667,18.4
40.08333333,18.4
40.0875,18.4
40.09166667,18.4
40.09583333,18.4
40.1,18.4
40.10416667,18.4
40.10833333,18.4
40.1125,18.4
40.11666667,18.4
40.12083333,18.4
40.125,18.4
40.12916667,18.4
40.13333333,18.4
40.1375,18.4
40.14166667,18.4
40.14583333,18.4
40.15,18.4
40.15416667,18.4
40.15833333,18.4
40.1625,18.4
40.16666667,18.4
40.17083333,18.3
40.175,18.3
40.17916667,18.2
40.18333333,18.2
40.1875,18.2
40.19166667,18.2
40.19583333,18.1
40.2,18.1
40.20416667,18.1
40.20833333,18
40.2125,18
40.21666667,18
40.22083333,18
40.225,17.9
40.22916667,17.9
40.23333333,17.8
40.2375,17.8
40.24166667,17.8
40.24583333,17.8
40.25,17.8
40.25416667,17.8
40.25833333,17.8
40.2625,17.7
40.26666667,17.7
40.27083333,17.7
40.275,17.7
40.27916667,17.8
40.28333333,17.8
40.2875,17.8
40.29166667,17.8
40.29583333,17.8
40.3,17.8
40.30416667,17.7
40.30833333,17.7
40.3125,17.7
40.31666667,17.7
40.32083333,17.7
40.325,17.7
40.32916667,17.7
40.33333333,17.7
40.3375,17.7
40.34166667,17.7
40.34583333,17.7
40.35,17.6
40.35416667,17.6
40.35833333,17.6
40.3625,17.7
40.36666667,17.8
40.37083333,17.8
40.375,17.9
40.37916667,17.9
40.38333333,17.9
40.3875,17.9
40.39166667,17.9
40.39583333,17.9
40.4,17.9
40.40416667,17.9
40.40833333,17.9
40.4125,17.9
40.41666667,17.9
40.42083333,17.9
40.425,17.8
40.42916667,17.8
40.43333333,17.8
40.4375,17.8
40.44166667,17.8
40.44583333,17.7
40.45,17.7
40.45416667,17.7
40.45833333,17.8
40.4625,17.8
40.46666667,17.8
40.47083333,17.8
40.475,17.8
40.47916667,17.8
40.48333333,17.8
40.4875,17.8
40.49166667,17.8
40.49583333,17.8
40.5,17.9
40.50416667,17.9
40.50833333,17.9
40.5125,17.9
40.51666667,17.9
40.52083333,17.9
40.525,17.9
40.52916667,17.9
40.53333333,17.9
40.5375,17.9
40.54166667,17.9
40.54583333,17.9
40.55,17.9
40.55416667,17.9
40.55833333,17.9
40.5625,17.9
40.56666667,17.9
40.57083333,17.9
40.575,17.9
40.57916667,17.9
40.58333333,17.9
40.5875,17.9
40.59166667,17.9
40.59583333,17.9
40.6,17.9
40.60416667,17.9
40.60833333,17.9
40.6125,17.9
40.61666667,17.9
40.62083333,17.9
40.625,17.9
40.62916667,17.9
40.63333333,17.9
40.6375,17.9
40.64166667,17.9
40.64583333,17.9
40.65,17.9
40.65416667,17.9
40.65833333,17.9
40.6625,17.9
40.66666667,17.9
40.67083333,17.9
40.675,17.9
40.67916667,17.9
40.68333333,17.9
40.6875,17.9
40.69166667,17.9
40.69583333,17.9
40.7,17.9
40.70416667,17.9
40.70833333,17.9
40.7125,17.9
40.71666667,17.9
40.72083333,18
40.725,17.9
40.72916667,17.9
40.73333333,18
40.7375,18
40.74166667,18
40.74583333,18
40.75,18
40.75416667,18
40.75833333,18
40.7625,18.1
40.76666667,18.1
40.77083333,18.1
40.775,18.2
40.77916667,18.2
40.78333333,18.2
40.7875,18.2
40.79166667,18.2
40.79583333,18.2
40.8,18.2
40.80416667,18.2
40.80833333,18.3
40.8125,18.3
40.81666667,18.3
40.82083333,18.3
40.825,18.3
40.82916667,18.3
40.83333333,18.3
40.8375,18.3
40.84166667,18.3
40.84583333,18.3
40.85,18.3
40.85416667,18.3
40.85833333,18.3
40.8625,18.3
40.86666667,18.3
40.87083333,18.3
40.875,18.3
40.87916667,18.3
40.88333333,18.2
40.8875,18.2
40.89166667,18.2
40.89583333,18.2
40.9,18.2
40.90416667,18.2
40.90833333,18.1
40.9125,18.1
40.91666667,18.1
40.92083333,18.1
40.925,18.1
40.92916667,18.1
40.93333333,18.1
40.9375,18.1
40.94166667,18.2
40.94583333,18.1
40.95,18.1
40.95416667,18.2
40.95833333,18.2
40.9625,18.2
40.96666667,18.3
40.97083333,18.3
40.975,18.3
40.97916667,18.4
40.98333333,18.4
40.9875,18.4
40.99166667,18.4
40.99583333,18.4
41,18.4
41.00416667,18.4
41.00833333,18.4
41.0125,18.5
41.01666667,18.5
41.02083333,18.4
41.025,18.4
41.02916667,18.4
41.03333333,18.4
41.0375,18.4
41.04166667,18.4
41.04583333,18.4
41.05,18.4
41.05416667,18.4
41.05833333,18.4
41.0625,18.4
41.06666667,18.4
41.07083333,18.4
41.075,18.4
41.07916667,18.4
41.08333333,18.4
41.0875,18.4
41.09166667,18.4
41.09583333,18.4
41.1,18.4
41.10416667,18.4
41.10833333,18.4
41.1125,18.4
41.11666667,18.4
41.12083333,18.4
41.125,18.4
41.12916667,18.4
41.13333333,18.4
41.1375,18.4
41.14166667,18.4
41.14583333,18.4
41.15,18.4
41.15416667,18.4
41.15833333,18.4
41.1625,18.4
41.16666667,18.4
41.17083333,18.4
41.175,18.4
41.17916667,18.4
41.18333333,18.4
41.1875,18.4
41.19166667,18.4
41.19583333,18.4
41.2,18.4
41.20416667,18.4
41.20833333,18.4
41.2125,18.4
41.21666667,18.4
41.22083333,18.4
41.225,18.4
41.22916667,18.4
41.23333333,18.4
41.2375,18.3
41.24166667,18.3
41.24583333,18.3
41.25,18.3
41.25416667,18.3
41.25833333,18.3
41.2625,18.3
41.26666667,18.3
41.27083333,18.3
41.275,18.3
41.27916667,18.3
41.28333333,18.3
41.2875,18.3
41.29166667,18.3
41.29583333,18.2
41.3,18.2
41.30416667,18
41.30833333,18
41.3125,18
41.31666667,18
41.32083333,17.9
41.325,17.9
41.32916667,18
41.33333333,17.9
41.3375,17.9
41.34166667,17.9
41.34583333,17.9
41.35,17.9
41.35416667,17.8
41.35833333,17.8
41.3625,17.8
41.36666667,17.8
41.37083333,17.8
41.375,17.8
41.37916667,17.8
41.38333333,17.9
41.3875,17.9
41.39166667,17.9
41.39583333,17.9
41.4,17.8
41.40416667,17.8
41.40833333,17.8
41.4125,17.8
41.41666667,17.8
41.42083333,17.8
41.425,17.8
41.42916667,17.8
41.43333333,17.9
41.4375,17.9
41.44166667,18
41.44583333,18
41.45,18
41.45416667,18
41.45833333,18
41.4625,18
41.46666667,18
41.47083333,18
41.475,18
41.47916667,18
41.48333333,17.9
41.4875,18
41.49166667,18
41.49583333,18
41.5,18
41.50416667,18.1
41.50833333,18.1
41.5125,18.1
41.51666667,18.1
41.52083333,18
41.525,18
41.52916667,18
41.53333333,18
41.5375,18
41.54166667,18
41.54583333,18.1
41.55,18.1
41.55416667,18.1
41.55833333,18.1
41.5625,18.1
41.56666667,18.1
41.57083333,18.1
41.575,18.1
41.57916667,18.1
41.58333333,18.1
41.5875,18.1
41.59166667,18
41.59583333,18
41.6,18
41.60416667,18
41.60833333,18
41.6125,18
41.61666667,18
41.62083333,17.9
41.625,17.9
41.62916667,17.9
41.63333333,17.9
41.6375,18
41.64166667,18
41.64583333,18
41.65,18
41.65416667,18
41.65833333,18
41.6625,18
41.66666667,17.9
41.67083333,17.9
41.675,17.9
41.67916667,17.9
41.68333333,18
41.6875,18
41.69166667,18
41.69583333,17.9
41.7,17.9
41.70416667,17.9
41.70833333,18
41.7125,18
41.71666667,18
41.72083333,18
41.725,18
41.72916667,18
41.73333333,18
41.7375,18
41.74166667,18
41.74583333,18
41.75,18
41.75416667,18
41.75833333,18
41.7625,18
41.76666667,18
41.77083333,18
41.775,18
41.77916667,18.1
41.78333333,18.2
41.7875,18.2
41.79166667,18.3
41.79583333,18.3
41.8,18.4
41.80416667,18.4
41.80833333,18.4
41.8125,18.4
41.81666667,18.4
41.82083333,18.4
41.825,18.4
41.82916667,18.4
41.83333333,18.4
41.8375,18.4
41.84166667,18.5
41.84583333,18.5
41.85,18.5
41.85416667,18.5
41.85833333,18.5
41.8625,18.5
41.86666667,18.5
41.87083333,18.5
41.875,18.5
41.87916667,18.5
41.88333333,18.5
41.8875,18.6
41.89166667,18.6
41.89583333,18.6
41.9,18.6
41.90416667,18.6
41.90833333,18.6
41.9125,18.6
41.91666667,18.6
41.92083333,18.6
41.925,18.6
41.92916667,18.6
41.93333333,18.6
41.9375,18.6
41.94166667,18.6
41.94583333,18.7
41.95,18.7
41.95416667,18.7
41.95833333,18.7
41.9625,18.7
41.96666667,18.7
41.97083333,18.7
41.975,18.7
41.97916667,18.7
41.98333333,18.7
41.9875,18.7
41.99166667,18.7
41.99583333,18.8
42,18.8
42.00416667,18.8
42.00833333,18.8
42.0125,18.8
42.01666667,18.8
42.02083333,18.8
42.025,18.8
42.02916667,18.8
42.03333333,18.8
42.0375,18.8
42.04166667,18.8
42.04583333,18.8
42.05,18.7
42.05416667,18.7
42.05833333,18.7
42.0625,18.7
42.06666667,18.7
42.07083333,18.7
42.075,18.7
42.07916667,18.8
42.08333333,18.8
42.0875,18.7
42.09166667,18.7
42.09583333,18.7
42.1,18.7
42.10416667,18.7
42.10833333,18.7
42.1125,18.7
42.11666667,18.7
42.12083333,18.6
42.125,18.6
42.12916667,18.6
42.13333333,18.6
42.1375,18.6
42.14166667,18.6
42.14583333,18.6
42.15,18.6
42.15416667,18.6
42.15833333,18.6
42.1625,18.6
42.16666667,18.6
42.17083333,18.6
42.175,18.6
42.17916667,18.6
42.18333333,18.6
42.1875,18.5
42.19166667,18.5
42.19583333,18.5
42.2,18.5
42.20416667,18.5
42.20833333,18.5
42.2125,18.4
42.21666667,18.4
42.22083333,18.4
42.225,18.4
42.22916667,18.4
42.23333333,18.4
42.2375,18.3
42.24166667,18.3
42.24583333,18.3
42.25,18.3
42.25416667,18.3
42.25833333,18.3
42.2625,18.3
42.26666667,18.3
42.27083333,18.4
42.275,18.4
42.27916667,18.4
42.28333333,18.4
42.2875,18.4
42.29166667,18.4
42.29583333,18.4
42.3,18.3
42.30416667,18.3
42.30833333,18.2
42.3125,18.2
42.31666667,18.2
42.32083333,18.1
42.325,18.1
42.32916667,18.1
42.33333333,18.1
42.3375,18.1
42.34166667,18.1
42.34583333,18.1
42.35,18.1
42.35416667,18.1
42.35833333,18.1
42.3625,18.1
42.36666667,18.1
42.37083333,18.1
42.375,18.1
42.37916667,18.1
42.38333333,18.1
42.3875,18.1
42.39166667,18.1
42.39583333,18.1
42.4,18.1
42.40416667,18.1
42.40833333,18.1
42.4125,18.1
42.41666667,18.1
42.42083333,18.1
42.425,18.1
42.42916667,18.1
42.43333333,18.1
42.4375,18.1
42.44166667,18.1
42.44583333,18
42.45,18
42.45416667,18
42.45833333,18.1
42.4625,18.1
42.46666667,18.1
42.47083333,18.1
42.475,18.1
42.47916667,18.1
42.48333333,18.1
42.4875,18.1
42.49166667,18.2
42.49583333,18.2
42.5,18.2
42.50416667,18.2
42.50833333,18.2
42.5125,18.2
42.51666667,18.2
42.52083333,18.2
42.525,18.2
42.52916667,18.2
42.53333333,18.2
42.5375,18.2
42.54166667,18.2
42.54583333,18.2
42.55,18.2
42.55416667,18.2
42.55833333,18.2
42.5625,18.2
42.56666667,18.2
42.57083333,18.2
42.575,18.2
42.57916667,18.2
42.58333333,18.2
42.5875,18.2
42.59166667,18.2
42.59583333,18.2
42.6,18.2
42.60416667,18.2
42.60833333,18.2
42.6125,18.2
42.61666667,18.2
42.62083333,18.2
42.625,18.2
42.62916667,18.2
42.63333333,18.2
42.6375,18.2
42.64166667,18.2
42.64583333,18.2
42.65,18.2
42.65416667,18.2
42.65833333,18.2
42.6625,18.2
42.66666667,18.2
42.67083333,18.2
42.675,18.2
42.67916667,18.2
42.68333333,18.2
42.6875,18.2
42.69166667,18.2
42.69583333,18.2
42.7,18.2
42.70416667,18.2
42.70833333,18.2
42.7125,18.2
42.71666667,18.2
42.72083333,18.2
42.725,18.2
42.72916667,18.2
42.73333333,18.2
42.7375,18.2
42.74166667,18.2
42.74583333,18.2
42.75,18.3
42.75416667,18.3
42.75833333,18.3
42.7625,18.3
42.76666667,18.3
42.77083333,18.3
42.775,18.3
42.77916667,18.3
42.78333333,18.3
42.7875,18.2
42.79166667,18.2
42.79583333,18.3
42.8,18.3
42.80416667,18.3
42.80833333,18.3
42.8125,18.3
42.81666667,18.3
42.82083333,18.4
42.825,18.4
42.82916667,18.4
42.83333333,18.5
42.8375,18.5
42.84166667,18.6
42.84583333,18.6
42.85,18.7
42.85416667,18.7
42.85833333,18.7
42.8625,18.7
42.86666667,18.7
42.87083333,18.7
42.875,18.8
42.87916667,18.8
42.88333333,18.8
42.8875,18.8
42.89166667,18.8
42.89583333,18.8
42.9,18.8
42.90416667,18.8
42.90833333,18.8
42.9125,18.8
42.91666667,18.8
42.92083333,18.8
42.925,18.8
42.92916667,18.8
42.93333333,18.8
42.9375,18.8
42.94166667,18.8
42.94583333,18.8
42.95,18.8
42.95416667,18.8
42.95833333,18.8
42.9625,18.8
42.96666667,18.8
42.97083333,18.8
42.975,18.8
42.97916667,18.9
42.98333333,18.9
42.9875,18.9
42.99166667,18.9
42.99583333,18.9
43,18.9
43.00416667,18.9
43.00833333,18.9
43.0125,18.9
43.01666667,18.9
43.02083333,18.9
43.025,18.9
43.02916667,18.9
43.03333333,18.9
43.0375,18.9
43.04166667,18.8
43.04583333,18.8
43.05,18.8
43.05416667,18.8
43.05833333,18.8
43.0625,18.8
43.06666667,18.8
43.07083333,18.8
43.075,18.8
43.07916667,18.8
43.08333333,18.8
43.0875,18.8
43.09166667,18.8
43.09583333,18.8
43.1,18.8
43.10416667,18.8
43.10833333,18.8
43.1125,18.8
43.11666667,18.8
43.12083333,18.8
43.125,18.8
43.12916667,18.8
43.13333333,18.8
43.1375,18.8
43.14166667,18.8
43.14583333,18.7
43.15,18.7
43.15416667,18.8
43.15833333,18.8
43.1625,18.8
43.16666667,18.8
43.17083333,18.8
43.175,18.8
43.17916667,18.8
43.18333333,18.8
43.1875,18.8
43.19166667,18.8
43.19583333,18.8
43.2,18.8
43.20416667,18.7
43.20833333,18.7
43.2125,18.7
43.21666667,18.7
43.22083333,18.7
43.225,18.7
43.22916667,18.6
43.23333333,18.6
43.2375,18.7
43.24166667,18.6
43.24583333,18.6
43.25,18.5
43.25416667,18.5
43.25833333,18.5
43.2625,18.5
43.26666667,18.6
43.27083333,18.6
43.275,18.6
43.27916667,18.6
43.28333333,18.6
43.2875,18.5
43.29166667,18.5
43.29583333,18.5
43.3,18.5
43.30416667,18.5
43.30833333,18.5
43.3125,18.5
43.31666667,18.5
43.32083333,18.5
43.325,18.5
43.32916667,18.5
43.33333333,18.5
43.3375,18.5
43.34166667,18.6
43.34583333,18.6
43.35,18.6
43.35416667,18.6
43.35833333,18.6
43.3625,18.6
43.36666667,18.5
43.37083333,18.5
43.375,18.5
43.37916667,18.5
43.38333333,18.5
43.3875,18.5
43.39166667,18.5
43.39583333,18.5
43.4,18.4
43.40416667,18.4
43.40833333,18.4
43.4125,18.4
43.41666667,18.4
43.42083333,18.4
43.425,18.4
43.42916667,18.4
43.43333333,18.4
43.4375,18.4
43.44166667,18.4
43.44583333,18.4
43.45,18.4
43.45416667,18.5
43.45833333,18.5
43.4625,18.5
43.46666667,18.5
43.47083333,18.5
43.475,18.5
43.47916667,18.5
43.48333333,18.5
43.4875,18.5
43.49166667,18.5
43.49583333,18.4
43.5,18.5
43.50416667,18.5
43.50833333,18.5
43.5125,18.5
43.51666667,18.5
43.52083333,18.5
43.525,18.5
43.52916667,18.5
43.53333333,18.5
43.5375,18.5
43.54166667,18.5
43.54583333,18.5
43.55,18.4
43.55416667,18.4
43.55833333,18.4
43.5625,18.4
43.56666667,18.4
43.57083333,18.4
43.575,18.4
43.57916667,18.4
43.58333333,18.4
43.5875,18.4
43.59166667,18.4
43.59583333,18.4
43.6,18.4
43.60416667,18.4
43.60833333,18.4
43.6125,18.4
43.61666667,18.4
43.62083333,18.4
43.625,18.4
43.62916667,18.4
43.63333333,18.4
43.6375,18.4
43.64166667,18.4
43.64583333,18.4
43.65,18.4
43.65416667,18.4
43.65833333,18.4
43.6625,18.4
43.66666667,18.4
43.67083333,18.4
43.675,18.4
43.67916667,18.4
43.68333333,18.4
43.6875,18.4
43.69166667,18.4
43.69583333,18.4
43.7,18.4
43.70416667,18.4
43.70833333,18.4
43.7125,18.4
43.71666667,18.4
43.72083333,18.5
43.725,18.5
43.72916667,18.5
43.73333333,18.5
43.7375,18.5
43.74166667,18.5
43.74583333,18.6
43.75,18.6
43.75416667,18.5
43.75833333,18.6
43.7625,18.6
43.76666667,18.6
43.77083333,18.6
43.775,18.6
43.77916667,18.6
43.78333333,18.6
43.7875,18.6
43.79166667,18.6
43.79583333,18.6
43.8,18.6
43.80416667,18.6
43.80833333,18.6
43.8125,18.6
43.81666667,18.6
43.82083333,18.6
43.825,18.6
43.82916667,18.6
43.83333333,18.6
43.8375,18.6
43.84166667,18.7
43.84583333,18.7
43.85,18.7
43.85416667,18.7
43.85833333,18.7
43.8625,18.7
43.86666667,18.7
43.87083333,18.7
43.875,18.7
43.87916667,18.7
43.88333333,18.7
43.8875,18.7
43.89166667,18.7
43.89583333,18.7
43.9,18.7
43.90416667,18.7
43.90833333,18.8
43.9125,18.8
43.91666667,18.8
43.92083333,18.8
43.925,18.8
43.92916667,18.8
43.93333333,18.8
43.9375,18.8
43.94166667,18.8
43.94583333,18.8
43.95,18.8
43.95416667,18.8
43.95833333,18.8
43.9625,18.8
43.96666667,18.8
43.97083333,18.8
43.975,18.8
43.97916667,18.8
43.98333333,18.8
43.9875,18.8
43.99166667,18.8
43.99583333,18.8
44,18.8
44.00416667,18.8
44.00833333,18.8
44.0125,18.8
44.01666667,18.8
44.02083333,18.8
44.025,18.8
44.02916667,18.8
44.03333333,18.8
44.0375,18.8
44.04166667,18.8
44.04583333,18.8
44.05,18.8
44.05416667,18.8
44.05833333,18.8
44.0625,18.8
44.06666667,18.8
44.07083333,18.8
44.075,18.8
44.07916667,18.8
44.08333333,18.8
44.0875,18.8
44.09166667,18.7
44.09583333,18.7
44.1,18.7
44.10416667,18.7
44.10833333,18.7
44.1125,18.7
44.11666667,18.7
44.12083333,18.7
44.125,18.7
44.12916667,18.7
44.13333333,18.7
44.1375,18.7
44.14166667,18.7
44.14583333,18.7
44.15,18.7
44.15416667,18.7
44.15833333,18.7
44.1625,18.7
44.16666667,18.7
44.17083333,18.7
44.175,18.7
44.17916667,18.7
44.18333333,18.7
44.1875,18.7
44.19166667,18.7
44.19583333,18.7
44.2,18.7
44.20416667,18.7
44.20833333,18.7
44.2125,18.6
44.21666667,18.6
44.22083333,18.6
44.225,18.6
44.22916667,18.7
44.23333333,18.7
44.2375,18.7
44.24166667,18.7
44.24583333,18.7
44.25,18.7
44.25416667,18.7
44.25833333,18.7
44.2625,18.6
44.26666667,18.6
44.27083333,18.6
44.275,18.6
44.27916667,18.6
44.28333333,18.6
44.2875,18.6
44.29166667,18.6
44.29583333,18.6
44.3,18.6
44.30416667,18.6
44.30833333,18.6
44.3125,18.6
44.31666667,18.6
44.32083333,18.6
44.325,18.6
44.32916667,18.6
44.33333333,18.6
44.3375,18.6
44.34166667,18.6
44.34583333,18.6
44.35,18.6
44.35416667,18.6
44.35833333,18.6
44.3625,18.6
44.36666667,18.6
44.37083333,18.6
44.375,18.6
44.37916667,18.6
44.38333333,18.6
44.3875,18.6
44.39166667,18.6
44.39583333,18.6
44.4,18.6
44.40416667,18.6
44.40833333,18.6
44.4125,18.6
44.41666667,18.5
44.42083333,18.5
44.425,18.5
44.42916667,18.6
44.43333333,18.6
44.4375,18.6
44.44166667,18.6
44.44583333,18.6
44.45,18.5
44.45416667,18.5
44.45833333,18.5
44.4625,18.5
44.46666667,18.5
44.47083333,18.5
44.475,18.5
44.47916667,18.5
44.48333333,18.5
44.4875,18.5
44.49166667,18.5
44.49583333,18.5
44.5,18.5
44.50416667,18.5
44.50833333,18.5
44.5125,18.5
44.51666667,18.6
44.52083333,18.6
44.525,18.6
44.52916667,18.6
44.53333333,18.5
44.5375,18.5
44.54166667,18.5
44.54583333,18.5
44.55,18.5
44.55416667,18.5
44.55833333,18.5
44.5625,18.5
44.56666667,18.5
44.57083333,18.5
44.575,18.5
44.57916667,18.5
44.58333333,18.6
44.5875,18.6
44.59166667,18.6
44.59583333,18.6
44.6,18.6
44.60416667,18.6
44.60833333,18.6
44.6125,18.6
44.61666667,18.6
44.62083333,18.6
44.625,18.6
44.62916667,18.6
44.63333333,18.6
44.6375,18.6
44.64166667,18.6
44.64583333,18.6
44.65,18.6
44.65416667,18.6
44.65833333,18.6
44.6625,18.6
44.66666667,18.6
44.67083333,18.6
44.675,18.6
44.67916667,18.6
44.68333333,18.6
44.6875,18.6
44.69166667,18.6
44.69583333,18.6
44.7,18.6
44.70416667,18.6
44.70833333,18.6
44.7125,18.6
44.71666667,18.6
44.72083333,18.6
44.725,18.6
44.72916667,18.6
44.73333333,18.6
44.7375,18.6
44.74166667,18.6
44.74583333,18.6
44.75,18.6
44.75416667,18.6
44.75833333,18.6
44.7625,18.6
44.76666667,18.6
44.77083333,18.6
44.775,18.6
44.77916667,18.6
44.78333333,18.6
44.7875,18.6
44.79166667,18.6
44.79583333,18.6
44.8,18.6
44.80416667,18.5
44.80833333,18.5
44.8125,18.6
44.81666667,18.6
44.82083333,18.6
44.825,18.6
44.82916667,18.6
44.83333333,18.6
44.8375,18.6
44.84166667,18.6
44.84583333,18.7
44.85,18.7
44.85416667,18.7
44.85833333,18.7
44.8625,18.7
44.86666667,18.8
44.87083333,18.8
44.875,18.8
44.87916667,18.8
44.88333333,18.8
44.8875,18.8
44.89166667,18.8
44.89583333,18.9
44.9,18.9
44.90416667,18.9
44.90833333,18.9
44.9125,18.9
44.91666667,18.9
44.92083333,18.9
44.925,18.9
44.92916667,18.9
44.93333333,18.9
44.9375,18.9
44.94166667,18.9
44.94583333,18.9
44.95,18.9
44.95416667,18.9
44.95833333,18.9
44.9625,18.9
44.96666667,18.9
44.97083333,18.9
44.975,18.9
44.97916667,18.9
44.98333333,18.9
44.9875,18.9
44.99166667,18.9
44.99583333,18.9
45,18.9
45.00416667,18.9
45.00833333,18.9
45.0125,18.9
45.01666667,18.9
45.02083333,18.9
45.025,18.9
45.02916667,18.9
45.03333333,18.9
45.0375,18.9
45.04166667,18.9
45.04583333,18.8
45.05,18.8
45.05416667,18.8
45.05833333,18.8
45.0625,18.8
45.06666667,18.8
45.07083333,18.8
45.075,18.8
45.07916667,18.8
45.08333333,18.8
45.0875,18.8
45.09166667,18.8
45.09583333,18.8
45.1,18.8
45.10416667,18.8
45.10833333,18.8
45.1125,18.8
45.11666667,18.8
45.12083333,18.8
45.125,18.8
45.12916667,18.8
45.13333333,18.8
45.1375,18.8
45.14166667,18.8
45.14583333,18.8
45.15,18.8
45.15416667,18.8
45.15833333,18.8
45.1625,18.7
45.16666667,18.7
45.17083333,18.7
45.175,18.7
45.17916667,18.7
45.18333333,18.7
45.1875,18.7
45.19166667,18.7
45.19583333,18.7
45.2,18.7
45.20416667,18.7
45.20833333,18.7
45.2125,18.7
45.21666667,18.7
45.22083333,18.7
45.225,18.7
45.22916667,18.7
45.23333333,18.7
45.2375,18.7
45.24166667,18.7
45.24583333,18.7
45.25,18.7
45.25416667,18.7
45.25833333,18.7
45.2625,18.7
45.26666667,18.7
45.27083333,18.7
45.275,18.7
45.27916667,18.7
45.28333333,18.7
45.2875,18.7
45.29166667,18.7
45.29583333,18.7
45.3,18.7
45.30416667,18.7
45.30833333,18.7
45.3125,18.7
45.31666667,18.7
45.32083333,18.7
45.325,18.6
45.32916667,18.6
45.33333333,18.6
45.3375,18.6
45.34166667,18.6
45.34583333,18.6
45.35,18.7
45.35416667,18.7
45.35833333,18.7
45.3625,18.7
45.36666667,18.7
45.37083333,18.7
45.375,18.6
45.37916667,18.6
45.38333333,18.6
45.3875,18.6
45.39166667,18.6
45.39583333,18.6
45.4,18.6
45.40416667,18.6
45.40833333,18.6
45.4125,18.5
45.41666667,18.5
45.42083333,18.5
45.425,18.6
45.42916667,18.6
45.43333333,18.6
45.4375,18.6
45.44166667,18.6
45.44583333,18.6
45.45,18.6
45.45416667,18.6
45.45833333,18.6
45.4625,18.6
45.46666667,18.6
45.47083333,18.6
45.475,18.6
45.47916667,18.7
45.48333333,18.7
45.4875,18.7
45.49166667,18.7
45.49583333,18.7
45.5,18.7
45.50416667,18.7
45.50833333,18.7
45.5125,18.7
45.51666667,18.6
45.52083333,18.6
45.525,18.6
45.52916667,18.6
45.53333333,18.7
45.5375,18.7
45.54166667,18.7
45.54583333,18.7
45.55,18.7
45.55416667,18.6
45.55833333,18.6
45.5625,18.6
45.56666667,18.6
45.57083333,18.6
45.575,18.6
45.57916667,18.6
45.58333333,18.6
45.5875,18.6
45.59166667,18.6
45.59583333,18.6
45.6,18.6
45.60416667,18.5
45.60833333,18.5
45.6125,18.5
45.61666667,18.5
45.62083333,18.5
45.625,18.5
45.62916667,18.5
45.63333333,18.5
45.6375,18.5
45.64166667,18.5
45.64583333,18.6
45.65,18.6
45.65416667,18.6
45.65833333,18.6
45.6625,18.6
45.66666667,18.6
45.67083333,18.6
45.675,18.5
45.67916667,18.5
45.68333333,18.5
45.6875,18.5
45.69166667,18.6
45.69583333,18.6
45.7,18.6
45.70416667,18.6
45.70833333,18.5
45.7125,18.5
45.71666667,18.5
45.72083333,18.5
45.725,18.5
45.72916667,18.5
45.73333333,18.5
45.7375,18.6
45.74166667,18.6
45.74583333,18.6
45.75,18.6
45.75416667,18.6
45.75833333,18.6
45.7625,18.6
45.76666667,18.6
45.77083333,18.6
45.775,18.5
45.77916667,18.5
45.78333333,18.5
45.7875,18.5
45.79166667,18.5
45.79583333,18.5
45.8,18.5
45.80416667,18.5
45.80833333,18.5
45.8125,18.5
45.81666667,18.5
45.82083333,18.5
45.825,18.6
45.82916667,18.6
45.83333333,18.6
45.8375,18.6
45.84166667,18.6
45.84583333,18.6
45.85,18.6
45.85416667,18.6
45.85833333,18.6
45.8625,18.6
45.86666667,18.6
45.87083333,18.6
45.875,18.6
45.87916667,18.6
45.88333333,18.6
45.8875,18.7
45.89166667,18.7
45.89583333,18.7
45.9,18.7
45.90416667,18.7
45.90833333,18.7
45.9125,18.8
45.91666667,18.8
45.92083333,18.8
45.925,18.8
45.92916667,18.8
45.93333333,18.8
45.9375,18.8
45.94166667,18.8
45.94583333,18.8
45.95,18.8
45.95416667,18.8
45.95833333,18.8
45.9625,18.8
45.96666667,18.8
45.97083333,18.8
45.975,18.8
45.97916667,18.8
45.98333333,18.8
45.9875,18.8
45.99166667,18.8
45.99583333,18.8
46,18.8
46.00416667,18.8
46.00833333,18.8
46.0125,18.8
46.01666667,18.9
46.02083333,18.9
46.025,18.9
46.02916667,18.9
46.03333333,18.9
46.0375,18.8
46.04166667,18.8
46.04583333,18.8
46.05,18.8
46.05416667,18.7
46.05833333,18.7
46.0625,18.6
46.06666667,18.6
46.07083333,18.6
46.075,18.6
46.07916667,18.6
46.08333333,18.6
46.0875,18.6
46.09166667,18.5
46.09583333,18.5
46.1,18.5
46.10416667,18.6
46.10833333,18.6
46.1125,18.6
46.11666667,18.6
46.12083333,18.6
46.125,18.6
46.12916667,18.6
46.13333333,18.5
46.1375,18.5
46.14166667,18.5
46.14583333,18.5
46.15,18.4
46.15416667,18.5
46.15833333,18.5
46.1625,18.5
46.16666667,18.5
46.17083333,18.5
46.175,18.6
46.17916667,18.6
46.18333333,18.6
46.1875,18.6
46.19166667,18.6
46.19583333,18.6
46.2,18.6
46.20416667,18.6
46.20833333,18.6
46.2125,18.6
46.21666667,18.6
46.22083333,18.6
46.225,18.7
46.22916667,18.7
46.23333333,18.7
46.2375,18.6
46.24166667,18.6
46.24583333,18.6
46.25,18.6
46.25416667,18.6
46.25833333,18.6
46.2625,18.6
46.26666667,18.6
46.27083333,18.6
46.275,18.6
46.27916667,18.6
46.28333333,18.6
46.2875,18.5
46.29166667,18.5
46.29583333,18.5
46.3,18.4
46.30416667,18.3
46.30833333,18.3
46.3125,18.3
46.31666667,18.4
46.32083333,18.4
46.325,18.4
46.32916667,18.4
46.33333333,18.4
46.3375,18.5
46.34166667,18.5
46.34583333,18.5
46.35,18.5
46.35416667,18.5
46.35833333,18.5
46.3625,18.6
46.36666667,18.6
46.37083333,18.6
46.375,18.6
46.37916667,18.6
46.38333333,18.6
46.3875,18.6
46.39166667,18.6
46.39583333,18.6
46.4,18.6
46.40416667,18.6
46.40833333,18.6
46.4125,18.5
46.41666667,18.4
46.42083333,18.4
46.425,18.5
46.42916667,18.5
46.43333333,18.5
46.4375,18.6
46.44166667,18.5
46.44583333,18.5
46.45,18.5
46.45416667,18.4
46.45833333,18.4
46.4625,18.5
46.46666667,18.5
46.47083333,18.5
46.475,18.5
46.47916667,18.5
46.48333333,18.5
46.4875,18.5
46.49166667,18.5
46.49583333,18.5
46.5,18.5
46.50416667,18.5
46.50833333,18.5
46.5125,18.5
46.51666667,18.5
46.52083333,18.5
46.525,18.5
46.52916667,18.5
46.53333333,18.5
46.5375,18.5
46.54166667,18.5
46.54583333,18.5
46.55,18.5
46.55416667,18.5
46.55833333,18.4
46.5625,18.4
46.56666667,18.4
46.57083333,18.4
46.575,18.4
46.57916667,18.4
46.58333333,18.4
46.5875,18.4
46.59166667,18.4
46.59583333,18.3
46.6,18.3
46.60416667,18.3
46.60833333,18.3
46.6125,18.3
46.61666667,18.3
46.62083333,18.3
46.625,18.3
46.62916667,18.2
46.63333333,18.2
46.6375,18.2
46.64166667,18.2
46.64583333,18.2
46.65,18.2
46.65416667,18.2
46.65833333,18.3
46.6625,18.3
46.66666667,18.3
46.67083333,18.3
46.675,18.2
46.67916667,18.2
46.68333333,18.2
46.6875,18.2
46.69166667,18.3
46.69583333,18.3
46.7,18.3
46.70416667,18.3
46.70833333,18.3
46.7125,18.3
46.71666667,18.3
46.72083333,18.3
46.725,18.3
46.72916667,18.3
46.73333333,18.3
46.7375,18.3
46.74166667,18.3
46.74583333,18.3
46.75,18.3
46.75416667,18.3
46.75833333,18.3
46.7625,18.3
46.76666667,18.4
46.77083333,18.4
46.775,18.4
46.77916667,18.4
46.78333333,18.4
46.7875,18.5
46.79166667,18.5
46.79583333,18.5
46.8,18.5
46.80416667,18.5
46.80833333,18.5
46.8125,18.5
46.81666667,18.5
46.82083333,18.5
46.825,18.5
46.82916667,18.5
46.83333333,18.5
46.8375,18.4
46.84166667,18.4
46.84583333,18.4
46.85,18.4
46.85416667,18.5
46.85833333,18.5
46.8625,18.5
46.86666667,18.5
46.87083333,18.5
46.875,18.5
46.87916667,18.5
46.88333333,18.6
46.8875,18.6
46.89166667,18.6
46.89583333,18.6
46.9,18.7
46.90416667,18.7
46.90833333,18.7
46.9125,18.7
46.91666667,18.7
46.92083333,18.7
46.925,18.7
46.92916667,18.7
46.93333333,18.7
46.9375,18.7
46.94166667,18.7
46.94583333,18.7
46.95,18.7
46.95416667,18.7
46.95833333,18.7
46.9625,18.7
46.96666667,18.7
46.97083333,18.7
46.975,18.7
46.97916667,18.7
46.98333333,18.7
46.9875,18.7
46.99166667,18.7
46.99583333,18.7
47,18.7
47.00416667,18.7
47.00833333,18.6
47.0125,18.6
47.01666667,18.6
47.02083333,18.6
47.025,18.6
47.02916667,18.6
47.03333333,18.6
47.0375,18.6
47.04166667,18.6
47.04583333,18.6
47.05,18.6
47.05416667,18.6
47.05833333,18.5
47.0625,18.5
47.06666667,18.5
47.07083333,18.5
47.075,18.5
47.07916667,18.5
47.08333333,18.5
47.0875,18.5
47.09166667,18.5
47.09583333,18.4
47.1,18.4
47.10416667,18.4
47.10833333,18.4
47.1125,18.4
47.11666667,18.4
47.12083333,18.4
47.125,18.4
47.12916667,18.4
47.13333333,18.4
47.1375,18.4
47.14166667,18.5
47.14583333,18.5
47.15,18.5
47.15416667,18.4
47.15833333,18.4
47.1625,18.4
47.16666667,18.4
47.17083333,18.3
47.175,18.3
47.17916667,18.3
47.18333333,18.3
47.1875,18.4
47.19166667,18.4
47.19583333,18.4
47.2,18.4
47.20416667,18.4
47.20833333,18.4
47.2125,18.4
47.21666667,18.4
47.22083333,18.4
47.225,18.4
47.22916667,18.4
47.23333333,18.4
47.2375,18.4
47.24166667,18.4
47.24583333,18.4
47.25,18.4
47.25416667,18.4
47.25833333,18.4
47.2625,18.4
47.26666667,18.4
47.27083333,18.3
47.275,18.3
47.27916667,18.3
47.28333333,18.3
47.2875,18.3
47.29166667,18.3
47.29583333,18.3
47.3,18.4
47.30416667,18.4
47.30833333,18.4
47.3125,18.4
47.31666667,18.4
47.32083333,18.4
47.325,18.4
47.32916667,18.3
47.33333333,18.3
47.3375,18.3
47.34166667,18.4
47.34583333,18.4
47.35,18.4
47.35416667,18.4
47.35833333,18.3
47.3625,18.3
47.36666667,18.3
47.37083333,18.3
47.375,18.4
47.37916667,18.4
47.38333333,18.4
47.3875,18.4
47.39166667,18.4
47.39583333,18.4
47.4,18.4
47.40416667,18.4
47.40833333,18.4
47.4125,18.4
47.41666667,18.4
47.42083333,18.4
47.425,18.3
47.42916667,18.3
47.43333333,18.4
47.4375,18.4
47.44166667,18.3
47.44583333,18.3
47.45,18.3
47.45416667,18.3
47.45833333,18.4
47.4625,18.4
47.46666667,18.4
47.47083333,18.4
47.475,18.4
47.47916667,18.4
47.48333333,18.4
47.4875,18.4
47.49166667,18.4
47.49583333,18.4
47.5,18.4
47.50416667,18.4
47.50833333,18.4
47.5125,18.4
47.51666667,18.4
47.52083333,18.4
47.525,18.4
47.52916667,18.4
47.53333333,18.4
47.5375,18.4
47.54166667,18.4
47.54583333,18.3
47.55,18.4
47.55416667,18.4
47.55833333,18.4
47.5625,18.4
47.56666667,18.4
47.57083333,18.4
47.575,18.4
47.57916667,18.4
47.58333333,18.4
47.5875,18.4
47.59166667,18.3
47.59583333,18.3
47.6,18.3
47.60416667,18.3
47.60833333,18.3
47.6125,18.3
47.61666667,18.3
47.62083333,18.3
47.625,18.3
47.62916667,18.2
47.63333333,18.2
47.6375,18.1
47.64166667,18.1
47.64583333,18.1
47.65,18.1
47.65416667,18
47.65833333,18
47.6625,17.9
47.66666667,17.9
47.67083333,17.9
47.675,17.9
47.67916667,18
47.68333333,18
47.6875,18.1
47.69166667,18.2
47.69583333,18.2
47.7,18.3
47.70416667,18.3
47.70833333,18.3
47.7125,18.2
47.71666667,18.2
47.72083333,18.2
47.725,18.2
47.72916667,18.3
47.73333333,18.3
47.7375,18.3
47.74166667,18.3
47.74583333,18.3
47.75,18.3
47.75416667,18.2
47.75833333,18.2
47.7625,18.2
47.76666667,18.2
47.77083333,18.2
47.775,18.2
47.77916667,18.2
47.78333333,18.2
47.7875,18.2
47.79166667,18.3
47.79583333,18.3
47.8,18.3
47.80416667,18.3
47.80833333,18.3
47.8125,18.3
47.81666667,18.3
47.82083333,18.4
47.825,18.4
47.82916667,18.4
47.83333333,18.4
47.8375,18.4
47.84166667,18.4
47.84583333,18.4
47.85,18.4
47.85416667,18.3
47.85833333,18.3
47.8625,18.3
47.86666667,18.3
47.87083333,18.3
47.875,18.3
47.87916667,18.3
47.88333333,18.4
47.8875,18.4
47.89166667,18.4
47.89583333,18.4
47.9,18.4
47.90416667,18.4
47.90833333,18.4
47.9125,18.3
47.91666667,18.3
47.92083333,18.3
47.925,18.4
47.92916667,18.4
47.93333333,18.4
47.9375,18.5
47.94166667,18.5
47.94583333,18.5
47.95,18.5
47.95416667,18.5
47.95833333,18.5
47.9625,18.6
47.96666667,18.6
47.97083333,18.7
47.975,18.7
47.97916667,18.7
47.98333333,18.7
47.9875,18.7
47.99166667,18.7
47.99583333,18.7
48,18.7
48.00416667,18.7
48.00833333,18.7
48.0125,18.7
48.01666667,18.7
48.02083333,18.7
48.025,18.7
48.02916667,18.7
48.03333333,18.7
48.0375,18.7
48.04166667,18.7
48.04583333,18.7
48.05,18.7
48.05416667,18.7
48.05833333,18.6
48.0625,18.4
48.06666667,18.3
48.07083333,18.3
48.075,18.4
48.07916667,18.4
48.08333333,18.5
48.0875,18.5
48.09166667,18.5
48.09583333,18.5
48.1,18.5
48.10416667,18.5
48.10833333,18.4
48.1125,18.4
48.11666667,18.4
48.12083333,18.4
48.125,18.4
48.12916667,18.3
48.13333333,18.3
48.1375,18.2
48.14166667,18.2
48.14583333,18.1
48.15,18.1
48.15416667,18.1
48.15833333,18.2
48.1625,18.2
48.16666667,18.2
48.17083333,18.1
48.175,18.1
48.17916667,18.2
48.18333333,18.2
48.1875,18.2
48.19166667,18.2
48.19583333,18.2
48.2,18.2
48.20416667,18.2
48.20833333,18.2
48.2125,18.2
48.21666667,18.2
48.22083333,18.1
48.225,18.1
48.22916667,18.1
48.23333333,18.2
48.2375,18.2
48.24166667,18.2
48.24583333,18.2
48.25,18.2
48.25416667,18.3
48.25833333,18.3
48.2625,18.3
48.26666667,18.3
48.27083333,18.3
48.275,18.3
48.27916667,18.3
48.28333333,18.4
48.2875,18.4
48.29166667,18.4
48.29583333,18.4
48.3,18.4
48.30416667,18.4
48.30833333,18.4
48.3125,18.4
48.31666667,18.4
48.32083333,18.4
48.325,18.4
48.32916667,18.3
48.33333333,18.3
48.3375,18.3
48.34166667,18.3
48.34583333,18.3
48.35,18.3
48.35416667,18.3
48.35833333,18.3
48.3625,18.3
48.36666667,18.3
48.37083333,18.3
48.375,18.3
48.37916667,18.3
48.38333333,18.3
48.3875,18.3
48.39166667,18.3
48.39583333,18.3
48.4,18.3
48.40416667,18.3
48.40833333,18.3
48.4125,18.3
48.41666667,18.3
48.42083333,18.3
48.425,18.2
48.42916667,18.2
48.43333333,18.2
48.4375,18.2
48.44166667,18.3
48.44583333,18.3
48.45,18.3
48.45416667,18.3
48.45833333,18.3
48.4625,18.3
48.46666667,18.3
48.47083333,18.3
48.475,18.3
48.47916667,18.3
48.48333333,18.4
48.4875,18.4
48.49166667,18.4
48.49583333,18.4
48.5,18.4
48.50416667,18.5
48.50833333,18.5
48.5125,18.5
48.51666667,18.6
48.52083333,18.6
48.525,18.6
48.52916667,18.6
48.53333333,18.6
48.5375,18.6
48.54166667,18.6
48.54583333,18.6
48.55,18.6
48.55416667,18.6
48.55833333,18.6
48.5625,18.6
48.56666667,18.6
48.57083333,18.6
48.575,18.6
48.57916667,18.6
48.58333333,18.6
48.5875,18.6
48.59166667,18.6
48.59583333,18.6
48.6,18.6
48.60416667,18.6
48.60833333,18.6
48.6125,18.6
48.61666667,18.6
48.62083333,18.6
48.625,18.6
48.62916667,18.6
48.63333333,18.6
48.6375,18.5
48.64166667,18.5
48.64583333,18.5
48.65,18.5
48.65416667,18.5
48.65833333,18.5
48.6625,18.5
48.66666667,18.5
48.67083333,18.5
48.675,18.4
48.67916667,18.4
48.68333333,18.4
48.6875,18.3
48.69166667,18.3
48.69583333,18.2
48.7,18.2
48.70416667,18.2
48.70833333,18.2
48.7125,18.2
48.71666667,18.2
48.72083333,18.3
48.725,18.3
48.72916667,18.3
48.73333333,18.3
48.7375,18.4
48.74166667,18.4
48.74583333,18.3
48.75,18.3
48.75416667,18.3
48.75833333,18.3
48.7625,18.3
48.76666667,18.3
48.77083333,18.4
48.775,18.4
48.77916667,18.4
48.78333333,18.4
48.7875,18.4
48.79166667,18.4
48.79583333,18.4
48.8,18.5
48.80416667,18.5
48.80833333,18.5
48.8125,18.5
48.81666667,18.5
48.82083333,18.5
48.825,18.5
48.82916667,18.5
48.83333333,18.5
48.8375,18.5
48.84166667,18.4
48.84583333,18.4
48.85,18.4
48.85416667,18.4
48.85833333,18.3
48.8625,18.4
48.86666667,18.4
48.87083333,18.4
48.875,18.4
48.87916667,18.4
48.88333333,18.5
48.8875,18.5
48.89166667,18.4
48.89583333,18.4
48.9,18.4
48.90416667,18.4
48.90833333,18.4
48.9125,18.4
48.91666667,18.4
48.92083333,18.5
48.925,18.5
48.92916667,18.5
48.93333333,18.5
48.9375,18.5
48.94166667,18.5
48.94583333,18.6
48.95,18.6
48.95416667,18.6
48.95833333,18.6
48.9625,18.6
48.96666667,18.6
48.97083333,18.6
48.975,18.6
48.97916667,18.6
48.98333333,18.6
48.9875,18.6
48.99166667,18.6
48.99583333,18.6
49,18.6
49.00416667,18.6
49.00833333,18.6
49.0125,18.6
49.01666667,18.6
49.02083333,18.6
49.025,18.6
49.02916667,18.6
49.03333333,18.6
49.0375,18.6
49.04166667,18.6
49.04583333,18.6
49.05,18.6
49.05416667,18.6
49.05833333,18.6
49.0625,18.6
49.06666667,18.6
49.07083333,18.6
49.075,18.6
49.07916667,18.5
49.08333333,18.3
49.0875,18
49.09166667,17.9
49.09583333,17.8
49.1,17.8
49.10416667,17.8
49.10833333,17.8
49.1125,17.8
49.11666667,17.8
49.12083333,17.9
49.125,17.9
49.12916667,18
49.13333333,18
49.1375,17.9
49.14166667,18
49.14583333,17.9
49.15,17.7
49.15416667,17.6
49.15833333,17.7
49.1625,17.8
49.16666667,17.7
49.17083333,17.7
49.175,17.6
49.17916667,17.6
49.18333333,17.7
49.1875,17.9
49.19166667,18
49.19583333,18
49.2,18
49.20416667,18
49.20833333,17.9
49.2125,17.9
49.21666667,17.9
49.22083333,17.8
49.225,17.8
49.22916667,17.8
49.23333333,17.9
49.2375,17.9
49.24166667,18
49.24583333,18
49.25,18
49.25416667,18.1
49.25833333,18.1
49.2625,18.1
49.26666667,18.1
49.27083333,18.1
49.275,18.1
49.27916667,18.1
49.28333333,18.2
49.2875,18.2
49.29166667,18.2
49.29583333,18.2
49.3,18.2
49.30416667,18.2
49.30833333,18.2
49.3125,18.2
49.31666667,18.2
49.32083333,18.2
49.325,18.2
49.32916667,18.2
49.33333333,18.2
49.3375,18.2
49.34166667,18.2
49.34583333,18.2
49.35,18.2
49.35416667,18.2
49.35833333,18.2
49.3625,18.2
49.36666667,18.2
49.37083333,18.2
49.375,18.2
49.37916667,18.2
49.38333333,18.2
49.3875,18.2
49.39166667,18.2
49.39583333,18.2
49.4,18.2
49.40416667,18.2
49.40833333,18.2
49.4125,18.2
49.41666667,18.2
49.42083333,18.2
49.425,18.2
49.42916667,18.2
49.43333333,18.2
49.4375,18.2
49.44166667,18.2
49.44583333,18.3
49.45,18.3
49.45416667,18.2
49.45833333,18.3
49.4625,18.2
49.46666667,18.2
49.47083333,18.2
49.475,18.2
49.47916667,18.2
49.48333333,18.2
49.4875,18.2
49.49166667,18.2
49.49583333,18.2
49.5,18.2
49.50416667,18.3
49.50833333,18.3
49.5125,18.3
49.51666667,18.3
49.52083333,18.4
49.525,18.4
49.52916667,18.4
49.53333333,18.4
49.5375,18.4
49.54166667,18.4
49.54583333,18.5
49.55,18.5
49.55416667,18.5
49.55833333,18.5
49.5625,18.5
49.56666667,18.5
49.57083333,18.5
49.575,18.5
49.57916667,18.5
49.58333333,18.5
49.5875,18.5
49.59166667,18.5
49.59583333,18.5
49.6,18.5
49.60416667,18.5
49.60833333,18.5
49.6125,18.6
49.61666667,18.6
49.62083333,18.6
49.625,18.5
49.62916667,18.5
49.63333333,18.5
49.6375,18.5
49.64166667,18.5
49.64583333,18.5
49.65,18.5
49.65416667,18.5
49.65833333,18.5
49.6625,18.5
49.66666667,18.5
49.67083333,18.5
49.675,18.5
49.67916667,18.5
49.68333333,18.5
49.6875,18.5
49.69166667,18.5
49.69583333,18.5
49.7,18.5
49.70416667,18.5
49.70833333,18.5
49.7125,18.5
49.71666667,18.5
49.72083333,18.5
49.725,18.4
49.72916667,18.4
49.73333333,18.3
49.7375,18.4
49.74166667,18.3
49.74583333,18.3
49.75,18.2
49.75416667,18.3
49.75833333,18.3
49.7625,18.3
49.76666667,18.4
49.77083333,18.4
49.775,18.4
49.77916667,18.4
49.78333333,18.4
49.7875,18.4
49.79166667,18.4
49.79583333,18.4
49.8,18.4
49.80416667,18.4
49.80833333,18.4
49.8125,18.4
49.81666667,18.5
49.82083333,18.5
49.825,18.5
49.82916667,18.5
49.83333333,18.5
49.8375,18.5
49.84166667,18.6
49.84583333,18.6
49.85,18.6
49.85416667,18.6
49.85833333,18.6
49.8625,18.6
49.86666667,18.7
49.87083333,18.7
49.875,18.7
49.87916667,18.8
49.88333333,18.8
49.8875,18.8
49.89166667,18.8
49.89583333,18.8
49.9,18.8
49.90416667,18.8
49.90833333,18.8
49.9125,18.8
49.91666667,18.8
49.92083333,18.8
49.925,18.8
49.92916667,18.8
49.93333333,18.8
49.9375,18.8
49.94166667,18.9
49.94583333,18.9
49.95,18.9
49.95416667,18.9
49.95833333,18.9
49.9625,19
49.96666667,19
49.97083333,19
49.975,19
49.97916667,19
49.98333333,18.9
49.9875,18.9
49.99166667,18.9
49.99583333,18.9
50,18.9
50.00416667,18.9
50.00833333,18.9
50.0125,18.9
50.01666667,18.9
50.02083333,18.9
50.025,18.9
50.02916667,18.9
50.03333333,18.9
50.0375,18.9
50.04166667,18.9
50.04583333,18.9
50.05,18.9
50.05416667,18.8
50.05833333,18.8
50.0625,18.6
50.06666667,18.4
50.07083333,18.2
50.075,18.1
50.07916667,18
50.08333333,18
50.0875,18
50.09166667,18
50.09583333,18
50.1,18
50.10416667,18
50.10833333,18
50.1125,18.1
50.11666667,18.1
50.12083333,18.1
50.125,18.1
50.12916667,18.1
50.13333333,18
50.1375,18
50.14166667,17.9
50.14583333,17.7
50.15,17.6
50.15416667,17.5
50.15833333,17.4
50.1625,17.3
50.16666667,17.3
50.17083333,17.4
50.175,17.5
50.17916667,17.5
50.18333333,17.5
50.1875,17.4
50.19166667,17.4
50.19583333,17.4
50.2,17.4
50.20416667,17.4
50.20833333,17.4
50.2125,17.4
50.21666667,17.5
50.22083333,17.6
50.225,17.7
50.22916667,17.7
50.23333333,17.7
50.2375,17.8
50.24166667,17.7
50.24583333,17.7
50.25,17.7
50.25416667,17.7
50.25833333,17.8
50.2625,17.9
50.26666667,18
50.27083333,18
50.275,18.1
50.27916667,18.1
50.28333333,18.1
50.2875,18.1
50.29166667,18.1
50.29583333,18.2
50.3,18.2
50.30416667,18.2
50.30833333,18.2
50.3125,18.3
50.31666667,18.3
50.32083333,18.3
50.325,18.3
50.32916667,18.4
50.33333333,18.4
50.3375,18.4
50.34166667,18.4
50.34583333,18.5
50.35,18.5
50.35416667,18.5
50.35833333,18.4
50.3625,18.4
50.36666667,18.4
50.37083333,18.4
50.375,18.3
50.37916667,18.3
50.38333333,18.3
50.3875,18.2
50.39166667,18.2
50.39583333,18.2
50.4,18.2
50.40416667,18.2
50.40833333,18.2
50.4125,18.2
50.41666667,18.2
50.42083333,18.2
50.425,18.2
50.42916667,18.2
50.43333333,18.2
50.4375,18.2
50.44166667,18.2
50.44583333,18.3
50.45,18.3
50.45416667,18.3
50.45833333,18.3
50.4625,18.3
50.46666667,18.3
50.47083333,18.2
50.475,18.2
50.47916667,18.2
50.48333333,18.2
50.4875,18.2
50.49166667,18.2
50.49583333,18.2
50.5,18.2
50.50416667,18.2
50.50833333,18.3
50.5125,18.3
50.51666667,18.3
50.52083333,18.3
50.525,18.3
50.52916667,18.4
50.53333333,18.4
50.5375,18.4
50.54166667,18.4
50.54583333,18.4
50.55,18.4
50.55416667,18.5
50.55833333,18.5
50.5625,18.5
50.56666667,18.5
50.57083333,18.6
50.575,18.6
50.57916667,18.7
50.58333333,18.7
50.5875,18.7
50.59166667,18.7
50.59583333,18.7
50.6,18.7
50.60416667,18.7
50.60833333,18.7
50.6125,18.7
50.61666667,18.6
50.62083333,18.6
50.625,18.6
50.62916667,18.7
50.63333333,18.7
50.6375,18.7
50.64166667,18.7
50.64583333,18.7
50.65,18.7
50.65416667,18.7
50.65833333,18.7
50.6625,18.7
50.66666667,18.7
50.67083333,18.7
50.675,18.7
50.67916667,18.7
50.68333333,18.7
50.6875,18.7
50.69166667,18.7
50.69583333,18.6
50.7,18.6
50.70416667,18.6
50.70833333,18.6
50.7125,18.6
50.71666667,18.6
50.72083333,18.6
50.725,18.6
50.72916667,18.6
50.73333333,18.6
50.7375,18.6
50.74166667,18.5
50.74583333,18.4
50.75,18.4
50.75416667,18.5
50.75833333,18.5
50.7625,18.4
50.76666667,18.3
50.77083333,18.3
50.775,18.3
50.77916667,18.3
50.78333333,18.3
50.7875,18.3
50.79166667,18.3
50.79583333,18.3
50.8,18.3
50.80416667,18.3
50.80833333,18.4
50.8125,18.4
50.81666667,18.4
50.82083333,18.4
50.825,18.4
50.82916667,18.5
50.83333333,18.5
50.8375,18.5
50.84166667,18.5
50.84583333,18.5
50.85,18.6
50.85416667,18.6
50.85833333,18.6
50.8625,18.7
50.86666667,18.7
50.87083333,18.7
50.875,18.7
50.87916667,18.7
50.88333333,18.8
50.8875,18.8
50.89166667,18.8
50.89583333,18.8
50.9,18.8
50.90416667,18.8
50.90833333,18.8
50.9125,18.8
50.91666667,18.8
50.92083333,18.8
50.925,18.8
50.92916667,18.8
50.93333333,18.8
50.9375,18.8
50.94166667,18.8
50.94583333,18.8
50.95,18.8
50.95416667,18.8
50.95833333,18.8
50.9625,18.8
50.96666667,18.8
50.97083333,18.9
50.975,18.9
50.97916667,18.9
50.98333333,19
50.9875,19
50.99166667,19
50.99583333,19
51,19
51.00416667,19
51.00833333,19
51.0125,18.9
51.01666667,18.9
51.02083333,18.9
51.025,18.9
51.02916667,18.9
51.03333333,18.9
51.0375,18.9
51.04166667,18.9
51.04583333,18.9
51.05,18.9
51.05416667,18.9
51.05833333,18.9
51.0625,18.9
51.06666667,18.9
51.07083333,18.9
51.075,18.8
51.07916667,18.7
51.08333333,18.5
51.0875,18.4
51.09166667,18.2
51.09583333,18.1
51.1,18
51.10416667,17.9
51.10833333,17.8
51.1125,17.7
51.11666667,17.6
51.12083333,17.7
51.125,17.7
51.12916667,17.7
51.13333333,17.7
51.1375,17.6
51.14166667,17.6
51.14583333,17.8
51.15,17.8
51.15416667,17.8
51.15833333,17.8
51.1625,17.8
51.16666667,17.8
51.17083333,17.9
51.175,17.9
51.17916667,17.9
51.18333333,17.9
51.1875,17.9
51.19166667,17.9
51.19583333,17.7
51.2,17.6
51.20416667,17.5
51.20833333,17.5
51.2125,17.5
51.21666667,17.5
51.22083333,17.6
51.225,17.5
51.22916667,17.5
51.23333333,17.6
51.2375,17.8
51.24166667,17.9
51.24583333,17.9
51.25,17.9
51.25416667,17.9
51.25833333,17.8
51.2625,17.7
51.26666667,17.6
51.27083333,17.5
51.275,17.5
51.27916667,17.5
51.28333333,17.5
51.2875,17.5
51.29166667,17.6
51.29583333,17.6
51.3,17.7
51.30416667,17.8
51.30833333,17.9
51.3125,17.9
51.31666667,18
51.32083333,18
51.325,18
51.32916667,18
51.33333333,18
51.3375,18.1
51.34166667,18.1
51.34583333,18.1
51.35,18.2
51.35416667,18.2
51.35833333,18.2
51.3625,18.2
51.36666667,18.2
51.37083333,18.2
51.375,18.2
51.37916667,18.2
51.38333333,18.2
51.3875,18.2
51.39166667,18.2
51.39583333,18.2
51.4,18.2
51.40416667,18.2
51.40833333,18.2
51.4125,18.2
51.41666667,18.2
51.42083333,18.2
51.425,18.2
51.42916667,18.2
51.43333333,18.2
51.4375,18.2
51.44166667,18.2
51.44583333,18.2
51.45,18.2
51.45416667,18.2
51.45833333,18.2
51.4625,18.2
51.46666667,18.2
51.47083333,18.2
51.475,18.2
51.47916667,18.2
51.48333333,18.3
51.4875,18.3
51.49166667,18.3
51.49583333,18.3
51.5,18.3
51.50416667,18.3
51.50833333,18.3
51.5125,18.3
51.51666667,18.3
51.52083333,18.3
51.525,18.3
51.52916667,18.2
51.53333333,18.3
51.5375,18.3
51.54166667,18.4
51.54583333,18.4
51.55,18.4
51.55416667,18.4
51.55833333,18.5
51.5625,18.5
51.56666667,18.5
51.57083333,18.5
51.575,18.5
51.57916667,18.5
51.58333333,18.5
51.5875,18.6
51.59166667,18.6
51.59583333,18.7
51.6,18.8
51.60416667,18.8
51.60833333,18.8
51.6125,18.8
51.61666667,18.8
51.62083333,18.8
51.625,18.8
51.62916667,18.8
51.63333333,18.8
51.6375,18.8
51.64166667,18.8
51.64583333,18.8
51.65,18.8
51.65416667,18.8
51.65833333,18.8
51.6625,18.8
51.66666667,18.8
51.67083333,18.8
51.675,18.8
51.67916667,18.8
51.68333333,18.8
51.6875,18.8
51.69166667,18.8
51.69583333,18.8
51.7,18.8
51.70416667,18.8
51.70833333,18.8
51.7125,18.8
51.71666667,18.8
51.72083333,18.8
51.725,18.7
51.72916667,18.6
51.73333333,18.5
51.7375,18.4
51.74166667,18.3
51.74583333,18.2
51.75,18
51.75416667,18
51.75833333,18
51.7625,18
51.76666667,18
51.77083333,17.9
51.775,17.9
51.77916667,17.9
51.78333333,18
51.7875,18.1
51.79166667,18.2
51.79583333,18.2
51.8,18.1
51.80416667,18.1
51.80833333,18.1
51.8125,18.1
51.81666667,18.3
51.82083333,18.3
51.825,18.4
51.82916667,18.5
51.83333333,18.6
51.8375,18.6
51.84166667,18.6
51.84583333,18.7
51.85,18.7
51.85416667,18.7
51.85833333,18.7
51.8625,18.7
51.86666667,18.8
51.87083333,18.8
51.875,18.8
51.87916667,18.8
51.88333333,18.8
51.8875,18.8
51.89166667,18.7
51.89583333,18.8
51.9,18.8
51.90416667,18.8
51.90833333,18.9
51.9125,18.9
51.91666667,18.9
51.92083333,18.9
51.925,19
51.92916667,19
51.93333333,19
51.9375,19
51.94166667,19
51.94583333,19
51.95,19
51.95416667,19
51.95833333,19.1
51.9625,19.1
51.96666667,19.1
51.97083333,19.1
51.975,19.1
51.97916667,19.1
51.98333333,19.2
51.9875,19.2
51.99166667,19.2
51.99583333,19.2
52,19.2
52.00416667,19.2
52.00833333,19.2
52.0125,19.2
52.01666667,19.2
52.02083333,19.2
52.025,19.3
52.02916667,19.3
52.03333333,19.3
52.0375,19.3
52.04166667,19.3
52.04583333,19.3
52.05,19.3
52.05416667,19.2
52.05833333,19.2
52.0625,19.2
52.06666667,19.2
52.07083333,19.1
52.075,19.1
52.07916667,19
52.08333333,18.7
52.0875,18.3
52.09166667,18.1
52.09583333,18
52.1,17.9
52.10416667,17.9
52.10833333,17.8
52.1125,17.8
52.11666667,17.7
52.12083333,17.7
52.125,17.6
52.12916667,17.6
52.13333333,17.6
52.1375,17.6
52.14166667,17.6
52.14583333,17.6
52.15,17.6
52.15416667,17.5
52.15833333,17.4
52.1625,17.4
52.16666667,17.4
52.17083333,17.4
52.175,17.4
52.17916667,17.5
52.18333333,17.4
52.1875,17.4
52.19166667,17.5
52.19583333,17.5
52.2,17.6
52.20416667,17.6
52.20833333,17.6
52.2125,17.5
52.21666667,17.5
52.22083333,17.5
52.225,17.4
52.22916667,17.4
52.23333333,17.4
52.2375,17.3
52.24166667,17.3
52.24583333,17.4
52.25,17.4
52.25416667,17.3
52.25833333,17.2
52.2625,17.2
52.26666667,17.2
52.27083333,17.2
52.275,17.2
52.27916667,17.2
52.28333333,17.2
52.2875,17.2
52.29166667,17.1
52.29583333,17.1
52.3,17.1
52.30416667,17.3
52.30833333,17.3
52.3125,17.4
52.31666667,17.5
52.32083333,17.7
52.325,17.8
52.32916667,17.9
52.33333333,17.9
52.3375,17.9
52.34166667,17.9
52.34583333,18
52.35,18
52.35416667,18.1
52.35833333,18.1
52.3625,18.1
52.36666667,18.1
52.37083333,18.1
52.375,18.1
52.37916667,18.1
52.38333333,18.1
52.3875,18.1
52.39166667,18.2
52.39583333,18.2
52.4,18.2
52.40416667,18.2
52.40833333,18.3
52.4125,18.3
52.41666667,18.3
52.42083333,18.3
52.425,18.3
52.42916667,18.3
52.43333333,18.4
52.4375,18.5
52.44166667,18.5
52.44583333,18.4
52.45,18.4
52.45416667,18.3
52.45833333,18.3
52.4625,18.3
52.46666667,18.3
52.47083333,18.3
52.475,18.3
52.47916667,18.3
52.48333333,18.3
52.4875,18.3
52.49166667,18.3
52.49583333,18.3
52.5,18.3
52.50416667,18.3
52.50833333,18.3
52.5125,18.3
52.51666667,18.3
52.52083333,18.3
52.525,18.3
52.52916667,18.3
52.53333333,18.3
52.5375,18.3
52.54166667,18.3
52.54583333,18.3
52.55,18.3
52.55416667,18.3
52.55833333,18.3
52.5625,18.3
52.56666667,18.3
52.57083333,18.3
52.575,18.3
52.57916667,18.3
52.58333333,18.3
52.5875,18.4
52.59166667,18.4
52.59583333,18.4
52.6,18.4
52.60416667,18.4
52.60833333,18.4
52.6125,18.5
52.61666667,18.6
52.62083333,18.7
52.625,18.8
52.62916667,18.8
52.63333333,18.9
52.6375,18.9
52.64166667,18.9
52.64583333,18.9
52.65,18.9
52.65416667,18.9
52.65833333,18.9
52.6625,18.9
52.66666667,18.9
52.67083333,18.9
52.675,18.9
52.67916667,18.9
52.68333333,18.9
52.6875,18.9
52.69166667,18.9
52.69583333,18.9
52.7,18.9
52.70416667,18.9
52.70833333,18.9
52.7125,18.9
52.71666667,18.9
52.72083333,18.9
52.725,18.9
52.72916667,18.9
52.73333333,18.9
52.7375,18.9
52.74166667,18.9
52.74583333,18.8
52.75,18.6
52.75416667,18.5
52.75833333,18.4
52.7625,18.3
52.76666667,18.2
52.77083333,18.1
52.775,18.1
52.77916667,18
52.78333333,18.1
52.7875,18.1
52.79166667,18
52.79583333,18.1
52.8,18
52.80416667,18
52.80833333,18
52.8125,18.2
52.81666667,18.3
52.82083333,18.3
52.825,18.4
52.82916667,18.3
52.83333333,18.4
52.8375,18.5
52.84166667,18.5
52.84583333,18.5
52.85,18.5
52.85416667,18.5
52.85833333,18.5
52.8625,18.6
52.86666667,18.6
52.87083333,18.6
52.875,18.6
52.87916667,18.6
52.88333333,18.6
52.8875,18.7
52.89166667,18.7
52.89583333,18.7
52.9,18.7
52.90416667,18.7
52.90833333,18.7
52.9125,18.8
52.91666667,18.8
52.92083333,18.8
52.925,18.8
52.92916667,18.8
52.93333333,18.8
52.9375,18.8
52.94166667,18.8
52.94583333,18.8
52.95,18.7
52.95416667,18.7
52.95833333,18.7
52.9625,18.7
52.96666667,18.8
52.97083333,18.8
52.975,18.8
52.97916667,18.8
52.98333333,18.8
52.9875,18.8
52.99166667,18.9
52.99583333,18.9
53,18.9
53.00416667,18.9
53.00833333,18.9
53.0125,18.9
53.01666667,18.9
53.02083333,18.9
53.025,19
53.02916667,19
53.03333333,19
53.0375,19
53.04166667,19
53.04583333,19
53.05,19
53.05416667,19
53.05833333,19
53.0625,19
53.06666667,19
53.07083333,19
53.075,19
53.07916667,19
53.08333333,19
53.0875,19
53.09166667,19
53.09583333,19
53.1,19.1
53.10416667,19
53.10833333,18.6
53.1125,18.3
53.11666667,18
53.12083333,17.8
53.125,17.7
53.12916667,17.6
53.13333333,17.6
53.1375,17.6
53.14166667,17.6
53.14583333,17.5
53.15,17.3
53.15416667,17.3
53.15833333,17.3
53.1625,17.3
53.16666667,17.3
53.17083333,17.3
53.175,17.1
53.17916667,17.1
53.18333333,17.1
53.1875,17.1
53.19166667,17
53.19583333,17.1
53.2,17.1
53.20416667,17.1
53.20833333,17.1
53.2125,17.1
53.21666667,17.1
53.22083333,17.1
53.225,17.1
53.22916667,17.1
53.23333333,17
53.2375,17
53.24166667,16.9
53.24583333,16.8
53.25,16.8
53.25416667,16.6
53.25833333,16.5
53.2625,16.5
53.26666667,16.5
53.27083333,16.5
53.275,16.5
53.27916667,16.5
53.28333333,16.5
53.2875,16.7
53.29166667,16.9
53.29583333,17
53.3,17.1
53.30416667,17.2
53.30833333,17.3
53.3125,17.3
53.31666667,17.2
53.32083333,17.2
53.325,17.2
53.32916667,17.2
53.33333333,17.2
53.3375,17.2
53.34166667,17.3
53.34583333,17.3
53.35,17.2
53.35416667,17.2
53.35833333,17.2
53.3625,17.2
53.36666667,17.3
53.37083333,17.3
53.375,17.4
53.37916667,17.5
53.38333333,17.6
53.3875,17.7
53.39166667,17.8
53.39583333,17.9
53.4,18
53.40416667,18
53.40833333,18
53.4125,18
53.41666667,18
53.42083333,18
53.425,18
53.42916667,18
53.43333333,18.1
53.4375,18.1
53.44166667,18.1
53.44583333,18.1
53.45,18.1
53.45416667,18.1
53.45833333,18.1
53.4625,18.1
53.46666667,18.1
53.47083333,18.1
53.475,18.1
53.47916667,18.2
53.48333333,18.1
53.4875,18.1
53.49166667,18.1
53.49583333,18.1
53.5,18.1
53.50416667,18.1
53.50833333,18.1
53.5125,18.1
53.51666667,18.1
53.52083333,18.1
53.525,18.1
53.52916667,18.2
53.53333333,18.2
53.5375,18.2
53.54166667,18.2
53.54583333,18.2
53.55,18.2
53.55416667,18.2
53.55833333,18.2
53.5625,18.2
53.56666667,18.2
53.57083333,18.2
53.575,18.2
53.57916667,18.2
53.58333333,18.1
53.5875,18.1
53.59166667,18.1
53.59583333,18.1
53.6,18.1
53.60416667,18.1
53.60833333,18.1
53.6125,18.1
53.61666667,18.1
53.62083333,18.1
53.625,18.1
53.62916667,18.1
53.63333333,18.1
53.6375,18.2
53.64166667,18.2
53.64583333,18.2
53.65,18.3
53.65416667,18.4
53.65833333,18.5
53.6625,18.6
53.66666667,18.7
53.67083333,18.8
53.675,18.8
53.67916667,18.8
53.68333333,18.8
53.6875,18.8
53.69166667,18.8
53.69583333,18.8
53.7,18.7
53.70416667,18.7
53.70833333,18.7
53.7125,18.7
53.71666667,18.7
53.72083333,18.8
53.725,18.8
53.72916667,18.8
53.73333333,18.8
53.7375,18.8
53.74166667,18.8
53.74583333,18.8
53.75,18.8
53.75416667,18.8
53.75833333,18.8
53.7625,18.8
53.76666667,18.8
53.77083333,18.8
53.775,18.8
53.77916667,18.8
53.78333333,18.8
53.7875,18.8
53.79166667,18.8
53.79583333,18.7
53.8,18.5
53.80416667,18.3
53.80833333,18.2
53.8125,18.1
53.81666667,18.1
53.82083333,18
53.825,18
53.82916667,18.1
53.83333333,18.1
53.8375,18.1
53.84166667,18
53.84583333,18
53.85,18
53.85416667,18.1
53.85833333,18.2
53.8625,18.2
53.86666667,18.2
53.87083333,18.3
53.875,18.3
53.87916667,18.3
53.88333333,18.3
53.8875,18.4
53.89166667,18.4
53.89583333,18.5
53.9,18.5
53.90416667,18.6
53.90833333,18.6
53.9125,18.6
53.91666667,18.7
53.92083333,18.7
53.925,18.7
53.92916667,18.8
53.93333333,18.8
53.9375,18.8
53.94166667,18.8
53.94583333,18.8
53.95,18.8
53.95416667,18.7
53.95833333,18.7
53.9625,18.7
53.96666667,18.8
53.97083333,18.8
53.975,18.8
53.97916667,18.9
53.98333333,18.9
53.9875,18.9
53.99166667,18.9
53.99583333,18.9
54,18.9
54.00416667,18.9
54.00833333,19
54.0125,19
54.01666667,19
54.02083333,19
54.025,19
54.02916667,19
54.03333333,19
54.0375,19
54.04166667,19
54.04583333,19
54.05,19
54.05416667,19
54.05833333,19
54.0625,19
54.06666667,19
54.07083333,19
54.075,19
54.07916667,19
54.08333333,19
54.0875,19
54.09166667,19
54.09583333,19
54.1,19
54.10416667,19
54.10833333,19
54.1125,19
54.11666667,19
54.12083333,19
54.125,19
54.12916667,19
54.13333333,18.8
54.1375,18.5
54.14166667,18.3
54.14583333,18.2
54.15,18.1
54.15416667,18
54.15833333,17.9
54.1625,17.7
54.16666667,17.6
54.17083333,17.6
54.175,17.6
54.17916667,17.6
54.18333333,17.5
54.1875,17.5
54.19166667,17.5
54.19583333,17.5
54.2,17.5
54.20416667,17.5
54.20833333,17.5
54.2125,17.5
54.21666667,17.5
54.22083333,17.4
54.225,17.4
54.22916667,17.4
54.23333333,17.4
54.2375,17.4
54.24166667,17.4
54.24583333,17.4
54.25,17.3
54.25416667,17.3
54.25833333,17.2
54.2625,17.1
54.26666667,17
54.27083333,17
54.275,16.9
54.27916667,16.9
54.28333333,16.9
54.2875,16.8
54.29166667,16.9
54.29583333,16.8
54.3,16.8
54.30416667,16.8
54.30833333,16.8
54.3125,16.8
54.31666667,16.8
54.32083333,16.8
54.325,16.9
54.32916667,17
54.33333333,17.1
54.3375,17.2
54.34166667,17.4
54.34583333,17.4
54.35,17.4
54.35416667,17.4
54.35833333,17.4
54.3625,17.4
54.36666667,17.4
54.37083333,17.4
54.375,17.4
54.37916667,17.4
54.38333333,17.4
54.3875,17.4
54.39166667,17.4
54.39583333,17.4
54.4,17.4
54.40416667,17.5
54.40833333,17.6
54.4125,17.7
54.41666667,17.8
54.42083333,17.9
54.425,17.9
54.42916667,18
54.43333333,17.9
54.4375,17.9
54.44166667,17.9
54.44583333,18
54.45,18.1
54.45416667,18.1
54.45833333,18.2
54.4625,18.3
54.46666667,18.3
54.47083333,18.3
54.475,18.4
54.47916667,18.4
54.48333333,18.4
54.4875,18.4
54.49166667,18.4
54.49583333,18.4
54.5,18.4
54.50416667,18.3
54.50833333,18.3
54.5125,18.3
54.51666667,18.3
54.52083333,18.3
54.525,18.4
54.52916667,18.4
54.53333333,18.5
54.5375,18.5
54.54166667,18.5
54.54583333,18.5
54.55,18.5
54.55416667,18.5
54.55833333,18.4
54.5625,18.4
54.56666667,18.4
54.57083333,18.4
54.575,18.4
54.57916667,18.4
54.58333333,18.4
54.5875,18.4
54.59166667,18.4
54.59583333,18.4
54.6,18.4
54.60416667,18.4
54.60833333,18.4
54.6125,18.4
54.61666667,18.3
54.62083333,18.3
54.625,18.3
54.62916667,18.3
54.63333333,18.3
54.6375,18.2
54.64166667,18.2
54.64583333,18.2
54.65,18.2
54.65416667,18.2
54.65833333,18.2
54.6625,18.2
54.66666667,18.3
54.67083333,18.3
54.675,18.4
54.67916667,18.4
54.68333333,18.4
54.6875,18.5
54.69166667,18.6
54.69583333,18.7
54.7,18.7
54.70416667,18.7
54.70833333,18.8
54.7125,18.8
54.71666667,18.9
54.72083333,18.9
54.725,18.9
54.72916667,19
54.73333333,19
54.7375,19
54.74166667,19
54.74583333,19
54.75,19
54.75416667,19
54.75833333,19
54.7625,18.9
54.76666667,18.9
54.77083333,18.9
54.775,18.9
54.77916667,18.9
54.78333333,18.9
54.7875,18.9
54.79166667,18.9
54.79583333,18.9
54.8,18.9
54.80416667,18.9
54.80833333,18.9
54.8125,18.9
54.81666667,18.9
54.82083333,18.9
54.825,18.9
54.82916667,18.9
54.83333333,18.9
54.8375,18.9
54.84166667,18.9
54.84583333,18.7
54.85,18.7
54.85416667,18.7
54.85833333,18.8
54.8625,18.7
54.86666667,18.6
54.87083333,18.5
54.875,18.5
54.87916667,18.6
54.88333333,18.6
54.8875,18.4
54.89166667,18.3
54.89583333,18.2
54.9,18.2
54.90416667,18.3
54.90833333,18.4
54.9125,18.4
54.91666667,18.5
54.92083333,18.6
54.925,18.6
54.92916667,18.6
54.93333333,18.6
54.9375,18.7
54.94166667,18.6
54.94583333,18.6
54.95,18.6
54.95416667,18.7
54.95833333,18.8
54.9625,18.8
54.96666667,18.8
54.97083333,18.9
54.975,18.9
54.97916667,18.9
54.98333333,18.9
54.9875,18.9
54.99166667,18.9
54.99583333,18.9
55,18.9
55.00416667,19
55.00833333,19
55.0125,19
55.01666667,19
55.02083333,19
55.025,19
55.02916667,19
55.03333333,19
55.0375,19
55.04166667,19
55.04583333,19
55.05,19
55.05416667,19
55.05833333,19
55.0625,19
55.06666667,19
55.07083333,19
55.075,19
55.07916667,19
55.08333333,19
55.0875,19
55.09166667,19
55.09583333,19
55.1,19
55.10416667,19
55.10833333,19
55.1125,19
55.11666667,19
55.12083333,19
55.125,19
55.12916667,19
55.13333333,19
55.1375,19
55.14166667,19
55.14583333,19
55.15,19
55.15416667,19
55.15833333,19
55.1625,19
55.16666667,19
55.17083333,19
55.175,19
55.17916667,18.9
55.18333333,18.8
55.1875,18.7
55.19166667,18.6
55.19583333,18.5
55.2,18.4
55.20416667,18.4
55.20833333,18.3
55.2125,18.3
55.21666667,18.2
55.22083333,18.2
55.225,18.1
55.22916667,18.1
55.23333333,18
55.2375,18
55.24166667,18
55.24583333,18
55.25,17.9
55.25416667,17.9
55.25833333,17.9
55.2625,17.9
55.26666667,17.9
55.27083333,17.9
55.275,17.9
55.27916667,17.9
55.28333333,17.9
55.2875,17.9
55.29166667,17.9
55.29583333,17.8
55.3,17.8
55.30416667,17.7
55.30833333,17.7
55.3125,17.6
55.31666667,17.6
55.32083333,17.7
55.325,17.8
55.32916667,17.8
55.33333333,17.8
55.3375,17.7
55.34166667,17.8
55.34583333,17.8
55.35,17.8
55.35416667,17.8
55.35833333,17.7
55.3625,17.6
55.36666667,17.5
55.37083333,17.5
55.375,17.6
55.37916667,17.6
55.38333333,17.6
55.3875,17.7
55.39166667,17.8
55.39583333,17.8
55.4,17.8
55.40416667,17.8
55.40833333,17.8
55.4125,17.8
55.41666667,17.8
55.42083333,17.8
55.425,17.8
55.42916667,17.9
55.43333333,17.9
55.4375,17.9
55.44166667,17.9
55.44583333,17.9
55.45,17.9
55.45416667,17.9
55.45833333,17.9
55.4625,17.9
55.46666667,17.9
55.47083333,17.9
55.475,17.9
55.47916667,17.9
55.48333333,17.9
55.4875,18
55.49166667,18
55.49583333,18
55.5,18
55.50416667,18
55.50833333,18
55.5125,18
55.51666667,18.1
55.52083333,18
55.525,18
55.52916667,18
55.53333333,18
55.5375,17.9
55.54166667,17.9
55.54583333,17.9
55.55,17.9
55.55416667,17.9
55.55833333,17.9
55.5625,17.9
55.56666667,18
55.57083333,18
55.575,18
55.57916667,18
55.58333333,18
55.5875,18
55.59166667,18
55.59583333,18
55.6,18
55.60416667,18
55.60833333,18
55.6125,18.1
55.61666667,18.1
55.62083333,18.1
55.625,18.1
55.62916667,18.1
55.63333333,18.2
55.6375,18.2
55.64166667,18.2
55.64583333,18.2
55.65,18.2
55.65416667,18.2
55.65833333,18.2
55.6625,18.2
55.66666667,18.2
55.67083333,18.2
55.675,18.2
55.67916667,18.2
55.68333333,18.2
55.6875,18.2
55.69166667,18.2
55.69583333,18.3
55.7,18.3
55.70416667,18.4
55.70833333,18.4
55.7125,18.4
55.71666667,18.5
55.72083333,18.6
55.725,18.6
55.72916667,18.7
55.73333333,18.7
55.7375,18.8
55.74166667,18.7
55.74583333,18.8
55.75,18.8
55.75416667,18.8
55.75833333,18.8
55.7625,18.8
55.76666667,18.8
55.77083333,18.8
55.775,18.9
55.77916667,18.9
55.78333333,18.9
55.7875,19
55.79166667,19
55.79583333,19
55.8,19.1
55.80416667,19.1
55.80833333,19.1
55.8125,19.1
55.81666667,19
55.82083333,19
55.825,19
55.82916667,19
55.83333333,19
55.8375,19
55.84166667,19
55.84583333,19
55.85,19
55.85416667,19
55.85833333,19
55.8625,19
55.86666667,19
55.87083333,19
55.875,19
55.87916667,19
55.88333333,19
55.8875,19
55.89166667,19
55.89583333,19
55.9,19
55.90416667,19
55.90833333,19
55.9125,19
55.91666667,19
55.92083333,19
55.925,19
55.92916667,19
55.93333333,19
55.9375,19
55.94166667,19
55.94583333,18.9
55.95,19
55.95416667,19
55.95833333,18.9
55.9625,18.9
55.96666667,18.9
55.97083333,18.9
55.975,19
55.97916667,19
55.98333333,19
55.9875,19
55.99166667,19
55.99583333,19
56,19
56.00416667,19
56.00833333,19
56.0125,19
56.01666667,19
56.02083333,19
56.025,19
56.02916667,19
56.03333333,19.1
56.0375,19.1
56.04166667,19.1
56.04583333,19.1
56.05,19.1
56.05416667,19.1
56.05833333,19.1
56.0625,19.1
56.06666667,19.1
56.07083333,19.1
56.075,19.1
56.07916667,19.1
56.08333333,19.1
56.0875,19.1
56.09166667,19.1
56.09583333,19.1
56.1,19.1
56.10416667,19.1
56.10833333,19.1
56.1125,19.1
56.11666667,19.1
56.12083333,19.1
56.125,19.1
56.12916667,19.1
56.13333333,19.1
56.1375,19.1
56.14166667,19.1
56.14583333,19
56.15,19
56.15416667,19.1
56.15833333,19.1
56.1625,19.1
56.16666667,19.1
56.17083333,19.1
56.175,19.1
56.17916667,19
56.18333333,19
56.1875,19
56.19166667,19
56.19583333,18.9
56.2,18.9
56.20416667,18.8
56.20833333,18.8
56.2125,18.8
56.21666667,18.8
56.22083333,18.8
56.225,18.8
56.22916667,18.8
56.23333333,18.8
56.2375,18.7
56.24166667,18.7
56.24583333,18.7
56.25,18.7
56.25416667,18.7
56.25833333,18.7
56.2625,18.7
56.26666667,18.7
56.27083333,18.7
56.275,18.7
56.27916667,18.6
56.28333333,18.6
56.2875,18.5
56.29166667,18.5
56.29583333,18.5
56.3,18.5
56.30416667,18.4
56.30833333,18.4
56.3125,18.4
56.31666667,18.3
56.32083333,18.3
56.325,18.3
56.32916667,18.3
56.33333333,18.4
56.3375,18.4
56.34166667,18.4
56.34583333,18.5
56.35,18.5
56.35416667,18.5
56.35833333,18.5
56.3625,18.5
56.36666667,18.5
56.37083333,18.4
56.375,18.3
56.37916667,18.2
56.38333333,18.2
56.3875,18.1
56.39166667,18.1
56.39583333,18.1
56.4,18
56.40416667,18.1
56.40833333,18.1
56.4125,18.1
56.41666667,18.1
56.42083333,18.2
56.425,18.2
56.42916667,18.2
56.43333333,18.2
56.4375,18.2
56.44166667,18.2
56.44583333,18.3
56.45,18.3
56.45416667,18.3
56.45833333,18.2
56.4625,18.2
56.46666667,18.2
56.47083333,18.2
56.475,18.3
56.47916667,18.3
56.48333333,18.3
56.4875,18.4
56.49166667,18.4
56.49583333,18.4
56.5,18.4
56.50416667,18.4
56.50833333,18.4
56.5125,18.4
56.51666667,18.4
56.52083333,18.4
56.525,18.4
56.52916667,18.4
56.53333333,18.4
56.5375,18.4
56.54166667,18.4
56.54583333,18.4
56.55,18.4
56.55416667,18.4
56.55833333,18.4
56.5625,18.4
56.56666667,18.4
56.57083333,18.4
56.575,18.4
56.57916667,18.5
56.58333333,18.5
56.5875,18.5
56.59166667,18.5
56.59583333,18.5
56.6,18.5
56.60416667,18.5
56.60833333,18.4
56.6125,18.4
56.61666667,18.4
56.62083333,18.4
56.625,18.5
56.62916667,18.5
56.63333333,18.5
56.6375,18.5
56.64166667,18.5
56.64583333,18.5
56.65,18.5
56.65416667,18.5
56.65833333,18.5
56.6625,18.6
56.66666667,18.6
56.67083333,18.6
56.675,18.6
56.67916667,18.5
56.68333333,18.5
56.6875,18.5
56.69166667,18.5
56.69583333,18.6
56.7,18.6
56.70416667,18.5
56.70833333,18.6
56.7125,18.6
56.71666667,18.5
56.72083333,18.5
56.725,18.6
56.72916667,18.6
56.73333333,18.6
56.7375,18.6
56.74166667,18.7
56.74583333,18.7
56.75,18.7
56.75416667,18.7
56.75833333,18.7
56.7625,18.7
56.76666667,18.8
56.77083333,18.8
56.775,18.9
56.77916667,18.9
56.78333333,18.9
56.7875,18.9
56.79166667,18.9
56.79583333,18.9
56.8,19
56.80416667,19
56.80833333,19
56.8125,19
56.81666667,19
56.82083333,19
56.825,19
56.82916667,19
56.83333333,19
56.8375,19
56.84166667,19
56.84583333,19
56.85,19
56.85416667,19
56.85833333,19
56.8625,19
56.86666667,19
56.87083333,19
56.875,19
56.87916667,19
56.88333333,19
56.8875,19
56.89166667,19
56.89583333,19
56.9,19
56.90416667,19
56.90833333,19
56.9125,19
56.91666667,19
56.92083333,19
56.925,19
56.92916667,19
56.93333333,19
56.9375,19
56.94166667,19
56.94583333,19
56.95,19
56.95416667,19
56.95833333,19
56.9625,19
56.96666667,19
56.97083333,19
56.975,19
56.97916667,19
56.98333333,18.9
56.9875,18.9
56.99166667,18.9
56.99583333,18.9
57,18.9
