$,
,
JDAY,TIN
1,17.47664541
1.01041667,17.47664541
1.02083333,17.47664541
1.03125,17.47664541
1.04166667,17.47664541
1.05208333,17.47664541
1.0625,17.47664541
1.07291667,17.47664541
1.08333333,17.47664541
1.09375,17.47664541
1.10416667,17.47664541
1.11458333,17.47664541
1.125,17.47664541
1.13541667,17.47664541
1.14583333,17.47664541
1.15625,17.47664541
1.16666667,17.47664541
1.17708333,17.47664541
1.1875,17.47664541
1.19791667,17.47664541
1.20833333,17.47664541
1.21875,17.47664541
1.22916667,17.47664541
1.23958333,17.47664541
1.25,17.47664541
1.26041667,17.47664541
1.27083333,17.47664541
1.28125,17.47664541
1.29166667,17.47664541
1.30208333,17.47664541
1.3125,17.47664541
1.32291667,17.47664541
1.33333333,17.47664541
1.34375,17.47664541
1.35416667,17.47664541
1.36458333,17.47664541
1.375,17.47664541
1.38541667,17.47664541
1.39583333,17.47664541
1.40625,17.47664541
1.41666667,17.47664541
1.42708333,17.47664541
1.4375,17.47664541
1.44791667,17.47664541
1.45833333,17.47664541
1.46875,17.47664541
1.47916667,17.47664541
1.48958333,17.47664541
1.5,17.47664541
1.51041667,17.47664541
1.52083333,17.47664541
1.53125,17.47664541
1.54166667,17.47664541
1.55208333,17.47664541
1.5625,17.47664541
1.57291667,17.47664541
1.58333333,17.47664541
1.59375,17.47664541
1.60416667,17.47664541
1.61458333,17.47664541
1.625,17.47664541
1.63541667,17.47664541
1.64583333,17.47664541
1.65625,17.47664541
1.66666667,17.47664541
1.67708333,17.47664541
1.6875,17.47664541
1.69791667,17.47664541
1.70833333,17.47664541
1.71875,17.47664541
1.72916667,17.47664541
1.73958333,17.47664541
1.75,17.47664541
1.76041667,17.47664541
1.77083333,17.47664541
1.78125,17.47664541
1.79166667,17.47664541
1.80208333,17.47664541
1.8125,17.47664541
1.82291667,17.47664541
1.83333333,17.47664541
1.84375,17.47664541
1.85416667,17.47664541
1.86458333,17.47664541
1.875,17.47664541
1.88541667,17.47664541
1.89583333,17.47664541
1.90625,17.47664541
1.91666667,17.47664541
1.92708333,17.47664541
1.9375,17.47664541
1.94791667,17.47664541
1.95833333,17.47664541
1.96875,17.47664541
1.97916667,17.47664541
1.98958333,17.47664541
2,17.47664541
2.01041667,17.47664541
2.02083333,17.47664541
2.03125,17.47664541
2.04166667,17.47664541
2.05208333,17.47664541
2.0625,17.47664541
2.07291667,17.47664541
2.08333333,17.47664541
2.09375,17.47664541
2.10416667,17.47664541
2.11458333,17.47664541
2.125,17.47664541
2.13541667,17.47664541
2.14583333,17.47664541
2.15625,17.47664541
2.16666667,17.47664541
2.17708333,17.47664541
2.1875,17.47664541
2.19791667,17.47664541
2.20833333,17.47664541
2.21875,17.47664541
2.22916667,17.47664541
2.23958333,17.47664541
2.25,17.47664541
2.26041667,17.47664541
2.27083333,17.47664541
2.28125,17.47664541
2.29166667,17.47664541
2.30208333,17.47664541
2.3125,17.47664541
2.32291667,17.47664541
2.33333333,17.47664541
2.34375,17.47664541
2.35416667,17.47664541
2.36458333,17.47664541
2.375,17.47664541
2.38541667,17.47664541
2.39583333,17.47664541
2.40625,17.47664541
2.41666667,17.47664541
2.42708333,17.47664541
2.4375,17.47664541
2.44791667,17.47664541
2.45833333,17.47664541
2.46875,17.47664541
2.47916667,17.47664541
2.48958333,17.47664541
2.5,17.47664541
2.51041667,17.47664541
2.52083333,17.47664541
2.53125,17.47664541
2.54166667,17.47664541
2.55208333,17.47664541
2.5625,17.47664541
2.57291667,17.47664541
2.58333333,17.47664541
2.59375,17.47664541
2.60416667,17.47664541
2.61458333,17.47664541
2.625,17.47664541
2.63541667,17.47664541
2.64583333,17.47664541
2.65625,17.47664541
2.66666667,17.47664541
2.67708333,17.47664541
2.6875,17.47664541
2.69791667,17.47664541
2.70833333,17.47664541
2.71875,17.47664541
2.72916667,17.47664541
2.73958333,17.47664541
2.75,17.47664541
2.76041667,17.47664541
2.77083333,17.47664541
2.78125,17.47664541
2.79166667,17.47664541
2.80208333,17.47664541
2.8125,17.47664541
2.82291667,17.47664541
2.83333333,17.47664541
2.84375,17.47664541
2.85416667,17.47664541
2.86458333,17.47664541
2.875,17.47664541
2.88541667,17.47664541
2.89583333,17.47664541
2.90625,17.47664541
2.91666667,17.47664541
2.92708333,17.47664541
2.9375,17.47664541
2.94791667,17.47664541
2.95833333,17.47664541
2.96875,17.47664541
2.97916667,17.47664541
2.98958333,17.47664541
3,17.47664541
3.01041667,17.47664541
3.02083333,17.47664541
3.03125,17.47664541
3.04166667,17.47664541
3.05208333,17.47664541
3.0625,17.47664541
3.07291667,17.47664541
3.08333333,17.47664541
3.09375,17.47664541
3.10416667,17.47664541
3.11458333,17.47664541
3.125,17.47664541
3.13541667,17.47664541
3.14583333,17.47664541
3.15625,17.47664541
3.16666667,17.47664541
3.17708333,17.47664541
3.1875,17.47664541
3.19791667,17.47664541
3.20833333,17.47664541
3.21875,17.47664541
3.22916667,17.47664541
3.23958333,17.47664541
3.25,17.47664541
3.26041667,17.47664541
3.27083333,17.47664541
3.28125,17.47664541
3.29166667,17.47664541
3.30208333,17.47664541
3.3125,17.47664541
3.32291667,17.47664541
3.33333333,17.47664541
3.34375,17.47664541
3.35416667,17.47664541
3.36458333,17.47664541
3.375,17.47664541
3.38541667,17.47664541
3.39583333,17.47664541
3.40625,17.47664541
3.41666667,17.47664541
3.42708333,17.47664541
3.4375,17.47664541
3.44791667,17.47664541
3.45833333,17.47664541
3.46875,17.47664541
3.47916667,17.47664541
3.48958333,17.47664541
3.5,17.47664541
3.51041667,17.47664541
3.52083333,17.47664541
3.53125,17.47664541
3.54166667,17.47664541
3.55208333,17.47664541
3.5625,17.47664541
3.57291667,17.47664541
3.58333333,17.47664541
3.59375,17.47664541
3.60416667,17.47664541
3.61458333,17.47664541
3.625,17.47664541
3.63541667,17.47664541
3.64583333,17.47664541
3.65625,17.47664541
3.66666667,17.47664541
3.67708333,17.47664541
3.6875,17.47664541
3.69791667,17.47664541
3.70833333,17.47664541
3.71875,17.47664541
3.72916667,17.47664541
3.73958333,17.47664541
3.75,17.47664541
3.76041667,17.47664541
3.77083333,17.47664541
3.78125,17.47664541
3.79166667,17.47664541
3.80208333,17.47664541
3.8125,17.47664541
3.82291667,17.47664541
3.83333333,17.47664541
3.84375,17.47664541
3.85416667,17.47664541
3.86458333,17.47664541
3.875,17.47664541
3.88541667,17.47664541
3.89583333,17.47664541
3.90625,17.47664541
3.91666667,17.47664541
3.92708333,17.47664541
3.9375,17.47664541
3.94791667,17.47664541
3.95833333,17.47664541
3.96875,17.47664541
3.97916667,17.47664541
3.98958333,17.47664541
4,17.47664541
4.01041667,17.47664541
4.02083333,17.47664541
4.03125,17.47664541
4.04166667,17.47664541
4.05208333,17.47664541
4.0625,17.47664541
4.07291667,17.47664541
4.08333333,17.47664541
4.09375,17.47664541
4.10416667,17.47664541
4.11458333,17.47664541
4.125,17.47664541
4.13541667,17.47664541
4.14583333,17.47664541
4.15625,17.47664541
4.16666667,17.47664541
4.17708333,17.47664541
4.1875,17.47664541
4.19791667,17.47664541
4.20833333,17.47664541
4.21875,17.47664541
4.22916667,17.47664541
4.23958333,17.47664541
4.25,17.47664541
4.26041667,17.47664541
4.27083333,17.47664541
4.28125,17.47664541
4.29166667,17.47664541
4.30208333,17.47664541
4.3125,17.47664541
4.32291667,17.47664541
4.33333333,17.47664541
4.34375,17.47664541
4.35416667,17.47664541
4.36458333,17.47664541
4.375,17.47664541
4.38541667,17.47664541
4.39583333,17.47664541
4.40625,17.47664541
4.41666667,17.47664541
4.42708333,17.47664541
4.4375,17.47664541
4.44791667,17.47664541
4.45833333,17.47664541
4.46875,17.47664541
4.47916667,17.47664541
4.48958333,17.47664541
4.5,17.47664541
4.51041667,17.47664541
4.52083333,17.47664541
4.53125,17.47664541
4.54166667,17.47664541
4.55208333,17.47664541
4.5625,17.47664541
4.57291667,17.47664541
4.58333333,17.47664541
4.59375,17.47664541
4.60416667,17.47664541
4.61458333,17.47664541
4.625,17.47664541
4.66666667,17.47664541
4.67708333,17.47664541
4.6875,17.47664541
4.69791667,17.47664541
4.70833333,17.47664541
4.71875,17.47664541
4.72916667,17.47664541
4.73958333,17.47664541
4.75,17.47664541
4.76041667,17.47664541
4.77083333,17.47664541
4.78125,17.47664541
4.79166667,17.47664541
4.80208333,17.47664541
4.8125,17.47664541
4.82291667,17.47664541
4.83333333,17.47664541
4.84375,17.47664541
4.85416667,17.47664541
4.86458333,17.47664541
4.875,17.47664541
4.88541667,17.47664541
4.89583333,17.47664541
4.90625,17.47664541
4.91666667,17.47664541
4.92708333,17.47664541
4.9375,17.47664541
4.94791667,17.47664541
4.95833333,17.47664541
4.96875,17.47664541
4.97916667,17.47664541
4.98958333,17.47664541
5,17.47664541
5.01041667,17.47664541
5.02083333,17.47664541
5.03125,17.47664541
5.04166667,17.47664541
5.05208333,17.47664541
5.0625,17.47664541
5.07291667,17.47664541
5.08333333,17.47664541
5.09375,17.47664541
5.10416667,17.47664541
5.11458333,17.47664541
5.125,17.47664541
5.13541667,17.47664541
5.14583333,17.47664541
5.15625,17.47664541
5.16666667,17.47664541
5.17708333,17.47664541
5.1875,17.47664541
5.19791667,17.47664541
5.20833333,17.47664541
5.21875,17.47664541
5.22916667,17.47664541
5.23958333,17.47664541
5.25,17.47664541
5.26041667,17.47664541
5.27083333,17.47664541
5.28125,17.47664541
5.29166667,17.47664541
5.30208333,17.47664541
5.3125,17.47664541
5.32291667,17.47664541
5.33333333,17.47664541
5.34375,17.47664541
5.35416667,17.47664541
5.36458333,17.47664541
5.375,17.47664541
5.38541667,17.47664541
5.39583333,17.47664541
5.40625,17.47664541
5.41666667,17.47664541
5.42708333,17.47664541
5.4375,17.47664541
5.44791667,17.47664541
5.45833333,17.47664541
5.46875,17.47664541
5.47916667,17.47664541
5.48958333,17.47664541
5.5,17.47664541
5.51041667,17.47664541
5.52083333,17.47664541
5.53125,17.47664541
5.54166667,17.47664541
5.55208333,17.47664541
5.5625,17.47664541
5.57291667,17.47664541
5.58333333,17.47664541
5.59375,17.47664541
5.60416667,17.47664541
5.61458333,17.47664541
5.625,17.47664541
5.63541667,17.47664541
5.64583333,17.47664541
5.65625,17.47664541
5.66666667,17.47664541
5.67708333,17.47664541
5.6875,17.47664541
5.69791667,17.47664541
5.70833333,17.47664541
5.71875,17.47664541
5.72916667,17.47664541
5.73958333,17.47664541
5.75,17.47664541
5.76041667,17.47664541
5.77083333,17.47664541
5.78125,17.47664541
5.79166667,17.47664541
5.80208333,17.47664541
5.8125,17.47664541
5.82291667,17.47664541
5.83333333,17.47664541
5.84375,17.47664541
5.85416667,17.47664541
5.86458333,17.47664541
5.875,17.47664541
5.88541667,17.47664541
5.89583333,17.47664541
5.90625,17.47664541
5.91666667,17.47664541
5.92708333,17.47664541
5.9375,17.47664541
5.94791667,17.47664541
5.95833333,17.47664541
5.96875,17.47664541
5.97916667,17.47664541
5.98958333,17.47664541
6,17.47664541
6.01041667,17.47664541
6.02083333,17.47664541
6.03125,17.47664541
6.04166667,17.47664541
6.05208333,17.47664541
6.0625,17.47664541
6.07291667,17.47664541
6.08333333,17.47664541
6.09375,17.47664541
6.10416667,17.47664541
6.11458333,17.47664541
6.125,17.47664541
6.13541667,17.47664541
6.14583333,17.47664541
6.15625,17.47664541
6.16666667,17.47664541
6.17708333,17.47664541
6.1875,17.47664541
6.19791667,17.47664541
6.20833333,17.47664541
6.21875,17.47664541
6.22916667,17.47664541
6.23958333,17.47664541
6.25,17.47664541
6.26041667,17.47664541
6.27083333,17.47664541
6.28125,17.47664541
6.29166667,17.47664541
6.30208333,17.47664541
6.3125,17.47664541
6.32291667,17.47664541
6.33333333,17.47664541
6.34375,17.47664541
6.35416667,17.47664541
6.36458333,17.47664541
6.375,17.47664541
6.38541667,17.47664541
6.39583333,17.47664541
6.40625,17.47664541
6.41666667,17.47664541
6.42708333,17.47664541
6.4375,17.47664541
6.44791667,17.47664541
6.45833333,17.47664541
6.46875,17.47664541
6.47916667,17.47664541
6.48958333,17.47664541
6.5,17.47664541
6.51041667,17.47664541
6.52083333,17.47664541
6.53125,17.47664541
6.54166667,17.47664541
6.55208333,17.47664541
6.5625,17.47664541
6.57291667,17.47664541
6.58333333,17.47664541
6.59375,17.47664541
6.60416667,17.47664541
6.61458333,17.47664541
6.625,17.47664541
6.63541667,17.47664541
6.64583333,17.47664541
6.65625,17.47664541
6.66666667,17.47664541
6.67708333,17.47664541
6.6875,17.47664541
6.69791667,17.47664541
6.70833333,17.47664541
6.71875,17.47664541
6.72916667,17.47664541
6.73958333,17.47664541
6.75,17.47664541
6.76041667,17.47664541
6.77083333,17.47664541
6.78125,17.47664541
6.79166667,17.47664541
6.80208333,17.47664541
6.8125,17.47664541
6.82291667,17.47664541
6.83333333,17.47664541
6.84375,17.47664541
6.85416667,17.47664541
6.86458333,17.47664541
6.875,17.47664541
6.88541667,17.47664541
6.89583333,17.47664541
6.90625,17.47664541
6.91666667,17.47664541
6.92708333,17.47664541
6.9375,17.47664541
6.94791667,17.47664541
6.95833333,17.47664541
6.96875,17.47664541
6.97916667,17.47664541
6.98958333,17.47664541
7,17.47664541
7.01041667,17.47664541
7.02083333,17.47664541
7.03125,17.47664541
7.04166667,17.47664541
7.05208333,17.47664541
7.0625,17.47664541
7.07291667,17.47664541
7.08333333,17.47664541
7.09375,17.47664541
7.10416667,17.47664541
7.11458333,17.47664541
7.125,17.47664541
7.13541667,17.47664541
7.14583333,17.47664541
7.15625,17.47664541
7.16666667,17.47664541
7.17708333,17.47664541
7.1875,17.47664541
7.19791667,17.47664541
7.20833333,17.47664541
7.21875,17.47664541
7.22916667,17.47664541
7.23958333,17.47664541
7.25,17.47664541
7.26041667,17.47664541
7.27083333,17.47664541
7.28125,17.47664541
7.29166667,17.47664541
7.30208333,17.47664541
7.3125,17.47664541
7.32291667,17.47664541
7.33333333,17.47664541
7.34375,17.47664541
7.35416667,17.47664541
7.36458333,17.47664541
7.375,17.47664541
7.38541667,17.47664541
7.39583333,17.47664541
7.40625,17.47664541
7.41666667,17.47664541
7.42708333,17.47664541
7.4375,17.47664541
7.44791667,17.47664541
7.45833333,17.47664541
7.46875,17.47664541
7.47916667,17.47664541
7.48958333,17.47664541
7.5,17.47664541
7.51041667,17.47664541
7.52083333,17.47664541
7.53125,17.47664541
7.54166667,17.47664541
7.55208333,17.47664541
7.5625,17.47664541
7.57291667,17.47664541
7.58333333,17.47664541
7.59375,17.47664541
7.60416667,17.47664541
7.61458333,17.47664541
7.625,17.47664541
7.63541667,17.47664541
7.64583333,17.47664541
7.65625,17.47664541
7.66666667,17.47664541
7.67708333,17.47664541
7.6875,17.47664541
7.69791667,17.47664541
7.70833333,17.47664541
7.71875,17.47664541
7.72916667,17.47664541
7.73958333,17.47664541
7.75,17.47664541
7.76041667,17.47664541
7.77083333,17.47664541
7.78125,17.47664541
7.79166667,17.47664541
7.80208333,17.47664541
7.8125,17.47664541
7.82291667,17.47664541
7.83333333,17.47664541
7.84375,17.47664541
7.85416667,17.47664541
7.86458333,17.47664541
7.875,17.47664541
7.88541667,17.47664541
7.89583333,17.47664541
7.90625,17.47664541
7.91666667,17.47664541
7.92708333,17.47664541
7.9375,17.47664541
7.94791667,17.47664541
7.95833333,17.47664541
7.96875,17.47664541
7.97916667,17.47664541
7.98958333,17.47664541
8,17.47664541
8.01041667,17.47664541
8.02083333,17.47664541
8.03125,17.47664541
8.04166667,17.47664541
8.05208333,17.47664541
8.0625,17.47664541
8.07291667,17.47664541
8.08333333,17.47664541
8.09375,17.47664541
8.10416667,17.47664541
8.11458333,17.47664541
8.125,17.47664541
8.13541667,17.47664541
8.14583333,17.47664541
8.15625,17.47664541
8.16666667,17.47664541
8.17708333,17.47664541
8.1875,17.47664541
8.19791667,17.47664541
8.20833333,17.47664541
8.21875,17.47664541
8.22916667,17.47664541
8.23958333,17.47664541
8.25,17.47664541
8.26041667,17.47664541
8.27083333,17.47664541
8.28125,17.47664541
8.29166667,17.47664541
8.30208333,17.47664541
8.3125,17.47664541
8.32291667,17.47664541
8.33333333,17.47664541
8.34375,17.47664541
8.35416667,17.47664541
8.36458333,17.47664541
8.375,17.47664541
8.38541667,17.47664541
8.39583333,17.47664541
8.40625,17.47664541
8.41666667,17.47664541
8.42708333,17.47664541
8.4375,17.47664541
8.44791667,17.47664541
8.45833333,17.47664541
8.46875,17.47664541
8.47916667,17.47664541
8.48958333,17.47664541
8.5,17.47664541
8.51041667,17.47664541
8.52083333,17.47664541
8.53125,17.47664541
8.54166667,17.47664541
8.58333333,17.47664541
8.59375,17.47664541
8.60416667,17.47664541
8.61458333,17.47664541
8.625,17.47664541
8.63541667,17.47664541
8.64583333,17.47664541
8.65625,17.47664541
8.66666667,17.47664541
8.67708333,17.47664541
8.6875,17.47664541
8.69791667,17.47664541
8.70833333,17.47664541
8.71875,17.47664541
8.72916667,17.47664541
8.73958333,17.47664541
8.75,17.47664541
8.76041667,17.47664541
8.77083333,17.47664541
8.78125,17.47664541
8.79166667,17.47664541
8.80208333,17.47664541
8.8125,17.47664541
8.82291667,17.47664541
8.83333333,17.47664541
8.84375,17.47664541
8.85416667,17.47664541
8.86458333,17.47664541
8.875,17.47664541
8.88541667,17.47664541
8.89583333,17.47664541
8.90625,17.47664541
8.91666667,17.47664541
8.92708333,17.47664541
8.9375,17.47664541
8.94791667,17.47664541
8.95833333,17.47664541
8.96875,17.47664541
8.97916667,17.47664541
8.98958333,17.47664541
9,17.47664541
9.01041667,17.47664541
9.02083333,17.47664541
9.03125,17.47664541
9.04166667,17.47664541
9.05208333,17.47664541
9.0625,17.47664541
9.07291667,17.47664541
9.08333333,17.47664541
9.09375,17.47664541
9.10416667,17.47664541
9.11458333,17.47664541
9.125,17.47664541
9.13541667,17.47664541
9.14583333,17.47664541
9.15625,17.47664541
9.16666667,17.47664541
9.17708333,17.47664541
9.1875,17.47664541
9.19791667,17.47664541
9.20833333,17.47664541
9.21875,17.47664541
9.22916667,17.47664541
9.23958333,17.47664541
9.25,17.47664541
9.26041667,17.47664541
9.27083333,17.47664541
9.28125,17.47664541
9.29166667,17.47664541
9.30208333,17.47664541
9.3125,17.47664541
9.32291667,17.47664541
9.33333333,17.47664541
9.34375,17.47664541
9.35416667,17.47664541
9.36458333,17.47664541
9.375,17.47664541
9.38541667,17.47664541
9.39583333,17.47664541
9.40625,17.47664541
9.41666667,17.47664541
9.42708333,17.47664541
9.4375,17.47664541
9.44791667,17.47664541
9.45833333,17.47664541
9.46875,17.47664541
9.47916667,17.47664541
9.48958333,17.47664541
9.5,17.47664541
9.51041667,17.47664541
9.52083333,17.47664541
9.53125,17.47664541
9.54166667,17.47664541
9.55208333,17.47664541
9.5625,17.47664541
9.57291667,17.47664541
9.58333333,17.47664541
9.59375,17.47664541
9.60416667,17.47664541
9.61458333,17.47664541
9.625,17.47664541
9.63541667,17.47664541
9.64583333,17.47664541
9.65625,17.47664541
9.66666667,17.47664541
9.67708333,17.47664541
9.6875,17.47664541
9.69791667,17.47664541
9.70833333,17.47664541
9.71875,17.47664541
9.72916667,17.47664541
9.73958333,17.47664541
9.75,17.47664541
9.76041667,17.47664541
9.77083333,17.47664541
9.78125,17.47664541
9.79166667,17.47664541
9.80208333,17.47664541
9.8125,17.47664541
9.82291667,17.47664541
9.83333333,17.47664541
9.84375,17.47664541
9.85416667,17.47664541
9.86458333,17.47664541
9.875,17.47664541
9.88541667,17.47664541
9.89583333,17.47664541
9.90625,17.47664541
9.91666667,17.47664541
9.92708333,17.47664541
9.9375,17.47664541
9.94791667,17.47664541
9.95833333,17.47664541
9.96875,17.47664541
9.97916667,17.47664541
9.98958333,17.47664541
10,17.47664541
10.01041667,17.47664541
10.02083333,17.47664541
10.03125,17.47664541
10.04166667,17.47664541
10.05208333,17.47664541
10.0625,17.47664541
10.07291667,17.47664541
10.08333333,17.47664541
10.09375,17.47664541
10.10416667,17.47664541
10.11458333,17.47664541
10.125,17.47664541
10.13541667,17.47664541
10.14583333,17.47664541
10.15625,17.47664541
10.16666667,17.47664541
10.17708333,17.47664541
10.1875,17.47664541
10.19791667,17.47664541
10.20833333,17.47664541
10.21875,17.47664541
10.22916667,17.47664541
10.23958333,17.47664541
10.25,17.47664541
10.26041667,17.47664541
10.27083333,17.47664541
10.28125,17.47664541
10.29166667,17.47664541
10.30208333,17.47664541
10.3125,17.47664541
10.32291667,17.47664541
10.33333333,17.47664541
10.34375,17.47664541
10.35416667,17.47664541
10.36458333,17.47664541
10.375,17.47664541
10.38541667,17.47664541
10.39583333,17.47664541
10.40625,17.47664541
10.41666667,17.47664541
10.42708333,17.47664541
10.4375,17.47664541
10.44791667,17.47664541
10.45833333,17.47664541
10.46875,17.47664541
10.47916667,17.47664541
10.48958333,17.47664541
10.5,17.47664541
10.51041667,17.47664541
10.52083333,17.47664541
10.53125,17.47664541
10.54166667,17.47664541
10.55208333,17.47664541
10.5625,17.47664541
10.57291667,17.47664541
10.58333333,17.47664541
10.59375,17.47664541
10.60416667,17.47664541
10.61458333,17.47664541
10.625,17.47664541
10.63541667,17.47664541
10.64583333,17.47664541
10.65625,17.47664541
10.66666667,17.47664541
10.67708333,17.47664541
10.6875,17.47664541
10.69791667,17.47664541
10.70833333,17.47664541
10.71875,17.47664541
10.72916667,17.47664541
10.73958333,17.47664541
10.75,17.47664541
10.76041667,17.47664541
10.77083333,17.47664541
10.78125,17.47664541
10.79166667,17.47664541
10.80208333,17.47664541
10.8125,17.47664541
10.82291667,17.47664541
10.83333333,17.47664541
10.84375,17.47664541
10.85416667,17.47664541
10.86458333,17.47664541
10.875,17.47664541
10.88541667,17.47664541
10.89583333,17.47664541
10.90625,17.47664541
10.91666667,17.47664541
10.92708333,17.47664541
10.9375,17.47664541
10.94791667,17.47664541
10.95833333,17.47664541
10.96875,17.47664541
10.97916667,17.47664541
10.98958333,17.47664541
11,17.47664541
11.01041667,17.47664541
11.02083333,17.47664541
11.03125,17.47664541
11.04166667,17.47664541
11.05208333,17.47664541
11.0625,17.47664541
11.07291667,17.47664541
11.08333333,17.47664541
11.09375,17.47664541
11.10416667,17.47664541
11.11458333,17.47664541
11.125,17.47664541
11.13541667,17.47664541
11.14583333,17.47664541
11.15625,17.47664541
11.16666667,17.47664541
11.17708333,17.47664541
11.1875,17.47664541
11.19791667,17.47664541
11.20833333,17.47664541
11.21875,17.47664541
11.22916667,17.47664541
11.23958333,17.47664541
11.25,17.47664541
11.26041667,17.47664541
11.27083333,17.47664541
11.28125,17.47664541
11.29166667,17.47664541
11.30208333,17.47664541
11.3125,17.47664541
11.32291667,17.47664541
11.33333333,17.47664541
11.34375,17.47664541
11.35416667,17.47664541
11.36458333,17.47664541
11.375,17.47664541
11.38541667,17.47664541
11.39583333,17.47664541
11.40625,17.47664541
11.41666667,17.47664541
11.42708333,17.47664541
11.4375,17.47664541
11.44791667,17.47664541
11.45833333,17.47664541
11.46875,17.47664541
11.47916667,17.47664541
11.48958333,17.47664541
11.5,17.47664541
11.51041667,17.47664541
11.52083333,17.47664541
11.53125,17.47664541
11.54166667,17.47664541
11.55208333,17.47664541
11.5625,17.47664541
11.57291667,17.47664541
11.58333333,17.47664541
11.59375,17.47664541
11.60416667,17.47664541
11.61458333,17.47664541
11.625,17.47664541
11.63541667,17.47664541
11.64583333,17.47664541
11.65625,17.47664541
11.66666667,17.47664541
11.67708333,17.47664541
11.6875,17.47664541
11.69791667,17.47664541
11.70833333,17.47664541
11.71875,17.47664541
11.72916667,17.47664541
11.73958333,17.47664541
11.75,17.47664541
11.76041667,17.47664541
11.77083333,17.47664541
11.78125,17.47664541
11.79166667,17.47664541
11.80208333,17.47664541
11.8125,17.47664541
11.82291667,17.47664541
11.83333333,17.47664541
11.84375,17.47664541
11.85416667,17.47664541
11.86458333,17.47664541
11.875,17.47664541
11.88541667,17.47664541
11.89583333,17.47664541
11.90625,17.47664541
11.91666667,17.47664541
11.92708333,17.47664541
11.9375,17.47664541
11.94791667,17.47664541
11.95833333,17.47664541
11.96875,17.47664541
11.97916667,17.47664541
11.98958333,17.47664541
12,17.47664541
12.01041667,17.47664541
12.02083333,17.47664541
12.03125,17.47664541
12.04166667,17.47664541
12.05208333,17.47664541
12.0625,17.47664541
12.07291667,17.47664541
12.08333333,17.47664541
12.09375,17.47664541
12.10416667,17.47664541
12.11458333,17.47664541
12.125,17.47664541
12.13541667,17.47664541
12.14583333,17.47664541
12.15625,17.47664541
12.16666667,17.47664541
12.17708333,17.47664541
12.1875,17.47664541
12.19791667,17.47664541
12.20833333,17.47664541
12.21875,17.47664541
12.22916667,17.47664541
12.23958333,17.47664541
12.25,17.47664541
12.26041667,17.47664541
12.27083333,17.47664541
12.28125,17.47664541
12.29166667,17.47664541
12.30208333,17.47664541
12.3125,17.47664541
12.32291667,17.47664541
12.33333333,17.47664541
12.34375,17.47664541
12.35416667,17.47664541
12.36458333,17.47664541
12.375,17.47664541
12.38541667,17.47664541
12.39583333,17.47664541
12.40625,17.47664541
12.41666667,17.47664541
12.42708333,17.47664541
12.4375,17.47664541
12.44791667,17.47664541
12.45833333,17.47664541
12.46875,17.47664541
12.47916667,17.47664541
12.48958333,17.47664541
12.5,17.47664541
12.51041667,17.47664541
12.52083333,17.47664541
12.53125,17.47664541
12.54166667,17.47664541
12.55208333,17.47664541
12.5625,17.47664541
12.57291667,17.47664541
12.58333333,17.47664541
12.59375,17.47664541
12.60416667,17.47664541
12.61458333,17.47664541
12.625,17.47664541
12.63541667,17.47664541
12.64583333,17.47664541
12.65625,17.47664541
12.66666667,17.47664541
12.67708333,17.47664541
12.6875,17.47664541
12.69791667,17.47664541
12.70833333,17.47664541
12.71875,17.47664541
12.72916667,17.47664541
12.73958333,17.47664541
12.75,17.47664541
12.76041667,17.47664541
12.77083333,17.47664541
12.78125,17.47664541
12.79166667,17.47664541
12.80208333,17.47664541
12.8125,17.47664541
12.82291667,17.47664541
12.83333333,17.47664541
12.84375,17.47664541
12.85416667,17.47664541
12.86458333,17.47664541
12.875,17.47664541
12.88541667,17.47664541
12.89583333,17.47664541
12.90625,17.47664541
12.91666667,17.47664541
12.92708333,17.47664541
12.9375,17.47664541
12.94791667,17.47664541
12.95833333,17.47664541
12.96875,17.47664541
12.97916667,17.47664541
12.98958333,17.47664541
13,17.47664541
13.01041667,17.47664541
13.02083333,17.47664541
13.03125,17.47664541
13.04166667,17.47664541
13.05208333,17.47664541
13.0625,17.47664541
13.07291667,17.47664541
13.08333333,17.47664541
13.09375,17.47664541
13.10416667,17.47664541
13.11458333,17.47664541
13.125,17.47664541
13.13541667,17.47664541
13.14583333,17.47664541
13.15625,17.47664541
13.16666667,17.47664541
13.17708333,17.47664541
13.1875,17.47664541
13.19791667,17.47664541
13.20833333,17.47664541
13.21875,17.47664541
13.22916667,17.47664541
13.23958333,17.47664541
13.25,17.47664541
13.26041667,17.47664541
13.27083333,17.47664541
13.28125,17.47664541
13.29166667,17.47664541
13.30208333,17.47664541
13.3125,17.47664541
13.32291667,17.47664541
13.33333333,17.47664541
13.34375,17.47664541
13.35416667,17.47664541
13.36458333,17.47664541
13.375,17.47664541
13.38541667,17.47664541
13.39583333,17.47664541
13.40625,17.47664541
13.41666667,17.47664541
13.42708333,17.47664541
13.4375,17.47664541
13.44791667,17.47664541
13.45833333,17.47664541
13.46875,17.47664541
13.47916667,17.47664541
13.48958333,17.47664541
13.5,17.47664541
13.51041667,17.47664541
13.52083333,17.47664541
13.53125,17.47664541
13.54166667,17.47664541
13.55208333,17.47664541
13.5625,17.47664541
13.57291667,17.47664541
13.58333333,17.47664541
13.59375,17.47664541
13.60416667,17.47664541
13.61458333,17.47664541
13.625,17.47664541
13.63541667,17.47664541
13.64583333,17.47664541
13.65625,17.47664541
13.66666667,17.47664541
13.67708333,17.47664541
13.6875,17.47664541
13.69791667,17.47664541
13.70833333,17.47664541
13.71875,17.47664541
13.72916667,17.47664541
13.73958333,17.47664541
13.75,17.47664541
13.76041667,17.47664541
13.77083333,17.47664541
13.78125,17.47664541
13.79166667,17.47664541
13.80208333,17.47664541
13.8125,17.47664541
13.82291667,17.47664541
13.83333333,17.47664541
13.84375,17.47664541
13.85416667,17.47664541
13.86458333,17.47664541
13.875,17.47664541
13.88541667,17.47664541
13.89583333,17.47664541
13.90625,17.47664541
13.91666667,17.47664541
13.92708333,17.47664541
13.9375,17.47664541
13.94791667,17.47664541
13.95833333,17.47664541
13.96875,17.47664541
13.97916667,17.47664541
13.98958333,17.47664541
14,17.47664541
14.01041667,17.47664541
14.02083333,17.47664541
14.03125,17.47664541
14.04166667,17.47664541
14.05208333,17.47664541
14.0625,17.47664541
14.07291667,17.47664541
14.08333333,17.47664541
14.09375,17.47664541
14.10416667,17.47664541
14.11458333,17.47664541
14.125,17.47664541
14.13541667,17.47664541
14.14583333,17.47664541
14.15625,17.47664541
14.16666667,17.47664541
14.17708333,17.47664541
14.1875,17.47664541
14.19791667,17.47664541
14.20833333,17.47664541
14.21875,17.47664541
14.22916667,17.47664541
14.23958333,17.47664541
14.25,17.47664541
14.26041667,17.47664541
14.27083333,17.47664541
14.28125,17.47664541
14.29166667,17.47664541
14.30208333,17.47664541
14.3125,17.47664541
14.32291667,17.47664541
14.33333333,17.47664541
14.34375,17.47664541
14.35416667,17.47664541
14.36458333,17.47664541
14.375,17.47664541
14.38541667,17.47664541
14.39583333,17.47664541
14.40625,17.47664541
14.41666667,17.47664541
14.42708333,17.47664541
14.4375,17.47664541
14.44791667,17.47664541
14.45833333,17.47664541
14.46875,17.47664541
14.47916667,17.47664541
14.48958333,17.47664541
14.5,17.47664541
14.51041667,17.47664541
14.52083333,17.47664541
14.53125,17.47664541
14.54166667,17.47664541
14.55208333,17.47664541
14.5625,17.47664541
14.57291667,17.47664541
14.58333333,17.47664541
14.59375,17.47664541
14.60416667,17.47664541
14.61458333,17.47664541
14.625,17.47664541
14.63541667,17.47664541
14.64583333,17.47664541
14.65625,17.47664541
14.66666667,17.47664541
14.67708333,17.47664541
14.6875,17.47664541
14.69791667,17.47664541
14.70833333,17.47664541
14.71875,17.47664541
14.72916667,17.47664541
14.73958333,17.47664541
14.75,17.47664541
14.76041667,17.47664541
14.77083333,17.47664541
14.78125,17.47664541
14.79166667,17.47664541
14.80208333,17.47664541
14.8125,17.47664541
14.82291667,17.47664541
14.83333333,17.47664541
14.84375,17.47664541
14.85416667,17.47664541
14.86458333,17.47664541
14.875,17.47664541
14.88541667,17.47664541
14.89583333,17.47664541
14.90625,17.47664541
14.91666667,17.47664541
14.92708333,17.47664541
14.9375,17.47664541
14.94791667,17.47664541
14.95833333,17.47664541
14.96875,17.47664541
14.97916667,17.47664541
14.98958333,17.47664541
15,17.47664541
15.01041667,17.47664541
15.02083333,17.47664541
15.03125,17.47664541
15.04166667,17.47664541
15.05208333,17.47664541
15.0625,17.47664541
15.07291667,17.47664541
15.08333333,17.47664541
15.09375,17.47664541
15.10416667,17.47664541
15.11458333,17.47664541
15.125,17.47664541
15.13541667,17.47664541
15.14583333,17.47664541
15.15625,17.47664541
15.16666667,17.47664541
15.17708333,17.47664541
15.1875,17.47664541
15.19791667,17.47664541
15.20833333,17.47664541
15.21875,17.47664541
15.22916667,17.47664541
15.23958333,17.47664541
15.25,17.47664541
15.26041667,17.47664541
15.27083333,17.47664541
15.28125,17.47664541
15.29166667,17.47664541
15.30208333,17.47664541
15.3125,17.47664541
15.32291667,17.47664541
15.33333333,17.47664541
15.34375,17.47664541
15.35416667,17.47664541
15.36458333,17.47664541
15.375,17.47664541
15.38541667,17.47664541
15.39583333,17.47664541
15.40625,17.47664541
15.41666667,17.47664541
15.42708333,17.47664541
15.4375,17.47664541
15.44791667,17.47664541
15.45833333,17.47664541
15.46875,17.47664541
15.47916667,17.47664541
15.48958333,17.47664541
15.5,17.47664541
15.51041667,17.47664541
15.52083333,17.47664541
15.53125,17.47664541
15.54166667,17.47664541
15.55208333,17.47664541
15.5625,17.47664541
15.57291667,17.47664541
15.58333333,17.47664541
15.59375,17.47664541
15.60416667,17.47664541
15.61458333,17.47664541
15.625,17.47664541
15.63541667,17.47664541
15.64583333,17.47664541
15.65625,17.47664541
15.66666667,17.47664541
15.67708333,17.47664541
15.6875,17.47664541
15.69791667,17.47664541
15.70833333,17.47664541
15.71875,17.47664541
15.72916667,17.47664541
15.73958333,17.47664541
15.75,17.47664541
15.76041667,17.47664541
15.77083333,17.47664541
15.78125,17.47664541
15.79166667,17.47664541
15.80208333,17.47664541
15.8125,17.47664541
15.82291667,17.47664541
15.83333333,17.47664541
15.84375,17.47664541
15.85416667,17.47664541
15.86458333,17.47664541
15.875,17.47664541
15.88541667,17.47664541
15.89583333,17.47664541
15.90625,17.47664541
15.91666667,17.47664541
15.92708333,17.47664541
15.9375,17.47664541
15.94791667,17.47664541
15.95833333,17.47664541
15.96875,17.47664541
15.97916667,17.47664541
15.98958333,17.47664541
16,17.47664541
16.01041667,17.47664541
16.02083333,17.47664541
16.03125,17.47664541
16.04166667,17.47664541
16.05208333,17.47664541
16.0625,17.47664541
16.07291667,17.47664541
16.08333333,17.47664541
16.09375,17.47664541
16.10416667,17.47664541
16.11458333,17.47664541
16.125,17.47664541
16.13541667,17.47664541
16.14583333,17.47664541
16.15625,17.47664541
16.16666667,17.47664541
16.17708333,17.47664541
16.1875,17.47664541
16.19791667,17.47664541
16.20833333,17.47664541
16.21875,17.47664541
16.22916667,17.47664541
16.23958333,17.47664541
16.25,17.47664541
16.26041667,17.47664541
16.27083333,17.47664541
16.28125,17.47664541
16.29166667,17.47664541
16.30208333,17.47664541
16.3125,17.47664541
16.32291667,17.47664541
16.33333333,17.47664541
16.34375,17.47664541
16.35416667,17.47664541
16.36458333,17.47664541
16.375,17.47664541
16.38541667,17.47664541
16.39583333,17.47664541
16.40625,17.47664541
16.41666667,17.47664541
16.42708333,17.47664541
16.4375,17.47664541
16.44791667,17.47664541
16.45833333,17.47664541
16.46875,17.47664541
16.47916667,17.47664541
16.48958333,17.47664541
16.5,17.47664541
16.51041667,17.47664541
16.52083333,17.47664541
16.53125,17.47664541
16.54166667,17.47664541
16.55208333,17.47664541
16.5625,17.47664541
16.57291667,17.47664541
16.58333333,17.47664541
16.59375,17.47664541
16.60416667,17.47664541
16.61458333,17.47664541
16.625,17.47664541
16.63541667,17.47664541
16.64583333,17.47664541
16.65625,17.47664541
16.66666667,17.47664541
16.67708333,17.47664541
16.6875,17.47664541
16.69791667,17.47664541
16.70833333,17.47664541
16.71875,17.47664541
16.72916667,17.47664541
16.73958333,17.47664541
16.75,17.47664541
16.76041667,17.47664541
16.77083333,17.47664541
16.78125,17.47664541
16.79166667,17.47664541
16.80208333,17.47664541
16.8125,17.47664541
16.82291667,17.47664541
16.83333333,17.47664541
16.84375,17.47664541
16.85416667,17.47664541
16.86458333,17.47664541
16.875,17.47664541
16.88541667,17.47664541
16.89583333,17.47664541
16.90625,17.47664541
16.91666667,17.47664541
16.92708333,17.47664541
16.9375,17.47664541
16.94791667,17.47664541
16.95833333,17.47664541
16.96875,17.47664541
16.97916667,17.47664541
16.98958333,17.47664541
17,17.47664541
17.01041667,17.47664541
17.02083333,17.47664541
17.03125,17.47664541
17.04166667,17.47664541
17.05208333,17.47664541
17.0625,17.47664541
17.07291667,17.47664541
17.08333333,17.47664541
17.09375,17.47664541
17.10416667,17.47664541
17.11458333,17.47664541
17.125,17.47664541
17.13541667,17.47664541
17.14583333,17.47664541
17.15625,17.47664541
17.16666667,17.47664541
17.17708333,17.47664541
17.1875,17.47664541
17.19791667,17.47664541
17.20833333,17.47664541
17.21875,17.47664541
17.22916667,17.47664541
17.23958333,17.47664541
17.25,17.47664541
17.26041667,17.47664541
17.27083333,17.47664541
17.28125,17.47664541
17.29166667,17.47664541
17.30208333,17.47664541
17.3125,17.47664541
17.32291667,17.47664541
17.33333333,17.47664541
17.34375,17.47664541
17.35416667,17.47664541
17.36458333,17.47664541
17.375,17.47664541
17.38541667,17.47664541
17.39583333,17.47664541
17.40625,17.47664541
17.41666667,17.47664541
17.42708333,17.47664541
17.4375,17.47664541
17.44791667,17.47664541
17.45833333,17.47664541
17.46875,17.47664541
17.47916667,17.47664541
17.48958333,17.47664541
17.5,17.47664541
17.51041667,17.47664541
17.52083333,17.47664541
17.53125,17.47664541
17.54166667,17.47664541
17.55208333,17.47664541
17.5625,17.47664541
17.57291667,17.47664541
17.58333333,17.47664541
17.59375,17.47664541
17.60416667,17.47664541
17.61458333,17.47664541
17.625,17.47664541
17.63541667,17.47664541
17.64583333,17.47664541
17.65625,17.47664541
17.66666667,17.47664541
17.67708333,17.47664541
17.6875,17.47664541
17.69791667,17.47664541
17.70833333,17.47664541
17.71875,17.47664541
17.72916667,17.47664541
17.73958333,17.47664541
17.75,17.47664541
17.76041667,17.47664541
17.77083333,17.47664541
17.78125,17.47664541
17.79166667,17.47664541
17.80208333,17.47664541
17.8125,17.47664541
17.82291667,17.47664541
17.83333333,17.47664541
17.84375,17.47664541
17.85416667,17.47664541
17.86458333,17.47664541
17.875,17.47664541
17.88541667,17.47664541
17.89583333,17.47664541
17.90625,17.47664541
17.91666667,17.47664541
17.92708333,17.47664541
17.9375,17.47664541
17.94791667,17.47664541
17.95833333,17.47664541
17.96875,17.47664541
17.97916667,17.47664541
17.98958333,17.47664541
18,17.47664541
18.01041667,17.47664541
18.02083333,17.47664541
18.03125,17.47664541
18.04166667,17.47664541
18.05208333,17.47664541
18.0625,17.47664541
18.07291667,17.47664541
18.08333333,17.47664541
18.09375,17.47664541
18.10416667,17.47664541
18.11458333,17.47664541
18.125,17.47664541
18.13541667,17.47664541
18.14583333,17.47664541
18.15625,17.47664541
18.16666667,17.47664541
18.17708333,17.47664541
18.1875,17.47664541
18.19791667,17.47664541
18.20833333,17.47664541
18.21875,17.47664541
18.22916667,17.47664541
18.23958333,17.47664541
18.25,17.47664541
18.26041667,17.47664541
18.27083333,17.47664541
18.28125,17.47664541
18.29166667,17.47664541
18.30208333,17.47664541
18.3125,17.47664541
18.32291667,17.47664541
18.33333333,17.47664541
18.34375,17.47664541
18.35416667,17.47664541
18.36458333,17.47664541
18.375,17.47664541
18.38541667,17.47664541
18.39583333,17.47664541
18.40625,17.47664541
18.41666667,17.47664541
18.42708333,17.47664541
18.4375,17.47664541
18.44791667,17.47664541
18.45833333,17.47664541
18.46875,17.47664541
18.47916667,17.47664541
18.48958333,17.47664541
18.5,17.47664541
18.51041667,17.47664541
18.52083333,17.47664541
18.53125,17.47664541
18.54166667,17.47664541
18.55208333,17.47664541
18.5625,17.47664541
18.57291667,17.47664541
18.58333333,17.47664541
18.59375,17.47664541
18.60416667,17.47664541
18.61458333,17.47664541
18.625,17.47664541
18.63541667,17.47664541
18.64583333,17.47664541
18.65625,17.47664541
18.66666667,17.47664541
18.67708333,17.47664541
18.6875,17.47664541
18.69791667,17.47664541
18.70833333,17.47664541
18.71875,17.47664541
18.72916667,17.47664541
18.73958333,17.47664541
18.75,17.47664541
18.76041667,17.47664541
18.77083333,17.47664541
18.78125,17.47664541
18.79166667,17.47664541
18.80208333,17.47664541
18.8125,17.47664541
18.82291667,17.47664541
18.83333333,17.47664541
18.84375,17.47664541
18.85416667,17.47664541
18.86458333,17.47664541
18.875,17.47664541
18.88541667,17.47664541
18.89583333,17.47664541
18.90625,17.47664541
18.91666667,17.47664541
18.92708333,17.47664541
18.9375,17.47664541
18.94791667,17.47664541
18.95833333,17.47664541
18.96875,17.47664541
18.97916667,17.47664541
18.98958333,17.47664541
19,17.47664541
19.01041667,17.47664541
19.02083333,17.47664541
19.03125,17.47664541
19.04166667,17.47664541
19.05208333,17.47664541
19.0625,17.47664541
19.07291667,17.47664541
19.08333333,17.47664541
19.09375,17.47664541
19.10416667,17.47664541
19.11458333,17.47664541
19.125,17.47664541
19.13541667,17.47664541
19.14583333,17.47664541
19.15625,17.47664541
19.16666667,17.47664541
19.17708333,17.47664541
19.1875,17.47664541
19.19791667,17.47664541
19.20833333,17.47664541
19.21875,17.47664541
19.22916667,17.47664541
19.23958333,17.47664541
19.25,17.47664541
19.26041667,17.47664541
19.27083333,17.47664541
19.28125,17.47664541
19.29166667,17.47664541
19.30208333,17.47664541
19.3125,17.47664541
19.32291667,17.47664541
19.33333333,17.47664541
19.34375,17.47664541
19.35416667,17.47664541
19.36458333,17.47664541
19.375,17.47664541
19.38541667,17.47664541
19.39583333,17.47664541
19.40625,17.47664541
19.41666667,17.47664541
19.42708333,17.47664541
19.4375,17.47664541
19.44791667,17.47664541
19.45833333,17.47664541
19.46875,17.47664541
19.47916667,17.47664541
19.48958333,17.47664541
19.5,17.47664541
19.51041667,17.47664541
19.52083333,17.47664541
19.53125,17.47664541
19.54166667,17.47664541
19.55208333,17.47664541
19.5625,17.47664541
19.57291667,17.47664541
19.58333333,17.47664541
19.59375,17.47664541
19.60416667,17.47664541
19.61458333,17.47664541
19.625,17.47664541
19.63541667,17.47664541
19.64583333,17.47664541
19.65625,17.47664541
19.66666667,17.47664541
19.67708333,17.47664541
19.6875,17.47664541
19.69791667,17.47664541
19.70833333,17.47664541
19.71875,17.47664541
19.72916667,17.47664541
19.73958333,17.47664541
19.75,17.47664541
19.76041667,17.47664541
19.77083333,17.47664541
19.78125,17.47664541
19.79166667,17.47664541
19.80208333,17.47664541
19.8125,17.47664541
19.82291667,17.47664541
19.83333333,17.47664541
19.84375,17.47664541
19.85416667,17.47664541
19.86458333,17.47664541
19.875,17.47664541
19.88541667,17.47664541
19.89583333,17.47664541
19.90625,17.47664541
19.91666667,17.47664541
19.92708333,17.47664541
19.9375,17.47664541
19.94791667,17.47664541
19.95833333,17.47664541
19.96875,17.47664541
19.97916667,17.47664541
19.98958333,17.47664541
20,17.47664541
20.01041667,17.47664541
20.02083333,17.47664541
20.03125,17.47664541
20.04166667,17.47664541
20.05208333,17.47664541
20.0625,17.47664541
20.07291667,17.47664541
20.08333333,17.47664541
20.09375,17.47664541
20.10416667,17.47664541
20.11458333,17.47664541
20.125,17.47664541
20.13541667,17.47664541
20.14583333,17.47664541
20.15625,17.47664541
20.16666667,17.47664541
20.17708333,17.47664541
20.1875,17.47664541
20.19791667,17.47664541
20.20833333,17.47664541
20.21875,17.47664541
20.22916667,17.47664541
20.23958333,17.47664541
20.25,17.47664541
20.26041667,17.47664541
20.27083333,17.47664541
20.28125,17.47664541
20.29166667,17.47664541
20.30208333,17.47664541
20.3125,17.47664541
20.32291667,17.47664541
20.33333333,17.47664541
20.34375,17.47664541
20.35416667,17.47664541
20.36458333,17.47664541
20.375,17.47664541
20.38541667,17.47664541
20.39583333,17.47664541
20.40625,17.47664541
20.41666667,17.47664541
20.42708333,17.47664541
20.4375,17.47664541
20.44791667,17.47664541
20.45833333,17.47664541
20.46875,17.47664541
20.47916667,17.47664541
20.48958333,17.47664541
20.5,17.47664541
20.51041667,17.47664541
20.52083333,17.47664541
20.53125,17.47664541
20.54166667,17.47664541
20.55208333,17.47664541
20.5625,17.47664541
20.57291667,17.47664541
20.58333333,17.47664541
20.59375,17.47664541
20.60416667,17.47664541
20.61458333,17.47664541
20.625,17.47664541
20.63541667,17.47664541
20.64583333,17.47664541
20.65625,17.47664541
20.66666667,17.47664541
20.67708333,17.47664541
20.6875,17.47664541
20.69791667,17.47664541
20.70833333,17.47664541
20.71875,17.47664541
20.72916667,17.47664541
20.73958333,17.47664541
20.75,17.47664541
20.76041667,17.47664541
20.77083333,17.47664541
20.78125,17.47664541
20.79166667,17.47664541
20.80208333,17.47664541
20.8125,17.47664541
20.82291667,17.47664541
20.83333333,17.47664541
20.84375,17.47664541
20.85416667,17.47664541
20.86458333,17.47664541
20.875,17.47664541
20.88541667,17.47664541
20.89583333,17.47664541
20.90625,17.47664541
20.91666667,17.47664541
20.92708333,17.47664541
20.9375,17.47664541
20.94791667,17.47664541
20.95833333,17.47664541
21,17.47664541
21.01041667,17.47664541
21.02083333,17.47664541
21.03125,17.47664541
21.04166667,17.47664541
21.05208333,17.47664541
21.0625,17.47664541
21.07291667,17.47664541
21.08333333,17.47664541
21.09375,17.47664541
21.10416667,17.47664541
21.11458333,17.47664541
21.125,17.47664541
21.13541667,17.47664541
21.14583333,17.47664541
21.15625,17.47664541
21.16666667,17.47664541
21.17708333,17.47664541
21.1875,17.47664541
21.19791667,17.47664541
21.20833333,17.47664541
21.21875,17.47664541
21.22916667,17.47664541
21.23958333,17.47664541
21.25,17.47664541
21.26041667,17.47664541
21.27083333,17.47664541
21.28125,17.47664541
21.29166667,17.47664541
21.30208333,17.47664541
21.3125,17.47664541
21.32291667,17.47664541
21.33333333,17.47664541
21.34375,17.47664541
21.35416667,17.47664541
21.36458333,17.47664541
21.375,17.47664541
21.38541667,17.47664541
21.39583333,17.47664541
21.40625,17.47664541
21.41666667,17.47664541
21.42708333,17.47664541
21.4375,17.47664541
21.44791667,17.47664541
21.45833333,17.47664541
21.46875,17.47664541
21.47916667,17.47664541
21.48958333,17.47664541
21.5,17.47664541
21.51041667,17.47664541
21.52083333,17.47664541
21.53125,17.47664541
21.54166667,17.47664541
21.55208333,17.47664541
21.5625,17.47664541
21.57291667,17.47664541
21.58333333,17.47664541
21.59375,17.47664541
21.60416667,17.47664541
21.61458333,17.47664541
21.625,17.47664541
21.63541667,17.47664541
21.64583333,17.47664541
21.65625,17.47664541
21.66666667,17.47664541
21.67708333,17.47664541
21.6875,17.47664541
21.69791667,17.47664541
21.70833333,17.47664541
21.71875,17.47664541
21.72916667,17.47664541
21.73958333,17.47664541
21.75,17.47664541
21.76041667,17.47664541
21.77083333,17.47664541
21.78125,17.47664541
21.79166667,17.47664541
21.80208333,17.47664541
21.8125,17.47664541
21.82291667,17.47664541
21.83333333,17.47664541
21.84375,17.47664541
21.85416667,17.47664541
21.86458333,17.47664541
21.875,17.47664541
21.88541667,17.47664541
21.89583333,17.47664541
21.90625,17.47664541
21.91666667,17.47664541
21.92708333,17.47664541
21.9375,17.47664541
21.94791667,17.47664541
21.95833333,17.47664541
21.96875,17.47664541
21.97916667,17.47664541
21.98958333,17.47664541
22,17.47664541
22.01041667,17.47664541
22.02083333,17.47664541
22.03125,17.47664541
22.04166667,17.47664541
22.05208333,17.47664541
22.0625,17.47664541
22.07291667,17.47664541
22.08333333,17.47664541
22.09375,17.47664541
22.10416667,17.47664541
22.11458333,17.47664541
22.125,17.47664541
22.13541667,17.47664541
22.14583333,17.47664541
22.15625,17.47664541
22.16666667,17.47664541
22.17708333,17.47664541
22.1875,17.47664541
22.19791667,17.47664541
22.20833333,17.47664541
22.21875,17.47664541
22.22916667,17.47664541
22.23958333,17.47664541
22.25,17.47664541
22.26041667,17.47664541
22.27083333,17.47664541
22.28125,17.47664541
22.29166667,17.47664541
22.30208333,17.47664541
22.3125,17.47664541
22.32291667,17.47664541
22.33333333,17.47664541
22.34375,17.47664541
22.35416667,17.47664541
22.36458333,17.47664541
22.375,17.47664541
22.38541667,17.47664541
22.39583333,17.47664541
22.40625,17.47664541
22.41666667,17.47664541
22.42708333,17.47664541
22.4375,17.47664541
22.44791667,17.47664541
22.45833333,17.47664541
22.46875,17.47664541
22.47916667,17.47664541
22.48958333,17.47664541
22.5,17.47664541
22.51041667,17.47664541
22.52083333,17.47664541
22.53125,17.47664541
22.54166667,17.47664541
22.55208333,17.47664541
22.5625,17.47664541
22.57291667,17.47664541
22.58333333,17.47664541
22.59375,17.47664541
22.60416667,17.47664541
22.61458333,17.47664541
22.625,17.47664541
22.63541667,17.47664541
22.64583333,17.47664541
22.65625,17.47664541
22.66666667,17.47664541
22.67708333,17.47664541
22.6875,17.47664541
22.69791667,17.47664541
22.70833333,17.47664541
22.71875,17.47664541
22.72916667,17.47664541
22.73958333,17.47664541
22.75,17.47664541
22.76041667,17.47664541
22.77083333,17.47664541
22.78125,17.47664541
22.79166667,17.47664541
22.80208333,17.47664541
22.8125,17.47664541
22.82291667,17.47664541
22.83333333,17.47664541
22.84375,17.47664541
22.85416667,17.47664541
22.86458333,17.47664541
22.875,17.47664541
22.88541667,17.47664541
22.89583333,17.47664541
22.90625,17.47664541
22.91666667,17.47664541
22.92708333,17.47664541
22.9375,17.47664541
22.94791667,17.47664541
22.95833333,17.47664541
22.96875,17.47664541
22.97916667,17.47664541
22.98958333,17.47664541
23,17.47664541
23.01041667,17.47664541
23.02083333,17.47664541
23.03125,17.47664541
23.04166667,17.47664541
23.05208333,17.47664541
23.0625,17.47664541
23.07291667,17.47664541
23.08333333,17.47664541
23.09375,17.47664541
23.10416667,17.47664541
23.11458333,17.47664541
23.125,17.47664541
23.13541667,17.47664541
23.14583333,17.47664541
23.15625,17.47664541
23.16666667,17.47664541
23.17708333,17.47664541
23.1875,17.47664541
23.19791667,17.47664541
23.20833333,17.47664541
23.21875,17.47664541
23.22916667,17.47664541
23.23958333,17.47664541
23.25,17.47664541
23.26041667,17.47664541
23.27083333,17.47664541
23.28125,17.47664541
23.29166667,17.47664541
23.30208333,17.47664541
23.3125,17.47664541
23.32291667,17.47664541
23.33333333,17.47664541
23.34375,17.47664541
23.35416667,17.47664541
23.36458333,17.47664541
23.375,17.47664541
23.38541667,17.47664541
23.39583333,17.47664541
23.40625,17.47664541
23.41666667,17.47664541
23.42708333,17.47664541
23.4375,17.47664541
23.44791667,17.47664541
23.45833333,17.47664541
23.46875,17.47664541
23.47916667,17.47664541
23.48958333,17.47664541
23.5,17.47664541
23.51041667,17.47664541
23.52083333,17.47664541
23.53125,17.47664541
23.54166667,17.47664541
23.55208333,17.47664541
23.5625,17.47664541
23.57291667,17.47664541
23.58333333,17.47664541
23.59375,17.47664541
23.60416667,17.47664541
23.61458333,17.47664541
23.625,17.47664541
23.63541667,17.47664541
23.64583333,17.47664541
23.65625,17.47664541
23.66666667,17.47664541
23.67708333,17.47664541
23.6875,17.47664541
23.69791667,17.47664541
23.70833333,17.47664541
23.71875,17.47664541
23.72916667,17.47664541
23.73958333,17.47664541
23.75,17.47664541
23.76041667,17.47664541
23.77083333,17.47664541
23.78125,17.47664541
23.79166667,17.47664541
23.80208333,17.47664541
23.8125,17.47664541
23.82291667,17.47664541
23.83333333,17.47664541
23.84375,17.47664541
23.85416667,17.47664541
23.86458333,17.47664541
23.875,17.47664541
23.88541667,17.47664541
23.89583333,17.47664541
23.90625,17.47664541
23.91666667,17.47664541
23.92708333,17.47664541
23.9375,17.47664541
23.94791667,17.47664541
23.95833333,17.47664541
23.96875,17.47664541
23.97916667,17.47664541
23.98958333,17.47664541
24,17.47664541
24.01041667,17.47664541
24.02083333,17.47664541
24.03125,17.47664541
24.04166667,17.47664541
24.05208333,17.47664541
24.0625,17.47664541
24.07291667,17.47664541
24.08333333,17.47664541
24.09375,17.47664541
24.10416667,17.47664541
24.11458333,17.47664541
24.125,17.47664541
24.13541667,17.47664541
24.14583333,17.47664541
24.15625,17.47664541
24.16666667,17.47664541
24.17708333,17.47664541
24.1875,17.47664541
24.19791667,17.47664541
24.20833333,17.47664541
24.21875,17.47664541
24.22916667,17.47664541
24.23958333,17.47664541
24.25,17.47664541
24.26041667,17.47664541
24.27083333,17.47664541
24.28125,17.47664541
24.29166667,17.47664541
24.30208333,17.47664541
24.3125,17.47664541
24.32291667,17.47664541
24.33333333,17.47664541
24.34375,17.47664541
24.35416667,17.47664541
24.36458333,17.47664541
24.375,17.47664541
24.38541667,17.47664541
24.39583333,17.47664541
24.40625,17.47664541
24.41666667,17.47664541
24.42708333,17.47664541
24.4375,17.47664541
24.44791667,17.47664541
24.45833333,17.47664541
24.46875,17.47664541
24.47916667,17.47664541
24.48958333,17.47664541
24.5,17.47664541
24.51041667,17.47664541
24.52083333,17.47664541
24.53125,17.47664541
24.54166667,17.47664541
24.55208333,17.47664541
24.5625,17.47664541
24.57291667,17.47664541
24.58333333,17.47664541
24.59375,17.47664541
24.60416667,17.47664541
24.61458333,17.47664541
24.625,17.47664541
24.63541667,17.47664541
24.64583333,17.47664541
24.65625,17.47664541
24.66666667,17.47664541
24.67708333,17.47664541
24.6875,17.47664541
24.69791667,17.47664541
24.70833333,17.47664541
24.71875,17.47664541
24.72916667,17.47664541
24.73958333,17.47664541
24.75,17.47664541
24.76041667,17.47664541
24.77083333,17.47664541
24.78125,17.47664541
24.79166667,17.47664541
24.80208333,17.47664541
24.8125,17.47664541
24.82291667,17.47664541
24.83333333,17.47664541
24.84375,17.47664541
24.85416667,17.47664541
24.86458333,17.47664541
24.875,17.47664541
24.88541667,17.47664541
24.89583333,17.47664541
24.90625,17.47664541
24.91666667,17.47664541
24.92708333,17.47664541
24.9375,17.47664541
24.94791667,17.47664541
24.95833333,17.47664541
24.96875,17.47664541
24.97916667,17.47664541
24.98958333,17.47664541
25,17.47664541
25.01041667,17.47664541
25.02083333,17.47664541
25.03125,17.47664541
25.04166667,17.47664541
25.05208333,17.47664541
25.0625,17.47664541
25.07291667,17.47664541
25.08333333,17.47664541
25.09375,17.47664541
25.10416667,17.47664541
25.11458333,17.47664541
25.125,17.47664541
25.13541667,17.47664541
25.14583333,17.47664541
25.15625,17.47664541
25.16666667,17.47664541
25.17708333,17.47664541
25.1875,17.47664541
25.19791667,17.47664541
25.20833333,17.47664541
25.21875,17.47664541
25.22916667,17.47664541
25.23958333,17.47664541
25.25,17.47664541
25.26041667,17.47664541
25.27083333,17.47664541
25.28125,17.47664541
25.29166667,17.47664541
25.30208333,17.47664541
25.3125,17.47664541
25.32291667,17.47664541
25.33333333,17.47664541
25.34375,17.47664541
25.35416667,17.47664541
25.36458333,17.47664541
25.375,17.47664541
25.38541667,17.47664541
25.39583333,17.47664541
25.40625,17.47664541
25.41666667,17.47664541
25.42708333,17.47664541
25.4375,17.47664541
25.44791667,17.47664541
25.45833333,17.47664541
25.46875,17.47664541
25.47916667,17.47664541
25.48958333,17.47664541
25.5,17.47664541
25.51041667,17.47664541
25.52083333,17.47664541
25.53125,17.47664541
25.54166667,17.47664541
25.55208333,17.47664541
25.5625,17.47664541
25.57291667,17.47664541
25.58333333,17.47664541
25.59375,17.47664541
25.60416667,17.47664541
25.61458333,17.47664541
25.625,17.47664541
25.66666667,17.47664541
25.67708333,17.47664541
25.6875,17.47664541
25.69791667,17.47664541
25.70833333,17.47664541
25.71875,17.47664541
25.72916667,17.47664541
25.73958333,17.47664541
25.75,17.47664541
25.76041667,17.47664541
25.77083333,17.47664541
25.78125,17.47664541
25.79166667,17.47664541
25.80208333,17.47664541
25.8125,17.47664541
25.82291667,17.47664541
25.83333333,17.47664541
25.84375,17.47664541
25.85416667,17.47664541
25.86458333,17.47664541
25.875,17.47664541
25.88541667,17.47664541
25.89583333,17.47664541
25.90625,17.47664541
25.91666667,17.47664541
25.92708333,17.47664541
25.9375,17.47664541
25.94791667,17.47664541
25.95833333,17.47664541
25.96875,17.47664541
25.97916667,17.47664541
25.98958333,17.47664541
26,17.47664541
26.01041667,17.47664541
26.02083333,17.47664541
26.03125,17.47664541
26.04166667,17.47664541
26.05208333,17.47664541
26.0625,17.47664541
26.07291667,17.47664541
26.08333333,17.47664541
26.09375,17.47664541
26.10416667,17.47664541
26.11458333,17.47664541
26.125,17.47664541
26.13541667,17.47664541
26.14583333,17.47664541
26.15625,17.47664541
26.16666667,17.47664541
26.17708333,17.47664541
26.1875,17.47664541
26.19791667,17.47664541
26.20833333,17.47664541
26.21875,17.47664541
26.22916667,17.47664541
26.23958333,17.47664541
26.25,17.47664541
26.26041667,17.47664541
26.27083333,17.47664541
26.28125,17.47664541
26.29166667,17.47664541
26.30208333,17.47664541
26.3125,17.47664541
26.32291667,17.47664541
26.33333333,17.47664541
26.34375,17.47664541
26.35416667,17.47664541
26.36458333,17.47664541
26.375,17.47664541
26.38541667,17.47664541
26.39583333,17.47664541
26.40625,17.47664541
26.41666667,17.47664541
26.42708333,17.47664541
26.4375,17.47664541
26.44791667,17.47664541
26.45833333,17.47664541
26.46875,17.47664541
26.47916667,17.47664541
26.48958333,17.47664541
26.5,17.47664541
26.51041667,17.47664541
26.52083333,17.47664541
26.53125,17.47664541
26.54166667,17.47664541
26.55208333,17.47664541
26.5625,17.47664541
26.57291667,17.47664541
26.58333333,17.47664541
26.59375,17.47664541
26.60416667,17.47664541
26.61458333,17.47664541
26.625,17.47664541
26.63541667,17.47664541
26.64583333,17.47664541
26.65625,17.47664541
26.66666667,17.47664541
26.67708333,17.47664541
26.6875,17.47664541
26.69791667,17.47664541
26.70833333,17.47664541
26.71875,17.47664541
26.72916667,17.47664541
26.73958333,17.47664541
26.75,17.47664541
26.76041667,17.47664541
26.77083333,17.47664541
26.78125,17.47664541
26.79166667,17.47664541
26.80208333,17.47664541
26.8125,17.47664541
26.82291667,17.47664541
26.83333333,17.47664541
26.84375,17.47664541
26.85416667,17.47664541
26.86458333,17.47664541
26.875,17.47664541
26.88541667,17.47664541
26.89583333,17.47664541
26.90625,17.47664541
26.91666667,17.47664541
26.92708333,17.47664541
26.9375,17.47664541
26.94791667,17.47664541
26.95833333,17.47664541
26.96875,17.47664541
26.97916667,17.47664541
26.98958333,17.47664541
27,17.47664541
27.01041667,17.47664541
27.02083333,17.47664541
27.03125,17.47664541
27.04166667,17.47664541
27.05208333,17.47664541
27.0625,17.47664541
27.07291667,17.47664541
27.08333333,17.47664541
27.09375,17.47664541
27.10416667,17.47664541
27.11458333,17.47664541
27.125,17.47664541
27.13541667,17.47664541
27.14583333,17.47664541
27.15625,17.47664541
27.16666667,17.47664541
27.17708333,17.47664541
27.1875,17.47664541
27.19791667,17.47664541
27.20833333,17.47664541
27.21875,17.47664541
27.22916667,17.47664541
27.23958333,17.47664541
27.25,17.47664541
27.26041667,17.47664541
27.27083333,17.47664541
27.28125,17.47664541
27.29166667,17.47664541
27.30208333,17.47664541
27.3125,17.47664541
27.32291667,17.47664541
27.33333333,17.47664541
27.34375,17.47664541
27.35416667,17.47664541
27.36458333,17.47664541
27.375,17.47664541
27.38541667,17.47664541
27.39583333,17.47664541
27.40625,17.47664541
27.41666667,17.47664541
27.42708333,17.47664541
27.4375,17.47664541
27.44791667,17.47664541
27.45833333,17.47664541
27.46875,17.47664541
27.47916667,17.47664541
27.48958333,17.47664541
27.5,17.47664541
27.51041667,17.47664541
27.52083333,17.47664541
27.53125,17.47664541
27.54166667,17.47664541
27.55208333,17.47664541
27.5625,17.47664541
27.57291667,17.47664541
27.58333333,17.47664541
27.59375,17.47664541
27.60416667,17.47664541
27.61458333,17.47664541
27.625,17.47664541
27.63541667,17.47664541
27.64583333,17.47664541
27.65625,17.47664541
27.66666667,17.47664541
27.67708333,17.47664541
27.6875,17.47664541
27.69791667,17.47664541
27.70833333,17.47664541
27.71875,17.47664541
27.72916667,17.47664541
27.73958333,17.47664541
27.75,17.47664541
27.76041667,17.47664541
27.77083333,17.47664541
27.78125,17.47664541
27.79166667,17.47664541
27.80208333,17.47664541
27.8125,17.47664541
27.82291667,17.47664541
27.83333333,17.47664541
27.84375,17.47664541
27.85416667,17.47664541
27.86458333,17.47664541
27.875,17.47664541
27.88541667,17.47664541
27.89583333,17.47664541
27.90625,17.47664541
27.91666667,17.47664541
27.92708333,17.47664541
27.9375,17.47664541
27.94791667,17.47664541
27.95833333,17.47664541
27.96875,17.47664541
27.97916667,17.47664541
27.98958333,17.47664541
28,17.47664541
28.01041667,17.47664541
28.02083333,17.47664541
28.03125,17.47664541
28.04166667,17.47664541
28.05208333,17.47664541
28.0625,17.47664541
28.07291667,17.47664541
28.08333333,17.47664541
28.09375,17.47664541
28.10416667,17.47664541
28.11458333,17.47664541
28.125,17.47664541
28.13541667,17.47664541
28.14583333,17.47664541
28.15625,17.47664541
28.16666667,17.47664541
28.17708333,17.47664541
28.1875,17.47664541
28.19791667,17.47664541
28.20833333,17.47664541
28.21875,17.47664541
28.22916667,17.47664541
28.23958333,17.47664541
28.25,17.47664541
28.26041667,17.47664541
28.27083333,17.47664541
28.28125,17.47664541
28.29166667,17.47664541
28.30208333,17.47664541
28.3125,17.47664541
28.32291667,17.47664541
28.33333333,17.47664541
28.34375,17.47664541
28.35416667,17.47664541
28.36458333,17.47664541
28.375,17.47664541
28.38541667,17.47664541
28.39583333,17.47664541
28.40625,17.47664541
28.41666667,17.47664541
28.42708333,17.47664541
28.4375,17.47664541
28.44791667,17.47664541
28.45833333,17.47664541
28.46875,17.47664541
28.47916667,17.47664541
28.48958333,17.47664541
28.5,17.47664541
28.51041667,17.47664541
28.52083333,17.47664541
28.53125,17.47664541
28.54166667,17.47664541
28.55208333,17.47664541
28.5625,17.47664541
28.57291667,17.47664541
28.58333333,17.47664541
28.59375,17.47664541
28.60416667,17.47664541
28.61458333,17.47664541
28.625,17.47664541
28.63541667,17.47664541
28.64583333,17.47664541
28.65625,17.47664541
28.66666667,17.47664541
28.67708333,17.47664541
28.6875,17.47664541
28.69791667,17.47664541
28.70833333,17.47664541
28.71875,17.47664541
28.72916667,17.47664541
28.73958333,17.47664541
28.75,17.47664541
28.76041667,17.47664541
28.77083333,17.47664541
28.78125,17.47664541
28.79166667,17.47664541
28.80208333,17.47664541
28.8125,17.47664541
28.82291667,17.47664541
28.83333333,17.47664541
28.84375,17.47664541
28.85416667,17.47664541
28.86458333,17.47664541
28.875,17.47664541
28.88541667,17.47664541
28.89583333,17.47664541
28.90625,17.47664541
28.91666667,17.47664541
28.92708333,17.47664541
28.9375,17.47664541
28.94791667,17.47664541
28.95833333,17.47664541
28.96875,17.47664541
28.97916667,17.47664541
28.98958333,17.47664541
29,17.47664541
29.01041667,17.47664541
29.02083333,17.47664541
29.03125,17.47664541
29.04166667,17.47664541
29.05208333,17.47664541
29.0625,17.47664541
29.07291667,17.47664541
29.08333333,17.47664541
29.09375,17.47664541
29.10416667,17.47664541
29.11458333,17.47664541
29.125,17.47664541
29.13541667,17.47664541
29.14583333,17.47664541
29.15625,17.47664541
29.16666667,17.47664541
29.17708333,17.47664541
29.1875,17.47664541
29.19791667,17.47664541
29.20833333,17.47664541
29.21875,17.47664541
29.22916667,17.47664541
29.23958333,17.47664541
29.25,17.47664541
29.26041667,17.47664541
29.27083333,17.47664541
29.28125,17.47664541
29.29166667,17.47664541
29.30208333,17.47664541
29.3125,17.47664541
29.32291667,17.47664541
29.33333333,17.47664541
29.34375,17.47664541
29.35416667,17.47664541
29.36458333,17.47664541
29.375,17.47664541
29.38541667,17.47664541
29.39583333,17.47664541
29.40625,17.47664541
29.41666667,17.47664541
29.42708333,17.47664541
29.4375,17.47664541
29.44791667,17.47664541
29.45833333,17.47664541
29.46875,17.47664541
29.47916667,17.47664541
29.48958333,17.47664541
29.5,17.47664541
29.51041667,17.47664541
29.52083333,17.47664541
29.53125,17.47664541
29.54166667,17.47664541
29.55208333,17.47664541
29.5625,17.47664541
29.57291667,17.47664541
29.58333333,17.47664541
29.59375,17.47664541
29.60416667,17.47664541
29.61458333,17.47664541
29.625,17.47664541
29.63541667,17.47664541
29.64583333,17.47664541
29.65625,17.47664541
29.66666667,17.47664541
29.67708333,17.47664541
29.6875,17.47664541
29.69791667,17.47664541
29.70833333,17.47664541
29.71875,17.47664541
29.72916667,17.47664541
29.73958333,17.47664541
29.75,17.47664541
29.76041667,17.47664541
29.77083333,17.47664541
29.78125,17.47664541
29.79166667,17.47664541
29.80208333,17.47664541
29.8125,17.47664541
29.82291667,17.47664541
29.83333333,17.47664541
29.84375,17.47664541
29.85416667,17.47664541
29.86458333,17.47664541
29.875,17.47664541
29.88541667,17.47664541
29.89583333,17.47664541
29.90625,17.47664541
29.91666667,17.47664541
29.92708333,17.47664541
29.9375,17.47664541
29.94791667,17.47664541
29.95833333,17.47664541
29.96875,17.47664541
29.97916667,17.47664541
29.98958333,17.47664541
30,17.47664541
30.01041667,17.47664541
30.02083333,17.47664541
30.03125,17.47664541
30.04166667,17.47664541
30.05208333,17.47664541
30.0625,17.47664541
30.07291667,17.47664541
30.08333333,17.47664541
30.09375,17.47664541
30.10416667,17.47664541
30.11458333,17.47664541
30.125,17.47664541
30.13541667,17.47664541
30.14583333,17.47664541
30.15625,17.47664541
30.16666667,17.47664541
30.17708333,17.47664541
30.1875,17.47664541
30.19791667,17.47664541
30.20833333,17.47664541
30.21875,17.47664541
30.22916667,17.47664541
30.23958333,17.47664541
30.25,17.47664541
30.26041667,17.47664541
30.27083333,17.47664541
30.28125,17.47664541
30.29166667,17.47664541
30.30208333,17.47664541
30.3125,17.47664541
30.32291667,17.47664541
30.33333333,17.47664541
30.34375,17.47664541
30.35416667,17.47664541
30.36458333,17.47664541
30.375,17.47664541
30.38541667,17.47664541
30.39583333,17.47664541
30.40625,17.47664541
30.41666667,17.47664541
30.42708333,17.47664541
30.4375,17.47664541
30.44791667,17.47664541
30.45833333,17.47664541
30.46875,17.47664541
30.47916667,17.47664541
30.48958333,17.47664541
30.5,17.47664541
30.51041667,17.47664541
30.52083333,17.47664541
30.53125,17.47664541
30.54166667,17.47664541
30.55208333,17.47664541
30.5625,17.47664541
30.57291667,17.47664541
30.58333333,17.47664541
30.59375,17.47664541
30.60416667,17.47664541
30.61458333,17.47664541
30.625,17.47664541
30.63541667,17.47664541
30.64583333,17.47664541
30.65625,17.47664541
30.66666667,17.47664541
30.67708333,17.47664541
30.6875,17.47664541
30.69791667,17.47664541
30.70833333,17.47664541
30.71875,17.47664541
30.72916667,17.47664541
30.73958333,17.47664541
30.75,17.47664541
30.76041667,17.47664541
30.77083333,17.47664541
30.78125,17.47664541
30.79166667,17.47664541
30.80208333,17.47664541
30.8125,17.47664541
30.82291667,17.47664541
30.83333333,17.47664541
30.84375,17.47664541
30.85416667,17.47664541
30.86458333,17.47664541
30.875,17.47664541
30.88541667,17.47664541
30.89583333,17.47664541
30.90625,17.47664541
30.91666667,17.47664541
30.92708333,17.47664541
30.9375,17.47664541
30.94791667,17.47664541
30.95833333,17.47664541
30.96875,17.47664541
30.97916667,17.47664541
30.98958333,17.47664541
31,17.47664541
31.01041667,17.47664541
31.02083333,17.47664541
31.03125,17.47664541
31.04166667,17.47664541
31.05208333,17.47664541
31.0625,17.47664541
31.07291667,17.47664541
31.08333333,17.47664541
31.09375,17.47664541
31.10416667,17.47664541
31.11458333,17.47664541
31.125,17.47664541
31.13541667,17.47664541
31.14583333,17.47664541
31.15625,17.47664541
31.16666667,17.47664541
31.17708333,17.47664541
31.1875,17.47664541
31.19791667,17.47664541
31.20833333,17.47664541
31.21875,17.47664541
31.22916667,17.47664541
31.23958333,17.47664541
31.25,17.47664541
31.26041667,17.47664541
31.27083333,17.47664541
31.28125,17.47664541
31.29166667,17.47664541
31.30208333,17.47664541
31.3125,17.47664541
31.32291667,17.47664541
31.33333333,17.47664541
31.34375,17.47664541
31.35416667,17.47664541
31.36458333,17.47664541
31.375,17.47664541
31.38541667,17.47664541
31.39583333,17.47664541
31.40625,17.47664541
31.41666667,17.47664541
31.42708333,17.47664541
31.4375,17.47664541
31.44791667,17.47664541
31.45833333,17.47664541
31.46875,17.47664541
31.47916667,17.47664541
31.48958333,17.47664541
31.5,17.47664541
31.51041667,17.47664541
31.52083333,17.47664541
31.53125,17.47664541
31.54166667,17.47664541
31.55208333,17.47664541
31.5625,17.47664541
31.57291667,17.47664541
31.58333333,17.47664541
31.59375,17.47664541
31.60416667,17.47664541
31.61458333,17.47664541
31.625,17.47664541
31.63541667,17.47664541
31.64583333,17.47664541
31.65625,17.47664541
31.66666667,17.47664541
31.67708333,17.47664541
31.6875,17.47664541
31.69791667,17.47664541
31.70833333,17.47664541
31.71875,17.47664541
31.72916667,17.47664541
31.73958333,17.47664541
31.75,17.47664541
31.76041667,17.47664541
31.77083333,17.47664541
31.78125,17.47664541
31.79166667,17.47664541
31.80208333,17.47664541
31.8125,17.47664541
31.82291667,17.47664541
31.83333333,17.47664541
31.84375,17.47664541
31.85416667,17.47664541
31.86458333,17.47664541
31.875,17.47664541
31.88541667,17.47664541
31.89583333,17.47664541
31.90625,17.47664541
31.91666667,17.47664541
31.92708333,17.47664541
31.9375,17.47664541
31.94791667,17.47664541
31.95833333,17.47664541
31.96875,17.47664541
31.97916667,17.47664541
31.98958333,17.47664541
32,17.47664541
32.01041667,17.47664541
32.02083333,17.47664541
32.03125,17.47664541
32.04166667,17.47664541
32.05208333,17.47664541
32.0625,17.47664541
32.07291667,17.47664541
32.08333333,17.47664541
32.09375,17.47664541
32.10416667,17.47664541
32.11458333,17.47664541
32.125,17.47664541
32.13541667,17.47664541
32.14583333,17.47664541
32.15625,17.47664541
32.16666667,17.47664541
32.17708333,17.47664541
32.1875,17.47664541
32.19791667,17.47664541
32.20833333,17.47664541
32.21875,17.47664541
32.22916667,17.47664541
32.23958333,17.47664541
32.25,17.47664541
32.26041667,17.47664541
32.27083333,17.47664541
32.28125,17.47664541
32.29166667,17.47664541
32.30208333,17.47664541
32.3125,17.47664541
32.32291667,17.47664541
32.33333333,17.47664541
32.34375,17.47664541
32.35416667,17.47664541
32.36458333,17.47664541
32.375,17.47664541
32.38541667,17.47664541
32.39583333,17.47664541
32.40625,17.47664541
32.41666667,17.47664541
32.42708333,17.47664541
32.4375,17.47664541
32.44791667,17.47664541
32.45833333,17.47664541
32.46875,17.47664541
32.47916667,17.47664541
32.48958333,17.47664541
32.5,17.47664541
32.51041667,17.47664541
32.52083333,17.47664541
32.53125,17.47664541
32.54166667,17.47664541
32.55208333,17.47664541
32.5625,17.47664541
32.57291667,17.47664541
32.58333333,17.47664541
32.59375,17.47664541
32.60416667,17.47664541
32.61458333,17.47664541
32.625,17.47664541
32.63541667,17.47664541
32.64583333,17.47664541
32.65625,17.47664541
32.66666667,17.47664541
32.67708333,17.47664541
32.6875,17.47664541
32.69791667,17.47664541
32.70833333,17.47664541
32.71875,17.47664541
32.72916667,17.47664541
32.73958333,17.47664541
32.75,17.47664541
32.76041667,17.47664541
32.77083333,17.47664541
32.78125,17.47664541
32.79166667,17.47664541
32.80208333,17.47664541
32.8125,17.47664541
32.82291667,17.47664541
32.83333333,17.47664541
32.84375,17.47664541
32.85416667,17.47664541
32.86458333,17.47664541
32.875,17.47664541
32.88541667,17.47664541
32.89583333,17.47664541
32.90625,17.47664541
32.91666667,17.47664541
32.92708333,17.47664541
32.9375,17.47664541
32.94791667,17.47664541
32.95833333,17.47664541
32.96875,17.47664541
32.97916667,17.47664541
32.98958333,17.47664541
33,17.47664541
33.01041667,17.47664541
33.02083333,17.47664541
33.03125,17.47664541
33.04166667,17.47664541
33.05208333,17.47664541
33.0625,17.47664541
33.07291667,17.47664541
33.08333333,17.47664541
33.09375,17.47664541
33.10416667,17.47664541
33.11458333,17.47664541
33.125,17.47664541
33.13541667,17.47664541
33.14583333,17.47664541
33.15625,17.47664541
33.16666667,17.47664541
33.17708333,17.47664541
33.1875,17.47664541
33.19791667,17.47664541
33.20833333,17.47664541
33.21875,17.47664541
33.22916667,17.47664541
33.23958333,17.47664541
33.25,17.47664541
33.26041667,17.47664541
33.27083333,17.47664541
33.28125,17.47664541
33.29166667,17.47664541
33.30208333,17.47664541
33.3125,17.47664541
33.32291667,17.47664541
33.33333333,17.47664541
33.34375,17.47664541
33.35416667,17.47664541
33.36458333,17.47664541
33.375,17.47664541
33.38541667,17.47664541
33.39583333,17.47664541
33.40625,17.47664541
33.41666667,17.47664541
33.42708333,17.47664541
33.4375,17.47664541
33.44791667,17.47664541
33.45833333,17.47664541
33.46875,17.47664541
33.47916667,17.47664541
33.48958333,17.47664541
33.5,17.47664541
33.51041667,17.47664541
33.52083333,17.47664541
33.53125,17.47664541
33.54166667,17.47664541
33.55208333,17.47664541
33.5625,17.47664541
33.57291667,17.47664541
33.58333333,17.47664541
33.59375,17.47664541
33.60416667,17.47664541
33.61458333,17.47664541
33.625,17.47664541
33.63541667,17.47664541
33.64583333,17.47664541
33.65625,17.47664541
33.66666667,17.47664541
33.67708333,17.47664541
33.6875,17.47664541
33.69791667,17.47664541
33.70833333,17.47664541
33.71875,17.47664541
33.72916667,17.47664541
33.73958333,17.47664541
33.75,17.47664541
33.76041667,17.47664541
33.77083333,17.47664541
33.78125,17.47664541
33.79166667,17.47664541
33.80208333,17.47664541
33.8125,17.47664541
33.82291667,17.47664541
33.83333333,17.47664541
33.84375,17.47664541
33.85416667,17.47664541
33.86458333,17.47664541
33.875,17.47664541
33.88541667,17.47664541
33.89583333,17.47664541
33.90625,17.47664541
33.91666667,17.47664541
33.92708333,17.47664541
33.9375,17.47664541
33.94791667,17.47664541
33.95833333,17.47664541
33.96875,17.47664541
33.97916667,17.47664541
33.98958333,17.47664541
34,17.47664541
34.01041667,17.47664541
34.02083333,17.47664541
34.03125,17.47664541
34.04166667,17.47664541
34.05208333,17.47664541
34.0625,17.47664541
34.07291667,17.47664541
34.08333333,17.47664541
34.09375,17.47664541
34.10416667,17.47664541
34.11458333,17.47664541
34.125,17.47664541
34.13541667,17.47664541
34.14583333,17.47664541
34.15625,17.47664541
34.16666667,17.47664541
34.17708333,17.47664541
34.1875,17.47664541
34.19791667,17.47664541
34.20833333,17.47664541
34.21875,17.47664541
34.22916667,17.47664541
34.23958333,17.47664541
34.25,17.47664541
34.26041667,17.47664541
34.27083333,17.47664541
34.28125,17.47664541
34.29166667,17.47664541
34.30208333,17.47664541
34.3125,17.47664541
34.32291667,17.47664541
34.33333333,17.47664541
34.34375,17.47664541
34.35416667,17.47664541
34.36458333,17.47664541
34.375,17.47664541
34.38541667,17.47664541
34.39583333,17.47664541
34.40625,17.47664541
34.41666667,17.47664541
34.42708333,17.47664541
34.4375,17.47664541
34.44791667,17.47664541
34.45833333,17.47664541
34.46875,17.47664541
34.47916667,17.47664541
34.48958333,17.47664541
34.5,17.47664541
34.51041667,17.47664541
34.52083333,17.47664541
34.53125,17.47664541
34.54166667,17.47664541
34.55208333,17.47664541
34.5625,17.47664541
34.57291667,17.47664541
34.58333333,17.47664541
34.59375,17.47664541
34.60416667,17.47664541
34.61458333,17.47664541
34.625,17.47664541
34.63541667,17.47664541
34.64583333,17.47664541
34.65625,17.47664541
34.66666667,17.47664541
34.67708333,17.47664541
34.6875,17.47664541
34.69791667,17.47664541
34.70833333,17.47664541
34.71875,17.47664541
34.72916667,17.47664541
34.73958333,17.47664541
34.75,17.47664541
34.76041667,17.47664541
34.77083333,17.47664541
34.78125,17.47664541
34.79166667,17.47664541
34.80208333,17.47664541
34.8125,17.47664541
34.82291667,17.47664541
34.83333333,17.47664541
34.84375,17.47664541
34.85416667,17.47664541
34.86458333,17.47664541
34.875,17.47664541
34.88541667,17.47664541
34.89583333,17.47664541
34.90625,17.47664541
34.91666667,17.47664541
34.92708333,17.47664541
34.9375,17.47664541
34.94791667,17.47664541
34.95833333,17.47664541
34.96875,17.47664541
34.97916667,17.47664541
34.98958333,17.47664541
35,17.47664541
35.01041667,17.47664541
35.02083333,17.47664541
35.03125,17.47664541
35.04166667,17.47664541
35.05208333,17.47664541
35.0625,17.47664541
35.07291667,17.47664541
35.08333333,17.47664541
35.09375,17.47664541
35.10416667,17.47664541
35.11458333,17.47664541
35.125,17.47664541
35.13541667,17.47664541
35.14583333,17.47664541
35.15625,17.47664541
35.16666667,17.47664541
35.17708333,17.47664541
35.1875,17.47664541
35.19791667,17.47664541
35.20833333,17.47664541
35.21875,17.47664541
35.22916667,17.47664541
35.23958333,17.47664541
35.25,17.47664541
35.26041667,17.47664541
35.27083333,17.47664541
35.28125,17.47664541
35.29166667,17.47664541
35.30208333,17.47664541
35.3125,17.47664541
35.32291667,17.47664541
35.33333333,17.47664541
35.34375,17.47664541
35.35416667,17.47664541
35.36458333,17.47664541
35.375,17.47664541
35.38541667,17.47664541
35.39583333,17.47664541
35.40625,17.47664541
35.41666667,17.47664541
35.42708333,17.47664541
35.4375,17.47664541
35.44791667,17.47664541
35.45833333,17.47664541
35.46875,17.47664541
35.47916667,17.47664541
35.48958333,17.47664541
35.5,17.47664541
35.51041667,17.47664541
35.52083333,17.47664541
35.53125,17.47664541
35.54166667,17.47664541
35.55208333,17.47664541
35.5625,17.47664541
35.57291667,17.47664541
35.58333333,17.47664541
35.59375,17.47664541
35.60416667,17.47664541
35.61458333,17.47664541
35.625,17.47664541
35.63541667,17.47664541
35.64583333,17.47664541
35.65625,17.47664541
35.66666667,17.47664541
35.67708333,17.47664541
35.6875,17.47664541
35.69791667,17.47664541
35.70833333,17.47664541
35.71875,17.47664541
35.72916667,17.47664541
35.73958333,17.47664541
35.75,17.47664541
35.76041667,17.47664541
35.77083333,17.47664541
35.78125,17.47664541
35.79166667,17.47664541
35.80208333,17.47664541
35.8125,17.47664541
35.82291667,17.47664541
35.83333333,17.47664541
35.84375,17.47664541
35.85416667,17.47664541
35.86458333,17.47664541
35.875,17.47664541
35.88541667,17.47664541
35.89583333,17.47664541
35.90625,17.47664541
35.91666667,17.47664541
35.92708333,17.47664541
35.9375,17.47664541
35.94791667,17.47664541
35.95833333,17.47664541
35.96875,17.47664541
35.97916667,17.47664541
35.98958333,17.47664541
36,17.47664541
36.01041667,17.47664541
36.02083333,17.47664541
36.03125,17.47664541
36.04166667,17.47664541
36.05208333,17.47664541
36.0625,17.47664541
36.07291667,17.47664541
36.08333333,17.47664541
36.09375,17.47664541
36.10416667,17.47664541
36.11458333,17.47664541
36.125,17.47664541
36.13541667,17.47664541
36.14583333,17.47664541
36.15625,17.47664541
36.16666667,17.47664541
36.17708333,17.47664541
36.1875,17.47664541
36.19791667,17.47664541
36.20833333,17.47664541
36.21875,17.47664541
36.22916667,17.47664541
36.23958333,17.47664541
36.25,17.47664541
36.26041667,17.47664541
36.27083333,17.47664541
36.28125,17.47664541
36.29166667,17.47664541
36.30208333,17.47664541
36.3125,17.47664541
36.32291667,17.47664541
36.33333333,17.47664541
36.34375,17.47664541
36.35416667,17.47664541
36.36458333,17.47664541
36.375,17.47664541
36.38541667,17.47664541
36.39583333,17.47664541
36.40625,17.47664541
36.41666667,17.47664541
36.42708333,17.47664541
36.4375,17.47664541
36.44791667,17.47664541
36.45833333,17.47664541
36.46875,17.47664541
36.47916667,17.47664541
36.48958333,17.47664541
36.5,17.47664541
36.51041667,17.47664541
36.52083333,17.47664541
36.53125,17.47664541
36.54166667,17.47664541
36.55208333,17.47664541
36.5625,17.47664541
36.57291667,17.47664541
36.58333333,17.47664541
36.59375,17.47664541
36.60416667,17.47664541
36.61458333,17.47664541
36.625,17.47664541
36.63541667,17.47664541
36.64583333,17.47664541
36.65625,17.47664541
36.66666667,17.47664541
36.67708333,17.47664541
36.6875,17.47664541
36.69791667,17.47664541
36.70833333,17.47664541
36.71875,17.47664541
36.72916667,17.47664541
36.73958333,17.47664541
36.75,17.47664541
36.76041667,17.47664541
36.77083333,17.47664541
36.78125,17.47664541
36.79166667,17.47664541
36.80208333,17.47664541
36.8125,17.47664541
36.82291667,17.47664541
36.83333333,17.47664541
36.84375,17.47664541
36.85416667,17.47664541
36.86458333,17.47664541
36.875,17.47664541
36.88541667,17.47664541
36.89583333,17.47664541
36.90625,17.47664541
36.91666667,17.47664541
36.92708333,17.47664541
36.9375,17.47664541
36.94791667,17.47664541
36.95833333,17.47664541
36.96875,17.47664541
36.97916667,17.47664541
36.98958333,17.47664541
37,17.47664541
37.01041667,17.47664541
37.02083333,17.47664541
37.03125,17.47664541
37.04166667,17.47664541
37.05208333,17.47664541
37.0625,17.47664541
37.07291667,17.47664541
37.08333333,17.47664541
37.09375,17.47664541
37.10416667,17.47664541
37.11458333,17.47664541
37.125,17.47664541
37.13541667,17.47664541
37.14583333,17.47664541
37.15625,17.47664541
37.16666667,17.47664541
37.17708333,17.47664541
37.1875,17.47664541
37.19791667,17.47664541
37.20833333,17.47664541
37.21875,17.47664541
37.22916667,17.47664541
37.23958333,17.47664541
37.25,17.47664541
37.26041667,17.47664541
37.27083333,17.47664541
37.28125,17.47664541
37.29166667,17.47664541
37.30208333,17.47664541
37.3125,17.47664541
37.32291667,17.47664541
37.33333333,17.47664541
37.34375,17.47664541
37.35416667,17.47664541
37.36458333,17.47664541
37.375,17.47664541
37.38541667,17.47664541
37.39583333,17.47664541
37.40625,17.47664541
37.41666667,17.47664541
37.42708333,17.47664541
37.4375,17.47664541
37.44791667,17.47664541
37.45833333,17.47664541
37.46875,17.47664541
37.47916667,17.47664541
37.48958333,17.47664541
37.5,17.47664541
37.51041667,17.47664541
37.52083333,17.47664541
37.53125,17.47664541
37.54166667,17.47664541
37.55208333,17.47664541
37.5625,17.47664541
37.57291667,17.47664541
37.58333333,17.47664541
37.59375,17.47664541
37.60416667,17.47664541
37.61458333,17.47664541
37.625,17.47664541
37.63541667,17.47664541
37.64583333,17.47664541
37.65625,17.47664541
37.66666667,17.47664541
37.67708333,17.47664541
37.6875,17.47664541
37.69791667,17.47664541
37.70833333,17.47664541
37.71875,17.47664541
37.72916667,17.47664541
37.73958333,17.47664541
37.75,17.47664541
37.76041667,17.47664541
37.77083333,17.47664541
37.78125,17.47664541
37.79166667,17.47664541
37.80208333,17.47664541
37.8125,17.47664541
37.82291667,17.47664541
37.83333333,17.47664541
37.84375,17.47664541
37.85416667,17.47664541
37.86458333,17.47664541
37.875,17.47664541
37.88541667,17.47664541
37.89583333,17.47664541
37.90625,17.47664541
37.91666667,17.47664541
37.92708333,17.47664541
37.9375,17.47664541
37.94791667,17.47664541
37.95833333,17.47664541
37.96875,17.47664541
37.97916667,17.47664541
37.98958333,17.47664541
38,17.47664541
38.01041667,17.47664541
38.02083333,17.47664541
38.03125,17.47664541
38.04166667,17.47664541
38.05208333,17.47664541
38.0625,17.47664541
38.07291667,17.47664541
38.08333333,17.47664541
38.09375,17.47664541
38.10416667,17.47664541
38.11458333,17.47664541
38.125,17.47664541
38.13541667,17.47664541
38.14583333,17.47664541
38.15625,17.47664541
38.16666667,17.47664541
38.17708333,17.47664541
38.1875,17.47664541
38.19791667,17.47664541
38.20833333,17.47664541
38.21875,17.47664541
38.22916667,17.47664541
38.23958333,17.47664541
38.25,17.47664541
38.26041667,17.47664541
38.27083333,17.47664541
38.28125,17.47664541
38.29166667,17.47664541
38.30208333,17.47664541
38.3125,17.47664541
38.32291667,17.47664541
38.33333333,17.47664541
38.34375,17.47664541
38.35416667,17.47664541
38.36458333,17.47664541
38.375,17.47664541
38.38541667,17.47664541
38.39583333,17.47664541
38.40625,17.47664541
38.41666667,17.47664541
38.42708333,17.47664541
38.4375,17.47664541
38.44791667,17.47664541
38.45833333,17.47664541
38.46875,17.47664541
38.47916667,17.47664541
38.48958333,17.47664541
38.5,17.47664541
38.51041667,17.47664541
38.52083333,17.47664541
38.53125,17.47664541
38.54166667,17.47664541
38.55208333,17.47664541
38.5625,17.47664541
38.57291667,17.47664541
38.58333333,17.47664541
38.59375,17.47664541
38.60416667,17.47664541
38.61458333,17.47664541
38.625,17.47664541
38.63541667,17.47664541
38.64583333,17.47664541
38.65625,17.47664541
38.66666667,17.47664541
38.67708333,17.47664541
38.6875,17.47664541
38.69791667,17.47664541
38.70833333,17.47664541
38.71875,17.47664541
38.72916667,17.47664541
38.73958333,17.47664541
38.75,17.47664541
38.76041667,17.47664541
38.77083333,17.47664541
38.78125,17.47664541
38.79166667,17.47664541
38.80208333,17.47664541
38.8125,17.47664541
38.82291667,17.47664541
38.83333333,17.47664541
38.84375,17.47664541
38.85416667,17.47664541
38.86458333,17.47664541
38.875,17.47664541
38.88541667,17.47664541
38.89583333,17.47664541
38.90625,17.47664541
38.91666667,17.47664541
38.92708333,17.47664541
38.9375,17.47664541
38.94791667,17.47664541
38.95833333,17.47664541
38.96875,17.47664541
38.97916667,17.47664541
38.98958333,17.47664541
39,17.47664541
39.01041667,17.47664541
39.02083333,17.47664541
39.03125,17.47664541
39.04166667,17.47664541
39.05208333,17.47664541
39.0625,17.47664541
39.07291667,17.47664541
39.08333333,17.47664541
39.09375,17.47664541
39.10416667,17.47664541
39.11458333,17.47664541
39.125,17.47664541
39.13541667,17.47664541
39.14583333,17.47664541
39.15625,17.47664541
39.16666667,17.47664541
39.17708333,17.47664541
39.1875,17.47664541
39.19791667,17.47664541
39.20833333,17.47664541
39.21875,17.47664541
39.22916667,17.47664541
39.23958333,17.47664541
39.25,17.47664541
39.26041667,17.47664541
39.27083333,17.47664541
39.28125,17.47664541
39.29166667,17.47664541
39.30208333,17.47664541
39.3125,17.47664541
39.32291667,17.47664541
39.33333333,17.47664541
39.34375,17.47664541
39.35416667,17.47664541
39.36458333,17.47664541
39.375,17.47664541
39.38541667,17.47664541
39.39583333,17.47664541
39.40625,17.47664541
39.41666667,17.47664541
39.42708333,17.47664541
39.4375,17.47664541
39.44791667,17.47664541
39.45833333,17.47664541
39.46875,17.47664541
39.47916667,17.47664541
39.48958333,17.47664541
39.5,17.47664541
39.51041667,17.47664541
39.52083333,17.47664541
39.53125,17.47664541
39.54166667,17.47664541
39.55208333,17.47664541
39.5625,17.47664541
39.57291667,17.47664541
39.58333333,17.47664541
39.59375,17.47664541
39.60416667,17.47664541
39.61458333,17.47664541
39.625,17.47664541
39.63541667,17.47664541
39.64583333,17.47664541
39.65625,17.47664541
39.66666667,17.47664541
39.67708333,17.47664541
39.6875,17.47664541
39.69791667,17.47664541
39.70833333,17.47664541
39.71875,17.47664541
39.72916667,17.47664541
39.73958333,17.47664541
39.75,17.47664541
39.76041667,17.47664541
39.77083333,17.47664541
39.78125,17.47664541
39.79166667,17.47664541
39.80208333,17.47664541
39.8125,17.47664541
39.82291667,17.47664541
39.83333333,17.47664541
39.84375,17.47664541
39.85416667,17.47664541
39.86458333,17.47664541
39.875,17.47664541
39.88541667,17.47664541
39.89583333,17.47664541
39.90625,17.47664541
39.91666667,17.47664541
39.92708333,17.47664541
39.9375,17.47664541
39.94791667,17.47664541
39.95833333,17.47664541
39.96875,17.47664541
39.97916667,17.47664541
39.98958333,17.47664541
40,17.47664541
40.01041667,17.47664541
40.02083333,17.47664541
40.03125,17.47664541
40.04166667,17.47664541
40.05208333,17.47664541
40.0625,17.47664541
40.07291667,17.47664541
40.08333333,17.47664541
40.09375,17.47664541
40.10416667,17.47664541
40.11458333,17.47664541
40.125,17.47664541
40.13541667,17.47664541
40.14583333,17.47664541
40.15625,17.47664541
40.16666667,17.47664541
40.17708333,17.47664541
40.1875,17.47664541
40.19791667,17.47664541
40.20833333,17.47664541
40.21875,17.47664541
40.22916667,17.47664541
40.23958333,17.47664541
40.25,17.47664541
40.26041667,17.47664541
40.27083333,17.47664541
40.28125,17.47664541
40.29166667,17.47664541
40.30208333,17.47664541
40.3125,17.47664541
40.32291667,17.47664541
40.33333333,17.47664541
40.34375,17.47664541
40.35416667,17.47664541
40.36458333,17.47664541
40.375,17.47664541
40.38541667,17.47664541
40.39583333,17.47664541
40.40625,17.47664541
40.41666667,17.47664541
40.42708333,17.47664541
40.4375,17.47664541
40.44791667,17.47664541
40.45833333,17.47664541
40.46875,17.47664541
40.47916667,17.47664541
40.48958333,17.47664541
40.5,17.47664541
40.51041667,17.47664541
40.52083333,17.47664541
40.53125,17.47664541
40.54166667,17.47664541
40.55208333,17.47664541
40.5625,17.47664541
40.57291667,17.47664541
40.58333333,17.47664541
40.59375,17.47664541
40.60416667,17.47664541
40.61458333,17.47664541
40.625,17.47664541
40.63541667,17.47664541
40.64583333,17.47664541
40.65625,17.47664541
40.66666667,17.47664541
40.67708333,17.47664541
40.6875,17.47664541
40.69791667,17.47664541
40.70833333,17.47664541
40.71875,17.47664541
40.72916667,17.47664541
40.73958333,17.47664541
40.75,17.47664541
40.76041667,17.47664541
40.77083333,17.47664541
40.78125,17.47664541
40.79166667,17.47664541
40.80208333,17.47664541
40.8125,17.47664541
40.82291667,17.47664541
40.83333333,17.47664541
40.84375,17.47664541
40.85416667,17.47664541
40.86458333,17.47664541
40.875,17.47664541
40.88541667,17.47664541
40.89583333,17.47664541
40.90625,17.47664541
40.91666667,17.47664541
40.92708333,17.47664541
40.9375,17.47664541
40.94791667,17.47664541
40.95833333,17.47664541
40.96875,17.47664541
40.97916667,17.47664541
40.98958333,17.47664541
41,17.47664541
41.01041667,17.47664541
41.02083333,17.47664541
41.03125,17.47664541
41.04166667,17.47664541
41.05208333,17.47664541
41.0625,17.47664541
41.07291667,17.47664541
41.08333333,17.47664541
41.09375,17.47664541
41.10416667,17.47664541
41.11458333,17.47664541
41.125,17.47664541
41.13541667,17.47664541
41.14583333,17.47664541
41.15625,17.47664541
41.16666667,17.47664541
41.17708333,17.47664541
41.1875,17.47664541
41.19791667,17.47664541
41.20833333,17.47664541
41.21875,17.47664541
41.22916667,17.47664541
41.23958333,17.47664541
41.25,17.47664541
41.26041667,17.47664541
41.27083333,17.47664541
41.28125,17.47664541
41.29166667,17.47664541
41.30208333,17.47664541
41.3125,17.47664541
41.32291667,17.47664541
41.33333333,17.47664541
41.34375,17.47664541
41.35416667,17.47664541
41.36458333,17.47664541
41.375,17.47664541
41.38541667,17.47664541
41.39583333,17.47664541
41.40625,17.47664541
41.41666667,17.47664541
41.42708333,17.47664541
41.4375,17.47664541
41.44791667,17.47664541
41.45833333,17.47664541
41.46875,17.47664541
41.47916667,17.47664541
41.48958333,17.47664541
41.5,17.47664541
41.51041667,17.47664541
41.52083333,17.47664541
41.53125,17.47664541
41.54166667,17.47664541
41.55208333,17.47664541
41.5625,17.47664541
41.57291667,17.47664541
41.58333333,17.47664541
41.59375,17.47664541
41.60416667,17.47664541
41.61458333,17.47664541
41.625,17.47664541
41.63541667,17.47664541
41.64583333,17.47664541
41.65625,17.47664541
41.66666667,17.47664541
41.67708333,17.47664541
41.6875,17.47664541
41.69791667,17.47664541
41.70833333,17.47664541
41.71875,17.47664541
41.72916667,17.47664541
41.73958333,17.47664541
41.75,17.47664541
41.76041667,17.47664541
41.77083333,17.47664541
41.78125,17.47664541
41.79166667,17.47664541
41.80208333,17.47664541
41.8125,17.47664541
41.82291667,17.47664541
41.83333333,17.47664541
41.84375,17.47664541
41.85416667,17.47664541
41.86458333,17.47664541
41.875,17.47664541
41.88541667,17.47664541
41.89583333,17.47664541
41.90625,17.47664541
41.91666667,17.47664541
41.92708333,17.47664541
41.9375,17.47664541
41.94791667,17.47664541
41.95833333,17.47664541
41.96875,17.47664541
41.97916667,17.47664541
41.98958333,17.47664541
42,17.47664541
42.01041667,17.47664541
42.02083333,17.47664541
42.03125,17.47664541
42.04166667,17.47664541
42.05208333,17.47664541
42.0625,17.47664541
42.07291667,17.47664541
42.08333333,17.47664541
42.09375,17.47664541
42.10416667,17.47664541
42.11458333,17.47664541
42.125,17.47664541
42.13541667,17.47664541
42.14583333,17.47664541
42.15625,17.47664541
42.16666667,17.47664541
42.17708333,17.47664541
42.1875,17.47664541
42.19791667,17.47664541
42.20833333,17.47664541
42.21875,17.47664541
42.22916667,17.47664541
42.23958333,17.47664541
42.25,17.47664541
42.26041667,17.47664541
42.27083333,17.47664541
42.28125,17.47664541
42.29166667,17.47664541
42.30208333,17.47664541
42.3125,17.47664541
42.32291667,17.47664541
42.33333333,17.47664541
42.34375,17.47664541
42.35416667,17.47664541
42.36458333,17.47664541
42.375,17.47664541
42.38541667,17.47664541
42.39583333,17.47664541
42.40625,17.47664541
42.41666667,17.47664541
42.42708333,17.47664541
42.4375,17.47664541
42.44791667,17.47664541
42.45833333,17.47664541
42.46875,17.47664541
42.47916667,17.47664541
42.48958333,17.47664541
42.5,17.47664541
42.51041667,17.47664541
42.52083333,17.47664541
42.53125,17.47664541
42.54166667,17.47664541
42.55208333,17.47664541
42.5625,17.47664541
42.57291667,17.47664541
42.58333333,17.47664541
42.59375,17.47664541
42.60416667,17.47664541
42.61458333,17.47664541
42.625,17.47664541
42.63541667,17.47664541
42.64583333,17.47664541
42.65625,17.47664541
42.66666667,17.47664541
42.67708333,17.47664541
42.6875,17.47664541
42.69791667,17.47664541
42.70833333,17.47664541
42.71875,17.47664541
42.72916667,17.47664541
42.73958333,17.47664541
42.75,17.47664541
42.76041667,17.47664541
42.77083333,17.47664541
42.78125,17.47664541
42.79166667,17.47664541
42.80208333,17.47664541
42.8125,17.47664541
42.82291667,17.47664541
42.83333333,17.47664541
42.84375,17.47664541
42.85416667,17.47664541
42.86458333,17.47664541
42.875,17.47664541
42.88541667,17.47664541
42.89583333,17.47664541
42.90625,17.47664541
42.91666667,17.47664541
42.92708333,17.47664541
42.9375,17.47664541
42.94791667,17.47664541
42.95833333,17.47664541
42.96875,17.47664541
42.97916667,17.47664541
42.98958333,17.47664541
43,17.47664541
43.01041667,17.47664541
43.02083333,17.47664541
43.03125,17.47664541
43.04166667,17.47664541
43.05208333,17.47664541
43.0625,17.47664541
43.07291667,17.47664541
43.08333333,17.47664541
43.09375,17.47664541
43.10416667,17.47664541
43.11458333,17.47664541
43.125,17.47664541
43.13541667,17.47664541
43.14583333,17.47664541
43.15625,17.47664541
43.16666667,17.47664541
43.17708333,17.47664541
43.1875,17.47664541
43.19791667,17.47664541
43.20833333,17.47664541
43.21875,17.47664541
43.22916667,17.47664541
43.23958333,17.47664541
43.25,17.47664541
43.26041667,17.47664541
43.27083333,17.47664541
43.28125,17.47664541
43.29166667,17.47664541
43.30208333,17.47664541
43.3125,17.47664541
43.32291667,17.47664541
43.33333333,17.47664541
43.34375,17.47664541
43.35416667,17.47664541
43.36458333,17.47664541
43.375,17.47664541
43.38541667,17.47664541
43.39583333,17.47664541
43.40625,17.47664541
43.41666667,17.47664541
43.42708333,17.47664541
43.4375,17.47664541
43.44791667,17.47664541
43.45833333,17.47664541
43.46875,17.47664541
43.47916667,17.47664541
43.48958333,17.47664541
43.5,17.47664541
43.51041667,17.47664541
43.52083333,17.47664541
43.53125,17.47664541
43.54166667,17.47664541
43.55208333,17.47664541
43.5625,17.47664541
43.57291667,17.47664541
43.58333333,17.47664541
43.59375,17.47664541
43.60416667,17.47664541
43.61458333,17.47664541
43.625,17.47664541
43.63541667,17.47664541
43.64583333,17.47664541
43.65625,17.47664541
43.66666667,17.47664541
43.67708333,17.47664541
43.6875,17.47664541
43.69791667,17.47664541
43.70833333,17.47664541
43.71875,17.47664541
43.72916667,17.47664541
43.73958333,17.47664541
43.75,17.47664541
43.76041667,17.47664541
43.77083333,17.47664541
43.78125,17.47664541
43.79166667,17.47664541
43.80208333,17.47664541
43.8125,17.47664541
43.82291667,17.47664541
43.83333333,17.47664541
43.84375,17.47664541
43.85416667,17.47664541
43.86458333,17.47664541
43.875,17.47664541
43.88541667,17.47664541
43.89583333,17.47664541
43.90625,17.47664541
43.91666667,17.47664541
43.92708333,17.47664541
43.9375,17.47664541
43.94791667,17.47664541
43.95833333,17.47664541
43.96875,17.47664541
43.97916667,17.47664541
43.98958333,17.47664541
44,17.47664541
44.01041667,17.47664541
44.02083333,17.47664541
44.03125,17.47664541
44.04166667,17.47664541
44.05208333,17.47664541
44.0625,17.47664541
44.07291667,17.47664541
44.08333333,17.47664541
44.09375,17.47664541
44.10416667,17.47664541
44.11458333,17.47664541
44.125,17.47664541
44.13541667,17.47664541
44.14583333,17.47664541
44.15625,17.47664541
44.16666667,17.47664541
44.17708333,17.47664541
44.1875,17.47664541
44.19791667,17.47664541
44.20833333,17.47664541
44.21875,17.47664541
44.22916667,17.47664541
44.23958333,17.47664541
44.25,17.47664541
44.26041667,17.47664541
44.27083333,17.47664541
44.28125,17.47664541
44.29166667,17.47664541
44.30208333,17.47664541
44.3125,17.47664541
44.32291667,17.47664541
44.33333333,17.47664541
44.34375,17.47664541
44.35416667,17.47664541
44.36458333,17.47664541
44.375,17.47664541
44.38541667,17.47664541
44.39583333,17.47664541
44.40625,17.47664541
44.41666667,17.47664541
44.42708333,17.47664541
44.4375,17.47664541
44.44791667,17.47664541
44.45833333,17.47664541
44.46875,17.47664541
44.47916667,17.47664541
44.48958333,17.47664541
44.5,17.47664541
44.51041667,17.47664541
44.52083333,17.47664541
44.53125,17.47664541
44.54166667,17.47664541
44.55208333,17.47664541
44.5625,17.47664541
44.57291667,17.47664541
44.58333333,17.47664541
44.59375,17.47664541
44.60416667,17.47664541
44.61458333,17.47664541
44.625,17.47664541
44.63541667,17.47664541
44.64583333,17.47664541
44.65625,17.47664541
44.66666667,17.47664541
44.67708333,17.47664541
44.6875,17.47664541
44.69791667,17.47664541
44.70833333,17.47664541
44.71875,17.47664541
44.72916667,17.47664541
44.73958333,17.47664541
44.75,17.47664541
44.76041667,17.47664541
44.77083333,17.47664541
44.78125,17.47664541
44.79166667,17.47664541
44.80208333,17.47664541
44.8125,17.47664541
44.82291667,17.47664541
44.83333333,17.47664541
44.84375,17.47664541
44.85416667,17.47664541
44.86458333,17.47664541
44.875,17.47664541
44.88541667,17.47664541
44.89583333,17.47664541
44.90625,17.47664541
44.91666667,17.47664541
44.92708333,17.47664541
44.9375,17.47664541
44.94791667,17.47664541
44.95833333,17.47664541
44.96875,17.47664541
44.97916667,17.47664541
44.98958333,17.47664541
45,17.47664541
45.01041667,17.47664541
45.02083333,17.47664541
45.03125,17.47664541
45.04166667,17.47664541
45.05208333,17.47664541
45.0625,17.47664541
45.07291667,17.47664541
45.08333333,17.47664541
45.09375,17.47664541
45.10416667,17.47664541
45.11458333,17.47664541
45.125,17.47664541
45.13541667,17.47664541
45.14583333,17.47664541
45.15625,17.47664541
45.16666667,17.47664541
45.17708333,17.47664541
45.1875,17.47664541
45.19791667,17.47664541
45.20833333,17.47664541
45.21875,17.47664541
45.22916667,17.47664541
45.23958333,17.47664541
45.25,17.47664541
45.26041667,17.47664541
45.27083333,17.47664541
45.28125,17.47664541
45.29166667,17.47664541
45.30208333,17.47664541
45.3125,17.47664541
45.32291667,17.47664541
45.33333333,17.47664541
45.34375,17.47664541
45.35416667,17.47664541
45.36458333,17.47664541
45.375,17.47664541
45.38541667,17.47664541
45.39583333,17.47664541
45.40625,17.47664541
45.41666667,17.47664541
45.42708333,17.47664541
45.4375,17.47664541
45.44791667,17.47664541
45.45833333,17.47664541
45.46875,17.47664541
45.47916667,17.47664541
45.48958333,17.47664541
45.5,17.47664541
45.51041667,17.47664541
45.52083333,17.47664541
45.53125,17.47664541
45.54166667,17.47664541
45.55208333,17.47664541
45.5625,17.47664541
45.57291667,17.47664541
45.58333333,17.47664541
45.59375,17.47664541
45.60416667,17.47664541
45.61458333,17.47664541
45.625,17.47664541
45.63541667,17.47664541
45.64583333,17.47664541
45.65625,17.47664541
45.66666667,17.47664541
45.67708333,17.47664541
45.6875,17.47664541
45.69791667,17.47664541
45.70833333,17.47664541
45.71875,17.47664541
45.72916667,17.47664541
45.73958333,17.47664541
45.75,17.47664541
45.76041667,17.47664541
45.77083333,17.47664541
45.78125,17.47664541
45.79166667,17.47664541
45.80208333,17.47664541
45.8125,17.47664541
45.82291667,17.47664541
45.83333333,17.47664541
45.84375,17.47664541
45.85416667,17.47664541
45.86458333,17.47664541
45.875,17.47664541
45.88541667,17.47664541
45.89583333,17.47664541
45.90625,17.47664541
45.91666667,17.47664541
45.92708333,17.47664541
45.9375,17.47664541
45.94791667,17.47664541
45.95833333,17.47664541
45.96875,17.47664541
45.97916667,17.47664541
45.98958333,17.47664541
46,17.47664541
46.01041667,17.47664541
46.02083333,17.47664541
46.03125,17.47664541
46.04166667,17.47664541
46.05208333,17.47664541
46.0625,17.47664541
46.07291667,17.47664541
46.08333333,17.47664541
46.09375,17.47664541
46.10416667,17.47664541
46.11458333,17.47664541
46.125,17.47664541
46.13541667,17.47664541
46.14583333,17.47664541
46.15625,17.47664541
46.16666667,17.47664541
46.17708333,17.47664541
46.1875,17.47664541
46.19791667,17.47664541
46.20833333,17.47664541
46.21875,17.47664541
46.22916667,17.47664541
46.23958333,17.47664541
46.25,17.47664541
46.26041667,17.47664541
46.27083333,17.47664541
46.28125,17.47664541
46.29166667,17.47664541
46.30208333,17.47664541
46.3125,17.47664541
46.32291667,17.47664541
46.33333333,17.47664541
46.34375,17.47664541
46.35416667,17.47664541
46.36458333,17.47664541
46.375,17.47664541
46.38541667,17.47664541
46.39583333,17.47664541
46.40625,17.47664541
46.41666667,17.47664541
46.42708333,17.47664541
46.4375,17.47664541
46.44791667,17.47664541
46.45833333,17.47664541
46.46875,17.47664541
46.47916667,17.47664541
46.48958333,17.47664541
46.5,17.47664541
46.51041667,17.47664541
46.52083333,17.47664541
46.53125,17.47664541
46.54166667,17.47664541
46.55208333,17.47664541
46.5625,17.47664541
46.57291667,17.47664541
46.58333333,17.47664541
46.59375,17.47664541
46.60416667,17.47664541
46.61458333,17.47664541
46.625,17.47664541
46.63541667,17.47664541
46.64583333,17.47664541
46.65625,17.47664541
46.66666667,17.47664541
46.67708333,17.47664541
46.6875,17.47664541
46.69791667,17.47664541
46.70833333,17.47664541
46.71875,17.47664541
46.72916667,17.47664541
46.73958333,17.47664541
46.75,17.47664541
46.76041667,17.47664541
46.77083333,17.47664541
46.78125,17.47664541
46.79166667,17.47664541
46.80208333,17.47664541
46.8125,17.47664541
46.82291667,17.47664541
46.83333333,17.47664541
46.84375,17.47664541
46.85416667,17.47664541
46.86458333,17.47664541
46.875,17.47664541
46.88541667,17.47664541
46.89583333,17.47664541
46.90625,17.47664541
46.91666667,17.47664541
46.92708333,17.47664541
46.9375,17.47664541
46.94791667,17.47664541
46.95833333,17.47664541
46.96875,17.47664541
46.97916667,17.47664541
46.98958333,17.47664541
47,17.47664541
47.01041667,17.47664541
47.02083333,17.47664541
47.03125,17.47664541
47.04166667,17.47664541
47.05208333,17.47664541
47.0625,17.47664541
47.07291667,17.47664541
47.08333333,17.47664541
47.09375,17.47664541
47.10416667,17.47664541
47.11458333,17.47664541
47.125,17.47664541
47.13541667,17.47664541
47.14583333,17.47664541
47.15625,17.47664541
47.16666667,17.47664541
47.17708333,17.47664541
47.1875,17.47664541
47.19791667,17.47664541
47.20833333,17.47664541
47.21875,17.47664541
47.22916667,17.47664541
47.23958333,17.47664541
47.25,17.47664541
47.26041667,17.47664541
47.27083333,17.47664541
47.28125,17.47664541
47.29166667,17.47664541
47.30208333,17.47664541
47.3125,17.47664541
47.32291667,17.47664541
47.33333333,17.47664541
47.34375,17.47664541
47.35416667,17.47664541
47.36458333,17.47664541
47.375,17.47664541
47.38541667,17.47664541
47.39583333,17.47664541
47.40625,17.47664541
47.41666667,17.47664541
47.42708333,17.47664541
47.4375,17.47664541
47.44791667,17.47664541
47.45833333,17.47664541
47.46875,17.47664541
47.47916667,17.47664541
47.48958333,17.47664541
47.5,17.47664541
47.51041667,17.47664541
47.52083333,17.47664541
47.53125,17.47664541
47.54166667,17.47664541
47.55208333,17.47664541
47.5625,17.47664541
47.57291667,17.47664541
47.58333333,17.47664541
47.59375,17.47664541
47.60416667,17.47664541
47.61458333,17.47664541
47.625,17.47664541
47.63541667,17.47664541
47.64583333,17.47664541
47.65625,17.47664541
47.66666667,17.47664541
47.67708333,17.47664541
47.6875,17.47664541
47.69791667,17.47664541
47.70833333,17.47664541
47.71875,17.47664541
47.72916667,17.47664541
47.73958333,17.47664541
47.75,17.47664541
47.76041667,17.47664541
47.77083333,17.47664541
47.78125,17.47664541
47.79166667,17.47664541
47.80208333,17.47664541
47.8125,17.47664541
47.82291667,17.47664541
47.83333333,17.47664541
47.84375,17.47664541
47.85416667,17.47664541
47.86458333,17.47664541
47.875,17.47664541
47.88541667,17.47664541
47.89583333,17.47664541
47.90625,17.47664541
47.91666667,17.47664541
47.92708333,17.47664541
47.9375,17.47664541
47.94791667,17.47664541
47.95833333,17.47664541
47.96875,17.47664541
47.97916667,17.47664541
47.98958333,17.47664541
48,17.47664541
48.01041667,17.47664541
48.02083333,17.47664541
48.03125,17.47664541
48.04166667,17.47664541
48.05208333,17.47664541
48.0625,17.47664541
48.07291667,17.47664541
48.08333333,17.47664541
48.09375,17.47664541
48.10416667,17.47664541
48.11458333,17.47664541
48.125,17.47664541
48.13541667,17.47664541
48.14583333,17.47664541
48.15625,17.47664541
48.16666667,17.47664541
48.17708333,17.47664541
48.1875,17.47664541
48.19791667,17.47664541
48.20833333,17.47664541
48.21875,17.47664541
48.22916667,17.47664541
48.23958333,17.47664541
48.25,17.47664541
48.26041667,17.47664541
48.27083333,17.47664541
48.28125,17.47664541
48.29166667,17.47664541
48.30208333,17.47664541
48.3125,17.47664541
48.32291667,17.47664541
48.33333333,17.47664541
48.34375,17.47664541
48.35416667,17.47664541
48.36458333,17.47664541
48.375,17.47664541
48.38541667,17.47664541
48.39583333,17.47664541
48.40625,17.47664541
48.41666667,17.47664541
48.42708333,17.47664541
48.4375,17.47664541
48.44791667,17.47664541
48.45833333,17.47664541
48.46875,17.47664541
48.47916667,17.47664541
48.48958333,17.47664541
48.5,17.47664541
48.51041667,17.47664541
48.52083333,17.47664541
48.53125,17.47664541
48.54166667,17.47664541
48.55208333,17.47664541
48.5625,17.47664541
48.57291667,17.47664541
48.58333333,17.47664541
48.59375,17.47664541
48.60416667,17.47664541
48.61458333,17.47664541
48.625,17.47664541
48.63541667,17.47664541
48.64583333,17.47664541
48.65625,17.47664541
48.66666667,17.47664541
48.67708333,17.47664541
48.6875,17.47664541
48.69791667,17.47664541
48.70833333,17.47664541
48.71875,17.47664541
48.72916667,17.47664541
48.73958333,17.47664541
48.75,17.47664541
48.76041667,17.47664541
48.77083333,17.47664541
48.78125,17.47664541
48.79166667,17.47664541
48.80208333,17.47664541
48.8125,17.47664541
48.82291667,17.47664541
48.83333333,17.47664541
48.84375,17.47664541
48.85416667,17.47664541
48.86458333,17.47664541
48.875,17.47664541
48.88541667,17.47664541
48.89583333,17.47664541
48.90625,17.47664541
48.91666667,17.47664541
48.92708333,17.47664541
48.9375,17.47664541
48.94791667,17.47664541
48.95833333,17.47664541
48.96875,17.47664541
48.97916667,17.47664541
48.98958333,17.47664541
49,17.47664541
49.01041667,17.47664541
49.02083333,17.47664541
49.03125,17.47664541
49.04166667,17.47664541
49.05208333,17.47664541
49.0625,17.47664541
49.07291667,17.47664541
49.08333333,17.47664541
49.09375,17.47664541
49.10416667,17.47664541
49.11458333,17.47664541
49.125,17.47664541
49.13541667,17.47664541
49.14583333,17.47664541
49.15625,17.47664541
49.16666667,17.47664541
49.17708333,17.47664541
49.1875,17.47664541
49.19791667,17.47664541
49.20833333,17.47664541
49.21875,17.47664541
49.22916667,17.47664541
49.23958333,17.47664541
49.25,17.47664541
49.26041667,17.47664541
49.27083333,17.47664541
49.28125,17.47664541
49.29166667,17.47664541
49.30208333,17.47664541
49.3125,17.47664541
49.32291667,17.47664541
49.33333333,17.47664541
49.34375,17.47664541
49.35416667,17.47664541
49.36458333,17.47664541
49.375,17.47664541
49.38541667,17.47664541
49.39583333,17.47664541
49.40625,17.47664541
49.41666667,17.47664541
49.42708333,17.47664541
49.4375,17.47664541
49.44791667,17.47664541
49.45833333,17.47664541
49.46875,17.47664541
49.47916667,17.47664541
49.48958333,17.47664541
49.5,17.47664541
49.51041667,17.47664541
49.52083333,17.47664541
49.53125,17.47664541
49.54166667,17.47664541
49.55208333,17.47664541
49.5625,17.47664541
49.57291667,17.47664541
49.58333333,17.47664541
49.59375,17.47664541
49.60416667,17.47664541
49.61458333,17.47664541
49.625,17.47664541
49.63541667,17.47664541
49.64583333,17.47664541
49.65625,17.47664541
49.66666667,17.47664541
49.67708333,17.47664541
49.6875,17.47664541
49.69791667,17.47664541
49.70833333,17.47664541
49.71875,17.47664541
49.72916667,17.47664541
49.73958333,17.47664541
49.75,17.47664541
49.76041667,17.47664541
49.77083333,17.47664541
49.78125,17.47664541
49.79166667,17.47664541
49.80208333,17.47664541
49.8125,17.47664541
49.82291667,17.47664541
49.83333333,17.47664541
49.84375,17.47664541
49.85416667,17.47664541
49.86458333,17.47664541
49.875,17.47664541
49.88541667,17.47664541
49.89583333,17.47664541
49.90625,17.47664541
49.91666667,17.47664541
49.92708333,17.47664541
49.9375,17.47664541
49.94791667,17.47664541
49.95833333,17.47664541
49.96875,17.47664541
49.97916667,17.47664541
49.98958333,17.47664541
50,17.47664541
50.01041667,17.47664541
50.02083333,17.47664541
50.03125,17.47664541
50.04166667,17.47664541
50.05208333,17.47664541
50.0625,17.47664541
50.07291667,17.47664541
50.08333333,17.47664541
50.09375,17.47664541
50.10416667,17.47664541
50.11458333,17.47664541
50.125,17.47664541
50.13541667,17.47664541
50.14583333,17.47664541
50.15625,17.47664541
50.16666667,17.47664541
50.17708333,17.47664541
50.1875,17.47664541
50.19791667,17.47664541
50.20833333,17.47664541
50.21875,17.47664541
50.22916667,17.47664541
50.23958333,17.47664541
50.25,17.47664541
50.26041667,17.47664541
50.27083333,17.47664541
50.28125,17.47664541
50.29166667,17.47664541
50.30208333,17.47664541
50.3125,17.47664541
50.32291667,17.47664541
50.33333333,17.47664541
50.34375,17.47664541
50.35416667,17.47664541
50.36458333,17.47664541
50.375,17.47664541
50.38541667,17.47664541
50.39583333,17.47664541
50.40625,17.47664541
50.41666667,17.47664541
50.42708333,17.47664541
50.4375,17.47664541
50.44791667,17.47664541
50.45833333,17.47664541
50.46875,17.47664541
50.47916667,17.47664541
50.48958333,17.47664541
50.5,17.47664541
50.51041667,17.47664541
50.52083333,17.47664541
50.53125,17.47664541
50.54166667,17.47664541
50.55208333,17.47664541
50.5625,17.47664541
50.57291667,17.47664541
50.58333333,17.47664541
50.59375,17.47664541
50.60416667,17.47664541
50.61458333,17.47664541
50.625,17.47664541
50.63541667,17.47664541
50.64583333,17.47664541
50.65625,17.47664541
50.66666667,17.47664541
50.67708333,17.47664541
50.6875,17.47664541
50.69791667,17.47664541
50.70833333,17.47664541
50.71875,17.47664541
50.72916667,17.47664541
50.73958333,17.47664541
50.75,17.47664541
50.76041667,17.47664541
50.77083333,17.47664541
50.78125,17.47664541
50.79166667,17.47664541
50.80208333,17.47664541
50.8125,17.47664541
50.82291667,17.47664541
50.83333333,17.47664541
50.84375,17.47664541
50.85416667,17.47664541
50.86458333,17.47664541
50.875,17.47664541
50.88541667,17.47664541
50.89583333,17.47664541
50.90625,17.47664541
50.91666667,17.47664541
50.92708333,17.47664541
50.9375,17.47664541
50.94791667,17.47664541
50.95833333,17.47664541
50.96875,17.47664541
50.97916667,17.47664541
50.98958333,17.47664541
51,17.47664541
51.01041667,17.47664541
51.02083333,17.47664541
51.03125,17.47664541
51.04166667,17.47664541
51.05208333,17.47664541
51.0625,17.47664541
51.07291667,17.47664541
51.08333333,17.47664541
51.09375,17.47664541
51.10416667,17.47664541
51.11458333,17.47664541
51.125,17.47664541
51.13541667,17.47664541
51.14583333,17.47664541
51.15625,17.47664541
51.16666667,17.47664541
51.17708333,17.47664541
51.1875,17.47664541
51.19791667,17.47664541
51.20833333,17.47664541
51.21875,17.47664541
51.22916667,17.47664541
51.23958333,17.47664541
51.25,17.47664541
51.26041667,17.47664541
51.27083333,17.47664541
51.28125,17.47664541
51.29166667,17.47664541
51.30208333,17.47664541
51.3125,17.47664541
51.32291667,17.47664541
51.33333333,17.47664541
51.34375,17.47664541
51.35416667,17.47664541
51.36458333,17.47664541
51.375,17.47664541
51.38541667,17.47664541
51.39583333,17.47664541
51.40625,17.47664541
51.41666667,17.47664541
51.42708333,17.47664541
51.4375,17.47664541
51.44791667,17.47664541
51.45833333,17.47664541
51.46875,17.47664541
51.47916667,17.47664541
51.48958333,17.47664541
51.5,17.47664541
51.51041667,17.47664541
51.52083333,17.47664541
51.53125,17.47664541
51.54166667,17.47664541
51.55208333,17.47664541
51.5625,17.47664541
51.57291667,17.47664541
51.58333333,17.47664541
51.59375,17.47664541
51.60416667,17.47664541
51.61458333,17.47664541
51.625,17.47664541
51.66666667,17.47664541
51.67708333,17.47664541
51.6875,17.47664541
51.69791667,17.47664541
51.70833333,17.47664541
51.71875,17.47664541
51.72916667,17.47664541
51.73958333,17.47664541
51.75,17.47664541
51.76041667,17.47664541
51.77083333,17.47664541
51.78125,17.47664541
51.79166667,17.47664541
51.80208333,17.47664541
51.8125,17.47664541
51.82291667,17.47664541
51.83333333,17.47664541
51.84375,17.47664541
51.85416667,17.47664541
51.86458333,17.47664541
51.875,17.47664541
51.88541667,17.47664541
51.89583333,17.47664541
51.90625,17.47664541
51.91666667,17.47664541
51.92708333,17.47664541
51.9375,17.47664541
51.94791667,17.47664541
51.95833333,17.47664541
51.96875,17.47664541
51.97916667,17.47664541
51.98958333,17.47664541
52,17.47664541
52.01041667,17.47664541
52.02083333,17.47664541
52.03125,17.47664541
52.04166667,17.47664541
52.05208333,17.47664541
52.0625,17.47664541
52.07291667,17.47664541
52.08333333,17.47664541
52.09375,17.47664541
52.10416667,17.47664541
52.11458333,17.47664541
52.125,17.47664541
52.13541667,17.47664541
52.14583333,17.47664541
52.15625,17.47664541
52.16666667,17.47664541
52.17708333,17.47664541
52.1875,17.47664541
52.19791667,17.47664541
52.20833333,17.47664541
52.21875,17.47664541
52.22916667,17.47664541
52.23958333,17.47664541
52.25,17.47664541
52.26041667,17.47664541
52.27083333,17.47664541
52.28125,17.47664541
52.29166667,17.47664541
52.30208333,17.47664541
52.3125,17.47664541
52.32291667,17.47664541
52.33333333,17.47664541
52.34375,17.47664541
52.35416667,17.47664541
52.36458333,17.47664541
52.375,17.47664541
52.38541667,17.47664541
52.39583333,17.47664541
52.40625,17.47664541
52.41666667,17.47664541
52.42708333,17.47664541
52.4375,17.47664541
52.44791667,17.47664541
52.45833333,17.47664541
52.46875,17.47664541
52.47916667,17.47664541
52.48958333,17.47664541
52.5,17.47664541
52.51041667,17.47664541
52.52083333,17.47664541
52.53125,17.47664541
52.54166667,17.47664541
52.55208333,17.47664541
52.5625,17.47664541
52.57291667,17.47664541
52.58333333,17.47664541
52.59375,17.47664541
52.60416667,17.47664541
52.61458333,17.47664541
52.625,17.47664541
52.63541667,17.47664541
52.64583333,17.47664541
52.65625,17.47664541
52.66666667,17.47664541
52.67708333,17.47664541
52.6875,17.47664541
52.69791667,17.47664541
52.70833333,17.47664541
52.71875,17.47664541
52.72916667,17.47664541
52.73958333,17.47664541
52.75,17.47664541
52.76041667,17.47664541
52.77083333,17.47664541
52.78125,17.47664541
52.79166667,17.47664541
52.80208333,17.47664541
52.8125,17.47664541
52.82291667,17.47664541
52.83333333,17.47664541
52.84375,17.47664541
52.85416667,17.47664541
52.86458333,17.47664541
52.875,17.47664541
52.88541667,17.47664541
52.89583333,17.47664541
52.90625,17.47664541
52.91666667,17.47664541
52.92708333,17.47664541
52.9375,17.47664541
52.94791667,17.47664541
52.95833333,17.47664541
52.96875,17.47664541
52.97916667,17.47664541
52.98958333,17.47664541
53,17.47664541
53.01041667,17.47664541
53.02083333,17.47664541
53.03125,17.47664541
53.04166667,17.47664541
53.05208333,17.47664541
53.0625,17.47664541
53.07291667,17.47664541
53.08333333,17.47664541
53.09375,17.47664541
53.10416667,17.47664541
53.11458333,17.47664541
53.125,17.47664541
53.13541667,17.47664541
53.14583333,17.47664541
53.15625,17.47664541
53.16666667,17.47664541
53.17708333,17.47664541
53.1875,17.47664541
53.19791667,17.47664541
53.20833333,17.47664541
53.21875,17.47664541
53.22916667,17.47664541
53.23958333,17.47664541
53.25,17.47664541
53.26041667,17.47664541
53.27083333,17.47664541
53.28125,17.47664541
53.29166667,17.47664541
53.30208333,17.47664541
53.3125,17.47664541
53.32291667,17.47664541
53.33333333,17.47664541
53.34375,17.47664541
53.35416667,17.47664541
53.36458333,17.47664541
53.375,17.47664541
53.38541667,17.47664541
53.39583333,17.47664541
53.40625,17.47664541
53.41666667,17.47664541
53.42708333,17.47664541
53.4375,17.47664541
53.44791667,17.47664541
53.45833333,17.47664541
53.46875,17.47664541
53.47916667,17.47664541
53.48958333,17.47664541
53.5,17.47664541
53.51041667,17.47664541
53.52083333,17.47664541
53.53125,17.47664541
53.54166667,17.47664541
53.55208333,17.47664541
53.5625,17.47664541
53.57291667,17.47664541
53.58333333,17.47664541
53.59375,17.47664541
53.60416667,17.47664541
53.61458333,17.47664541
53.625,17.47664541
53.63541667,17.47664541
53.64583333,17.47664541
53.65625,17.47664541
53.66666667,17.47664541
53.67708333,17.47664541
53.6875,17.47664541
53.69791667,17.47664541
53.70833333,17.47664541
53.71875,17.47664541
53.72916667,17.47664541
53.73958333,17.47664541
53.75,17.47664541
53.76041667,17.47664541
53.77083333,17.47664541
53.78125,17.47664541
53.79166667,17.47664541
53.80208333,17.47664541
53.8125,17.47664541
53.82291667,17.47664541
53.83333333,17.47664541
53.84375,17.47664541
53.85416667,17.47664541
53.86458333,17.47664541
53.875,17.47664541
53.88541667,17.47664541
53.89583333,17.47664541
53.90625,17.47664541
53.91666667,17.47664541
53.92708333,17.47664541
53.9375,17.47664541
53.94791667,17.47664541
53.95833333,17.47664541
53.96875,17.47664541
53.97916667,17.47664541
53.98958333,17.47664541
54,17.47664541
54.01041667,17.47664541
54.02083333,17.47664541
54.03125,17.47664541
54.04166667,17.47664541
54.05208333,17.47664541
54.0625,17.47664541
54.07291667,17.47664541
54.08333333,17.47664541
54.09375,17.47664541
54.10416667,17.47664541
54.11458333,17.47664541
54.125,17.47664541
54.13541667,17.47664541
54.14583333,17.47664541
54.15625,17.47664541
54.16666667,17.47664541
54.17708333,17.47664541
54.1875,17.47664541
54.19791667,17.47664541
54.20833333,17.47664541
54.21875,17.47664541
54.22916667,17.47664541
54.23958333,17.47664541
54.25,17.47664541
54.26041667,17.47664541
54.27083333,17.47664541
54.28125,17.47664541
54.29166667,17.47664541
54.30208333,17.47664541
54.3125,17.47664541
54.32291667,17.47664541
54.33333333,17.47664541
54.34375,17.47664541
54.35416667,17.47664541
54.36458333,17.47664541
54.375,17.47664541
54.38541667,17.47664541
54.39583333,17.47664541
54.40625,17.47664541
54.41666667,17.47664541
54.42708333,17.47664541
54.4375,17.47664541
54.44791667,17.47664541
54.45833333,17.47664541
54.46875,17.47664541
54.47916667,17.47664541
54.48958333,17.47664541
54.5,17.47664541
54.51041667,17.47664541
54.52083333,17.47664541
54.53125,17.47664541
54.54166667,17.47664541
54.55208333,17.47664541
54.5625,17.47664541
54.57291667,17.47664541
54.58333333,17.47664541
54.59375,17.47664541
54.60416667,17.47664541
54.61458333,17.47664541
54.625,17.47664541
54.63541667,17.47664541
54.64583333,17.47664541
54.65625,17.47664541
54.66666667,17.47664541
54.67708333,17.47664541
54.6875,17.47664541
54.69791667,17.47664541
54.70833333,17.47664541
54.71875,17.47664541
54.72916667,17.47664541
54.73958333,17.47664541
54.75,17.47664541
54.76041667,17.47664541
54.77083333,17.47664541
54.78125,17.47664541
54.79166667,17.47664541
54.80208333,17.47664541
54.8125,17.47664541
54.82291667,17.47664541
54.83333333,17.47664541
54.84375,17.47664541
54.85416667,17.47664541
54.86458333,17.47664541
54.875,17.47664541
54.88541667,17.47664541
54.89583333,17.47664541
54.90625,17.47664541
54.91666667,17.47664541
54.92708333,17.47664541
54.9375,17.47664541
54.94791667,17.47664541
54.95833333,17.47664541
54.96875,17.47664541
54.97916667,17.47664541
54.98958333,17.47664541
55,17.47664541
55.01041667,17.47664541
55.02083333,17.47664541
55.03125,17.47664541
55.04166667,17.47664541
55.05208333,17.47664541
55.0625,17.47664541
55.07291667,17.47664541
55.08333333,17.47664541
55.09375,17.47664541
55.10416667,17.47664541
55.11458333,17.47664541
55.125,17.47664541
55.13541667,17.47664541
55.14583333,17.47664541
55.15625,17.47664541
55.16666667,17.47664541
55.17708333,17.47664541
55.1875,17.47664541
55.19791667,17.47664541
55.20833333,17.47664541
55.21875,17.47664541
55.22916667,17.47664541
55.23958333,17.47664541
55.25,17.47664541
55.26041667,17.47664541
55.27083333,17.47664541
55.28125,17.47664541
55.29166667,17.47664541
55.30208333,17.47664541
55.3125,17.47664541
55.32291667,17.47664541
55.33333333,17.47664541
55.34375,17.47664541
55.35416667,17.47664541
55.36458333,17.47664541
55.375,17.47664541
55.38541667,17.47664541
55.39583333,17.47664541
55.40625,17.47664541
55.41666667,17.47664541
55.42708333,17.47664541
55.4375,17.47664541
55.44791667,17.47664541
55.45833333,17.47664541
55.46875,17.47664541
55.47916667,17.47664541
55.48958333,17.47664541
55.5,17.47664541
55.51041667,17.47664541
55.52083333,17.47664541
55.53125,17.47664541
55.54166667,17.47664541
55.55208333,17.47664541
55.5625,17.47664541
55.57291667,17.47664541
55.58333333,17.47664541
55.59375,17.47664541
55.60416667,17.47664541
55.61458333,17.47664541
55.625,17.47664541
55.63541667,17.47664541
55.64583333,17.47664541
55.65625,17.47664541
55.66666667,17.47664541
55.67708333,17.47664541
55.6875,17.47664541
55.69791667,17.47664541
55.70833333,17.47664541
55.71875,17.47664541
55.72916667,17.47664541
55.73958333,17.47664541
55.75,17.47664541
55.76041667,17.47664541
55.77083333,17.47664541
55.78125,17.47664541
55.79166667,17.47664541
55.80208333,17.47664541
55.8125,17.47664541
55.82291667,17.47664541
55.83333333,17.47664541
55.84375,17.47664541
55.85416667,17.47664541
55.86458333,17.47664541
55.875,17.47664541
55.88541667,17.47664541
55.89583333,17.47664541
55.90625,17.47664541
55.91666667,17.47664541
55.92708333,17.47664541
55.9375,17.47664541
55.94791667,17.47664541
55.95833333,17.47664541
55.96875,17.47664541
55.97916667,17.47664541
55.98958333,17.47664541
56,17.47664541
56.01041667,17.47664541
56.02083333,17.47664541
56.03125,17.47664541
56.04166667,17.47664541
56.05208333,17.47664541
56.0625,17.47664541
56.07291667,17.47664541
56.08333333,17.47664541
56.09375,17.47664541
56.10416667,17.47664541
56.11458333,17.47664541
56.125,17.47664541
56.13541667,17.47664541
56.14583333,17.47664541
56.15625,17.47664541
56.16666667,17.47664541
56.17708333,17.47664541
56.1875,17.47664541
56.19791667,17.47664541
56.20833333,17.47664541
56.21875,17.47664541
56.22916667,17.47664541
56.23958333,17.47664541
56.25,17.47664541
56.26041667,17.47664541
56.27083333,17.47664541
56.28125,17.47664541
56.29166667,17.47664541
56.30208333,17.47664541
56.3125,17.47664541
56.32291667,17.47664541
56.33333333,17.47664541
56.34375,17.47664541
56.35416667,17.47664541
56.36458333,17.47664541
56.375,17.47664541
56.38541667,17.47664541
56.39583333,17.47664541
56.40625,17.47664541
56.41666667,17.47664541
56.42708333,17.47664541
56.4375,17.47664541
56.44791667,17.47664541
56.45833333,17.47664541
56.46875,17.47664541
56.47916667,17.47664541
56.48958333,17.47664541
56.5,17.47664541
56.51041667,17.47664541
56.52083333,17.47664541
56.53125,17.47664541
56.54166667,17.47664541
56.55208333,17.47664541
56.5625,17.47664541
56.57291667,17.47664541
56.58333333,17.47664541
56.59375,17.47664541
56.60416667,17.47664541
56.61458333,17.47664541
56.625,17.47664541
56.63541667,17.47664541
56.64583333,17.47664541
56.65625,17.47664541
56.66666667,17.47664541
56.67708333,17.47664541
56.6875,17.47664541
56.69791667,17.47664541
56.70833333,17.47664541
56.71875,17.47664541
56.72916667,17.47664541
56.73958333,17.47664541
56.75,17.47664541
56.76041667,17.47664541
56.77083333,17.47664541
56.78125,17.47664541
56.79166667,17.47664541
56.80208333,17.47664541
56.8125,17.47664541
56.82291667,17.47664541
56.83333333,17.47664541
56.84375,17.47664541
56.85416667,17.47664541
56.86458333,17.47664541
56.875,17.47664541
56.88541667,17.47664541
56.89583333,17.47664541
56.90625,17.47664541
56.91666667,17.47664541
56.92708333,17.47664541
56.9375,17.47664541
56.94791667,17.47664541
56.95833333,17.47664541
56.96875,17.47664541
56.97916667,17.47664541
56.98958333,17.47664541
57,17.47664541
