JDAY,DLT(s),ELWS(m),T2(C),U(ms-1),Q(m3s-1),SRON(Wm-2),EXT(m-1),DEPTH(m),WIDTH(m),SHADE,Tvolavg(C),NetRad(Wm-2),SWSolar(Wm-2),LWRad(Wm-2),BackRad(Wm-2),EvapF(Wm-2),ConducF(Wm-2),ReaerationCoeff(day-1),            TDS,     EPI(g/m2),     SED(Organic matter in sediments g/m3),    SEDP(OrgP in sediments gP/m3),    SEDN(OrgN in sediments gN/m3),    SEDC(OrgCSediments gC/m3),PLIM_ALG1           ,PLIM_ALG2           ,PLIM_ALG3           ,NLIM_ALG1           ,NLIM_ALG2           ,NLIM_ALG3           ,LLIM_ALG1           ,LLIM_ALG2           ,LLIM_ALG3           ,EPLIM_1,ENLIM_1,ELLIM_1,
     1.011,     1.000,     1.800,    20.000,    -0.000,    -0.000,     0.000,     0.450,     1.400,   419.330,     1.000,    20.000,     0.000,     0.000,     0.000,     0.000,     0.000,     0.000,     0.000,        35.000,        10.000,     0.000,     0.000,     0.000,     0.000,         1.000,         1.000,         1.000,         1.000,         1.000,         1.000,         1.000,         1.000,         1.000,         1.000,         1.000,         1.000,
     1.015,     1.561,     1.834,    20.000,    -0.101,   -59.297,     0.000,     0.450,     1.434,   419.330,     1.000,    20.000,     0.000,     0.000,     0.000,     0.000,     0.000,     0.000,     0.000,        35.000,         9.996,     0.000,     0.000,     0.000,     0.000,         1.000,         1.000,         1.000,         1.000,         1.000,         1.000,         1.000,         1.000,         1.000,         0.000,         0.000,         0.000,
     1.019,     1.418,     1.899,    20.000,    -0.068,   -43.636,     0.000,     0.450,     1.499,   419.330,     1.000,    20.000,     0.000,     0.000,     0.000,     0.000,     0.000,     0.000,     0.000,        35.000,         9.992,     0.000,     0.000,     0.000,     0.000,         1.000,         1.000,         1.000,         1.000,         1.000,         1.000,         1.000,         1.000,         1.000,         0.000,         0.000,         0.000,
     1.024,     1.558,     1.946,    20.000,    -0.049,   -32.169,     0.000,     0.450,     1.546,   419.330,     1.000,    20.000,     0.000,     0.000,     0.000,     0.000,     0.000,     0.000,     0.000,        35.000,         9.987,     0.000,     0.000,     0.000,     0.000,         1.000,         1.000,         1.000,         1.000,         1.000,         1.000,         1.000,         1.000,         1.000,         0.000,         0.000,         0.000,
     1.028,     1.595,     1.980,    20.022,    -0.053,   -34.944,     0.000,     0.450,     1.580,   419.330,     1.000,    20.106,     0.000,     0.000,     0.000,     0.000,     0.000,     0.000,     0.000,        35.000,         9.983,     0.001,     0.000,     0.000,     0.000,         1.000,         1.000,         1.000,         1.000,         1.000,         1.000,         1.000,         1.000,         1.000,         0.000,         0.000,         0.000,
     1.032,     3.795,     1.998,    20.110,     0.045,     3.341,     0.000,     0.450,     1.598,   419.330,     1.000,    20.729,     0.000,     0.000,     0.000,     0.000,     0.000,     0.000,     0.000,        35.000,         9.979,     0.001,     0.000,     0.000,     0.000,         1.000,         1.000,         1.000,         1.000,         1.000,         1.000,         1.000,         1.000,         1.000,         0.000,         0.000,         0.000,
     1.036,     8.116,     1.998,    20.044,     0.037,    -9.910,     0.000,     0.450,     1.598,   419.330,     1.000,    21.051,     0.000,     0.000,     0.000,     0.000,     0.000,     0.000,     0.000,        35.000,         9.975,     0.001,     0.000,     0.000,     0.000,         1.000,         1.000,         1.000,         1.000,         1.000,         1.000,         1.000,         1.000,         1.000,         0.000,         0.000,         0.000,
     1.040,     7.171,     2.014,    20.043,     0.010,   -15.775,     0.000,     0.450,     1.614,   419.330,     1.000,    21.209,     0.000,     0.000,     0.000,     0.000,     0.000,     0.000,     0.000,        35.000,         9.971,     0.001,     0.000,     0.000,     0.000,         1.000,         1.000,         1.000,         1.000,         1.000,         1.000,         1.000,         1.000,         1.000,         0.000,         0.000,         0.000,
     1.044,     6.785,     2.028,    20.030,     0.032,    -1.552,     0.000,     0.450,     1.628,   419.330,     1.000,    21.224,     0.000,     0.000,     0.000,     0.000,     0.000,     0.000,     0.000,        35.000,         9.966,     0.001,     0.000,     0.000,     0.000,         1.000,         1.000,         1.000,         1.000,         1.000,         1.000,         1.000,         1.000,         1.000,         0.000,         0.000,         0.000,
     1.049,     7.842,     2.020,    20.067,     0.055,    15.293,     0.000,     0.450,     1.620,   419.330,     1.000,    21.147,     0.000,     0.000,     0.000,     0.000,     0.000,     0.000,     0.000,        35.000,         9.962,     0.001,     0.000,     0.000,     0.001,         1.000,         1.000,         1.000,         1.000,         1.000,         1.000,         1.000,         1.000,         1.000,         0.000,         0.000,         0.000,
     1.053,     6.971,     1.994,    20.085,     0.050,    15.624,     0.000,     0.450,     1.594,   419.330,     1.000,    20.997,     0.000,     0.000,     0.000,     0.000,     0.000,     0.000,     0.000,        35.000,         9.958,     0.002,     0.000,     0.000,     0.001,         1.000,         1.000,         1.000,         1.000,         1.000,         1.000,         1.000,         1.000,         1.000,         0.000,         0.000,         0.000,
     1.057,    15.721,     1.988,    20.079,     0.027,    -3.040,     0.000,     0.450,     1.588,   419.330,     1.000,    20.984,     0.000,     0.000,     0.000,     0.000,     0.000,     0.000,     0.000,        35.000,         9.954,     0.002,     0.000,     0.000,     0.001,         1.000,         1.000,         1.000,         1.000,         1.000,         1.000,         1.000,         1.000,         1.000,         0.000,         0.000,         0.000,
     1.061,    16.750,     1.997,    20.057,     0.029,    -8.298,     0.000,     0.450,     1.597,   419.330,     1.000,    21.111,     0.000,     0.000,     0.000,     0.000,     0.000,     0.000,     0.000,        35.000,         9.950,     0.002,     0.000,     0.000,     0.001,         1.000,         1.000,         1.000,         1.000,         1.000,         1.000,         1.000,         1.000,         1.000,         0.000,         0.000,         0.000,
     1.065,    14.277,     2.001,    20.151,     0.035,     2.092,     0.000,     0.450,     1.601,   419.330,     1.000,    21.079,     0.000,     0.000,     0.000,     0.000,     0.000,     0.000,     0.000,        35.000,         9.945,     0.002,     0.000,     0.000,     0.001,         1.000,         1.000,         1.000,         1.000,         1.000,         1.000,         1.000,         1.000,         1.000,         0.000,         0.000,         0.000,
     1.069,    20.642,     1.995,    20.133,     0.039,     5.194,     0.000,     0.450,     1.595,   419.330,     1.000,    21.057,     0.000,     0.000,     0.000,     0.000,     0.000,     0.000,     0.000,        35.000,         9.941,     0.002,     0.000,     0.000,     0.001,         1.000,         1.000,         1.000,         1.000,         1.000,         1.000,         1.000,         1.000,         1.000,         0.000,         0.000,         0.000,
     1.074,    12.253,     1.992,    20.186,     0.023,    -2.450,     0.000,     0.450,     1.592,   419.330,     1.000,    21.036,     0.000,     0.000,     0.000,     0.000,     0.000,     0.000,     0.000,        35.000,         9.937,     0.002,     0.000,     0.000,     0.001,         1.000,         1.000,         1.000,         1.000,         1.000,         1.000,         1.000,         1.000,         1.000,         0.000,         0.000,         0.000,
     1.078,    12.548,     2.001,    20.301,     0.005,    -8.812,     0.000,     0.450,     1.601,   419.330,     1.000,    20.985,     0.000,     0.000,     0.000,     0.000,     0.000,     0.000,     0.000,        35.000,         9.933,     0.002,     0.000,     0.000,     0.001,         1.000,         1.000,         1.000,         1.000,         1.000,         1.000,         1.000,         1.000,         1.000,         0.000,         0.000,         0.000,
     1.082,    31.051,     2.009,    20.295,     0.019,    -1.727,     0.000,     0.450,     1.609,   419.330,     1.000,    20.968,     0.000,     0.000,     0.000,     0.000,     0.000,     0.000,     0.000,        35.000,         9.928,     0.002,     0.000,     0.000,     0.001,         1.000,         1.000,         1.000,         1.000,         1.000,         1.000,         1.000,         1.000,         1.000,         0.000,         0.000,         0.000,
     1.086,    17.186,     2.007,    20.358,     0.026,     4.115,     0.000,     0.450,     1.607,   419.330,     1.000,    21.015,     0.000,     0.000,     0.000,     0.000,     0.000,     0.000,     0.000,        35.000,         9.924,     0.002,     0.000,     0.000,     0.001,         1.000,         1.000,         1.000,         1.000,         1.000,         1.000,         1.000,         1.000,         1.000,         0.000,         0.000,         0.000,
     1.090,    18.735,     2.001,    20.429,     0.021,     3.957,     0.000,     0.450,     1.601,   419.330,     1.000,    21.052,     0.000,     0.000,     0.000,     0.000,     0.000,     0.000,     0.000,        35.000,         9.920,     0.003,     0.000,     0.000,     0.001,         1.000,         1.000,         1.000,         1.000,         1.000,         1.000,         1.000,         1.000,         1.000,         0.000,         0.000,         0.000,
     1.094,    21.672,     1.998,    20.215,     0.024,     0.232,     0.000,     0.450,     1.598,   419.330,     1.000,    21.045,     0.000,     0.000,     0.000,     0.000,     0.000,     0.000,     0.000,        35.000,         9.916,     0.003,     0.000,     0.000,     0.001,         1.000,         1.000,         1.000,         1.000,         1.000,         1.000,         1.000,         1.000,         1.000,         0.000,         0.000,         0.000,
     1.099,    28.587,     1.998,    20.166,     0.024,    -0.515,     0.000,     0.450,     1.598,   419.330,     1.000,    21.028,     0.000,     0.000,     0.000,     0.000,     0.000,     0.000,     0.000,        35.000,         9.912,     0.003,     0.000,     0.000,     0.002,         1.000,         1.000,         1.000,         1.000,         1.000,         1.000,         1.000,         1.000,         1.000,         0.000,         0.000,         0.000,
     1.103,    38.114,     1.998,    20.130,     0.026,     0.714,     0.000,     0.450,     1.598,   419.330,     1.000,    21.013,     0.000,     0.000,     0.000,     0.000,     0.000,     0.000,     0.000,        35.000,         9.907,     0.004,     0.000,     0.000,     0.002,         1.000,         1.000,         1.000,         1.000,         1.000,         1.000,         1.000,         1.000,         1.000,         0.000,         0.000,         0.000,
     1.107,    29.627,     1.997,    20.114,     0.025,     0.954,     0.000,     0.450,     1.597,   419.330,     1.000,    21.002,     0.000,     0.000,     0.000,     0.000,     0.000,     0.000,     0.000,        35.000,         9.903,     0.004,     0.000,     0.000,     0.002,         1.000,         1.000,         1.000,         1.000,         1.000,         1.000,         1.000,         1.000,         1.000,         0.000,         0.000,         0.000,
     1.111,    24.250,     1.997,    20.101,     0.021,    -0.182,     0.000,     0.450,     1.597,   419.330,     1.000,    20.985,     0.000,     0.000,     0.000,     0.000,     0.000,     0.000,     0.000,        35.000,         9.899,     0.004,     0.000,     0.000,     0.002,         1.000,         1.000,         1.000,         1.000,         1.000,         1.000,         1.000,         1.000,         1.000,         0.000,         0.000,         0.000,
     1.116,    31.357,     1.998,    20.087,     0.018,    -1.733,     0.000,     0.450,     1.598,   419.330,     1.000,    20.957,     0.000,     0.000,     0.000,     0.000,     0.000,     0.000,     0.000,        35.000,         9.895,     0.004,     0.000,     0.000,     0.002,         1.000,         1.000,         1.000,         1.000,         1.000,         1.000,         1.000,         1.000,         1.000,         0.000,         0.000,         0.000,
     1.120,    39.628,     2.000,    20.264,     0.010,    -1.861,     0.000,     0.450,     1.600,   419.330,     1.000,    20.933,     0.000,     0.000,     0.000,     0.000,     0.000,     0.000,     0.000,        35.000,         9.891,     0.004,     0.000,     0.000,     0.002,         1.000,         1.000,         1.000,         1.000,         1.000,         1.000,         1.000,         1.000,         1.000,         0.000,         0.000,         0.000,
     1.124,    43.401,     2.002,    20.268,     0.011,    -0.937,     0.000,     0.450,     1.602,   419.330,     1.000,    20.927,     0.000,     0.000,     0.000,     0.000,     0.000,     0.000,     0.000,        35.000,         9.887,     0.004,     0.000,     0.000,     0.002,         1.000,         1.000,         1.000,         1.000,         1.000,         1.000,         1.000,         1.000,         1.000,         0.000,         0.000,         0.000,
     1.128,    47.953,     2.002,    20.280,     0.013,     0.769,     0.000,     0.450,     1.602,   419.330,     1.000,    20.938,     0.000,     0.000,     0.000,     0.000,     0.000,     0.000,     0.000,        35.000,         9.883,     0.004,     0.000,     0.000,     0.002,         1.000,         1.000,         1.000,         1.000,         1.000,         1.000,         1.000,         1.000,         1.000,         0.000,         0.000,         0.000,
     1.132,    47.921,     2.000,    20.276,     0.012,     0.800,     0.000,     0.450,     1.600,   419.330,     1.000,    20.947,     0.000,     0.000,     0.000,     0.000,     0.000,     0.000,     0.000,        35.000,         9.878,     0.004,     0.000,     0.000,     0.002,         1.000,         1.000,         1.000,         1.000,         1.000,         1.000,         1.000,         1.000,         1.000,         0.000,         0.000,         0.000,
     1.136,    49.740,     1.999,    20.072,     0.017,    -0.420,     0.000,     0.450,     1.599,   419.330,     1.000,    20.938,     0.000,     0.000,     0.000,     0.000,     0.000,     0.000,     0.000,        35.000,         9.874,     0.005,     0.000,     0.000,     0.002,         1.000,         1.000,         1.000,         1.000,         1.000,         1.000,         1.000,         1.000,         1.000,         0.000,         0.000,         0.000,
     1.141,    45.940,     1.999,    20.065,     0.017,    -0.535,     0.000,     0.450,     1.599,   419.330,     1.000,    20.921,     0.000,     0.000,     0.000,     0.000,     0.000,     0.000,     0.000,        35.000,         9.870,     0.005,     0.000,     0.000,     0.002,         1.000,         1.000,         1.000,         1.000,         1.000,         1.000,         1.000,         1.000,         1.000,         0.000,         0.000,         0.000,
     1.145,    54.959,     1.999,    20.063,     0.019,     0.217,     0.000,     0.450,     1.599,   419.330,     1.000,    20.910,     0.000,     0.000,     0.000,     0.000,     0.000,     0.000,     0.000,        35.000,         9.866,     0.005,     0.000,     0.000,     0.002,         1.000,         1.000,         1.000,         1.000,         1.000,         1.000,         1.000,         1.000,         1.000,         0.000,         0.000,         0.000,
     1.149,    51.050,     1.999,    20.064,     0.018,     0.578,     0.000,     0.450,     1.599,   419.330,     1.000,    20.908,     0.000,     0.000,     0.000,     0.000,     0.000,     0.000,     0.000,        35.000,         9.862,     0.005,     0.000,     0.000,     0.002,         1.000,         1.000,         1.000,         1.000,         1.000,         1.000,         1.000,         1.000,         1.000,         0.000,         0.000,         0.000,
     1.153,    34.063,     1.998,    20.063,     0.016,     0.092,     0.000,     0.450,     1.598,   419.330,     1.000,    20.906,     0.000,     0.000,     0.000,     0.000,     0.000,     0.000,     0.000,        35.000,         9.858,     0.005,     0.000,     0.000,     0.002,         1.000,         1.000,         1.000,         1.000,         1.000,         1.000,         1.000,         1.000,         1.000,         0.000,         0.000,         0.000,
     1.157,    39.729,     1.999,    20.060,     0.013,    -0.621,     0.000,     0.450,     1.599,   419.330,     1.000,    20.901,     0.000,     0.000,     0.000,     0.000,     0.000,     0.000,     0.000,        35.000,         9.854,     0.006,     0.000,     0.000,     0.003,         1.000,         1.000,         1.000,         1.000,         1.000,         1.000,         1.000,         1.000,         1.000,         0.000,         0.000,         0.000,
     1.161,    45.617,     2.000,    20.056,     0.012,    -0.920,     0.000,     0.450,     1.600,   419.330,     1.000,    20.896,     0.000,     0.000,     0.000,     0.000,     0.000,     0.000,     0.000,        35.000,         9.849,     0.006,     0.000,     0.000,     0.003,         1.000,         1.000,         1.000,         1.000,         1.000,         1.000,         1.000,         1.000,         1.000,         0.000,         0.000,         0.000,
     1.166,    42.804,     2.000,    20.181,     0.008,    -0.225,     0.000,     0.450,     1.600,   419.330,     1.000,    20.896,     0.000,     0.000,     0.000,     0.000,     0.000,     0.000,     0.000,        35.000,         9.845,     0.005,     0.000,     0.000,     0.002,         1.000,         1.000,         1.000,         1.000,         1.000,         1.000,         1.000,         1.000,         1.000,         0.000,         0.000,         0.000,
     1.170,    58.183,     2.000,    20.178,     0.009,     0.360,     0.000,     0.450,     1.600,   419.330,     1.000,    20.899,     0.000,     0.000,     0.000,     0.000,     0.000,     0.000,     0.000,        35.000,         9.841,     0.005,     0.000,     0.000,     0.002,         1.000,         1.000,         1.000,         1.000,         1.000,         1.000,         1.000,         1.000,         1.000,         0.000,         0.000,         0.000,
     1.174,    45.854,     2.000,    20.046,     0.013,     0.213,     0.000,     0.450,     1.600,   419.330,     1.000,    20.898,     0.000,     0.000,     0.000,     0.000,     0.000,     0.000,     0.000,        35.000,         9.837,     0.006,     0.000,     0.000,     0.003,         1.000,         1.000,         1.000,         1.000,         1.000,         1.000,         1.000,         1.000,         1.000,         0.000,         0.000,         0.000,
     1.178,    54.143,     2.000,    20.042,     0.013,    -0.062,     0.000,     0.450,     1.600,   419.330,     1.000,    20.894,     0.000,     0.000,     0.000,     0.000,     0.000,     0.000,     0.000,        35.000,         9.833,     0.006,     0.000,     0.001,     0.003,         1.000,         1.000,         1.000,         1.000,         1.000,         1.000,         1.000,         1.000,         1.000,         0.000,         0.000,         0.000,
     1.182,    45.597,     2.000,    20.040,     0.014,     0.081,     0.000,     0.450,     1.600,   419.330,     1.000,    20.891,     0.000,     0.000,     0.000,     0.000,     0.000,     0.000,     0.000,        35.000,         9.829,     0.007,     0.000,     0.001,     0.003,         1.000,         1.000,         1.000,         1.000,         1.000,         1.000,         1.000,         1.000,         1.000,         0.000,         0.000,         0.000,
     1.186,    43.604,     2.000,    20.039,     0.014,     0.346,     0.000,     0.450,     1.600,   419.330,     1.000,    20.891,     0.000,     0.000,     0.000,     0.000,     0.000,     0.000,     0.000,        35.000,         9.824,     0.007,     0.000,     0.001,     0.003,         1.000,         1.000,         1.000,         1.000,         1.000,         1.000,         1.000,         1.000,         1.000,         0.000,         0.000,         0.000,
     1.190,    38.571,     1.999,    20.038,     0.014,     0.332,     0.000,     0.450,     1.599,   419.330,     1.000,    20.891,     0.000,     0.000,     0.000,     0.000,     0.000,     0.000,     0.000,        35.000,         9.820,     0.007,     0.000,     0.001,     0.003,         1.000,         1.000,         1.000,         1.000,         1.000,         1.000,         1.000,         1.000,         1.000,         0.000,         0.000,         0.000,
     1.195,    48.923,     1.999,    20.036,     0.013,    -0.042,     0.000,     0.450,     1.599,   419.330,     1.000,    20.891,     0.000,     0.000,     0.000,     0.000,     0.000,     0.000,     0.000,        35.000,         9.816,     0.007,     0.000,     0.001,     0.003,         1.000,         1.000,         1.000,         1.000,         1.000,         1.000,         1.000,         1.000,         1.000,         0.000,         0.000,         0.000,
     1.199,    45.140,     1.999,    20.036,     0.012,    -0.261,     0.000,     0.450,     1.599,   419.330,     1.000,    20.891,     0.000,     0.000,     0.000,     0.000,     0.000,     0.000,     0.000,        35.000,         9.812,     0.007,     0.000,     0.001,     0.003,         1.000,         1.000,         1.000,         1.000,         1.000,         1.000,         1.000,         1.000,         1.000,         0.000,         0.000,         0.000,
     1.203,    61.341,     2.000,    20.035,     0.012,    -0.293,     0.000,     0.450,     1.600,   419.330,     1.000,    20.892,     0.000,     0.000,     0.000,     0.000,     0.000,     0.000,     0.000,        35.000,         9.808,     0.007,     0.000,     0.001,     0.003,         1.000,         1.000,         1.000,         1.000,         1.000,         1.000,         1.000,         1.000,         1.000,         0.000,         0.000,         0.000,
     1.207,    46.883,     2.000,    20.034,     0.012,    -0.038,     0.000,     0.450,     1.600,   419.330,     1.000,    20.894,     0.000,     0.000,     0.000,     0.000,     0.000,     0.000,     0.000,        35.000,         9.804,     0.007,     0.000,     0.001,     0.003,         1.000,         1.000,         1.000,         1.000,         1.000,         1.000,         1.000,         1.000,         1.000,         0.000,         0.000,         0.000,
     1.211,    43.962,     2.000,    20.033,     0.012,    -0.006,     0.000,     0.450,     1.600,   419.330,     1.000,    20.896,     0.000,     0.000,     0.000,     0.000,     0.000,     0.000,     0.000,        35.000,         9.800,     0.008,     0.000,     0.001,     0.003,         1.000,         1.000,         1.000,         1.000,         1.000,         1.000,         1.000,         1.000,         1.000,         0.000,         0.000,         0.000,
     1.216,    46.810,     2.000,    20.032,     0.012,    -0.048,     0.000,     0.450,     1.600,   419.330,     1.000,    20.897,     0.000,     0.000,     0.000,     0.000,     0.000,     0.000,     0.000,        35.000,         9.795,     0.008,     0.000,     0.001,     0.004,         1.000,         1.000,         1.000,         1.000,         1.000,         1.000,         1.000,         1.000,         1.000,         0.000,         0.000,         0.000,
     1.220,    45.719,     2.000,    20.031,     0.012,    -0.029,     0.000,     0.450,     1.600,   419.330,     1.000,    20.899,     0.000,     0.000,     0.000,     0.000,     0.000,     0.000,     0.000,        35.000,         9.791,     0.008,     0.000,     0.001,     0.004,         1.000,         1.000,         1.000,         1.000,         1.000,         1.000,         1.000,         1.000,         1.000,         0.000,         0.000,         0.000,
     1.224,    36.808,     2.000,    20.030,     0.012,     0.035,     0.000,     0.450,     1.600,   419.330,     1.000,    20.900,     0.000,     0.000,     0.000,     0.000,     0.000,     0.000,     0.000,        35.000,         9.787,     0.008,     0.000,     0.001,     0.004,         1.000,         1.000,         1.000,         1.000,         1.000,         1.000,         1.000,         1.000,         1.000,         0.000,         0.000,         0.000,
     1.228,    50.011,     2.000,    20.028,     0.013,     0.168,     0.000,     0.450,     1.600,   419.330,     1.000,    20.902,     0.000,     0.000,     0.000,     0.000,     0.000,     0.000,     0.000,        35.000,         9.783,     0.008,     0.000,     0.001,     0.004,         1.000,         1.000,         1.000,         1.000,         1.000,         1.000,         1.000,         1.000,         1.000,         0.000,         0.000,         0.000,
     1.232,    49.658,     1.999,    20.026,     0.012,     0.130,     0.000,     0.450,     1.599,   419.330,     1.000,    20.903,     0.000,     0.000,     0.000,     0.000,     0.000,     0.000,     0.000,        35.000,         9.779,     0.008,     0.000,     0.001,     0.004,         1.000,         1.000,         1.000,         1.000,         1.000,         1.000,         1.000,         1.000,         1.000,         0.000,         0.000,         0.000,
     1.237,    47.102,     1.999,    20.024,     0.012,     0.024,     0.000,     0.450,     1.599,   419.330,     1.000,    20.902,     0.000,     0.000,     0.000,     0.000,     0.000,     0.000,     0.000,        35.000,         9.775,     0.009,     0.000,     0.001,     0.004,         1.000,         1.000,         1.000,         1.000,         1.000,         1.000,         1.000,         1.000,         1.000,         0.000,         0.000,         0.000,
     1.241,    48.725,     1.999,    20.021,     0.012,    -0.035,     0.000,     0.450,     1.599,   419.330,     1.000,    20.901,     0.000,     0.000,     0.000,     0.000,     0.000,     0.000,     0.000,        35.000,         9.771,     0.009,     0.000,     0.001,     0.004,         1.000,         1.000,         1.000,         1.000,         1.000,         1.000,         1.000,         1.000,         1.000,         0.000,         0.000,         0.000,
     1.245,    48.864,     1.999,    20.019,     0.011,    -0.029,     0.000,     0.450,     1.599,   419.330,     1.000,    20.900,     0.000,     0.000,     0.000,     0.000,     0.000,     0.000,     0.000,        35.000,         9.766,     0.009,     0.000,     0.001,     0.004,         1.000,         1.000,         1.000,         1.000,         1.000,         1.000,         1.000,         1.000,         1.000,         0.000,         0.000,         0.000,
     1.249,    45.637,     1.999,    20.017,     0.011,    -0.022,     0.000,     0.450,     1.599,   419.330,     1.000,    20.898,     0.000,     0.000,     0.000,     0.000,     0.000,     0.000,     0.000,        35.000,         9.763,     0.009,     0.000,     0.001,     0.004,         1.000,         1.000,         1.000,         1.000,         1.000,         1.000,         1.000,         1.000,         1.000,         0.000,         0.000,         0.000,
     1.253,    46.675,     1.999,    20.011,     0.010,    -0.027,     0.000,     0.450,     1.599,   419.330,     1.000,    20.897,     0.000,     0.000,     0.000,     0.000,     0.000,     0.000,     0.000,        35.000,         9.758,     0.009,     0.000,     0.001,     0.004,         1.000,         1.000,         1.000,         1.000,         1.000,         1.000,         1.000,         1.000,         1.000,         0.000,         0.000,         0.000,
     1.257,    46.434,     2.000,    20.008,     0.010,    -0.062,     0.000,     0.450,     1.600,   419.330,     1.000,    20.898,     0.000,     0.000,     0.000,     0.000,     0.000,     0.000,     0.000,        35.000,         9.754,     0.009,     0.000,     0.001,     0.004,         1.000,         1.000,         1.000,         1.000,         1.000,         1.000,         1.000,         1.000,         1.000,         0.000,         0.000,         0.000,
     1.261,    49.840,     2.000,    20.006,     0.010,    -0.000,     0.000,     0.450,     1.600,   419.330,     1.000,    20.899,     0.000,     0.000,     0.000,     0.000,     0.000,     0.000,     0.000,        35.000,         9.750,     0.010,     0.000,     0.001,     0.004,         1.000,         1.000,         1.000,         1.000,         1.000,         1.000,         1.000,         1.000,         1.000,         0.000,         0.000,         0.000,
     1.266,    55.069,     2.000,    20.005,     0.010,     0.048,     0.000,     0.450,     1.600,   419.330,     1.000,    20.899,     0.000,     0.000,     0.000,     0.000,     0.000,     0.000,     0.000,        35.000,         9.746,     0.010,     0.000,     0.001,     0.004,         1.000,         1.000,         1.000,         1.000,         1.000,         1.000,         1.000,         1.000,         1.000,         0.000,         0.000,         0.000,
     1.270,    50.445,     1.999,    20.006,     0.010,     0.096,     0.000,     0.450,     1.599,   419.330,     1.000,    20.898,     0.000,     0.000,     0.000,     0.000,     0.000,     0.000,     0.000,        35.000,         9.742,     0.010,     0.000,     0.001,     0.004,         1.000,         1.000,         1.000,         1.000,         1.000,         1.000,         1.000,         1.000,         1.000,         0.000,         0.000,         0.000,
     1.274,    43.635,     1.999,    20.008,     0.009,     0.033,     0.000,     0.450,     1.599,   419.330,     1.000,    20.898,     0.000,     0.000,     0.000,     0.000,     0.000,     0.000,     0.000,        35.000,         9.738,     0.010,     0.000,     0.001,     0.005,         1.000,         1.000,         1.000,         1.000,         1.000,         1.000,         1.000,         1.000,         1.000,         0.000,         0.000,         0.000,
     1.278,    46.043,     1.999,    20.009,     0.009,    -0.009,     0.000,     0.450,     1.599,   419.330,     1.000,    20.897,     0.000,     0.000,     0.000,     0.000,     0.000,     0.000,     0.000,        35.000,         9.734,     0.010,     0.000,     0.001,     0.005,         1.000,         1.000,         1.000,         1.000,         1.000,         1.000,         1.000,         1.000,         1.000,         0.000,         0.000,         0.000,
     1.282,    43.927,     1.999,    20.010,     0.009,    -0.000,     0.000,     0.450,     1.599,   419.330,     1.000,    20.897,     0.000,     0.000,     0.000,     0.000,     0.000,     0.000,     0.000,        35.000,         9.730,     0.010,     0.000,     0.001,     0.005,         1.000,         1.000,         1.000,         1.000,         1.000,         1.000,         1.000,         1.000,         1.000,         0.000,         0.000,         0.000,
     1.286,    46.096,     1.999,    20.010,     0.009,    -0.012,     0.000,     0.450,     1.599,   419.330,     1.000,    20.896,     0.000,     0.000,     0.000,     0.000,     0.000,     0.000,     0.000,        35.000,         9.726,     0.010,     0.000,     0.001,     0.005,         1.000,         1.000,         1.000,         1.000,         1.000,         1.000,         1.000,         1.000,         1.000,         0.000,         0.000,         0.000,
     1.291,    49.031,     1.999,    20.009,     0.009,    -0.046,     0.000,     0.450,     1.599,   419.330,     1.000,    20.894,     0.000,     0.000,     0.000,     0.000,     0.000,     0.000,     0.000,        35.000,         9.721,     0.011,     0.000,     0.001,     0.005,         1.000,         1.000,         1.000,         1.000,         1.000,         1.000,         1.000,         1.000,         1.000,         0.000,         0.000,         0.000,
     1.295,    56.045,     1.999,    20.007,     0.009,    -0.027,     0.000,     0.450,     1.599,   419.330,     1.000,    20.894,     0.000,     0.000,     0.000,     0.000,     0.000,     0.000,     0.000,        35.000,         9.717,     0.011,     0.000,     0.001,     0.005,         1.000,         1.000,         1.000,         1.000,         1.000,         1.000,         1.000,         1.000,         1.000,         0.000,         0.000,         0.000,
     1.299,    58.372,     2.000,    20.005,     0.009,    -0.055,     0.000,     0.450,     1.600,   419.330,     1.000,    20.894,     0.000,     0.000,     0.000,     0.000,     0.000,     0.000,     0.000,        35.000,         9.714,     0.011,     0.000,     0.001,     0.005,         1.000,         1.000,         1.000,         1.000,         1.000,         1.000,         1.000,         1.000,         1.000,         0.000,         0.000,         0.000,
     1.303,    44.038,     2.000,    20.003,     0.009,     0.014,     0.000,     0.450,     1.600,   419.330,     1.000,    20.894,     0.000,     0.000,     0.000,     0.000,     0.000,     0.000,     0.000,        35.000,         9.709,     0.011,     0.000,     0.001,     0.005,         1.000,         1.000,         1.000,         1.000,         1.000,         1.000,         1.000,         1.000,         1.000,         0.000,         0.000,         0.000,
     1.307,    45.155,     2.000,    20.001,     0.009,     0.006,     0.000,     0.450,     1.600,   419.330,     1.000,    20.896,     0.000,     0.000,     0.000,     0.000,     0.000,     0.000,     0.000,        35.000,         9.705,     0.011,     0.000,     0.001,     0.005,         1.000,         1.000,         1.000,         1.000,         1.000,         1.000,         1.000,         1.000,         1.000,         0.000,         0.000,         0.000,
     1.312,    54.414,     1.999,    20.000,     0.010,     0.021,     0.000,     0.450,     1.599,   419.330,     1.000,    20.898,     0.000,     0.000,     0.000,     0.000,     0.000,     0.000,     0.000,        35.000,         9.701,     0.011,     0.000,     0.001,     0.005,         1.000,         1.000,         1.000,         1.000,         1.000,         1.000,         1.000,         1.000,         1.000,         0.000,         0.000,         0.000,
     1.316,    58.236,     1.999,    19.999,     0.010,     0.064,     0.000,     0.450,     1.599,   419.330,     1.000,    20.901,     0.000,     0.000,     0.000,     0.000,     0.000,     0.000,     0.000,        35.000,         9.697,     0.012,     0.000,     0.001,     0.005,         1.000,         1.000,         1.000,         1.000,         1.000,         1.000,         1.000,         1.000,         1.000,         0.000,         0.000,         0.000,
     1.320,    45.050,     1.999,    19.997,     0.010,     0.032,     0.000,     0.450,     1.599,   419.330,     1.000,    20.901,     0.000,     0.000,     0.000,     0.000,     0.000,     0.000,     0.000,        35.000,         9.693,     0.012,     0.000,     0.001,     0.005,         1.000,         1.000,         1.000,         1.000,         1.000,         1.000,         1.000,         1.000,         1.000,         0.000,         0.000,         0.000,
     1.324,    44.447,     1.999,    19.995,     0.010,    -0.016,     0.000,     0.450,     1.599,   419.330,     1.000,    20.898,     0.000,     0.000,     0.000,     0.000,     0.000,     0.000,     0.000,        35.000,         9.689,     0.012,     0.000,     0.001,     0.005,         1.000,         1.000,         1.000,         1.000,         1.000,         1.000,         1.000,         1.000,         1.000,         0.000,         0.000,         0.000,
     1.328,    43.545,     1.999,    19.994,     0.009,    -0.021,     0.000,     0.450,     1.599,   419.330,     1.000,    20.894,     0.000,     0.000,     0.000,     0.000,     0.000,     0.000,     0.000,        35.000,         9.685,     0.012,     0.000,     0.001,     0.005,         1.000,         1.000,         1.000,         1.000,         1.000,         1.000,         1.000,         1.000,         1.000,         0.000,         0.000,         0.000,
     1.333,    58.860,     1.999,    19.993,     0.009,     0.007,     0.000,     0.450,     1.599,   419.330,     1.000,    20.893,     0.000,     0.000,     0.000,     0.000,     0.000,     0.000,     0.000,        35.000,         9.680,     0.012,     0.000,     0.001,     0.005,         1.000,         1.000,         1.000,         1.000,         1.000,         1.000,         1.000,         1.000,         1.000,         0.000,         0.000,         0.000,
     1.336,    56.688,     1.999,    19.992,     0.009,     0.005,     0.000,     0.450,     1.599,   419.330,     1.000,    20.893,     0.000,     0.000,     0.000,     0.000,     0.000,     0.000,     0.000,        35.000,         9.677,     0.012,     0.000,     0.001,     0.006,         1.000,         1.000,         1.000,         1.000,         1.000,         1.000,         1.000,         1.000,         1.000,         0.000,         0.000,         0.000,
     1.340,    51.077,     1.999,    19.992,     0.009,    -0.002,     0.000,     0.450,     1.599,   419.330,     1.000,    20.893,     0.000,     0.000,     0.000,     0.000,     0.000,     0.000,     0.000,        35.000,         9.673,     0.012,     0.000,     0.001,     0.006,         1.000,         1.000,         1.000,         1.000,         1.000,         1.000,         1.000,         1.000,         1.000,         0.000,         0.000,         0.000,
     1.345,    43.298,     1.999,    19.992,     0.009,    -0.001,     0.000,     0.450,     1.599,   419.330,     1.000,    20.890,     0.000,     0.000,     0.000,     0.000,     0.000,     0.000,     0.000,        35.000,         9.669,     0.013,     0.000,     0.001,     0.006,         1.000,         1.000,         1.000,         1.000,         1.000,         1.000,         1.000,         1.000,         1.000,         0.000,         0.000,         0.000,
     1.349,    43.239,     1.999,    19.990,     0.009,     0.002,     0.000,     0.450,     1.599,   419.330,     1.000,    20.886,     0.000,     0.000,     0.000,     0.000,     0.000,     0.000,     0.000,        35.000,         9.665,     0.013,     0.000,     0.001,     0.006,         1.000,         1.000,         1.000,         1.000,         1.000,         1.000,         1.000,         1.000,         1.000,         0.000,         0.000,         0.000,
     1.353,    48.512,     1.999,    19.987,     0.009,     0.018,     0.000,     0.450,     1.599,   419.330,     1.000,    20.884,     0.000,     0.000,     0.000,     0.000,     0.000,     0.000,     0.000,        35.000,         9.660,     0.013,     0.000,     0.001,     0.006,         1.000,         1.000,         1.000,         1.000,         1.000,         1.000,         1.000,         1.000,         1.000,         0.000,         0.000,         0.000,
     1.357,    44.525,     1.999,    19.984,     0.010,     0.018,     0.000,     0.450,     1.599,   419.330,     1.000,    20.884,     0.000,     0.000,     0.000,     0.000,     0.000,     0.000,     0.000,        35.000,         9.656,     0.013,     0.000,     0.001,     0.006,         1.000,         1.000,         1.000,         1.000,         1.000,         1.000,         1.000,         1.000,         1.000,         0.000,         0.000,         0.000,
     1.362,    57.082,     1.999,    19.980,     0.010,     0.015,     0.000,     0.450,     1.599,   419.330,     1.000,    20.883,     0.000,     0.000,     0.000,     0.000,     0.000,     0.000,     0.000,        35.000,         9.652,     0.013,     0.000,     0.001,     0.006,         1.000,         1.000,         1.000,         1.000,         1.000,         1.000,         1.000,         1.000,         1.000,         0.000,         0.000,         0.000,
     1.366,    41.355,     1.999,    19.976,     0.010,     0.012,     0.000,     0.450,     1.599,   419.330,     1.000,    20.882,     0.000,     0.000,     0.000,     0.000,     0.000,     0.000,     0.000,        35.000,         9.648,     0.013,     0.000,     0.001,     0.006,         1.000,         1.000,         1.000,         1.000,         1.000,         1.000,         1.000,         1.000,         1.000,         0.000,         0.000,         0.000,
     1.370,    47.796,     1.999,    19.973,     0.010,     0.004,     0.000,     0.450,     1.599,   419.330,     1.000,    20.881,     0.000,     0.000,     0.000,     0.000,     0.000,     0.000,     0.000,        35.000,         9.644,     0.014,     0.000,     0.001,     0.006,         1.000,         1.000,         1.000,         1.000,         1.000,         1.000,         1.000,         1.000,         1.000,         0.000,         0.000,         0.000,
     1.374,    45.143,     1.999,    19.969,     0.010,    -0.016,     0.000,     0.450,     1.599,   419.330,     1.000,    20.880,     0.000,     0.000,     0.000,     0.000,     0.000,     0.000,     0.000,        35.000,         9.640,     0.014,     0.000,     0.001,     0.006,         1.000,         1.000,         1.000,         1.000,         1.000,         1.000,         1.000,         1.000,         1.000,         0.000,         0.000,         0.000,
     1.378,    44.836,     1.999,    19.966,     0.010,    -0.014,     0.000,     0.450,     1.599,   419.330,     1.000,    20.879,     0.000,     0.000,     0.000,     0.000,     0.000,     0.000,     0.000,        35.000,         9.636,     0.014,     0.000,     0.001,     0.006,         1.000,         1.000,         1.000,         1.000,         1.000,         1.000,         1.000,         1.000,         1.000,         0.000,         0.000,         0.000,
     1.382,    48.357,     1.999,    19.964,     0.010,     0.001,     0.000,     0.450,     1.599,   419.330,     1.000,    20.877,     0.000,     0.000,     0.000,     0.000,     0.000,     0.000,     0.000,        35.000,         9.632,     0.014,     0.000,     0.001,     0.006,         1.000,         1.000,         1.000,         1.000,         1.000,         1.000,         1.000,         1.000,         1.000,         0.000,         0.000,         0.000,
     1.387,    54.993,     1.999,    19.961,     0.010,    -0.015,     0.000,     0.450,     1.599,   419.330,     1.000,    20.874,     0.000,     0.000,     0.000,     0.000,     0.000,     0.000,     0.000,        35.000,         9.628,     0.014,     0.000,     0.001,     0.006,         1.000,         1.000,         1.000,         1.000,         1.000,         1.000,         1.000,         1.000,         1.000,         0.000,         0.000,         0.000,
     1.391,    45.115,     1.999,    19.959,     0.010,    -0.009,     0.000,     0.450,     1.599,   419.330,     1.000,    20.873,     0.000,     0.000,     0.000,     0.000,     0.000,     0.000,     0.000,        35.000,         9.624,     0.014,     0.000,     0.001,     0.006,         1.000,         1.000,         1.000,         1.000,         1.000,         1.000,         1.000,         1.000,         1.000,         0.000,         0.000,         0.000,
     1.395,    45.510,     1.999,    19.957,     0.010,    -0.014,     0.000,     0.450,     1.599,   419.330,     1.000,    20.872,     0.000,     0.000,     0.000,     0.000,     0.000,     0.000,     0.000,        35.000,         9.620,     0.015,     0.000,     0.001,     0.007,         1.000,         1.000,         1.000,         1.000,         1.000,         1.000,         1.000,         1.000,         1.000,         0.000,         0.000,         0.000,
     1.399,    45.580,     1.999,    19.955,     0.010,     0.010,     0.000,     0.450,     1.599,   419.330,     1.000,    20.872,     0.000,     0.000,     0.000,     0.000,     0.000,     0.000,     0.000,        35.000,         9.616,     0.015,     0.000,     0.001,     0.007,         1.000,         1.000,         1.000,         1.000,         1.000,         1.000,         1.000,         1.000,         1.000,         0.000,         0.000,         0.000,
     1.403,    45.990,     1.999,    19.953,     0.010,     0.016,     0.000,     0.450,     1.599,   419.330,     1.000,    20.872,     0.000,     0.000,     0.000,     0.000,     0.000,     0.000,     0.000,        35.000,         9.612,     0.015,     0.000,     0.001,     0.007,         1.000,         1.000,         1.000,         1.000,         1.000,         1.000,         1.000,         1.000,         1.000,         0.000,         0.000,         0.000,
     1.407,    52.895,     1.999,    19.951,     0.010,     0.010,     0.000,     0.450,     1.599,   419.330,     1.000,    20.870,     0.000,     0.000,     0.000,     0.000,     0.000,     0.000,     0.000,        35.000,         9.608,     0.015,     0.000,     0.001,     0.007,         1.000,         1.000,         1.000,         1.000,         1.000,         1.000,         1.000,         1.000,         1.000,         0.000,         0.000,         0.000,
     1.411,    38.343,     1.999,    19.950,     0.010,     0.016,     0.000,     0.450,     1.599,   419.330,     1.000,    20.868,     0.000,     0.000,     0.000,     0.000,     0.000,     0.000,     0.000,        35.000,         9.604,     0.015,     0.000,     0.001,     0.007,         1.000,         1.000,         1.000,         1.000,         1.000,         1.000,         1.000,         1.000,         1.000,         0.000,         0.000,         0.000,
     1.416,    49.401,     1.999,    19.948,     0.010,     0.035,     0.000,     0.450,     1.599,   419.330,     1.000,    20.867,     0.000,     0.000,     0.000,     0.000,     0.000,     0.000,     0.000,        35.000,         9.599,     0.015,     0.000,     0.001,     0.007,         1.000,         1.000,         1.000,         1.000,         1.000,         1.000,         1.000,         1.000,         1.000,         0.000,         0.000,         0.000,
     1.420,    43.933,     1.999,    19.947,     0.010,     0.011,     0.000,     0.450,     1.599,   419.330,     1.000,    20.865,     0.000,     0.000,     0.000,     0.000,     0.000,     0.000,     0.000,        35.000,         9.595,     0.015,     0.000,     0.001,     0.007,         1.000,         1.000,         1.000,         1.000,         1.000,         1.000,         1.000,         1.000,         1.000,         0.000,         0.000,         0.000,
     1.424,    43.565,     1.999,    19.946,     0.010,    -0.026,     0.000,     0.450,     1.599,   419.330,     1.000,    20.864,     0.000,     0.000,     0.000,     0.000,     0.000,     0.000,     0.000,        35.000,         9.591,     0.016,     0.000,     0.001,     0.007,         1.000,         1.000,         1.000,         1.000,         1.000,         1.000,         1.000,         1.000,         1.000,         0.000,         0.000,         0.000,
     1.428,    46.191,     1.999,    19.945,     0.010,    -0.027,     0.000,     0.450,     1.599,   419.330,     1.000,    20.864,     0.000,     0.000,     0.000,     0.000,     0.000,     0.000,     0.000,        35.000,         9.587,     0.016,     0.000,     0.001,     0.007,         1.000,         1.000,         1.000,         1.000,         1.000,         1.000,         1.000,         1.000,         1.000,         0.000,         0.000,         0.000,
     1.433,    50.191,     1.999,    19.943,     0.010,    -0.010,     0.000,     0.450,     1.599,   419.330,     1.000,    20.863,     0.000,     0.000,     0.000,     0.000,     0.000,     0.000,     0.000,        35.000,         9.583,     0.016,     0.000,     0.001,     0.007,         1.000,         1.000,         1.000,         1.000,         1.000,         1.000,         1.000,         1.000,         1.000,         0.000,         0.000,         0.000,
     1.437,    50.304,     1.999,    19.942,     0.010,     0.005,     0.000,     0.450,     1.599,   419.330,     1.000,    20.862,     0.000,     0.000,     0.000,     0.000,     0.000,     0.000,     0.000,        35.000,         9.579,     0.016,     0.000,     0.001,     0.007,         1.000,         1.000,         1.000,         1.000,         1.000,         1.000,         1.000,         1.000,         1.000,         0.000,         0.000,         0.000,
     1.441,    42.384,     1.999,    19.941,     0.010,    -0.028,     0.000,     0.450,     1.599,   419.330,     1.000,    20.861,     0.000,     0.000,     0.000,     0.000,     0.000,     0.000,     0.000,        35.000,         9.575,     0.016,     0.000,     0.001,     0.007,         1.000,         1.000,         1.000,         1.000,         1.000,         1.000,         1.000,         1.000,         1.000,         0.000,         0.000,         0.000,
     1.445,    45.691,     1.999,    19.941,     0.010,    -0.012,     0.000,     0.450,     1.599,   419.330,     1.000,    20.861,     0.000,     0.000,     0.000,     0.000,     0.000,     0.000,     0.000,        35.000,         9.571,     0.016,     0.000,     0.001,     0.007,         1.000,         1.000,         1.000,         1.000,         1.000,         1.000,         1.000,         1.000,         1.000,         0.000,         0.000,         0.000,
     1.449,    44.772,     1.999,    19.940,     0.011,     0.012,     0.000,     0.450,     1.599,   419.330,     1.000,    20.861,     0.000,     0.000,     0.000,     0.000,     0.000,     0.000,     0.000,        35.000,         9.567,     0.017,     0.000,     0.001,     0.007,         1.000,         1.000,         1.000,         1.000,         1.000,         1.000,         1.000,         1.000,         1.000,         0.000,         0.000,         0.000,
     1.453,    43.925,     1.999,    19.939,     0.011,     0.012,     0.000,     0.450,     1.599,   419.330,     1.000,    20.861,     0.000,     0.000,     0.000,     0.000,     0.000,     0.000,     0.000,        35.000,         9.563,     0.017,     0.000,     0.001,     0.008,         1.000,         1.000,         1.000,         1.000,         1.000,         1.000,         1.000,         1.000,         1.000,         0.000,         0.000,         0.000,
     1.458,    46.049,     1.999,    19.938,     0.011,     0.006,     0.000,     0.450,     1.599,   419.330,     1.000,    20.861,     0.000,     0.000,     0.000,     0.000,     0.000,     0.000,     0.000,        35.000,         9.559,     0.017,     0.000,     0.001,     0.008,         1.000,         1.000,         1.000,         1.000,         1.000,         1.000,         1.000,         1.000,         1.000,         0.000,         0.000,         0.000,
     1.462,    48.089,     1.999,    19.937,     0.011,    -0.002,     0.000,     0.450,     1.599,   419.330,     1.000,    20.860,     0.000,     0.000,     0.000,     0.000,     0.000,     0.000,     0.000,        35.000,         9.555,     0.017,     0.000,     0.001,     0.008,         1.000,         1.000,         1.000,         1.000,         1.000,         1.000,         1.000,         1.000,         1.000,         0.000,         0.000,         0.000,
     1.466,    51.700,     1.999,    19.936,     0.011,     0.002,     0.000,     0.450,     1.599,   419.330,     1.000,    20.859,     0.000,     0.000,     0.000,     0.000,     0.000,     0.000,     0.000,        35.000,         9.551,     0.017,     0.000,     0.001,     0.008,         1.000,         1.000,         1.000,         1.000,         1.000,         1.000,         1.000,         1.000,         1.000,         0.000,         0.000,         0.000,
     1.470,    49.085,     1.999,    19.936,     0.011,     0.005,     0.000,     0.450,     1.599,   419.330,     1.000,    20.856,     0.000,     0.000,     0.000,     0.000,     0.000,     0.000,     0.000,        35.000,         9.547,     0.017,     0.000,     0.001,     0.008,         1.000,         1.000,         1.000,         1.000,         1.000,         1.000,         1.000,         1.000,         1.000,         0.000,         0.000,         0.000,
     1.474,    40.638,     1.999,    19.935,     0.011,     0.002,     0.000,     0.450,     1.599,   419.330,     1.000,    20.852,     0.000,     0.000,     0.000,     0.000,     0.000,     0.000,     0.000,        35.000,         9.543,     0.017,     0.000,     0.001,     0.008,         1.000,         1.000,         1.000,         1.000,         1.000,         1.000,         1.000,         1.000,         1.000,         0.000,         0.000,         0.000,
     1.478,    54.167,     1.999,    19.935,     0.011,     0.005,     0.000,     0.450,     1.599,   419.330,     1.000,    20.850,     0.000,     0.000,     0.000,     0.000,     0.000,     0.000,     0.000,        35.000,         9.539,     0.018,     0.000,     0.001,     0.008,         1.000,         1.000,         1.000,         1.000,         1.000,         1.000,         1.000,         1.000,         1.000,         0.000,         0.000,         0.000,
     1.483,    48.167,     1.999,    19.935,     0.011,     0.007,     0.000,     0.450,     1.599,   419.330,     1.000,    20.851,     0.000,     0.000,     0.000,     0.000,     0.000,     0.000,     0.000,        35.000,         9.535,     0.018,     0.000,     0.001,     0.008,         1.000,         1.000,         1.000,         1.000,         1.000,         1.000,         1.000,         1.000,         1.000,         0.000,         0.000,         0.000,
     1.487,    44.951,     1.999,    19.934,     0.011,    -0.013,     0.000,     0.450,     1.599,   419.330,     1.000,    20.852,     0.000,     0.000,     0.000,     0.000,     0.000,     0.000,     0.000,        35.000,         9.531,     0.018,     0.000,     0.001,     0.008,         1.000,         1.000,         1.000,         1.000,         1.000,         1.000,         1.000,         1.000,         1.000,         0.000,         0.000,         0.000,
     1.491,    54.157,     1.999,    19.934,     0.011,    -0.006,     0.000,     0.450,     1.599,   419.330,     1.000,    20.851,     0.000,     0.000,     0.000,     0.000,     0.000,     0.000,     0.000,        35.000,         9.527,     0.018,     0.000,     0.001,     0.008,         1.000,         1.000,         1.000,         1.000,         1.000,         1.000,         1.000,         1.000,         1.000,         0.000,         0.000,         0.000,
     1.495,    43.468,     1.999,    19.934,     0.010,    -0.001,     0.000,     0.450,     1.599,   419.330,     1.000,    20.849,     0.000,     0.000,     0.000,     0.000,     0.000,     0.000,     0.000,        35.000,         9.523,     0.018,     0.000,     0.001,     0.008,         1.000,         1.000,         1.000,         1.000,         1.000,         1.000,         1.000,         1.000,         1.000,         0.000,         0.000,         0.000,
     1.499,    44.211,     1.999,    19.934,     0.010,    -0.001,     0.000,     0.450,     1.599,   419.330,     1.000,    20.847,     0.000,     0.000,     0.000,     0.000,     0.000,     0.000,     0.000,        35.000,         9.519,     0.018,     0.000,     0.001,     0.008,         1.000,         1.000,         1.000,         1.000,         1.000,         1.000,         1.000,         1.000,         1.000,         0.000,         0.000,         0.000,
     1.504,    42.826,     1.999,    19.934,     0.010,    -0.008,     0.000,     0.450,     1.599,   419.330,     1.000,    20.844,     0.000,     0.000,     0.000,     0.000,     0.000,     0.000,     0.000,        35.000,         9.515,     0.019,     0.000,     0.001,     0.008,         1.000,         1.000,         1.000,         1.000,         1.000,         1.000,         1.000,         1.000,         1.000,         0.000,         0.000,         0.000,
     1.507,    44.845,     1.999,    19.934,     0.010,    -0.010,     0.000,     0.450,     1.599,   419.330,     1.000,    20.843,     0.000,     0.000,     0.000,     0.000,     0.000,     0.000,     0.000,        35.000,         9.511,     0.019,     0.000,     0.001,     0.008,         1.000,         1.000,         1.000,         1.000,         1.000,         1.000,         1.000,         1.000,         1.000,         0.000,         0.000,         0.000,
     1.511,    44.909,     1.999,    19.934,     0.010,     0.015,     0.000,     0.450,     1.599,   419.330,     1.000,    20.843,     0.000,     0.000,     0.000,     0.000,     0.000,     0.000,     0.000,        35.000,         9.507,     0.019,     0.000,     0.002,     0.008,         1.000,         1.000,         1.000,         1.000,         1.000,         1.000,         1.000,         1.000,         1.000,         0.000,         0.000,         0.000,
     1.516,    38.724,     1.999,    19.934,     0.010,     0.016,     0.000,     0.450,     1.599,   419.330,     1.000,    20.843,     0.000,     0.000,     0.000,     0.000,     0.000,     0.000,     0.000,        35.000,         9.503,     0.019,     0.000,     0.002,     0.009,         1.000,         1.000,         1.000,         1.000,         1.000,         1.000,         1.000,         1.000,         1.000,         0.000,         0.000,         0.000,
     1.520,    52.752,     1.999,    19.934,     0.010,     0.024,     0.000,     0.450,     1.599,   419.330,     1.000,    20.842,     0.000,     0.000,     0.000,     0.000,     0.000,     0.000,     0.000,        35.000,         9.499,     0.019,     0.000,     0.002,     0.009,         1.000,         1.000,         1.000,         1.000,         1.000,         1.000,         1.000,         1.000,         1.000,         0.000,         0.000,         0.000,
     1.524,    42.735,     1.999,    19.934,     0.010,     0.004,     0.000,     0.450,     1.599,   419.330,     1.000,    20.840,     0.000,     0.000,     0.000,     0.000,     0.000,     0.000,     0.000,        35.000,         9.495,     0.019,     0.000,     0.002,     0.009,         1.000,         1.000,         1.000,         1.000,         1.000,         1.000,         1.000,         1.000,         1.000,         0.000,         0.000,         0.000,
     1.528,    50.479,     1.999,    19.934,     0.010,    -0.009,     0.000,     0.450,     1.599,   419.330,     1.000,    20.838,     0.000,     0.000,     0.000,     0.000,     0.000,     0.000,     0.000,        35.000,         9.491,     0.019,     0.000,     0.002,     0.009,         1.000,         1.000,         1.000,         1.000,         1.000,         1.000,         1.000,         1.000,         1.000,         0.000,         0.000,         0.000,
     1.532,    26.148,     1.999,    19.934,     0.010,    -0.019,     0.000,     0.450,     1.599,   419.330,     1.000,    20.837,     0.000,     0.000,     0.000,     0.000,     0.000,     0.000,     0.000,        35.000,         9.487,     0.020,     0.000,     0.002,     0.009,         1.000,         1.000,         1.000,         1.000,         1.000,         1.000,         1.000,         1.000,         1.000,         0.000,         0.000,         0.000,
     1.537,    48.603,     1.999,    19.935,     0.010,    -0.013,     0.000,     0.450,     1.599,   419.330,     1.000,    20.836,     0.000,     0.000,     0.000,     0.000,     0.000,     0.000,     0.000,        35.000,         9.483,     0.020,     0.000,     0.002,     0.009,         1.000,         1.000,         1.000,         1.000,         1.000,         1.000,         1.000,         1.000,         1.000,         0.000,         0.000,         0.000,
     1.541,    49.127,     1.999,    19.936,     0.010,     0.012,     0.000,     0.450,     1.599,   419.330,     1.000,    20.835,     0.000,     0.000,     0.000,     0.000,     0.000,     0.000,     0.000,        35.000,         9.479,     0.020,     0.000,     0.002,     0.009,         1.000,         1.000,         1.000,         1.000,         1.000,         1.000,         1.000,         1.000,         1.000,         0.000,         0.000,         0.000,
     1.545,    54.972,     1.999,    19.937,     0.010,    -0.006,     0.000,     0.450,     1.599,   419.330,     1.000,    20.834,     0.000,     0.000,     0.000,     0.000,     0.000,     0.000,     0.000,        35.000,         9.475,     0.020,     0.000,     0.002,     0.009,         1.000,         1.000,         1.000,         1.000,         1.000,         1.000,         1.000,         1.000,         1.000,         0.000,         0.000,         0.000,
     1.549,    46.072,     1.999,    19.938,     0.010,    -0.017,     0.000,     0.450,     1.599,   419.330,     1.000,    20.832,     0.000,     0.000,     0.000,     0.000,     0.000,     0.000,     0.000,        35.000,         9.471,     0.020,     0.000,     0.002,     0.009,         1.000,         1.000,         1.000,         1.000,         1.000,         1.000,         1.000,         1.000,         1.000,         0.000,         0.000,         0.000,
     1.553,    46.658,     1.999,    19.938,     0.010,     0.004,     0.000,     0.450,     1.599,   419.330,     1.000,    20.831,     0.000,     0.000,     0.000,     0.000,     0.000,     0.000,     0.000,        35.000,         9.467,     0.020,     0.000,     0.002,     0.009,         1.000,         1.000,         1.000,         1.000,         1.000,         1.000,         1.000,         1.000,         1.000,         0.000,         0.000,         0.000,
     1.558,    45.329,     1.999,    19.938,     0.010,     0.017,     0.000,     0.450,     1.599,   419.330,     1.000,    20.830,     0.000,     0.000,     0.000,     0.000,     0.000,     0.000,     0.000,        35.000,         9.463,     0.021,     0.000,     0.002,     0.009,         1.000,         1.000,         1.000,         1.000,         1.000,         1.000,         1.000,         1.000,         1.000,         0.000,         0.000,         0.000,
     1.562,    44.337,     1.999,    19.938,     0.010,     0.017,     0.000,     0.450,     1.599,   419.330,     1.000,    20.829,     0.000,     0.000,     0.000,     0.000,     0.000,     0.000,     0.000,        35.000,         9.459,     0.021,     0.000,     0.002,     0.009,         1.000,         1.000,         1.000,         1.000,         1.000,         1.000,         1.000,         1.000,         1.000,         0.000,         0.000,         0.000,
     1.566,    44.811,     1.999,    19.937,     0.010,    -0.001,     0.000,     0.450,     1.599,   419.330,     1.000,    20.828,     0.000,     0.000,     0.000,     0.000,     0.000,     0.000,     0.000,        35.000,         9.455,     0.021,     0.000,     0.002,     0.009,         1.000,         1.000,         1.000,         1.000,         1.000,         1.000,         1.000,         1.000,         1.000,         0.000,         0.000,         0.000,
     1.570,    46.966,     1.999,    19.936,     0.010,    -0.010,     0.000,     0.450,     1.599,   419.330,     1.000,    20.827,     0.000,     0.000,     0.000,     0.000,     0.000,     0.000,     0.000,        35.000,         9.451,     0.021,     0.000,     0.002,     0.009,         1.000,         1.000,         1.000,         1.000,         1.000,         1.000,         1.000,         1.000,         1.000,         0.000,         0.000,         0.000,
     1.574,    54.454,     1.999,    19.936,     0.010,     0.010,     0.000,     0.450,     1.599,   419.330,     1.000,    20.826,     0.000,     0.000,     0.000,     0.000,     0.000,     0.000,     0.000,        35.000,         9.447,     0.021,     0.000,     0.002,     0.010,         1.000,         1.000,         1.000,         1.000,         1.000,         1.000,         1.000,         1.000,         1.000,         0.000,         0.000,         0.000,
     1.578,    44.116,     1.999,    19.937,     0.010,     0.011,     0.000,     0.450,     1.599,   419.330,     1.000,    20.825,     0.000,     0.000,     0.000,     0.000,     0.000,     0.000,     0.000,        35.000,         9.443,     0.021,     0.000,     0.002,     0.010,         1.000,         1.000,         1.000,         1.000,         1.000,         1.000,         1.000,         1.000,         1.000,         0.000,         0.000,         0.000,
     1.582,    44.986,     1.999,    19.937,     0.010,    -0.006,     0.000,     0.450,     1.599,   419.330,     1.000,    20.824,     0.000,     0.000,     0.000,     0.000,     0.000,     0.000,     0.000,        35.000,         9.439,     0.021,     0.000,     0.002,     0.010,         1.000,         1.000,         1.000,         1.000,         1.000,         1.000,         1.000,         1.000,         1.000,         0.000,         0.000,         0.000,
     1.587,    44.599,     1.999,    19.938,     0.010,    -0.024,     0.000,     0.450,     1.599,   419.330,     1.000,    20.822,     0.000,     0.000,     0.000,     0.000,     0.000,     0.000,     0.000,        35.000,         9.435,     0.022,     0.000,     0.002,     0.010,         1.000,         1.000,         1.000,         1.000,         1.000,         1.000,         1.000,         1.000,         1.000,         0.000,         0.000,         0.000,
     1.591,    56.047,     1.999,    19.938,     0.010,    -0.006,     0.000,     0.450,     1.599,   419.330,     1.000,    20.820,     0.000,     0.000,     0.000,     0.000,     0.000,     0.000,     0.000,        35.000,         9.431,     0.022,     0.000,     0.002,     0.010,         1.000,         1.000,         1.000,         1.000,         1.000,         1.000,         1.000,         1.000,         1.000,         0.000,         0.000,         0.000,
     1.595,    49.345,     1.999,    19.938,     0.010,     0.003,     0.000,     0.450,     1.599,   419.330,     1.000,    20.820,     0.000,     0.000,     0.000,     0.000,     0.000,     0.000,     0.000,        35.000,         9.427,     0.022,     0.000,     0.002,     0.010,         1.000,         1.000,         1.000,         1.000,         1.000,         1.000,         1.000,         1.000,         1.000,         0.000,         0.000,         0.000,
     1.599,    46.317,     1.999,    19.938,     0.010,    -0.013,     0.000,     0.450,     1.599,   419.330,     1.000,    20.819,     0.000,     0.000,     0.000,     0.000,     0.000,     0.000,     0.000,        35.000,         9.423,     0.022,     0.000,     0.002,     0.010,         1.000,         1.000,         1.000,         1.000,         1.000,         1.000,         1.000,         1.000,         1.000,         0.000,         0.000,         0.000,
     1.604,    45.005,     1.999,    19.937,     0.010,    -0.029,     0.000,     0.450,     1.599,   419.330,     1.000,    20.816,     0.000,     0.000,     0.000,     0.000,     0.000,     0.000,     0.000,        35.000,         9.419,     0.022,     0.000,     0.002,     0.010,         1.000,         1.000,         1.000,         1.000,         1.000,         1.000,         1.000,         1.000,         1.000,         0.000,         0.000,         0.000,
     1.607,    44.156,     1.999,    19.937,     0.011,    -0.004,     0.000,     0.450,     1.599,   419.330,     1.000,    20.814,     0.000,     0.000,     0.000,     0.000,     0.000,     0.000,     0.000,        35.000,         9.415,     0.022,     0.000,     0.002,     0.010,         1.000,         1.000,         1.000,         1.000,         1.000,         1.000,         1.000,         1.000,         1.000,         0.000,         0.000,         0.000,
     1.612,    48.954,     2.000,    19.937,     0.011,     0.006,     0.000,     0.450,     1.600,   419.330,     1.000,    20.811,     0.000,     0.000,     0.000,     0.000,     0.000,     0.000,     0.000,        35.000,         9.411,     0.023,     0.000,     0.002,     0.010,         1.000,         1.000,         1.000,         1.000,         1.000,         1.000,         1.000,         1.000,         1.000,         0.000,         0.000,         0.000,
     1.616,    46.822,     1.999,    19.937,     0.011,     0.032,     0.000,     0.450,     1.599,   419.330,     1.000,    20.809,     0.000,     0.000,     0.000,     0.000,     0.000,     0.000,     0.000,        35.000,         9.407,     0.023,     0.000,     0.002,     0.010,         1.000,         1.000,         1.000,         1.000,         1.000,         1.000,         1.000,         1.000,         1.000,         0.000,         0.000,         0.000,
     1.620,    46.705,     1.999,    19.936,     0.011,     0.002,     0.000,     0.450,     1.599,   419.330,     1.000,    20.808,     0.000,     0.000,     0.000,     0.000,     0.000,     0.000,     0.000,        35.000,         9.403,     0.023,     0.000,     0.002,     0.010,         1.000,         1.000,         1.000,         1.000,         1.000,         1.000,         1.000,         1.000,         1.000,         0.000,         0.000,         0.000,
     1.624,    52.917,     1.999,    19.936,     0.011,    -0.004,     0.000,     0.450,     1.599,   419.330,     1.000,    20.806,     0.000,     0.000,     0.000,     0.000,     0.000,     0.000,     0.000,        35.000,         9.400,     0.023,     0.000,     0.002,     0.010,         1.000,         1.000,         1.000,         1.000,         1.000,         1.000,         1.000,         1.000,         1.000,         0.000,         0.000,         0.000,
     1.629,    46.040,     1.999,    19.935,     0.011,     0.004,     0.000,     0.450,     1.599,   419.330,     1.000,    20.805,     0.000,     0.000,     0.000,     0.000,     0.000,     0.000,     0.000,        35.000,         9.395,     0.023,     0.000,     0.002,     0.010,         1.000,         1.000,         1.000,         1.000,         1.000,         1.000,         1.000,         1.000,         1.000,         0.000,         0.000,         0.000,
     1.632,    44.411,     1.999,    19.935,     0.011,     0.002,     0.000,     0.450,     1.599,   419.330,     1.000,    20.803,     0.000,     0.000,     0.000,     0.000,     0.000,     0.000,     0.000,        35.000,         9.392,     0.023,     0.000,     0.002,     0.010,         1.000,         1.000,         1.000,         1.000,         1.000,         1.000,         1.000,         1.000,         1.000,         0.000,         0.000,         0.000,
     1.637,    45.165,     1.999,    19.934,     0.011,     0.002,     0.000,     0.450,     1.599,   419.330,     1.000,    20.802,     0.000,     0.000,     0.000,     0.000,     0.000,     0.000,     0.000,        35.000,         9.387,     0.023,     0.000,     0.002,     0.011,         1.000,         1.000,         1.000,         1.000,         1.000,         1.000,         1.000,         1.000,         1.000,         0.000,         0.000,         0.000,
     1.641,    49.124,     1.999,    19.933,     0.011,    -0.010,     0.000,     0.450,     1.599,   419.330,     1.000,    20.800,     0.000,     0.000,     0.000,     0.000,     0.000,     0.000,     0.000,        35.000,         9.384,     0.024,     0.000,     0.002,     0.011,         1.000,         1.000,         1.000,         1.000,         1.000,         1.000,         1.000,         1.000,         1.000,         0.000,         0.000,         0.000,
     1.645,    38.103,     1.999,    19.933,     0.011,    -0.010,     0.000,     0.450,     1.599,   419.330,     1.000,    20.799,     0.000,     0.000,     0.000,     0.000,     0.000,     0.000,     0.000,        35.000,         9.380,     0.024,     0.000,     0.002,     0.011,         1.000,         1.000,         1.000,         1.000,         1.000,         1.000,         1.000,         1.000,         1.000,         0.000,         0.000,         0.000,
     1.649,    44.481,     1.999,    19.932,     0.011,    -0.012,     0.000,     0.450,     1.599,   419.330,     1.000,    20.798,     0.000,     0.000,     0.000,     0.000,     0.000,     0.000,     0.000,        35.000,         9.376,     0.024,     0.000,     0.002,     0.011,         1.000,         1.000,         1.000,         1.000,         1.000,         1.000,         1.000,         1.000,         1.000,         0.000,         0.000,         0.000,
     1.653,    44.555,     1.999,    19.932,     0.011,    -0.004,     0.000,     0.450,     1.599,   419.330,     1.000,    20.797,     0.000,     0.000,     0.000,     0.000,     0.000,     0.000,     0.000,        35.000,         9.372,     0.024,     0.000,     0.002,     0.011,         1.000,         1.000,         1.000,         1.000,         1.000,         1.000,         1.000,         1.000,         1.000,         0.000,         0.000,         0.000,
     1.658,    17.570,     1.999,    19.932,     0.011,     0.000,     0.000,     0.450,     1.599,   419.330,     1.000,    20.795,     0.000,     0.000,     0.000,     0.000,     0.000,     0.000,     0.000,        35.000,         9.368,     0.024,     0.000,     0.002,     0.011,         1.000,         1.000,         1.000,         1.000,         1.000,         1.000,         1.000,         1.000,         1.000,         0.000,         0.000,         0.000,
     1.662,    45.303,     1.999,    19.931,     0.011,    -0.003,     0.000,     0.450,     1.599,   419.330,     1.000,    20.794,     0.000,     0.000,     0.000,     0.000,     0.000,     0.000,     0.000,        35.000,         9.364,     0.024,     0.000,     0.002,     0.011,         1.000,         1.000,         1.000,         1.000,         1.000,         1.000,         1.000,         1.000,         1.000,         0.000,         0.000,         0.000,
     1.666,    47.253,     1.999,    19.931,     0.011,     0.003,     0.000,     0.450,     1.599,   419.330,     1.000,    20.794,     0.000,     0.000,     0.000,     0.000,     0.000,     0.000,     0.000,        35.000,         9.360,     0.024,     0.000,     0.002,     0.011,         1.000,         1.000,         1.000,         1.000,         1.000,         1.000,         1.000,         1.000,         1.000,         0.000,         0.000,         0.000,
     1.670,    43.082,     1.999,    19.931,     0.011,     0.003,     0.000,     0.450,     1.599,   419.330,     1.000,    20.793,     0.000,     0.000,     0.000,     0.000,     0.000,     0.000,     0.000,        35.000,         9.356,     0.025,     0.000,     0.002,     0.011,         1.000,         1.000,         1.000,         1.000,         1.000,         1.000,         1.000,         1.000,         1.000,         0.000,         0.000,         0.000,
     1.674,    49.130,     1.999,    19.931,     0.011,     0.005,     0.000,     0.450,     1.599,   419.330,     1.000,    20.792,     0.000,     0.000,     0.000,     0.000,     0.000,     0.000,     0.000,        35.000,         9.352,     0.025,     0.000,     0.002,     0.011,         1.000,         1.000,         1.000,         1.000,         1.000,         1.000,         1.000,         1.000,         1.000,         0.000,         0.000,         0.000,
     1.679,    47.955,     1.999,    19.931,     0.011,     0.032,     0.000,     0.450,     1.599,   419.330,     1.000,    20.790,     0.000,     0.000,     0.000,     0.000,     0.000,     0.000,     0.000,        35.000,         9.348,     0.025,     0.000,     0.002,     0.011,         1.000,         1.000,         1.000,         1.000,         1.000,         1.000,         1.000,         1.000,         1.000,         0.000,         0.000,         0.000,
     1.683,    46.572,     1.999,    19.931,     0.011,     0.004,     0.000,     0.450,     1.599,   419.330,     1.000,    20.789,     0.000,     0.000,     0.000,     0.000,     0.000,     0.000,     0.000,        35.000,         9.344,     0.025,     0.000,     0.002,     0.011,         1.000,         1.000,         1.000,         1.000,         1.000,         1.000,         1.000,         1.000,         1.000,         0.000,         0.000,         0.000,
     1.687,    46.424,     1.999,    19.930,     0.011,    -0.001,     0.000,     0.450,     1.599,   419.330,     1.000,    20.788,     0.000,     0.000,     0.000,     0.000,     0.000,     0.000,     0.000,        35.000,         9.340,     0.025,     0.000,     0.002,     0.011,         1.000,         1.000,         1.000,         1.000,         1.000,         1.000,         1.000,         1.000,         1.000,         0.000,         0.000,         0.000,
     1.691,    45.528,     1.999,    19.930,     0.011,    -0.002,     0.000,     0.450,     1.599,   419.330,     1.000,    20.787,     0.000,     0.000,     0.000,     0.000,     0.000,     0.000,     0.000,        35.000,         9.336,     0.025,     0.000,     0.002,     0.011,         1.000,         1.000,         1.000,         1.000,         1.000,         1.000,         1.000,         1.000,         1.000,         0.000,         0.000,         0.000,
     1.695,    42.844,     1.999,    19.930,     0.010,    -0.030,     0.000,     0.450,     1.599,   419.330,     1.000,    20.787,     0.000,     0.000,     0.000,     0.000,     0.000,     0.000,     0.000,        35.000,         9.332,     0.026,     0.000,     0.002,     0.011,         1.000,         1.000,         1.000,         1.000,         1.000,         1.000,         1.000,         1.000,         1.000,         0.000,         0.000,         0.000,
     1.699,    33.025,     1.999,    19.930,     0.010,    -0.018,     0.000,     0.450,     1.599,   419.330,     1.000,    20.786,     0.000,     0.000,     0.000,     0.000,     0.000,     0.000,     0.000,        35.000,         9.329,     0.026,     0.000,     0.002,     0.012,         1.000,         1.000,         1.000,         1.000,         1.000,         1.000,         1.000,         1.000,         1.000,         0.000,         0.000,         0.000,
     1.704,    44.109,     2.000,    19.930,     0.010,    -0.015,     0.000,     0.450,     1.600,   419.330,     1.000,    20.785,     0.000,     0.000,     0.000,     0.000,     0.000,     0.000,     0.000,        35.000,         9.324,     0.026,     0.000,     0.002,     0.012,         1.000,         1.000,         1.000,         1.000,         1.000,         1.000,         1.000,         1.000,         1.000,         0.000,         0.000,         0.000,
     1.708,    42.815,     2.000,    19.931,     0.010,     0.008,     0.000,     0.450,     1.600,   419.330,     1.000,    20.784,     0.000,     0.000,     0.000,     0.000,     0.000,     0.000,     0.000,        35.000,         9.320,     0.026,     0.000,     0.002,     0.012,         1.000,         1.000,         1.000,         1.000,         1.000,         1.000,         1.000,         1.000,         1.000,         0.000,         0.000,         0.000,
     1.712,    41.173,     1.999,    19.930,     0.011,     0.014,     0.000,     0.450,     1.599,   419.330,     1.000,    20.784,     0.000,     0.000,     0.000,     0.000,     0.000,     0.000,     0.000,        35.000,         9.316,     0.026,     0.000,     0.002,     0.012,         1.000,         1.000,         1.000,         1.000,         1.000,         1.000,         1.000,         1.000,         1.000,         0.000,         0.000,         0.000,
     1.716,    43.104,     1.999,    19.930,     0.010,     0.014,     0.000,     0.450,     1.599,   419.330,     1.000,    20.784,     0.000,     0.000,     0.000,     0.000,     0.000,     0.000,     0.000,        35.000,         9.313,     0.026,     0.000,     0.002,     0.012,         1.000,         1.000,         1.000,         1.000,         1.000,         1.000,         1.000,         1.000,         1.000,         0.000,         0.000,         0.000,
     1.720,    44.438,     1.999,    19.929,     0.010,     0.011,     0.000,     0.450,     1.599,   419.330,     1.000,    20.783,     0.000,     0.000,     0.000,     0.000,     0.000,     0.000,     0.000,        35.000,         9.309,     0.026,     0.000,     0.002,     0.012,         1.000,         1.000,         1.000,         1.000,         1.000,         1.000,         1.000,         1.000,         1.000,         0.000,         0.000,         0.000,
     1.725,    44.784,     1.999,    19.930,     0.010,     0.003,     0.000,     0.450,     1.599,   419.330,     1.000,    20.782,     0.000,     0.000,     0.000,     0.000,     0.000,     0.000,     0.000,        35.000,         9.305,     0.027,     0.000,     0.002,     0.012,         1.000,         1.000,         1.000,         1.000,         1.000,         1.000,         1.000,         1.000,         1.000,         0.000,         0.000,         0.000,
     1.728,    43.059,     1.999,    19.930,     0.010,     0.006,     0.000,     0.450,     1.599,   419.330,     1.000,    20.781,     0.000,     0.000,     0.000,     0.000,     0.000,     0.000,     0.000,        35.000,         9.301,     0.027,     0.000,     0.002,     0.012,         1.000,         1.000,         1.000,         1.000,         1.000,         1.000,         1.000,         1.000,         1.000,         0.000,         0.000,         0.000,
     1.733,    43.155,     1.999,    19.931,     0.010,     0.008,     0.000,     0.450,     1.599,   419.330,     1.000,    20.781,     0.000,     0.000,     0.000,     0.000,     0.000,     0.000,     0.000,        35.000,         9.297,     0.027,     0.000,     0.002,     0.012,         1.000,         1.000,         1.000,         1.000,         1.000,         1.000,         1.000,         1.000,         1.000,         0.000,         0.000,         0.000,
     1.737,    44.266,     1.999,    19.931,     0.010,     0.003,     0.000,     0.450,     1.599,   419.330,     1.000,    20.780,     0.000,     0.000,     0.000,     0.000,     0.000,     0.000,     0.000,        35.000,         9.293,     0.027,     0.000,     0.002,     0.012,         1.000,         1.000,         1.000,         1.000,         1.000,         1.000,         1.000,         1.000,         1.000,         0.000,         0.000,         0.000,
     1.741,    43.429,     1.999,    19.932,     0.010,    -0.008,     0.000,     0.450,     1.599,   419.330,     1.000,    20.780,     0.000,     0.000,     0.000,     0.000,     0.000,     0.000,     0.000,        35.000,         9.289,     0.027,     0.000,     0.002,     0.012,         1.000,         1.000,         1.000,         1.000,         1.000,         1.000,         1.000,         1.000,         1.000,         0.000,         0.000,         0.000,
     1.745,    43.810,     1.999,    19.933,     0.010,    -0.010,     0.000,     0.450,     1.599,   419.330,     1.000,    20.780,     0.000,     0.000,     0.000,     0.000,     0.000,     0.000,     0.000,        35.000,         9.285,     0.027,     0.000,     0.002,     0.012,         1.000,         1.000,         1.000,         1.000,         1.000,         1.000,         1.000,         1.000,         1.000,         0.000,         0.000,         0.000,
     1.749,    40.371,     1.999,    19.934,     0.010,    -0.012,     0.000,     0.450,     1.599,   419.330,     1.000,    20.780,     0.000,     0.000,     0.000,     0.000,     0.000,     0.000,     0.000,        35.000,         9.281,     0.027,     0.000,     0.002,     0.012,         1.000,         1.000,         1.000,         1.000,         1.000,         1.000,         1.000,         1.000,         1.000,         0.000,         0.000,         0.000,
     1.754,    42.278,     1.999,    19.935,     0.010,    -0.005,     0.000,     0.450,     1.599,   419.330,     1.000,    20.779,     0.000,     0.000,     0.000,     0.000,     0.000,     0.000,     0.000,        35.000,         9.277,     0.028,     0.000,     0.002,     0.012,         1.000,         1.000,         1.000,         1.000,         1.000,         1.000,         1.000,         1.000,         1.000,         0.000,         0.000,         0.000,
     1.758,    43.518,     1.999,    19.936,     0.010,    -0.022,     0.000,     0.450,     1.599,   419.330,     1.000,    20.779,     0.000,     0.000,     0.000,     0.000,     0.000,     0.000,     0.000,        35.000,         9.274,     0.028,     0.000,     0.002,     0.012,         1.000,         1.000,         1.000,         1.000,         1.000,         1.000,         1.000,         1.000,         1.000,         0.000,         0.000,         0.000,
     1.762,    46.076,     2.000,    19.937,     0.009,    -0.028,     0.000,     0.450,     1.600,   419.330,     1.000,    20.779,     0.000,     0.000,     0.000,     0.000,     0.000,     0.000,     0.000,        35.000,         9.269,     0.028,     0.000,     0.002,     0.013,         1.000,         1.000,         1.000,         1.000,         1.000,         1.000,         1.000,         1.000,         1.000,         0.000,         0.000,         0.000,
     1.766,    46.242,     2.000,    19.938,     0.009,    -0.009,     0.000,     0.450,     1.600,   419.330,     1.000,    20.778,     0.000,     0.000,     0.000,     0.000,     0.000,     0.000,     0.000,        35.000,         9.266,     0.028,     0.000,     0.002,     0.013,         1.000,         1.000,         1.000,         1.000,         1.000,         1.000,         1.000,         1.000,         1.000,         0.000,         0.000,         0.000,
     1.770,    45.245,     2.000,    19.939,     0.009,     0.002,     0.000,     0.450,     1.600,   419.330,     1.000,    20.778,     0.000,     0.000,     0.000,     0.000,     0.000,     0.000,     0.000,        35.000,         9.262,     0.028,     0.000,     0.002,     0.013,         1.000,         1.000,         1.000,         1.000,         1.000,         1.000,         1.000,         1.000,         1.000,         0.000,         0.000,         0.000,
     1.774,    42.460,     2.000,    19.940,     0.009,     0.011,     0.000,     0.450,     1.600,   419.330,     1.000,    20.778,     0.000,     0.000,     0.000,     0.000,     0.000,     0.000,     0.000,        35.000,         9.258,     0.028,     0.000,     0.002,     0.013,         1.000,         1.000,         1.000,         1.000,         1.000,         1.000,         1.000,         1.000,         1.000,         0.000,         0.000,         0.000,
     1.779,    42.153,     1.999,    19.941,     0.009,     0.016,     0.000,     0.450,     1.599,   419.330,     1.000,    20.777,     0.000,     0.000,     0.000,     0.000,     0.000,     0.000,     0.000,        35.000,         9.254,     0.029,     0.000,     0.002,     0.013,         1.000,         1.000,         1.000,         1.000,         1.000,         1.000,         1.000,         1.000,         1.000,         0.000,         0.000,         0.000,
     1.783,    39.014,     1.999,    19.943,     0.009,     0.006,     0.000,     0.450,     1.599,   419.330,     1.000,    20.777,     0.000,     0.000,     0.000,     0.000,     0.000,     0.000,     0.000,        35.000,         9.250,     0.029,     0.000,     0.002,     0.013,         1.000,         1.000,         1.000,         1.000,         1.000,         1.000,         1.000,         1.000,         1.000,         0.000,         0.000,         0.000,
     1.787,    45.809,     1.999,    19.944,     0.009,     0.016,     0.000,     0.450,     1.599,   419.330,     1.000,    20.777,     0.000,     0.000,     0.000,     0.000,     0.000,     0.000,     0.000,        35.000,         9.246,     0.029,     0.000,     0.002,     0.013,         1.000,         1.000,         1.000,         1.000,         1.000,         1.000,         1.000,         1.000,         1.000,         0.000,         0.000,         0.000,
     1.791,    44.818,     1.999,    19.945,     0.009,     0.009,     0.000,     0.450,     1.599,   419.330,     1.000,    20.777,     0.000,     0.000,     0.000,     0.000,     0.000,     0.000,     0.000,        35.000,         9.242,     0.029,     0.000,     0.002,     0.013,         1.000,         1.000,         1.000,         1.000,         1.000,         1.000,         1.000,         1.000,         1.000,         0.000,         0.000,         0.000,
     1.795,    43.081,     1.999,    19.946,     0.008,    -0.013,     0.000,     0.450,     1.599,   419.330,     1.000,    20.776,     0.000,     0.000,     0.000,     0.000,     0.000,     0.000,     0.000,        35.000,         9.238,     0.029,     0.000,     0.002,     0.013,         1.000,         1.000,         1.000,         1.000,         1.000,         1.000,         1.000,         1.000,         1.000,         0.000,         0.000,         0.000,
     1.799,    44.769,     1.999,    19.948,     0.008,    -0.009,     0.000,     0.450,     1.599,   419.330,     1.000,    20.776,     0.000,     0.000,     0.000,     0.000,     0.000,     0.000,     0.000,        35.000,         9.235,     0.029,     0.000,     0.002,     0.013,         1.000,         1.000,         1.000,         1.000,         1.000,         1.000,         1.000,         1.000,         1.000,         0.000,         0.000,         0.000,
     1.804,    46.749,     1.999,    19.949,     0.008,    -0.000,     0.000,     0.450,     1.599,   419.330,     1.000,    20.776,     0.000,     0.000,     0.000,     0.000,     0.000,     0.000,     0.000,        35.000,         9.231,     0.029,     0.000,     0.002,     0.013,         1.000,         1.000,         1.000,         1.000,         1.000,         1.000,         1.000,         1.000,         1.000,         0.000,         0.000,         0.000,
     1.808,    41.784,     1.999,    19.950,     0.008,    -0.013,     0.000,     0.450,     1.599,   419.330,     1.000,    20.776,     0.000,     0.000,     0.000,     0.000,     0.000,     0.000,     0.000,        35.000,         9.227,     0.030,     0.000,     0.002,     0.013,         1.000,         1.000,         1.000,         1.000,         1.000,         1.000,         1.000,         1.000,         1.000,         0.000,         0.000,         0.000,
     1.812,    44.644,     2.000,    19.951,     0.008,    -0.030,     0.000,     0.450,     1.600,   419.330,     1.000,    20.777,     0.000,     0.000,     0.000,     0.000,     0.000,     0.000,     0.000,        35.000,         9.223,     0.030,     0.000,     0.002,     0.013,         1.000,         1.000,         1.000,         1.000,         1.000,         1.000,         1.000,         1.000,         1.000,         0.000,         0.000,         0.000,
     1.816,    44.247,     2.000,    19.953,     0.008,    -0.019,     0.000,     0.450,     1.600,   419.330,     1.000,    20.777,     0.000,     0.000,     0.000,     0.000,     0.000,     0.000,     0.000,        35.000,         9.219,     0.030,     0.000,     0.002,     0.013,         1.000,         1.000,         1.000,         1.000,         1.000,         1.000,         1.000,         1.000,         1.000,         0.000,         0.000,         0.000,
     1.820,    42.984,     2.000,    19.954,     0.008,     0.018,     0.000,     0.450,     1.600,   419.330,     1.000,    20.777,     0.000,     0.000,     0.000,     0.000,     0.000,     0.000,     0.000,        35.000,         9.215,     0.030,     0.000,     0.002,     0.013,         1.000,         1.000,         1.000,         1.000,         1.000,         1.000,         1.000,         1.000,         1.000,         0.000,         0.000,         0.000,
     1.824,    24.542,     1.999,    19.955,     0.008,     0.022,     0.000,     0.450,     1.599,   419.330,     1.000,    20.777,     0.000,     0.000,     0.000,     0.000,     0.000,     0.000,     0.000,        35.000,         9.211,     0.030,     0.000,     0.002,     0.014,         1.000,         1.000,         1.000,         1.000,         1.000,         1.000,         1.000,         1.000,         1.000,         0.000,         0.000,         0.000,
     1.829,    43.441,     1.999,    19.957,     0.008,    -0.010,     0.000,     0.450,     1.599,   419.330,     1.000,    20.777,     0.000,     0.000,     0.000,     0.000,     0.000,     0.000,     0.000,        35.000,         9.207,     0.030,     0.000,     0.002,     0.014,         1.000,         1.000,         1.000,         1.000,         1.000,         1.000,         1.000,         1.000,         1.000,         0.000,         0.000,         0.000,
     1.833,    43.448,     1.999,    19.958,     0.008,    -0.007,     0.000,     0.450,     1.599,   419.330,     1.000,    20.777,     0.000,     0.000,     0.000,     0.000,     0.000,     0.000,     0.000,        35.000,         9.204,     0.030,     0.000,     0.002,     0.014,         1.000,         1.000,         1.000,         1.000,         1.000,         1.000,         1.000,         1.000,         1.000,         0.000,         0.000,         0.000,
     1.837,    41.278,     1.999,    19.960,     0.008,    -0.001,     0.000,     0.450,     1.599,   419.330,     1.000,    20.778,     0.000,     0.000,     0.000,     0.000,     0.000,     0.000,     0.000,        35.000,         9.200,     0.031,     0.000,     0.002,     0.014,         1.000,         1.000,         1.000,         1.000,         1.000,         1.000,         1.000,         1.000,         1.000,         0.000,         0.000,         0.000,
     1.841,    40.870,     1.999,    19.961,     0.008,     0.007,     0.000,     0.450,     1.599,   419.330,     1.000,    20.778,     0.000,     0.000,     0.000,     0.000,     0.000,     0.000,     0.000,        35.000,         9.196,     0.031,     0.000,     0.002,     0.014,         1.000,         1.000,         1.000,         1.000,         1.000,         1.000,         1.000,         1.000,         1.000,         0.000,         0.000,         0.000,
     1.845,    43.982,     1.999,    19.963,     0.007,    -0.013,     0.000,     0.450,     1.599,   419.330,     1.000,    20.778,     0.000,     0.000,     0.000,     0.000,     0.000,     0.000,     0.000,        35.000,         9.192,     0.031,     0.000,     0.002,     0.014,         1.000,         1.000,         1.000,         1.000,         1.000,         1.000,         1.000,         1.000,         1.000,         0.000,         0.000,         0.000,
     1.850,    44.103,     2.000,    19.964,     0.007,    -0.021,     0.000,     0.450,     1.600,   419.330,     1.000,    20.778,     0.000,     0.000,     0.000,     0.000,     0.000,     0.000,     0.000,        35.000,         9.188,     0.031,     0.000,     0.002,     0.014,         1.000,         1.000,         1.000,         1.000,         1.000,         1.000,         1.000,         1.000,         1.000,         0.000,         0.000,         0.000,
     1.854,    40.262,     2.000,    19.966,     0.007,     0.010,     0.000,     0.450,     1.600,   419.330,     1.000,    20.778,     0.000,     0.000,     0.000,     0.000,     0.000,     0.000,     0.000,        35.000,         9.184,     0.031,     0.000,     0.002,     0.014,         1.000,         1.000,         1.000,         1.000,         1.000,         1.000,         1.000,         1.000,         1.000,         0.000,         0.000,         0.000,
     1.858,    39.869,     2.000,    19.967,     0.007,    -0.005,     0.000,     0.450,     1.600,   419.330,     1.000,    20.779,     0.000,     0.000,     0.000,     0.000,     0.000,     0.000,     0.000,        35.000,         9.181,     0.031,     0.000,     0.003,     0.014,         1.000,         1.000,         1.000,         1.000,         1.000,         1.000,         1.000,         1.000,         1.000,         0.000,         0.000,         0.000,
     1.862,    41.208,     2.000,    19.968,     0.007,    -0.004,     0.000,     0.450,     1.600,   419.330,     1.000,    20.780,     0.000,     0.000,     0.000,     0.000,     0.000,     0.000,     0.000,        35.000,         9.176,     0.031,     0.000,     0.003,     0.014,         1.000,         1.000,         1.000,         1.000,         1.000,         1.000,         1.000,         1.000,         1.000,         0.000,         0.000,         0.000,
     1.866,    39.809,     2.000,    19.970,     0.007,    -0.000,     0.000,     0.450,     1.600,   419.330,     1.000,    20.780,     0.000,     0.000,     0.000,     0.000,     0.000,     0.000,     0.000,        35.000,         9.173,     0.032,     0.000,     0.003,     0.014,         1.000,         1.000,         1.000,         1.000,         1.000,         1.000,         1.000,         1.000,         1.000,         0.000,         0.000,         0.000,
     1.870,    42.644,     2.000,    19.971,     0.007,    -0.000,     0.000,     0.450,     1.600,   419.330,     1.000,    20.781,     0.000,     0.000,     0.000,     0.000,     0.000,     0.000,     0.000,        35.000,         9.169,     0.032,     0.000,     0.003,     0.014,         1.000,         1.000,         1.000,         1.000,         1.000,         1.000,         1.000,         1.000,         1.000,         0.000,         0.000,         0.000,
     1.874,    41.930,     2.000,    19.972,     0.007,    -0.001,     0.000,     0.450,     1.600,   419.330,     1.000,    20.781,     0.000,     0.000,     0.000,     0.000,     0.000,     0.000,     0.000,        35.000,         9.165,     0.032,     0.000,     0.003,     0.014,         1.000,         1.000,         1.000,         1.000,         1.000,         1.000,         1.000,         1.000,         1.000,         0.000,         0.000,         0.000,
     1.879,    43.129,     2.000,    19.973,     0.007,     0.003,     0.000,     0.450,     1.600,   419.330,     1.000,    20.781,     0.000,     0.000,     0.000,     0.000,     0.000,     0.000,     0.000,        35.000,         9.161,     0.032,     0.000,     0.003,     0.014,         1.000,         1.000,         1.000,         1.000,         1.000,         1.000,         1.000,         1.000,         1.000,         0.000,         0.000,         0.000,
     1.883,    41.857,     2.000,    19.974,     0.007,     0.020,     0.000,     0.450,     1.600,   419.330,     1.000,    20.782,     0.000,     0.000,     0.000,     0.000,     0.000,     0.000,     0.000,        35.000,         9.157,     0.032,     0.000,     0.003,     0.015,         1.000,         1.000,         1.000,         1.000,         1.000,         1.000,         1.000,         1.000,         1.000,         0.000,         0.000,         0.000,
     1.887,    39.268,     1.999,    19.975,     0.007,     0.022,     0.000,     0.450,     1.599,   419.330,     1.000,    20.782,     0.000,     0.000,     0.000,     0.000,     0.000,     0.000,     0.000,        35.000,         9.153,     0.032,     0.000,     0.003,     0.015,         1.000,         1.000,         1.000,         1.000,         1.000,         1.000,         1.000,         1.000,         1.000,         0.000,         0.000,         0.000,
     1.891,    39.081,     1.999,    19.976,     0.007,    -0.010,     0.000,     0.450,     1.599,   419.330,     1.000,    20.782,     0.000,     0.000,     0.000,     0.000,     0.000,     0.000,     0.000,        35.000,         9.149,     0.033,     0.000,     0.003,     0.015,         1.000,         1.000,         1.000,         1.000,         1.000,         1.000,         1.000,         1.000,         1.000,         0.000,         0.000,         0.000,
     1.895,    40.865,     2.000,    19.977,     0.006,    -0.016,     0.000,     0.450,     1.600,   419.330,     1.000,    20.783,     0.000,     0.000,     0.000,     0.000,     0.000,     0.000,     0.000,        35.000,         9.146,     0.033,     0.000,     0.003,     0.015,         1.000,         1.000,         1.000,         1.000,         1.000,         1.000,         1.000,         1.000,         1.000,         0.000,         0.000,         0.000,
     1.900,    41.967,     2.000,    19.978,     0.006,    -0.002,     0.000,     0.450,     1.600,   419.330,     1.000,    20.784,     0.000,     0.000,     0.000,     0.000,     0.000,     0.000,     0.000,        35.000,         9.142,     0.033,     0.000,     0.003,     0.015,         1.000,         1.000,         1.000,         1.000,         1.000,         1.000,         1.000,         1.000,         1.000,         0.000,         0.000,         0.000,
     1.904,    41.269,     2.000,    19.979,     0.006,    -0.001,     0.000,     0.450,     1.600,   419.330,     1.000,    20.785,     0.000,     0.000,     0.000,     0.000,     0.000,     0.000,     0.000,        35.000,         9.138,     0.033,     0.000,     0.003,     0.015,         1.000,         1.000,         1.000,         1.000,         1.000,         1.000,         1.000,         1.000,         1.000,         0.000,         0.000,         0.000,
     1.908,    42.105,     2.000,    19.980,     0.006,    -0.001,     0.000,     0.450,     1.600,   419.330,     1.000,    20.785,     0.000,     0.000,     0.000,     0.000,     0.000,     0.000,     0.000,        35.000,         9.134,     0.033,     0.000,     0.003,     0.015,         1.000,         1.000,         1.000,         1.000,         1.000,         1.000,         1.000,         1.000,         1.000,         0.000,         0.000,         0.000,
     1.912,    39.832,     2.000,    19.981,     0.006,     0.001,     0.000,     0.450,     1.600,   419.330,     1.000,    20.785,     0.000,     0.000,     0.000,     0.000,     0.000,     0.000,     0.000,        35.000,         9.130,     0.033,     0.000,     0.003,     0.015,         1.000,         1.000,         1.000,         1.000,         1.000,         1.000,         1.000,         1.000,         1.000,         0.000,         0.000,         0.000,
     1.916,    39.030,     2.000,    19.981,     0.006,     0.010,     0.000,     0.450,     1.600,   419.330,     1.000,    20.785,     0.000,     0.000,     0.000,     0.000,     0.000,     0.000,     0.000,        35.000,         9.126,     0.033,     0.000,     0.003,     0.015,         1.000,         1.000,         1.000,         1.000,         1.000,         1.000,         1.000,         1.000,         1.000,         0.000,         0.000,         0.000,
     1.920,    37.554,     2.000,    19.982,     0.006,     0.006,     0.000,     0.450,     1.600,   419.330,     1.000,    20.786,     0.000,     0.000,     0.000,     0.000,     0.000,     0.000,     0.000,        35.000,         9.123,     0.034,     0.000,     0.003,     0.015,         1.000,         1.000,         1.000,         1.000,         1.000,         1.000,         1.000,         1.000,         1.000,         0.000,         0.000,         0.000,
     1.925,    38.707,     2.000,    19.983,     0.006,    -0.005,     0.000,     0.450,     1.600,   419.330,     1.000,    20.788,     0.000,     0.000,     0.000,     0.000,     0.000,     0.000,     0.000,        35.000,         9.119,     0.034,     0.000,     0.003,     0.015,         1.000,         1.000,         1.000,         1.000,         1.000,         1.000,         1.000,         1.000,         1.000,         0.000,         0.000,         0.000,
     1.928,    39.632,     2.000,    19.983,     0.006,    -0.011,     0.000,     0.450,     1.600,   419.330,     1.000,    20.789,     0.000,     0.000,     0.000,     0.000,     0.000,     0.000,     0.000,        35.000,         9.115,     0.034,     0.000,     0.003,     0.015,         1.000,         1.000,         1.000,         1.000,         1.000,         1.000,         1.000,         1.000,         1.000,         0.000,         0.000,         0.000,
     1.933,    40.010,     2.000,    19.984,     0.006,    -0.012,     0.000,     0.450,     1.600,   419.330,     1.000,    20.790,     0.000,     0.000,     0.000,     0.000,     0.000,     0.000,     0.000,        35.000,         9.111,     0.034,     0.000,     0.003,     0.015,         1.000,         1.000,         1.000,         1.000,         1.000,         1.000,         1.000,         1.000,         1.000,         0.000,         0.000,         0.000,
     1.937,    41.969,     2.000,    19.984,     0.006,    -0.008,     0.000,     0.450,     1.600,   419.330,     1.000,    20.791,     0.000,     0.000,     0.000,     0.000,     0.000,     0.000,     0.000,        35.000,         9.107,     0.034,     0.000,     0.003,     0.015,         1.000,         1.000,         1.000,         1.000,         1.000,         1.000,         1.000,         1.000,         1.000,         0.000,         0.000,         0.000,
     1.941,    39.900,     2.000,    19.985,     0.005,    -0.007,     0.000,     0.450,     1.600,   419.330,     1.000,    20.791,     0.000,     0.000,     0.000,     0.000,     0.000,     0.000,     0.000,        35.000,         9.103,     0.034,     0.000,     0.003,     0.015,         1.000,         1.000,         1.000,         1.000,         1.000,         1.000,         1.000,         1.000,         1.000,         0.000,         0.000,         0.000,
     1.945,    38.819,     2.000,    19.985,     0.005,    -0.006,     0.000,     0.450,     1.600,   419.330,     1.000,    20.792,     0.000,     0.000,     0.000,     0.000,     0.000,     0.000,     0.000,        35.000,         9.099,     0.034,     0.000,     0.003,     0.015,         1.000,         1.000,         1.000,         1.000,         1.000,         1.000,         1.000,         1.000,         1.000,         0.000,         0.000,         0.000,
     1.949,    35.170,     2.000,    19.985,     0.005,     0.007,     0.000,     0.450,     1.600,   419.330,     1.000,    20.793,     0.000,     0.000,     0.000,     0.000,     0.000,     0.000,     0.000,        35.000,         9.096,     0.035,     0.000,     0.003,     0.016,         1.000,         1.000,         1.000,         1.000,         1.000,         1.000,         1.000,         1.000,         1.000,         0.000,         0.000,         0.000,
     1.954,    38.464,     2.000,    19.986,     0.005,     0.006,     0.000,     0.450,     1.600,   419.330,     1.000,    20.795,     0.000,     0.000,     0.000,     0.000,     0.000,     0.000,     0.000,        35.000,         9.092,     0.035,     0.000,     0.003,     0.016,         1.000,         1.000,         1.000,         1.000,         1.000,         1.000,         1.000,         1.000,         1.000,         0.000,         0.000,         0.000,
     1.958,    39.789,     2.000,    19.986,     0.005,     0.017,     0.000,     0.450,     1.600,   419.330,     1.000,    20.797,     0.000,     0.000,     0.000,     0.000,     0.000,     0.000,     0.000,        35.000,         9.088,     0.035,     0.000,     0.003,     0.016,         1.000,         1.000,         1.000,         1.000,         1.000,         1.000,         1.000,         1.000,         1.000,         0.000,         0.000,         0.000,
     1.962,    37.098,     1.999,    19.986,     0.005,     0.019,     0.000,     0.450,     1.599,   419.330,     1.000,    20.799,     0.000,     0.000,     0.000,     0.000,     0.000,     0.000,     0.000,        35.000,         9.084,     0.035,     0.000,     0.003,     0.016,         1.000,         1.000,         1.000,         1.000,         1.000,         1.000,         1.000,         1.000,         1.000,         0.000,         0.000,         0.000,
     1.966,    36.657,     1.999,    19.986,     0.005,    -0.010,     0.000,     0.450,     1.599,   419.330,     1.000,    20.800,     0.000,     0.000,     0.000,     0.000,     0.000,     0.000,     0.000,        35.000,         9.080,     0.035,     0.000,     0.003,     0.016,         1.000,         1.000,         1.000,         1.000,         1.000,         1.000,         1.000,         1.000,         1.000,         0.000,         0.000,         0.000,
     1.970,    37.764,     2.000,    19.986,     0.005,    -0.015,     0.000,     0.450,     1.600,   419.330,     1.000,    20.801,     0.000,     0.000,     0.000,     0.000,     0.000,     0.000,     0.000,        35.000,         9.076,     0.035,     0.000,     0.003,     0.016,         1.000,         1.000,         1.000,         1.000,         1.000,         1.000,         1.000,         1.000,         1.000,         0.000,         0.000,         0.000,
     1.974,    38.382,     2.000,    19.986,     0.005,    -0.013,     0.000,     0.450,     1.600,   419.330,     1.000,    20.802,     0.000,     0.000,     0.000,     0.000,     0.000,     0.000,     0.000,        35.000,         9.073,     0.035,     0.000,     0.003,     0.016,         1.000,         1.000,         1.000,         1.000,         1.000,         1.000,         1.000,         1.000,         1.000,         0.000,         0.000,         0.000,
     1.979,    37.902,     2.000,    19.986,     0.005,    -0.004,     0.000,     0.450,     1.600,   419.330,     1.000,    20.804,     0.000,     0.000,     0.000,     0.000,     0.000,     0.000,     0.000,        35.000,         9.069,     0.036,     0.000,     0.003,     0.016,         1.000,         1.000,         1.000,         1.000,         1.000,         1.000,         1.000,         1.000,         1.000,         0.000,         0.000,         0.000,
     1.983,    36.504,     2.000,    19.987,     0.005,    -0.009,     0.000,     0.450,     1.600,   419.330,     1.000,    20.806,     0.000,     0.000,     0.000,     0.000,     0.000,     0.000,     0.000,        35.000,         9.065,     0.036,     0.000,     0.003,     0.016,         1.000,         1.000,         1.000,         1.000,         1.000,         1.000,         1.000,         1.000,         1.000,         0.000,         0.000,         0.000,
     1.987,    37.455,     2.000,    19.987,     0.005,    -0.018,     0.000,     0.450,     1.600,   419.330,     1.000,    20.807,     0.000,     0.000,     0.000,     0.000,     0.000,     0.000,     0.000,        35.000,         9.061,     0.036,     0.000,     0.003,     0.016,         1.000,         1.000,         1.000,         1.000,         1.000,         1.000,         1.000,         1.000,         1.000,         0.000,         0.000,         0.000,
     1.991,    41.621,     2.000,    19.987,     0.004,     0.026,     0.000,     0.450,     1.600,   419.330,     1.000,    20.808,     0.000,     0.000,     0.000,     0.000,     0.000,     0.000,     0.000,        35.000,         9.058,     0.036,     0.000,     0.003,     0.016,         1.000,         1.000,         1.000,         1.000,         1.000,         1.000,         1.000,         1.000,         1.000,         0.000,         0.000,         0.000,
     1.995,    37.351,     2.000,    19.987,     0.004,     0.012,     0.000,     0.450,     1.600,   419.330,     1.000,    20.808,     0.000,     0.000,     0.000,     0.000,     0.000,     0.000,     0.000,        35.000,         9.054,     0.036,     0.000,     0.003,     0.016,         1.000,         1.000,         1.000,         1.000,         1.000,         1.000,         1.000,         1.000,         1.000,         0.000,         0.000,         0.000,
     1.999,    35.334,     2.000,    19.987,     0.004,     0.007,     0.000,     0.450,     1.600,   419.330,     1.000,    20.809,     0.000,     0.000,     0.000,     0.000,     0.000,     0.000,     0.000,        35.000,         9.050,     0.036,     0.000,     0.003,     0.016,         1.000,         1.000,         1.000,         1.000,         1.000,         1.000,         1.000,         1.000,         1.000,         0.000,         0.000,         0.000,
     2.003,    36.407,     2.000,    19.987,     0.004,     0.009,     0.000,     0.450,     1.600,   419.330,     1.000,    20.810,     0.000,     0.000,     0.000,     0.000,     0.000,     0.000,     0.000,        35.000,         9.046,     0.036,     0.000,     0.003,     0.016,         1.000,         1.000,         1.000,         1.000,         1.000,         1.000,         1.000,         1.000,         1.000,         0.000,         0.000,         0.000,
     2.008,    36.648,     2.000,    19.987,     0.003,    -0.008,     0.000,     0.450,     1.600,   419.330,     1.000,    20.812,     0.000,     0.000,     0.000,     0.000,     0.000,     0.000,     0.000,        35.000,         9.042,     0.037,     0.000,     0.003,     0.016,         1.000,         1.000,         1.000,         1.000,         1.000,         1.000,         1.000,         1.000,         1.000,         0.000,         0.000,         0.000,
     2.012,    37.840,     2.000,    19.987,     0.003,    -0.021,     0.000,     0.450,     1.600,   419.330,     1.000,    20.813,     0.000,     0.000,     0.000,     0.000,     0.000,     0.000,     0.000,        35.000,         9.038,     0.037,     0.000,     0.003,     0.017,         1.000,         1.000,         1.000,         1.000,         1.000,         1.000,         1.000,         1.000,         1.000,         0.000,         0.000,         0.000,
     2.016,    40.728,     2.000,    19.987,     0.003,    -0.029,     0.000,     0.450,     1.600,   419.330,     1.000,    20.815,     0.000,     0.000,     0.000,     0.000,     0.000,     0.000,     0.000,        35.000,         9.035,     0.037,     0.000,     0.003,     0.017,         1.000,         1.000,         1.000,         1.000,         1.000,         1.000,         1.000,         1.000,         1.000,         0.000,         0.000,         0.000,
     2.020,    37.552,     2.000,    19.987,     0.003,    -0.018,     0.000,     0.450,     1.600,   419.330,     1.000,    20.816,     0.000,     0.000,     0.000,     0.000,     0.000,     0.000,     0.000,        35.000,         9.031,     0.037,     0.000,     0.003,     0.017,         1.000,         1.000,         1.000,         1.000,         1.000,         1.000,         1.000,         1.000,         1.000,         0.000,         0.000,         0.000,
     2.024,    38.493,     2.000,    19.987,     0.003,     0.000,     0.000,     0.450,     1.600,   419.330,     1.000,    20.818,     0.000,     0.000,     0.000,     0.000,     0.000,     0.000,     0.000,        35.000,         9.027,     0.037,     0.000,     0.003,     0.017,         1.000,         1.000,         1.000,         1.000,         1.000,         1.000,         1.000,         1.000,         1.000,         0.000,         0.000,         0.000,
     2.029,    37.831,     2.000,    19.987,     0.003,     0.022,     0.000,     0.450,     1.600,   419.330,     1.000,    20.819,     0.000,     0.000,     0.000,     0.000,     0.000,     0.000,     0.000,        35.000,         9.023,     0.037,     0.000,     0.003,     0.017,         1.000,         1.000,         1.000,         1.000,         1.000,         1.000,         1.000,         1.000,         1.000,         0.000,         0.000,         0.000,
     2.033,    36.568,     2.000,    19.988,     0.003,     0.015,     0.000,     0.450,     1.600,   419.330,     1.000,    20.820,     0.000,     0.000,     0.000,     0.000,     0.000,     0.000,     0.000,        35.000,         9.019,     0.038,     0.000,     0.003,     0.017,         1.000,         1.000,         1.000,         1.000,         1.000,         1.000,         1.000,         1.000,         1.000,         0.000,         0.000,         0.000,
     2.037,    35.352,     2.000,    19.988,     0.003,     0.014,     0.000,     0.450,     1.600,   419.330,     1.000,    20.821,     0.000,     0.000,     0.000,     0.000,     0.000,     0.000,     0.000,        35.000,         9.016,     0.038,     0.000,     0.003,     0.017,         1.000,         1.000,         1.000,         1.000,         1.000,         1.000,         1.000,         1.000,         1.000,         0.000,         0.000,         0.000,
     2.041,    35.860,     2.000,    19.988,     0.002,     0.015,     0.000,     0.450,     1.600,   419.330,     1.000,    20.822,     0.000,     0.000,     0.000,     0.000,     0.000,     0.000,     0.000,        35.000,         9.012,     0.038,     0.000,     0.003,     0.017,         1.000,         1.000,         1.000,         1.000,         1.000,         1.000,         1.000,         1.000,         1.000,         0.000,         0.000,         0.000,
     2.045,    35.881,     2.000,    19.989,     0.002,     0.012,     0.000,     0.450,     1.600,   419.330,     1.000,    20.822,     0.000,     0.000,     0.000,     0.000,     0.000,     0.000,     0.000,        35.000,         9.008,     0.038,     0.000,     0.003,     0.017,         1.000,         1.000,         1.000,         1.000,         1.000,         1.000,         1.000,         1.000,         1.000,         0.000,         0.000,         0.000,
     2.049,    34.823,     2.000,    19.989,     0.002,    -0.004,     0.000,     0.450,     1.600,   419.330,     1.000,    20.824,     0.000,     0.000,     0.000,     0.000,     0.000,     0.000,     0.000,        35.000,         9.004,     0.038,     0.000,     0.003,     0.017,         1.000,         1.000,         1.000,         1.000,         1.000,         1.000,         1.000,         1.000,         1.000,         0.000,         0.000,         0.000,
     2.054,    35.093,     2.000,    19.989,     0.002,    -0.012,     0.000,     0.450,     1.600,   419.330,     1.000,    20.825,     0.000,     0.000,     0.000,     0.000,     0.000,     0.000,     0.000,        35.000,         9.000,     0.038,     0.000,     0.003,     0.017,         1.000,         1.000,         1.000,         1.000,         1.000,         1.000,         1.000,         1.000,         1.000,         0.000,         0.000,         0.000,
     2.058,    35.248,     2.000,    19.990,     0.002,    -0.019,     0.000,     0.450,     1.600,   419.330,     1.000,    20.827,     0.000,     0.000,     0.000,     0.000,     0.000,     0.000,     0.000,        35.000,         8.997,     0.038,     0.000,     0.003,     0.017,         1.000,         1.000,         1.000,         1.000,         1.000,         1.000,         1.000,         1.000,         1.000,         0.000,         0.000,         0.000,
     2.062,    40.018,     2.000,    19.990,     0.001,    -0.004,     0.000,     0.450,     1.600,   419.330,     1.000,    20.829,     0.000,     0.000,     0.000,     0.000,     0.000,     0.000,     0.000,        35.000,         8.993,     0.039,     0.000,     0.003,     0.017,         1.000,         1.000,         1.000,         1.000,         1.000,         1.000,         1.000,         1.000,         1.000,         0.000,         0.000,         0.000,
     2.066,    35.065,     2.000,    19.990,     0.001,    -0.004,     0.000,     0.450,     1.600,   419.330,     1.000,    20.831,     0.000,     0.000,     0.000,     0.000,     0.000,     0.000,     0.000,        35.000,         8.989,     0.039,     0.000,     0.003,     0.017,         1.000,         1.000,         1.000,         1.000,         1.000,         1.000,         1.000,         1.000,         1.000,         0.000,         0.000,         0.000,
     2.070,    36.935,     2.000,    19.990,     0.001,     0.002,     0.000,     0.450,     1.600,   419.330,     1.000,    20.833,     0.000,     0.000,     0.000,     0.000,     0.000,     0.000,     0.000,        35.000,         8.985,     0.039,     0.000,     0.003,     0.017,         1.000,         1.000,         1.000,         1.000,         1.000,         1.000,         1.000,         1.000,         1.000,         0.000,         0.000,         0.000,
     2.075,    37.919,     2.000,    19.990,     0.001,     0.002,     0.000,     0.450,     1.600,   419.330,     1.000,    20.834,     0.000,     0.000,     0.000,     0.000,     0.000,     0.000,     0.000,        35.000,         8.981,     0.039,     0.000,     0.003,     0.018,         1.000,         1.000,         1.000,         1.000,         1.000,         1.000,         1.000,         1.000,         1.000,         0.000,         0.000,         0.000,
     2.079,    35.829,     2.000,    19.990,     0.001,    -0.011,     0.000,     0.450,     1.600,   419.330,     1.000,    20.835,     0.000,     0.000,     0.000,     0.000,     0.000,     0.000,     0.000,        35.000,         8.978,     0.039,     0.000,     0.003,     0.018,         1.000,         1.000,         1.000,         1.000,         1.000,         1.000,         1.000,         1.000,         1.000,         0.000,         0.000,         0.000,
     2.083,    34.228,     2.000,    19.990,     0.001,    -0.007,     0.000,     0.450,     1.600,   419.330,     1.000,    20.836,     0.000,     0.000,     0.000,     0.000,     0.000,     0.000,     0.000,        35.000,         8.974,     0.039,     0.000,     0.003,     0.018,         1.000,         1.000,         1.000,         1.000,         1.000,         1.000,         1.000,         1.000,         1.000,         0.000,         0.000,         0.000,
     2.087,    32.736,     2.000,    19.990,     0.001,     0.004,     0.000,     0.450,     1.600,   419.330,     1.000,    20.837,     0.000,     0.000,     0.000,     0.000,     0.000,     0.000,     0.000,        35.000,         8.970,     0.039,     0.000,     0.003,     0.018,         1.000,         1.000,         1.000,         1.000,         1.000,         1.000,         1.000,         1.000,         1.000,         0.000,         0.000,         0.000,
     2.091,    36.928,     2.000,    19.990,     0.001,    -0.006,     0.000,     0.450,     1.600,   419.330,     1.000,    20.838,     0.000,     0.000,     0.000,     0.000,     0.000,     0.000,     0.000,        35.000,         8.967,     0.040,     0.000,     0.003,     0.018,         1.000,         1.000,         1.000,         1.000,         1.000,         1.000,         1.000,         1.000,         1.000,         0.000,         0.000,         0.000,
     2.095,    35.101,     2.000,    19.990,     0.000,    -0.011,     0.000,     0.450,     1.600,   419.330,     1.000,    20.839,     0.000,     0.000,     0.000,     0.000,     0.000,     0.000,     0.000,        35.000,         8.963,     0.040,     0.000,     0.003,     0.018,         1.000,         1.000,         1.000,         1.000,         1.000,         1.000,         1.000,         1.000,         1.000,         0.000,         0.000,         0.000,
     2.100,    35.079,     2.000,    19.990,     0.000,    -0.006,     0.000,     0.450,     1.600,   419.330,     1.000,    20.840,     0.000,     0.000,     0.000,     0.000,     0.000,     0.000,     0.000,        35.000,         8.959,     0.040,     0.000,     0.003,     0.018,         1.000,         1.000,         1.000,         1.000,         1.000,         1.000,         1.000,         1.000,         1.000,         0.000,         0.000,         0.000,
     2.104,    39.581,     2.000,    19.990,    -0.000,    -0.004,     0.000,     0.450,     1.600,   419.330,     1.000,    20.841,     0.000,     0.000,     0.000,     0.000,     0.000,     0.000,     0.000,        35.000,         8.955,     0.040,     0.000,     0.003,     0.018,         1.000,         1.000,         1.000,         1.000,         1.000,         1.000,         1.000,         1.000,         1.000,         0.000,         0.000,         0.000,
     2.108,    44.723,     2.000,    19.989,    -0.000,     0.008,     0.000,     0.450,     1.600,   419.330,     1.000,    20.843,     0.000,     0.000,     0.000,     0.000,     0.000,     0.000,     0.000,        35.000,         8.951,     0.040,     0.000,     0.003,     0.018,         1.000,         1.000,         1.000,         1.000,         1.000,         1.000,         1.000,         1.000,         1.000,         0.000,         0.000,         0.000,
     2.112,    33.530,     2.000,    19.989,    -0.000,     0.028,     0.000,     0.450,     1.600,   419.330,     1.000,    20.844,     0.000,     0.000,     0.000,     0.000,     0.000,     0.000,     0.000,        35.000,         8.948,     0.040,     0.000,     0.003,     0.018,         1.000,         1.000,         1.000,         1.000,         1.000,         1.000,         1.000,         1.000,         1.000,         0.000,         0.000,         0.000,
     2.116,    21.844,     2.000,    19.988,    -0.001,    -0.004,     0.000,     0.450,     1.600,   419.330,     1.000,    20.844,     0.000,     0.000,     0.000,     0.000,     0.000,     0.000,     0.000,        35.000,         8.944,     0.040,     0.000,     0.003,     0.018,         1.000,         1.000,         1.000,         1.000,         1.000,         1.000,         1.000,         1.000,         1.000,         0.000,         0.000,         0.000,
     2.120,    38.108,     2.000,    19.987,    -0.001,    -0.017,     0.000,     0.450,     1.600,   419.330,     1.000,    20.844,     0.000,     0.000,     0.000,     0.000,     0.000,     0.000,     0.000,        35.000,         8.940,     0.041,     0.000,     0.003,     0.018,         1.000,         1.000,         1.000,         1.000,         1.000,         1.000,         1.000,         1.000,         1.000,         0.000,         0.000,         0.000,
     2.125,    34.903,     2.000,    19.986,    -0.001,     0.016,     0.000,     0.450,     1.600,   419.330,     1.000,    20.845,     0.000,     0.000,     0.000,     0.000,     0.000,     0.000,     0.000,        35.000,         8.936,     0.041,     0.000,     0.003,     0.018,         1.000,         1.000,         1.000,         1.000,         1.000,         1.000,         1.000,         1.000,         1.000,         0.000,         0.000,         0.000,
     2.129,    36.172,     2.000,    19.985,    -0.001,     0.019,     0.000,     0.450,     1.600,   419.330,     1.000,    20.847,     0.000,     0.000,     0.000,     0.000,     0.000,     0.000,     0.000,        35.000,         8.932,     0.041,     0.000,     0.003,     0.018,         1.000,         1.000,         1.000,         1.000,         1.000,         1.000,         1.000,         1.000,         1.000,         0.000,         0.000,         0.000,
     2.133,    37.776,     2.000,    19.984,    -0.001,    -0.008,     0.000,     0.450,     1.600,   419.330,     1.000,    20.848,     0.000,     0.000,     0.000,     0.000,     0.000,     0.000,     0.000,        35.000,         8.929,     0.041,     0.000,     0.003,     0.018,         1.000,         1.000,         1.000,         1.000,         1.000,         1.000,         1.000,         1.000,         1.000,         0.000,         0.000,         0.000,
     2.137,    34.037,     2.000,    19.984,    -0.001,    -0.022,     0.000,     0.450,     1.600,   419.330,     1.000,    20.849,     0.000,     0.000,     0.000,     0.000,     0.000,     0.000,     0.000,        35.000,         8.925,     0.041,     0.000,     0.003,     0.019,         1.000,         1.000,         1.000,         1.000,         1.000,         1.000,         1.000,         1.000,         1.000,         0.000,         0.000,         0.000,
     2.141,    33.638,     2.000,    19.983,    -0.001,    -0.030,     0.000,     0.450,     1.600,   419.330,     1.000,    20.850,     0.000,     0.000,     0.000,     0.000,     0.000,     0.000,     0.000,        35.000,         8.921,     0.041,     0.000,     0.003,     0.019,         1.000,         1.000,         1.000,         1.000,         1.000,         1.000,         1.000,         1.000,         1.000,         0.000,         0.000,         0.000,
     2.145,    33.887,     2.000,    19.982,    -0.001,    -0.010,     0.000,     0.450,     1.600,   419.330,     1.000,    20.851,     0.000,     0.000,     0.000,     0.000,     0.000,     0.000,     0.000,        35.000,         8.917,     0.041,     0.000,     0.003,     0.019,         1.000,         1.000,         1.000,         1.000,         1.000,         1.000,         1.000,         1.000,         1.000,         0.000,         0.000,         0.000,
     2.150,    34.184,     2.000,    19.982,    -0.001,     0.004,     0.000,     0.450,     1.600,   419.330,     1.000,    20.853,     0.000,     0.000,     0.000,     0.000,     0.000,     0.000,     0.000,        35.000,         8.914,     0.042,     0.000,     0.003,     0.019,         1.000,         1.000,         1.000,         1.000,         1.000,         1.000,         1.000,         1.000,         1.000,         0.000,         0.000,         0.000,
     2.154,    32.870,     2.000,    19.981,    -0.001,    -0.003,     0.000,     0.450,     1.600,   419.330,     1.000,    20.854,     0.000,     0.000,     0.000,     0.000,     0.000,     0.000,     0.000,        35.000,         8.910,     0.042,     0.000,     0.003,     0.019,         1.000,         1.000,         1.000,         1.000,         1.000,         1.000,         1.000,         1.000,         1.000,         0.000,         0.000,         0.000,
     2.158,    20.518,     2.000,    19.981,    -0.001,    -0.015,     0.000,     0.450,     1.600,   419.330,     1.000,    20.855,     0.000,     0.000,     0.000,     0.000,     0.000,     0.000,     0.000,        35.000,         8.906,     0.042,     0.000,     0.003,     0.019,         1.000,         1.000,         1.000,         1.000,         1.000,         1.000,         1.000,         1.000,         1.000,         0.000,         0.000,         0.000,
     2.162,    35.163,     2.000,    19.980,    -0.001,     0.001,     0.000,     0.450,     1.600,   419.330,     1.000,    20.856,     0.000,     0.000,     0.000,     0.000,     0.000,     0.000,     0.000,        35.000,         8.902,     0.042,     0.000,     0.003,     0.019,         1.000,         1.000,         1.000,         1.000,         1.000,         1.000,         1.000,         1.000,         1.000,         0.000,         0.000,         0.000,
     2.166,    40.289,     2.000,    19.980,    -0.001,     0.030,     0.000,     0.450,     1.600,   419.330,     1.000,    20.858,     0.000,     0.000,     0.000,     0.000,     0.000,     0.000,     0.000,        35.000,         8.899,     0.042,     0.000,     0.003,     0.019,         1.000,         1.000,         1.000,         1.000,         1.000,         1.000,         1.000,         1.000,         1.000,         0.000,         0.000,         0.000,
     2.170,    33.262,     2.000,    19.980,    -0.001,     0.024,     0.000,     0.450,     1.600,   419.330,     1.000,    20.859,     0.000,     0.000,     0.000,     0.000,     0.000,     0.000,     0.000,        35.000,         8.895,     0.042,     0.000,     0.003,     0.019,         1.000,         1.000,         1.000,         1.000,         1.000,         1.000,         1.000,         1.000,         1.000,         0.000,         0.000,         0.000,
     2.175,    29.800,     2.000,    19.979,    -0.001,    -0.001,     0.000,     0.450,     1.600,   419.330,     1.000,    20.860,     0.000,     0.000,     0.000,     0.000,     0.000,     0.000,     0.000,        35.000,         8.891,     0.042,     0.000,     0.003,     0.019,         1.000,         1.000,         1.000,         1.000,         1.000,         1.000,         1.000,         1.000,         1.000,         0.000,         0.000,         0.000,
     2.179,    32.075,     2.000,    19.979,    -0.001,    -0.011,     0.000,     0.450,     1.600,   419.330,     1.000,    20.861,     0.000,     0.000,     0.000,     0.000,     0.000,     0.000,     0.000,        35.000,         8.888,     0.043,     0.000,     0.003,     0.019,         1.000,         1.000,         1.000,         1.000,         1.000,         1.000,         1.000,         1.000,         1.000,         0.000,         0.000,         0.000,
     2.183,    32.851,     2.000,    19.979,    -0.001,    -0.016,     0.000,     0.450,     1.600,   419.330,     1.000,    20.862,     0.000,     0.000,     0.000,     0.000,     0.000,     0.000,     0.000,        35.000,         8.884,     0.043,     0.000,     0.003,     0.019,         1.000,         1.000,         1.000,         1.000,         1.000,         1.000,         1.000,         1.000,         1.000,         0.000,         0.000,         0.000,
     2.187,    37.032,     2.000,    19.978,    -0.001,    -0.016,     0.000,     0.450,     1.600,   419.330,     1.000,    20.864,     0.000,     0.000,     0.000,     0.000,     0.000,     0.000,     0.000,        35.000,         8.880,     0.043,     0.000,     0.003,     0.019,         1.000,         1.000,         1.000,         1.000,         1.000,         1.000,         1.000,         1.000,         1.000,         0.000,         0.000,         0.000,
     2.191,    34.733,     2.000,    19.978,    -0.001,    -0.002,     0.000,     0.450,     1.600,   419.330,     1.000,    20.865,     0.000,     0.000,     0.000,     0.000,     0.000,     0.000,     0.000,        35.000,         8.876,     0.043,     0.000,     0.003,     0.019,         1.000,         1.000,         1.000,         1.000,         1.000,         1.000,         1.000,         1.000,         1.000,         0.000,         0.000,         0.000,
     2.196,    32.825,     2.000,    19.978,    -0.001,    -0.005,     0.000,     0.450,     1.600,   419.330,     1.000,    20.866,     0.000,     0.000,     0.000,     0.000,     0.000,     0.000,     0.000,        35.000,         8.872,     0.043,     0.000,     0.003,     0.019,         1.000,         1.000,         1.000,         1.000,         1.000,         1.000,         1.000,         1.000,         1.000,         0.000,         0.000,         0.000,
     2.200,    28.442,     2.000,    19.978,    -0.001,    -0.013,     0.000,     0.450,     1.600,   419.330,     1.000,    20.867,     0.000,     0.000,     0.000,     0.000,     0.000,     0.000,     0.000,        35.000,         8.869,     0.043,     0.000,     0.003,     0.019,         1.000,         1.000,         1.000,         1.000,         1.000,         1.000,         1.000,         1.000,         1.000,         0.000,         0.000,         0.000,
     2.204,    34.900,     2.000,    19.977,    -0.001,    -0.008,     0.000,     0.450,     1.600,   419.330,     1.000,    20.868,     0.000,     0.000,     0.000,     0.000,     0.000,     0.000,     0.000,        35.000,         8.865,     0.043,     0.000,     0.003,     0.020,         1.000,         1.000,         1.000,         1.000,         1.000,         1.000,         1.000,         1.000,         1.000,         0.000,         0.000,         0.000,
     2.208,    36.390,     2.000,    19.977,    -0.001,     0.021,     0.000,     0.450,     1.600,   419.330,     1.000,    20.870,     0.000,     0.000,     0.000,     0.000,     0.000,     0.000,     0.000,        35.000,         8.861,     0.044,     0.000,     0.003,     0.020,         1.000,         1.000,         1.000,         1.000,         1.000,         1.000,         1.000,         1.000,         1.000,         0.000,         0.000,         0.000,
     2.212,    42.184,     2.000,    19.977,    -0.001,     0.015,     0.000,     0.450,     1.600,   419.330,     1.000,    20.871,     0.000,     0.000,     0.000,     0.000,     0.000,     0.000,     0.000,        35.000,         8.857,     0.044,     0.000,     0.003,     0.020,         1.000,         1.000,         1.000,         1.000,         1.000,         1.000,         1.000,         1.000,         1.000,         0.000,         0.000,         0.000,
     2.216,    32.351,     2.000,    19.977,    -0.001,    -0.004,     0.000,     0.450,     1.600,   419.330,     1.000,    20.872,     0.000,     0.000,     0.000,     0.000,     0.000,     0.000,     0.000,        35.000,         8.854,     0.044,     0.000,     0.004,     0.020,         1.000,         1.000,         1.000,         1.000,         1.000,         1.000,         1.000,         1.000,         1.000,         0.000,         0.000,         0.000,
     2.221,    31.195,     2.000,    19.977,    -0.001,     0.003,     0.000,     0.450,     1.600,   419.330,     1.000,    20.872,     0.000,     0.000,     0.000,     0.000,     0.000,     0.000,     0.000,        35.000,         8.850,     0.044,     0.000,     0.004,     0.020,         1.000,         1.000,         1.000,         1.000,         1.000,         1.000,         1.000,         1.000,         1.000,         0.000,         0.000,         0.000,
     2.225,    33.315,     2.000,    19.977,    -0.002,    -0.006,     0.000,     0.450,     1.600,   419.330,     1.000,    20.873,     0.000,     0.000,     0.000,     0.000,     0.000,     0.000,     0.000,        35.000,         8.846,     0.044,     0.000,     0.004,     0.020,         1.000,         1.000,         1.000,         1.000,         1.000,         1.000,         1.000,         1.000,         1.000,         0.000,         0.000,         0.000,
     2.229,    36.035,     2.000,    19.977,    -0.002,    -0.013,     0.000,     0.450,     1.600,   419.330,     1.000,    20.875,     0.000,     0.000,     0.000,     0.000,     0.000,     0.000,     0.000,        35.000,         8.842,     0.044,     0.000,     0.004,     0.020,         1.000,         1.000,         1.000,         1.000,         1.000,         1.000,         1.000,         1.000,         1.000,         0.000,         0.000,         0.000,
     2.233,    37.613,     2.000,    19.977,    -0.002,    -0.003,     0.000,     0.450,     1.600,   419.330,     1.000,    20.876,     0.000,     0.000,     0.000,     0.000,     0.000,     0.000,     0.000,        35.000,         8.839,     0.044,     0.000,     0.004,     0.020,         1.000,         1.000,         1.000,         1.000,         1.000,         1.000,         1.000,         1.000,         1.000,         0.000,         0.000,         0.000,
     2.237,    31.580,     2.000,    19.977,    -0.002,     0.006,     0.000,     0.450,     1.600,   419.330,     1.000,    20.878,     0.000,     0.000,     0.000,     0.000,     0.000,     0.000,     0.000,        35.000,         8.835,     0.045,     0.000,     0.004,     0.020,         1.000,         1.000,         1.000,         1.000,         1.000,         1.000,         1.000,         1.000,         1.000,         0.000,         0.000,         0.000,
     2.241,    22.335,     2.000,    19.977,    -0.002,    -0.002,     0.000,     0.450,     1.600,   419.330,     1.000,    20.878,     0.000,     0.000,     0.000,     0.000,     0.000,     0.000,     0.000,        35.000,         8.832,     0.045,     0.000,     0.004,     0.020,         1.000,         1.000,         1.000,         1.000,         1.000,         1.000,         1.000,         1.000,         1.000,         0.000,         0.000,         0.000,
     2.245,    32.398,     2.000,    19.977,    -0.002,    -0.018,     0.000,     0.450,     1.600,   419.330,     1.000,    20.879,     0.000,     0.000,     0.000,     0.000,     0.000,     0.000,     0.000,        35.000,         8.828,     0.045,     0.000,     0.004,     0.020,         1.000,         1.000,         1.000,         1.000,         1.000,         1.000,         1.000,         1.000,         1.000,         0.000,         0.000,         0.000,
     2.250,    37.203,     2.000,    19.977,    -0.002,    -0.002,     0.000,     0.450,     1.600,   419.330,     1.000,    20.880,     0.000,     0.000,     0.000,     0.000,     0.000,     0.000,     0.000,        35.000,         8.824,     0.045,     0.000,     0.004,     0.020,         1.000,         1.000,         1.000,         1.000,         1.000,         1.000,         1.000,         1.000,         1.000,         0.000,         0.000,         0.000,
     2.254,    34.947,     2.000,    19.977,    -0.002,     0.013,     0.000,     0.450,     1.600,   419.330,     1.000,    20.882,     0.000,     0.000,     0.000,     0.000,     0.000,     0.000,     0.000,        35.000,         8.820,     0.045,     0.000,     0.004,     0.020,         1.000,         1.000,         1.000,         1.000,         1.000,         1.000,         1.000,         1.000,         1.000,         0.000,         0.000,         0.000,
     2.258,    35.623,     2.000,    19.976,    -0.002,     0.008,     0.000,     0.450,     1.600,   419.330,     1.000,    20.883,     0.000,     0.000,     0.000,     0.000,     0.000,     0.000,     0.000,        35.000,         8.817,     0.045,     0.000,     0.004,     0.020,         1.000,         1.000,         1.000,         1.000,         1.000,         1.000,         1.000,         1.000,         1.000,         0.000,         0.000,         0.000,
     2.262,    34.975,     2.000,    19.976,    -0.002,    -0.005,     0.000,     0.450,     1.600,   419.330,     1.000,    20.884,     0.000,     0.000,     0.000,     0.000,     0.000,     0.000,     0.000,        35.000,         8.813,     0.045,     0.000,     0.004,     0.020,         1.000,         1.000,         1.000,         1.000,         1.000,         1.000,         1.000,         1.000,         1.000,         0.000,         0.000,         0.000,
     2.267,    33.007,     2.000,    19.976,    -0.002,    -0.012,     0.000,     0.450,     1.600,   419.330,     1.000,    20.885,     0.000,     0.000,     0.000,     0.000,     0.000,     0.000,     0.000,        35.000,         8.809,     0.046,     0.000,     0.004,     0.021,         1.000,         1.000,         1.000,         1.000,         1.000,         1.000,         1.000,         1.000,         1.000,         0.000,         0.000,         0.000,
     2.271,    39.194,     2.000,    19.977,    -0.002,     0.017,     0.000,     0.450,     1.600,   419.330,     1.000,    20.886,     0.000,     0.000,     0.000,     0.000,     0.000,     0.000,     0.000,        35.000,         8.805,     0.046,     0.000,     0.004,     0.021,         1.000,         1.000,         1.000,         1.000,         1.000,         1.000,         1.000,         1.000,         1.000,         0.000,         0.000,         0.000,
     2.275,    38.274,     2.000,    19.977,    -0.002,     0.014,     0.000,     0.450,     1.600,   419.330,     1.000,    20.888,     0.000,     0.000,     0.000,     0.000,     0.000,     0.000,     0.000,        35.000,         8.802,     0.046,     0.000,     0.004,     0.021,         1.000,         1.000,         1.000,         1.000,         1.000,         1.000,         1.000,         1.000,         1.000,         0.000,         0.000,         0.000,
     2.279,    34.113,     2.000,    19.977,    -0.002,     0.005,     0.000,     0.450,     1.600,   419.330,     1.000,    20.889,     0.000,     0.000,     0.000,     0.000,     0.000,     0.000,     0.000,        35.000,         8.798,     0.046,     0.000,     0.004,     0.021,         1.000,         1.000,         1.000,         1.000,         1.000,         1.000,         1.000,         1.000,         1.000,         0.000,         0.000,         0.000,
     2.283,    28.784,     2.000,    19.977,    -0.002,    -0.007,     0.000,     0.450,     1.600,   419.330,     1.000,    20.890,     0.000,     0.000,     0.000,     0.000,     0.000,     0.000,     0.000,        35.000,         8.794,     0.046,     0.000,     0.004,     0.021,         1.000,         1.000,         1.000,         1.000,         1.000,         1.000,         1.000,         1.000,         1.000,         0.000,         0.000,         0.000,
     2.287,    35.285,     2.000,    19.977,    -0.002,    -0.016,     0.000,     0.450,     1.600,   419.330,     1.000,    20.890,     0.000,     0.000,     0.000,     0.000,     0.000,     0.000,     0.000,        35.000,         8.791,     0.046,     0.000,     0.004,     0.021,         1.000,         1.000,         1.000,         1.000,         1.000,         1.000,         1.000,         1.000,         1.000,         0.000,         0.000,         0.000,
     2.291,    35.277,     2.000,    19.977,    -0.002,    -0.018,     0.000,     0.450,     1.600,   419.330,     1.000,    20.891,     0.000,     0.000,     0.000,     0.000,     0.000,     0.000,     0.000,        35.000,         8.787,     0.046,     0.000,     0.004,     0.021,         1.000,         1.000,         1.000,         1.000,         1.000,         1.000,         1.000,         1.000,         1.000,         0.000,         0.000,         0.000,
     2.295,    35.405,     2.000,    19.977,    -0.002,    -0.006,     0.000,     0.450,     1.600,   419.330,     1.000,    20.892,     0.000,     0.000,     0.000,     0.000,     0.000,     0.000,     0.000,        35.000,         8.783,     0.047,     0.000,     0.004,     0.021,         1.000,         1.000,         1.000,         1.000,         1.000,         1.000,         1.000,         1.000,         1.000,         0.000,         0.000,         0.000,
     2.300,    31.708,     2.000,    19.977,    -0.002,    -0.001,     0.000,     0.450,     1.600,   419.330,     1.000,    20.894,     0.000,     0.000,     0.000,     0.000,     0.000,     0.000,     0.000,        35.000,         8.779,     0.047,     0.000,     0.004,     0.021,         1.000,         1.000,         1.000,         1.000,         1.000,         1.000,         1.000,         1.000,         1.000,         0.000,         0.000,         0.000,
     2.304,    36.763,     2.000,    19.977,    -0.002,    -0.003,     0.000,     0.450,     1.600,   419.330,     1.000,    20.895,     0.000,     0.000,     0.000,     0.000,     0.000,     0.000,     0.000,        35.000,         8.776,     0.047,     0.000,     0.004,     0.021,         1.000,         1.000,         1.000,         1.000,         1.000,         1.000,         1.000,         1.000,         1.000,         0.000,         0.000,         0.000,
     2.308,    34.087,     2.000,    19.977,    -0.002,    -0.011,     0.000,     0.450,     1.600,   419.330,     1.000,    20.896,     0.000,     0.000,     0.000,     0.000,     0.000,     0.000,     0.000,        35.000,         8.772,     0.047,     0.000,     0.004,     0.021,         1.000,         1.000,         1.000,         1.000,         1.000,         1.000,         1.000,         1.000,         1.000,         0.000,         0.000,         0.000,
     2.312,    34.388,     2.000,    19.977,    -0.002,     0.011,     0.000,     0.450,     1.600,   419.330,     1.000,    20.897,     0.000,     0.000,     0.000,     0.000,     0.000,     0.000,     0.000,        35.000,         8.768,     0.047,     0.000,     0.004,     0.021,         1.000,         1.000,         1.000,         1.000,         1.000,         1.000,         1.000,         1.000,         1.000,         0.000,         0.000,         0.000,
     2.316,    32.100,     2.000,    19.977,    -0.002,     0.016,     0.000,     0.450,     1.600,   419.330,     1.000,    20.898,     0.000,     0.000,     0.000,     0.000,     0.000,     0.000,     0.000,        35.000,         8.765,     0.047,     0.000,     0.004,     0.021,         1.000,         1.000,         1.000,         1.000,         1.000,         1.000,         1.000,         1.000,         1.000,         0.000,         0.000,         0.000,
     2.321,    34.062,     2.000,    19.977,    -0.002,     0.002,     0.000,     0.450,     1.600,   419.330,     1.000,    20.899,     0.000,     0.000,     0.000,     0.000,     0.000,     0.000,     0.000,        35.000,         8.761,     0.047,     0.000,     0.004,     0.021,         1.000,         1.000,         1.000,         1.000,         1.000,         1.000,         1.000,         1.000,         1.000,         0.000,         0.000,         0.000,
     2.325,    35.447,     2.000,    19.977,    -0.002,    -0.011,     0.000,     0.450,     1.600,   419.330,     1.000,    20.900,     0.000,     0.000,     0.000,     0.000,     0.000,     0.000,     0.000,        35.000,         8.758,     0.048,     0.000,     0.004,     0.021,         1.000,         1.000,         1.000,         1.000,         1.000,         1.000,         1.000,         1.000,         1.000,         0.000,         0.000,         0.000,
     2.329,    31.791,     2.000,    19.977,    -0.003,    -0.001,     0.000,     0.450,     1.600,   419.330,     1.000,    20.901,     0.000,     0.000,     0.000,     0.000,     0.000,     0.000,     0.000,        35.000,         8.754,     0.048,     0.000,     0.004,     0.021,         1.000,         1.000,         1.000,         1.000,         1.000,         1.000,         1.000,         1.000,         1.000,         0.000,         0.000,         0.000,
     2.333,    35.969,     2.000,    19.977,    -0.003,     0.004,     0.000,     0.450,     1.600,   419.330,     1.000,    20.903,     0.000,     0.000,     0.000,     0.000,     0.000,     0.000,     0.000,        35.000,         8.750,     0.048,     0.000,     0.004,     0.022,         1.000,         1.000,         1.000,         1.000,         1.000,         1.000,         1.000,         1.000,         1.000,         0.000,         0.000,         0.000,
     2.337,    36.325,     2.000,    19.977,    -0.003,     0.001,     0.000,     0.450,     1.600,   419.330,     1.000,    20.904,     0.000,     0.000,     0.000,     0.000,     0.000,     0.000,     0.000,        35.000,         8.746,     0.048,     0.000,     0.004,     0.022,         1.000,         1.000,         1.000,         1.000,         1.000,         1.000,         1.000,         1.000,         1.000,         0.000,         0.000,         0.000,
     2.341,    33.850,     2.000,    19.977,    -0.003,     0.008,     0.000,     0.450,     1.600,   419.330,     1.000,    20.905,     0.000,     0.000,     0.000,     0.000,     0.000,     0.000,     0.000,        35.000,         8.743,     0.048,     0.000,     0.004,     0.022,         1.000,         1.000,         1.000,         1.000,         1.000,         1.000,         1.000,         1.000,         1.000,         0.000,         0.000,         0.000,
     2.346,    31.919,     2.000,    19.977,    -0.003,     0.007,     0.000,     0.450,     1.600,   419.330,     1.000,    20.906,     0.000,     0.000,     0.000,     0.000,     0.000,     0.000,     0.000,        35.000,         8.739,     0.048,     0.000,     0.004,     0.022,         1.000,         1.000,         1.000,         1.000,         1.000,         1.000,         1.000,         1.000,         1.000,         0.000,         0.000,         0.000,
     2.350,    33.547,     2.000,    19.977,    -0.003,    -0.008,     0.000,     0.450,     1.600,   419.330,     1.000,    20.907,     0.000,     0.000,     0.000,     0.000,     0.000,     0.000,     0.000,        35.000,         8.735,     0.048,     0.000,     0.004,     0.022,         1.000,         1.000,         1.000,         1.000,         1.000,         1.000,         1.000,         1.000,         1.000,         0.000,         0.000,         0.000,
     2.354,    34.110,     2.000,    19.978,    -0.003,    -0.008,     0.000,     0.450,     1.600,   419.330,     1.000,    20.908,     0.000,     0.000,     0.000,     0.000,     0.000,     0.000,     0.000,        35.000,         8.732,     0.049,     0.000,     0.004,     0.022,         1.000,         1.000,         1.000,         1.000,         1.000,         1.000,         1.000,         1.000,         1.000,         0.000,         0.000,         0.000,
     2.358,    32.165,     2.000,    19.978,    -0.003,    -0.012,     0.000,     0.450,     1.600,   419.330,     1.000,    20.909,     0.000,     0.000,     0.000,     0.000,     0.000,     0.000,     0.000,        35.000,         8.728,     0.049,     0.000,     0.004,     0.022,         1.000,         1.000,         1.000,         1.000,         1.000,         1.000,         1.000,         1.000,         1.000,         0.000,         0.000,         0.000,
     2.362,    35.651,     2.000,    19.978,    -0.003,    -0.017,     0.000,     0.450,     1.600,   419.330,     1.000,    20.911,     0.000,     0.000,     0.000,     0.000,     0.000,     0.000,     0.000,        35.000,         8.724,     0.049,     0.000,     0.004,     0.022,         1.000,         1.000,         1.000,         1.000,         1.000,         1.000,         1.000,         1.000,         1.000,         0.000,         0.000,         0.000,
     2.366,    35.281,     2.000,    19.978,    -0.003,    -0.002,     0.000,     0.450,     1.600,   419.330,     1.000,    20.912,     0.000,     0.000,     0.000,     0.000,     0.000,     0.000,     0.000,        35.000,         8.721,     0.049,     0.000,     0.004,     0.022,         1.000,         1.000,         1.000,         1.000,         1.000,         1.000,         1.000,         1.000,         1.000,         0.000,         0.000,         0.000,
     2.371,    35.136,     2.000,    19.978,    -0.003,     0.007,     0.000,     0.450,     1.600,   419.330,     1.000,    20.913,     0.000,     0.000,     0.000,     0.000,     0.000,     0.000,     0.000,        35.000,         8.717,     0.049,     0.000,     0.004,     0.022,         1.000,         1.000,         1.000,         1.000,         1.000,         1.000,         1.000,         1.000,         1.000,         0.000,         0.000,         0.000,
     2.375,    32.130,     2.000,    19.978,    -0.003,     0.007,     0.000,     0.450,     1.600,   419.330,     1.000,    20.915,     0.000,     0.000,     0.000,     0.000,     0.000,     0.000,     0.000,        35.000,         8.713,     0.049,     0.000,     0.004,     0.022,         1.000,         1.000,         1.000,         1.000,         1.000,         1.000,         1.000,         1.000,         1.000,         0.000,         0.000,         0.000,
     2.379,    33.431,     2.000,    19.978,    -0.003,    -0.000,     0.000,     0.450,     1.600,   419.330,     1.000,    20.916,     0.000,     0.000,     0.000,     0.000,     0.000,     0.000,     0.000,        35.000,         8.709,     0.049,     0.000,     0.004,     0.022,         1.000,         1.000,         1.000,         1.000,         1.000,         1.000,         1.000,         1.000,         1.000,         0.000,         0.000,         0.000,
     2.383,    34.350,     2.000,    19.978,    -0.003,     0.009,     0.000,     0.450,     1.600,   419.330,     1.000,    20.917,     0.000,     0.000,     0.000,     0.000,     0.000,     0.000,     0.000,        35.000,         8.706,     0.050,     0.000,     0.004,     0.022,         1.000,         1.000,         1.000,         1.000,         1.000,         1.000,         1.000,         1.000,         1.000,         0.000,         0.000,         0.000,
     2.387,    25.073,     2.000,    19.979,    -0.003,     0.012,     0.000,     0.450,     1.600,   419.330,     1.000,    20.918,     0.000,     0.000,     0.000,     0.000,     0.000,     0.000,     0.000,        35.000,         8.702,     0.050,     0.000,     0.004,     0.022,         1.000,         1.000,         1.000,         1.000,         1.000,         1.000,         1.000,         1.000,         1.000,         0.000,         0.000,         0.000,
     2.391,    32.215,     2.000,    19.979,    -0.003,     0.003,     0.000,     0.450,     1.600,   419.330,     1.000,    20.920,     0.000,     0.000,     0.000,     0.000,     0.000,     0.000,     0.000,        35.000,         8.699,     0.050,     0.000,     0.004,     0.022,         1.000,         1.000,         1.000,         1.000,         1.000,         1.000,         1.000,         1.000,         1.000,         0.000,         0.000,         0.000,
     2.396,    50.602,     2.000,    19.979,    -0.003,    -0.005,     0.000,     0.450,     1.600,   419.330,     1.000,    20.921,     0.000,     0.000,     0.000,     0.000,     0.000,     0.000,     0.000,        35.000,         8.695,     0.050,     0.000,     0.004,     0.022,         1.000,         1.000,         1.000,         1.000,         1.000,         1.000,         1.000,         1.000,         1.000,         0.000,         0.000,         0.000,
     2.400,    33.012,     2.000,    19.979,    -0.003,    -0.004,     0.000,     0.450,     1.600,   419.330,     1.000,    20.922,     0.000,     0.000,     0.000,     0.000,     0.000,     0.000,     0.000,        35.000,         8.691,     0.050,     0.000,     0.004,     0.023,         1.000,         1.000,         1.000,         1.000,         1.000,         1.000,         1.000,         1.000,         1.000,         0.000,         0.000,         0.000,
     2.404,    32.652,     2.000,    19.979,    -0.003,    -0.014,     0.000,     0.450,     1.600,   419.330,     1.000,    20.924,     0.000,     0.000,     0.000,     0.000,     0.000,     0.000,     0.000,        35.000,         8.687,     0.050,     0.000,     0.004,     0.023,         1.000,         1.000,         1.000,         1.000,         1.000,         1.000,         1.000,         1.000,         1.000,         0.000,         0.000,         0.000,
     2.408,    33.522,     2.000,    19.980,    -0.003,    -0.013,     0.000,     0.450,     1.600,   419.330,     1.000,    20.925,     0.000,     0.000,     0.000,     0.000,     0.000,     0.000,     0.000,        35.000,         8.684,     0.050,     0.000,     0.004,     0.023,         1.000,         1.000,         1.000,         1.000,         1.000,         1.000,         1.000,         1.000,         1.000,         0.000,         0.000,         0.000,
     2.412,    33.880,     2.000,    19.980,    -0.003,    -0.008,     0.000,     0.450,     1.600,   419.330,     1.000,    20.926,     0.000,     0.000,     0.000,     0.000,     0.000,     0.000,     0.000,        35.000,         8.680,     0.050,     0.000,     0.004,     0.023,         1.000,         1.000,         1.000,         1.000,         1.000,         1.000,         1.000,         1.000,         1.000,         0.000,         0.000,         0.000,
     2.416,    35.921,     2.000,    19.980,    -0.003,     0.001,     0.000,     0.450,     1.600,   419.330,     1.000,    20.928,     0.000,     0.000,     0.000,     0.000,     0.000,     0.000,     0.000,        35.000,         8.677,     0.051,     0.000,     0.004,     0.023,         1.000,         1.000,         1.000,         1.000,         1.000,         1.000,         1.000,         1.000,         1.000,         0.000,         0.000,         0.000,
     2.421,    30.953,     2.000,    19.981,    -0.003,     0.005,     0.000,     0.450,     1.600,   419.330,     1.000,    20.929,     0.000,     0.000,     0.000,     0.000,     0.000,     0.000,     0.000,        35.000,         8.673,     0.051,     0.000,     0.004,     0.023,         1.000,         1.000,         1.000,         1.000,         1.000,         1.000,         1.000,         1.000,         1.000,         0.000,         0.000,         0.000,
     2.425,    33.964,     2.000,    19.981,    -0.003,     0.001,     0.000,     0.450,     1.600,   419.330,     1.000,    20.931,     0.000,     0.000,     0.000,     0.000,     0.000,     0.000,     0.000,        35.000,         8.669,     0.051,     0.000,     0.004,     0.023,         1.000,         1.000,         1.000,         1.000,         1.000,         1.000,         1.000,         1.000,         1.000,         0.000,         0.000,         0.000,
     2.429,    26.930,     2.000,    19.981,    -0.003,    -0.001,     0.000,     0.450,     1.600,   419.330,     1.000,    20.932,     0.000,     0.000,     0.000,     0.000,     0.000,     0.000,     0.000,        35.000,         8.666,     0.051,     0.000,     0.004,     0.023,         1.000,         1.000,         1.000,         1.000,         1.000,         1.000,         1.000,         1.000,         1.000,         0.000,         0.000,         0.000,
     2.433,    34.558,     2.000,    19.981,    -0.003,     0.015,     0.000,     0.450,     1.600,   419.330,     1.000,    20.933,     0.000,     0.000,     0.000,     0.000,     0.000,     0.000,     0.000,        35.000,         8.662,     0.051,     0.000,     0.004,     0.023,         1.000,         1.000,         1.000,         1.000,         1.000,         1.000,         1.000,         1.000,         1.000,         0.000,         0.000,         0.000,
     2.437,    33.254,     2.000,    19.981,    -0.003,     0.013,     0.000,     0.450,     1.600,   419.330,     1.000,    20.935,     0.000,     0.000,     0.000,     0.000,     0.000,     0.000,     0.000,        35.000,         8.658,     0.051,     0.000,     0.004,     0.023,         1.000,         1.000,         1.000,         1.000,         1.000,         1.000,         1.000,         1.000,         1.000,         0.000,         0.000,         0.000,
     2.441,    32.740,     2.000,    19.982,    -0.003,    -0.011,     0.000,     0.450,     1.600,   419.330,     1.000,    20.936,     0.000,     0.000,     0.000,     0.000,     0.000,     0.000,     0.000,        35.000,         8.655,     0.051,     0.000,     0.004,     0.023,         1.000,         1.000,         1.000,         1.000,         1.000,         1.000,         1.000,         1.000,         1.000,         0.000,         0.000,         0.000,
     2.446,    38.541,     2.000,    19.982,    -0.003,    -0.013,     0.000,     0.450,     1.600,   419.330,     1.000,    20.937,     0.000,     0.000,     0.000,     0.000,     0.000,     0.000,     0.000,        35.000,         8.651,     0.052,     0.000,     0.004,     0.023,         1.000,         1.000,         1.000,         1.000,         1.000,         1.000,         1.000,         1.000,         1.000,         0.000,         0.000,         0.000,
     2.450,    32.899,     2.000,    19.982,    -0.003,    -0.007,     0.000,     0.450,     1.600,   419.330,     1.000,    20.938,     0.000,     0.000,     0.000,     0.000,     0.000,     0.000,     0.000,        35.000,         8.647,     0.052,     0.000,     0.004,     0.023,         1.000,         1.000,         1.000,         1.000,         1.000,         1.000,         1.000,         1.000,         1.000,         0.000,         0.000,         0.000,
     2.454,    33.966,     2.000,    19.982,    -0.003,    -0.003,     0.000,     0.450,     1.600,   419.330,     1.000,    20.940,     0.000,     0.000,     0.000,     0.000,     0.000,     0.000,     0.000,        35.000,         8.644,     0.052,     0.000,     0.004,     0.023,         1.000,         1.000,         1.000,         1.000,         1.000,         1.000,         1.000,         1.000,         1.000,         0.000,         0.000,         0.000,
     2.458,    34.806,     2.000,    19.982,    -0.003,     0.004,     0.000,     0.450,     1.600,   419.330,     1.000,    20.941,     0.000,     0.000,     0.000,     0.000,     0.000,     0.000,     0.000,        35.000,         8.640,     0.052,     0.000,     0.004,     0.023,         1.000,         1.000,         1.000,         1.000,         1.000,         1.000,         1.000,         1.000,         1.000,         0.000,         0.000,         0.000,
     2.462,    34.092,     2.000,    19.983,    -0.003,    -0.001,     0.000,     0.450,     1.600,   419.330,     1.000,    20.942,     0.000,     0.000,     0.000,     0.000,     0.000,     0.000,     0.000,        35.000,         8.637,     0.052,     0.000,     0.004,     0.023,         1.000,         1.000,         1.000,         1.000,         1.000,         1.000,         1.000,         1.000,         1.000,         0.000,         0.000,         0.000,
     2.467,    31.538,     2.000,    19.983,    -0.003,     0.006,     0.000,     0.450,     1.600,   419.330,     1.000,    20.944,     0.000,     0.000,     0.000,     0.000,     0.000,     0.000,     0.000,        35.000,         8.633,     0.052,     0.000,     0.004,     0.024,         1.000,         1.000,         1.000,         1.000,         1.000,         1.000,         1.000,         1.000,         1.000,         0.000,         0.000,         0.000,
     2.471,    33.860,     2.000,    19.983,    -0.003,     0.006,     0.000,     0.450,     1.600,   419.330,     1.000,    20.945,     0.000,     0.000,     0.000,     0.000,     0.000,     0.000,     0.000,        35.000,         8.629,     0.052,     0.000,     0.004,     0.024,         1.000,         1.000,         1.000,         1.000,         1.000,         1.000,         1.000,         1.000,         1.000,         0.000,         0.000,         0.000,
     2.475,    32.416,     2.000,    19.983,    -0.003,    -0.003,     0.000,     0.450,     1.600,   419.330,     1.000,    20.946,     0.000,     0.000,     0.000,     0.000,     0.000,     0.000,     0.000,        35.000,         8.626,     0.053,     0.000,     0.004,     0.024,         1.000,         1.000,         1.000,         1.000,         1.000,         1.000,         1.000,         1.000,         1.000,         0.000,         0.000,         0.000,
     2.479,    33.487,     2.000,    19.983,    -0.003,    -0.013,     0.000,     0.450,     1.600,   419.330,     1.000,    20.947,     0.000,     0.000,     0.000,     0.000,     0.000,     0.000,     0.000,        35.000,         8.622,     0.053,     0.000,     0.004,     0.024,         1.000,         1.000,         1.000,         1.000,         1.000,         1.000,         1.000,         1.000,         1.000,         0.000,         0.000,         0.000,
     2.483,    39.730,     2.000,    19.983,    -0.003,    -0.013,     0.000,     0.450,     1.600,   419.330,     1.000,    20.948,     0.000,     0.000,     0.000,     0.000,     0.000,     0.000,     0.000,        35.000,         8.618,     0.053,     0.000,     0.004,     0.024,         1.000,         1.000,         1.000,         1.000,         1.000,         1.000,         1.000,         1.000,         1.000,         0.000,         0.000,         0.000,
     2.488,    35.599,     2.000,    19.984,    -0.003,     0.001,     0.000,     0.450,     1.600,   419.330,     1.000,    20.949,     0.000,     0.000,     0.000,     0.000,     0.000,     0.000,     0.000,        35.000,         8.615,     0.053,     0.000,     0.004,     0.024,         1.000,         1.000,         1.000,         1.000,         1.000,         1.000,         1.000,         1.000,         1.000,         0.000,         0.000,         0.000,
     2.492,    37.254,     2.000,    19.984,    -0.003,     0.008,     0.000,     0.450,     1.600,   419.330,     1.000,    20.951,     0.000,     0.000,     0.000,     0.000,     0.000,     0.000,     0.000,        35.000,         8.611,     0.053,     0.000,     0.004,     0.024,         1.000,         1.000,         1.000,         1.000,         1.000,         1.000,         1.000,         1.000,         1.000,         0.000,         0.000,         0.000,
     2.496,    32.770,     2.000,    19.985,    -0.003,     0.006,     0.000,     0.450,     1.600,   419.330,     1.000,    20.952,     0.000,     0.000,     0.000,     0.000,     0.000,     0.000,     0.000,        35.000,         8.607,     0.053,     0.000,     0.004,     0.024,         1.000,         1.000,         1.000,         1.000,         1.000,         1.000,         1.000,         1.000,         1.000,         0.000,         0.000,         0.000,
     2.500,    32.615,     2.000,    19.985,    -0.003,     0.010,     0.000,     0.450,     1.600,   419.330,     1.000,    20.953,     0.000,     0.000,     0.000,     0.000,     0.000,     0.000,     0.000,        35.000,         8.604,     0.053,     0.000,     0.004,     0.024,         1.000,         1.000,         1.000,         1.000,         1.000,         1.000,         1.000,         1.000,         1.000,         0.000,         0.000,         0.000,
     2.504,    31.795,     2.000,    19.986,    -0.003,     0.009,     0.000,     0.450,     1.600,   419.330,     1.000,    20.954,     0.000,     0.000,     0.000,     0.000,     0.000,     0.000,     0.000,        35.000,         8.600,     0.054,     0.000,     0.004,     0.024,         1.000,         1.000,         1.000,         1.000,         1.000,         1.000,         1.000,         1.000,         1.000,         0.000,         0.000,         0.000,
     2.508,    35.787,     2.000,    19.986,    -0.003,     0.008,     0.000,     0.450,     1.600,   419.330,     1.000,    20.956,     0.000,     0.000,     0.000,     0.000,     0.000,     0.000,     0.000,        35.000,         8.597,     0.054,     0.000,     0.004,     0.024,         1.000,         1.000,         1.000,         1.000,         1.000,         1.000,         1.000,         1.000,         1.000,         0.000,         0.000,         0.000,
     2.513,    33.391,     2.000,    19.986,    -0.003,     0.008,     0.000,     0.450,     1.600,   419.330,     1.000,    20.957,     0.000,     0.000,     0.000,     0.000,     0.000,     0.000,     0.000,        35.000,         8.593,     0.054,     0.000,     0.004,     0.024,         1.000,         1.000,         1.000,         1.000,         1.000,         1.000,         1.000,         1.000,         1.000,         0.000,         0.000,         0.000,
     2.517,    30.867,     2.000,    19.987,    -0.004,    -0.014,     0.000,     0.450,     1.600,   419.330,     1.000,    20.958,     0.000,     0.000,     0.000,     0.000,     0.000,     0.000,     0.000,        35.000,         8.589,     0.054,     0.000,     0.004,     0.024,         1.000,         1.000,         1.000,         1.000,         1.000,         1.000,         1.000,         1.000,         1.000,         0.000,         0.000,         0.000,
     2.521,    30.435,     2.000,    19.987,    -0.004,    -0.017,     0.000,     0.450,     1.600,   419.330,     1.000,    20.959,     0.000,     0.000,     0.000,     0.000,     0.000,     0.000,     0.000,        35.000,         8.586,     0.054,     0.000,     0.004,     0.024,         1.000,         1.000,         1.000,         1.000,         1.000,         1.000,         1.000,         1.000,         1.000,         0.000,         0.000,         0.000,
     2.525,    34.017,     2.000,    19.987,    -0.004,    -0.007,     0.000,     0.450,     1.600,   419.330,     1.000,    20.960,     0.000,     0.000,     0.000,     0.000,     0.000,     0.000,     0.000,        35.000,         8.582,     0.054,     0.000,     0.004,     0.024,         1.000,         1.000,         1.000,         1.000,         1.000,         1.000,         1.000,         1.000,         1.000,         0.000,         0.000,         0.000,
     2.529,    30.994,     2.000,    19.987,    -0.004,    -0.006,     0.000,     0.450,     1.600,   419.330,     1.000,    20.961,     0.000,     0.000,     0.000,     0.000,     0.000,     0.000,     0.000,        35.000,         8.579,     0.054,     0.000,     0.004,     0.024,         1.000,         1.000,         1.000,         1.000,         1.000,         1.000,         1.000,         1.000,         1.000,         0.000,         0.000,         0.000,
     2.533,    33.193,     2.000,    19.988,    -0.004,     0.011,     0.000,     0.450,     1.600,   419.330,     1.000,    20.963,     0.000,     0.000,     0.000,     0.000,     0.000,     0.000,     0.000,        35.000,         8.575,     0.055,     0.000,     0.004,     0.025,         1.000,         1.000,         1.000,         1.000,         1.000,         1.000,         1.000,         1.000,         1.000,         0.000,         0.000,         0.000,
     2.537,    29.477,     2.000,    19.988,    -0.004,     0.006,     0.000,     0.450,     1.600,   419.330,     1.000,    20.964,     0.000,     0.000,     0.000,     0.000,     0.000,     0.000,     0.000,        35.000,         8.571,     0.055,     0.000,     0.004,     0.025,         1.000,         1.000,         1.000,         1.000,         1.000,         1.000,         1.000,         1.000,         1.000,         0.000,         0.000,         0.000,
     2.541,    32.867,     2.000,    19.988,    -0.004,     0.012,     0.000,     0.450,     1.600,   419.330,     1.000,    20.965,     0.000,     0.000,     0.000,     0.000,     0.000,     0.000,     0.000,        35.000,         8.568,     0.055,     0.000,     0.004,     0.025,         1.000,         1.000,         1.000,         1.000,         1.000,         1.000,         1.000,         1.000,         1.000,         0.000,         0.000,         0.000,
     2.546,    31.255,     2.000,    19.988,    -0.004,     0.000,     0.000,     0.450,     1.600,   419.330,     1.000,    20.966,     0.000,     0.000,     0.000,     0.000,     0.000,     0.000,     0.000,        35.000,         8.564,     0.055,     0.000,     0.004,     0.025,         1.000,         1.000,         1.000,         1.000,         1.000,         1.000,         1.000,         1.000,         1.000,         0.000,         0.000,         0.000,
     2.550,    30.998,     2.000,    19.988,    -0.004,    -0.007,     0.000,     0.450,     1.600,   419.330,     1.000,    20.967,     0.000,     0.000,     0.000,     0.000,     0.000,     0.000,     0.000,        35.000,         8.560,     0.055,     0.000,     0.004,     0.025,         1.000,         1.000,         1.000,         1.000,         1.000,         1.000,         1.000,         1.000,         1.000,         0.000,         0.000,         0.000,
     2.554,    32.816,     2.000,    19.988,    -0.004,     0.005,     0.000,     0.450,     1.600,   419.330,     1.000,    20.968,     0.000,     0.000,     0.000,     0.000,     0.000,     0.000,     0.000,        35.000,         8.557,     0.055,     0.000,     0.004,     0.025,         1.000,         1.000,         1.000,         1.000,         1.000,         1.000,         1.000,         1.000,         1.000,         0.000,         0.000,         0.000,
     2.558,    35.308,     2.000,    19.988,    -0.004,     0.010,     0.000,     0.450,     1.600,   419.330,     1.000,    20.969,     0.000,     0.000,     0.000,     0.000,     0.000,     0.000,     0.000,        35.000,         8.553,     0.055,     0.000,     0.004,     0.025,         1.000,         1.000,         1.000,         1.000,         1.000,         1.000,         1.000,         1.000,         1.000,         0.000,         0.000,         0.000,
     2.563,    32.127,     2.000,    19.988,    -0.004,    -0.003,     0.000,     0.450,     1.600,   419.330,     1.000,    20.970,     0.000,     0.000,     0.000,     0.000,     0.000,     0.000,     0.000,        35.000,         8.550,     0.056,     0.000,     0.004,     0.025,         1.000,         1.000,         1.000,         1.000,         1.000,         1.000,         1.000,         1.000,         1.000,         0.000,         0.000,         0.000,
     2.567,    29.642,     2.000,    19.988,    -0.004,    -0.017,     0.000,     0.450,     1.600,   419.330,     1.000,    20.971,     0.000,     0.000,     0.000,     0.000,     0.000,     0.000,     0.000,        35.000,         8.546,     0.056,     0.000,     0.004,     0.025,         1.000,         1.000,         1.000,         1.000,         1.000,         1.000,         1.000,         1.000,         1.000,         0.000,         0.000,         0.000,
     2.571,    31.627,     2.000,    19.988,    -0.004,    -0.017,     0.000,     0.450,     1.600,   419.330,     1.000,    20.973,     0.000,     0.000,     0.000,     0.000,     0.000,     0.000,     0.000,        35.000,         8.542,     0.056,     0.000,     0.004,     0.025,         1.000,         1.000,         1.000,         1.000,         1.000,         1.000,         1.000,         1.000,         1.000,         0.000,         0.000,         0.000,
     2.575,    30.350,     2.000,    19.988,    -0.004,    -0.006,     0.000,     0.450,     1.600,   419.330,     1.000,    20.974,     0.000,     0.000,     0.000,     0.000,     0.000,     0.000,     0.000,        35.000,         8.539,     0.056,     0.000,     0.004,     0.025,         1.000,         1.000,         1.000,         1.000,         1.000,         1.000,         1.000,         1.000,         1.000,         0.000,         0.000,         0.000,
     2.579,    30.215,     2.000,    19.988,    -0.004,     0.002,     0.000,     0.450,     1.600,   419.330,     1.000,    20.975,     0.000,     0.000,     0.000,     0.000,     0.000,     0.000,     0.000,        35.000,         8.535,     0.056,     0.000,     0.004,     0.025,         1.000,         1.000,         1.000,         1.000,         1.000,         1.000,         1.000,         1.000,         1.000,         0.000,         0.000,         0.000,
     2.583,    30.399,     2.000,    19.988,    -0.004,     0.004,     0.000,     0.450,     1.600,   419.330,     1.000,    20.976,     0.000,     0.000,     0.000,     0.000,     0.000,     0.000,     0.000,        35.000,         8.532,     0.056,     0.000,     0.004,     0.025,         1.000,         1.000,         1.000,         1.000,         1.000,         1.000,         1.000,         1.000,         1.000,         0.000,         0.000,         0.000,
     2.588,    33.166,     2.000,    19.988,    -0.004,     0.001,     0.000,     0.450,     1.600,   419.330,     1.000,    20.977,     0.000,     0.000,     0.000,     0.000,     0.000,     0.000,     0.000,        35.000,         8.528,     0.056,     0.000,     0.005,     0.025,         1.000,         1.000,         1.000,         1.000,         1.000,         1.000,         1.000,         1.000,         1.000,         0.000,         0.000,         0.000,
     2.592,    32.087,     2.000,    19.988,    -0.004,     0.014,     0.000,     0.450,     1.600,   419.330,     1.000,    20.978,     0.000,     0.000,     0.000,     0.000,     0.000,     0.000,     0.000,        35.000,         8.525,     0.056,     0.000,     0.005,     0.025,         1.000,         1.000,         1.000,         1.000,         1.000,         1.000,         1.000,         1.000,         1.000,         0.000,         0.000,         0.000,
     2.596,    30.198,     2.000,    19.988,    -0.004,     0.007,     0.000,     0.450,     1.600,   419.330,     1.000,    20.980,     0.000,     0.000,     0.000,     0.000,     0.000,     0.000,     0.000,        35.000,         8.521,     0.057,     0.000,     0.005,     0.025,         1.000,         1.000,         1.000,         1.000,         1.000,         1.000,         1.000,         1.000,         1.000,         0.000,         0.000,         0.000,
     2.600,    30.292,     2.000,    19.988,    -0.004,     0.010,     0.000,     0.450,     1.600,   419.330,     1.000,    20.981,     0.000,     0.000,     0.000,     0.000,     0.000,     0.000,     0.000,        35.000,         8.517,     0.057,     0.000,     0.005,     0.026,         1.000,         1.000,         1.000,         1.000,         1.000,         1.000,         1.000,         1.000,         1.000,         0.000,         0.000,         0.000,
     2.604,    31.950,     2.000,    19.988,    -0.004,    -0.005,     0.000,     0.450,     1.600,   419.330,     1.000,    20.982,     0.000,     0.000,     0.000,     0.000,     0.000,     0.000,     0.000,        35.000,         8.514,     0.057,     0.000,     0.005,     0.026,         1.000,         1.000,         1.000,         1.000,         1.000,         1.000,         1.000,         1.000,         1.000,         0.000,         0.000,         0.000,
     2.608,    33.429,     2.000,    19.988,    -0.004,    -0.012,     0.000,     0.450,     1.600,   419.330,     1.000,    20.983,     0.000,     0.000,     0.000,     0.000,     0.000,     0.000,     0.000,        35.000,         8.510,     0.057,     0.000,     0.005,     0.026,         1.000,         1.000,         1.000,         1.000,         1.000,         1.000,         1.000,         1.000,         1.000,         0.000,         0.000,         0.000,
     2.612,    31.962,     2.000,    19.988,    -0.004,    -0.011,     0.000,     0.450,     1.600,   419.330,     1.000,    20.984,     0.000,     0.000,     0.000,     0.000,     0.000,     0.000,     0.000,        35.000,         8.507,     0.057,     0.000,     0.005,     0.026,         1.000,         1.000,         1.000,         1.000,         1.000,         1.000,         1.000,         1.000,         1.000,         0.000,         0.000,         0.000,
     2.616,    32.922,     2.000,    19.988,    -0.004,    -0.015,     0.000,     0.450,     1.600,   419.330,     1.000,    20.985,     0.000,     0.000,     0.000,     0.000,     0.000,     0.000,     0.000,        35.000,         8.503,     0.057,     0.000,     0.005,     0.026,         1.000,         1.000,         1.000,         1.000,         1.000,         1.000,         1.000,         1.000,         1.000,         0.000,         0.000,         0.000,
     2.621,    34.457,     2.000,    19.988,    -0.004,    -0.007,     0.000,     0.450,     1.600,   419.330,     1.000,    20.986,     0.000,     0.000,     0.000,     0.000,     0.000,     0.000,     0.000,        35.000,         8.499,     0.057,     0.000,     0.005,     0.026,         1.000,         1.000,         1.000,         1.000,         1.000,         1.000,         1.000,         1.000,         1.000,         0.000,         0.000,         0.000,
     2.625,    34.495,     2.000,    19.988,    -0.004,     0.001,     0.000,     0.450,     1.600,   419.330,     1.000,    20.987,     0.000,     0.000,     0.000,     0.000,     0.000,     0.000,     0.000,        35.000,         8.496,     0.058,     0.000,     0.005,     0.026,         1.000,         1.000,         1.000,         1.000,         1.000,         1.000,         1.000,         1.000,         1.000,         0.000,         0.000,         0.000,
     2.629,    32.400,     2.000,    19.988,    -0.004,     0.007,     0.000,     0.450,     1.600,   419.330,     1.000,    20.988,     0.000,     0.000,     0.000,     0.000,     0.000,     0.000,     0.000,        35.000,         8.492,     0.058,     0.000,     0.005,     0.026,         1.000,         1.000,         1.000,         1.000,         1.000,         1.000,         1.000,         1.000,         1.000,         0.000,         0.000,         0.000,
     2.633,    33.793,     2.000,    19.988,    -0.004,     0.005,     0.000,     0.450,     1.600,   419.330,     1.000,    20.989,     0.000,     0.000,     0.000,     0.000,     0.000,     0.000,     0.000,        35.000,         8.489,     0.058,     0.000,     0.005,     0.026,         1.000,         1.000,         1.000,         1.000,         1.000,         1.000,         1.000,         1.000,         1.000,         0.000,         0.000,         0.000,
     2.638,    23.183,     2.000,    19.988,    -0.004,     0.001,     0.000,     0.450,     1.600,   419.330,     1.000,    20.990,     0.000,     0.000,     0.000,     0.000,     0.000,     0.000,     0.000,        35.000,         8.485,     0.058,     0.000,     0.005,     0.026,         1.000,         1.000,         1.000,         1.000,         1.000,         1.000,         1.000,         1.000,         1.000,         0.000,         0.000,         0.000,
     2.642,    31.856,     2.000,    19.988,    -0.004,     0.006,     0.000,     0.450,     1.600,   419.330,     1.000,    20.991,     0.000,     0.000,     0.000,     0.000,     0.000,     0.000,     0.000,        35.000,         8.482,     0.058,     0.000,     0.005,     0.026,         1.000,         1.000,         1.000,         1.000,         1.000,         1.000,         1.000,         1.000,         1.000,         0.000,         0.000,         0.000,
     2.646,    32.071,     2.000,    19.988,    -0.004,     0.006,     0.000,     0.450,     1.600,   419.330,     1.000,    20.992,     0.000,     0.000,     0.000,     0.000,     0.000,     0.000,     0.000,        35.000,         8.478,     0.058,     0.000,     0.005,     0.026,         1.000,         1.000,         1.000,         1.000,         1.000,         1.000,         1.000,         1.000,         1.000,         0.000,         0.000,         0.000,
     2.650,    32.234,     2.000,    19.988,    -0.004,    -0.002,     0.000,     0.450,     1.600,   419.330,     1.000,    20.993,     0.000,     0.000,     0.000,     0.000,     0.000,     0.000,     0.000,        35.000,         8.474,     0.058,     0.000,     0.005,     0.026,         1.000,         1.000,         1.000,         1.000,         1.000,         1.000,         1.000,         1.000,         1.000,         0.000,         0.000,         0.000,
     2.654,    33.305,     2.000,    19.989,    -0.004,    -0.015,     0.000,     0.450,     1.600,   419.330,     1.000,    20.994,     0.000,     0.000,     0.000,     0.000,     0.000,     0.000,     0.000,        35.000,         8.471,     0.059,     0.000,     0.005,     0.026,         1.000,         1.000,         1.000,         1.000,         1.000,         1.000,         1.000,         1.000,         1.000,         0.000,         0.000,         0.000,
     2.658,    31.136,     2.000,    19.989,    -0.004,    -0.004,     0.000,     0.450,     1.600,   419.330,     1.000,    20.995,     0.000,     0.000,     0.000,     0.000,     0.000,     0.000,     0.000,        35.000,         8.467,     0.059,     0.000,     0.005,     0.026,         1.000,         1.000,         1.000,         1.000,         1.000,         1.000,         1.000,         1.000,         1.000,         0.000,         0.000,         0.000,
     2.663,    39.871,     2.000,    19.989,    -0.004,     0.001,     0.000,     0.450,     1.600,   419.330,     1.000,    20.996,     0.000,     0.000,     0.000,     0.000,     0.000,     0.000,     0.000,        35.000,         8.464,     0.059,     0.000,     0.005,     0.026,         1.000,         1.000,         1.000,         1.000,         1.000,         1.000,         1.000,         1.000,         1.000,         0.000,         0.000,         0.000,
     2.667,    33.437,     2.000,    19.989,    -0.004,     0.003,     0.000,     0.450,     1.600,   419.330,     1.000,    20.997,     0.000,     0.000,     0.000,     0.000,     0.000,     0.000,     0.000,        35.000,         8.460,     0.059,     0.000,     0.005,     0.027,         1.000,         1.000,         1.000,         1.000,         1.000,         1.000,         1.000,         1.000,         1.000,         0.000,         0.000,         0.000,
     2.671,    32.455,     2.000,    19.989,    -0.004,     0.000,     0.000,     0.450,     1.600,   419.330,     1.000,    20.998,     0.000,     0.000,     0.000,     0.000,     0.000,     0.000,     0.000,        35.000,         8.457,     0.059,     0.000,     0.005,     0.027,         1.000,         1.000,         1.000,         1.000,         1.000,         1.000,         1.000,         1.000,         1.000,         0.000,         0.000,         0.000,
     2.675,    32.070,     2.000,    19.989,    -0.004,     0.007,     0.000,     0.450,     1.600,   419.330,     1.000,    21.000,     0.000,     0.000,     0.000,     0.000,     0.000,     0.000,     0.000,        35.000,         8.453,     0.059,     0.000,     0.005,     0.027,         1.000,         1.000,         1.000,         1.000,         1.000,         1.000,         1.000,         1.000,         1.000,         0.000,         0.000,         0.000,
     2.679,    32.739,     2.000,    19.990,    -0.004,     0.008,     0.000,     0.450,     1.600,   419.330,     1.000,    21.001,     0.000,     0.000,     0.000,     0.000,     0.000,     0.000,     0.000,        35.000,         8.449,     0.059,     0.000,     0.005,     0.027,         1.000,         1.000,         1.000,         1.000,         1.000,         1.000,         1.000,         1.000,         1.000,         0.000,         0.000,         0.000,
     2.683,    31.815,     2.000,    19.990,    -0.004,     0.005,     0.000,     0.450,     1.600,   419.330,     1.000,    21.002,     0.000,     0.000,     0.000,     0.000,     0.000,     0.000,     0.000,        35.000,         8.446,     0.059,     0.000,     0.005,     0.027,         1.000,         1.000,         1.000,         1.000,         1.000,         1.000,         1.000,         1.000,         1.000,         0.000,         0.000,         0.000,
     2.688,    33.264,     2.000,    19.990,    -0.004,    -0.003,     0.000,     0.450,     1.600,   419.330,     1.000,    21.003,     0.000,     0.000,     0.000,     0.000,     0.000,     0.000,     0.000,        35.000,         8.442,     0.060,     0.000,     0.005,     0.027,         1.000,         1.000,         1.000,         1.000,         1.000,         1.000,         1.000,         1.000,         1.000,         0.000,         0.000,         0.000,
     2.692,    32.635,     2.000,    19.990,    -0.004,    -0.002,     0.000,     0.450,     1.600,   419.330,     1.000,    21.004,     0.000,     0.000,     0.000,     0.000,     0.000,     0.000,     0.000,        35.000,         8.439,     0.060,     0.000,     0.005,     0.027,         1.000,         1.000,         1.000,         1.000,         1.000,         1.000,         1.000,         1.000,         1.000,         0.000,         0.000,         0.000,
     2.696,    33.649,     2.000,    19.990,    -0.004,    -0.002,     0.000,     0.450,     1.600,   419.330,     1.000,    21.005,     0.000,     0.000,     0.000,     0.000,     0.000,     0.000,     0.000,        35.000,         8.435,     0.060,     0.000,     0.005,     0.027,         1.000,         1.000,         1.000,         1.000,         1.000,         1.000,         1.000,         1.000,         1.000,         0.000,         0.000,         0.000,
     2.700,    32.844,     2.000,    19.990,    -0.004,    -0.001,     0.000,     0.450,     1.600,   419.330,     1.000,    21.006,     0.000,     0.000,     0.000,     0.000,     0.000,     0.000,     0.000,        35.000,         8.432,     0.060,     0.000,     0.005,     0.027,         1.000,         1.000,         1.000,         1.000,         1.000,         1.000,         1.000,         1.000,         1.000,         0.000,         0.000,         0.000,
     2.704,    34.882,     2.000,    19.990,    -0.004,    -0.002,     0.000,     0.450,     1.600,   419.330,     1.000,    21.007,     0.000,     0.000,     0.000,     0.000,     0.000,     0.000,     0.000,        35.000,         8.428,     0.060,     0.000,     0.005,     0.027,         1.000,         1.000,         1.000,         1.000,         1.000,         1.000,         1.000,         1.000,         1.000,         0.000,         0.000,         0.000,
     2.708,    36.549,     2.000,    19.990,    -0.004,    -0.008,     0.000,     0.450,     1.600,   419.330,     1.000,    21.008,     0.000,     0.000,     0.000,     0.000,     0.000,     0.000,     0.000,        35.000,         8.425,     0.060,     0.000,     0.005,     0.027,         1.000,         1.000,         1.000,         1.000,         1.000,         1.000,         1.000,         1.000,         1.000,         0.000,         0.000,         0.000,
     2.713,    29.552,     2.000,    19.990,    -0.004,    -0.004,     0.000,     0.450,     1.600,   419.330,     1.000,    21.010,     0.000,     0.000,     0.000,     0.000,     0.000,     0.000,     0.000,        35.000,         8.421,     0.060,     0.000,     0.005,     0.027,         1.000,         1.000,         1.000,         1.000,         1.000,         1.000,         1.000,         1.000,         1.000,         0.000,         0.000,         0.000,
     2.717,    32.781,     2.000,    19.990,    -0.004,     0.003,     0.000,     0.450,     1.600,   419.330,     1.000,    21.010,     0.000,     0.000,     0.000,     0.000,     0.000,     0.000,     0.000,        35.000,         8.417,     0.061,     0.000,     0.005,     0.027,         1.000,         1.000,         1.000,         1.000,         1.000,         1.000,         1.000,         1.000,         1.000,         0.000,         0.000,         0.000,
     2.721,    30.147,     2.000,    19.990,    -0.004,     0.001,     0.000,     0.450,     1.600,   419.330,     1.000,    21.011,     0.000,     0.000,     0.000,     0.000,     0.000,     0.000,     0.000,        35.000,         8.414,     0.061,     0.000,     0.005,     0.027,         1.000,         1.000,         1.000,         1.000,         1.000,         1.000,         1.000,         1.000,         1.000,         0.000,         0.000,         0.000,
     2.725,    33.702,     2.000,    19.990,    -0.004,    -0.002,     0.000,     0.450,     1.600,   419.330,     1.000,    21.012,     0.000,     0.000,     0.000,     0.000,     0.000,     0.000,     0.000,        35.000,         8.410,     0.061,     0.000,     0.005,     0.027,         1.000,         1.000,         1.000,         1.000,         1.000,         1.000,         1.000,         1.000,         1.000,         0.000,         0.000,         0.000,
     2.729,    32.305,     2.000,    19.990,    -0.004,     0.001,     0.000,     0.450,     1.600,   419.330,     1.000,    21.013,     0.000,     0.000,     0.000,     0.000,     0.000,     0.000,     0.000,        35.000,         8.407,     0.061,     0.000,     0.005,     0.027,         1.000,         1.000,         1.000,         1.000,         1.000,         1.000,         1.000,         1.000,         1.000,         0.000,         0.000,         0.000,
     2.733,    31.667,     2.000,    19.990,    -0.004,     0.004,     0.000,     0.450,     1.600,   419.330,     1.000,    21.014,     0.000,     0.000,     0.000,     0.000,     0.000,     0.000,     0.000,        35.000,         8.403,     0.061,     0.000,     0.005,     0.028,         1.000,         1.000,         1.000,         1.000,         1.000,         1.000,         1.000,         1.000,         1.000,         0.000,         0.000,         0.000,
     2.738,    31.483,     2.000,    19.991,    -0.004,    -0.002,     0.000,     0.450,     1.600,   419.330,     1.000,    21.015,     0.000,     0.000,     0.000,     0.000,     0.000,     0.000,     0.000,        35.000,         8.400,     0.061,     0.000,     0.005,     0.028,         1.000,         1.000,         1.000,         1.000,         1.000,         1.000,         1.000,         1.000,         1.000,         0.000,         0.000,         0.000,
     2.742,    33.922,     2.000,    19.991,    -0.004,     0.002,     0.000,     0.450,     1.600,   419.330,     1.000,    21.016,     0.000,     0.000,     0.000,     0.000,     0.000,     0.000,     0.000,        35.000,         8.396,     0.061,     0.000,     0.005,     0.028,         1.000,         1.000,         1.000,         1.000,         1.000,         1.000,         1.000,         1.000,         1.000,         0.000,         0.000,         0.000,
     2.746,    32.686,     2.000,    19.991,    -0.004,     0.006,     0.000,     0.450,     1.600,   419.330,     1.000,    21.017,     0.000,     0.000,     0.000,     0.000,     0.000,     0.000,     0.000,        35.000,         8.393,     0.062,     0.000,     0.005,     0.028,         1.000,         1.000,         1.000,         1.000,         1.000,         1.000,         1.000,         1.000,         1.000,         0.000,         0.000,         0.000,
     2.750,    33.295,     2.000,    19.991,    -0.005,     0.002,     0.000,     0.450,     1.600,   419.330,     1.000,    21.018,     0.000,     0.000,     0.000,     0.000,     0.000,     0.000,     0.000,        35.000,         8.389,     0.062,     0.000,     0.005,     0.028,         1.000,         1.000,         1.000,         1.000,         1.000,         1.000,         1.000,         1.000,         1.000,         0.000,         0.000,         0.000,
     2.754,    33.559,     2.000,    19.991,    -0.005,     0.001,     0.000,     0.450,     1.600,   419.330,     1.000,    21.019,     0.000,     0.000,     0.000,     0.000,     0.000,     0.000,     0.000,        35.000,         8.386,     0.062,     0.000,     0.005,     0.028,         1.000,         1.000,         1.000,         1.000,         1.000,         1.000,         1.000,         1.000,         1.000,         0.000,         0.000,         0.000,
     2.758,    28.872,     2.000,    19.991,    -0.005,     0.001,     0.000,     0.450,     1.600,   419.330,     1.000,    21.020,     0.000,     0.000,     0.000,     0.000,     0.000,     0.000,     0.000,        35.000,         8.382,     0.062,     0.000,     0.005,     0.028,         1.000,         1.000,         1.000,         1.000,         1.000,         1.000,         1.000,         1.000,         1.000,         0.000,         0.000,         0.000,
     2.762,    29.958,     2.000,    19.991,    -0.005,     0.007,     0.000,     0.450,     1.600,   419.330,     1.000,    21.021,     0.000,     0.000,     0.000,     0.000,     0.000,     0.000,     0.000,        35.000,         8.379,     0.062,     0.000,     0.005,     0.028,         1.000,         1.000,         1.000,         1.000,         1.000,         1.000,         1.000,         1.000,         1.000,         0.000,         0.000,         0.000,
     2.767,    31.143,     2.000,    19.991,    -0.005,    -0.004,     0.000,     0.450,     1.600,   419.330,     1.000,    21.022,     0.000,     0.000,     0.000,     0.000,     0.000,     0.000,     0.000,        35.000,         8.375,     0.062,     0.000,     0.005,     0.028,         1.000,         1.000,         1.000,         1.000,         1.000,         1.000,         1.000,         1.000,         1.000,         0.000,         0.000,         0.000,
     2.771,    28.949,     2.000,    19.991,    -0.005,    -0.016,     0.000,     0.450,     1.600,   419.330,     1.000,    21.023,     0.000,     0.000,     0.000,     0.000,     0.000,     0.000,     0.000,        35.000,         8.372,     0.062,     0.000,     0.005,     0.028,         1.000,         1.000,         1.000,         1.000,         1.000,         1.000,         1.000,         1.000,         1.000,         0.000,         0.000,         0.000,
     2.775,    32.710,     2.000,    19.991,    -0.005,     0.003,     0.000,     0.450,     1.600,   419.330,     1.000,    21.024,     0.000,     0.000,     0.000,     0.000,     0.000,     0.000,     0.000,        35.000,         8.368,     0.062,     0.000,     0.005,     0.028,         1.000,         1.000,         1.000,         1.000,         1.000,         1.000,         1.000,         1.000,         1.000,         0.000,         0.000,         0.000,
     2.779,    27.825,     2.000,    19.991,    -0.005,     0.001,     0.000,     0.450,     1.600,   419.330,     1.000,    21.025,     0.000,     0.000,     0.000,     0.000,     0.000,     0.000,     0.000,        35.000,         8.365,     0.063,     0.000,     0.005,     0.028,         1.000,         1.000,         1.000,         1.000,         1.000,         1.000,         1.000,         1.000,         1.000,         0.000,         0.000,         0.000,
     2.783,    32.635,     2.000,    19.991,    -0.005,    -0.004,     0.000,     0.450,     1.600,   419.330,     1.000,    21.026,     0.000,     0.000,     0.000,     0.000,     0.000,     0.000,     0.000,        35.000,         8.361,     0.063,     0.000,     0.005,     0.028,         1.000,         1.000,         1.000,         1.000,         1.000,         1.000,         1.000,         1.000,         1.000,         0.000,         0.000,         0.000,
     2.787,    28.630,     2.000,    19.991,    -0.005,    -0.008,     0.000,     0.450,     1.600,   419.330,     1.000,    21.027,     0.000,     0.000,     0.000,     0.000,     0.000,     0.000,     0.000,        35.000,         8.358,     0.063,     0.000,     0.005,     0.028,         1.000,         1.000,         1.000,         1.000,         1.000,         1.000,         1.000,         1.000,         1.000,         0.000,         0.000,         0.000,
     2.792,    39.171,     2.000,    19.992,    -0.005,     0.007,     0.000,     0.450,     1.600,   419.330,     1.000,    21.028,     0.000,     0.000,     0.000,     0.000,     0.000,     0.000,     0.000,        35.000,         8.354,     0.063,     0.000,     0.005,     0.028,         1.000,         1.000,         1.000,         1.000,         1.000,         1.000,         1.000,         1.000,         1.000,         0.000,         0.000,         0.000,
     2.796,    28.728,     2.000,    19.992,    -0.005,     0.001,     0.000,     0.450,     1.600,   419.330,     1.000,    21.029,     0.000,     0.000,     0.000,     0.000,     0.000,     0.000,     0.000,        35.000,         8.350,     0.063,     0.000,     0.005,     0.028,         1.000,         1.000,         1.000,         1.000,         1.000,         1.000,         1.000,         1.000,         1.000,         0.000,         0.000,         0.000,
     2.800,    30.250,     2.000,    19.992,    -0.005,    -0.005,     0.000,     0.450,     1.600,   419.330,     1.000,    21.030,     0.000,     0.000,     0.000,     0.000,     0.000,     0.000,     0.000,        35.000,         8.347,     0.063,     0.000,     0.005,     0.028,         1.000,         1.000,         1.000,         1.000,         1.000,         1.000,         1.000,         1.000,         1.000,         0.000,         0.000,         0.000,
     2.804,    34.732,     2.000,    19.992,    -0.005,     0.003,     0.000,     0.450,     1.600,   419.330,     1.000,    21.031,     0.000,     0.000,     0.000,     0.000,     0.000,     0.000,     0.000,        35.000,         8.343,     0.063,     0.000,     0.005,     0.029,         1.000,         1.000,         1.000,         1.000,         1.000,         1.000,         1.000,         1.000,         1.000,         0.000,         0.000,         0.000,
     2.808,    31.528,     2.000,    19.992,    -0.005,    -0.005,     0.000,     0.450,     1.600,   419.330,     1.000,    21.032,     0.000,     0.000,     0.000,     0.000,     0.000,     0.000,     0.000,        35.000,         8.340,     0.064,     0.000,     0.005,     0.029,         1.000,         1.000,         1.000,         1.000,         1.000,         1.000,         1.000,         1.000,         1.000,         0.000,         0.000,         0.000,
     2.813,    27.128,     2.000,    19.992,    -0.005,     0.003,     0.000,     0.450,     1.600,   419.330,     1.000,    21.033,     0.000,     0.000,     0.000,     0.000,     0.000,     0.000,     0.000,        35.000,         8.336,     0.064,     0.000,     0.005,     0.029,         1.000,         1.000,         1.000,         1.000,         1.000,         1.000,         1.000,         1.000,         1.000,         0.000,         0.000,         0.000,
     2.817,    31.787,     2.000,    19.992,    -0.005,    -0.004,     0.000,     0.450,     1.600,   419.330,     1.000,    21.034,     0.000,     0.000,     0.000,     0.000,     0.000,     0.000,     0.000,        35.000,         8.333,     0.064,     0.000,     0.005,     0.029,         1.000,         1.000,         1.000,         1.000,         1.000,         1.000,         1.000,         1.000,         1.000,         0.000,         0.000,         0.000,
     2.821,    32.087,     2.000,    19.992,    -0.005,     0.007,     0.000,     0.450,     1.600,   419.330,     1.000,    21.035,     0.000,     0.000,     0.000,     0.000,     0.000,     0.000,     0.000,        35.000,         8.329,     0.064,     0.000,     0.005,     0.029,         1.000,         1.000,         1.000,         1.000,         1.000,         1.000,         1.000,         1.000,         1.000,         0.000,         0.000,         0.000,
     2.825,    29.034,     2.000,    19.992,    -0.005,    -0.001,     0.000,     0.450,     1.600,   419.330,     1.000,    21.036,     0.000,     0.000,     0.000,     0.000,     0.000,     0.000,     0.000,        35.000,         8.326,     0.064,     0.000,     0.005,     0.029,         1.000,         1.000,         1.000,         1.000,         1.000,         1.000,         1.000,         1.000,         1.000,         0.000,         0.000,         0.000,
     2.829,    28.560,     2.000,    19.992,    -0.005,    -0.015,     0.000,     0.450,     1.600,   419.330,     1.000,    21.037,     0.000,     0.000,     0.000,     0.000,     0.000,     0.000,     0.000,        35.000,         8.322,     0.064,     0.000,     0.005,     0.029,         1.000,         1.000,         1.000,         1.000,         1.000,         1.000,         1.000,         1.000,         1.000,         0.000,         0.000,         0.000,
     2.833,    35.006,     2.000,    19.992,    -0.005,     0.002,     0.000,     0.450,     1.600,   419.330,     1.000,    21.038,     0.000,     0.000,     0.000,     0.000,     0.000,     0.000,     0.000,        35.000,         8.319,     0.064,     0.000,     0.005,     0.029,         1.000,         1.000,         1.000,         1.000,         1.000,         1.000,         1.000,         1.000,         1.000,         0.000,         0.000,         0.000,
     2.838,    33.777,     2.000,    19.993,    -0.005,    -0.004,     0.000,     0.450,     1.600,   419.330,     1.000,    21.039,     0.000,     0.000,     0.000,     0.000,     0.000,     0.000,     0.000,        35.000,         8.315,     0.064,     0.000,     0.005,     0.029,         1.000,         1.000,         1.000,         1.000,         1.000,         1.000,         1.000,         1.000,         1.000,         0.000,         0.000,         0.000,
     2.842,    29.127,     2.000,    19.993,    -0.005,     0.008,     0.000,     0.450,     1.600,   419.330,     1.000,    21.040,     0.000,     0.000,     0.000,     0.000,     0.000,     0.000,     0.000,        35.000,         8.312,     0.065,     0.000,     0.005,     0.029,         1.000,         1.000,         1.000,         1.000,         1.000,         1.000,         1.000,         1.000,         1.000,         0.000,         0.000,         0.000,
     2.846,    32.604,     2.000,    19.993,    -0.005,     0.006,     0.000,     0.450,     1.600,   419.330,     1.000,    21.041,     0.000,     0.000,     0.000,     0.000,     0.000,     0.000,     0.000,        35.000,         8.308,     0.065,     0.000,     0.005,     0.029,         1.000,         1.000,         1.000,         1.000,         1.000,         1.000,         1.000,         1.000,         1.000,         0.000,         0.000,         0.000,
     2.850,    35.752,     2.000,    19.993,    -0.005,    -0.000,     0.000,     0.450,     1.600,   419.330,     1.000,    21.041,     0.000,     0.000,     0.000,     0.000,     0.000,     0.000,     0.000,        35.000,         8.305,     0.065,     0.000,     0.005,     0.029,         1.000,         1.000,         1.000,         1.000,         1.000,         1.000,         1.000,         1.000,         1.000,         0.000,         0.000,         0.000,
     2.854,    29.683,     2.000,    19.993,    -0.005,     0.001,     0.000,     0.450,     1.600,   419.330,     1.000,    21.042,     0.000,     0.000,     0.000,     0.000,     0.000,     0.000,     0.000,        35.000,         8.301,     0.065,     0.000,     0.005,     0.029,         1.000,         1.000,         1.000,         1.000,         1.000,         1.000,         1.000,         1.000,         1.000,         0.000,         0.000,         0.000,
     2.858,    29.832,     2.000,    19.994,    -0.005,     0.000,     0.000,     0.450,     1.600,   419.330,     1.000,    21.043,     0.000,     0.000,     0.000,     0.000,     0.000,     0.000,     0.000,        35.000,         8.298,     0.065,     0.000,     0.005,     0.029,         1.000,         1.000,         1.000,         1.000,         1.000,         1.000,         1.000,         1.000,         1.000,         0.000,         0.000,         0.000,
     2.863,    30.868,     2.000,    19.994,    -0.005,     0.001,     0.000,     0.450,     1.600,   419.330,     1.000,    21.044,     0.000,     0.000,     0.000,     0.000,     0.000,     0.000,     0.000,        35.000,         8.294,     0.065,     0.000,     0.005,     0.029,         1.000,         1.000,         1.000,         1.000,         1.000,         1.000,         1.000,         1.000,         1.000,         0.000,         0.000,         0.000,
     2.867,    29.539,     2.000,    19.994,    -0.005,    -0.019,     0.000,     0.450,     1.600,   419.330,     1.000,    21.045,     0.000,     0.000,     0.000,     0.000,     0.000,     0.000,     0.000,        35.000,         8.291,     0.065,     0.000,     0.005,     0.029,         1.000,         1.000,         1.000,         1.000,         1.000,         1.000,         1.000,         1.000,         1.000,         0.000,         0.000,         0.000,
     2.871,    31.797,     2.000,    19.994,    -0.005,    -0.010,     0.000,     0.450,     1.600,   419.330,     1.000,    21.046,     0.000,     0.000,     0.000,     0.000,     0.000,     0.000,     0.000,        35.000,         8.287,     0.066,     0.000,     0.005,     0.030,         1.000,         1.000,         1.000,         1.000,         1.000,         1.000,         1.000,         1.000,         1.000,         0.000,         0.000,         0.000,
     2.875,    29.294,     2.000,    19.995,    -0.005,    -0.003,     0.000,     0.450,     1.600,   419.330,     1.000,    21.047,     0.000,     0.000,     0.000,     0.000,     0.000,     0.000,     0.000,        35.000,         8.284,     0.066,     0.000,     0.005,     0.030,         1.000,         1.000,         1.000,         1.000,         1.000,         1.000,         1.000,         1.000,         1.000,         0.000,         0.000,         0.000,
     2.879,    39.118,     2.000,    19.995,    -0.005,     0.014,     0.000,     0.450,     1.600,   419.330,     1.000,    21.049,     0.000,     0.000,     0.000,     0.000,     0.000,     0.000,     0.000,        35.000,         8.280,     0.066,     0.000,     0.005,     0.030,         1.000,         1.000,         1.000,         1.000,         1.000,         1.000,         1.000,         1.000,         1.000,         0.000,         0.000,         0.000,
     2.883,    27.700,     2.000,    19.995,    -0.005,     0.000,     0.000,     0.450,     1.600,   419.330,     1.000,    21.050,     0.000,     0.000,     0.000,     0.000,     0.000,     0.000,     0.000,        35.000,         8.277,     0.066,     0.000,     0.005,     0.030,         1.000,         1.000,         1.000,         1.000,         1.000,         1.000,         1.000,         1.000,         1.000,         0.000,         0.000,         0.000,
     2.888,    25.810,     2.000,    19.995,    -0.005,    -0.011,     0.000,     0.450,     1.600,   419.330,     1.000,    21.051,     0.000,     0.000,     0.000,     0.000,     0.000,     0.000,     0.000,        35.000,         8.273,     0.066,     0.000,     0.005,     0.030,         1.000,         1.000,         1.000,         1.000,         1.000,         1.000,         1.000,         1.000,         1.000,         0.000,         0.000,         0.000,
     2.892,    29.734,     2.000,    19.995,    -0.005,     0.003,     0.000,     0.450,     1.600,   419.330,     1.000,    21.051,     0.000,     0.000,     0.000,     0.000,     0.000,     0.000,     0.000,        35.000,         8.270,     0.066,     0.000,     0.005,     0.030,         1.000,         1.000,         1.000,         1.000,         1.000,         1.000,         1.000,         1.000,         1.000,         0.000,         0.000,         0.000,
     2.896,    26.943,     2.000,    19.995,    -0.005,     0.002,     0.000,     0.450,     1.600,   419.330,     1.000,    21.052,     0.000,     0.000,     0.000,     0.000,     0.000,     0.000,     0.000,        35.000,         8.267,     0.066,     0.000,     0.005,     0.030,         1.000,         1.000,         1.000,         1.000,         1.000,         1.000,         1.000,         1.000,         1.000,         0.000,         0.000,         0.000,
     2.900,    27.146,     2.000,    19.995,    -0.005,     0.002,     0.000,     0.450,     1.600,   419.330,     1.000,    21.054,     0.000,     0.000,     0.000,     0.000,     0.000,     0.000,     0.000,        35.000,         8.263,     0.066,     0.000,     0.005,     0.030,         1.000,         1.000,         1.000,         1.000,         1.000,         1.000,         1.000,         1.000,         1.000,         0.000,         0.000,         0.000,
     2.904,    27.934,     2.000,    19.995,    -0.005,     0.016,     0.000,     0.450,     1.600,   419.330,     1.000,    21.055,     0.000,     0.000,     0.000,     0.000,     0.000,     0.000,     0.000,        35.000,         8.259,     0.067,     0.000,     0.005,     0.030,         1.000,         1.000,         1.000,         1.000,         1.000,         1.000,         1.000,         1.000,         1.000,         0.000,         0.000,         0.000,
     2.908,    33.432,     2.000,    19.995,    -0.005,    -0.000,     0.000,     0.450,     1.600,   419.330,     1.000,    21.056,     0.000,     0.000,     0.000,     0.000,     0.000,     0.000,     0.000,        35.000,         8.256,     0.067,     0.000,     0.005,     0.030,         1.000,         1.000,         1.000,         1.000,         1.000,         1.000,         1.000,         1.000,         1.000,         0.000,         0.000,         0.000,
     2.913,    28.041,     2.000,    19.995,    -0.005,    -0.009,     0.000,     0.450,     1.600,   419.330,     1.000,    21.057,     0.000,     0.000,     0.000,     0.000,     0.000,     0.000,     0.000,        35.000,         8.252,     0.067,     0.000,     0.005,     0.030,         1.000,         1.000,         1.000,         1.000,         1.000,         1.000,         1.000,         1.000,         1.000,         0.000,         0.000,         0.000,
     2.917,    29.594,     2.000,    19.995,    -0.005,     0.009,     0.000,     0.450,     1.600,   419.330,     1.000,    21.058,     0.000,     0.000,     0.000,     0.000,     0.000,     0.000,     0.000,        35.000,         8.249,     0.067,     0.000,     0.005,     0.030,         1.000,         1.000,         1.000,         1.000,         1.000,         1.000,         1.000,         1.000,         1.000,         0.000,         0.000,         0.000,
     2.921,    30.649,     2.000,    19.995,    -0.005,     0.006,     0.000,     0.450,     1.600,   419.330,     1.000,    21.059,     0.000,     0.000,     0.000,     0.000,     0.000,     0.000,     0.000,        35.000,         8.246,     0.067,     0.000,     0.005,     0.030,         1.000,         1.000,         1.000,         1.000,         1.000,         1.000,         1.000,         1.000,         1.000,         0.000,         0.000,         0.000,
     2.925,    33.433,     2.000,    19.996,    -0.005,    -0.009,     0.000,     0.450,     1.600,   419.330,     1.000,    21.060,     0.000,     0.000,     0.000,     0.000,     0.000,     0.000,     0.000,        35.000,         8.242,     0.067,     0.000,     0.005,     0.030,         1.000,         1.000,         1.000,         1.000,         1.000,         1.000,         1.000,         1.000,         1.000,         0.000,         0.000,         0.000,
     2.929,    31.336,     2.000,    19.996,    -0.005,    -0.008,     0.000,     0.450,     1.600,   419.330,     1.000,    21.060,     0.000,     0.000,     0.000,     0.000,     0.000,     0.000,     0.000,        35.000,         8.239,     0.067,     0.000,     0.005,     0.030,         1.000,         1.000,         1.000,         1.000,         1.000,         1.000,         1.000,         1.000,         1.000,         0.000,         0.000,         0.000,
     2.933,    31.725,     2.000,    19.996,    -0.005,     0.002,     0.000,     0.450,     1.600,   419.330,     1.000,    21.061,     0.000,     0.000,     0.000,     0.000,     0.000,     0.000,     0.000,        35.000,         8.235,     0.068,     0.000,     0.005,     0.030,         1.000,         1.000,         1.000,         1.000,         1.000,         1.000,         1.000,         1.000,         1.000,         0.000,         0.000,         0.000,
     2.938,     8.489,     2.000,    19.997,    -0.005,     0.000,     0.000,     0.450,     1.600,   419.330,     1.000,    21.062,     0.000,     0.000,     0.000,     0.000,     0.000,     0.000,     0.000,        35.000,         8.232,     0.068,     0.000,     0.005,     0.030,         1.000,         1.000,         1.000,         1.000,         1.000,         1.000,         1.000,         1.000,         1.000,         0.000,         0.000,         0.000,
     2.942,    31.993,     2.000,    19.997,    -0.005,    -0.001,     0.000,     0.450,     1.600,   419.330,     1.000,    21.063,     0.000,     0.000,     0.000,     0.000,     0.000,     0.000,     0.000,        35.000,         8.228,     0.068,     0.000,     0.005,     0.031,         1.000,         1.000,         1.000,         1.000,         1.000,         1.000,         1.000,         1.000,         1.000,         0.000,         0.000,         0.000,
     2.946,    39.570,     2.000,    19.998,    -0.006,     0.001,     0.000,     0.450,     1.600,   419.330,     1.000,    21.064,     0.000,     0.000,     0.000,     0.000,     0.000,     0.000,     0.000,        35.000,         8.225,     0.068,     0.000,     0.005,     0.031,         1.000,         1.000,         1.000,         1.000,         1.000,         1.000,         1.000,         1.000,         1.000,         0.000,         0.000,         0.000,
     2.950,    27.927,     2.000,    19.998,    -0.006,     0.002,     0.000,     0.450,     1.600,   419.330,     1.000,    21.065,     0.000,     0.000,     0.000,     0.000,     0.000,     0.000,     0.000,        35.000,         8.221,     0.068,     0.000,     0.005,     0.031,         1.000,         1.000,         1.000,         1.000,         1.000,         1.000,         1.000,         1.000,         1.000,         0.000,         0.000,         0.000,
     2.954,    28.695,     2.000,    19.999,    -0.006,    -0.012,     0.000,     0.450,     1.600,   419.330,     1.000,    21.065,     0.000,     0.000,     0.000,     0.000,     0.000,     0.000,     0.000,        35.000,         8.218,     0.068,     0.000,     0.005,     0.031,         1.000,         1.000,         1.000,         1.000,         1.000,         1.000,         1.000,         1.000,         1.000,         0.000,         0.000,         0.000,
     2.959,    29.652,     2.000,    19.999,    -0.006,    -0.006,     0.000,     0.450,     1.600,   419.330,     1.000,    21.067,     0.000,     0.000,     0.000,     0.000,     0.000,     0.000,     0.000,        35.000,         8.214,     0.068,     0.000,     0.005,     0.031,         1.000,         1.000,         1.000,         1.000,         1.000,         1.000,         1.000,         1.000,         1.000,         0.000,         0.000,         0.000,
     2.963,    30.111,     2.000,    20.000,    -0.005,    -0.005,     0.000,     0.450,     1.600,   419.330,     1.000,    21.068,     0.000,     0.000,     0.000,     0.000,     0.000,     0.000,     0.000,        35.000,         8.211,     0.068,     0.000,     0.005,     0.031,         1.000,         1.000,         1.000,         1.000,         1.000,         1.000,         1.000,         1.000,         1.000,         0.000,         0.000,         0.000,
     2.967,    31.282,     2.000,    20.000,    -0.005,     0.004,     0.000,     0.450,     1.600,   419.330,     1.000,    21.069,     0.000,     0.000,     0.000,     0.000,     0.000,     0.000,     0.000,        35.000,         8.207,     0.069,     0.000,     0.005,     0.031,         1.000,         1.000,         1.000,         1.000,         1.000,         1.000,         1.000,         1.000,         1.000,         0.000,         0.000,         0.000,
     2.971,    26.922,     2.000,    20.000,    -0.005,     0.003,     0.000,     0.450,     1.600,   419.330,     1.000,    21.070,     0.000,     0.000,     0.000,     0.000,     0.000,     0.000,     0.000,        35.000,         8.204,     0.069,     0.000,     0.006,     0.031,         1.000,         1.000,         1.000,         1.000,         1.000,         1.000,         1.000,         1.000,         1.000,         0.000,         0.000,         0.000,
     2.975,    36.813,     2.000,    20.000,    -0.005,     0.000,     0.000,     0.450,     1.600,   419.330,     1.000,    21.070,     0.000,     0.000,     0.000,     0.000,     0.000,     0.000,     0.000,        35.000,         8.201,     0.069,     0.000,     0.006,     0.031,         1.000,         1.000,         1.000,         1.000,         1.000,         1.000,         1.000,         1.000,         1.000,         0.000,         0.000,         0.000,
     2.979,    29.038,     2.000,    20.000,    -0.005,     0.002,     0.000,     0.450,     1.600,   419.330,     1.000,    21.071,     0.000,     0.000,     0.000,     0.000,     0.000,     0.000,     0.000,        35.000,         8.197,     0.069,     0.000,     0.006,     0.031,         1.000,         1.000,         1.000,         1.000,         1.000,         1.000,         1.000,         1.000,         1.000,         0.000,         0.000,         0.000,
     2.984,    27.801,     2.000,    20.001,    -0.005,     0.010,     0.000,     0.450,     1.600,   419.330,     1.000,    21.072,     0.000,     0.000,     0.000,     0.000,     0.000,     0.000,     0.000,        35.000,         8.194,     0.069,     0.000,     0.006,     0.031,         1.000,         1.000,         1.000,         1.000,         1.000,         1.000,         1.000,         1.000,         1.000,         0.000,         0.000,         0.000,
     2.988,    30.000,     2.000,    20.001,    -0.006,     0.005,     0.000,     0.450,     1.600,   419.330,     1.000,    21.073,     0.000,     0.000,     0.000,     0.000,     0.000,     0.000,     0.000,        35.000,         8.190,     0.069,     0.000,     0.006,     0.031,         1.000,         1.000,         1.000,         1.000,         1.000,         1.000,         1.000,         1.000,         1.000,         0.000,         0.000,         0.000,
     2.992,    26.802,     2.000,    20.001,    -0.006,     0.005,     0.000,     0.450,     1.600,   419.330,     1.000,    21.074,     0.000,     0.000,     0.000,     0.000,     0.000,     0.000,     0.000,        35.000,         8.187,     0.069,     0.000,     0.006,     0.031,         1.000,         1.000,         1.000,         1.000,         1.000,         1.000,         1.000,         1.000,         1.000,         0.000,         0.000,         0.000,
     2.996,    29.273,     2.000,    20.001,    -0.006,    -0.004,     0.000,     0.450,     1.600,   419.330,     1.000,    21.075,     0.000,     0.000,     0.000,     0.000,     0.000,     0.000,     0.000,        35.000,         8.183,     0.070,     0.000,     0.006,     0.031,         1.000,         1.000,         1.000,         1.000,         1.000,         1.000,         1.000,         1.000,         1.000,         0.000,         0.000,         0.000,
     3.000,    26.400,     2.000,    20.001,    -0.006,    -0.006,     0.000,     0.450,     1.600,   419.330,     1.000,    21.076,     0.000,     0.000,     0.000,     0.000,     0.000,     0.000,     0.000,        35.000,         8.180,     0.070,     0.000,     0.006,     0.031,         1.000,         1.000,         1.000,         1.000,         1.000,         1.000,         1.000,         1.000,         1.000,         0.000,         0.000,         0.000,
     3.004,    28.880,     2.000,    20.002,    -0.006,    -0.000,     0.000,     0.450,     1.600,   419.330,     1.000,    21.077,     0.000,     0.000,     0.000,     0.000,     0.000,     0.000,     0.000,        35.000,         8.176,     0.070,     0.000,     0.006,     0.031,         1.000,         1.000,         1.000,         1.000,         1.000,         1.000,         1.000,         1.000,         1.000,         0.000,         0.000,         0.000,
     3.009,    37.668,     2.000,    20.002,    -0.006,     0.002,     0.000,     0.450,     1.600,   419.330,     1.000,    21.078,     0.000,     0.000,     0.000,     0.000,     0.000,     0.000,     0.000,        35.000,         8.173,     0.070,     0.000,     0.006,     0.031,         1.000,         1.000,         1.000,         1.000,         1.000,         1.000,         1.000,         1.000,         1.000,         0.000,         0.000,         0.000,
     3.013,    26.791,     2.000,    20.002,    -0.006,    -0.009,     0.000,     0.450,     1.600,   419.330,     1.000,    21.079,     0.000,     0.000,     0.000,     0.000,     0.000,     0.000,     0.000,        35.000,         8.170,     0.070,     0.000,     0.006,     0.032,         1.000,         1.000,         1.000,         1.000,         1.000,         1.000,         1.000,         1.000,         1.000,         0.000,         0.000,         0.000,
     3.017,    24.984,     2.000,    20.003,    -0.006,    -0.006,     0.000,     0.450,     1.600,   419.330,     1.000,    21.079,     0.000,     0.000,     0.000,     0.000,     0.000,     0.000,     0.000,        35.000,         8.166,     0.070,     0.000,     0.006,     0.032,         1.000,         1.000,         1.000,         1.000,         1.000,         1.000,         1.000,         1.000,         1.000,         0.000,         0.000,         0.000,
     3.021,    36.694,     2.000,    20.003,    -0.006,     0.002,     0.000,     0.450,     1.600,   419.330,     1.000,    21.080,     0.000,     0.000,     0.000,     0.000,     0.000,     0.000,     0.000,        35.000,         8.163,     0.070,     0.000,     0.006,     0.032,         1.000,         1.000,         1.000,         1.000,         1.000,         1.000,         1.000,         1.000,         1.000,         0.000,         0.000,         0.000,
     3.025,    27.864,     2.000,    20.003,    -0.006,    -0.009,     0.000,     0.450,     1.600,   419.330,     1.000,    21.081,     0.000,     0.000,     0.000,     0.000,     0.000,     0.000,     0.000,        35.000,         8.159,     0.070,     0.000,     0.006,     0.032,         1.000,         1.000,         1.000,         1.000,         1.000,         1.000,         1.000,         1.000,         1.000,         0.000,         0.000,         0.000,
     3.029,    25.807,     2.000,    20.003,    -0.006,    -0.004,     0.000,     0.450,     1.600,   419.330,     1.000,    21.082,     0.000,     0.000,     0.000,     0.000,     0.000,     0.000,     0.000,        35.000,         8.156,     0.071,     0.000,     0.006,     0.032,         1.000,         1.000,         1.000,         1.000,         1.000,         1.000,         1.000,         1.000,         1.000,         0.000,         0.000,         0.000,
     3.034,    37.842,     2.000,    20.004,    -0.006,     0.001,     0.000,     0.450,     1.600,   419.330,     1.000,    21.083,     0.000,     0.000,     0.000,     0.000,     0.000,     0.000,     0.000,        35.000,         8.152,     0.071,     0.000,     0.006,     0.032,         1.000,         1.000,         1.000,         1.000,         1.000,         1.000,         1.000,         1.000,         1.000,         0.000,         0.000,         0.000,
     3.038,    29.853,     2.000,    20.004,    -0.006,     0.000,     0.000,     0.450,     1.600,   419.330,     1.000,    21.084,     0.000,     0.000,     0.000,     0.000,     0.000,     0.000,     0.000,        35.000,         8.149,     0.071,     0.000,     0.006,     0.032,         1.000,         1.000,         1.000,         1.000,         1.000,         1.000,         1.000,         1.000,         1.000,         0.000,         0.000,         0.000,
     3.042,    26.143,     2.000,    20.004,    -0.006,     0.001,     0.000,     0.450,     1.600,   419.330,     1.000,    21.085,     0.000,     0.000,     0.000,     0.000,     0.000,     0.000,     0.000,        35.000,         8.146,     0.071,     0.000,     0.006,     0.032,         1.000,         1.000,         1.000,         1.000,         1.000,         1.000,         1.000,         1.000,         1.000,         0.000,         0.000,         0.000,
     3.046,    28.856,     2.000,    20.004,    -0.006,     0.009,     0.000,     0.450,     1.600,   419.330,     1.000,    21.086,     0.000,     0.000,     0.000,     0.000,     0.000,     0.000,     0.000,        35.000,         8.142,     0.071,     0.000,     0.006,     0.032,         1.000,         1.000,         1.000,         1.000,         1.000,         1.000,         1.000,         1.000,         1.000,         0.000,         0.000,         0.000,
     3.050,    11.895,     2.000,    20.004,    -0.006,     0.002,     0.000,     0.450,     1.600,   419.330,     1.000,    21.086,     0.000,     0.000,     0.000,     0.000,     0.000,     0.000,     0.000,        35.000,         8.139,     0.071,     0.000,     0.006,     0.032,         1.000,         1.000,         1.000,         1.000,         1.000,         1.000,         1.000,         1.000,         1.000,         0.000,         0.000,         0.000,
     3.054,    24.624,     2.000,    20.004,    -0.006,    -0.015,     0.000,     0.450,     1.600,   419.330,     1.000,    21.087,     0.000,     0.000,     0.000,     0.000,     0.000,     0.000,     0.000,        35.000,         8.135,     0.071,     0.000,     0.006,     0.032,         1.000,         1.000,         1.000,         1.000,         1.000,         1.000,         1.000,         1.000,         1.000,         0.000,         0.000,         0.000,
     3.059,    29.329,     2.000,    20.004,    -0.006,    -0.004,     0.000,     0.450,     1.600,   419.330,     1.000,    21.088,     0.000,     0.000,     0.000,     0.000,     0.000,     0.000,     0.000,        35.000,         8.132,     0.072,     0.000,     0.006,     0.032,         1.000,         1.000,         1.000,         1.000,         1.000,         1.000,         1.000,         1.000,         1.000,         0.000,         0.000,         0.000,
     3.063,    27.733,     2.000,    20.005,    -0.006,    -0.007,     0.000,     0.450,     1.600,   419.330,     1.000,    21.088,     0.000,     0.000,     0.000,     0.000,     0.000,     0.000,     0.000,        35.000,         8.128,     0.072,     0.000,     0.006,     0.032,         1.000,         1.000,         1.000,         1.000,         1.000,         1.000,         1.000,         1.000,         1.000,         0.000,         0.000,         0.000,
     3.067,    24.610,     2.000,    20.005,    -0.006,     0.004,     0.000,     0.450,     1.600,   419.330,     1.000,    21.089,     0.000,     0.000,     0.000,     0.000,     0.000,     0.000,     0.000,        35.000,         8.125,     0.072,     0.000,     0.006,     0.032,         1.000,         1.000,         1.000,         1.000,         1.000,         1.000,         1.000,         1.000,         1.000,         0.000,         0.000,         0.000,
     3.071,    12.130,     2.000,    20.006,    -0.006,    -0.004,     0.000,     0.450,     1.600,   419.330,     1.000,    21.090,     0.000,     0.000,     0.000,     0.000,     0.000,     0.000,     0.000,        35.000,         8.122,     0.072,     0.000,     0.006,     0.032,         1.000,         1.000,         1.000,         1.000,         1.000,         1.000,         1.000,         1.000,         1.000,         0.000,         0.000,         0.000,
     3.075,    27.557,     2.000,    20.007,    -0.006,    -0.001,     0.000,     0.450,     1.600,   419.330,     1.000,    21.091,     0.000,     0.000,     0.000,     0.000,     0.000,     0.000,     0.000,        35.000,         8.118,     0.072,     0.000,     0.006,     0.032,         1.000,         1.000,         1.000,         1.000,         1.000,         1.000,         1.000,         1.000,         1.000,         0.000,         0.000,         0.000,
     3.079,    28.037,     2.000,    20.007,    -0.006,     0.004,     0.000,     0.450,     1.600,   419.330,     1.000,    21.092,     0.000,     0.000,     0.000,     0.000,     0.000,     0.000,     0.000,        35.000,         8.115,     0.072,     0.000,     0.006,     0.032,         1.000,         1.000,         1.000,         1.000,         1.000,         1.000,         1.000,         1.000,         1.000,         0.000,         0.000,         0.000,
     3.084,    31.790,     2.000,    20.007,    -0.006,     0.004,     0.000,     0.450,     1.600,   419.330,     1.000,    21.093,     0.000,     0.000,     0.000,     0.000,     0.000,     0.000,     0.000,        35.000,         8.111,     0.072,     0.000,     0.006,     0.033,         1.000,         1.000,         1.000,         1.000,         1.000,         1.000,         1.000,         1.000,         1.000,         0.000,         0.000,         0.000,
     3.088,    28.504,     2.000,    20.007,    -0.006,    -0.009,     0.000,     0.450,     1.600,   419.330,     1.000,    21.093,     0.000,     0.000,     0.000,     0.000,     0.000,     0.000,     0.000,        35.000,         8.108,     0.072,     0.000,     0.006,     0.033,         1.000,         1.000,         1.000,         1.000,         1.000,         1.000,         1.000,         1.000,         1.000,         0.000,         0.000,         0.000,
     3.092,    26.317,     2.000,    20.007,    -0.006,     0.001,     0.000,     0.450,     1.600,   419.330,     1.000,    21.094,     0.000,     0.000,     0.000,     0.000,     0.000,     0.000,     0.000,        35.000,         8.104,     0.073,     0.000,     0.006,     0.033,         1.000,         1.000,         1.000,         1.000,         1.000,         1.000,         1.000,         1.000,         1.000,         0.000,         0.000,         0.000,
     3.096,    28.495,     2.000,    20.007,    -0.006,    -0.003,     0.000,     0.450,     1.600,   419.330,     1.000,    21.095,     0.000,     0.000,     0.000,     0.000,     0.000,     0.000,     0.000,        35.000,         8.101,     0.073,     0.000,     0.006,     0.033,         1.000,         1.000,         1.000,         1.000,         1.000,         1.000,         1.000,         1.000,         1.000,         0.000,         0.000,         0.000,
     3.100,    28.912,     2.000,    20.008,    -0.006,     0.001,     0.000,     0.450,     1.600,   419.330,     1.000,    21.096,     0.000,     0.000,     0.000,     0.000,     0.000,     0.000,     0.000,        35.000,         8.098,     0.073,     0.000,     0.006,     0.033,         1.000,         1.000,         1.000,         1.000,         1.000,         1.000,         1.000,         1.000,         1.000,         0.000,         0.000,         0.000,
     3.104,    28.295,     2.000,    20.008,    -0.006,    -0.004,     0.000,     0.450,     1.600,   419.330,     1.000,    21.097,     0.000,     0.000,     0.000,     0.000,     0.000,     0.000,     0.000,        35.000,         8.094,     0.073,     0.000,     0.006,     0.033,         1.000,         1.000,         1.000,         1.000,         1.000,         1.000,         1.000,         1.000,         1.000,         0.000,         0.000,         0.000,
     3.109,    25.452,     2.000,    20.008,    -0.006,     0.004,     0.000,     0.450,     1.600,   419.330,     1.000,    21.098,     0.000,     0.000,     0.000,     0.000,     0.000,     0.000,     0.000,        35.000,         8.091,     0.073,     0.000,     0.006,     0.033,         1.000,         1.000,         1.000,         1.000,         1.000,         1.000,         1.000,         1.000,         1.000,         0.000,         0.000,         0.000,
     3.113,    28.801,     2.000,    20.008,    -0.006,     0.001,     0.000,     0.450,     1.600,   419.330,     1.000,    21.099,     0.000,     0.000,     0.000,     0.000,     0.000,     0.000,     0.000,        35.000,         8.087,     0.073,     0.000,     0.006,     0.033,         1.000,         1.000,         1.000,         1.000,         1.000,         1.000,         1.000,         1.000,         1.000,         0.000,         0.000,         0.000,
     3.117,    29.388,     2.000,    20.008,    -0.006,    -0.011,     0.000,     0.450,     1.600,   419.330,     1.000,    21.100,     0.000,     0.000,     0.000,     0.000,     0.000,     0.000,     0.000,        35.000,         8.084,     0.073,     0.000,     0.006,     0.033,         1.000,         1.000,         1.000,         1.000,         1.000,         1.000,         1.000,         1.000,         1.000,         0.000,         0.000,         0.000,
     3.121,    36.124,     2.000,    20.008,    -0.006,    -0.011,     0.000,     0.450,     1.600,   419.330,     1.000,    21.101,     0.000,     0.000,     0.000,     0.000,     0.000,     0.000,     0.000,        35.000,         8.080,     0.073,     0.000,     0.006,     0.033,         1.000,         1.000,         1.000,         1.000,         1.000,         1.000,         1.000,         1.000,         1.000,         0.000,         0.000,         0.000,
     3.126,    29.684,     2.000,    20.009,    -0.006,     0.006,     0.000,     0.450,     1.600,   419.330,     1.000,    21.102,     0.000,     0.000,     0.000,     0.000,     0.000,     0.000,     0.000,        35.000,         8.077,     0.074,     0.000,     0.006,     0.033,         1.000,         1.000,         1.000,         1.000,         1.000,         1.000,         1.000,         1.000,         1.000,         0.000,         0.000,         0.000,
     3.130,    26.548,     2.000,    20.009,    -0.006,     0.010,     0.000,     0.450,     1.600,   419.330,     1.000,    21.103,     0.000,     0.000,     0.000,     0.000,     0.000,     0.000,     0.000,        35.000,         8.074,     0.074,     0.000,     0.006,     0.033,         1.000,         1.000,         1.000,         1.000,         1.000,         1.000,         1.000,         1.000,         1.000,         0.000,         0.000,         0.000,
     3.134,    27.904,     2.000,    20.009,    -0.006,    -0.005,     0.000,     0.450,     1.600,   419.330,     1.000,    21.104,     0.000,     0.000,     0.000,     0.000,     0.000,     0.000,     0.000,        35.000,         8.070,     0.074,     0.000,     0.006,     0.033,         1.000,         1.000,         1.000,         1.000,         1.000,         1.000,         1.000,         1.000,         1.000,         0.000,         0.000,         0.000,
     3.138,    28.674,     2.000,    20.009,    -0.006,    -0.007,     0.000,     0.450,     1.600,   419.330,     1.000,    21.105,     0.000,     0.000,     0.000,     0.000,     0.000,     0.000,     0.000,        35.000,         8.067,     0.074,     0.000,     0.006,     0.033,         1.000,         1.000,         1.000,         1.000,         1.000,         1.000,         1.000,         1.000,         1.000,         0.000,         0.000,         0.000,
     3.142,    27.631,     2.000,    20.009,    -0.006,     0.003,     0.000,     0.450,     1.600,   419.330,     1.000,    21.106,     0.000,     0.000,     0.000,     0.000,     0.000,     0.000,     0.000,        35.000,         8.063,     0.074,     0.000,     0.006,     0.033,         1.000,         1.000,         1.000,         1.000,         1.000,         1.000,         1.000,         1.000,         1.000,         0.000,         0.000,         0.000,
     3.146,    27.801,     2.000,    20.010,    -0.006,     0.019,     0.000,     0.450,     1.600,   419.330,     1.000,    21.107,     0.000,     0.000,     0.000,     0.000,     0.000,     0.000,     0.000,        35.000,         8.060,     0.074,     0.000,     0.006,     0.033,         1.000,         1.000,         1.000,         1.000,         1.000,         1.000,         1.000,         1.000,         1.000,         0.000,         0.000,         0.000,
     3.151,    29.264,     2.000,    20.010,    -0.006,     0.006,     0.000,     0.450,     1.600,   419.330,     1.000,    21.107,     0.000,     0.000,     0.000,     0.000,     0.000,     0.000,     0.000,        35.000,         8.057,     0.074,     0.000,     0.006,     0.033,         1.000,         1.000,         1.000,         1.000,         1.000,         1.000,         1.000,         1.000,         1.000,         0.000,         0.000,         0.000,
     3.155,    29.015,     2.000,    20.010,    -0.006,    -0.009,     0.000,     0.450,     1.600,   419.330,     1.000,    21.108,     0.000,     0.000,     0.000,     0.000,     0.000,     0.000,     0.000,        35.000,         8.053,     0.075,     0.000,     0.006,     0.034,         1.000,         1.000,         1.000,         1.000,         1.000,         1.000,         1.000,         1.000,         1.000,         0.000,         0.000,         0.000,
     3.159,    28.038,     2.000,    20.010,    -0.006,    -0.015,     0.000,     0.450,     1.600,   419.330,     1.000,    21.109,     0.000,     0.000,     0.000,     0.000,     0.000,     0.000,     0.000,        35.000,         8.050,     0.075,     0.000,     0.006,     0.034,         1.000,         1.000,         1.000,         1.000,         1.000,         1.000,         1.000,         1.000,         1.000,         0.000,         0.000,         0.000,
     3.163,    25.875,     2.000,    20.010,    -0.006,     0.002,     0.000,     0.450,     1.600,   419.330,     1.000,    21.110,     0.000,     0.000,     0.000,     0.000,     0.000,     0.000,     0.000,        35.000,         8.046,     0.075,     0.000,     0.006,     0.034,         1.000,         1.000,         1.000,         1.000,         1.000,         1.000,         1.000,         1.000,         1.000,         0.000,         0.000,         0.000,
     3.167,    15.816,     2.000,    20.010,    -0.006,     0.011,     0.000,     0.450,     1.600,   419.330,     1.000,    21.110,     0.000,     0.000,     0.000,     0.000,     0.000,     0.000,     0.000,        35.000,         8.043,     0.075,     0.000,     0.006,     0.034,         1.000,         1.000,         1.000,         1.000,         1.000,         1.000,         1.000,         1.000,         1.000,         0.000,         0.000,         0.000,
     3.171,    26.904,     2.000,    20.010,    -0.006,    -0.016,     0.000,     0.450,     1.600,   419.330,     1.000,    21.111,     0.000,     0.000,     0.000,     0.000,     0.000,     0.000,     0.000,        35.000,         8.040,     0.075,     0.000,     0.006,     0.034,         1.000,         1.000,         1.000,         1.000,         1.000,         1.000,         1.000,         1.000,         1.000,         0.000,         0.000,         0.000,
     3.176,    43.083,     2.000,    20.010,    -0.006,    -0.026,     0.000,     0.450,     1.600,   419.330,     1.000,    21.112,     0.000,     0.000,     0.000,     0.000,     0.000,     0.000,     0.000,        35.000,         8.036,     0.075,     0.000,     0.006,     0.034,         1.000,         1.000,         1.000,         1.000,         1.000,         1.000,         1.000,         1.000,         1.000,         0.000,         0.000,         0.000,
     3.180,    28.203,     2.000,    20.011,    -0.006,    -0.005,     0.000,     0.450,     1.600,   419.330,     1.000,    21.113,     0.000,     0.000,     0.000,     0.000,     0.000,     0.000,     0.000,        35.000,         8.033,     0.075,     0.000,     0.006,     0.034,         1.000,         1.000,         1.000,         1.000,         1.000,         1.000,         1.000,         1.000,         1.000,         0.000,         0.000,         0.000,
     3.184,    24.123,     2.000,    20.011,    -0.006,    -0.005,     0.000,     0.450,     1.600,   419.330,     1.000,    21.113,     0.000,     0.000,     0.000,     0.000,     0.000,     0.000,     0.000,        35.000,         8.030,     0.075,     0.000,     0.006,     0.034,         1.000,         1.000,         1.000,         1.000,         1.000,         1.000,         1.000,         1.000,         1.000,         0.000,         0.000,         0.000,
     3.188,    14.001,     2.000,    20.011,    -0.006,    -0.009,     0.000,     0.450,     1.600,   419.330,     1.000,    21.114,     0.000,     0.000,     0.000,     0.000,     0.000,     0.000,     0.000,        35.000,         8.026,     0.076,     0.000,     0.006,     0.034,         1.000,         1.000,         1.000,         1.000,         1.000,         1.000,         1.000,         1.000,         1.000,         0.000,         0.000,         0.000,
     3.192,    28.010,     2.000,    20.012,    -0.006,     0.019,     0.000,     0.450,     1.600,   419.330,     1.000,    21.115,     0.000,     0.000,     0.000,     0.000,     0.000,     0.000,     0.000,        35.000,         8.023,     0.076,     0.000,     0.006,     0.034,         1.000,         1.000,         1.000,         1.000,         1.000,         1.000,         1.000,         1.000,         1.000,         0.000,         0.000,         0.000,
     3.196,    33.173,     2.000,    20.012,    -0.006,     0.015,     0.000,     0.450,     1.600,   419.330,     1.000,    21.116,     0.000,     0.000,     0.000,     0.000,     0.000,     0.000,     0.000,        35.000,         8.019,     0.076,     0.000,     0.006,     0.034,         1.000,         1.000,         1.000,         1.000,         1.000,         1.000,         1.000,         1.000,         1.000,         0.000,         0.000,         0.000,
     3.200,     9.813,     2.000,    20.012,    -0.006,     0.005,     0.000,     0.450,     1.600,   419.330,     1.000,    21.117,     0.000,     0.000,     0.000,     0.000,     0.000,     0.000,     0.000,        35.000,         8.016,     0.076,     0.000,     0.006,     0.034,         1.000,         1.000,         1.000,         1.000,         1.000,         1.000,         1.000,         1.000,         1.000,         0.000,         0.000,         0.000,
     3.205,    14.725,     2.000,    20.012,    -0.006,    -0.001,     0.000,     0.450,     1.600,   419.330,     1.000,    21.117,     0.000,     0.000,     0.000,     0.000,     0.000,     0.000,     0.000,        35.000,         8.013,     0.076,     0.000,     0.006,     0.034,         1.000,         1.000,         1.000,         1.000,         1.000,         1.000,         1.000,         1.000,         1.000,         0.000,         0.000,         0.000,
     3.209,    24.945,     2.000,    20.012,    -0.006,    -0.003,     0.000,     0.450,     1.600,   419.330,     1.000,    21.118,     0.000,     0.000,     0.000,     0.000,     0.000,     0.000,     0.000,        35.000,         8.009,     0.076,     0.000,     0.006,     0.034,         1.000,         1.000,         1.000,         1.000,         1.000,         1.000,         1.000,         1.000,         1.000,         0.000,         0.000,         0.000,
     3.213,    37.473,     2.000,    20.012,    -0.006,     0.006,     0.000,     0.450,     1.600,   419.330,     1.000,    21.119,     0.000,     0.000,     0.000,     0.000,     0.000,     0.000,     0.000,        35.000,         8.006,     0.076,     0.000,     0.006,     0.034,         1.000,         1.000,         1.000,         1.000,         1.000,         1.000,         1.000,         1.000,         1.000,         0.000,         0.000,         0.000,
     3.217,    29.004,     2.000,    20.012,    -0.006,     0.000,     0.000,     0.450,     1.600,   419.330,     1.000,    21.119,     0.000,     0.000,     0.000,     0.000,     0.000,     0.000,     0.000,        35.000,         8.003,     0.076,     0.000,     0.006,     0.034,         1.000,         1.000,         1.000,         1.000,         1.000,         1.000,         1.000,         1.000,         1.000,         0.000,         0.000,         0.000,
     3.221,    25.477,     2.000,    20.013,    -0.006,    -0.019,     0.000,     0.450,     1.600,   419.330,     1.000,    21.120,     0.000,     0.000,     0.000,     0.000,     0.000,     0.000,     0.000,        35.000,         7.999,     0.077,     0.000,     0.006,     0.034,         1.000,         1.000,         1.000,         1.000,         1.000,         1.000,         1.000,         1.000,         1.000,         0.000,         0.000,         0.000,
     3.225,    24.885,     2.000,    20.013,    -0.006,    -0.021,     0.000,     0.450,     1.600,   419.330,     1.000,    21.121,     0.000,     0.000,     0.000,     0.000,     0.000,     0.000,     0.000,        35.000,         7.996,     0.077,     0.000,     0.006,     0.035,         1.000,         1.000,         1.000,         1.000,         1.000,         1.000,         1.000,         1.000,         1.000,         0.000,         0.000,         0.000,
     3.230,    24.150,     2.000,    20.014,    -0.006,     0.010,     0.000,     0.450,     1.600,   419.330,     1.000,    21.122,     0.000,     0.000,     0.000,     0.000,     0.000,     0.000,     0.000,        35.000,         7.992,     0.077,     0.000,     0.006,     0.035,         1.000,         1.000,         1.000,         1.000,         1.000,         1.000,         1.000,         1.000,         1.000,         0.000,         0.000,         0.000,
     3.234,    23.217,     2.000,    20.014,    -0.006,     0.014,     0.000,     0.450,     1.600,   419.330,     1.000,    21.123,     0.000,     0.000,     0.000,     0.000,     0.000,     0.000,     0.000,        35.000,         7.989,     0.077,     0.000,     0.006,     0.035,         1.000,         1.000,         1.000,         1.000,         1.000,         1.000,         1.000,         1.000,         1.000,         0.000,         0.000,         0.000,
     3.238,    24.847,     2.000,    20.014,    -0.006,    -0.002,     0.000,     0.450,     1.600,   419.330,     1.000,    21.123,     0.000,     0.000,     0.000,     0.000,     0.000,     0.000,     0.000,        35.000,         7.986,     0.077,     0.000,     0.006,     0.035,         1.000,         1.000,         1.000,         1.000,         1.000,         1.000,         1.000,         1.000,         1.000,         0.000,         0.000,         0.000,
     3.242,    44.523,     2.000,    20.014,    -0.006,     0.002,     0.000,     0.450,     1.600,   419.330,     1.000,    21.124,     0.000,     0.000,     0.000,     0.000,     0.000,     0.000,     0.000,        35.000,         7.982,     0.077,     0.000,     0.006,     0.035,         1.000,         1.000,         1.000,         1.000,         1.000,         1.000,         1.000,         1.000,         1.000,         0.000,         0.000,         0.000,
     3.246,    26.722,     2.000,    20.014,    -0.006,     0.010,     0.000,     0.450,     1.600,   419.330,     1.000,    21.125,     0.000,     0.000,     0.000,     0.000,     0.000,     0.000,     0.000,        35.000,         7.979,     0.077,     0.000,     0.006,     0.035,         1.000,         1.000,         1.000,         1.000,         1.000,         1.000,         1.000,         1.000,         1.000,         0.000,         0.000,         0.000,
     3.250,    23.686,     2.000,    20.014,    -0.006,     0.005,     0.000,     0.450,     1.600,   419.330,     1.000,    21.126,     0.000,     0.000,     0.000,     0.000,     0.000,     0.000,     0.000,        35.000,         7.976,     0.078,     0.000,     0.006,     0.035,         1.000,         1.000,         1.000,         1.000,         1.000,         1.000,         1.000,         1.000,         1.000,         0.000,         0.000,         0.000,
     3.255,    24.587,     2.000,    20.013,    -0.006,    -0.003,     0.000,     0.450,     1.600,   419.330,     1.000,    21.127,     0.000,     0.000,     0.000,     0.000,     0.000,     0.000,     0.000,        35.000,         7.972,     0.078,     0.000,     0.006,     0.035,         1.000,         1.000,         1.000,         1.000,         1.000,         1.000,         1.000,         1.000,         1.000,         0.000,         0.000,         0.000,
     3.259,    28.297,     2.000,    20.013,    -0.006,    -0.017,     0.000,     0.450,     1.600,   419.330,     1.000,    21.128,     0.000,     0.000,     0.000,     0.000,     0.000,     0.000,     0.000,        35.000,         7.969,     0.078,     0.000,     0.006,     0.035,         1.000,         1.000,         1.000,         1.000,         1.000,         1.000,         1.000,         1.000,         1.000,         0.000,         0.000,         0.000,
     3.263,    27.619,     2.000,    20.013,    -0.006,    -0.011,     0.000,     0.450,     1.600,   419.330,     1.000,    21.129,     0.000,     0.000,     0.000,     0.000,     0.000,     0.000,     0.000,        35.000,         7.966,     0.078,     0.000,     0.006,     0.035,         1.000,         1.000,         1.000,         1.000,         1.000,         1.000,         1.000,         1.000,         1.000,         0.000,         0.000,         0.000,
     3.267,    23.303,     2.000,    20.014,    -0.006,    -0.005,     0.000,     0.450,     1.600,   419.330,     1.000,    21.130,     0.000,     0.000,     0.000,     0.000,     0.000,     0.000,     0.000,        35.000,         7.962,     0.078,     0.000,     0.006,     0.035,         1.000,         1.000,         1.000,         1.000,         1.000,         1.000,         1.000,         1.000,         1.000,         0.000,         0.000,         0.000,
     3.271,    26.943,     2.000,    20.014,    -0.006,    -0.009,     0.000,     0.450,     1.600,   419.330,     1.000,    21.131,     0.000,     0.000,     0.000,     0.000,     0.000,     0.000,     0.000,        35.000,         7.959,     0.078,     0.000,     0.006,     0.035,         1.000,         1.000,         1.000,         1.000,         1.000,         1.000,         1.000,         1.000,         1.000,         0.000,         0.000,         0.000,
     3.276,    27.725,     2.000,    20.014,    -0.006,     0.001,     0.000,     0.450,     1.600,   419.330,     1.000,    21.132,     0.000,     0.000,     0.000,     0.000,     0.000,     0.000,     0.000,        35.000,         7.956,     0.078,     0.000,     0.006,     0.035,         1.000,         1.000,         1.000,         1.000,         1.000,         1.000,         1.000,         1.000,         1.000,         0.000,         0.000,         0.000,
     3.280,    25.589,     2.000,    20.015,    -0.006,    -0.004,     0.000,     0.450,     1.600,   419.330,     1.000,    21.132,     0.000,     0.000,     0.000,     0.000,     0.000,     0.000,     0.000,        35.000,         7.952,     0.078,     0.000,     0.006,     0.035,         1.000,         1.000,         1.000,         1.000,         1.000,         1.000,         1.000,         1.000,         1.000,         0.000,         0.000,         0.000,
     3.284,    24.415,     2.000,    20.015,    -0.006,     0.002,     0.000,     0.450,     1.600,   419.330,     1.000,    21.133,     0.000,     0.000,     0.000,     0.000,     0.000,     0.000,     0.000,        35.000,         7.949,     0.079,     0.000,     0.006,     0.035,         1.000,         1.000,         1.000,         1.000,         1.000,         1.000,         1.000,         1.000,         1.000,         0.000,         0.000,         0.000,
     3.288,     8.782,     2.000,    20.016,    -0.006,     0.003,     0.000,     0.450,     1.600,   419.330,     1.000,    21.134,     0.000,     0.000,     0.000,     0.000,     0.000,     0.000,     0.000,        35.000,         7.946,     0.079,     0.000,     0.006,     0.035,         1.000,         1.000,         1.000,         1.000,         1.000,         1.000,         1.000,         1.000,         1.000,         0.000,         0.000,         0.000,
     3.292,    30.044,     2.000,    20.016,    -0.006,     0.021,     0.000,     0.450,     1.600,   419.330,     1.000,    21.134,     0.000,     0.000,     0.000,     0.000,     0.000,     0.000,     0.000,        35.000,         7.942,     0.079,     0.000,     0.006,     0.035,         1.000,         1.000,         1.000,         1.000,         1.000,         1.000,         1.000,         1.000,         1.000,         0.000,         0.000,         0.000,
     3.296,    12.823,     2.000,    20.017,    -0.006,     0.016,     0.000,     0.450,     1.600,   419.330,     1.000,    21.135,     0.000,     0.000,     0.000,     0.000,     0.000,     0.000,     0.000,        35.000,         7.939,     0.079,     0.000,     0.006,     0.036,         1.000,         1.000,         1.000,         1.000,         1.000,         1.000,         1.000,         1.000,         1.000,         0.000,         0.000,         0.000,
     3.301,    27.028,     2.000,    20.017,    -0.006,    -0.005,     0.000,     0.450,     1.600,   419.330,     1.000,    21.135,     0.000,     0.000,     0.000,     0.000,     0.000,     0.000,     0.000,        35.000,         7.935,     0.079,     0.000,     0.006,     0.036,         1.000,         1.000,         1.000,         1.000,         1.000,         1.000,         1.000,         1.000,         1.000,         0.000,         0.000,         0.000,
     3.305,    22.595,     2.000,    20.018,    -0.006,    -0.016,     0.000,     0.450,     1.600,   419.330,     1.000,    21.136,     0.000,     0.000,     0.000,     0.000,     0.000,     0.000,     0.000,        35.000,         7.932,     0.079,     0.000,     0.006,     0.036,         1.000,         1.000,         1.000,         1.000,         1.000,         1.000,         1.000,         1.000,         1.000,         0.000,         0.000,         0.000,
     3.309,    25.170,     2.000,    20.018,    -0.006,     0.002,     0.000,     0.450,     1.600,   419.330,     1.000,    21.137,     0.000,     0.000,     0.000,     0.000,     0.000,     0.000,     0.000,        35.000,         7.929,     0.079,     0.000,     0.006,     0.036,         1.000,         1.000,         1.000,         1.000,         1.000,         1.000,         1.000,         1.000,         1.000,         0.000,         0.000,         0.000,
     3.313,    23.684,     2.000,    20.019,    -0.006,    -0.005,     0.000,     0.450,     1.600,   419.330,     1.000,    21.137,     0.000,     0.000,     0.000,     0.000,     0.000,     0.000,     0.000,        35.000,         7.925,     0.079,     0.000,     0.006,     0.036,         1.000,         1.000,         1.000,         1.000,         1.000,         1.000,         1.000,         1.000,         1.000,         0.000,         0.000,         0.000,
     3.317,    26.529,     2.000,    20.019,    -0.006,    -0.005,     0.000,     0.450,     1.600,   419.330,     1.000,    21.138,     0.000,     0.000,     0.000,     0.000,     0.000,     0.000,     0.000,        35.000,         7.922,     0.080,     0.000,     0.006,     0.036,         1.000,         1.000,         1.000,         1.000,         1.000,         1.000,         1.000,         1.000,         1.000,         0.000,         0.000,         0.000,
     3.321,    38.967,     2.000,    20.019,    -0.006,    -0.005,     0.000,     0.450,     1.600,   419.330,     1.000,    21.139,     0.000,     0.000,     0.000,     0.000,     0.000,     0.000,     0.000,        35.000,         7.919,     0.080,     0.000,     0.006,     0.036,         1.000,         1.000,         1.000,         1.000,         1.000,         1.000,         1.000,         1.000,         1.000,         0.000,         0.000,         0.000,
     3.326,    27.333,     2.000,    20.020,    -0.006,    -0.009,     0.000,     0.450,     1.600,   419.330,     1.000,    21.139,     0.000,     0.000,     0.000,     0.000,     0.000,     0.000,     0.000,        35.000,         7.915,     0.080,     0.000,     0.006,     0.036,         1.000,         1.000,         1.000,         1.000,         1.000,         1.000,         1.000,         1.000,         1.000,         0.000,         0.000,         0.000,
     3.330,    27.526,     2.000,    20.020,    -0.006,     0.007,     0.000,     0.450,     1.600,   419.330,     1.000,    21.140,     0.000,     0.000,     0.000,     0.000,     0.000,     0.000,     0.000,        35.000,         7.912,     0.080,     0.000,     0.006,     0.036,         1.000,         1.000,         1.000,         1.000,         1.000,         1.000,         1.000,         1.000,         1.000,         0.000,         0.000,         0.000,
     3.334,    11.009,     2.000,    20.020,    -0.006,     0.016,     0.000,     0.450,     1.600,   419.330,     1.000,    21.140,     0.000,     0.000,     0.000,     0.000,     0.000,     0.000,     0.000,        35.000,         7.909,     0.080,     0.000,     0.006,     0.036,         1.000,         1.000,         1.000,         1.000,         1.000,         1.000,         1.000,         1.000,         1.000,         0.000,         0.000,         0.000,
     3.338,    23.041,     2.000,    20.020,    -0.006,     0.005,     0.000,     0.450,     1.600,   419.330,     1.000,    21.141,     0.000,     0.000,     0.000,     0.000,     0.000,     0.000,     0.000,        35.000,         7.905,     0.080,     0.000,     0.006,     0.036,         1.000,         1.000,         1.000,         1.000,         1.000,         1.000,         1.000,         1.000,         1.000,         0.000,         0.000,         0.000,
     3.342,    32.574,     2.000,    20.021,    -0.006,    -0.035,     0.000,     0.450,     1.600,   419.330,     1.000,    21.142,     0.000,     0.000,     0.000,     0.000,     0.000,     0.000,     0.000,        35.000,         7.902,     0.080,     0.000,     0.006,     0.036,         1.000,         1.000,         1.000,         1.000,         1.000,         1.000,         1.000,         1.000,         1.000,         0.000,         0.000,         0.000,
     3.346,    31.434,     2.000,    20.021,    -0.006,    -0.010,     0.000,     0.450,     1.600,   419.330,     1.000,    21.142,     0.000,     0.000,     0.000,     0.000,     0.000,     0.000,     0.000,        35.000,         7.899,     0.080,     0.000,     0.006,     0.036,         1.000,         1.000,         1.000,         1.000,         1.000,         1.000,         1.000,         1.000,         1.000,         0.000,         0.000,         0.000,
     3.350,    24.968,     2.000,    20.022,    -0.006,    -0.014,     0.000,     0.450,     1.600,   419.330,     1.000,    21.143,     0.000,     0.000,     0.000,     0.000,     0.000,     0.000,     0.000,        35.000,         7.895,     0.081,     0.000,     0.006,     0.036,         1.000,         1.000,         1.000,         1.000,         1.000,         1.000,         1.000,         1.000,         1.000,         0.000,         0.000,         0.000,
     3.355,    22.800,     2.000,    20.022,    -0.006,    -0.005,     0.000,     0.450,     1.600,   419.330,     1.000,    21.143,     0.000,     0.000,     0.000,     0.000,     0.000,     0.000,     0.000,        35.000,         7.892,     0.081,     0.000,     0.006,     0.036,         1.000,         1.000,         1.000,         1.000,         1.000,         1.000,         1.000,         1.000,         1.000,         0.000,         0.000,         0.000,
     3.359,    22.251,     2.000,    20.023,    -0.006,    -0.018,     0.000,     0.450,     1.600,   419.330,     1.000,    21.144,     0.000,     0.000,     0.000,     0.000,     0.000,     0.000,     0.000,        35.000,         7.889,     0.081,     0.000,     0.006,     0.036,         1.000,         1.000,         1.000,         1.000,         1.000,         1.000,         1.000,         1.000,         1.000,         0.000,         0.000,         0.000,
     3.363,    14.286,     2.000,    20.023,    -0.006,    -0.007,     0.000,     0.450,     1.600,   419.330,     1.000,    21.145,     0.000,     0.000,     0.000,     0.000,     0.000,     0.000,     0.000,        35.000,         7.886,     0.081,     0.000,     0.006,     0.036,         1.000,         1.000,         1.000,         1.000,         1.000,         1.000,         1.000,         1.000,         1.000,         0.000,         0.000,         0.000,
     3.367,    24.186,     2.000,    20.024,    -0.006,     0.018,     0.000,     0.450,     1.600,   419.330,     1.000,    21.145,     0.000,     0.000,     0.000,     0.000,     0.000,     0.000,     0.000,        35.000,         7.882,     0.081,     0.000,     0.006,     0.036,         1.000,         1.000,         1.000,         1.000,         1.000,         1.000,         1.000,         1.000,         1.000,         0.000,         0.000,         0.000,
     3.371,    22.851,     2.000,    20.024,    -0.006,     0.012,     0.000,     0.450,     1.600,   419.330,     1.000,    21.146,     0.000,     0.000,     0.000,     0.000,     0.000,     0.000,     0.000,        35.000,         7.879,     0.081,     0.000,     0.006,     0.037,         1.000,         1.000,         1.000,         1.000,         1.000,         1.000,         1.000,         1.000,         1.000,         0.000,         0.000,         0.000,
     3.375,    22.279,     2.000,    20.024,    -0.006,     0.000,     0.000,     0.450,     1.600,   419.330,     1.000,    21.146,     0.000,     0.000,     0.000,     0.000,     0.000,     0.000,     0.000,        35.000,         7.876,     0.081,     0.000,     0.007,     0.037,         1.000,         1.000,         1.000,         1.000,         1.000,         1.000,         1.000,         1.000,         1.000,         0.000,         0.000,         0.000,
     3.380,    29.939,     2.000,    20.025,    -0.006,     0.005,     0.000,     0.450,     1.600,   419.330,     1.000,    21.147,     0.000,     0.000,     0.000,     0.000,     0.000,     0.000,     0.000,        35.000,         7.872,     0.081,     0.000,     0.007,     0.037,         1.000,         1.000,         1.000,         1.000,         1.000,         1.000,         1.000,         1.000,         1.000,         0.000,         0.000,         0.000,
     3.384,    10.423,     2.000,    20.025,    -0.006,    -0.000,     0.000,     0.450,     1.600,   419.330,     1.000,    21.148,     0.000,     0.000,     0.000,     0.000,     0.000,     0.000,     0.000,        35.000,         7.869,     0.082,     0.000,     0.007,     0.037,         1.000,         1.000,         1.000,         1.000,         1.000,         1.000,         1.000,         1.000,         1.000,         0.000,         0.000,         0.000,
     3.388,    22.389,     2.000,    20.026,    -0.006,    -0.003,     0.000,     0.450,     1.600,   419.330,     1.000,    21.148,     0.000,     0.000,     0.000,     0.000,     0.000,     0.000,     0.000,        35.000,         7.866,     0.082,     0.000,     0.007,     0.037,         1.000,         1.000,         1.000,         1.000,         1.000,         1.000,         1.000,         1.000,         1.000,         0.000,         0.000,         0.000,
     3.392,    22.847,     2.000,    20.026,    -0.006,     0.017,     0.000,     0.450,     1.600,   419.330,     1.000,    21.149,     0.000,     0.000,     0.000,     0.000,     0.000,     0.000,     0.000,        35.000,         7.862,     0.082,     0.000,     0.007,     0.037,         1.000,         1.000,         1.000,         1.000,         1.000,         1.000,         1.000,         1.000,         1.000,         0.000,         0.000,         0.000,
     3.396,    27.261,     2.000,    20.027,    -0.006,    -0.033,     0.000,     0.450,     1.600,   419.330,     1.000,    21.149,     0.000,     0.000,     0.000,     0.000,     0.000,     0.000,     0.000,        35.000,         7.859,     0.082,     0.000,     0.007,     0.037,         1.000,         1.000,         1.000,         1.000,         1.000,         1.000,         1.000,         1.000,         1.000,         0.000,         0.000,         0.000,
     3.401,    26.256,     2.000,    20.027,    -0.006,    -0.020,     0.000,     0.450,     1.600,   419.330,     1.000,    21.150,     0.000,     0.000,     0.000,     0.000,     0.000,     0.000,     0.000,        35.000,         7.856,     0.082,     0.000,     0.007,     0.037,         1.000,         1.000,         1.000,         1.000,         1.000,         1.000,         1.000,         1.000,         1.000,         0.000,         0.000,         0.000,
     3.405,    23.375,     2.000,    20.028,    -0.006,    -0.009,     0.000,     0.450,     1.600,   419.330,     1.000,    21.150,     0.000,     0.000,     0.000,     0.000,     0.000,     0.000,     0.000,        35.000,         7.852,     0.082,     0.000,     0.007,     0.037,         1.000,         1.000,         1.000,         1.000,         1.000,         1.000,         1.000,         1.000,         1.000,         0.000,         0.000,         0.000,
     3.409,    22.729,     2.000,    20.028,    -0.006,     0.016,     0.000,     0.450,     1.600,   419.330,     1.000,    21.151,     0.000,     0.000,     0.000,     0.000,     0.000,     0.000,     0.000,        35.000,         7.849,     0.082,     0.000,     0.007,     0.037,         1.000,         1.000,         1.000,         1.000,         1.000,         1.000,         1.000,         1.000,         1.000,         0.000,         0.000,         0.000,
     3.413,    31.564,     2.000,    20.029,    -0.006,     0.005,     0.000,     0.450,     1.600,   419.330,     1.000,    21.152,     0.000,     0.000,     0.000,     0.000,     0.000,     0.000,     0.000,        35.000,         7.846,     0.082,     0.000,     0.007,     0.037,         1.000,         1.000,         1.000,         1.000,         1.000,         1.000,         1.000,         1.000,         1.000,         0.000,         0.000,         0.000,
     3.417,    25.016,     2.000,    20.029,    -0.006,    -0.004,     0.000,     0.450,     1.600,   419.330,     1.000,    21.153,     0.000,     0.000,     0.000,     0.000,     0.000,     0.000,     0.000,        35.000,         7.843,     0.083,     0.000,     0.007,     0.037,         1.000,         1.000,         1.000,         1.000,         1.000,         1.000,         1.000,         1.000,         1.000,         0.000,         0.000,         0.000,
     3.421,    18.670,     2.000,    20.029,    -0.006,     0.013,     0.000,     0.450,     1.600,   419.330,     1.000,    21.153,     0.000,     0.000,     0.000,     0.000,     0.000,     0.000,     0.000,        35.000,         7.839,     0.083,     0.000,     0.007,     0.037,         1.000,         1.000,         1.000,         1.000,         1.000,         1.000,         1.000,         1.000,         1.000,         0.000,         0.000,         0.000,
     3.425,    22.801,     2.000,    20.029,    -0.006,     0.021,     0.000,     0.450,     1.600,   419.330,     1.000,    21.154,     0.000,     0.000,     0.000,     0.000,     0.000,     0.000,     0.000,        35.000,         7.836,     0.083,     0.000,     0.007,     0.037,         1.000,         1.000,         1.000,         1.000,         1.000,         1.000,         1.000,         1.000,         1.000,         0.000,         0.000,         0.000,
     3.430,    30.441,     2.000,    20.029,    -0.006,    -0.022,     0.000,     0.450,     1.600,   419.330,     1.000,    21.154,     0.000,     0.000,     0.000,     0.000,     0.000,     0.000,     0.000,        35.000,         7.833,     0.083,     0.000,     0.007,     0.037,         1.000,         1.000,         1.000,         1.000,         1.000,         1.000,         1.000,         1.000,         1.000,         0.000,         0.000,         0.000,
     3.434,    11.737,     2.000,    20.030,    -0.006,    -0.003,     0.000,     0.450,     1.600,   419.330,     1.000,    21.155,     0.000,     0.000,     0.000,     0.000,     0.000,     0.000,     0.000,        35.000,         7.829,     0.083,     0.000,     0.007,     0.037,         1.000,         1.000,         1.000,         1.000,         1.000,         1.000,         1.000,         1.000,         1.000,         0.000,         0.000,         0.000,
     3.438,    24.893,     2.000,    20.030,    -0.006,     0.001,     0.000,     0.450,     1.600,   419.330,     1.000,    21.155,     0.000,     0.000,     0.000,     0.000,     0.000,     0.000,     0.000,        35.000,         7.826,     0.083,     0.000,     0.007,     0.037,         1.000,         1.000,         1.000,         1.000,         1.000,         1.000,         1.000,         1.000,         1.000,         0.000,         0.000,         0.000,
     3.442,    24.876,     2.000,    20.031,    -0.006,     0.009,     0.000,     0.450,     1.600,   419.330,     1.000,    21.156,     0.000,     0.000,     0.000,     0.000,     0.000,     0.000,     0.000,        35.000,         7.823,     0.083,     0.000,     0.007,     0.038,         1.000,         1.000,         1.000,         1.000,         1.000,         1.000,         1.000,         1.000,         1.000,         0.000,         0.000,         0.000,
     3.446,    28.098,     2.000,    20.031,    -0.006,    -0.022,     0.000,     0.450,     1.600,   419.330,     1.000,    21.157,     0.000,     0.000,     0.000,     0.000,     0.000,     0.000,     0.000,        35.000,         7.819,     0.083,     0.000,     0.007,     0.038,         1.000,         1.000,         1.000,         1.000,         1.000,         1.000,         1.000,         1.000,         1.000,         0.000,         0.000,         0.000,
     3.451,    30.339,     2.000,    20.032,    -0.006,    -0.026,     0.000,     0.450,     1.600,   419.330,     1.000,    21.157,     0.000,     0.000,     0.000,     0.000,     0.000,     0.000,     0.000,        35.000,         7.816,     0.084,     0.000,     0.007,     0.038,         1.000,         1.000,         1.000,         1.000,         1.000,         1.000,         1.000,         1.000,         1.000,         0.000,         0.000,         0.000,
     3.455,    23.691,     2.000,    20.032,    -0.006,     0.010,     0.000,     0.450,     1.600,   419.330,     1.000,    21.158,     0.000,     0.000,     0.000,     0.000,     0.000,     0.000,     0.000,        35.000,         7.813,     0.084,     0.000,     0.007,     0.038,         1.000,         1.000,         1.000,         1.000,         1.000,         1.000,         1.000,         1.000,         1.000,         0.000,         0.000,         0.000,
     3.459,    27.783,     2.000,    20.033,    -0.006,     0.018,     0.000,     0.450,     1.600,   419.330,     1.000,    21.159,     0.000,     0.000,     0.000,     0.000,     0.000,     0.000,     0.000,        35.000,         7.810,     0.084,     0.000,     0.007,     0.038,         1.000,         1.000,         1.000,         1.000,         1.000,         1.000,         1.000,         1.000,         1.000,         0.000,         0.000,         0.000,
     3.463,    28.718,     2.000,    20.033,    -0.006,    -0.003,     0.000,     0.450,     1.600,   419.330,     1.000,    21.159,     0.000,     0.000,     0.000,     0.000,     0.000,     0.000,     0.000,        35.000,         7.806,     0.084,     0.000,     0.007,     0.038,         1.000,         1.000,         1.000,         1.000,         1.000,         1.000,         1.000,         1.000,         1.000,         0.000,         0.000,         0.000,
     3.467,    25.532,     2.000,    20.033,    -0.006,     0.002,     0.000,     0.450,     1.600,   419.330,     1.000,    21.160,     0.000,     0.000,     0.000,     0.000,     0.000,     0.000,     0.000,        35.000,         7.803,     0.084,     0.000,     0.007,     0.038,         1.000,         1.000,         1.000,         1.000,         1.000,         1.000,         1.000,         1.000,         1.000,         0.000,         0.000,         0.000,
     3.471,    23.777,     2.000,    20.033,    -0.006,     0.002,     0.000,     0.450,     1.600,   419.330,     1.000,    21.160,     0.000,     0.000,     0.000,     0.000,     0.000,     0.000,     0.000,        35.000,         7.800,     0.084,     0.000,     0.007,     0.038,         1.000,         1.000,         1.000,         1.000,         1.000,         1.000,         1.000,         1.000,         1.000,         0.000,         0.000,         0.000,
     3.476,    30.398,     2.000,    20.033,    -0.006,     0.011,     0.000,     0.450,     1.600,   419.330,     1.000,    21.161,     0.000,     0.000,     0.000,     0.000,     0.000,     0.000,     0.000,        35.000,         7.796,     0.084,     0.000,     0.007,     0.038,         1.000,         1.000,         1.000,         1.000,         1.000,         1.000,         1.000,         1.000,         1.000,         0.000,         0.000,         0.000,
     3.480,    26.266,     2.000,    20.033,    -0.006,     0.000,     0.000,     0.450,     1.600,   419.330,     1.000,    21.162,     0.000,     0.000,     0.000,     0.000,     0.000,     0.000,     0.000,        35.000,         7.793,     0.084,     0.000,     0.007,     0.038,         1.000,         1.000,         1.000,         1.000,         1.000,         1.000,         1.000,         1.000,         1.000,         0.000,         0.000,         0.000,
     3.484,    22.005,     2.000,    20.034,    -0.006,    -0.004,     0.000,     0.450,     1.600,   419.330,     1.000,    21.162,     0.000,     0.000,     0.000,     0.000,     0.000,     0.000,     0.000,        35.000,         7.790,     0.085,     0.000,     0.007,     0.038,         1.000,         1.000,         1.000,         1.000,         1.000,         1.000,         1.000,         1.000,         1.000,         0.000,         0.000,         0.000,
     3.488,    21.995,     2.000,    20.034,    -0.006,    -0.023,     0.000,     0.450,     1.600,   419.330,     1.000,    21.163,     0.000,     0.000,     0.000,     0.000,     0.000,     0.000,     0.000,        35.000,         7.786,     0.085,     0.000,     0.007,     0.038,         1.000,         1.000,         1.000,         1.000,         1.000,         1.000,         1.000,         1.000,         1.000,         0.000,         0.000,         0.000,
     3.492,    24.610,     2.000,    20.034,    -0.006,     0.029,     0.000,     0.450,     1.600,   419.330,     1.000,    21.163,     0.000,     0.000,     0.000,     0.000,     0.000,     0.000,     0.000,        35.000,         7.783,     0.085,     0.000,     0.007,     0.038,         1.000,         1.000,         1.000,         1.000,         1.000,         1.000,         1.000,         1.000,         1.000,         0.000,         0.000,         0.000,
     3.496,    29.555,     2.000,    20.035,    -0.006,    -0.000,     0.000,     0.450,     1.600,   419.330,     1.000,    21.164,     0.000,     0.000,     0.000,     0.000,     0.000,     0.000,     0.000,        35.000,         7.780,     0.085,     0.000,     0.007,     0.038,         1.000,         1.000,         1.000,         1.000,         1.000,         1.000,         1.000,         1.000,         1.000,         0.000,         0.000,         0.000,
     3.501,    28.323,     2.000,    20.035,    -0.006,    -0.018,     0.000,     0.450,     1.600,   419.330,     1.000,    21.164,     0.000,     0.000,     0.000,     0.000,     0.000,     0.000,     0.000,        35.000,         7.777,     0.085,     0.000,     0.007,     0.038,         1.000,         1.000,         1.000,         1.000,         1.000,         1.000,         1.000,         1.000,         1.000,         0.000,         0.000,         0.000,
     3.505,    23.039,     2.000,    20.035,    -0.006,    -0.008,     0.000,     0.450,     1.600,   419.330,     1.000,    21.165,     0.000,     0.000,     0.000,     0.000,     0.000,     0.000,     0.000,        35.000,         7.773,     0.085,     0.000,     0.007,     0.038,         1.000,         1.000,         1.000,         1.000,         1.000,         1.000,         1.000,         1.000,         1.000,         0.000,         0.000,         0.000,
     3.509,    26.081,     2.000,    20.035,    -0.006,     0.005,     0.000,     0.450,     1.600,   419.330,     1.000,    21.165,     0.000,     0.000,     0.000,     0.000,     0.000,     0.000,     0.000,        35.000,         7.770,     0.085,     0.000,     0.007,     0.038,         1.000,         1.000,         1.000,         1.000,         1.000,         1.000,         1.000,         1.000,         1.000,         0.000,         0.000,         0.000,
     3.513,    26.999,     2.000,    20.036,    -0.006,     0.004,     0.000,     0.450,     1.600,   419.330,     1.000,    21.166,     0.000,     0.000,     0.000,     0.000,     0.000,     0.000,     0.000,        35.000,         7.767,     0.085,     0.000,     0.007,     0.038,         1.000,         1.000,         1.000,         1.000,         1.000,         1.000,         1.000,         1.000,         1.000,         0.000,         0.000,         0.000,
     3.517,    22.415,     2.000,    20.036,    -0.006,    -0.011,     0.000,     0.450,     1.600,   419.330,     1.000,    21.166,     0.000,     0.000,     0.000,     0.000,     0.000,     0.000,     0.000,        35.000,         7.764,     0.086,     0.000,     0.007,     0.039,         1.000,         1.000,         1.000,         1.000,         1.000,         1.000,         1.000,         1.000,         1.000,         0.000,         0.000,         0.000,
     3.522,    21.632,     2.000,    20.036,    -0.006,    -0.014,     0.000,     0.450,     1.600,   419.330,     1.000,    21.167,     0.000,     0.000,     0.000,     0.000,     0.000,     0.000,     0.000,        35.000,         7.760,     0.086,     0.000,     0.007,     0.039,         1.000,         1.000,         1.000,         1.000,         1.000,         1.000,         1.000,         1.000,         1.000,         0.000,         0.000,         0.000,
     3.526,    29.593,     2.000,    20.036,    -0.006,     0.008,     0.000,     0.450,     1.600,   419.330,     1.000,    21.167,     0.000,     0.000,     0.000,     0.000,     0.000,     0.000,     0.000,        35.000,         7.757,     0.086,     0.000,     0.007,     0.039,         1.000,         1.000,         1.000,         1.000,         1.000,         1.000,         1.000,         1.000,         1.000,         0.000,         0.000,         0.000,
     3.530,    26.446,     2.000,    20.036,    -0.006,     0.013,     0.000,     0.450,     1.600,   419.330,     1.000,    21.168,     0.000,     0.000,     0.000,     0.000,     0.000,     0.000,     0.000,        35.000,         7.754,     0.086,     0.000,     0.007,     0.039,         1.000,         1.000,         1.000,         1.000,         1.000,         1.000,         1.000,         1.000,         1.000,         0.000,         0.000,         0.000,
     3.534,    24.093,     2.000,    20.037,    -0.006,     0.008,     0.000,     0.450,     1.600,   419.330,     1.000,    21.169,     0.000,     0.000,     0.000,     0.000,     0.000,     0.000,     0.000,        35.000,         7.750,     0.086,     0.000,     0.007,     0.039,         1.000,         1.000,         1.000,         1.000,         1.000,         1.000,         1.000,         1.000,         1.000,         0.000,         0.000,         0.000,
     3.538,    22.394,     2.000,    20.037,    -0.006,     0.005,     0.000,     0.450,     1.600,   419.330,     1.000,    21.169,     0.000,     0.000,     0.000,     0.000,     0.000,     0.000,     0.000,        35.000,         7.747,     0.086,     0.000,     0.007,     0.039,         1.000,         1.000,         1.000,         1.000,         1.000,         1.000,         1.000,         1.000,         1.000,         0.000,         0.000,         0.000,
     3.542,    24.370,     2.000,    20.037,    -0.006,     0.002,     0.000,     0.450,     1.600,   419.330,     1.000,    21.169,     0.000,     0.000,     0.000,     0.000,     0.000,     0.000,     0.000,        35.000,         7.744,     0.086,     0.000,     0.007,     0.039,         1.000,         1.000,         1.000,         1.000,         1.000,         1.000,         1.000,         1.000,         1.000,         0.000,         0.000,         0.000,
     3.546,    28.910,     2.000,    20.037,    -0.006,     0.008,     0.000,     0.450,     1.600,   419.330,     1.000,    21.170,     0.000,     0.000,     0.000,     0.000,     0.000,     0.000,     0.000,        35.000,         7.741,     0.086,     0.000,     0.007,     0.039,         1.000,         1.000,         1.000,         1.000,         1.000,         1.000,         1.000,         1.000,         1.000,         0.000,         0.000,         0.000,
     3.551,    38.064,     2.000,    20.037,    -0.006,    -0.015,     0.000,     0.450,     1.600,   419.330,     1.000,    21.170,     0.000,     0.000,     0.000,     0.000,     0.000,     0.000,     0.000,        35.000,         7.737,     0.087,     0.000,     0.007,     0.039,         1.000,         1.000,         1.000,         1.000,         1.000,         1.000,         1.000,         1.000,         1.000,         0.000,         0.000,         0.000,
     3.555,    24.890,     2.000,    20.038,    -0.006,    -0.013,     0.000,     0.450,     1.600,   419.330,     1.000,    21.171,     0.000,     0.000,     0.000,     0.000,     0.000,     0.000,     0.000,        35.000,         7.734,     0.087,     0.000,     0.007,     0.039,         1.000,         1.000,         1.000,         1.000,         1.000,         1.000,         1.000,         1.000,         1.000,         0.000,         0.000,         0.000,
     3.559,    21.753,     2.000,    20.038,    -0.006,    -0.003,     0.000,     0.450,     1.600,   419.330,     1.000,    21.171,     0.000,     0.000,     0.000,     0.000,     0.000,     0.000,     0.000,        35.000,         7.731,     0.087,     0.000,     0.007,     0.039,         1.000,         1.000,         1.000,         1.000,         1.000,         1.000,         1.000,         1.000,         1.000,         0.000,         0.000,         0.000,
     3.563,    21.682,     2.000,    20.038,    -0.006,    -0.006,     0.000,     0.450,     1.600,   419.330,     1.000,    21.172,     0.000,     0.000,     0.000,     0.000,     0.000,     0.000,     0.000,        35.000,         7.728,     0.087,     0.000,     0.007,     0.039,         1.000,         1.000,         1.000,         1.000,         1.000,         1.000,         1.000,         1.000,         1.000,         0.000,         0.000,         0.000,
     3.567,    23.056,     2.000,    20.039,    -0.006,    -0.021,     0.000,     0.450,     1.600,   419.330,     1.000,    21.172,     0.000,     0.000,     0.000,     0.000,     0.000,     0.000,     0.000,        35.000,         7.724,     0.087,     0.000,     0.007,     0.039,         1.000,         1.000,         1.000,         1.000,         1.000,         1.000,         1.000,         1.000,         1.000,         0.000,         0.000,         0.000,
     3.572,    23.170,     2.000,    20.039,    -0.006,     0.004,     0.000,     0.450,     1.600,   419.330,     1.000,    21.173,     0.000,     0.000,     0.000,     0.000,     0.000,     0.000,     0.000,        35.000,         7.721,     0.087,     0.000,     0.007,     0.039,         1.000,         1.000,         1.000,         1.000,         1.000,         1.000,         1.000,         1.000,         1.000,         0.000,         0.000,         0.000,
     3.576,    24.669,     2.000,    20.039,    -0.006,     0.023,     0.000,     0.450,     1.600,   419.330,     1.000,    21.174,     0.000,     0.000,     0.000,     0.000,     0.000,     0.000,     0.000,        35.000,         7.718,     0.087,     0.000,     0.007,     0.039,         1.000,         1.000,         1.000,         1.000,         1.000,         1.000,         1.000,         1.000,         1.000,         0.000,         0.000,         0.000,
     3.580,    23.060,     2.000,    20.039,    -0.006,     0.011,     0.000,     0.450,     1.600,   419.330,     1.000,    21.174,     0.000,     0.000,     0.000,     0.000,     0.000,     0.000,     0.000,        35.000,         7.715,     0.087,     0.000,     0.007,     0.039,         1.000,         1.000,         1.000,         1.000,         1.000,         1.000,         1.000,         1.000,         1.000,         0.000,         0.000,         0.000,
     3.584,    22.092,     2.000,    20.039,    -0.006,    -0.009,     0.000,     0.450,     1.600,   419.330,     1.000,    21.174,     0.000,     0.000,     0.000,     0.000,     0.000,     0.000,     0.000,        35.000,         7.711,     0.088,     0.000,     0.007,     0.039,         1.000,         1.000,         1.000,         1.000,         1.000,         1.000,         1.000,         1.000,         1.000,         0.000,         0.000,         0.000,
     3.588,    14.635,     2.000,    20.039,    -0.006,    -0.005,     0.000,     0.450,     1.600,   419.330,     1.000,    21.175,     0.000,     0.000,     0.000,     0.000,     0.000,     0.000,     0.000,        35.000,         7.708,     0.088,     0.000,     0.007,     0.039,         1.000,         1.000,         1.000,         1.000,         1.000,         1.000,         1.000,         1.000,         1.000,         0.000,         0.000,         0.000,
     3.593,    26.495,     2.000,    20.039,    -0.006,     0.011,     0.000,     0.450,     1.600,   419.330,     1.000,    21.176,     0.000,     0.000,     0.000,     0.000,     0.000,     0.000,     0.000,        35.000,         7.705,     0.088,     0.000,     0.007,     0.040,         1.000,         1.000,         1.000,         1.000,         1.000,         1.000,         1.000,         1.000,         1.000,         0.000,         0.000,         0.000,
     3.597,    23.540,     2.000,    20.039,    -0.006,    -0.007,     0.000,     0.450,     1.600,   419.330,     1.000,    21.176,     0.000,     0.000,     0.000,     0.000,     0.000,     0.000,     0.000,        35.000,         7.702,     0.088,     0.000,     0.007,     0.040,         1.000,         1.000,         1.000,         1.000,         1.000,         1.000,         1.000,         1.000,         1.000,         0.000,         0.000,         0.000,
     3.601,    24.135,     2.000,    20.039,    -0.006,    -0.007,     0.000,     0.450,     1.600,   419.330,     1.000,    21.176,     0.000,     0.000,     0.000,     0.000,     0.000,     0.000,     0.000,        35.000,         7.698,     0.088,     0.000,     0.007,     0.040,         1.000,         1.000,         1.000,         1.000,         1.000,         1.000,         1.000,         1.000,         1.000,         0.000,         0.000,         0.000,
     3.605,    23.339,     2.000,    20.040,    -0.006,    -0.008,     0.000,     0.450,     1.600,   419.330,     1.000,    21.177,     0.000,     0.000,     0.000,     0.000,     0.000,     0.000,     0.000,        35.000,         7.695,     0.088,     0.000,     0.007,     0.040,         1.000,         1.000,         1.000,         1.000,         1.000,         1.000,         1.000,         1.000,         1.000,         0.000,         0.000,         0.000,
     3.609,    22.051,     2.000,    20.040,    -0.006,     0.014,     0.000,     0.450,     1.600,   419.330,     1.000,    21.177,     0.000,     0.000,     0.000,     0.000,     0.000,     0.000,     0.000,        35.000,         7.692,     0.088,     0.000,     0.007,     0.040,         1.000,         1.000,         1.000,         1.000,         1.000,         1.000,         1.000,         1.000,         1.000,         0.000,         0.000,         0.000,
     3.613,    26.717,     2.000,    20.041,    -0.006,     0.003,     0.000,     0.450,     1.600,   419.330,     1.000,    21.178,     0.000,     0.000,     0.000,     0.000,     0.000,     0.000,     0.000,        35.000,         7.689,     0.088,     0.000,     0.007,     0.040,         1.000,         1.000,         1.000,         1.000,         1.000,         1.000,         1.000,         1.000,         1.000,         0.000,         0.000,         0.000,
     3.618,    27.918,     2.000,    20.041,    -0.006,     0.000,     0.000,     0.450,     1.600,   419.330,     1.000,    21.179,     0.000,     0.000,     0.000,     0.000,     0.000,     0.000,     0.000,        35.000,         7.685,     0.089,     0.000,     0.007,     0.040,         1.000,         1.000,         1.000,         1.000,         1.000,         1.000,         1.000,         1.000,         1.000,         0.000,         0.000,         0.000,
     3.622,    24.463,     2.000,    20.041,    -0.006,    -0.000,     0.000,     0.450,     1.600,   419.330,     1.000,    21.179,     0.000,     0.000,     0.000,     0.000,     0.000,     0.000,     0.000,        35.000,         7.682,     0.089,     0.000,     0.007,     0.040,         1.000,         1.000,         1.000,         1.000,         1.000,         1.000,         1.000,         1.000,         1.000,         0.000,         0.000,         0.000,
     3.626,    24.328,     2.000,    20.041,    -0.006,     0.010,     0.000,     0.450,     1.600,   419.330,     1.000,    21.180,     0.000,     0.000,     0.000,     0.000,     0.000,     0.000,     0.000,        35.000,         7.679,     0.089,     0.000,     0.007,     0.040,         1.000,         1.000,         1.000,         1.000,         1.000,         1.000,         1.000,         1.000,         1.000,         0.000,         0.000,         0.000,
     3.630,    21.942,     2.000,    20.041,    -0.006,    -0.004,     0.000,     0.450,     1.600,   419.330,     1.000,    21.180,     0.000,     0.000,     0.000,     0.000,     0.000,     0.000,     0.000,        35.000,         7.676,     0.089,     0.000,     0.007,     0.040,         1.000,         1.000,         1.000,         1.000,         1.000,         1.000,         1.000,         1.000,         1.000,         0.000,         0.000,         0.000,
     3.634,    21.770,     2.000,    20.041,    -0.006,    -0.015,     0.000,     0.450,     1.600,   419.330,     1.000,    21.181,     0.000,     0.000,     0.000,     0.000,     0.000,     0.000,     0.000,        35.000,         7.673,     0.089,     0.000,     0.007,     0.040,         1.000,         1.000,         1.000,         1.000,         1.000,         1.000,         1.000,         1.000,         1.000,         0.000,         0.000,         0.000,
     3.638,    21.753,     2.000,    20.042,    -0.006,    -0.006,     0.000,     0.450,     1.600,   419.330,     1.000,    21.181,     0.000,     0.000,     0.000,     0.000,     0.000,     0.000,     0.000,        35.000,         7.669,     0.089,     0.000,     0.007,     0.040,         1.000,         1.000,         1.000,         1.000,         1.000,         1.000,         1.000,         1.000,         1.000,         0.000,         0.000,         0.000,
     3.643,    34.802,     2.000,    20.042,    -0.006,     0.031,     0.000,     0.450,     1.600,   419.330,     1.000,    21.182,     0.000,     0.000,     0.000,     0.000,     0.000,     0.000,     0.000,        35.000,         7.666,     0.089,     0.000,     0.007,     0.040,         1.000,         1.000,         1.000,         1.000,         1.000,         1.000,         1.000,         1.000,         1.000,         0.000,         0.000,         0.000,
     3.646,    33.114,     2.000,    20.042,    -0.006,     0.028,     0.000,     0.450,     1.600,   419.330,     1.000,    21.183,     0.000,     0.000,     0.000,     0.000,     0.000,     0.000,     0.000,        35.000,         7.663,     0.089,     0.000,     0.007,     0.040,         1.000,         1.000,         1.000,         1.000,         1.000,         1.000,         1.000,         1.000,         1.000,         0.000,         0.000,         0.000,
     3.651,    31.463,     2.000,    20.042,    -0.006,    -0.001,     0.000,     0.450,     1.600,   419.330,     1.000,    21.183,     0.000,     0.000,     0.000,     0.000,     0.000,     0.000,     0.000,        35.000,         7.659,     0.090,     0.000,     0.007,     0.040,         1.000,         1.000,         1.000,         1.000,         1.000,         1.000,         1.000,         1.000,         1.000,         0.000,         0.000,         0.000,
     3.655,    23.785,     2.000,    20.042,    -0.006,    -0.008,     0.000,     0.450,     1.600,   419.330,     1.000,    21.183,     0.000,     0.000,     0.000,     0.000,     0.000,     0.000,     0.000,        35.000,         7.656,     0.090,     0.000,     0.007,     0.040,         1.000,         1.000,         1.000,         1.000,         1.000,         1.000,         1.000,         1.000,         1.000,         0.000,         0.000,         0.000,
     3.659,    22.475,     2.000,    20.043,    -0.006,     0.007,     0.000,     0.450,     1.600,   419.330,     1.000,    21.184,     0.000,     0.000,     0.000,     0.000,     0.000,     0.000,     0.000,        35.000,         7.653,     0.090,     0.000,     0.007,     0.040,         1.000,         1.000,         1.000,         1.000,         1.000,         1.000,         1.000,         1.000,         1.000,         0.000,         0.000,         0.000,
     3.663,    18.250,     2.000,    20.043,    -0.006,     0.005,     0.000,     0.450,     1.600,   419.330,     1.000,    21.184,     0.000,     0.000,     0.000,     0.000,     0.000,     0.000,     0.000,        35.000,         7.650,     0.090,     0.000,     0.007,     0.040,         1.000,         1.000,         1.000,         1.000,         1.000,         1.000,         1.000,         1.000,         1.000,         0.000,         0.000,         0.000,
     3.667,    23.806,     2.000,    20.043,    -0.006,    -0.016,     0.000,     0.450,     1.600,   419.330,     1.000,    21.185,     0.000,     0.000,     0.000,     0.000,     0.000,     0.000,     0.000,        35.000,         7.647,     0.090,     0.000,     0.007,     0.041,         1.000,         1.000,         1.000,         1.000,         1.000,         1.000,         1.000,         1.000,         1.000,         0.000,         0.000,         0.000,
     3.672,    22.028,     2.000,    20.043,    -0.006,    -0.028,     0.000,     0.450,     1.600,   419.330,     1.000,    21.185,     0.000,     0.000,     0.000,     0.000,     0.000,     0.000,     0.000,        35.000,         7.644,     0.090,     0.000,     0.007,     0.041,         1.000,         1.000,         1.000,         1.000,         1.000,         1.000,         1.000,         1.000,         1.000,         0.000,         0.000,         0.000,
     3.676,    26.151,     2.000,    20.044,    -0.006,    -0.005,     0.000,     0.450,     1.600,   419.330,     1.000,    21.186,     0.000,     0.000,     0.000,     0.000,     0.000,     0.000,     0.000,        35.000,         7.640,     0.090,     0.000,     0.007,     0.041,         1.000,         1.000,         1.000,         1.000,         1.000,         1.000,         1.000,         1.000,         1.000,         0.000,         0.000,         0.000,
     3.680,    26.969,     2.000,    20.044,    -0.006,    -0.001,     0.000,     0.450,     1.600,   419.330,     1.000,    21.186,     0.000,     0.000,     0.000,     0.000,     0.000,     0.000,     0.000,        35.000,         7.637,     0.090,     0.000,     0.007,     0.041,         1.000,         1.000,         1.000,         1.000,         1.000,         1.000,         1.000,         1.000,         1.000,         0.000,         0.000,         0.000,
     3.684,    24.925,     2.000,    20.045,    -0.006,    -0.004,     0.000,     0.450,     1.600,   419.330,     1.000,    21.187,     0.000,     0.000,     0.000,     0.000,     0.000,     0.000,     0.000,        35.000,         7.634,     0.091,     0.000,     0.007,     0.041,         1.000,         1.000,         1.000,         1.000,         1.000,         1.000,         1.000,         1.000,         1.000,         0.000,         0.000,         0.000,
     3.688,    24.251,     2.000,    20.045,    -0.006,    -0.000,     0.000,     0.450,     1.600,   419.330,     1.000,    21.187,     0.000,     0.000,     0.000,     0.000,     0.000,     0.000,     0.000,        35.000,         7.631,     0.091,     0.000,     0.007,     0.041,         1.000,         1.000,         1.000,         1.000,         1.000,         1.000,         1.000,         1.000,         1.000,         0.000,         0.000,         0.000,
     3.692,    25.387,     2.000,    20.045,    -0.006,     0.022,     0.000,     0.450,     1.600,   419.330,     1.000,    21.188,     0.000,     0.000,     0.000,     0.000,     0.000,     0.000,     0.000,        35.000,         7.627,     0.091,     0.000,     0.007,     0.041,         1.000,         1.000,         1.000,         1.000,         1.000,         1.000,         1.000,         1.000,         1.000,         0.000,         0.000,         0.000,
     3.697,    26.024,     2.000,    20.045,    -0.006,     0.006,     0.000,     0.450,     1.600,   419.330,     1.000,    21.188,     0.000,     0.000,     0.000,     0.000,     0.000,     0.000,     0.000,        35.000,         7.624,     0.091,     0.000,     0.007,     0.041,         1.000,         1.000,         1.000,         1.000,         1.000,         1.000,         1.000,         1.000,         1.000,         0.000,         0.000,         0.000,
     3.701,    25.798,     2.000,    20.045,    -0.006,    -0.002,     0.000,     0.450,     1.600,   419.330,     1.000,    21.189,     0.000,     0.000,     0.000,     0.000,     0.000,     0.000,     0.000,        35.000,         7.621,     0.091,     0.000,     0.007,     0.041,         1.000,         1.000,         1.000,         1.000,         1.000,         1.000,         1.000,         1.000,         1.000,         0.000,         0.000,         0.000,
     3.705,    23.880,     2.000,    20.045,    -0.006,    -0.008,     0.000,     0.450,     1.600,   419.330,     1.000,    21.189,     0.000,     0.000,     0.000,     0.000,     0.000,     0.000,     0.000,        35.000,         7.618,     0.091,     0.000,     0.007,     0.041,         1.000,         1.000,         1.000,         1.000,         1.000,         1.000,         1.000,         1.000,         1.000,         0.000,         0.000,         0.000,
     3.709,    23.673,     2.000,    20.045,    -0.006,    -0.003,     0.000,     0.450,     1.600,   419.330,     1.000,    21.190,     0.000,     0.000,     0.000,     0.000,     0.000,     0.000,     0.000,        35.000,         7.615,     0.091,     0.000,     0.007,     0.041,         1.000,         1.000,         1.000,         1.000,         1.000,         1.000,         1.000,         1.000,         1.000,         0.000,         0.000,         0.000,
     3.713,    23.090,     2.000,    20.045,    -0.006,     0.014,     0.000,     0.450,     1.600,   419.330,     1.000,    21.190,     0.000,     0.000,     0.000,     0.000,     0.000,     0.000,     0.000,        35.000,         7.611,     0.091,     0.000,     0.007,     0.041,         1.000,         1.000,         1.000,         1.000,         1.000,         1.000,         1.000,         1.000,         1.000,         0.000,         0.000,         0.000,
     3.717,    22.176,     2.000,    20.045,    -0.006,     0.003,     0.000,     0.450,     1.600,   419.330,     1.000,    21.191,     0.000,     0.000,     0.000,     0.000,     0.000,     0.000,     0.000,        35.000,         7.608,     0.092,     0.000,     0.007,     0.041,         1.000,         1.000,         1.000,         1.000,         1.000,         1.000,         1.000,         1.000,         1.000,         0.000,         0.000,         0.000,
     3.722,    27.503,     2.000,    20.046,    -0.006,    -0.033,     0.000,     0.450,     1.600,   419.330,     1.000,    21.191,     0.000,     0.000,     0.000,     0.000,     0.000,     0.000,     0.000,        35.000,         7.605,     0.092,     0.000,     0.007,     0.041,         1.000,         1.000,         1.000,         1.000,         1.000,         1.000,         1.000,         1.000,         1.000,         0.000,         0.000,         0.000,
     3.726,    30.666,     2.000,    20.046,    -0.006,     0.005,     0.000,     0.450,     1.600,   419.330,     1.000,    21.191,     0.000,     0.000,     0.000,     0.000,     0.000,     0.000,     0.000,        35.000,         7.602,     0.092,     0.000,     0.007,     0.041,         1.000,         1.000,         1.000,         1.000,         1.000,         1.000,         1.000,         1.000,         1.000,         0.000,         0.000,         0.000,
     3.730,    24.163,     2.000,    20.046,    -0.006,     0.023,     0.000,     0.450,     1.600,   419.330,     1.000,    21.192,     0.000,     0.000,     0.000,     0.000,     0.000,     0.000,     0.000,        35.000,         7.599,     0.092,     0.000,     0.007,     0.041,         1.000,         1.000,         1.000,         1.000,         1.000,         1.000,         1.000,         1.000,         1.000,         0.000,         0.000,         0.000,
     3.734,    22.741,     2.000,    20.046,    -0.006,    -0.004,     0.000,     0.450,     1.600,   419.330,     1.000,    21.192,     0.000,     0.000,     0.000,     0.000,     0.000,     0.000,     0.000,        35.000,         7.595,     0.092,     0.000,     0.007,     0.041,         1.000,         1.000,         1.000,         1.000,         1.000,         1.000,         1.000,         1.000,         1.000,         0.000,         0.000,         0.000,
     3.738,    19.909,     2.000,    20.046,    -0.006,    -0.015,     0.000,     0.450,     1.600,   419.330,     1.000,    21.193,     0.000,     0.000,     0.000,     0.000,     0.000,     0.000,     0.000,        35.000,         7.592,     0.092,     0.000,     0.007,     0.041,         1.000,         1.000,         1.000,         1.000,         1.000,         1.000,         1.000,         1.000,         1.000,         0.000,         0.000,         0.000,
     3.742,    25.493,     2.000,    20.046,    -0.006,     0.009,     0.000,     0.450,     1.600,   419.330,     1.000,    21.193,     0.000,     0.000,     0.000,     0.000,     0.000,     0.000,     0.000,        35.000,         7.589,     0.092,     0.000,     0.007,     0.042,         1.000,         1.000,         1.000,         1.000,         1.000,         1.000,         1.000,         1.000,         1.000,         0.000,         0.000,         0.000,
     3.747,    27.375,     2.000,    20.046,    -0.006,     0.005,     0.000,     0.450,     1.600,   419.330,     1.000,    21.194,     0.000,     0.000,     0.000,     0.000,     0.000,     0.000,     0.000,        35.000,         7.586,     0.092,     0.000,     0.007,     0.042,         1.000,         1.000,         1.000,         1.000,         1.000,         1.000,         1.000,         1.000,         1.000,         0.000,         0.000,         0.000,
     3.751,    17.514,     2.000,    20.047,    -0.006,    -0.004,     0.000,     0.450,     1.600,   419.330,     1.000,    21.194,     0.000,     0.000,     0.000,     0.000,     0.000,     0.000,     0.000,        35.000,         7.583,     0.093,     0.000,     0.007,     0.042,         1.000,         1.000,         1.000,         1.000,         1.000,         1.000,         1.000,         1.000,         1.000,         0.000,         0.000,         0.000,
     3.755,    22.045,     2.000,    20.047,    -0.006,    -0.014,     0.000,     0.450,     1.600,   419.330,     1.000,    21.194,     0.000,     0.000,     0.000,     0.000,     0.000,     0.000,     0.000,        35.000,         7.579,     0.093,     0.000,     0.007,     0.042,         1.000,         1.000,         1.000,         1.000,         1.000,         1.000,         1.000,         1.000,         1.000,         0.000,         0.000,         0.000,
     3.759,    23.652,     2.000,    20.047,    -0.006,    -0.001,     0.000,     0.450,     1.600,   419.330,     1.000,    21.195,     0.000,     0.000,     0.000,     0.000,     0.000,     0.000,     0.000,        35.000,         7.576,     0.093,     0.000,     0.007,     0.042,         1.000,         1.000,         1.000,         1.000,         1.000,         1.000,         1.000,         1.000,         1.000,         0.000,         0.000,         0.000,
     3.763,    23.514,     2.000,    20.048,    -0.006,    -0.002,     0.000,     0.450,     1.600,   419.330,     1.000,    21.196,     0.000,     0.000,     0.000,     0.000,     0.000,     0.000,     0.000,        35.000,         7.573,     0.093,     0.000,     0.007,     0.042,         1.000,         1.000,         1.000,         1.000,         1.000,         1.000,         1.000,         1.000,         1.000,         0.000,         0.000,         0.000,
     3.767,    22.416,     2.000,    20.048,    -0.006,     0.001,     0.000,     0.450,     1.600,   419.330,     1.000,    21.196,     0.000,     0.000,     0.000,     0.000,     0.000,     0.000,     0.000,        35.000,         7.570,     0.093,     0.000,     0.007,     0.042,         1.000,         1.000,         1.000,         1.000,         1.000,         1.000,         1.000,         1.000,         1.000,         0.000,         0.000,         0.000,
     3.772,    21.798,     2.000,    20.048,    -0.006,    -0.005,     0.000,     0.450,     1.600,   419.330,     1.000,    21.197,     0.000,     0.000,     0.000,     0.000,     0.000,     0.000,     0.000,        35.000,         7.567,     0.093,     0.000,     0.007,     0.042,         1.000,         1.000,         1.000,         1.000,         1.000,         1.000,         1.000,         1.000,         1.000,         0.000,         0.000,         0.000,
     3.776,    21.951,     2.000,    20.048,    -0.006,     0.018,     0.000,     0.450,     1.600,   419.330,     1.000,    21.197,     0.000,     0.000,     0.000,     0.000,     0.000,     0.000,     0.000,        35.000,         7.564,     0.093,     0.000,     0.007,     0.042,         1.000,         1.000,         1.000,         1.000,         1.000,         1.000,         1.000,         1.000,         1.000,         0.000,         0.000,         0.000,
     3.780,    22.053,     2.000,    20.048,    -0.006,     0.014,     0.000,     0.450,     1.600,   419.330,     1.000,    21.198,     0.000,     0.000,     0.000,     0.000,     0.000,     0.000,     0.000,        35.000,         7.560,     0.093,     0.000,     0.007,     0.042,         1.000,         1.000,         1.000,         1.000,         1.000,         1.000,         1.000,         1.000,         1.000,         0.000,         0.000,         0.000,
     3.784,    21.295,     2.000,    20.048,    -0.006,    -0.000,     0.000,     0.450,     1.600,   419.330,     1.000,    21.198,     0.000,     0.000,     0.000,     0.000,     0.000,     0.000,     0.000,        35.000,         7.557,     0.094,     0.000,     0.007,     0.042,         1.000,         1.000,         1.000,         1.000,         1.000,         1.000,         1.000,         1.000,         1.000,         0.000,         0.000,         0.000,
     3.788,    20.344,     2.000,    20.048,    -0.006,    -0.003,     0.000,     0.450,     1.600,   419.330,     1.000,    21.199,     0.000,     0.000,     0.000,     0.000,     0.000,     0.000,     0.000,        35.000,         7.554,     0.094,     0.000,     0.007,     0.042,         1.000,         1.000,         1.000,         1.000,         1.000,         1.000,         1.000,         1.000,         1.000,         0.000,         0.000,         0.000,
     3.793,    21.273,     2.000,    20.048,    -0.006,    -0.020,     0.000,     0.450,     1.600,   419.330,     1.000,    21.199,     0.000,     0.000,     0.000,     0.000,     0.000,     0.000,     0.000,        35.000,         7.551,     0.094,     0.000,     0.008,     0.042,         1.000,         1.000,         1.000,         1.000,         1.000,         1.000,         1.000,         1.000,         1.000,         0.000,         0.000,         0.000,
     3.797,    15.056,     2.000,    20.049,    -0.006,    -0.004,     0.000,     0.450,     1.600,   419.330,     1.000,    21.200,     0.000,     0.000,     0.000,     0.000,     0.000,     0.000,     0.000,        35.000,         7.548,     0.094,     0.000,     0.008,     0.042,         1.000,         1.000,         1.000,         1.000,         1.000,         1.000,         1.000,         1.000,         1.000,         0.000,         0.000,         0.000,
     3.801,    28.555,     2.000,    20.049,    -0.006,    -0.005,     0.000,     0.450,     1.600,   419.330,     1.000,    21.200,     0.000,     0.000,     0.000,     0.000,     0.000,     0.000,     0.000,        35.000,         7.544,     0.094,     0.000,     0.008,     0.042,         1.000,         1.000,         1.000,         1.000,         1.000,         1.000,         1.000,         1.000,         1.000,         0.000,         0.000,         0.000,
     3.805,    30.379,     2.000,    20.049,    -0.006,    -0.002,     0.000,     0.450,     1.600,   419.330,     1.000,    21.200,     0.000,     0.000,     0.000,     0.000,     0.000,     0.000,     0.000,        35.000,         7.541,     0.094,     0.000,     0.008,     0.042,         1.000,         1.000,         1.000,         1.000,         1.000,         1.000,         1.000,         1.000,         1.000,         0.000,         0.000,         0.000,
     3.809,    25.492,     2.000,    20.050,    -0.006,    -0.002,     0.000,     0.450,     1.600,   419.330,     1.000,    21.201,     0.000,     0.000,     0.000,     0.000,     0.000,     0.000,     0.000,        35.000,         7.538,     0.094,     0.000,     0.008,     0.042,         1.000,         1.000,         1.000,         1.000,         1.000,         1.000,         1.000,         1.000,         1.000,         0.000,         0.000,         0.000,
     3.813,    22.802,     2.000,    20.050,    -0.006,     0.004,     0.000,     0.450,     1.600,   419.330,     1.000,    21.201,     0.000,     0.000,     0.000,     0.000,     0.000,     0.000,     0.000,        35.000,         7.535,     0.094,     0.000,     0.008,     0.042,         1.000,         1.000,         1.000,         1.000,         1.000,         1.000,         1.000,         1.000,         1.000,         0.000,         0.000,         0.000,
     3.818,    17.156,     2.000,    20.051,    -0.006,     0.007,     0.000,     0.450,     1.600,   419.330,     1.000,    21.202,     0.000,     0.000,     0.000,     0.000,     0.000,     0.000,     0.000,        35.000,         7.532,     0.094,     0.000,     0.008,     0.043,         1.000,         1.000,         1.000,         1.000,         1.000,         1.000,         1.000,         1.000,         1.000,         0.000,         0.000,         0.000,
     3.822,    21.660,     2.000,    20.051,    -0.006,    -0.005,     0.000,     0.450,     1.600,   419.330,     1.000,    21.203,     0.000,     0.000,     0.000,     0.000,     0.000,     0.000,     0.000,        35.000,         7.528,     0.095,     0.000,     0.008,     0.043,         1.000,         1.000,         1.000,         1.000,         1.000,         1.000,         1.000,         1.000,         1.000,         0.000,         0.000,         0.000,
     3.826,    22.405,     2.000,    20.051,    -0.006,    -0.008,     0.000,     0.450,     1.600,   419.330,     1.000,    21.203,     0.000,     0.000,     0.000,     0.000,     0.000,     0.000,     0.000,        35.000,         7.525,     0.095,     0.000,     0.008,     0.043,         1.000,         1.000,         1.000,         1.000,         1.000,         1.000,         1.000,         1.000,         1.000,         0.000,         0.000,         0.000,
     3.830,    28.224,     2.000,    20.050,    -0.006,    -0.010,     0.000,     0.450,     1.600,   419.330,     1.000,    21.203,     0.000,     0.000,     0.000,     0.000,     0.000,     0.000,     0.000,        35.000,         7.522,     0.095,     0.000,     0.008,     0.043,         1.000,         1.000,         1.000,         1.000,         1.000,         1.000,         1.000,         1.000,         1.000,         0.000,         0.000,         0.000,
     3.834,    15.196,     2.000,    20.050,    -0.005,     0.010,     0.000,     0.450,     1.600,   419.330,     1.000,    21.204,     0.000,     0.000,     0.000,     0.000,     0.000,     0.000,     0.000,        35.000,         7.519,     0.095,     0.000,     0.008,     0.043,         1.000,         1.000,         1.000,         1.000,         1.000,         1.000,         1.000,         1.000,         1.000,         0.000,         0.000,         0.000,
     3.838,    24.696,     2.000,    20.051,    -0.006,     0.000,     0.000,     0.450,     1.600,   419.330,     1.000,    21.204,     0.000,     0.000,     0.000,     0.000,     0.000,     0.000,     0.000,        35.000,         7.516,     0.095,     0.000,     0.008,     0.043,         1.000,         1.000,         1.000,         1.000,         1.000,         1.000,         1.000,         1.000,         1.000,         0.000,         0.000,         0.000,
     3.842,    14.889,     2.000,    20.051,    -0.006,    -0.005,     0.000,     0.450,     1.600,   419.330,     1.000,    21.205,     0.000,     0.000,     0.000,     0.000,     0.000,     0.000,     0.000,        35.000,         7.513,     0.095,     0.000,     0.008,     0.043,         1.000,         1.000,         1.000,         1.000,         1.000,         1.000,         1.000,         1.000,         1.000,         0.000,         0.000,         0.000,
     3.847,    22.010,     2.000,    20.051,    -0.005,     0.013,     0.000,     0.450,     1.600,   419.330,     1.000,    21.205,     0.000,     0.000,     0.000,     0.000,     0.000,     0.000,     0.000,        35.000,         7.509,     0.095,     0.000,     0.008,     0.043,         1.000,         1.000,         1.000,         1.000,         1.000,         1.000,         1.000,         1.000,         1.000,         0.000,         0.000,         0.000,
     3.851,    21.221,     2.000,    20.051,    -0.006,     0.000,     0.000,     0.450,     1.600,   419.330,     1.000,    21.206,     0.000,     0.000,     0.000,     0.000,     0.000,     0.000,     0.000,        35.000,         7.506,     0.095,     0.000,     0.008,     0.043,         1.000,         1.000,         1.000,         1.000,         1.000,         1.000,         1.000,         1.000,         1.000,         0.000,         0.000,         0.000,
     3.855,    21.639,     2.000,    20.052,    -0.006,    -0.011,     0.000,     0.450,     1.600,   419.330,     1.000,    21.206,     0.000,     0.000,     0.000,     0.000,     0.000,     0.000,     0.000,        35.000,         7.503,     0.096,     0.000,     0.008,     0.043,         1.000,         1.000,         1.000,         1.000,         1.000,         1.000,         1.000,         1.000,         1.000,         0.000,         0.000,         0.000,
     3.859,    24.758,     2.000,    20.052,    -0.005,    -0.001,     0.000,     0.450,     1.600,   419.330,     1.000,    21.207,     0.000,     0.000,     0.000,     0.000,     0.000,     0.000,     0.000,        35.000,         7.500,     0.096,     0.000,     0.008,     0.043,         1.000,         1.000,         1.000,         1.000,         1.000,         1.000,         1.000,         1.000,         1.000,         0.000,         0.000,         0.000,
     3.863,    26.348,     2.000,    20.053,    -0.005,    -0.002,     0.000,     0.450,     1.600,   419.330,     1.000,    21.207,     0.000,     0.000,     0.000,     0.000,     0.000,     0.000,     0.000,        35.000,         7.497,     0.096,     0.000,     0.008,     0.043,         1.000,         1.000,         1.000,         1.000,         1.000,         1.000,         1.000,         1.000,         1.000,         0.000,         0.000,         0.000,
     3.867,    24.352,     2.000,    20.053,    -0.005,    -0.005,     0.000,     0.450,     1.600,   419.330,     1.000,    21.208,     0.000,     0.000,     0.000,     0.000,     0.000,     0.000,     0.000,        35.000,         7.494,     0.096,     0.000,     0.008,     0.043,         1.000,         1.000,         1.000,         1.000,         1.000,         1.000,         1.000,         1.000,         1.000,         0.000,         0.000,         0.000,
     3.872,    26.404,     2.000,    20.053,    -0.005,     0.001,     0.000,     0.450,     1.600,   419.330,     1.000,    21.208,     0.000,     0.000,     0.000,     0.000,     0.000,     0.000,     0.000,        35.000,         7.491,     0.096,     0.000,     0.008,     0.043,         1.000,         1.000,         1.000,         1.000,         1.000,         1.000,         1.000,         1.000,         1.000,         0.000,         0.000,         0.000,
     3.876,    13.186,     2.000,    20.053,    -0.005,     0.011,     0.000,     0.450,     1.600,   419.330,     1.000,    21.209,     0.000,     0.000,     0.000,     0.000,     0.000,     0.000,     0.000,        35.000,         7.487,     0.096,     0.000,     0.008,     0.043,         1.000,         1.000,         1.000,         1.000,         1.000,         1.000,         1.000,         1.000,         1.000,         0.000,         0.000,         0.000,
     3.880,    22.186,     2.000,    20.053,    -0.005,    -0.002,     0.000,     0.450,     1.600,   419.330,     1.000,    21.209,     0.000,     0.000,     0.000,     0.000,     0.000,     0.000,     0.000,        35.000,         7.484,     0.096,     0.000,     0.008,     0.043,         1.000,         1.000,         1.000,         1.000,         1.000,         1.000,         1.000,         1.000,         1.000,         0.000,         0.000,         0.000,
     3.884,    22.226,     2.000,    20.053,    -0.005,     0.012,     0.000,     0.450,     1.600,   419.330,     1.000,    21.210,     0.000,     0.000,     0.000,     0.000,     0.000,     0.000,     0.000,        35.000,         7.481,     0.096,     0.000,     0.008,     0.043,         1.000,         1.000,         1.000,         1.000,         1.000,         1.000,         1.000,         1.000,         1.000,         0.000,         0.000,         0.000,
     3.888,    19.478,     2.000,    20.053,    -0.005,    -0.001,     0.000,     0.450,     1.600,   419.330,     1.000,    21.210,     0.000,     0.000,     0.000,     0.000,     0.000,     0.000,     0.000,        35.000,         7.478,     0.097,     0.000,     0.008,     0.043,         1.000,         1.000,         1.000,         1.000,         1.000,         1.000,         1.000,         1.000,         1.000,         0.000,         0.000,         0.000,
     3.893,    21.554,     2.000,    20.054,    -0.005,    -0.013,     0.000,     0.450,     1.600,   419.330,     1.000,    21.211,     0.000,     0.000,     0.000,     0.000,     0.000,     0.000,     0.000,        35.000,         7.475,     0.097,     0.000,     0.008,     0.043,         1.000,         1.000,         1.000,         1.000,         1.000,         1.000,         1.000,         1.000,         1.000,         0.000,         0.000,         0.000,
     3.897,    21.971,     2.000,    20.054,    -0.005,    -0.005,     0.000,     0.450,     1.600,   419.330,     1.000,    21.211,     0.000,     0.000,     0.000,     0.000,     0.000,     0.000,     0.000,        35.000,         7.472,     0.097,     0.000,     0.008,     0.044,         1.000,         1.000,         1.000,         1.000,         1.000,         1.000,         1.000,         1.000,         1.000,         0.000,         0.000,         0.000,
     3.901,    22.597,     2.000,    20.055,    -0.005,    -0.016,     0.000,     0.450,     1.600,   419.330,     1.000,    21.212,     0.000,     0.000,     0.000,     0.000,     0.000,     0.000,     0.000,        35.000,         7.468,     0.097,     0.000,     0.008,     0.044,         1.000,         1.000,         1.000,         1.000,         1.000,         1.000,         1.000,         1.000,         1.000,         0.000,         0.000,         0.000,
     3.905,    26.538,     2.000,    20.055,    -0.005,    -0.002,     0.000,     0.450,     1.600,   419.330,     1.000,    21.212,     0.000,     0.000,     0.000,     0.000,     0.000,     0.000,     0.000,        35.000,         7.465,     0.097,     0.000,     0.008,     0.044,         1.000,         1.000,         1.000,         1.000,         1.000,         1.000,         1.000,         1.000,         1.000,         0.000,         0.000,         0.000,
     3.909,    22.052,     2.000,    20.056,    -0.005,     0.011,     0.000,     0.450,     1.600,   419.330,     1.000,    21.213,     0.000,     0.000,     0.000,     0.000,     0.000,     0.000,     0.000,        35.000,         7.462,     0.097,     0.000,     0.008,     0.044,         1.000,         1.000,         1.000,         1.000,         1.000,         1.000,         1.000,         1.000,         1.000,         0.000,         0.000,         0.000,
     3.913,    20.722,     2.000,    20.056,    -0.005,    -0.006,     0.000,     0.450,     1.600,   419.330,     1.000,    21.213,     0.000,     0.000,     0.000,     0.000,     0.000,     0.000,     0.000,        35.000,         7.459,     0.097,     0.000,     0.008,     0.044,         1.000,         1.000,         1.000,         1.000,         1.000,         1.000,         1.000,         1.000,         1.000,         0.000,         0.000,         0.000,
     3.918,    20.827,     2.000,    20.056,    -0.005,     0.023,     0.000,     0.450,     1.600,   419.330,     1.000,    21.214,     0.000,     0.000,     0.000,     0.000,     0.000,     0.000,     0.000,        35.000,         7.456,     0.097,     0.000,     0.008,     0.044,         1.000,         1.000,         1.000,         1.000,         1.000,         1.000,         1.000,         1.000,         1.000,         0.000,         0.000,         0.000,
     3.922,    22.995,     2.000,    20.055,    -0.005,     0.010,     0.000,     0.450,     1.600,   419.330,     1.000,    21.214,     0.000,     0.000,     0.000,     0.000,     0.000,     0.000,     0.000,        35.000,         7.453,     0.098,     0.000,     0.008,     0.044,         1.000,         1.000,         1.000,         1.000,         1.000,         1.000,         1.000,         1.000,         1.000,         0.000,         0.000,         0.000,
     3.926,    22.567,     2.000,    20.055,    -0.005,     0.004,     0.000,     0.450,     1.600,   419.330,     1.000,    21.215,     0.000,     0.000,     0.000,     0.000,     0.000,     0.000,     0.000,        35.000,         7.450,     0.098,     0.000,     0.008,     0.044,         1.000,         1.000,         1.000,         1.000,         1.000,         1.000,         1.000,         1.000,         1.000,         0.000,         0.000,         0.000,
     3.930,    22.536,     2.000,    20.055,    -0.005,    -0.024,     0.000,     0.450,     1.600,   419.330,     1.000,    21.215,     0.000,     0.000,     0.000,     0.000,     0.000,     0.000,     0.000,        35.000,         7.446,     0.098,     0.000,     0.008,     0.044,         1.000,         1.000,         1.000,         1.000,         1.000,         1.000,         1.000,         1.000,         1.000,         0.000,         0.000,         0.000,
     3.934,    20.687,     2.000,    20.055,    -0.005,    -0.020,     0.000,     0.450,     1.600,   419.330,     1.000,    21.216,     0.000,     0.000,     0.000,     0.000,     0.000,     0.000,     0.000,        35.000,         7.443,     0.098,     0.000,     0.008,     0.044,         1.000,         1.000,         1.000,         1.000,         1.000,         1.000,         1.000,         1.000,         1.000,         0.000,         0.000,         0.000,
     3.939,    22.325,     2.000,    20.055,    -0.005,    -0.004,     0.000,     0.450,     1.600,   419.330,     1.000,    21.216,     0.000,     0.000,     0.000,     0.000,     0.000,     0.000,     0.000,        35.000,         7.440,     0.098,     0.000,     0.008,     0.044,         1.000,         1.000,         1.000,         1.000,         1.000,         1.000,         1.000,         1.000,         1.000,         0.000,         0.000,         0.000,
     3.943,    21.545,     2.000,    20.056,    -0.005,     0.014,     0.000,     0.450,     1.600,   419.330,     1.000,    21.217,     0.000,     0.000,     0.000,     0.000,     0.000,     0.000,     0.000,        35.000,         7.437,     0.098,     0.000,     0.008,     0.044,         1.000,         1.000,         1.000,         1.000,         1.000,         1.000,         1.000,         1.000,         1.000,         0.000,         0.000,         0.000,
     3.947,    21.116,     2.000,    20.056,    -0.005,    -0.007,     0.000,     0.450,     1.600,   419.330,     1.000,    21.218,     0.000,     0.000,     0.000,     0.000,     0.000,     0.000,     0.000,        35.000,         7.434,     0.098,     0.000,     0.008,     0.044,         1.000,         1.000,         1.000,         1.000,         1.000,         1.000,         1.000,         1.000,         1.000,         0.000,         0.000,         0.000,
     3.951,    21.977,     2.000,    20.057,    -0.005,    -0.001,     0.000,     0.450,     1.600,   419.330,     1.000,    21.218,     0.000,     0.000,     0.000,     0.000,     0.000,     0.000,     0.000,        35.000,         7.431,     0.098,     0.000,     0.008,     0.044,         1.000,         1.000,         1.000,         1.000,         1.000,         1.000,         1.000,         1.000,         1.000,         0.000,         0.000,         0.000,
     3.955,    22.133,     2.000,    20.057,    -0.005,     0.026,     0.000,     0.450,     1.600,   419.330,     1.000,    21.219,     0.000,     0.000,     0.000,     0.000,     0.000,     0.000,     0.000,        35.000,         7.428,     0.098,     0.000,     0.008,     0.044,         1.000,         1.000,         1.000,         1.000,         1.000,         1.000,         1.000,         1.000,         1.000,         0.000,         0.000,         0.000,
     3.959,    22.571,     2.000,    20.057,    -0.005,     0.019,     0.000,     0.450,     1.600,   419.330,     1.000,    21.219,     0.000,     0.000,     0.000,     0.000,     0.000,     0.000,     0.000,        35.000,         7.425,     0.099,     0.000,     0.008,     0.044,         1.000,         1.000,         1.000,         1.000,         1.000,         1.000,         1.000,         1.000,         1.000,         0.000,         0.000,         0.000,
     3.963,    14.118,     2.000,    20.057,    -0.006,    -0.008,     0.000,     0.450,     1.600,   419.330,     1.000,    21.219,     0.000,     0.000,     0.000,     0.000,     0.000,     0.000,     0.000,        35.000,         7.422,     0.099,     0.000,     0.008,     0.044,         1.000,         1.000,         1.000,         1.000,         1.000,         1.000,         1.000,         1.000,         1.000,         0.000,         0.000,         0.000,
     3.968,    22.908,     2.000,    20.057,    -0.006,    -0.014,     0.000,     0.450,     1.600,   419.330,     1.000,    21.220,     0.000,     0.000,     0.000,     0.000,     0.000,     0.000,     0.000,        35.000,         7.418,     0.099,     0.000,     0.008,     0.044,         1.000,         1.000,         1.000,         1.000,         1.000,         1.000,         1.000,         1.000,         1.000,         0.000,         0.000,         0.000,
     3.972,    29.048,     2.000,    20.057,    -0.006,     0.009,     0.000,     0.450,     1.600,   419.330,     1.000,    21.220,     0.000,     0.000,     0.000,     0.000,     0.000,     0.000,     0.000,        35.000,         7.415,     0.099,     0.000,     0.008,     0.045,         1.000,         1.000,         1.000,         1.000,         1.000,         1.000,         1.000,         1.000,         1.000,         0.000,         0.000,         0.000,
     3.976,    23.865,     2.000,    20.057,    -0.006,     0.003,     0.000,     0.450,     1.600,   419.330,     1.000,    21.221,     0.000,     0.000,     0.000,     0.000,     0.000,     0.000,     0.000,        35.000,         7.412,     0.099,     0.000,     0.008,     0.045,         1.000,         1.000,         1.000,         1.000,         1.000,         1.000,         1.000,         1.000,         1.000,         0.000,         0.000,         0.000,
     3.980,    25.624,     2.000,    20.058,    -0.006,     0.005,     0.000,     0.450,     1.600,   419.330,     1.000,    21.221,     0.000,     0.000,     0.000,     0.000,     0.000,     0.000,     0.000,        35.000,         7.409,     0.099,     0.000,     0.008,     0.045,         1.000,         1.000,         1.000,         1.000,         1.000,         1.000,         1.000,         1.000,         1.000,         0.000,         0.000,         0.000,
     3.984,    23.938,     2.000,    20.058,    -0.006,    -0.025,     0.000,     0.450,     1.600,   419.330,     1.000,    21.222,     0.000,     0.000,     0.000,     0.000,     0.000,     0.000,     0.000,        35.000,         7.406,     0.099,     0.000,     0.008,     0.045,         1.000,         1.000,         1.000,         1.000,         1.000,         1.000,         1.000,         1.000,         1.000,         0.000,         0.000,         0.000,
     3.989,    21.680,     2.000,    20.058,    -0.006,     0.012,     0.000,     0.450,     1.600,   419.330,     1.000,    21.222,     0.000,     0.000,     0.000,     0.000,     0.000,     0.000,     0.000,        35.000,         7.403,     0.099,     0.000,     0.008,     0.045,         1.000,         1.000,         1.000,         1.000,         1.000,         1.000,         1.000,         1.000,         1.000,         0.000,         0.000,         0.000,
     3.993,    13.361,     2.000,    20.058,    -0.005,     0.008,     0.000,     0.450,     1.600,   419.330,     1.000,    21.223,     0.000,     0.000,     0.000,     0.000,     0.000,     0.000,     0.000,        35.000,         7.400,     0.100,     0.000,     0.008,     0.045,         1.000,         1.000,         1.000,         1.000,         1.000,         1.000,         1.000,         1.000,         1.000,         0.000,         0.000,         0.000,
     3.997,    27.486,     2.000,    20.059,    -0.006,    -0.007,     0.000,     0.450,     1.600,   419.330,     1.000,    21.223,     0.000,     0.000,     0.000,     0.000,     0.000,     0.000,     0.000,        35.000,         7.396,     0.100,     0.000,     0.008,     0.045,         1.000,         1.000,         1.000,         1.000,         1.000,         1.000,         1.000,         1.000,         1.000,         0.000,         0.000,         0.000,
     4.001,    24.920,     2.000,    20.059,    -0.006,    -0.014,     0.000,     0.450,     1.600,   419.330,     1.000,    21.223,     0.000,     0.000,     0.000,     0.000,     0.000,     0.000,     0.000,        35.000,         7.393,     0.100,     0.000,     0.008,     0.045,         1.000,         1.000,         1.000,         1.000,         1.000,         1.000,         1.000,         1.000,         1.000,         0.000,         0.000,         0.000,
     4.005,    18.909,     2.000,    20.059,    -0.005,     0.015,     0.000,     0.450,     1.600,   419.330,     1.000,    21.224,     0.000,     0.000,     0.000,     0.000,     0.000,     0.000,     0.000,        35.000,         7.390,     0.100,     0.000,     0.008,     0.045,         1.000,         1.000,         1.000,         1.000,         1.000,         1.000,         1.000,         1.000,         1.000,         0.000,         0.000,         0.000,
     4.009,    21.546,     2.000,    20.059,    -0.005,     0.003,     0.000,     0.450,     1.600,   419.330,     1.000,    21.224,     0.000,     0.000,     0.000,     0.000,     0.000,     0.000,     0.000,        35.000,         7.387,     0.100,     0.001,     0.008,     0.045,         1.000,         1.000,         1.000,         1.000,         1.000,         1.000,         1.000,         1.000,         1.000,         0.000,         0.000,         0.000,
     4.014,    27.216,     2.000,    20.059,    -0.005,     0.011,     0.000,     0.450,     1.600,   419.330,     1.000,    21.225,     0.000,     0.000,     0.000,     0.000,     0.000,     0.000,     0.000,        35.000,         7.384,     0.100,     0.001,     0.008,     0.045,         1.000,         1.000,         1.000,         1.000,         1.000,         1.000,         1.000,         1.000,         1.000,         0.000,         0.000,         0.000,
     4.018,    23.348,     2.000,    20.059,    -0.005,     0.003,     0.000,     0.450,     1.600,   419.330,     1.000,    21.225,     0.000,     0.000,     0.000,     0.000,     0.000,     0.000,     0.000,        35.000,         7.381,     0.100,     0.001,     0.008,     0.045,         1.000,         1.000,         1.000,         1.000,         1.000,         1.000,         1.000,         1.000,         1.000,         0.000,         0.000,         0.000,
     4.022,    21.044,     2.000,    20.059,    -0.005,     0.013,     0.000,     0.450,     1.600,   419.330,     1.000,    21.226,     0.000,     0.000,     0.000,     0.000,     0.000,     0.000,     0.000,        35.000,         7.378,     0.100,     0.001,     0.008,     0.045,         1.000,         1.000,         1.000,         1.000,         1.000,         1.000,         1.000,         1.000,         1.000,         0.000,         0.000,         0.000,
     4.026,    21.334,     2.000,    20.059,    -0.005,     0.002,     0.000,     0.450,     1.600,   419.330,     1.000,    21.226,     0.000,     0.000,     0.000,     0.000,     0.000,     0.000,     0.000,        35.000,         7.375,     0.100,     0.001,     0.008,     0.045,         1.000,         1.000,         1.000,         1.000,         1.000,         1.000,         1.000,         1.000,         1.000,         0.000,         0.000,         0.000,
     4.030,    27.255,     2.000,    20.059,    -0.006,    -0.020,     0.000,     0.450,     1.600,   419.330,     1.000,    21.227,     0.000,     0.000,     0.000,     0.000,     0.000,     0.000,     0.000,        35.000,         7.372,     0.101,     0.001,     0.008,     0.045,         1.000,         1.000,         1.000,         1.000,         1.000,         1.000,         1.000,         1.000,         1.000,         0.000,         0.000,         0.000,
     4.034,    26.771,     2.000,    20.060,    -0.006,    -0.025,     0.000,     0.450,     1.600,   419.330,     1.000,    21.227,     0.000,     0.000,     0.000,     0.000,     0.000,     0.000,     0.000,        35.000,         7.368,     0.101,     0.001,     0.008,     0.045,         1.000,         1.000,         1.000,         1.000,         1.000,         1.000,         1.000,         1.000,         1.000,         0.000,         0.000,         0.000,
     4.039,    23.015,     2.000,    20.060,    -0.006,    -0.013,     0.000,     0.450,     1.600,   419.330,     1.000,    21.228,     0.000,     0.000,     0.000,     0.000,     0.000,     0.000,     0.000,        35.000,         7.365,     0.101,     0.001,     0.008,     0.045,         1.000,         1.000,         1.000,         1.000,         1.000,         1.000,         1.000,         1.000,         1.000,         0.000,         0.000,         0.000,
     4.043,    22.116,     2.000,    20.060,    -0.005,     0.009,     0.000,     0.450,     1.600,   419.330,     1.000,    21.228,     0.000,     0.000,     0.000,     0.000,     0.000,     0.000,     0.000,        35.000,         7.362,     0.101,     0.001,     0.008,     0.045,         1.000,         1.000,         1.000,         1.000,         1.000,         1.000,         1.000,         1.000,         1.000,         0.000,         0.000,         0.000,
     4.047,    21.593,     2.000,    20.061,    -0.005,     0.001,     0.000,     0.450,     1.600,   419.330,     1.000,    21.229,     0.000,     0.000,     0.000,     0.000,     0.000,     0.000,     0.000,        35.000,         7.359,     0.101,     0.001,     0.008,     0.045,         1.000,         1.000,         1.000,         1.000,         1.000,         1.000,         1.000,         1.000,         1.000,         0.000,         0.000,         0.000,
     4.051,    20.898,     2.000,    20.061,    -0.005,    -0.010,     0.000,     0.450,     1.600,   419.330,     1.000,    21.229,     0.000,     0.000,     0.000,     0.000,     0.000,     0.000,     0.000,        35.000,         7.356,     0.101,     0.001,     0.008,     0.046,         1.000,         1.000,         1.000,         1.000,         1.000,         1.000,         1.000,         1.000,         1.000,         0.000,         0.000,         0.000,
     4.055,    20.155,     2.000,    20.061,    -0.005,     0.021,     0.000,     0.450,     1.600,   419.330,     1.000,    21.230,     0.000,     0.000,     0.000,     0.000,     0.000,     0.000,     0.000,        35.000,         7.353,     0.101,     0.001,     0.008,     0.046,         1.000,         1.000,         1.000,         1.000,         1.000,         1.000,         1.000,         1.000,         1.000,         0.000,         0.000,         0.000,
     4.059,    20.743,     2.000,    20.061,    -0.005,     0.010,     0.000,     0.450,     1.600,   419.330,     1.000,    21.230,     0.000,     0.000,     0.000,     0.000,     0.000,     0.000,     0.000,        35.000,         7.350,     0.101,     0.001,     0.008,     0.046,         1.000,         1.000,         1.000,         1.000,         1.000,         1.000,         1.000,         1.000,         1.000,         0.000,         0.000,         0.000,
     4.064,    37.433,     2.000,    20.061,    -0.005,    -0.006,     0.000,     0.450,     1.600,   419.330,     1.000,    21.230,     0.000,     0.000,     0.000,     0.000,     0.000,     0.000,     0.000,        35.000,         7.347,     0.102,     0.001,     0.008,     0.046,         1.000,         1.000,         1.000,         1.000,         1.000,         1.000,         1.000,         1.000,         1.000,         0.000,         0.000,         0.000,
     4.068,    27.756,     2.000,    20.061,    -0.006,    -0.008,     0.000,     0.450,     1.600,   419.330,     1.000,    21.231,     0.000,     0.000,     0.000,     0.000,     0.000,     0.000,     0.000,        35.000,         7.344,     0.102,     0.001,     0.008,     0.046,         1.000,         1.000,         1.000,         1.000,         1.000,         1.000,         1.000,         1.000,         1.000,         0.000,         0.000,         0.000,
     4.072,    24.794,     2.000,    20.061,    -0.006,    -0.001,     0.000,     0.450,     1.600,   419.330,     1.000,    21.231,     0.000,     0.000,     0.000,     0.000,     0.000,     0.000,     0.000,        35.000,         7.341,     0.102,     0.001,     0.008,     0.046,         1.000,         1.000,         1.000,         1.000,         1.000,         1.000,         1.000,         1.000,         1.000,         0.000,         0.000,         0.000,
     4.076,    21.982,     2.000,    20.061,    -0.006,    -0.005,     0.000,     0.450,     1.600,   419.330,     1.000,    21.231,     0.000,     0.000,     0.000,     0.000,     0.000,     0.000,     0.000,        35.000,         7.338,     0.102,     0.001,     0.008,     0.046,         1.000,         1.000,         1.000,         1.000,         1.000,         1.000,         1.000,         1.000,         1.000,         0.000,         0.000,         0.000,
     4.080,    22.140,     2.000,    20.062,    -0.006,    -0.004,     0.000,     0.450,     1.600,   419.330,     1.000,    21.232,     0.000,     0.000,     0.000,     0.000,     0.000,     0.000,     0.000,        35.000,         7.335,     0.102,     0.001,     0.008,     0.046,         1.000,         1.000,         1.000,         1.000,         1.000,         1.000,         1.000,         1.000,         1.000,         0.000,         0.000,         0.000,
     4.085,    32.473,     2.000,    20.062,    -0.006,    -0.009,     0.000,     0.450,     1.600,   419.330,     1.000,    21.232,     0.000,     0.000,     0.000,     0.000,     0.000,     0.000,     0.000,        35.000,         7.331,     0.102,     0.001,     0.008,     0.046,         1.000,         1.000,         1.000,         1.000,         1.000,         1.000,         1.000,         1.000,         1.000,         0.000,         0.000,         0.000,
     4.089,    33.075,     2.000,    20.063,    -0.005,     0.011,     0.000,     0.450,     1.600,   419.330,     1.000,    21.233,     0.000,     0.000,     0.000,     0.000,     0.000,     0.000,     0.000,        35.000,         7.328,     0.102,     0.001,     0.008,     0.046,         1.000,         1.000,         1.000,         1.000,         1.000,         1.000,         1.000,         1.000,         1.000,         0.000,         0.000,         0.000,
     4.093,    25.496,     2.000,    20.063,    -0.005,     0.014,     0.000,     0.450,     1.600,   419.330,     1.000,    21.233,     0.000,     0.000,     0.000,     0.000,     0.000,     0.000,     0.000,        35.000,         7.325,     0.102,     0.001,     0.008,     0.046,         1.000,         1.000,         1.000,         1.000,         1.000,         1.000,         1.000,         1.000,         1.000,         0.000,         0.000,         0.000,
     4.097,    25.710,     2.000,    20.063,    -0.005,    -0.007,     0.000,     0.450,     1.600,   419.330,     1.000,    21.233,     0.000,     0.000,     0.000,     0.000,     0.000,     0.000,     0.000,        35.000,         7.322,     0.102,     0.001,     0.008,     0.046,         1.000,         1.000,         1.000,         1.000,         1.000,         1.000,         1.000,         1.000,         1.000,         0.000,         0.000,         0.000,
     4.101,    22.643,     2.000,    20.063,    -0.005,    -0.006,     0.000,     0.450,     1.600,   419.330,     1.000,    21.234,     0.000,     0.000,     0.000,     0.000,     0.000,     0.000,     0.000,        35.000,         7.319,     0.103,     0.001,     0.008,     0.046,         1.000,         1.000,         1.000,         1.000,         1.000,         1.000,         1.000,         1.000,         1.000,         0.000,         0.000,         0.000,
     4.105,    17.827,     2.000,    20.064,    -0.005,    -0.017,     0.000,     0.450,     1.600,   419.330,     1.000,    21.234,     0.000,     0.000,     0.000,     0.000,     0.000,     0.000,     0.000,        35.000,         7.316,     0.103,     0.001,     0.008,     0.046,         1.000,         1.000,         1.000,         1.000,         1.000,         1.000,         1.000,         1.000,         1.000,         0.000,         0.000,         0.000,
     4.109,    23.377,     2.000,    20.064,    -0.005,     0.004,     0.000,     0.450,     1.600,   419.330,     1.000,    21.234,     0.000,     0.000,     0.000,     0.000,     0.000,     0.000,     0.000,        35.000,         7.313,     0.103,     0.001,     0.008,     0.046,         1.000,         1.000,         1.000,         1.000,         1.000,         1.000,         1.000,         1.000,         1.000,         0.000,         0.000,         0.000,
     4.114,    38.507,     2.000,    20.065,    -0.005,     0.012,     0.000,     0.450,     1.600,   419.330,     1.000,    21.235,     0.000,     0.000,     0.000,     0.000,     0.000,     0.000,     0.000,        35.000,         7.310,     0.103,     0.001,     0.008,     0.046,         1.000,         1.000,         1.000,         1.000,         1.000,         1.000,         1.000,         1.000,         1.000,         0.000,         0.000,         0.000,
     4.118,    33.692,     2.000,    20.065,    -0.005,    -0.002,     0.000,     0.450,     1.600,   419.330,     1.000,    21.235,     0.000,     0.000,     0.000,     0.000,     0.000,     0.000,     0.000,        35.000,         7.307,     0.103,     0.001,     0.008,     0.046,         1.000,         1.000,         1.000,         1.000,         1.000,         1.000,         1.000,         1.000,         1.000,         0.000,         0.000,         0.000,
     4.122,    24.230,     2.000,    20.066,    -0.005,    -0.007,     0.000,     0.450,     1.600,   419.330,     1.000,    21.235,     0.000,     0.000,     0.000,     0.000,     0.000,     0.000,     0.000,        35.000,         7.304,     0.103,     0.001,     0.008,     0.046,         1.000,         1.000,         1.000,         1.000,         1.000,         1.000,         1.000,         1.000,         1.000,         0.000,         0.000,         0.000,
     4.126,    22.633,     2.000,    20.066,    -0.005,     0.012,     0.000,     0.450,     1.600,   419.330,     1.000,    21.236,     0.000,     0.000,     0.000,     0.000,     0.000,     0.000,     0.000,        35.000,         7.301,     0.103,     0.001,     0.008,     0.046,         1.000,         1.000,         1.000,         1.000,         1.000,         1.000,         1.000,         1.000,         1.000,         0.000,         0.000,         0.000,
     4.130,    23.096,     2.000,    20.066,    -0.005,     0.013,     0.000,     0.450,     1.600,   419.330,     1.000,    21.236,     0.000,     0.000,     0.000,     0.000,     0.000,     0.000,     0.000,        35.000,         7.298,     0.103,     0.001,     0.008,     0.047,         1.000,         1.000,         1.000,         1.000,         1.000,         1.000,         1.000,         1.000,         1.000,         0.000,         0.000,         0.000,
     4.134,    24.987,     2.000,    20.066,    -0.005,     0.003,     0.000,     0.450,     1.600,   419.330,     1.000,    21.236,     0.000,     0.000,     0.000,     0.000,     0.000,     0.000,     0.000,        35.000,         7.294,     0.104,     0.001,     0.008,     0.047,         1.000,         1.000,         1.000,         1.000,         1.000,         1.000,         1.000,         1.000,         1.000,         0.000,         0.000,         0.000,
     4.139,    26.157,     2.000,    20.066,    -0.005,    -0.011,     0.000,     0.450,     1.600,   419.330,     1.000,    21.237,     0.000,     0.000,     0.000,     0.000,     0.000,     0.000,     0.000,        35.000,         7.291,     0.104,     0.001,     0.008,     0.047,         1.000,         1.000,         1.000,         1.000,         1.000,         1.000,         1.000,         1.000,         1.000,         0.000,         0.000,         0.000,
     4.143,    26.594,     2.000,    20.066,    -0.005,    -0.012,     0.000,     0.450,     1.600,   419.330,     1.000,    21.237,     0.000,     0.000,     0.000,     0.000,     0.000,     0.000,     0.000,        35.000,         7.288,     0.104,     0.001,     0.008,     0.047,         1.000,         1.000,         1.000,         1.000,         1.000,         1.000,         1.000,         1.000,         1.000,         0.000,         0.000,         0.000,
     4.147,    23.897,     2.000,    20.066,    -0.005,     0.007,     0.000,     0.450,     1.600,   419.330,     1.000,    21.238,     0.000,     0.000,     0.000,     0.000,     0.000,     0.000,     0.000,        35.000,         7.285,     0.104,     0.001,     0.008,     0.047,         1.000,         1.000,         1.000,         1.000,         1.000,         1.000,         1.000,         1.000,         1.000,         0.000,         0.000,         0.000,
     4.151,    22.456,     2.000,    20.066,    -0.005,    -0.002,     0.000,     0.450,     1.600,   419.330,     1.000,    21.238,     0.000,     0.000,     0.000,     0.000,     0.000,     0.000,     0.000,        35.000,         7.282,     0.104,     0.001,     0.008,     0.047,         1.000,         1.000,         1.000,         1.000,         1.000,         1.000,         1.000,         1.000,         1.000,         0.000,         0.000,         0.000,
     4.155,    22.906,     2.000,    20.066,    -0.005,    -0.000,     0.000,     0.450,     1.600,   419.330,     1.000,    21.239,     0.000,     0.000,     0.000,     0.000,     0.000,     0.000,     0.000,        35.000,         7.279,     0.104,     0.001,     0.008,     0.047,         1.000,         1.000,         1.000,         1.000,         1.000,         1.000,         1.000,         1.000,         1.000,         0.000,         0.000,         0.000,
     4.159,    22.583,     2.000,    20.067,    -0.005,     0.007,     0.000,     0.450,     1.600,   419.330,     1.000,    21.239,     0.000,     0.000,     0.000,     0.000,     0.000,     0.000,     0.000,        35.000,         7.276,     0.104,     0.001,     0.008,     0.047,         1.000,         1.000,         1.000,         1.000,         1.000,         1.000,         1.000,         1.000,         1.000,         0.000,         0.000,         0.000,
     4.164,    21.414,     2.000,    20.067,    -0.005,    -0.004,     0.000,     0.450,     1.600,   419.330,     1.000,    21.239,     0.000,     0.000,     0.000,     0.000,     0.000,     0.000,     0.000,        35.000,         7.273,     0.104,     0.001,     0.008,     0.047,         1.000,         1.000,         1.000,         1.000,         1.000,         1.000,         1.000,         1.000,         1.000,         0.000,         0.000,         0.000,
     4.168,    22.898,     2.000,    20.067,    -0.005,    -0.013,     0.000,     0.450,     1.600,   419.330,     1.000,    21.240,     0.000,     0.000,     0.000,     0.000,     0.000,     0.000,     0.000,        35.000,         7.270,     0.104,     0.001,     0.008,     0.047,         1.000,         1.000,         1.000,         1.000,         1.000,         1.000,         1.000,         1.000,         1.000,         0.000,         0.000,         0.000,
     4.172,    22.467,     2.000,    20.067,    -0.005,     0.008,     0.000,     0.450,     1.600,   419.330,     1.000,    21.240,     0.000,     0.000,     0.000,     0.000,     0.000,     0.000,     0.000,        35.000,         7.267,     0.105,     0.001,     0.008,     0.047,         1.000,         1.000,         1.000,         1.000,         1.000,         1.000,         1.000,         1.000,         1.000,         0.000,         0.000,         0.000,
     4.176,    21.596,     2.000,    20.067,    -0.005,     0.002,     0.000,     0.450,     1.600,   419.330,     1.000,    21.241,     0.000,     0.000,     0.000,     0.000,     0.000,     0.000,     0.000,        35.000,         7.264,     0.105,     0.001,     0.008,     0.047,         1.000,         1.000,         1.000,         1.000,         1.000,         1.000,         1.000,         1.000,         1.000,         0.000,         0.000,         0.000,
     4.180,    26.015,     2.000,    20.067,    -0.005,    -0.012,     0.000,     0.450,     1.600,   419.330,     1.000,    21.241,     0.000,     0.000,     0.000,     0.000,     0.000,     0.000,     0.000,        35.000,         7.261,     0.105,     0.001,     0.008,     0.047,         1.000,         1.000,         1.000,         1.000,         1.000,         1.000,         1.000,         1.000,         1.000,         0.000,         0.000,         0.000,
     4.184,    33.769,     2.000,    20.068,    -0.005,    -0.002,     0.000,     0.450,     1.600,   419.330,     1.000,    21.242,     0.000,     0.000,     0.000,     0.000,     0.000,     0.000,     0.000,        35.000,         7.258,     0.105,     0.001,     0.008,     0.047,         1.000,         1.000,         1.000,         1.000,         1.000,         1.000,         1.000,         1.000,         1.000,         0.000,         0.000,         0.000,
     4.189,    26.640,     2.000,    20.068,    -0.005,     0.007,     0.000,     0.450,     1.600,   419.330,     1.000,    21.242,     0.000,     0.000,     0.000,     0.000,     0.000,     0.000,     0.000,        35.000,         7.255,     0.105,     0.001,     0.008,     0.047,         1.000,         1.000,         1.000,         1.000,         1.000,         1.000,         1.000,         1.000,         1.000,         0.000,         0.000,         0.000,
     4.193,    22.503,     2.000,    20.068,    -0.005,     0.006,     0.000,     0.450,     1.600,   419.330,     1.000,    21.243,     0.000,     0.000,     0.000,     0.000,     0.000,     0.000,     0.000,        35.000,         7.252,     0.105,     0.001,     0.008,     0.047,         1.000,         1.000,         1.000,         1.000,         1.000,         1.000,         1.000,         1.000,         1.000,         0.000,         0.000,         0.000,
     4.197,    22.294,     2.000,    20.068,    -0.005,     0.001,     0.000,     0.450,     1.600,   419.330,     1.000,    21.243,     0.000,     0.000,     0.000,     0.000,     0.000,     0.000,     0.000,        35.000,         7.248,     0.105,     0.001,     0.008,     0.047,         1.000,         1.000,         1.000,         1.000,         1.000,         1.000,         1.000,         1.000,         1.000,         0.000,         0.000,         0.000,
     4.201,    19.458,     2.000,    20.068,    -0.005,    -0.002,     0.000,     0.450,     1.600,   419.330,     1.000,    21.243,     0.000,     0.000,     0.000,     0.000,     0.000,     0.000,     0.000,        35.000,         7.245,     0.105,     0.001,     0.008,     0.047,         1.000,         1.000,         1.000,         1.000,         1.000,         1.000,         1.000,         1.000,         1.000,         0.000,         0.000,         0.000,
     4.205,    21.182,     2.000,    20.069,    -0.005,    -0.003,     0.000,     0.450,     1.600,   419.330,     1.000,    21.244,     0.000,     0.000,     0.000,     0.000,     0.000,     0.000,     0.000,        35.000,         7.242,     0.106,     0.001,     0.008,     0.047,         1.000,         1.000,         1.000,         1.000,         1.000,         1.000,         1.000,         1.000,         1.000,         0.000,         0.000,         0.000,
     4.209,    14.138,     2.000,    20.069,    -0.005,    -0.004,     0.000,     0.450,     1.600,   419.330,     1.000,    21.244,     0.000,     0.000,     0.000,     0.000,     0.000,     0.000,     0.000,        35.000,         7.239,     0.106,     0.001,     0.008,     0.048,         1.000,         1.000,         1.000,         1.000,         1.000,         1.000,         1.000,         1.000,         1.000,         0.000,         0.000,         0.000,
     4.214,    26.134,     2.000,    20.069,    -0.005,    -0.016,     0.000,     0.450,     1.600,   419.330,     1.000,    21.244,     0.000,     0.000,     0.000,     0.000,     0.000,     0.000,     0.000,        35.000,         7.236,     0.106,     0.001,     0.008,     0.048,         1.000,         1.000,         1.000,         1.000,         1.000,         1.000,         1.000,         1.000,         1.000,         0.000,         0.000,         0.000,
     4.218,    22.832,     2.000,    20.070,    -0.005,    -0.009,     0.000,     0.450,     1.600,   419.330,     1.000,    21.245,     0.000,     0.000,     0.000,     0.000,     0.000,     0.000,     0.000,        35.000,         7.233,     0.106,     0.001,     0.008,     0.048,         1.000,         1.000,         1.000,         1.000,         1.000,         1.000,         1.000,         1.000,         1.000,         0.000,         0.000,         0.000,
     4.222,    26.339,     2.000,    20.071,    -0.005,     0.008,     0.000,     0.450,     1.600,   419.330,     1.000,    21.245,     0.000,     0.000,     0.000,     0.000,     0.000,     0.000,     0.000,        35.000,         7.230,     0.106,     0.001,     0.008,     0.048,         1.000,         1.000,         1.000,         1.000,         1.000,         1.000,         1.000,         1.000,         1.000,         0.000,         0.000,         0.000,
     4.226,    16.095,     2.000,    20.071,    -0.005,     0.019,     0.000,     0.450,     1.600,   419.330,     1.000,    21.246,     0.000,     0.000,     0.000,     0.000,     0.000,     0.000,     0.000,        35.000,         7.227,     0.106,     0.001,     0.008,     0.048,         1.000,         1.000,         1.000,         1.000,         1.000,         1.000,         1.000,         1.000,         1.000,         0.000,         0.000,         0.000,
     4.230,    23.680,     2.000,    20.072,    -0.005,     0.000,     0.000,     0.450,     1.600,   419.330,     1.000,    21.246,     0.000,     0.000,     0.000,     0.000,     0.000,     0.000,     0.000,        35.000,         7.224,     0.106,     0.001,     0.008,     0.048,         1.000,         1.000,         1.000,         1.000,         1.000,         1.000,         1.000,         1.000,         1.000,         0.000,         0.000,         0.000,
     4.235,    30.659,     2.000,    20.072,    -0.005,     0.003,     0.000,     0.450,     1.600,   419.330,     1.000,    21.247,     0.000,     0.000,     0.000,     0.000,     0.000,     0.000,     0.000,        35.000,         7.221,     0.106,     0.001,     0.009,     0.048,         1.000,         1.000,         1.000,         1.000,         1.000,         1.000,         1.000,         1.000,         1.000,         0.000,         0.000,         0.000,
     4.239,    24.434,     2.000,    20.071,    -0.005,     0.015,     0.000,     0.450,     1.600,   419.330,     1.000,    21.247,     0.000,     0.000,     0.000,     0.000,     0.000,     0.000,     0.000,        35.000,         7.218,     0.106,     0.001,     0.009,     0.048,         1.000,         1.000,         1.000,         1.000,         1.000,         1.000,         1.000,         1.000,         1.000,         0.000,         0.000,         0.000,
     4.243,    23.561,     2.000,    20.071,    -0.005,     0.007,     0.000,     0.450,     1.600,   419.330,     1.000,    21.248,     0.000,     0.000,     0.000,     0.000,     0.000,     0.000,     0.000,        35.000,         7.215,     0.107,     0.001,     0.009,     0.048,         1.000,         1.000,         1.000,         1.000,         1.000,         1.000,         1.000,         1.000,         1.000,         0.000,         0.000,         0.000,
     4.247,    25.117,     2.000,    20.071,    -0.005,    -0.012,     0.000,     0.450,     1.600,   419.330,     1.000,    21.248,     0.000,     0.000,     0.000,     0.000,     0.000,     0.000,     0.000,        35.000,         7.212,     0.107,     0.001,     0.009,     0.048,         1.000,         1.000,         1.000,         1.000,         1.000,         1.000,         1.000,         1.000,         1.000,         0.000,         0.000,         0.000,
     4.251,    25.980,     2.000,    20.071,    -0.005,    -0.012,     0.000,     0.450,     1.600,   419.330,     1.000,    21.249,     0.000,     0.000,     0.000,     0.000,     0.000,     0.000,     0.000,        35.000,         7.209,     0.107,     0.001,     0.009,     0.048,         1.000,         1.000,         1.000,         1.000,         1.000,         1.000,         1.000,         1.000,         1.000,         0.000,         0.000,         0.000,
     4.255,    26.292,     2.000,    20.071,    -0.005,    -0.009,     0.000,     0.450,     1.600,   419.330,     1.000,    21.249,     0.000,     0.000,     0.000,     0.000,     0.000,     0.000,     0.000,        35.000,         7.206,     0.107,     0.001,     0.009,     0.048,         1.000,         1.000,         1.000,         1.000,         1.000,         1.000,         1.000,         1.000,         1.000,         0.000,         0.000,         0.000,
     4.260,    23.522,     2.000,    20.071,    -0.005,    -0.001,     0.000,     0.450,     1.600,   419.330,     1.000,    21.250,     0.000,     0.000,     0.000,     0.000,     0.000,     0.000,     0.000,        35.000,         7.203,     0.107,     0.001,     0.009,     0.048,         1.000,         1.000,         1.000,         1.000,         1.000,         1.000,         1.000,         1.000,         1.000,         0.000,         0.000,         0.000,
     4.264,    21.648,     2.000,    20.071,    -0.005,     0.000,     0.000,     0.450,     1.600,   419.330,     1.000,    21.250,     0.000,     0.000,     0.000,     0.000,     0.000,     0.000,     0.000,        35.000,         7.200,     0.107,     0.001,     0.009,     0.048,         1.000,         1.000,         1.000,         1.000,         1.000,         1.000,         1.000,         1.000,         1.000,         0.000,         0.000,         0.000,
     4.268,    16.802,     2.000,    20.072,    -0.005,    -0.003,     0.000,     0.450,     1.600,   419.330,     1.000,    21.251,     0.000,     0.000,     0.000,     0.000,     0.000,     0.000,     0.000,        35.000,         7.197,     0.107,     0.001,     0.009,     0.048,         1.000,         1.000,         1.000,         1.000,         1.000,         1.000,         1.000,         1.000,         1.000,         0.000,         0.000,         0.000,
     4.272,    17.767,     2.000,    20.072,    -0.005,     0.001,     0.000,     0.450,     1.600,   419.330,     1.000,    21.251,     0.000,     0.000,     0.000,     0.000,     0.000,     0.000,     0.000,        35.000,         7.194,     0.107,     0.001,     0.009,     0.048,         1.000,         1.000,         1.000,         1.000,         1.000,         1.000,         1.000,         1.000,         1.000,         0.000,         0.000,         0.000,
     4.276,    28.526,     2.000,    20.073,    -0.005,     0.004,     0.000,     0.450,     1.600,   419.330,     1.000,    21.252,     0.000,     0.000,     0.000,     0.000,     0.000,     0.000,     0.000,        35.000,         7.191,     0.107,     0.001,     0.009,     0.048,         1.000,         1.000,         1.000,         1.000,         1.000,         1.000,         1.000,         1.000,         1.000,         0.000,         0.000,         0.000,
     4.281,    34.342,     2.000,    20.073,    -0.005,     0.018,     0.000,     0.450,     1.600,   419.330,     1.000,    21.252,     0.000,     0.000,     0.000,     0.000,     0.000,     0.000,     0.000,        35.000,         7.188,     0.108,     0.001,     0.009,     0.048,         1.000,         1.000,         1.000,         1.000,         1.000,         1.000,         1.000,         1.000,         1.000,         0.000,         0.000,         0.000,
     4.285,    26.585,     2.000,    20.073,    -0.005,    -0.000,     0.000,     0.450,     1.600,   419.330,     1.000,    21.253,     0.000,     0.000,     0.000,     0.000,     0.000,     0.000,     0.000,        35.000,         7.185,     0.108,     0.001,     0.009,     0.048,         1.000,         1.000,         1.000,         1.000,         1.000,         1.000,         1.000,         1.000,         1.000,         0.000,         0.000,         0.000,
     4.289,    22.388,     2.000,    20.073,    -0.005,     0.006,     0.000,     0.450,     1.600,   419.330,     1.000,    21.253,     0.000,     0.000,     0.000,     0.000,     0.000,     0.000,     0.000,        35.000,         7.182,     0.108,     0.001,     0.009,     0.049,         1.000,         1.000,         1.000,         1.000,         1.000,         1.000,         1.000,         1.000,         1.000,         0.000,         0.000,         0.000,
     4.293,    21.984,     2.000,    20.073,    -0.005,     0.001,     0.000,     0.450,     1.600,   419.330,     1.000,    21.254,     0.000,     0.000,     0.000,     0.000,     0.000,     0.000,     0.000,        35.000,         7.179,     0.108,     0.001,     0.009,     0.049,         1.000,         1.000,         1.000,         1.000,         1.000,         1.000,         1.000,         1.000,         1.000,         0.000,         0.000,         0.000,
     4.297,    14.859,     2.000,    20.073,    -0.005,     0.010,     0.000,     0.450,     1.600,   419.330,     1.000,    21.254,     0.000,     0.000,     0.000,     0.000,     0.000,     0.000,     0.000,        35.000,         7.176,     0.108,     0.001,     0.009,     0.049,         1.000,         1.000,         1.000,         1.000,         1.000,         1.000,         1.000,         1.000,         1.000,         0.000,         0.000,         0.000,
     4.301,    15.847,     2.000,    20.074,    -0.005,    -0.024,     0.000,     0.450,     1.600,   419.330,     1.000,    21.254,     0.000,     0.000,     0.000,     0.000,     0.000,     0.000,     0.000,        35.000,         7.173,     0.108,     0.001,     0.009,     0.049,         1.000,         1.000,         1.000,         1.000,         1.000,         1.000,         1.000,         1.000,         1.000,         0.000,         0.000,         0.000,
     4.305,    15.989,     2.000,    20.074,    -0.005,    -0.015,     0.000,     0.450,     1.600,   419.330,     1.000,    21.255,     0.000,     0.000,     0.000,     0.000,     0.000,     0.000,     0.000,        35.000,         7.170,     0.108,     0.001,     0.009,     0.049,         1.000,         1.000,         1.000,         1.000,         1.000,         1.000,         1.000,         1.000,         1.000,         0.000,         0.000,         0.000,
     4.310,    28.761,     2.000,    20.075,    -0.005,    -0.008,     0.000,     0.450,     1.600,   419.330,     1.000,    21.255,     0.000,     0.000,     0.000,     0.000,     0.000,     0.000,     0.000,        35.000,         7.167,     0.108,     0.001,     0.009,     0.049,         1.000,         1.000,         1.000,         1.000,         1.000,         1.000,         1.000,         1.000,         1.000,         0.000,         0.000,         0.000,
     4.314,    28.676,     2.000,    20.075,    -0.005,    -0.003,     0.000,     0.450,     1.600,   419.330,     1.000,    21.256,     0.000,     0.000,     0.000,     0.000,     0.000,     0.000,     0.000,        35.000,         7.163,     0.109,     0.001,     0.009,     0.049,         1.000,         1.000,         1.000,         1.000,         1.000,         1.000,         1.000,         1.000,         1.000,         0.000,         0.000,         0.000,
     4.318,    27.797,     2.000,    20.076,    -0.005,     0.006,     0.000,     0.450,     1.600,   419.330,     1.000,    21.256,     0.000,     0.000,     0.000,     0.000,     0.000,     0.000,     0.000,        35.000,         7.161,     0.109,     0.001,     0.009,     0.049,         1.000,         1.000,         1.000,         1.000,         1.000,         1.000,         1.000,         1.000,         1.000,         0.000,         0.000,         0.000,
     4.322,    25.961,     2.000,    20.077,    -0.005,     0.013,     0.000,     0.450,     1.600,   419.330,     1.000,    21.257,     0.000,     0.000,     0.000,     0.000,     0.000,     0.000,     0.000,        35.000,         7.158,     0.109,     0.001,     0.009,     0.049,         1.000,         1.000,         1.000,         1.000,         1.000,         1.000,         1.000,         1.000,         1.000,         0.000,         0.000,         0.000,
     4.326,    24.588,     2.000,    20.077,    -0.005,     0.022,     0.000,     0.450,     1.600,   419.330,     1.000,    21.257,     0.000,     0.000,     0.000,     0.000,     0.000,     0.000,     0.000,        35.000,         7.154,     0.109,     0.001,     0.009,     0.049,         1.000,         1.000,         1.000,         1.000,         1.000,         1.000,         1.000,         1.000,         1.000,         0.000,         0.000,         0.000,
     4.331,    25.128,     2.000,    20.076,    -0.005,     0.014,     0.000,     0.450,     1.600,   419.330,     1.000,    21.258,     0.000,     0.000,     0.000,     0.000,     0.000,     0.000,     0.000,        35.000,         7.151,     0.109,     0.001,     0.009,     0.049,         1.000,         1.000,         1.000,         1.000,         1.000,         1.000,         1.000,         1.000,         1.000,         0.000,         0.000,         0.000,
     4.335,    25.406,     2.000,    20.076,    -0.005,     0.000,     0.000,     0.450,     1.600,   419.330,     1.000,    21.258,     0.000,     0.000,     0.000,     0.000,     0.000,     0.000,     0.000,        35.000,         7.149,     0.109,     0.001,     0.009,     0.049,         1.000,         1.000,         1.000,         1.000,         1.000,         1.000,         1.000,         1.000,         1.000,         0.000,         0.000,         0.000,
     4.339,    24.583,     2.000,    20.075,    -0.005,    -0.008,     0.000,     0.450,     1.600,   419.330,     1.000,    21.258,     0.000,     0.000,     0.000,     0.000,     0.000,     0.000,     0.000,        35.000,         7.145,     0.109,     0.001,     0.009,     0.049,         1.000,         1.000,         1.000,         1.000,         1.000,         1.000,         1.000,         1.000,         1.000,         0.000,         0.000,         0.000,
     4.343,    23.456,     2.000,    20.076,    -0.005,    -0.012,     0.000,     0.450,     1.600,   419.330,     1.000,    21.259,     0.000,     0.000,     0.000,     0.000,     0.000,     0.000,     0.000,        35.000,         7.142,     0.109,     0.001,     0.009,     0.049,         1.000,         1.000,         1.000,         1.000,         1.000,         1.000,         1.000,         1.000,         1.000,         0.000,         0.000,         0.000,
     4.347,    22.928,     2.000,    20.076,    -0.005,    -0.025,     0.000,     0.450,     1.600,   419.330,     1.000,    21.260,     0.000,     0.000,     0.000,     0.000,     0.000,     0.000,     0.000,        35.000,         7.139,     0.109,     0.001,     0.009,     0.049,         1.000,         1.000,         1.000,         1.000,         1.000,         1.000,         1.000,         1.000,         1.000,         0.000,         0.000,         0.000,
     4.351,    29.053,     2.000,    20.076,    -0.005,    -0.008,     0.000,     0.450,     1.600,   419.330,     1.000,    21.260,     0.000,     0.000,     0.000,     0.000,     0.000,     0.000,     0.000,        35.000,         7.136,     0.110,     0.001,     0.009,     0.049,         1.000,         1.000,         1.000,         1.000,         1.000,         1.000,         1.000,         1.000,         1.000,         0.000,         0.000,         0.000,
     4.355,    28.263,     2.000,    20.077,    -0.005,     0.007,     0.000,     0.450,     1.600,   419.330,     1.000,    21.261,     0.000,     0.000,     0.000,     0.000,     0.000,     0.000,     0.000,        35.000,         7.133,     0.110,     0.001,     0.009,     0.049,         1.000,         1.000,         1.000,         1.000,         1.000,         1.000,         1.000,         1.000,         1.000,         0.000,         0.000,         0.000,
     4.360,    26.273,     2.000,    20.077,    -0.005,     0.012,     0.000,     0.450,     1.600,   419.330,     1.000,    21.261,     0.000,     0.000,     0.000,     0.000,     0.000,     0.000,     0.000,        35.000,         7.130,     0.110,     0.001,     0.009,     0.049,         1.000,         1.000,         1.000,         1.000,         1.000,         1.000,         1.000,         1.000,         1.000,         0.000,         0.000,         0.000,
     4.364,    23.537,     2.000,    20.078,    -0.005,     0.008,     0.000,     0.450,     1.600,   419.330,     1.000,    21.261,     0.000,     0.000,     0.000,     0.000,     0.000,     0.000,     0.000,        35.000,         7.127,     0.110,     0.001,     0.009,     0.049,         1.000,         1.000,         1.000,         1.000,         1.000,         1.000,         1.000,         1.000,         1.000,         0.000,         0.000,         0.000,
     4.368,    22.971,     2.000,    20.078,    -0.005,     0.010,     0.000,     0.450,     1.600,   419.330,     1.000,    21.262,     0.000,     0.000,     0.000,     0.000,     0.000,     0.000,     0.000,        35.000,         7.124,     0.110,     0.001,     0.009,     0.050,         1.000,         1.000,         1.000,         1.000,         1.000,         1.000,         1.000,         1.000,         1.000,         0.000,         0.000,         0.000,
     4.372,    22.802,     2.000,    20.078,    -0.005,     0.019,     0.000,     0.450,     1.600,   419.330,     1.000,    21.262,     0.000,     0.000,     0.000,     0.000,     0.000,     0.000,     0.000,        35.000,         7.121,     0.110,     0.001,     0.009,     0.050,         1.000,         1.000,         1.000,         1.000,         1.000,         1.000,         1.000,         1.000,         1.000,         0.000,         0.000,         0.000,
     4.376,    24.544,     2.000,    20.078,    -0.005,     0.017,     0.000,     0.450,     1.600,   419.330,     1.000,    21.263,     0.000,     0.000,     0.000,     0.000,     0.000,     0.000,     0.000,        35.000,         7.118,     0.110,     0.001,     0.009,     0.050,         1.000,         1.000,         1.000,         1.000,         1.000,         1.000,         1.000,         1.000,         1.000,         0.000,         0.000,         0.000,
     4.380,    26.279,     2.000,    20.078,    -0.005,    -0.002,     0.000,     0.450,     1.600,   419.330,     1.000,    21.263,     0.000,     0.000,     0.000,     0.000,     0.000,     0.000,     0.000,        35.000,         7.115,     0.110,     0.001,     0.009,     0.050,         1.000,         1.000,         1.000,         1.000,         1.000,         1.000,         1.000,         1.000,         1.000,         0.000,         0.000,         0.000,
     4.385,    23.878,     2.000,    20.079,    -0.005,    -0.020,     0.000,     0.450,     1.600,   419.330,     1.000,    21.263,     0.000,     0.000,     0.000,     0.000,     0.000,     0.000,     0.000,        35.000,         7.112,     0.110,     0.001,     0.009,     0.050,         1.000,         1.000,         1.000,         1.000,         1.000,         1.000,         1.000,         1.000,         1.000,         0.000,         0.000,         0.000,
     4.389,    25.238,     2.000,    20.079,    -0.005,     0.004,     0.000,     0.450,     1.600,   419.330,     1.000,    21.264,     0.000,     0.000,     0.000,     0.000,     0.000,     0.000,     0.000,        35.000,         7.109,     0.111,     0.001,     0.009,     0.050,         1.000,         1.000,         1.000,         1.000,         1.000,         1.000,         1.000,         1.000,         1.000,         0.000,         0.000,         0.000,
     4.393,    24.413,     2.000,    20.080,    -0.005,    -0.015,     0.000,     0.450,     1.600,   419.330,     1.000,    21.264,     0.000,     0.000,     0.000,     0.000,     0.000,     0.000,     0.000,        35.000,         7.106,     0.111,     0.001,     0.009,     0.050,         1.000,         1.000,         1.000,         1.000,         1.000,         1.000,         1.000,         1.000,         1.000,         0.000,         0.000,         0.000,
     4.397,    26.412,     2.000,    20.081,    -0.005,    -0.001,     0.000,     0.450,     1.600,   419.330,     1.000,    21.265,     0.000,     0.000,     0.000,     0.000,     0.000,     0.000,     0.000,        35.000,         7.103,     0.111,     0.001,     0.009,     0.050,         1.000,         1.000,         1.000,         1.000,         1.000,         1.000,         1.000,         1.000,         1.000,         0.000,         0.000,         0.000,
     4.401,    28.587,     2.000,    20.081,    -0.005,    -0.018,     0.000,     0.450,     1.600,   419.330,     1.000,    21.265,     0.000,     0.000,     0.000,     0.000,     0.000,     0.000,     0.000,        35.000,         7.100,     0.111,     0.001,     0.009,     0.050,         1.000,         1.000,         1.000,         1.000,         1.000,         1.000,         1.000,         1.000,         1.000,         0.000,         0.000,         0.000,
     4.406,    24.950,     2.000,    20.082,    -0.005,    -0.005,     0.000,     0.450,     1.600,   419.330,     1.000,    21.266,     0.000,     0.000,     0.000,     0.000,     0.000,     0.000,     0.000,        35.000,         7.097,     0.111,     0.001,     0.009,     0.050,         1.000,         1.000,         1.000,         1.000,         1.000,         1.000,         1.000,         1.000,         1.000,         0.000,         0.000,         0.000,
     4.410,    22.919,     2.000,    20.082,    -0.005,     0.003,     0.000,     0.450,     1.600,   419.330,     1.000,    21.266,     0.000,     0.000,     0.000,     0.000,     0.000,     0.000,     0.000,        35.000,         7.094,     0.111,     0.001,     0.009,     0.050,         1.000,         1.000,         1.000,         1.000,         1.000,         1.000,         1.000,         1.000,         1.000,         0.000,         0.000,         0.000,
     4.414,    15.940,     2.000,    20.083,    -0.005,     0.014,     0.000,     0.450,     1.600,   419.330,     1.000,    21.267,     0.000,     0.000,     0.000,     0.000,     0.000,     0.000,     0.000,        35.000,         7.092,     0.111,     0.001,     0.009,     0.050,         1.000,         1.000,         1.000,         1.000,         1.000,         1.000,         1.000,         1.000,         1.000,         0.000,         0.000,         0.000,
     4.418,    22.708,     2.000,    20.082,    -0.005,     0.005,     0.000,     0.450,     1.600,   419.330,     1.000,    21.267,     0.000,     0.000,     0.000,     0.000,     0.000,     0.000,     0.000,        35.000,         7.088,     0.111,     0.001,     0.009,     0.050,         1.000,         1.000,         1.000,         1.000,         1.000,         1.000,         1.000,         1.000,         1.000,         0.000,         0.000,         0.000,
     4.422,    22.208,     2.000,    20.082,    -0.005,    -0.003,     0.000,     0.450,     1.600,   419.330,     1.000,    21.267,     0.000,     0.000,     0.000,     0.000,     0.000,     0.000,     0.000,        35.000,         7.086,     0.111,     0.001,     0.009,     0.050,         1.000,         1.000,         1.000,         1.000,         1.000,         1.000,         1.000,         1.000,         1.000,         0.000,         0.000,         0.000,
     4.426,    23.880,     2.000,    20.082,    -0.005,     0.015,     0.000,     0.450,     1.600,   419.330,     1.000,    21.268,     0.000,     0.000,     0.000,     0.000,     0.000,     0.000,     0.000,        35.000,         7.082,     0.112,     0.001,     0.009,     0.050,         1.000,         1.000,         1.000,         1.000,         1.000,         1.000,         1.000,         1.000,         1.000,         0.000,         0.000,         0.000,
     4.431,    24.714,     2.000,    20.082,    -0.005,    -0.001,     0.000,     0.450,     1.600,   419.330,     1.000,    21.269,     0.000,     0.000,     0.000,     0.000,     0.000,     0.000,     0.000,        35.000,         7.079,     0.112,     0.001,     0.009,     0.050,         1.000,         1.000,         1.000,         1.000,         1.000,         1.000,         1.000,         1.000,         1.000,         0.000,         0.000,         0.000,
     4.435,    23.470,     2.000,    20.081,    -0.005,    -0.002,     0.000,     0.450,     1.600,   419.330,     1.000,    21.269,     0.000,     0.000,     0.000,     0.000,     0.000,     0.000,     0.000,        35.000,         7.077,     0.112,     0.001,     0.009,     0.050,         1.000,         1.000,         1.000,         1.000,         1.000,         1.000,         1.000,         1.000,         1.000,         0.000,         0.000,         0.000,
     4.439,    17.501,     2.000,    20.081,    -0.005,    -0.017,     0.000,     0.450,     1.600,   419.330,     1.000,    21.269,     0.000,     0.000,     0.000,     0.000,     0.000,     0.000,     0.000,        35.000,         7.074,     0.112,     0.001,     0.009,     0.050,         1.000,         1.000,         1.000,         1.000,         1.000,         1.000,         1.000,         1.000,         1.000,         0.000,         0.000,         0.000,
     4.443,    21.994,     2.000,    20.082,    -0.005,     0.012,     0.000,     0.450,     1.600,   419.330,     1.000,    21.270,     0.000,     0.000,     0.000,     0.000,     0.000,     0.000,     0.000,        35.000,         7.071,     0.112,     0.001,     0.009,     0.050,         1.000,         1.000,         1.000,         1.000,         1.000,         1.000,         1.000,         1.000,         1.000,         0.000,         0.000,         0.000,
     4.447,    28.296,     2.000,    20.082,    -0.005,     0.011,     0.000,     0.450,     1.600,   419.330,     1.000,    21.270,     0.000,     0.000,     0.000,     0.000,     0.000,     0.000,     0.000,        35.000,         7.067,     0.112,     0.001,     0.009,     0.050,         1.000,         1.000,         1.000,         1.000,         1.000,         1.000,         1.000,         1.000,         1.000,         0.000,         0.000,         0.000,
     4.451,    29.036,     2.000,    20.083,    -0.005,     0.007,     0.000,     0.450,     1.600,   419.330,     1.000,    21.271,     0.000,     0.000,     0.000,     0.000,     0.000,     0.000,     0.000,        35.000,         7.065,     0.112,     0.001,     0.009,     0.051,         1.000,         1.000,         1.000,         1.000,         1.000,         1.000,         1.000,         1.000,         1.000,         0.000,         0.000,         0.000,
     4.456,    25.550,     2.000,    20.083,    -0.005,    -0.003,     0.000,     0.450,     1.600,   419.330,     1.000,    21.271,     0.000,     0.000,     0.000,     0.000,     0.000,     0.000,     0.000,        35.000,         7.062,     0.112,     0.001,     0.009,     0.051,         1.000,         1.000,         1.000,         1.000,         1.000,         1.000,         1.000,         1.000,         1.000,         0.000,         0.000,         0.000,
     4.460,    23.413,     2.000,    20.084,    -0.005,     0.018,     0.000,     0.450,     1.600,   419.330,     1.000,    21.271,     0.000,     0.000,     0.000,     0.000,     0.000,     0.000,     0.000,        35.000,         7.059,     0.113,     0.001,     0.009,     0.051,         1.000,         1.000,         1.000,         1.000,         1.000,         1.000,         1.000,         1.000,         1.000,         0.000,         0.000,         0.000,
     4.464,    20.806,     2.000,    20.084,    -0.005,    -0.000,     0.000,     0.450,     1.600,   419.330,     1.000,    21.272,     0.000,     0.000,     0.000,     0.000,     0.000,     0.000,     0.000,        35.000,         7.056,     0.113,     0.001,     0.009,     0.051,         1.000,         1.000,         1.000,         1.000,         1.000,         1.000,         1.000,         1.000,         1.000,         0.000,         0.000,         0.000,
     4.468,    16.789,     2.000,    20.084,    -0.005,    -0.016,     0.000,     0.450,     1.600,   419.330,     1.000,    21.272,     0.000,     0.000,     0.000,     0.000,     0.000,     0.000,     0.000,        35.000,         7.053,     0.113,     0.001,     0.009,     0.051,         1.000,         1.000,         1.000,         1.000,         1.000,         1.000,         1.000,         1.000,         1.000,         0.000,         0.000,         0.000,
     4.472,    24.284,     2.000,    20.083,    -0.005,    -0.018,     0.000,     0.450,     1.600,   419.330,     1.000,    21.272,     0.000,     0.000,     0.000,     0.000,     0.000,     0.000,     0.000,        35.000,         7.050,     0.113,     0.001,     0.009,     0.051,         1.000,         1.000,         1.000,         1.000,         1.000,         1.000,         1.000,         1.000,         1.000,         0.000,         0.000,         0.000,
     4.477,    39.508,     2.000,    20.083,    -0.005,     0.014,     0.000,     0.450,     1.600,   419.330,     1.000,    21.273,     0.000,     0.000,     0.000,     0.000,     0.000,     0.000,     0.000,        35.000,         7.047,     0.113,     0.001,     0.009,     0.051,         1.000,         1.000,         1.000,         1.000,         1.000,         1.000,         1.000,         1.000,         1.000,         0.000,         0.000,         0.000,
     4.481,    32.071,     2.000,    20.083,    -0.005,     0.008,     0.000,     0.450,     1.600,   419.330,     1.000,    21.274,     0.000,     0.000,     0.000,     0.000,     0.000,     0.000,     0.000,        35.000,         7.044,     0.113,     0.001,     0.009,     0.051,         1.000,         1.000,         1.000,         1.000,         1.000,         1.000,         1.000,         1.000,         1.000,         0.000,         0.000,         0.000,
     4.485,    23.753,     2.000,    20.083,    -0.005,    -0.012,     0.000,     0.450,     1.600,   419.330,     1.000,    21.274,     0.000,     0.000,     0.000,     0.000,     0.000,     0.000,     0.000,        35.000,         7.041,     0.113,     0.001,     0.009,     0.051,         1.000,         1.000,         1.000,         1.000,         1.000,         1.000,         1.000,         1.000,         1.000,         0.000,         0.000,         0.000,
     4.489,    16.906,     2.000,    20.083,    -0.005,    -0.007,     0.000,     0.450,     1.600,   419.330,     1.000,    21.274,     0.000,     0.000,     0.000,     0.000,     0.000,     0.000,     0.000,        35.000,         7.038,     0.113,     0.001,     0.009,     0.051,         1.000,         1.000,         1.000,         1.000,         1.000,         1.000,         1.000,         1.000,         1.000,         0.000,         0.000,         0.000,
     4.493,    24.187,     2.000,    20.083,    -0.005,     0.016,     0.000,     0.450,     1.600,   419.330,     1.000,    21.275,     0.000,     0.000,     0.000,     0.000,     0.000,     0.000,     0.000,        35.000,         7.035,     0.113,     0.001,     0.009,     0.051,         1.000,         1.000,         1.000,         1.000,         1.000,         1.000,         1.000,         1.000,         1.000,         0.000,         0.000,         0.000,
     4.497,    24.555,     2.000,    20.083,    -0.005,     0.001,     0.000,     0.450,     1.600,   419.330,     1.000,    21.275,     0.000,     0.000,     0.000,     0.000,     0.000,     0.000,     0.000,        35.000,         7.032,     0.114,     0.001,     0.009,     0.051,         1.000,         1.000,         1.000,         1.000,         1.000,         1.000,         1.000,         1.000,         1.000,         0.000,         0.000,         0.000,
     4.502,    27.641,     2.000,    20.083,    -0.005,    -0.010,     0.000,     0.450,     1.600,   419.330,     1.000,    21.275,     0.000,     0.000,     0.000,     0.000,     0.000,     0.000,     0.000,        35.000,         7.029,     0.114,     0.001,     0.009,     0.051,         1.000,         1.000,         1.000,         1.000,         1.000,         1.000,         1.000,         1.000,         1.000,         0.000,         0.000,         0.000,
     4.506,    26.618,     2.000,    20.083,    -0.005,     0.007,     0.000,     0.450,     1.600,   419.330,     1.000,    21.276,     0.000,     0.000,     0.000,     0.000,     0.000,     0.000,     0.000,        35.000,         7.026,     0.114,     0.001,     0.009,     0.051,         1.000,         1.000,         1.000,         1.000,         1.000,         1.000,         1.000,         1.000,         1.000,         0.000,         0.000,         0.000,
     4.510,    24.955,     2.000,    20.083,    -0.005,     0.008,     0.000,     0.450,     1.600,   419.330,     1.000,    21.277,     0.000,     0.000,     0.000,     0.000,     0.000,     0.000,     0.000,        35.000,         7.023,     0.114,     0.001,     0.009,     0.051,         1.000,         1.000,         1.000,         1.000,         1.000,         1.000,         1.000,         1.000,         1.000,         0.000,         0.000,         0.000,
     4.514,    22.432,     2.000,    20.083,    -0.005,    -0.000,     0.000,     0.450,     1.600,   419.330,     1.000,    21.277,     0.000,     0.000,     0.000,     0.000,     0.000,     0.000,     0.000,        35.000,         7.020,     0.114,     0.001,     0.009,     0.051,         1.000,         1.000,         1.000,         1.000,         1.000,         1.000,         1.000,         1.000,         1.000,         0.000,         0.000,         0.000,
     4.518,    20.397,     2.000,    20.083,    -0.005,    -0.010,     0.000,     0.450,     1.600,   419.330,     1.000,    21.277,     0.000,     0.000,     0.000,     0.000,     0.000,     0.000,     0.000,        35.000,         7.017,     0.114,     0.001,     0.009,     0.051,         1.000,         1.000,         1.000,         1.000,         1.000,         1.000,         1.000,         1.000,         1.000,         0.000,         0.000,         0.000,
     4.522,    27.727,     2.000,    20.083,    -0.005,     0.009,     0.000,     0.450,     1.600,   419.330,     1.000,    21.278,     0.000,     0.000,     0.000,     0.000,     0.000,     0.000,     0.000,        35.000,         7.014,     0.114,     0.001,     0.009,     0.051,         1.000,         1.000,         1.000,         1.000,         1.000,         1.000,         1.000,         1.000,         1.000,         0.000,         0.000,         0.000,
     4.527,    35.355,     2.000,    20.082,    -0.005,    -0.001,     0.000,     0.450,     1.600,   419.330,     1.000,    21.278,     0.000,     0.000,     0.000,     0.000,     0.000,     0.000,     0.000,        35.000,         7.011,     0.114,     0.001,     0.009,     0.051,         1.000,         1.000,         1.000,         1.000,         1.000,         1.000,         1.000,         1.000,         1.000,         0.000,         0.000,         0.000,
     4.531,    26.879,     2.000,    20.082,    -0.005,    -0.003,     0.000,     0.450,     1.600,   419.330,     1.000,    21.278,     0.000,     0.000,     0.000,     0.000,     0.000,     0.000,     0.000,        35.000,         7.008,     0.114,     0.001,     0.009,     0.051,         1.000,         1.000,         1.000,         1.000,         1.000,         1.000,         1.000,         1.000,         1.000,         0.000,         0.000,         0.000,
     4.535,    23.989,     2.000,    20.083,    -0.005,    -0.006,     0.000,     0.450,     1.600,   419.330,     1.000,    21.279,     0.000,     0.000,     0.000,     0.000,     0.000,     0.000,     0.000,        35.000,         7.005,     0.115,     0.001,     0.009,     0.052,         1.000,         1.000,         1.000,         1.000,         1.000,         1.000,         1.000,         1.000,         1.000,         0.000,         0.000,         0.000,
     4.539,    22.306,     2.000,    20.083,    -0.005,     0.009,     0.000,     0.450,     1.600,   419.330,     1.000,    21.279,     0.000,     0.000,     0.000,     0.000,     0.000,     0.000,     0.000,        35.000,         7.002,     0.115,     0.001,     0.009,     0.052,         1.000,         1.000,         1.000,         1.000,         1.000,         1.000,         1.000,         1.000,         1.000,         0.000,         0.000,         0.000,
     4.543,    21.603,     2.000,    20.084,    -0.005,    -0.009,     0.000,     0.450,     1.600,   419.330,     1.000,    21.280,     0.000,     0.000,     0.000,     0.000,     0.000,     0.000,     0.000,        35.000,         7.000,     0.115,     0.001,     0.009,     0.052,         1.000,         1.000,         1.000,         1.000,         1.000,         1.000,         1.000,         1.000,         1.000,         0.000,         0.000,         0.000,
     4.547,    21.396,     2.000,    20.084,    -0.005,    -0.012,     0.000,     0.450,     1.600,   419.330,     1.000,    21.280,     0.000,     0.000,     0.000,     0.000,     0.000,     0.000,     0.000,        35.000,         6.997,     0.115,     0.001,     0.009,     0.052,         1.000,         1.000,         1.000,         1.000,         1.000,         1.000,         1.000,         1.000,         1.000,         0.000,         0.000,         0.000,
     4.551,    33.820,     2.000,    20.083,    -0.005,     0.015,     0.000,     0.450,     1.600,   419.330,     1.000,    21.280,     0.000,     0.000,     0.000,     0.000,     0.000,     0.000,     0.000,        35.000,         6.994,     0.115,     0.001,     0.009,     0.052,         1.000,         1.000,         1.000,         1.000,         1.000,         1.000,         1.000,         1.000,         1.000,         0.000,         0.000,         0.000,
     4.556,    33.955,     2.000,    20.083,    -0.005,     0.021,     0.000,     0.450,     1.600,   419.330,     1.000,    21.281,     0.000,     0.000,     0.000,     0.000,     0.000,     0.000,     0.000,        35.000,         6.991,     0.115,     0.001,     0.009,     0.052,         1.000,         1.000,         1.000,         1.000,         1.000,         1.000,         1.000,         1.000,         1.000,         0.000,         0.000,         0.000,
     4.560,    24.471,     2.000,    20.083,    -0.005,    -0.005,     0.000,     0.450,     1.600,   419.330,     1.000,    21.281,     0.000,     0.000,     0.000,     0.000,     0.000,     0.000,     0.000,        35.000,         6.988,     0.115,     0.001,     0.009,     0.052,         1.000,         1.000,         1.000,         1.000,         1.000,         1.000,         1.000,         1.000,         1.000,         0.000,         0.000,         0.000,
     4.564,    23.339,     2.000,    20.083,    -0.005,     0.001,     0.000,     0.450,     1.600,   419.330,     1.000,    21.282,     0.000,     0.000,     0.000,     0.000,     0.000,     0.000,     0.000,        35.000,         6.985,     0.115,     0.001,     0.009,     0.052,         1.000,         1.000,         1.000,         1.000,         1.000,         1.000,         1.000,         1.000,         1.000,         0.000,         0.000,         0.000,
     4.568,    23.290,     2.000,    20.082,    -0.005,     0.013,     0.000,     0.450,     1.600,   419.330,     1.000,    21.282,     0.000,     0.000,     0.000,     0.000,     0.000,     0.000,     0.000,        35.000,         6.982,     0.115,     0.001,     0.009,     0.052,         1.000,         1.000,         1.000,         1.000,         1.000,         1.000,         1.000,         1.000,         1.000,         0.000,         0.000,         0.000,
     4.572,    29.557,     2.000,    20.082,    -0.005,     0.011,     0.000,     0.450,     1.600,   419.330,     1.000,    21.283,     0.000,     0.000,     0.000,     0.000,     0.000,     0.000,     0.000,        35.000,         6.979,     0.116,     0.001,     0.009,     0.052,         1.000,         1.000,         1.000,         1.000,         1.000,         1.000,         1.000,         1.000,         1.000,         0.000,         0.000,         0.000,
     4.576,    23.706,     2.000,    20.081,    -0.005,    -0.016,     0.000,     0.450,     1.600,   419.330,     1.000,    21.283,     0.000,     0.000,     0.000,     0.000,     0.000,     0.000,     0.000,        35.000,         6.976,     0.116,     0.001,     0.009,     0.052,         1.000,         1.000,         1.000,         1.000,         1.000,         1.000,         1.000,         1.000,         1.000,         0.000,         0.000,         0.000,
     4.581,    21.683,     2.000,    20.081,    -0.005,    -0.010,     0.000,     0.450,     1.600,   419.330,     1.000,    21.284,     0.000,     0.000,     0.000,     0.000,     0.000,     0.000,     0.000,        35.000,         6.973,     0.116,     0.001,     0.009,     0.052,         1.000,         1.000,         1.000,         1.000,         1.000,         1.000,         1.000,         1.000,         1.000,         0.000,         0.000,         0.000,
     4.585,    21.136,     2.000,    20.081,    -0.005,    -0.003,     0.000,     0.450,     1.600,   419.330,     1.000,    21.284,     0.000,     0.000,     0.000,     0.000,     0.000,     0.000,     0.000,        35.000,         6.970,     0.116,     0.001,     0.009,     0.052,         1.000,         1.000,         1.000,         1.000,         1.000,         1.000,         1.000,         1.000,         1.000,         0.000,         0.000,         0.000,
     4.589,    20.247,     2.000,    20.082,    -0.005,    -0.014,     0.000,     0.450,     1.600,   419.330,     1.000,    21.285,     0.000,     0.000,     0.000,     0.000,     0.000,     0.000,     0.000,        35.000,         6.967,     0.116,     0.001,     0.009,     0.052,         1.000,         1.000,         1.000,         1.000,         1.000,         1.000,         1.000,         1.000,         1.000,         0.000,         0.000,         0.000,
     4.593,    17.758,     2.000,    20.082,    -0.005,    -0.001,     0.000,     0.450,     1.600,   419.330,     1.000,    21.285,     0.000,     0.000,     0.000,     0.000,     0.000,     0.000,     0.000,        35.000,         6.964,     0.116,     0.001,     0.009,     0.052,         1.000,         1.000,         1.000,         1.000,         1.000,         1.000,         1.000,         1.000,         1.000,         0.000,         0.000,         0.000,
     4.597,    22.135,     2.000,    20.083,    -0.005,     0.002,     0.000,     0.450,     1.600,   419.330,     1.000,    21.285,     0.000,     0.000,     0.000,     0.000,     0.000,     0.000,     0.000,        35.000,         6.961,     0.116,     0.001,     0.009,     0.052,         1.000,         1.000,         1.000,         1.000,         1.000,         1.000,         1.000,         1.000,         1.000,         0.000,         0.000,         0.000,
     4.601,    27.383,     2.000,    20.083,    -0.005,     0.025,     0.000,     0.450,     1.600,   419.330,     1.000,    21.286,     0.000,     0.000,     0.000,     0.000,     0.000,     0.000,     0.000,        35.000,         6.958,     0.116,     0.001,     0.009,     0.052,         1.000,         1.000,         1.000,         1.000,         1.000,         1.000,         1.000,         1.000,         1.000,         0.000,         0.000,         0.000,
     4.606,    31.698,     2.000,    20.084,    -0.005,     0.014,     0.000,     0.450,     1.600,   419.330,     1.000,    21.286,     0.000,     0.000,     0.000,     0.000,     0.000,     0.000,     0.000,        35.000,         6.955,     0.116,     0.001,     0.009,     0.052,         1.000,         1.000,         1.000,         1.000,         1.000,         1.000,         1.000,         1.000,         1.000,         0.000,         0.000,         0.000,
     4.610,    27.468,     2.000,    20.084,    -0.005,     0.009,     0.000,     0.450,     1.600,   419.330,     1.000,    21.287,     0.000,     0.000,     0.000,     0.000,     0.000,     0.000,     0.000,        35.000,         6.952,     0.117,     0.001,     0.009,     0.052,         1.000,         1.000,         1.000,         1.000,         1.000,         1.000,         1.000,         1.000,         1.000,         0.000,         0.000,         0.000,
     4.614,    26.895,     2.000,    20.084,    -0.005,     0.011,     0.000,     0.450,     1.600,   419.330,     1.000,    21.287,     0.000,     0.000,     0.000,     0.000,     0.000,     0.000,     0.000,        35.000,         6.949,     0.117,     0.001,     0.009,     0.052,         1.000,         1.000,         1.000,         1.000,         1.000,         1.000,         1.000,         1.000,         1.000,         0.000,         0.000,         0.000,
     4.618,    23.853,     2.000,    20.084,    -0.005,     0.003,     0.000,     0.450,     1.600,   419.330,     1.000,    21.288,     0.000,     0.000,     0.000,     0.000,     0.000,     0.000,     0.000,        35.000,         6.947,     0.117,     0.001,     0.009,     0.053,         1.000,         1.000,         1.000,         1.000,         1.000,         1.000,         1.000,         1.000,         1.000,         0.000,         0.000,         0.000,
     4.622,    23.659,     2.000,    20.083,    -0.005,    -0.021,     0.000,     0.450,     1.600,   419.330,     1.000,    21.288,     0.000,     0.000,     0.000,     0.000,     0.000,     0.000,     0.000,        35.000,         6.944,     0.117,     0.001,     0.009,     0.053,         1.000,         1.000,         1.000,         1.000,         1.000,         1.000,         1.000,         1.000,         1.000,         0.000,         0.000,         0.000,
     4.627,    18.072,     2.000,    20.083,    -0.005,    -0.020,     0.000,     0.450,     1.600,   419.330,     1.000,    21.288,     0.000,     0.000,     0.000,     0.000,     0.000,     0.000,     0.000,        35.000,         6.941,     0.117,     0.001,     0.009,     0.053,         1.000,         1.000,         1.000,         1.000,         1.000,         1.000,         1.000,         1.000,         1.000,         0.000,         0.000,         0.000,
     4.631,    22.698,     2.000,    20.084,    -0.005,    -0.004,     0.000,     0.450,     1.600,   419.330,     1.000,    21.289,     0.000,     0.000,     0.000,     0.000,     0.000,     0.000,     0.000,        35.000,         6.938,     0.117,     0.001,     0.009,     0.053,         1.000,         1.000,         1.000,         1.000,         1.000,         1.000,         1.000,         1.000,         1.000,         0.000,         0.000,         0.000,
     4.635,    34.619,     2.000,    20.084,    -0.005,     0.001,     0.000,     0.450,     1.600,   419.330,     1.000,    21.289,     0.000,     0.000,     0.000,     0.000,     0.000,     0.000,     0.000,        35.000,         6.935,     0.117,     0.001,     0.009,     0.053,         1.000,         1.000,         1.000,         1.000,         1.000,         1.000,         1.000,         1.000,         1.000,         0.000,         0.000,         0.000,
     4.639,    39.660,     2.000,    20.085,    -0.005,     0.018,     0.000,     0.450,     1.600,   419.330,     1.000,    21.290,     0.000,     0.000,     0.000,     0.000,     0.000,     0.000,     0.000,        35.000,         6.932,     0.117,     0.001,     0.009,     0.053,         1.000,         1.000,         1.000,         1.000,         1.000,         1.000,         1.000,         1.000,         1.000,         0.000,         0.000,         0.000,
     4.643,    30.197,     2.000,    20.085,    -0.005,     0.013,     0.000,     0.450,     1.600,   419.330,     1.000,    21.290,     0.000,     0.000,     0.000,     0.000,     0.000,     0.000,     0.000,        35.000,         6.929,     0.117,     0.001,     0.009,     0.053,         1.000,         1.000,         1.000,         1.000,         1.000,         1.000,         1.000,         1.000,         1.000,         0.000,         0.000,         0.000,
     4.647,    28.054,     2.000,    20.085,    -0.005,     0.025,     0.000,     0.450,     1.600,   419.330,     1.000,    21.291,     0.000,     0.000,     0.000,     0.000,     0.000,     0.000,     0.000,        35.000,         6.926,     0.118,     0.001,     0.009,     0.053,         1.000,         1.000,         1.000,         1.000,         1.000,         1.000,         1.000,         1.000,         1.000,         0.000,         0.000,         0.000,
     4.652,    25.707,     2.000,    20.085,    -0.005,     0.012,     0.000,     0.450,     1.600,   419.330,     1.000,    21.291,     0.000,     0.000,     0.000,     0.000,     0.000,     0.000,     0.000,        35.000,         6.923,     0.118,     0.001,     0.009,     0.053,         1.000,         1.000,         1.000,         1.000,         1.000,         1.000,         1.000,         1.000,         1.000,         0.000,         0.000,         0.000,
     4.656,    25.955,     2.000,    20.085,    -0.005,     0.008,     0.000,     0.450,     1.600,   419.330,     1.000,    21.291,     0.000,     0.000,     0.000,     0.000,     0.000,     0.000,     0.000,        35.000,         6.920,     0.118,     0.001,     0.009,     0.053,         1.000,         1.000,         1.000,         1.000,         1.000,         1.000,         1.000,         1.000,         1.000,         0.000,         0.000,         0.000,
     4.660,    25.899,     2.000,    20.084,    -0.005,    -0.014,     0.000,     0.450,     1.600,   419.330,     1.000,    21.292,     0.000,     0.000,     0.000,     0.000,     0.000,     0.000,     0.000,        35.000,         6.917,     0.118,     0.001,     0.009,     0.053,         1.000,         1.000,         1.000,         1.000,         1.000,         1.000,         1.000,         1.000,         1.000,         0.000,         0.000,         0.000,
     4.664,    27.770,     2.000,    20.084,    -0.005,    -0.019,     0.000,     0.450,     1.600,   419.330,     1.000,    21.292,     0.000,     0.000,     0.000,     0.000,     0.000,     0.000,     0.000,        35.000,         6.914,     0.118,     0.001,     0.009,     0.053,         1.000,         1.000,         1.000,         1.000,         1.000,         1.000,         1.000,         1.000,         1.000,         0.000,         0.000,         0.000,
     4.668,    25.259,     2.000,    20.085,    -0.005,    -0.031,     0.000,     0.450,     1.600,   419.330,     1.000,    21.293,     0.000,     0.000,     0.000,     0.000,     0.000,     0.000,     0.000,        35.000,         6.912,     0.118,     0.001,     0.009,     0.053,         1.000,         1.000,         1.000,         1.000,         1.000,         1.000,         1.000,         1.000,         1.000,         0.000,         0.000,         0.000,
     4.673,    31.335,     2.000,    20.085,    -0.005,    -0.020,     0.000,     0.450,     1.600,   419.330,     1.000,    21.293,     0.000,     0.000,     0.000,     0.000,     0.000,     0.000,     0.000,        35.000,         6.909,     0.118,     0.001,     0.009,     0.053,         1.000,         1.000,         1.000,         1.000,         1.000,         1.000,         1.000,         1.000,         1.000,         0.000,         0.000,         0.000,
     4.677,    28.874,     2.000,    20.086,    -0.005,    -0.001,     0.000,     0.450,     1.600,   419.330,     1.000,    21.294,     0.000,     0.000,     0.000,     0.000,     0.000,     0.000,     0.000,        35.000,         6.906,     0.118,     0.001,     0.009,     0.053,         1.000,         1.000,         1.000,         1.000,         1.000,         1.000,         1.000,         1.000,         1.000,         0.000,         0.000,         0.000,
     4.681,    22.977,     2.000,    20.086,    -0.005,     0.012,     0.000,     0.450,     1.600,   419.330,     1.000,    21.294,     0.000,     0.000,     0.000,     0.000,     0.000,     0.000,     0.000,        35.000,         6.903,     0.118,     0.001,     0.009,     0.053,         1.000,         1.000,         1.000,         1.000,         1.000,         1.000,         1.000,         1.000,         1.000,         0.000,         0.000,         0.000,
     4.685,    22.692,     2.000,    20.086,    -0.005,     0.013,     0.000,     0.450,     1.600,   419.330,     1.000,    21.294,     0.000,     0.000,     0.000,     0.000,     0.000,     0.000,     0.000,        35.000,         6.900,     0.119,     0.001,     0.009,     0.053,         1.000,         1.000,         1.000,         1.000,         1.000,         1.000,         1.000,         1.000,         1.000,         0.000,         0.000,         0.000,
     4.689,    30.474,     2.000,    20.087,    -0.005,     0.015,     0.000,     0.450,     1.600,   419.330,     1.000,    21.295,     0.000,     0.000,     0.000,     0.000,     0.000,     0.000,     0.000,        35.000,         6.897,     0.119,     0.001,     0.009,     0.053,         1.000,         1.000,         1.000,         1.000,         1.000,         1.000,         1.000,         1.000,         1.000,         0.000,         0.000,         0.000,
     4.693,    28.442,     2.000,    20.086,    -0.005,     0.018,     0.000,     0.450,     1.600,   419.330,     1.000,    21.295,     0.000,     0.000,     0.000,     0.000,     0.000,     0.000,     0.000,        35.000,         6.894,     0.119,     0.001,     0.009,     0.053,         1.000,         1.000,         1.000,         1.000,         1.000,         1.000,         1.000,         1.000,         1.000,         0.000,         0.000,         0.000,
     4.697,    26.679,     2.000,    20.086,    -0.005,     0.015,     0.000,     0.450,     1.600,   419.330,     1.000,    21.295,     0.000,     0.000,     0.000,     0.000,     0.000,     0.000,     0.000,        35.000,         6.891,     0.119,     0.001,     0.010,     0.053,         1.000,         1.000,         1.000,         1.000,         1.000,         1.000,         1.000,         1.000,         1.000,         0.000,         0.000,         0.000,
     4.701,    16.290,     2.000,    20.087,    -0.005,    -0.010,     0.000,     0.450,     1.600,   419.330,     1.000,    21.296,     0.000,     0.000,     0.000,     0.000,     0.000,     0.000,     0.000,        35.000,         6.888,     0.119,     0.001,     0.010,     0.054,         1.000,         1.000,         1.000,         1.000,         1.000,         1.000,         1.000,         1.000,         1.000,         0.000,         0.000,         0.000,
     4.706,    22.552,     2.000,    20.087,    -0.005,    -0.022,     0.000,     0.450,     1.600,   419.330,     1.000,    21.296,     0.000,     0.000,     0.000,     0.000,     0.000,     0.000,     0.000,        35.000,         6.886,     0.119,     0.001,     0.010,     0.054,         1.000,         1.000,         1.000,         1.000,         1.000,         1.000,         1.000,         1.000,         1.000,         0.000,         0.000,         0.000,
     4.710,    27.064,     2.000,    20.087,    -0.005,    -0.018,     0.000,     0.450,     1.600,   419.330,     1.000,    21.296,     0.000,     0.000,     0.000,     0.000,     0.000,     0.000,     0.000,        35.000,         6.883,     0.119,     0.001,     0.010,     0.054,         1.000,         1.000,         1.000,         1.000,         1.000,         1.000,         1.000,         1.000,         1.000,         0.000,         0.000,         0.000,
     4.714,    29.365,     2.000,    20.087,    -0.005,    -0.007,     0.000,     0.450,     1.600,   419.330,     1.000,    21.297,     0.000,     0.000,     0.000,     0.000,     0.000,     0.000,     0.000,        35.000,         6.880,     0.119,     0.001,     0.010,     0.054,         1.000,         1.000,         1.000,         1.000,         1.000,         1.000,         1.000,         1.000,         1.000,         0.000,         0.000,         0.000,
     4.718,    30.289,     2.000,    20.087,    -0.005,    -0.003,     0.000,     0.450,     1.600,   419.330,     1.000,    21.297,     0.000,     0.000,     0.000,     0.000,     0.000,     0.000,     0.000,        35.000,         6.877,     0.119,     0.001,     0.010,     0.054,         1.000,         1.000,         1.000,         1.000,         1.000,         1.000,         1.000,         1.000,         1.000,         0.000,         0.000,         0.000,
     4.722,    27.278,     2.000,    20.088,    -0.005,    -0.002,     0.000,     0.450,     1.600,   419.330,     1.000,    21.298,     0.000,     0.000,     0.000,     0.000,     0.000,     0.000,     0.000,        35.000,         6.874,     0.120,     0.001,     0.010,     0.054,         1.000,         1.000,         1.000,         1.000,         1.000,         1.000,         1.000,         1.000,         1.000,         0.000,         0.000,         0.000,
     4.727,    24.749,     2.000,    20.088,    -0.005,     0.005,     0.000,     0.450,     1.600,   419.330,     1.000,    21.298,     0.000,     0.000,     0.000,     0.000,     0.000,     0.000,     0.000,        35.000,         6.871,     0.120,     0.001,     0.010,     0.054,         1.000,         1.000,         1.000,         1.000,         1.000,         1.000,         1.000,         1.000,         1.000,         0.000,         0.000,         0.000,
     4.731,    17.614,     2.000,    20.088,    -0.005,     0.011,     0.000,     0.450,     1.600,   419.330,     1.000,    21.299,     0.000,     0.000,     0.000,     0.000,     0.000,     0.000,     0.000,        35.000,         6.868,     0.120,     0.001,     0.010,     0.054,         1.000,         1.000,         1.000,         1.000,         1.000,         1.000,         1.000,         1.000,         1.000,         0.000,         0.000,         0.000,
     4.735,    24.494,     2.000,    20.087,    -0.005,     0.017,     0.000,     0.450,     1.600,   419.330,     1.000,    21.299,     0.000,     0.000,     0.000,     0.000,     0.000,     0.000,     0.000,        35.000,         6.865,     0.120,     0.001,     0.010,     0.054,         1.000,         1.000,         1.000,         1.000,         1.000,         1.000,         1.000,         1.000,         1.000,         0.000,         0.000,         0.000,
     4.739,    29.917,     2.000,    20.087,    -0.005,     0.012,     0.000,     0.450,     1.600,   419.330,     1.000,    21.299,     0.000,     0.000,     0.000,     0.000,     0.000,     0.000,     0.000,        35.000,         6.862,     0.120,     0.001,     0.010,     0.054,         1.000,         1.000,         1.000,         1.000,         1.000,         1.000,         1.000,         1.000,         1.000,         0.000,         0.000,         0.000,
     4.743,    27.594,     2.000,    20.087,    -0.005,     0.006,     0.000,     0.450,     1.600,   419.330,     1.000,    21.300,     0.000,     0.000,     0.000,     0.000,     0.000,     0.000,     0.000,        35.000,         6.859,     0.120,     0.001,     0.010,     0.054,         1.000,         1.000,         1.000,         1.000,         1.000,         1.000,         1.000,         1.000,         1.000,         0.000,         0.000,         0.000,
     4.747,    26.528,     2.000,    20.088,    -0.005,    -0.006,     0.000,     0.450,     1.600,   419.330,     1.000,    21.300,     0.000,     0.000,     0.000,     0.000,     0.000,     0.000,     0.000,        35.000,         6.857,     0.120,     0.001,     0.010,     0.054,         1.000,         1.000,         1.000,         1.000,         1.000,         1.000,         1.000,         1.000,         1.000,         0.000,         0.000,         0.000,
     4.752,    26.129,     2.000,    20.088,    -0.005,    -0.013,     0.000,     0.450,     1.600,   419.330,     1.000,    21.301,     0.000,     0.000,     0.000,     0.000,     0.000,     0.000,     0.000,        35.000,         6.854,     0.120,     0.001,     0.010,     0.054,         1.000,         1.000,         1.000,         1.000,         1.000,         1.000,         1.000,         1.000,         1.000,         0.000,         0.000,         0.000,
     4.756,    29.030,     2.000,    20.088,    -0.005,    -0.001,     0.000,     0.450,     1.600,   419.330,     1.000,    21.301,     0.000,     0.000,     0.000,     0.000,     0.000,     0.000,     0.000,        35.000,         6.851,     0.120,     0.001,     0.010,     0.054,         1.000,         1.000,         1.000,         1.000,         1.000,         1.000,         1.000,         1.000,         1.000,         0.000,         0.000,         0.000,
     4.760,    26.857,     2.000,    20.089,    -0.005,    -0.005,     0.000,     0.450,     1.600,   419.330,     1.000,    21.301,     0.000,     0.000,     0.000,     0.000,     0.000,     0.000,     0.000,        35.000,         6.848,     0.120,     0.001,     0.010,     0.054,         1.000,         1.000,         1.000,         1.000,         1.000,         1.000,         1.000,         1.000,         1.000,         0.000,         0.000,         0.000,
     4.764,    24.541,     2.000,    20.089,    -0.005,    -0.011,     0.000,     0.450,     1.600,   419.330,     1.000,    21.302,     0.000,     0.000,     0.000,     0.000,     0.000,     0.000,     0.000,        35.000,         6.845,     0.121,     0.001,     0.010,     0.054,         1.000,         1.000,         1.000,         1.000,         1.000,         1.000,         1.000,         1.000,         1.000,         0.000,         0.000,         0.000,
     4.768,    21.206,     2.000,    20.089,    -0.005,    -0.011,     0.000,     0.450,     1.600,   419.330,     1.000,    21.302,     0.000,     0.000,     0.000,     0.000,     0.000,     0.000,     0.000,        35.000,         6.842,     0.121,     0.001,     0.010,     0.054,         1.000,         1.000,         1.000,         1.000,         1.000,         1.000,         1.000,         1.000,         1.000,         0.000,         0.000,         0.000,
     4.773,    20.516,     2.000,    20.089,    -0.005,     0.000,     0.000,     0.450,     1.600,   419.330,     1.000,    21.303,     0.000,     0.000,     0.000,     0.000,     0.000,     0.000,     0.000,        35.000,         6.839,     0.121,     0.001,     0.010,     0.054,         1.000,         1.000,         1.000,         1.000,         1.000,         1.000,         1.000,         1.000,         1.000,         0.000,         0.000,         0.000,
     4.777,    22.058,     2.000,    20.089,    -0.005,     0.009,     0.000,     0.450,     1.600,   419.330,     1.000,    21.303,     0.000,     0.000,     0.000,     0.000,     0.000,     0.000,     0.000,        35.000,         6.836,     0.121,     0.001,     0.010,     0.054,         1.000,         1.000,         1.000,         1.000,         1.000,         1.000,         1.000,         1.000,         1.000,         0.000,         0.000,         0.000,
     4.781,    23.593,     2.000,    20.089,    -0.005,     0.005,     0.000,     0.450,     1.600,   419.330,     1.000,    21.303,     0.000,     0.000,     0.000,     0.000,     0.000,     0.000,     0.000,        35.000,         6.833,     0.121,     0.001,     0.010,     0.054,         1.000,         1.000,         1.000,         1.000,         1.000,         1.000,         1.000,         1.000,         1.000,         0.000,         0.000,         0.000,
     4.785,    24.483,     2.000,    20.089,    -0.005,    -0.002,     0.000,     0.450,     1.600,   419.330,     1.000,    21.304,     0.000,     0.000,     0.000,     0.000,     0.000,     0.000,     0.000,        35.000,         6.831,     0.121,     0.001,     0.010,     0.055,         1.000,         1.000,         1.000,         1.000,         1.000,         1.000,         1.000,         1.000,         1.000,         0.000,         0.000,         0.000,
     4.789,    27.593,     2.000,    20.090,    -0.005,     0.005,     0.000,     0.450,     1.600,   419.330,     1.000,    21.304,     0.000,     0.000,     0.000,     0.000,     0.000,     0.000,     0.000,        35.000,         6.828,     0.121,     0.001,     0.010,     0.055,         1.000,         1.000,         1.000,         1.000,         1.000,         1.000,         1.000,         1.000,         1.000,         0.000,         0.000,         0.000,
     4.794,    37.664,     2.000,    20.090,    -0.005,     0.011,     0.000,     0.450,     1.600,   419.330,     1.000,    21.305,     0.000,     0.000,     0.000,     0.000,     0.000,     0.000,     0.000,        35.000,         6.825,     0.121,     0.001,     0.010,     0.055,         1.000,         1.000,         1.000,         1.000,         1.000,         1.000,         1.000,         1.000,         1.000,         0.000,         0.000,         0.000,
     4.797,    27.104,     2.000,    20.091,    -0.005,     0.005,     0.000,     0.450,     1.600,   419.330,     1.000,    21.305,     0.000,     0.000,     0.000,     0.000,     0.000,     0.000,     0.000,        35.000,         6.822,     0.121,     0.001,     0.010,     0.055,         1.000,         1.000,         1.000,         1.000,         1.000,         1.000,         1.000,         1.000,         1.000,         0.000,         0.000,         0.000,
     4.802,    20.571,     2.000,    20.091,    -0.005,    -0.001,     0.000,     0.450,     1.600,   419.330,     1.000,    21.305,     0.000,     0.000,     0.000,     0.000,     0.000,     0.000,     0.000,        35.000,         6.819,     0.122,     0.001,     0.010,     0.055,         1.000,         1.000,         1.000,         1.000,         1.000,         1.000,         1.000,         1.000,         1.000,         0.000,         0.000,         0.000,
     4.806,    22.960,     2.000,    20.091,    -0.005,    -0.005,     0.000,     0.450,     1.600,   419.330,     1.000,    21.306,     0.000,     0.000,     0.000,     0.000,     0.000,     0.000,     0.000,        35.000,         6.816,     0.122,     0.001,     0.010,     0.055,         1.000,         1.000,         1.000,         1.000,         1.000,         1.000,         1.000,         1.000,         1.000,         0.000,         0.000,         0.000,
     4.810,    25.947,     2.000,    20.091,    -0.005,    -0.001,     0.000,     0.450,     1.600,   419.330,     1.000,    21.306,     0.000,     0.000,     0.000,     0.000,     0.000,     0.000,     0.000,        35.000,         6.813,     0.122,     0.001,     0.010,     0.055,         1.000,         1.000,         1.000,         1.000,         1.000,         1.000,         1.000,         1.000,         1.000,         0.000,         0.000,         0.000,
     4.814,    25.604,     2.000,    20.091,    -0.005,    -0.013,     0.000,     0.450,     1.600,   419.330,     1.000,    21.306,     0.000,     0.000,     0.000,     0.000,     0.000,     0.000,     0.000,        35.000,         6.810,     0.122,     0.001,     0.010,     0.055,         1.000,         1.000,         1.000,         1.000,         1.000,         1.000,         1.000,         1.000,         1.000,         0.000,         0.000,         0.000,
     4.818,    28.578,     2.000,    20.091,    -0.005,    -0.005,     0.000,     0.450,     1.600,   419.330,     1.000,    21.307,     0.000,     0.000,     0.000,     0.000,     0.000,     0.000,     0.000,        35.000,         6.808,     0.122,     0.001,     0.010,     0.055,         1.000,         1.000,         1.000,         1.000,         1.000,         1.000,         1.000,         1.000,         1.000,         0.000,         0.000,         0.000,
     4.823,    20.797,     2.000,    20.091,    -0.005,     0.003,     0.000,     0.450,     1.600,   419.330,     1.000,    21.307,     0.000,     0.000,     0.000,     0.000,     0.000,     0.000,     0.000,        35.000,         6.805,     0.122,     0.001,     0.010,     0.055,         1.000,         1.000,         1.000,         1.000,         1.000,         1.000,         1.000,         1.000,         1.000,         0.000,         0.000,         0.000,
     4.827,    20.765,     2.000,    20.091,    -0.005,     0.007,     0.000,     0.450,     1.600,   419.330,     1.000,    21.308,     0.000,     0.000,     0.000,     0.000,     0.000,     0.000,     0.000,        35.000,         6.802,     0.122,     0.001,     0.010,     0.055,         1.000,         1.000,         1.000,         1.000,         1.000,         1.000,         1.000,         1.000,         1.000,         0.000,         0.000,         0.000,
     4.831,    29.710,     2.000,    20.092,    -0.005,    -0.000,     0.000,     0.450,     1.600,   419.330,     1.000,    21.308,     0.000,     0.000,     0.000,     0.000,     0.000,     0.000,     0.000,        35.000,         6.799,     0.122,     0.001,     0.010,     0.055,         1.000,         1.000,         1.000,         1.000,         1.000,         1.000,         1.000,         1.000,         1.000,         0.000,         0.000,         0.000,
     4.835,    31.046,     2.000,    20.092,    -0.005,    -0.001,     0.000,     0.450,     1.600,   419.330,     1.000,    21.308,     0.000,     0.000,     0.000,     0.000,     0.000,     0.000,     0.000,        35.000,         6.796,     0.122,     0.001,     0.010,     0.055,         1.000,         1.000,         1.000,         1.000,         1.000,         1.000,         1.000,         1.000,         1.000,         0.000,         0.000,         0.000,
     4.839,    26.912,     2.000,    20.091,    -0.005,     0.006,     0.000,     0.450,     1.600,   419.330,     1.000,    21.309,     0.000,     0.000,     0.000,     0.000,     0.000,     0.000,     0.000,        35.000,         6.793,     0.123,     0.001,     0.010,     0.055,         1.000,         1.000,         1.000,         1.000,         1.000,         1.000,         1.000,         1.000,         1.000,         0.000,         0.000,         0.000,
     4.843,    24.054,     2.000,    20.091,    -0.005,     0.006,     0.000,     0.450,     1.600,   419.330,     1.000,    21.309,     0.000,     0.000,     0.000,     0.000,     0.000,     0.000,     0.000,        35.000,         6.790,     0.123,     0.001,     0.010,     0.055,         1.000,         1.000,         1.000,         1.000,         1.000,         1.000,         1.000,         1.000,         1.000,         0.000,         0.000,         0.000,
     4.847,    23.709,     2.000,    20.091,    -0.005,    -0.002,     0.000,     0.450,     1.600,   419.330,     1.000,    21.310,     0.000,     0.000,     0.000,     0.000,     0.000,     0.000,     0.000,        35.000,         6.788,     0.123,     0.001,     0.010,     0.055,         1.000,         1.000,         1.000,         1.000,         1.000,         1.000,         1.000,         1.000,         1.000,         0.000,         0.000,         0.000,
     4.852,    22.775,     2.000,    20.092,    -0.005,    -0.016,     0.000,     0.450,     1.600,   419.330,     1.000,    21.310,     0.000,     0.000,     0.000,     0.000,     0.000,     0.000,     0.000,        35.000,         6.785,     0.123,     0.001,     0.010,     0.055,         1.000,         1.000,         1.000,         1.000,         1.000,         1.000,         1.000,         1.000,         1.000,         0.000,         0.000,         0.000,
     4.856,    24.397,     2.000,    20.092,    -0.005,     0.002,     0.000,     0.450,     1.600,   419.330,     1.000,    21.310,     0.000,     0.000,     0.000,     0.000,     0.000,     0.000,     0.000,        35.000,         6.782,     0.123,     0.001,     0.010,     0.055,         1.000,         1.000,         1.000,         1.000,         1.000,         1.000,         1.000,         1.000,         1.000,         0.000,         0.000,         0.000,
     4.860,    27.894,     2.000,    20.092,    -0.005,     0.003,     0.000,     0.450,     1.600,   419.330,     1.000,    21.311,     0.000,     0.000,     0.000,     0.000,     0.000,     0.000,     0.000,        35.000,         6.779,     0.123,     0.001,     0.010,     0.055,         1.000,         1.000,         1.000,         1.000,         1.000,         1.000,         1.000,         1.000,         1.000,         0.000,         0.000,         0.000,
     4.864,    19.021,     2.000,    20.093,    -0.005,    -0.000,     0.000,     0.450,     1.600,   419.330,     1.000,    21.311,     0.000,     0.000,     0.000,     0.000,     0.000,     0.000,     0.000,        35.000,         6.776,     0.123,     0.001,     0.010,     0.055,         1.000,         1.000,         1.000,         1.000,         1.000,         1.000,         1.000,         1.000,         1.000,         0.000,         0.000,         0.000,
     4.868,    25.391,     2.000,    20.093,    -0.005,    -0.005,     0.000,     0.450,     1.600,   419.330,     1.000,    21.312,     0.000,     0.000,     0.000,     0.000,     0.000,     0.000,     0.000,        35.000,         6.773,     0.123,     0.001,     0.010,     0.055,         1.000,         1.000,         1.000,         1.000,         1.000,         1.000,         1.000,         1.000,         1.000,         0.000,         0.000,         0.000,
     4.872,    26.367,     2.000,    20.093,    -0.005,    -0.001,     0.000,     0.450,     1.600,   419.330,     1.000,    21.312,     0.000,     0.000,     0.000,     0.000,     0.000,     0.000,     0.000,        35.000,         6.770,     0.123,     0.001,     0.010,     0.056,         1.000,         1.000,         1.000,         1.000,         1.000,         1.000,         1.000,         1.000,         1.000,         0.000,         0.000,         0.000,
     4.877,    22.646,     2.000,    20.094,    -0.005,     0.017,     0.000,     0.450,     1.600,   419.330,     1.000,    21.313,     0.000,     0.000,     0.000,     0.000,     0.000,     0.000,     0.000,        35.000,         6.768,     0.124,     0.001,     0.010,     0.056,         1.000,         1.000,         1.000,         1.000,         1.000,         1.000,         1.000,         1.000,         1.000,         0.000,         0.000,         0.000,
     4.881,    18.860,     2.000,    20.094,    -0.005,     0.009,     0.000,     0.450,     1.600,   419.330,     1.000,    21.313,     0.000,     0.000,     0.000,     0.000,     0.000,     0.000,     0.000,        35.000,         6.765,     0.124,     0.001,     0.010,     0.056,         1.000,         1.000,         1.000,         1.000,         1.000,         1.000,         1.000,         1.000,         1.000,         0.000,         0.000,         0.000,
     4.885,    22.915,     2.000,    20.094,    -0.005,     0.001,     0.000,     0.450,     1.600,   419.330,     1.000,    21.313,     0.000,     0.000,     0.000,     0.000,     0.000,     0.000,     0.000,        35.000,         6.762,     0.124,     0.001,     0.010,     0.056,         1.000,         1.000,         1.000,         1.000,         1.000,         1.000,         1.000,         1.000,         1.000,         0.000,         0.000,         0.000,
     4.889,    29.678,     2.000,    20.094,    -0.005,    -0.001,     0.000,     0.450,     1.600,   419.330,     1.000,    21.314,     0.000,     0.000,     0.000,     0.000,     0.000,     0.000,     0.000,        35.000,         6.759,     0.124,     0.001,     0.010,     0.056,         1.000,         1.000,         1.000,         1.000,         1.000,         1.000,         1.000,         1.000,         1.000,         0.000,         0.000,         0.000,
     4.893,    25.984,     2.000,    20.094,    -0.005,     0.002,     0.000,     0.450,     1.600,   419.330,     1.000,    21.314,     0.000,     0.000,     0.000,     0.000,     0.000,     0.000,     0.000,        35.000,         6.756,     0.124,     0.001,     0.010,     0.056,         1.000,         1.000,         1.000,         1.000,         1.000,         1.000,         1.000,         1.000,         1.000,         0.000,         0.000,         0.000,
     4.898,    25.856,     2.000,    20.094,    -0.005,    -0.002,     0.000,     0.450,     1.600,   419.330,     1.000,    21.315,     0.000,     0.000,     0.000,     0.000,     0.000,     0.000,     0.000,        35.000,         6.753,     0.124,     0.001,     0.010,     0.056,         1.000,         1.000,         1.000,         1.000,         1.000,         1.000,         1.000,         1.000,         1.000,         0.000,         0.000,         0.000,
     4.902,    17.067,     2.000,    20.094,    -0.005,    -0.012,     0.000,     0.450,     1.600,   419.330,     1.000,    21.315,     0.000,     0.000,     0.000,     0.000,     0.000,     0.000,     0.000,        35.000,         6.751,     0.124,     0.001,     0.010,     0.056,         1.000,         1.000,         1.000,         1.000,         1.000,         1.000,         1.000,         1.000,         1.000,         0.000,         0.000,         0.000,
     4.906,    27.657,     2.000,    20.094,    -0.005,     0.008,     0.000,     0.450,     1.600,   419.330,     1.000,    21.316,     0.000,     0.000,     0.000,     0.000,     0.000,     0.000,     0.000,        35.000,         6.748,     0.124,     0.001,     0.010,     0.056,         1.000,         1.000,         1.000,         1.000,         1.000,         1.000,         1.000,         1.000,         1.000,         0.000,         0.000,         0.000,
     4.910,    30.458,     2.000,    20.094,    -0.005,    -0.007,     0.000,     0.450,     1.600,   419.330,     1.000,    21.316,     0.000,     0.000,     0.000,     0.000,     0.000,     0.000,     0.000,        35.000,         6.745,     0.124,     0.001,     0.010,     0.056,         1.000,         1.000,         1.000,         1.000,         1.000,         1.000,         1.000,         1.000,         1.000,         0.000,         0.000,         0.000,
     4.914,    30.322,     2.000,    20.094,    -0.005,     0.004,     0.000,     0.450,     1.600,   419.330,     1.000,    21.317,     0.000,     0.000,     0.000,     0.000,     0.000,     0.000,     0.000,        35.000,         6.742,     0.125,     0.001,     0.010,     0.056,         1.000,         1.000,         1.000,         1.000,         1.000,         1.000,         1.000,         1.000,         1.000,         0.000,         0.000,         0.000,
     4.918,    25.260,     2.000,    20.094,    -0.005,     0.003,     0.000,     0.450,     1.600,   419.330,     1.000,    21.317,     0.000,     0.000,     0.000,     0.000,     0.000,     0.000,     0.000,        35.000,         6.739,     0.125,     0.001,     0.010,     0.056,         1.000,         1.000,         1.000,         1.000,         1.000,         1.000,         1.000,         1.000,         1.000,         0.000,         0.000,         0.000,
     4.923,    21.163,     2.000,    20.094,    -0.005,     0.006,     0.000,     0.450,     1.600,   419.330,     1.000,    21.317,     0.000,     0.000,     0.000,     0.000,     0.000,     0.000,     0.000,        35.000,         6.736,     0.125,     0.001,     0.010,     0.056,         1.000,         1.000,         1.000,         1.000,         1.000,         1.000,         1.000,         1.000,         1.000,         0.000,         0.000,         0.000,
     4.927,    24.900,     2.000,    20.094,    -0.005,    -0.005,     0.000,     0.450,     1.600,   419.330,     1.000,    21.318,     0.000,     0.000,     0.000,     0.000,     0.000,     0.000,     0.000,        35.000,         6.733,     0.125,     0.001,     0.010,     0.056,         1.000,         1.000,         1.000,         1.000,         1.000,         1.000,         1.000,         1.000,         1.000,         0.000,         0.000,         0.000,
     4.931,    25.477,     2.000,    20.094,    -0.005,    -0.016,     0.000,     0.450,     1.600,   419.330,     1.000,    21.318,     0.000,     0.000,     0.000,     0.000,     0.000,     0.000,     0.000,        35.000,         6.731,     0.125,     0.001,     0.010,     0.056,         1.000,         1.000,         1.000,         1.000,         1.000,         1.000,         1.000,         1.000,         1.000,         0.000,         0.000,         0.000,
     4.935,    20.082,     2.000,    20.095,    -0.005,     0.004,     0.000,     0.450,     1.600,   419.330,     1.000,    21.319,     0.000,     0.000,     0.000,     0.000,     0.000,     0.000,     0.000,        35.000,         6.728,     0.125,     0.001,     0.010,     0.056,         1.000,         1.000,         1.000,         1.000,         1.000,         1.000,         1.000,         1.000,         1.000,         0.000,         0.000,         0.000,
     4.939,    27.363,     2.000,    20.095,    -0.005,    -0.005,     0.000,     0.450,     1.600,   419.330,     1.000,    21.319,     0.000,     0.000,     0.000,     0.000,     0.000,     0.000,     0.000,        35.000,         6.725,     0.125,     0.001,     0.010,     0.056,         1.000,         1.000,         1.000,         1.000,         1.000,         1.000,         1.000,         1.000,         1.000,         0.000,         0.000,         0.000,
     4.943,    28.595,     2.000,    20.096,    -0.005,     0.001,     0.000,     0.450,     1.600,   419.330,     1.000,    21.319,     0.000,     0.000,     0.000,     0.000,     0.000,     0.000,     0.000,        35.000,         6.722,     0.125,     0.001,     0.010,     0.056,         1.000,         1.000,         1.000,         1.000,         1.000,         1.000,         1.000,         1.000,         1.000,         0.000,         0.000,         0.000,
     4.948,    23.932,     2.000,    20.097,    -0.005,    -0.006,     0.000,     0.450,     1.600,   419.330,     1.000,    21.320,     0.000,     0.000,     0.000,     0.000,     0.000,     0.000,     0.000,        35.000,         6.719,     0.125,     0.001,     0.010,     0.056,         1.000,         1.000,         1.000,         1.000,         1.000,         1.000,         1.000,         1.000,         1.000,         0.000,         0.000,         0.000,
     4.952,    23.988,     2.000,    20.097,    -0.005,     0.001,     0.000,     0.450,     1.600,   419.330,     1.000,    21.320,     0.000,     0.000,     0.000,     0.000,     0.000,     0.000,     0.000,        35.000,         6.716,     0.125,     0.001,     0.010,     0.056,         1.000,         1.000,         1.000,         1.000,         1.000,         1.000,         1.000,         1.000,         1.000,         0.000,         0.000,         0.000,
     4.956,    25.600,     2.000,    20.097,    -0.005,     0.020,     0.000,     0.450,     1.600,   419.330,     1.000,    21.321,     0.000,     0.000,     0.000,     0.000,     0.000,     0.000,     0.000,        35.000,         6.714,     0.126,     0.001,     0.010,     0.057,         1.000,         1.000,         1.000,         1.000,         1.000,         1.000,         1.000,         1.000,         1.000,         0.000,         0.000,         0.000,
     4.960,    32.928,     2.000,    20.097,    -0.005,     0.001,     0.000,     0.450,     1.600,   419.330,     1.000,    21.321,     0.000,     0.000,     0.000,     0.000,     0.000,     0.000,     0.000,        35.000,         6.711,     0.126,     0.001,     0.010,     0.057,         1.000,         1.000,         1.000,         1.000,         1.000,         1.000,         1.000,         1.000,         1.000,         0.000,         0.000,         0.000,
     4.964,    25.704,     2.000,    20.097,    -0.005,    -0.009,     0.000,     0.450,     1.600,   419.330,     1.000,    21.322,     0.000,     0.000,     0.000,     0.000,     0.000,     0.000,     0.000,        35.000,         6.708,     0.126,     0.001,     0.010,     0.057,         1.000,         1.000,         1.000,         1.000,         1.000,         1.000,         1.000,         1.000,         1.000,         0.000,         0.000,         0.000,
     4.968,    24.451,     2.000,    20.097,    -0.005,     0.009,     0.000,     0.450,     1.600,   419.330,     1.000,    21.322,     0.000,     0.000,     0.000,     0.000,     0.000,     0.000,     0.000,        35.000,         6.705,     0.126,     0.001,     0.010,     0.057,         1.000,         1.000,         1.000,         1.000,         1.000,         1.000,         1.000,         1.000,         1.000,         0.000,         0.000,         0.000,
     4.973,    26.026,     2.000,    20.097,    -0.005,     0.005,     0.000,     0.450,     1.600,   419.330,     1.000,    21.322,     0.000,     0.000,     0.000,     0.000,     0.000,     0.000,     0.000,        35.000,         6.702,     0.126,     0.001,     0.010,     0.057,         1.000,         1.000,         1.000,         1.000,         1.000,         1.000,         1.000,         1.000,         1.000,         0.000,         0.000,         0.000,
     4.977,    28.309,     2.000,    20.097,    -0.005,    -0.016,     0.000,     0.450,     1.600,   419.330,     1.000,    21.323,     0.000,     0.000,     0.000,     0.000,     0.000,     0.000,     0.000,        35.000,         6.699,     0.126,     0.001,     0.010,     0.057,         1.000,         1.000,         1.000,         1.000,         1.000,         1.000,         1.000,         1.000,         1.000,         0.000,         0.000,         0.000,
     4.981,    36.812,     2.000,    20.097,    -0.005,    -0.011,     0.000,     0.450,     1.600,   419.330,     1.000,    21.323,     0.000,     0.000,     0.000,     0.000,     0.000,     0.000,     0.000,        35.000,         6.697,     0.126,     0.001,     0.010,     0.057,         1.000,         1.000,         1.000,         1.000,         1.000,         1.000,         1.000,         1.000,         1.000,         0.000,         0.000,         0.000,
     4.985,    30.706,     2.000,    20.097,    -0.005,     0.006,     0.000,     0.450,     1.600,   419.330,     1.000,    21.324,     0.000,     0.000,     0.000,     0.000,     0.000,     0.000,     0.000,        35.000,         6.694,     0.126,     0.001,     0.010,     0.057,         1.000,         1.000,         1.000,         1.000,         1.000,         1.000,         1.000,         1.000,         1.000,         0.000,         0.000,         0.000,
     4.989,    26.939,     2.000,    20.097,    -0.005,     0.005,     0.000,     0.450,     1.600,   419.330,     1.000,    21.324,     0.000,     0.000,     0.000,     0.000,     0.000,     0.000,     0.000,        35.000,         6.691,     0.126,     0.001,     0.010,     0.057,         1.000,         1.000,         1.000,         1.000,         1.000,         1.000,         1.000,         1.000,         1.000,         0.000,         0.000,         0.000,
     4.993,    23.968,     2.000,    20.097,    -0.005,    -0.003,     0.000,     0.450,     1.600,   419.330,     1.000,    21.325,     0.000,     0.000,     0.000,     0.000,     0.000,     0.000,     0.000,        35.000,         6.688,     0.127,     0.001,     0.010,     0.057,         1.000,         1.000,         1.000,         1.000,         1.000,         1.000,         1.000,         1.000,         1.000,         0.000,         0.000,         0.000,
     4.998,    20.710,     2.000,    20.098,    -0.005,    -0.012,     0.000,     0.450,     1.600,   419.330,     1.000,    21.325,     0.000,     0.000,     0.000,     0.000,     0.000,     0.000,     0.000,        35.000,         6.685,     0.127,     0.001,     0.010,     0.057,         1.000,         1.000,         1.000,         1.000,         1.000,         1.000,         1.000,         1.000,         1.000,         0.000,         0.000,         0.000,
     5.002,    23.469,     2.000,    20.098,    -0.005,    -0.005,     0.000,     0.450,     1.600,   419.330,     1.000,    21.325,     0.000,     0.000,     0.000,     0.000,     0.000,     0.000,     0.000,        35.000,         6.683,     0.127,     0.001,     0.010,     0.057,         1.000,         1.000,         1.000,         1.000,         1.000,         1.000,         1.000,         1.000,         1.000,         0.000,         0.000,         0.000,
     5.006,    24.786,     2.000,    20.099,    -0.005,     0.005,     0.000,     0.450,     1.600,   419.330,     1.000,    21.326,     0.000,     0.000,     0.000,     0.000,     0.000,     0.000,     0.000,        35.000,         6.680,     0.127,     0.001,     0.010,     0.057,         1.000,         1.000,         1.000,         1.000,         1.000,         1.000,         1.000,         1.000,         1.000,         0.000,         0.000,         0.000,
     5.010,    29.778,     2.000,    20.099,    -0.005,     0.005,     0.000,     0.450,     1.600,   419.330,     1.000,    21.326,     0.000,     0.000,     0.000,     0.000,     0.000,     0.000,     0.000,        35.000,         6.677,     0.127,     0.001,     0.010,     0.057,         1.000,         1.000,         1.000,         1.000,         1.000,         1.000,         1.000,         1.000,         1.000,         0.000,         0.000,         0.000,
     5.014,    23.930,     2.000,    20.100,    -0.005,    -0.006,     0.000,     0.450,     1.600,   419.330,     1.000,    21.326,     0.000,     0.000,     0.000,     0.000,     0.000,     0.000,     0.000,        35.000,         6.674,     0.127,     0.001,     0.010,     0.057,         1.000,         1.000,         1.000,         1.000,         1.000,         1.000,         1.000,         1.000,         1.000,         0.000,         0.000,         0.000,
     5.019,    21.042,     2.000,    20.100,    -0.005,    -0.004,     0.000,     0.450,     1.600,   419.330,     1.000,    21.327,     0.000,     0.000,     0.000,     0.000,     0.000,     0.000,     0.000,        35.000,         6.671,     0.127,     0.001,     0.010,     0.057,         1.000,         1.000,         1.000,         1.000,         1.000,         1.000,         1.000,         1.000,         1.000,         0.000,         0.000,         0.000,
     5.023,    23.696,     2.000,    20.101,    -0.005,     0.014,     0.000,     0.450,     1.600,   419.330,     1.000,    21.327,     0.000,     0.000,     0.000,     0.000,     0.000,     0.000,     0.000,        35.000,         6.669,     0.127,     0.001,     0.010,     0.057,         1.000,         1.000,         1.000,         1.000,         1.000,         1.000,         1.000,         1.000,         1.000,         0.000,         0.000,         0.000,
     5.027,    19.554,     2.000,    20.101,    -0.005,     0.015,     0.000,     0.450,     1.600,   419.330,     1.000,    21.327,     0.000,     0.000,     0.000,     0.000,     0.000,     0.000,     0.000,        35.000,         6.666,     0.127,     0.001,     0.010,     0.057,         1.000,         1.000,         1.000,         1.000,         1.000,         1.000,         1.000,         1.000,         1.000,         0.000,         0.000,         0.000,
     5.031,    20.989,     2.000,    20.101,    -0.005,    -0.004,     0.000,     0.450,     1.600,   419.330,     1.000,    21.328,     0.000,     0.000,     0.000,     0.000,     0.000,     0.000,     0.000,        35.000,         6.663,     0.127,     0.001,     0.010,     0.057,         1.000,         1.000,         1.000,         1.000,         1.000,         1.000,         1.000,         1.000,         1.000,         0.000,         0.000,         0.000,
     5.035,    27.170,     2.000,    20.101,    -0.005,    -0.011,     0.000,     0.450,     1.600,   419.330,     1.000,    21.328,     0.000,     0.000,     0.000,     0.000,     0.000,     0.000,     0.000,        35.000,         6.660,     0.128,     0.001,     0.010,     0.057,         1.000,         1.000,         1.000,         1.000,         1.000,         1.000,         1.000,         1.000,         1.000,         0.000,         0.000,         0.000,
     5.039,    22.900,     2.000,    20.101,    -0.005,     0.001,     0.000,     0.450,     1.600,   419.330,     1.000,    21.328,     0.000,     0.000,     0.000,     0.000,     0.000,     0.000,     0.000,        35.000,         6.657,     0.128,     0.001,     0.010,     0.057,         1.000,         1.000,         1.000,         1.000,         1.000,         1.000,         1.000,         1.000,         1.000,         0.000,         0.000,         0.000,
     5.044,    23.985,     2.000,    20.101,    -0.005,    -0.005,     0.000,     0.450,     1.600,   419.330,     1.000,    21.329,     0.000,     0.000,     0.000,     0.000,     0.000,     0.000,     0.000,        35.000,         6.654,     0.128,     0.001,     0.010,     0.058,         1.000,         1.000,         1.000,         1.000,         1.000,         1.000,         1.000,         1.000,         1.000,         0.000,         0.000,         0.000,
     5.048,    23.060,     2.000,    20.101,    -0.005,    -0.003,     0.000,     0.450,     1.600,   419.330,     1.000,    21.329,     0.000,     0.000,     0.000,     0.000,     0.000,     0.000,     0.000,        35.000,         6.652,     0.128,     0.001,     0.010,     0.058,         1.000,         1.000,         1.000,         1.000,         1.000,         1.000,         1.000,         1.000,         1.000,         0.000,         0.000,         0.000,
     5.052,    23.257,     2.000,    20.101,    -0.005,    -0.015,     0.000,     0.450,     1.600,   419.330,     1.000,    21.330,     0.000,     0.000,     0.000,     0.000,     0.000,     0.000,     0.000,        35.000,         6.649,     0.128,     0.001,     0.010,     0.058,         1.000,         1.000,         1.000,         1.000,         1.000,         1.000,         1.000,         1.000,         1.000,         0.000,         0.000,         0.000,
     5.056,    26.838,     2.000,    20.101,    -0.005,     0.002,     0.000,     0.450,     1.600,   419.330,     1.000,    21.330,     0.000,     0.000,     0.000,     0.000,     0.000,     0.000,     0.000,        35.000,         6.646,     0.128,     0.001,     0.010,     0.058,         1.000,         1.000,         1.000,         1.000,         1.000,         1.000,         1.000,         1.000,         1.000,         0.000,         0.000,         0.000,
     5.060,    30.517,     2.000,    20.101,    -0.005,     0.010,     0.000,     0.450,     1.600,   419.330,     1.000,    21.331,     0.000,     0.000,     0.000,     0.000,     0.000,     0.000,     0.000,        35.000,         6.643,     0.128,     0.001,     0.010,     0.058,         1.000,         1.000,         1.000,         1.000,         1.000,         1.000,         1.000,         1.000,         1.000,         0.000,         0.000,         0.000,
     5.064,    21.987,     2.000,    20.101,    -0.005,     0.007,     0.000,     0.450,     1.600,   419.330,     1.000,    21.331,     0.000,     0.000,     0.000,     0.000,     0.000,     0.000,     0.000,        35.000,         6.640,     0.128,     0.001,     0.010,     0.058,         1.000,         1.000,         1.000,         1.000,         1.000,         1.000,         1.000,         1.000,         1.000,         0.000,         0.000,         0.000,
     5.069,    24.078,     2.000,    20.101,    -0.005,     0.002,     0.000,     0.450,     1.600,   419.330,     1.000,    21.332,     0.000,     0.000,     0.000,     0.000,     0.000,     0.000,     0.000,        35.000,         6.638,     0.128,     0.001,     0.010,     0.058,         1.000,         1.000,         1.000,         1.000,         1.000,         1.000,         1.000,         1.000,         1.000,         0.000,         0.000,         0.000,
     5.073,    25.408,     2.000,    20.101,    -0.005,     0.004,     0.000,     0.450,     1.600,   419.330,     1.000,    21.332,     0.000,     0.000,     0.000,     0.000,     0.000,     0.000,     0.000,        35.000,         6.635,     0.129,     0.001,     0.010,     0.058,         1.000,         1.000,         1.000,         1.000,         1.000,         1.000,         1.000,         1.000,         1.000,         0.000,         0.000,         0.000,
     5.077,    30.684,     2.000,    20.100,    -0.005,     0.007,     0.000,     0.450,     1.600,   419.330,     1.000,    21.332,     0.000,     0.000,     0.000,     0.000,     0.000,     0.000,     0.000,        35.000,         6.632,     0.129,     0.001,     0.010,     0.058,         1.000,         1.000,         1.000,         1.000,         1.000,         1.000,         1.000,         1.000,         1.000,         0.000,         0.000,         0.000,
     5.081,    30.676,     2.000,    20.100,    -0.005,    -0.002,     0.000,     0.450,     1.600,   419.330,     1.000,    21.333,     0.000,     0.000,     0.000,     0.000,     0.000,     0.000,     0.000,        35.000,         6.629,     0.129,     0.001,     0.010,     0.058,         1.000,         1.000,         1.000,         1.000,         1.000,         1.000,         1.000,         1.000,         1.000,         0.000,         0.000,         0.000,
     5.085,    27.782,     2.000,    20.100,    -0.005,    -0.009,     0.000,     0.450,     1.600,   419.330,     1.000,    21.333,     0.000,     0.000,     0.000,     0.000,     0.000,     0.000,     0.000,        35.000,         6.626,     0.129,     0.001,     0.010,     0.058,         1.000,         1.000,         1.000,         1.000,         1.000,         1.000,         1.000,         1.000,         1.000,         0.000,         0.000,         0.000,
     5.089,    24.866,     2.000,    20.101,    -0.005,    -0.009,     0.000,     0.450,     1.600,   419.330,     1.000,    21.334,     0.000,     0.000,     0.000,     0.000,     0.000,     0.000,     0.000,        35.000,         6.624,     0.129,     0.001,     0.010,     0.058,         1.000,         1.000,         1.000,         1.000,         1.000,         1.000,         1.000,         1.000,         1.000,         0.000,         0.000,         0.000,
     5.093,    24.178,     2.000,    20.101,    -0.005,     0.005,     0.000,     0.450,     1.600,   419.330,     1.000,    21.334,     0.000,     0.000,     0.000,     0.000,     0.000,     0.000,     0.000,        35.000,         6.621,     0.129,     0.001,     0.010,     0.058,         1.000,         1.000,         1.000,         1.000,         1.000,         1.000,         1.000,         1.000,         1.000,         0.000,         0.000,         0.000,
     5.098,    26.323,     2.000,    20.102,    -0.005,    -0.002,     0.000,     0.450,     1.600,   419.330,     1.000,    21.335,     0.000,     0.000,     0.000,     0.000,     0.000,     0.000,     0.000,        35.000,         6.618,     0.129,     0.001,     0.010,     0.058,         1.000,         1.000,         1.000,         1.000,         1.000,         1.000,         1.000,         1.000,         1.000,         0.000,         0.000,         0.000,
     5.102,    24.343,     2.000,    20.102,    -0.005,    -0.005,     0.000,     0.450,     1.600,   419.330,     1.000,    21.335,     0.000,     0.000,     0.000,     0.000,     0.000,     0.000,     0.000,        35.000,         6.615,     0.129,     0.001,     0.010,     0.058,         1.000,         1.000,         1.000,         1.000,         1.000,         1.000,         1.000,         1.000,         1.000,         0.000,         0.000,         0.000,
     5.106,    25.222,     2.000,    20.102,    -0.005,     0.001,     0.000,     0.450,     1.600,   419.330,     1.000,    21.336,     0.000,     0.000,     0.000,     0.000,     0.000,     0.000,     0.000,        35.000,         6.613,     0.129,     0.001,     0.010,     0.058,         1.000,         1.000,         1.000,         1.000,         1.000,         1.000,         1.000,         1.000,         1.000,         0.000,         0.000,         0.000,
     5.110,    25.556,     2.000,    20.102,    -0.005,     0.005,     0.000,     0.450,     1.600,   419.330,     1.000,    21.336,     0.000,     0.000,     0.000,     0.000,     0.000,     0.000,     0.000,        35.000,         6.610,     0.129,     0.001,     0.010,     0.058,         1.000,         1.000,         1.000,         1.000,         1.000,         1.000,         1.000,         1.000,         1.000,         0.000,         0.000,         0.000,
     5.114,    28.382,     2.000,    20.103,    -0.005,     0.014,     0.000,     0.450,     1.600,   419.330,     1.000,    21.337,     0.000,     0.000,     0.000,     0.000,     0.000,     0.000,     0.000,        35.000,         6.607,     0.130,     0.001,     0.010,     0.058,         1.000,         1.000,         1.000,         1.000,         1.000,         1.000,         1.000,         1.000,         1.000,         0.000,         0.000,         0.000,
     5.119,    28.440,     2.000,    20.103,    -0.005,    -0.005,     0.000,     0.450,     1.600,   419.330,     1.000,    21.337,     0.000,     0.000,     0.000,     0.000,     0.000,     0.000,     0.000,        35.000,         6.604,     0.130,     0.001,     0.010,     0.058,         1.000,         1.000,         1.000,         1.000,         1.000,         1.000,         1.000,         1.000,         1.000,         0.000,         0.000,         0.000,
     5.123,    25.040,     2.000,    20.103,    -0.005,    -0.008,     0.000,     0.450,     1.600,   419.330,     1.000,    21.337,     0.000,     0.000,     0.000,     0.000,     0.000,     0.000,     0.000,        35.000,         6.601,     0.130,     0.001,     0.010,     0.058,         1.000,         1.000,         1.000,         1.000,         1.000,         1.000,         1.000,         1.000,         1.000,         0.000,         0.000,         0.000,
     5.127,    27.369,     2.000,    20.104,    -0.005,     0.012,     0.000,     0.450,     1.600,   419.330,     1.000,    21.338,     0.000,     0.000,     0.000,     0.000,     0.000,     0.000,     0.000,        35.000,         6.599,     0.130,     0.001,     0.010,     0.058,         1.000,         1.000,         1.000,         1.000,         1.000,         1.000,         1.000,         1.000,         1.000,         0.000,         0.000,         0.000,
     5.131,    25.074,     2.000,    20.104,    -0.005,     0.003,     0.000,     0.450,     1.600,   419.330,     1.000,    21.338,     0.000,     0.000,     0.000,     0.000,     0.000,     0.000,     0.000,        35.000,         6.596,     0.130,     0.001,     0.010,     0.059,         1.000,         1.000,         1.000,         1.000,         1.000,         1.000,         1.000,         1.000,         1.000,         0.000,         0.000,         0.000,
     5.135,    24.793,     2.000,    20.104,    -0.005,    -0.003,     0.000,     0.450,     1.600,   419.330,     1.000,    21.338,     0.000,     0.000,     0.000,     0.000,     0.000,     0.000,     0.000,        35.000,         6.593,     0.130,     0.001,     0.010,     0.059,         1.000,         1.000,         1.000,         1.000,         1.000,         1.000,         1.000,         1.000,         1.000,         0.000,         0.000,         0.000,
     5.139,    21.161,     2.000,    20.105,    -0.005,    -0.002,     0.000,     0.450,     1.600,   419.330,     1.000,    21.339,     0.000,     0.000,     0.000,     0.000,     0.000,     0.000,     0.000,        35.000,         6.590,     0.130,     0.001,     0.010,     0.059,         1.000,         1.000,         1.000,         1.000,         1.000,         1.000,         1.000,         1.000,         1.000,         0.000,         0.000,         0.000,
     5.144,    30.099,     2.000,    20.105,    -0.005,    -0.005,     0.000,     0.450,     1.600,   419.330,     1.000,    21.339,     0.000,     0.000,     0.000,     0.000,     0.000,     0.000,     0.000,        35.000,         6.587,     0.130,     0.001,     0.010,     0.059,         1.000,         1.000,         1.000,         1.000,         1.000,         1.000,         1.000,         1.000,         1.000,         0.000,         0.000,         0.000,
     5.148,    27.024,     2.000,    20.105,    -0.005,    -0.009,     0.000,     0.450,     1.600,   419.330,     1.000,    21.340,     0.000,     0.000,     0.000,     0.000,     0.000,     0.000,     0.000,        35.000,         6.585,     0.130,     0.001,     0.010,     0.059,         1.000,         1.000,         1.000,         1.000,         1.000,         1.000,         1.000,         1.000,         1.000,         0.000,         0.000,         0.000,
     5.152,    24.064,     2.000,    20.105,    -0.005,    -0.002,     0.000,     0.450,     1.600,   419.330,     1.000,    21.340,     0.000,     0.000,     0.000,     0.000,     0.000,     0.000,     0.000,        35.000,         6.582,     0.131,     0.001,     0.010,     0.059,         1.000,         1.000,         1.000,         1.000,         1.000,         1.000,         1.000,         1.000,         1.000,         0.000,         0.000,         0.000,
     5.156,    24.937,     2.000,    20.106,    -0.005,     0.002,     0.000,     0.450,     1.600,   419.330,     1.000,    21.340,     0.000,     0.000,     0.000,     0.000,     0.000,     0.000,     0.000,        35.000,         6.579,     0.131,     0.001,     0.010,     0.059,         1.000,         1.000,         1.000,         1.000,         1.000,         1.000,         1.000,         1.000,         1.000,         0.000,         0.000,         0.000,
     5.160,    33.021,     2.000,    20.106,    -0.005,     0.004,     0.000,     0.450,     1.600,   419.330,     1.000,    21.341,     0.000,     0.000,     0.000,     0.000,     0.000,     0.000,     0.000,        35.000,         6.576,     0.131,     0.001,     0.010,     0.059,         1.000,         1.000,         1.000,         1.000,         1.000,         1.000,         1.000,         1.000,         1.000,         0.000,         0.000,         0.000,
     5.165,    27.754,     2.000,    20.106,    -0.005,     0.015,     0.000,     0.450,     1.600,   419.330,     1.000,    21.341,     0.000,     0.000,     0.000,     0.000,     0.000,     0.000,     0.000,        35.000,         6.574,     0.131,     0.001,     0.010,     0.059,         1.000,         1.000,         1.000,         1.000,         1.000,         1.000,         1.000,         1.000,         1.000,         0.000,         0.000,         0.000,
     5.169,    28.940,     2.000,    20.106,    -0.005,     0.013,     0.000,     0.450,     1.600,   419.330,     1.000,    21.342,     0.000,     0.000,     0.000,     0.000,     0.000,     0.000,     0.000,        35.000,         6.571,     0.131,     0.001,     0.010,     0.059,         1.000,         1.000,         1.000,         1.000,         1.000,         1.000,         1.000,         1.000,         1.000,         0.000,         0.000,         0.000,
     5.173,    28.562,     2.000,    20.106,    -0.005,    -0.002,     0.000,     0.450,     1.600,   419.330,     1.000,    21.342,     0.000,     0.000,     0.000,     0.000,     0.000,     0.000,     0.000,        35.000,         6.568,     0.131,     0.001,     0.010,     0.059,         1.000,         1.000,         1.000,         1.000,         1.000,         1.000,         1.000,         1.000,         1.000,         0.000,         0.000,         0.000,
     5.177,    27.211,     2.000,    20.105,    -0.005,    -0.009,     0.000,     0.450,     1.600,   419.330,     1.000,    21.342,     0.000,     0.000,     0.000,     0.000,     0.000,     0.000,     0.000,        35.000,         6.565,     0.131,     0.001,     0.010,     0.059,         1.000,         1.000,         1.000,         1.000,         1.000,         1.000,         1.000,         1.000,         1.000,         0.000,         0.000,         0.000,
     5.181,    21.241,     2.000,    20.105,    -0.005,     0.001,     0.000,     0.450,     1.600,   419.330,     1.000,    21.343,     0.000,     0.000,     0.000,     0.000,     0.000,     0.000,     0.000,        35.000,         6.563,     0.131,     0.001,     0.011,     0.059,         1.000,         1.000,         1.000,         1.000,         1.000,         1.000,         1.000,         1.000,         1.000,         0.000,         0.000,         0.000,
     5.185,    27.023,     2.000,    20.105,    -0.005,    -0.006,     0.000,     0.450,     1.600,   419.330,     1.000,    21.343,     0.000,     0.000,     0.000,     0.000,     0.000,     0.000,     0.000,        35.000,         6.560,     0.131,     0.001,     0.011,     0.059,         1.000,         1.000,         1.000,         1.000,         1.000,         1.000,         1.000,         1.000,         1.000,         0.000,         0.000,         0.000,
     5.189,    20.673,     2.000,    20.106,    -0.005,    -0.004,     0.000,     0.450,     1.600,   419.330,     1.000,    21.343,     0.000,     0.000,     0.000,     0.000,     0.000,     0.000,     0.000,        35.000,         6.557,     0.131,     0.001,     0.011,     0.059,         1.000,         1.000,         1.000,         1.000,         1.000,         1.000,         1.000,         1.000,         1.000,         0.000,         0.000,         0.000,
     5.194,    31.027,     2.000,    20.107,    -0.005,    -0.007,     0.000,     0.450,     1.600,   419.330,     1.000,    21.344,     0.000,     0.000,     0.000,     0.000,     0.000,     0.000,     0.000,        35.000,         6.554,     0.132,     0.001,     0.011,     0.059,         1.000,         1.000,         1.000,         1.000,         1.000,         1.000,         1.000,         1.000,         1.000,         0.000,         0.000,         0.000,
     5.198,    27.071,     2.000,    20.107,    -0.005,     0.002,     0.000,     0.450,     1.600,   419.330,     1.000,    21.344,     0.000,     0.000,     0.000,     0.000,     0.000,     0.000,     0.000,        35.000,         6.552,     0.132,     0.001,     0.011,     0.059,         1.000,         1.000,         1.000,         1.000,         1.000,         1.000,         1.000,         1.000,         1.000,         0.000,         0.000,         0.000,
     5.202,    22.939,     2.000,    20.108,    -0.005,     0.008,     0.000,     0.450,     1.600,   419.330,     1.000,    21.345,     0.000,     0.000,     0.000,     0.000,     0.000,     0.000,     0.000,        35.000,         6.549,     0.132,     0.001,     0.011,     0.059,         1.000,         1.000,         1.000,         1.000,         1.000,         1.000,         1.000,         1.000,         1.000,         0.000,         0.000,         0.000,
     5.206,    25.879,     2.000,    20.108,    -0.005,     0.011,     0.000,     0.450,     1.600,   419.330,     1.000,    21.345,     0.000,     0.000,     0.000,     0.000,     0.000,     0.000,     0.000,        35.000,         6.546,     0.132,     0.001,     0.011,     0.059,         1.000,         1.000,         1.000,         1.000,         1.000,         1.000,         1.000,         1.000,         1.000,         0.000,         0.000,         0.000,
     5.210,    26.802,     2.000,    20.108,    -0.005,    -0.010,     0.000,     0.450,     1.600,   419.330,     1.000,    21.345,     0.000,     0.000,     0.000,     0.000,     0.000,     0.000,     0.000,        35.000,         6.543,     0.132,     0.001,     0.011,     0.059,         1.000,         1.000,         1.000,         1.000,         1.000,         1.000,         1.000,         1.000,         1.000,         0.000,         0.000,         0.000,
     5.215,    24.942,     2.000,    20.107,    -0.005,     0.006,     0.000,     0.450,     1.600,   419.330,     1.000,    21.345,     0.000,     0.000,     0.000,     0.000,     0.000,     0.000,     0.000,        35.000,         6.541,     0.132,     0.001,     0.011,     0.059,         1.000,         1.000,         1.000,         1.000,         1.000,         1.000,         1.000,         1.000,         1.000,         0.000,         0.000,         0.000,
     5.219,    23.170,     2.000,    20.107,    -0.005,     0.001,     0.000,     0.450,     1.600,   419.330,     1.000,    21.346,     0.000,     0.000,     0.000,     0.000,     0.000,     0.000,     0.000,        35.000,         6.538,     0.132,     0.001,     0.011,     0.059,         1.000,         1.000,         1.000,         1.000,         1.000,         1.000,         1.000,         1.000,         1.000,         0.000,         0.000,         0.000,
     5.223,    27.357,     2.000,    20.108,    -0.005,    -0.009,     0.000,     0.450,     1.600,   419.330,     1.000,    21.346,     0.000,     0.000,     0.000,     0.000,     0.000,     0.000,     0.000,        35.000,         6.535,     0.132,     0.001,     0.011,     0.060,         1.000,         1.000,         1.000,         1.000,         1.000,         1.000,         1.000,         1.000,         1.000,         0.000,         0.000,         0.000,
     5.227,    24.785,     2.000,    20.108,    -0.005,    -0.002,     0.000,     0.450,     1.600,   419.330,     1.000,    21.347,     0.000,     0.000,     0.000,     0.000,     0.000,     0.000,     0.000,        35.000,         6.532,     0.132,     0.001,     0.011,     0.060,         1.000,         1.000,         1.000,         1.000,         1.000,         1.000,         1.000,         1.000,         1.000,         0.000,         0.000,         0.000,
     5.231,    24.937,     2.000,    20.108,    -0.005,     0.003,     0.000,     0.450,     1.600,   419.330,     1.000,    21.347,     0.000,     0.000,     0.000,     0.000,     0.000,     0.000,     0.000,        35.000,         6.530,     0.133,     0.001,     0.011,     0.060,         1.000,         1.000,         1.000,         1.000,         1.000,         1.000,         1.000,         1.000,         1.000,         0.000,         0.000,         0.000,
     5.235,    22.489,     2.000,    20.108,    -0.005,     0.011,     0.000,     0.450,     1.600,   419.330,     1.000,    21.347,     0.000,     0.000,     0.000,     0.000,     0.000,     0.000,     0.000,        35.000,         6.527,     0.133,     0.001,     0.011,     0.060,         1.000,         1.000,         1.000,         1.000,         1.000,         1.000,         1.000,         1.000,         1.000,         0.000,         0.000,         0.000,
     5.240,    25.762,     2.000,    20.108,    -0.005,    -0.004,     0.000,     0.450,     1.600,   419.330,     1.000,    21.347,     0.000,     0.000,     0.000,     0.000,     0.000,     0.000,     0.000,        35.000,         6.524,     0.133,     0.001,     0.011,     0.060,         1.000,         1.000,         1.000,         1.000,         1.000,         1.000,         1.000,         1.000,         1.000,         0.000,         0.000,         0.000,
     5.244,    26.491,     2.000,    20.108,    -0.005,    -0.002,     0.000,     0.450,     1.600,   419.330,     1.000,    21.348,     0.000,     0.000,     0.000,     0.000,     0.000,     0.000,     0.000,        35.000,         6.521,     0.133,     0.001,     0.011,     0.060,         1.000,         1.000,         1.000,         1.000,         1.000,         1.000,         1.000,         1.000,         1.000,         0.000,         0.000,         0.000,
     5.248,    26.442,     2.000,    20.108,    -0.005,     0.001,     0.000,     0.450,     1.600,   419.330,     1.000,    21.348,     0.000,     0.000,     0.000,     0.000,     0.000,     0.000,     0.000,        35.000,         6.519,     0.133,     0.001,     0.011,     0.060,         1.000,         1.000,         1.000,         1.000,         1.000,         1.000,         1.000,         1.000,         1.000,         0.000,         0.000,         0.000,
     5.252,    26.769,     2.000,    20.109,    -0.005,     0.011,     0.000,     0.450,     1.600,   419.330,     1.000,    21.349,     0.000,     0.000,     0.000,     0.000,     0.000,     0.000,     0.000,        35.000,         6.516,     0.133,     0.001,     0.011,     0.060,         1.000,         1.000,         1.000,         1.000,         1.000,         1.000,         1.000,         1.000,         1.000,         0.000,         0.000,         0.000,
     5.256,    35.847,     2.000,    20.109,    -0.005,     0.002,     0.000,     0.450,     1.600,   419.330,     1.000,    21.349,     0.000,     0.000,     0.000,     0.000,     0.000,     0.000,     0.000,        35.000,         6.513,     0.133,     0.001,     0.011,     0.060,         1.000,         1.000,         1.000,         1.000,         1.000,         1.000,         1.000,         1.000,         1.000,         0.000,         0.000,         0.000,
     5.260,    26.671,     2.000,    20.109,    -0.005,    -0.008,     0.000,     0.450,     1.600,   419.330,     1.000,    21.349,     0.000,     0.000,     0.000,     0.000,     0.000,     0.000,     0.000,        35.000,         6.510,     0.133,     0.001,     0.011,     0.060,         1.000,         1.000,         1.000,         1.000,         1.000,         1.000,         1.000,         1.000,         1.000,         0.000,         0.000,         0.000,
     5.265,    25.169,     2.000,    20.109,    -0.005,    -0.010,     0.000,     0.450,     1.600,   419.330,     1.000,    21.350,     0.000,     0.000,     0.000,     0.000,     0.000,     0.000,     0.000,        35.000,         6.508,     0.133,     0.001,     0.011,     0.060,         1.000,         1.000,         1.000,         1.000,         1.000,         1.000,         1.000,         1.000,         1.000,         0.000,         0.000,         0.000,
     5.269,    25.111,     2.000,    20.109,    -0.005,     0.009,     0.000,     0.450,     1.600,   419.330,     1.000,    21.350,     0.000,     0.000,     0.000,     0.000,     0.000,     0.000,     0.000,        35.000,         6.505,     0.133,     0.001,     0.011,     0.060,         1.000,         1.000,         1.000,         1.000,         1.000,         1.000,         1.000,         1.000,         1.000,         0.000,         0.000,         0.000,
     5.273,    27.371,     2.000,    20.109,    -0.005,     0.001,     0.000,     0.450,     1.600,   419.330,     1.000,    21.351,     0.000,     0.000,     0.000,     0.000,     0.000,     0.000,     0.000,        35.000,         6.502,     0.134,     0.001,     0.011,     0.060,         1.000,         1.000,         1.000,         1.000,         1.000,         1.000,         1.000,         1.000,         1.000,         0.000,         0.000,         0.000,
     5.277,    25.871,     2.000,    20.109,    -0.005,    -0.010,     0.000,     0.450,     1.600,   419.330,     1.000,    21.351,     0.000,     0.000,     0.000,     0.000,     0.000,     0.000,     0.000,        35.000,         6.499,     0.134,     0.001,     0.011,     0.060,         1.000,         1.000,         1.000,         1.000,         1.000,         1.000,         1.000,         1.000,         1.000,         0.000,         0.000,         0.000,
     5.281,    29.941,     2.000,    20.109,    -0.005,     0.001,     0.000,     0.450,     1.600,   419.330,     1.000,    21.351,     0.000,     0.000,     0.000,     0.000,     0.000,     0.000,     0.000,        35.000,         6.497,     0.134,     0.001,     0.011,     0.060,         1.000,         1.000,         1.000,         1.000,         1.000,         1.000,         1.000,         1.000,         1.000,         0.000,         0.000,         0.000,
     5.285,    38.099,     2.000,    20.109,    -0.005,     0.008,     0.000,     0.450,     1.600,   419.330,     1.000,    21.352,     0.000,     0.000,     0.000,     0.000,     0.000,     0.000,     0.000,        35.000,         6.494,     0.134,     0.001,     0.011,     0.060,         1.000,         1.000,         1.000,         1.000,         1.000,         1.000,         1.000,         1.000,         1.000,         0.000,         0.000,         0.000,
     5.290,    29.209,     2.000,    20.110,    -0.005,     0.006,     0.000,     0.450,     1.600,   419.330,     1.000,    21.352,     0.000,     0.000,     0.000,     0.000,     0.000,     0.000,     0.000,        35.000,         6.491,     0.134,     0.001,     0.011,     0.060,         1.000,         1.000,         1.000,         1.000,         1.000,         1.000,         1.000,         1.000,         1.000,         0.000,         0.000,         0.000,
     5.294,    25.498,     2.000,    20.110,    -0.005,    -0.002,     0.000,     0.450,     1.600,   419.330,     1.000,    21.353,     0.000,     0.000,     0.000,     0.000,     0.000,     0.000,     0.000,        35.000,         6.488,     0.134,     0.001,     0.011,     0.060,         1.000,         1.000,         1.000,         1.000,         1.000,         1.000,         1.000,         1.000,         1.000,         0.000,         0.000,         0.000,
     5.298,    25.213,     2.000,    20.110,    -0.005,     0.002,     0.000,     0.450,     1.600,   419.330,     1.000,    21.353,     0.000,     0.000,     0.000,     0.000,     0.000,     0.000,     0.000,        35.000,         6.486,     0.134,     0.001,     0.011,     0.060,         1.000,         1.000,         1.000,         1.000,         1.000,         1.000,         1.000,         1.000,         1.000,         0.000,         0.000,         0.000,
     5.302,    26.513,     2.000,    20.109,    -0.005,     0.003,     0.000,     0.450,     1.600,   419.330,     1.000,    21.353,     0.000,     0.000,     0.000,     0.000,     0.000,     0.000,     0.000,        35.000,         6.483,     0.134,     0.001,     0.011,     0.060,         1.000,         1.000,         1.000,         1.000,         1.000,         1.000,         1.000,         1.000,         1.000,         0.000,         0.000,         0.000,
     5.306,    24.992,     2.000,    20.109,    -0.005,    -0.003,     0.000,     0.450,     1.600,   419.330,     1.000,    21.354,     0.000,     0.000,     0.000,     0.000,     0.000,     0.000,     0.000,        35.000,         6.480,     0.134,     0.001,     0.011,     0.060,         1.000,         1.000,         1.000,         1.000,         1.000,         1.000,         1.000,         1.000,         1.000,         0.000,         0.000,         0.000,
     5.310,    28.245,     2.000,    20.110,    -0.005,    -0.004,     0.000,     0.450,     1.600,   419.330,     1.000,    21.354,     0.000,     0.000,     0.000,     0.000,     0.000,     0.000,     0.000,        35.000,         6.478,     0.134,     0.001,     0.011,     0.061,         1.000,         1.000,         1.000,         1.000,         1.000,         1.000,         1.000,         1.000,         1.000,         0.000,         0.000,         0.000,
     5.315,    29.529,     2.000,    20.110,    -0.005,    -0.002,     0.000,     0.450,     1.600,   419.330,     1.000,    21.354,     0.000,     0.000,     0.000,     0.000,     0.000,     0.000,     0.000,        35.000,         6.475,     0.135,     0.001,     0.011,     0.061,         1.000,         1.000,         1.000,         1.000,         1.000,         1.000,         1.000,         1.000,         1.000,         0.000,         0.000,         0.000,
     5.319,    25.068,     2.000,    20.111,    -0.005,     0.001,     0.000,     0.450,     1.600,   419.330,     1.000,    21.355,     0.000,     0.000,     0.000,     0.000,     0.000,     0.000,     0.000,        35.000,         6.472,     0.135,     0.001,     0.011,     0.061,         1.000,         1.000,         1.000,         1.000,         1.000,         1.000,         1.000,         1.000,         1.000,         0.000,         0.000,         0.000,
     5.323,    26.098,     2.000,    20.111,    -0.005,     0.001,     0.000,     0.450,     1.600,   419.330,     1.000,    21.355,     0.000,     0.000,     0.000,     0.000,     0.000,     0.000,     0.000,        35.000,         6.469,     0.135,     0.001,     0.011,     0.061,         1.000,         1.000,         1.000,         1.000,         1.000,         1.000,         1.000,         1.000,         1.000,         0.000,         0.000,         0.000,
     5.327,    27.571,     2.000,    20.112,    -0.005,     0.001,     0.000,     0.450,     1.600,   419.330,     1.000,    21.356,     0.000,     0.000,     0.000,     0.000,     0.000,     0.000,     0.000,        35.000,         6.467,     0.135,     0.001,     0.011,     0.061,         1.000,         1.000,         1.000,         1.000,         1.000,         1.000,         1.000,         1.000,         1.000,         0.000,         0.000,         0.000,
     5.331,    39.856,     2.000,    20.112,    -0.005,     0.019,     0.000,     0.450,     1.600,   419.330,     1.000,    21.356,     0.000,     0.000,     0.000,     0.000,     0.000,     0.000,     0.000,        35.000,         6.464,     0.135,     0.001,     0.011,     0.061,         1.000,         1.000,         1.000,         1.000,         1.000,         1.000,         1.000,         1.000,         1.000,         0.000,         0.000,         0.000,
     5.336,    35.842,     2.000,    20.111,    -0.005,     0.003,     0.000,     0.450,     1.600,   419.330,     1.000,    21.356,     0.000,     0.000,     0.000,     0.000,     0.000,     0.000,     0.000,        35.000,         6.461,     0.135,     0.001,     0.011,     0.061,         1.000,         1.000,         1.000,         1.000,         1.000,         1.000,         1.000,         1.000,         1.000,         0.000,         0.000,         0.000,
     5.339,    23.022,     2.000,    20.112,    -0.005,    -0.008,     0.000,     0.450,     1.600,   419.330,     1.000,    21.357,     0.000,     0.000,     0.000,     0.000,     0.000,     0.000,     0.000,        35.000,         6.459,     0.135,     0.001,     0.011,     0.061,         1.000,         1.000,         1.000,         1.000,         1.000,         1.000,         1.000,         1.000,         1.000,         0.000,         0.000,         0.000,
     5.344,    23.990,     2.000,    20.112,    -0.005,    -0.001,     0.000,     0.450,     1.600,   419.330,     1.000,    21.357,     0.000,     0.000,     0.000,     0.000,     0.000,     0.000,     0.000,        35.000,         6.456,     0.135,     0.001,     0.011,     0.061,         1.000,         1.000,         1.000,         1.000,         1.000,         1.000,         1.000,         1.000,         1.000,         0.000,         0.000,         0.000,
     5.348,    27.675,     2.000,    20.112,    -0.005,    -0.001,     0.000,     0.450,     1.600,   419.330,     1.000,    21.358,     0.000,     0.000,     0.000,     0.000,     0.000,     0.000,     0.000,        35.000,         6.453,     0.135,     0.001,     0.011,     0.061,         1.000,         1.000,         1.000,         1.000,         1.000,         1.000,         1.000,         1.000,         1.000,         0.000,         0.000,         0.000,
     5.352,    28.276,     2.000,    20.112,    -0.005,    -0.009,     0.000,     0.450,     1.600,   419.330,     1.000,    21.358,     0.000,     0.000,     0.000,     0.000,     0.000,     0.000,     0.000,        35.000,         6.450,     0.135,     0.001,     0.011,     0.061,         1.000,         1.000,         1.000,         1.000,         1.000,         1.000,         1.000,         1.000,         1.000,         0.000,         0.000,         0.000,
     5.356,    24.898,     2.000,    20.112,    -0.005,    -0.011,     0.000,     0.450,     1.600,   419.330,     1.000,    21.358,     0.000,     0.000,     0.000,     0.000,     0.000,     0.000,     0.000,        35.000,         6.448,     0.136,     0.001,     0.011,     0.061,         1.000,         1.000,         1.000,         1.000,         1.000,         1.000,         1.000,         1.000,         1.000,         0.000,         0.000,         0.000,
     5.360,    23.782,     2.000,    20.112,    -0.005,    -0.003,     0.000,     0.450,     1.600,   419.330,     1.000,    21.359,     0.000,     0.000,     0.000,     0.000,     0.000,     0.000,     0.000,        35.000,         6.445,     0.136,     0.001,     0.011,     0.061,         1.000,         1.000,         1.000,         1.000,         1.000,         1.000,         1.000,         1.000,         1.000,         0.000,         0.000,         0.000,
     5.365,    27.344,     2.000,    20.113,    -0.005,     0.003,     0.000,     0.450,     1.600,   419.330,     1.000,    21.359,     0.000,     0.000,     0.000,     0.000,     0.000,     0.000,     0.000,        35.000,         6.442,     0.136,     0.001,     0.011,     0.061,         1.000,         1.000,         1.000,         1.000,         1.000,         1.000,         1.000,         1.000,         1.000,         0.000,         0.000,         0.000,
     5.369,    31.470,     2.000,    20.113,    -0.005,     0.005,     0.000,     0.450,     1.600,   419.330,     1.000,    21.360,     0.000,     0.000,     0.000,     0.000,     0.000,     0.000,     0.000,        35.000,         6.439,     0.136,     0.001,     0.011,     0.061,         1.000,         1.000,         1.000,         1.000,         1.000,         1.000,         1.000,         1.000,         1.000,         0.000,         0.000,         0.000,
     5.373,    22.902,     2.000,    20.113,    -0.005,     0.003,     0.000,     0.450,     1.600,   419.330,     1.000,    21.360,     0.000,     0.000,     0.000,     0.000,     0.000,     0.000,     0.000,        35.000,         6.437,     0.136,     0.001,     0.011,     0.061,         1.000,         1.000,         1.000,         1.000,         1.000,         1.000,         1.000,         1.000,         1.000,         0.000,         0.000,         0.000,
     5.377,    25.898,     2.000,    20.113,    -0.005,     0.006,     0.000,     0.450,     1.600,   419.330,     1.000,    21.360,     0.000,     0.000,     0.000,     0.000,     0.000,     0.000,     0.000,        35.000,         6.434,     0.136,     0.001,     0.011,     0.061,         1.000,         1.000,         1.000,         1.000,         1.000,         1.000,         1.000,         1.000,         1.000,         0.000,         0.000,         0.000,
     5.381,    24.659,     2.000,    20.113,    -0.005,     0.005,     0.000,     0.450,     1.600,   419.330,     1.000,    21.360,     0.000,     0.000,     0.000,     0.000,     0.000,     0.000,     0.000,        35.000,         6.431,     0.136,     0.001,     0.011,     0.061,         1.000,         1.000,         1.000,         1.000,         1.000,         1.000,         1.000,         1.000,         1.000,         0.000,         0.000,         0.000,
     5.385,    23.971,     2.000,    20.113,    -0.005,    -0.008,     0.000,     0.450,     1.600,   419.330,     1.000,    21.361,     0.000,     0.000,     0.000,     0.000,     0.000,     0.000,     0.000,        35.000,         6.429,     0.136,     0.001,     0.011,     0.061,         1.000,         1.000,         1.000,         1.000,         1.000,         1.000,         1.000,         1.000,         1.000,         0.000,         0.000,         0.000,
     5.390,    25.516,     2.000,    20.113,    -0.005,     0.004,     0.000,     0.450,     1.600,   419.330,     1.000,    21.361,     0.000,     0.000,     0.000,     0.000,     0.000,     0.000,     0.000,        35.000,         6.426,     0.136,     0.001,     0.011,     0.061,         1.000,         1.000,         1.000,         1.000,         1.000,         1.000,         1.000,         1.000,         1.000,         0.000,         0.000,         0.000,
     5.394,    29.293,     2.000,    20.114,    -0.005,     0.013,     0.000,     0.450,     1.600,   419.330,     1.000,    21.362,     0.000,     0.000,     0.000,     0.000,     0.000,     0.000,     0.000,        35.000,         6.423,     0.136,     0.001,     0.011,     0.061,         1.000,         1.000,         1.000,         1.000,         1.000,         1.000,         1.000,         1.000,         1.000,         0.000,         0.000,         0.000,
     5.398,    47.030,     2.000,    20.114,    -0.005,    -0.014,     0.000,     0.450,     1.600,   419.330,     1.000,    21.362,     0.000,     0.000,     0.000,     0.000,     0.000,     0.000,     0.000,        35.000,         6.420,     0.137,     0.001,     0.011,     0.061,         1.000,         1.000,         1.000,         1.000,         1.000,         1.000,         1.000,         1.000,         1.000,         0.000,         0.000,         0.000,
     5.402,    29.806,     2.000,    20.114,    -0.005,    -0.017,     0.000,     0.450,     1.600,   419.330,     1.000,    21.363,     0.000,     0.000,     0.000,     0.000,     0.000,     0.000,     0.000,        35.000,         6.418,     0.137,     0.001,     0.011,     0.062,         1.000,         1.000,         1.000,         1.000,         1.000,         1.000,         1.000,         1.000,         1.000,         0.000,         0.000,         0.000,
     5.406,    25.953,     2.000,    20.114,    -0.005,    -0.003,     0.000,     0.450,     1.600,   419.330,     1.000,    21.363,     0.000,     0.000,     0.000,     0.000,     0.000,     0.000,     0.000,        35.000,         6.415,     0.137,     0.001,     0.011,     0.062,         1.000,         1.000,         1.000,         1.000,         1.000,         1.000,         1.000,         1.000,         1.000,         0.000,         0.000,         0.000,
     5.410,    25.432,     2.000,    20.114,    -0.005,     0.012,     0.000,     0.450,     1.600,   419.330,     1.000,    21.363,     0.000,     0.000,     0.000,     0.000,     0.000,     0.000,     0.000,        35.000,         6.412,     0.137,     0.001,     0.011,     0.062,         1.000,         1.000,         1.000,         1.000,         1.000,         1.000,         1.000,         1.000,         1.000,         0.000,         0.000,         0.000,
     5.415,    26.431,     2.000,    20.114,    -0.005,     0.001,     0.000,     0.450,     1.600,   419.330,     1.000,    21.364,     0.000,     0.000,     0.000,     0.000,     0.000,     0.000,     0.000,        35.000,         6.410,     0.137,     0.001,     0.011,     0.062,         1.000,         1.000,         1.000,         1.000,         1.000,         1.000,         1.000,         1.000,         1.000,         0.000,         0.000,         0.000,
     5.419,    25.398,     2.000,    20.114,    -0.005,    -0.009,     0.000,     0.450,     1.600,   419.330,     1.000,    21.364,     0.000,     0.000,     0.000,     0.000,     0.000,     0.000,     0.000,        35.000,         6.407,     0.137,     0.001,     0.011,     0.062,         1.000,         1.000,         1.000,         1.000,         1.000,         1.000,         1.000,         1.000,         1.000,         0.000,         0.000,         0.000,
     5.423,    28.713,     2.000,    20.114,    -0.005,     0.003,     0.000,     0.450,     1.600,   419.330,     1.000,    21.365,     0.000,     0.000,     0.000,     0.000,     0.000,     0.000,     0.000,        35.000,         6.404,     0.137,     0.001,     0.011,     0.062,         1.000,         1.000,         1.000,         1.000,         1.000,         1.000,         1.000,         1.000,         1.000,         0.000,         0.000,         0.000,
     5.427,    20.674,     2.000,    20.114,    -0.005,     0.012,     0.000,     0.450,     1.600,   419.330,     1.000,    21.365,     0.000,     0.000,     0.000,     0.000,     0.000,     0.000,     0.000,        35.000,         6.402,     0.137,     0.001,     0.011,     0.062,         1.000,         1.000,         1.000,         1.000,         1.000,         1.000,         1.000,         1.000,         1.000,         0.000,         0.000,         0.000,
     5.431,    25.057,     2.000,    20.114,    -0.005,     0.000,     0.000,     0.450,     1.600,   419.330,     1.000,    21.366,     0.000,     0.000,     0.000,     0.000,     0.000,     0.000,     0.000,        35.000,         6.399,     0.137,     0.001,     0.011,     0.062,         1.000,         1.000,         1.000,         1.000,         1.000,         1.000,         1.000,         1.000,         1.000,         0.000,         0.000,         0.000,
     5.436,    28.399,     2.000,    20.114,    -0.005,    -0.001,     0.000,     0.450,     1.600,   419.330,     1.000,    21.366,     0.000,     0.000,     0.000,     0.000,     0.000,     0.000,     0.000,        35.000,         6.396,     0.138,     0.001,     0.011,     0.062,         1.000,         1.000,         1.000,         1.000,         1.000,         1.000,         1.000,         1.000,         1.000,         0.000,         0.000,         0.000,
     5.440,    23.247,     2.000,    20.115,    -0.005,     0.004,     0.000,     0.450,     1.600,   419.330,     1.000,    21.366,     0.000,     0.000,     0.000,     0.000,     0.000,     0.000,     0.000,        35.000,         6.393,     0.138,     0.001,     0.011,     0.062,         1.000,         1.000,         1.000,         1.000,         1.000,         1.000,         1.000,         1.000,         1.000,         0.000,         0.000,         0.000,
     5.444,    23.686,     2.000,    20.116,    -0.005,    -0.002,     0.000,     0.450,     1.600,   419.330,     1.000,    21.367,     0.000,     0.000,     0.000,     0.000,     0.000,     0.000,     0.000,        35.000,         6.391,     0.138,     0.001,     0.011,     0.062,         1.000,         1.000,         1.000,         1.000,         1.000,         1.000,         1.000,         1.000,         1.000,         0.000,         0.000,         0.000,
     5.448,    27.221,     2.000,    20.116,    -0.005,     0.000,     0.000,     0.450,     1.600,   419.330,     1.000,    21.367,     0.000,     0.000,     0.000,     0.000,     0.000,     0.000,     0.000,        35.000,         6.388,     0.138,     0.001,     0.011,     0.062,         1.000,         1.000,         1.000,         1.000,         1.000,         1.000,         1.000,         1.000,         1.000,         0.000,         0.000,         0.000,
     5.452,    28.532,     2.000,    20.117,    -0.005,    -0.003,     0.000,     0.450,     1.600,   419.330,     1.000,    21.367,     0.000,     0.000,     0.000,     0.000,     0.000,     0.000,     0.000,        35.000,         6.385,     0.138,     0.001,     0.011,     0.062,         1.000,         1.000,         1.000,         1.000,         1.000,         1.000,         1.000,         1.000,         1.000,         0.000,         0.000,         0.000,
     5.456,    23.998,     2.000,    20.117,    -0.005,     0.003,     0.000,     0.450,     1.600,   419.330,     1.000,    21.368,     0.000,     0.000,     0.000,     0.000,     0.000,     0.000,     0.000,        35.000,         6.383,     0.138,     0.001,     0.011,     0.062,         1.000,         1.000,         1.000,         1.000,         1.000,         1.000,         1.000,         1.000,         1.000,         0.000,         0.000,         0.000,
     5.461,    27.535,     2.000,    20.117,    -0.005,     0.008,     0.000,     0.450,     1.600,   419.330,     1.000,    21.368,     0.000,     0.000,     0.000,     0.000,     0.000,     0.000,     0.000,        35.000,         6.380,     0.138,     0.001,     0.011,     0.062,         1.000,         1.000,         1.000,         1.000,         1.000,         1.000,         1.000,         1.000,         1.000,         0.000,         0.000,         0.000,
     5.465,    28.771,     2.000,    20.117,    -0.005,    -0.006,     0.000,     0.450,     1.600,   419.330,     1.000,    21.368,     0.000,     0.000,     0.000,     0.000,     0.000,     0.000,     0.000,        35.000,         6.377,     0.138,     0.001,     0.011,     0.062,         1.000,         1.000,         1.000,         1.000,         1.000,         1.000,         1.000,         1.000,         1.000,         0.000,         0.000,         0.000,
     5.469,    25.421,     2.000,    20.117,    -0.005,    -0.000,     0.000,     0.450,     1.600,   419.330,     1.000,    21.369,     0.000,     0.000,     0.000,     0.000,     0.000,     0.000,     0.000,        35.000,         6.375,     0.138,     0.001,     0.011,     0.062,         1.000,         1.000,         1.000,         1.000,         1.000,         1.000,         1.000,         1.000,         1.000,         0.000,         0.000,         0.000,
     5.473,    31.609,     2.000,    20.117,    -0.005,     0.007,     0.000,     0.450,     1.600,   419.330,     1.000,    21.369,     0.000,     0.000,     0.000,     0.000,     0.000,     0.000,     0.000,        35.000,         6.372,     0.138,     0.001,     0.011,     0.062,         1.000,         1.000,         1.000,         1.000,         1.000,         1.000,         1.000,         1.000,         1.000,         0.000,         0.000,         0.000,
     5.477,    35.078,     2.000,    20.117,    -0.005,     0.003,     0.000,     0.450,     1.600,   419.330,     1.000,    21.370,     0.000,     0.000,     0.000,     0.000,     0.000,     0.000,     0.000,        35.000,         6.369,     0.139,     0.001,     0.011,     0.062,         1.000,         1.000,         1.000,         1.000,         1.000,         1.000,         1.000,         1.000,         1.000,         0.000,         0.000,         0.000,
     5.481,    30.051,     2.000,    20.117,    -0.005,    -0.008,     0.000,     0.450,     1.600,   419.330,     1.000,    21.370,     0.000,     0.000,     0.000,     0.000,     0.000,     0.000,     0.000,        35.000,         6.367,     0.139,     0.001,     0.011,     0.062,         1.000,         1.000,         1.000,         1.000,         1.000,         1.000,         1.000,         1.000,         1.000,         0.000,         0.000,         0.000,
     5.486,    25.644,     2.000,    20.117,    -0.005,    -0.001,     0.000,     0.450,     1.600,   419.330,     1.000,    21.370,     0.000,     0.000,     0.000,     0.000,     0.000,     0.000,     0.000,        35.000,         6.364,     0.139,     0.001,     0.011,     0.062,         1.000,         1.000,         1.000,         1.000,         1.000,         1.000,         1.000,         1.000,         1.000,         0.000,         0.000,         0.000,
     5.490,    26.670,     2.000,    20.117,    -0.005,     0.001,     0.000,     0.450,     1.600,   419.330,     1.000,    21.371,     0.000,     0.000,     0.000,     0.000,     0.000,     0.000,     0.000,        35.000,         6.361,     0.139,     0.001,     0.011,     0.062,         1.000,         1.000,         1.000,         1.000,         1.000,         1.000,         1.000,         1.000,         1.000,         0.000,         0.000,         0.000,
     5.494,    26.818,     2.000,    20.117,    -0.005,     0.002,     0.000,     0.450,     1.600,   419.330,     1.000,    21.371,     0.000,     0.000,     0.000,     0.000,     0.000,     0.000,     0.000,        35.000,         6.359,     0.139,     0.001,     0.011,     0.063,         1.000,         1.000,         1.000,         1.000,         1.000,         1.000,         1.000,         1.000,         1.000,         0.000,         0.000,         0.000,
     5.498,    39.359,     2.000,    20.117,    -0.005,     0.004,     0.000,     0.450,     1.600,   419.330,     1.000,    21.372,     0.000,     0.000,     0.000,     0.000,     0.000,     0.000,     0.000,        35.000,         6.356,     0.139,     0.001,     0.011,     0.063,         1.000,         1.000,         1.000,         1.000,         1.000,         1.000,         1.000,         1.000,         1.000,         0.000,         0.000,         0.000,
     5.502,    30.979,     2.000,    20.117,    -0.005,     0.001,     0.000,     0.450,     1.600,   419.330,     1.000,    21.372,     0.000,     0.000,     0.000,     0.000,     0.000,     0.000,     0.000,        35.000,         6.353,     0.139,     0.001,     0.011,     0.063,         1.000,         1.000,         1.000,         1.000,         1.000,         1.000,         1.000,         1.000,         1.000,         0.000,         0.000,         0.000,
     5.506,    13.995,     1.998,    20.117,     0.002,     3.920,     0.000,     0.450,     1.598,   419.330,     1.000,    21.374,     0.000,     0.000,     0.000,     0.000,     0.000,     0.000,     0.000,        35.000,         6.351,     0.139,     0.001,     0.011,     0.063,         1.000,         1.000,         1.000,         1.000,         1.000,         1.000,         1.000,         1.000,         1.000,         0.000,         0.000,         0.000,
     5.511,     7.017,     1.990,    20.119,     0.011,     8.738,     0.000,     0.450,     1.590,   419.330,     1.000,    21.382,     0.000,     0.000,     0.000,     0.000,     0.000,     0.000,     0.000,        35.000,         6.348,     0.139,     0.001,     0.011,     0.063,         1.000,         1.000,         1.000,         1.000,         1.000,         1.000,         1.000,         1.000,         1.000,         0.000,         0.000,         0.000,
     5.515,     5.757,     1.977,    20.121,     0.011,     9.133,     0.000,     0.450,     1.577,   419.330,     1.000,    21.381,     0.000,     0.000,     0.000,     0.000,     0.000,     0.000,     0.000,        35.000,         6.345,     0.139,     0.001,     0.011,     0.063,         1.000,         1.000,         1.000,         1.000,         1.000,         1.000,         1.000,         1.000,         1.000,         0.000,         0.000,         0.000,
     5.519,     5.101,     1.965,    20.137,     0.009,     8.442,     0.000,     0.450,     1.565,   419.330,     1.000,    21.380,     0.000,     0.000,     0.000,     0.000,     0.000,     0.000,     0.000,        35.000,         6.343,     0.140,     0.001,     0.011,     0.063,         1.000,         1.000,         1.000,         1.000,         1.000,         1.000,         1.000,         1.000,         1.000,         0.000,         0.000,         0.000,
     5.523,     4.808,     1.950,    20.172,     0.011,     9.871,     0.000,     0.450,     1.550,   419.330,     1.000,    21.388,     0.000,     0.000,     0.000,     0.000,     0.000,     0.000,     0.000,        35.000,         6.340,     0.140,     0.001,     0.011,     0.063,         1.000,         1.000,         1.000,         1.000,         1.000,         1.000,         1.000,         1.000,         1.000,         0.000,         0.000,         0.000,
     5.527,     4.921,     1.934,    20.210,     0.011,    10.743,     0.000,     0.450,     1.534,   419.330,     1.000,    21.394,     0.000,     0.000,     0.000,     0.000,     0.000,     0.000,     0.000,        35.000,         6.337,     0.140,     0.001,     0.011,     0.063,         1.000,         1.000,         1.000,         1.000,         1.000,         1.000,         1.000,         1.000,         1.000,         0.000,         0.000,         0.000,
     5.531,     4.857,     1.918,    20.239,     0.008,     9.894,     0.000,     0.450,     1.518,   419.330,     1.000,    21.388,     0.000,     0.000,     0.000,     0.000,     0.000,     0.000,     0.000,        35.000,         6.335,     0.140,     0.001,     0.011,     0.063,         1.000,         1.000,         1.000,         1.000,         1.000,         1.000,         1.000,         1.000,         1.000,         0.000,         0.000,         0.000,
     5.536,     5.313,     1.901,    20.271,     0.006,     9.414,     0.000,     0.450,     1.501,   419.330,     1.000,    21.373,     0.000,     0.000,     0.000,     0.000,     0.000,     0.000,     0.000,        35.000,         6.332,     0.140,     0.001,     0.011,     0.063,         1.000,         1.000,         1.000,         1.000,         1.000,         1.000,         1.000,         1.000,         1.000,         0.000,         0.000,         0.000,
     5.540,     5.251,     1.887,    20.313,     0.005,     8.637,     0.000,     0.450,     1.487,   419.330,     1.000,    21.362,     0.000,     0.000,     0.000,     0.000,     0.000,     0.000,     0.000,        35.000,         6.329,     0.140,     0.001,     0.011,     0.063,         1.000,         1.000,         1.000,         1.000,         1.000,         1.000,         1.000,         1.000,         1.000,         0.000,         0.000,         0.000,
     5.544,     5.283,     1.872,    20.363,     0.005,     8.399,     0.000,     0.450,     1.472,   419.330,     1.000,    21.355,     0.000,     0.000,     0.000,     0.000,     0.000,     0.000,     0.000,        35.000,         6.327,     0.140,     0.001,     0.011,     0.063,         1.000,         1.000,         1.000,         1.000,         1.000,         1.000,         1.000,         1.000,         1.000,         0.000,         0.000,         0.000,
     5.548,     5.308,     1.859,    20.409,     0.006,     8.238,     0.000,     0.450,     1.459,   419.330,     1.000,    21.348,     0.000,     0.000,     0.000,     0.000,     0.000,     0.000,     0.000,        35.000,         6.324,     0.140,     0.001,     0.011,     0.063,         1.000,         1.000,         1.000,         1.000,         1.000,         1.000,         1.000,         1.000,         1.000,         0.000,         0.000,         0.000,
     5.552,     4.841,     1.845,    20.443,     0.006,     8.394,     0.000,     0.450,     1.445,   419.330,     1.000,    21.338,     0.000,     0.000,     0.000,     0.000,     0.000,     0.000,     0.000,        35.000,         6.321,     0.140,     0.001,     0.011,     0.063,         1.000,         1.000,         1.000,         1.000,         1.000,         1.000,         1.000,         1.000,         1.000,         0.000,         0.000,         0.000,
     5.556,     5.218,     1.830,    20.459,     0.006,     8.801,     0.000,     0.450,     1.430,   419.330,     1.000,    21.321,     0.000,     0.000,     0.000,     0.000,     0.000,     0.000,     0.000,        35.000,         6.319,     0.140,     0.001,     0.011,     0.063,         1.000,         1.000,         1.000,         1.000,         1.000,         1.000,         1.000,         1.000,         1.000,         0.000,         0.000,         0.000,
     5.560,     5.133,     1.816,    20.469,     0.005,     8.680,     0.000,     0.450,     1.416,   419.330,     1.000,    21.305,     0.000,     0.000,     0.000,     0.000,     0.000,     0.000,     0.000,        35.000,         6.316,     0.141,     0.001,     0.011,     0.063,         1.000,         1.000,         1.000,         1.000,         1.000,         1.000,         1.000,         1.000,         1.000,         0.000,         0.000,         0.000,
     5.565,     5.106,     1.802,    20.485,     0.004,     8.272,     0.000,     0.450,     1.402,   419.330,     1.000,    21.292,     0.000,     0.000,     0.000,     0.000,     0.000,     0.000,     0.000,        35.000,         6.313,     0.141,     0.001,     0.011,     0.063,         1.000,         1.000,         1.000,         1.000,         1.000,         1.000,         1.000,         1.000,         1.000,         0.000,         0.000,         0.000,
     5.569,     5.096,     1.788,    20.206,     0.019,     8.248,     0.000,     0.450,     1.388,   419.330,     1.000,    21.284,     0.000,     0.000,     0.000,     0.000,     0.000,     0.000,     0.000,        35.000,         6.311,     0.073,     0.000,     0.006,     0.033,         1.000,         1.000,         1.000,         1.000,         1.000,         1.000,         1.000,         1.000,         1.000,         0.000,         0.000,         0.000,
     5.573,     4.813,     1.775,    20.211,     0.019,     8.247,     0.000,     0.450,     1.375,   419.330,     1.000,    21.279,     0.000,     0.000,     0.000,     0.000,     0.000,     0.000,     0.000,        35.000,         6.308,     0.073,     0.000,     0.006,     0.033,         1.000,         1.000,         1.000,         1.000,         1.000,         1.000,         1.000,         1.000,         1.000,         0.000,         0.000,         0.000,
     5.577,     4.932,     1.761,    20.211,     0.020,     8.672,     0.000,     0.450,     1.361,   419.330,     1.000,    21.274,     0.000,     0.000,     0.000,     0.000,     0.000,     0.000,     0.000,        35.000,         6.305,     0.073,     0.000,     0.006,     0.033,         1.000,         1.000,         1.000,         1.000,         1.000,         1.000,         1.000,         1.000,         1.000,         0.000,         0.000,         0.000,
     5.581,     4.852,     1.747,    20.205,     0.021,     8.781,     0.000,     0.450,     1.347,   419.330,     1.000,    21.268,     0.000,     0.000,     0.000,     0.000,     0.000,     0.000,     0.000,        35.000,         6.303,     0.073,     0.000,     0.006,     0.033,         1.000,         1.000,         1.000,         1.000,         1.000,         1.000,         1.000,         1.000,         1.000,         0.000,         0.000,         0.000,
     5.586,     4.860,     1.733,    20.203,     0.021,     8.608,     0.000,     0.450,     1.333,   419.330,     1.000,    21.260,     0.000,     0.000,     0.000,     0.000,     0.000,     0.000,     0.000,        35.000,         6.300,     0.073,     0.000,     0.006,     0.033,         1.000,         1.000,         1.000,         1.000,         1.000,         1.000,         1.000,         1.000,         1.000,         0.000,         0.000,         0.000,
     5.590,     4.738,     1.719,    20.205,     0.021,     8.581,     0.000,     0.450,     1.319,   419.330,     1.000,    21.253,     0.000,     0.000,     0.000,     0.000,     0.000,     0.000,     0.000,        35.000,         6.297,     0.073,     0.000,     0.006,     0.033,         1.000,         1.000,         1.000,         1.000,         1.000,         1.000,         1.000,         1.000,         1.000,         0.000,         0.000,         0.000,
     5.594,     4.296,     1.705,    20.210,     0.022,     8.704,     0.000,     0.450,     1.305,   419.330,     1.000,    21.245,     0.000,     0.000,     0.000,     0.000,     0.000,     0.000,     0.000,        35.000,         6.295,     0.073,     0.000,     0.006,     0.033,         1.000,         1.000,         1.000,         1.000,         1.000,         1.000,         1.000,         1.000,         1.000,         0.000,         0.000,         0.000,
     5.598,     4.711,     1.692,    20.218,     0.022,     8.801,     0.000,     0.450,     1.292,   419.330,     1.000,    21.238,     0.000,     0.000,     0.000,     0.000,     0.000,     0.000,     0.000,        35.000,         6.292,     0.073,     0.000,     0.006,     0.033,         1.000,         1.000,         1.000,         1.000,         1.000,         1.000,         1.000,         1.000,         1.000,         0.000,         0.000,         0.000,
     5.602,     4.654,     1.678,    20.228,     0.023,     8.885,     0.000,     0.450,     1.278,   419.330,     1.000,    21.233,     0.000,     0.000,     0.000,     0.000,     0.000,     0.000,     0.000,        35.000,         6.289,     0.073,     0.000,     0.006,     0.033,         1.000,         1.000,         1.000,         1.000,         1.000,         1.000,         1.000,         1.000,         1.000,         0.000,         0.000,         0.000,
     5.606,     4.523,     1.664,    20.239,     0.022,     8.569,     0.000,     0.450,     1.264,   419.330,     1.000,    21.228,     0.000,     0.000,     0.000,     0.000,     0.000,     0.000,     0.000,        35.000,         6.287,     0.073,     0.000,     0.006,     0.033,         1.000,         1.000,         1.000,         1.000,         1.000,         1.000,         1.000,         1.000,         1.000,         0.000,         0.000,         0.000,
     5.611,     4.589,     1.651,    20.251,     0.023,     8.782,     0.000,     0.450,     1.251,   419.330,     1.000,    21.224,     0.000,     0.000,     0.000,     0.000,     0.000,     0.000,     0.000,        35.000,         6.284,     0.073,     0.000,     0.006,     0.033,         1.000,         1.000,         1.000,         1.000,         1.000,         1.000,         1.000,         1.000,         1.000,         0.000,         0.000,         0.000,
     5.615,     4.206,     1.638,    20.263,     0.024,     8.862,     0.000,     0.450,     1.238,   419.330,     1.000,    21.219,     0.000,     0.000,     0.000,     0.000,     0.000,     0.000,     0.000,        35.000,         6.281,     0.074,     0.000,     0.006,     0.033,         1.000,         1.000,         1.000,         1.000,         1.000,         1.000,         1.000,         1.000,         1.000,         0.000,         0.000,         0.000,
     5.619,     4.452,     1.624,    20.277,     0.023,     8.707,     0.000,     0.450,     1.224,   419.330,     1.000,    21.213,     0.000,     0.000,     0.000,     0.000,     0.000,     0.000,     0.000,        35.000,         6.279,     0.074,     0.000,     0.006,     0.033,         1.000,         1.000,         1.000,         1.000,         1.000,         1.000,         1.000,         1.000,         1.000,         0.000,         0.000,         0.000,
     5.623,     4.427,     1.611,    20.291,     0.024,     8.878,     0.000,     0.450,     1.211,   419.330,     1.000,    21.207,     0.000,     0.000,     0.000,     0.000,     0.000,     0.000,     0.000,        35.000,         6.276,     0.074,     0.000,     0.006,     0.033,         1.000,         1.000,         1.000,         1.000,         1.000,         1.000,         1.000,         1.000,         1.000,         0.000,         0.000,         0.000,
     5.627,     4.318,     1.598,    20.156,     0.018,     8.704,     0.000,     0.450,     1.198,   419.330,     1.000,    21.202,     0.000,     0.000,     0.000,     0.000,     0.000,     0.000,     0.000,        35.000,         6.274,     0.209,     0.001,     0.017,     0.094,         1.000,         1.000,         1.000,         1.000,         1.000,         1.000,         1.000,         1.000,         1.000,         0.000,         0.000,         0.000,
     5.631,     4.353,     1.585,    20.168,     0.018,     8.844,     0.000,     0.450,     1.185,   419.330,     1.000,    21.196,     0.000,     0.000,     0.000,     0.000,     0.000,     0.000,     0.000,        35.000,         6.271,     0.209,     0.001,     0.017,     0.094,         1.000,         1.000,         1.000,         1.000,         1.000,         1.000,         1.000,         1.000,         1.000,         0.000,         0.000,         0.000,
     5.636,     4.353,     1.572,    20.175,     0.018,     8.932,     0.000,     0.450,     1.172,   419.330,     1.000,    21.190,     0.000,     0.000,     0.000,     0.000,     0.000,     0.000,     0.000,        35.000,         6.268,     0.209,     0.001,     0.017,     0.094,         1.000,         1.000,         1.000,         1.000,         1.000,         1.000,         1.000,         1.000,         1.000,         0.000,         0.000,         0.000,
     5.640,     4.065,     1.559,    20.181,     0.018,     8.849,     0.000,     0.450,     1.159,   419.330,     1.000,    21.183,     0.000,     0.000,     0.000,     0.000,     0.000,     0.000,     0.000,        35.000,         6.266,     0.209,     0.001,     0.017,     0.094,         1.000,         1.000,         1.000,         1.000,         1.000,         1.000,         1.000,         1.000,         1.000,         0.000,         0.000,         0.000,
     5.644,     4.144,     1.546,    20.187,     0.018,     8.843,     0.000,     0.450,     1.146,   419.330,     1.000,    21.176,     0.000,     0.000,     0.000,     0.000,     0.000,     0.000,     0.000,        35.000,         6.263,     0.209,     0.001,     0.017,     0.094,         1.000,         1.000,         1.000,         1.000,         1.000,         1.000,         1.000,         1.000,         1.000,         0.000,         0.000,         0.000,
     5.648,     3.599,     1.534,    20.195,     0.020,     8.363,     0.000,     0.450,     1.134,   419.330,     1.000,    21.173,     0.000,     0.000,     0.000,     0.000,     0.000,     0.000,     0.000,        35.000,         6.260,     0.210,     0.001,     0.017,     0.094,         1.000,         1.000,         1.000,         1.000,         1.000,         1.000,         1.000,         1.000,         1.000,         0.000,         0.000,         0.000,
     5.652,     3.349,     1.522,    20.203,     0.025,     8.466,     0.000,     0.450,     1.122,   419.330,     1.000,    21.170,     0.000,     0.000,     0.000,     0.000,     0.000,     0.000,     0.000,        35.000,         6.258,     0.210,     0.001,     0.017,     0.094,         1.000,         1.000,         1.000,         1.000,         1.000,         1.000,         1.000,         1.000,         1.000,         0.000,         0.000,         0.000,
     5.656,     3.574,     1.510,    20.203,     0.029,     8.535,     0.000,     0.450,     1.110,   419.330,     1.000,    21.169,     0.000,     0.000,     0.000,     0.000,     0.000,     0.000,     0.000,        35.000,         6.255,     0.210,     0.001,     0.017,     0.094,         1.000,         1.000,         1.000,         1.000,         1.000,         1.000,         1.000,         1.000,         1.000,         0.000,         0.000,         0.000,
     5.661,     3.274,     1.498,    20.204,     0.031,     8.514,     0.000,     0.450,     1.098,   419.330,     1.000,    21.173,     0.000,     0.000,     0.000,     0.000,     0.000,     0.000,     0.000,        35.000,         6.252,     0.210,     0.001,     0.017,     0.095,         1.000,         1.000,         1.000,         1.000,         1.000,         1.000,         1.000,         1.000,         1.000,         0.000,         0.000,         0.000,
     5.665,     3.266,     1.487,    20.217,     0.031,     8.436,     0.000,     0.450,     1.087,   419.330,     1.000,    21.181,     0.000,     0.000,     0.000,     0.000,     0.000,     0.000,     0.000,        35.000,         6.250,     0.210,     0.001,     0.017,     0.095,         1.000,         1.000,         1.000,         1.000,         1.000,         1.000,         1.000,         1.000,         1.000,         0.000,         0.000,         0.000,
     5.669,     3.252,     1.475,    20.237,     0.031,     8.140,     0.000,     0.450,     1.075,   419.330,     1.000,    21.192,     0.000,     0.000,     0.000,     0.000,     0.000,     0.000,     0.000,        35.000,         6.247,     0.210,     0.001,     0.017,     0.095,         1.000,         1.000,         1.000,         1.000,         1.000,         1.000,         1.000,         1.000,         1.000,         0.000,         0.000,         0.000,
     5.673,     3.377,     1.464,    20.261,     0.031,     8.105,     0.000,     0.450,     1.064,   419.330,     1.000,    21.203,     0.000,     0.000,     0.000,     0.000,     0.000,     0.000,     0.000,        35.000,         6.244,     0.211,     0.001,     0.017,     0.095,         1.000,         1.000,         1.000,         1.000,         1.000,         1.000,         1.000,         1.000,         1.000,         0.000,         0.000,         0.000,
     5.677,     3.589,     1.453,    20.288,     0.032,     8.118,     0.000,     0.450,     1.053,   419.330,     1.000,    21.212,     0.000,     0.000,     0.000,     0.000,     0.000,     0.000,     0.000,        35.000,         6.242,     0.211,     0.001,     0.017,     0.095,         1.000,         1.000,         1.000,         1.000,         1.000,         1.000,         1.000,         1.000,         1.000,         0.000,         0.000,         0.000,
     5.681,     3.235,     1.442,    20.315,     0.032,     7.877,     0.000,     0.450,     1.042,   419.330,     1.000,    21.224,     0.000,     0.000,     0.000,     0.000,     0.000,     0.000,     0.000,        35.000,         6.239,     0.211,     0.001,     0.017,     0.095,         1.000,         1.000,         1.000,         1.000,         1.000,         1.000,         1.000,         1.000,         1.000,         0.000,         0.000,         0.000,
     5.686,     3.388,     1.431,    20.346,     0.032,     7.738,     0.000,     0.450,     1.031,   419.330,     1.000,    21.233,     0.000,     0.000,     0.000,     0.000,     0.000,     0.000,     0.000,        35.000,         6.236,     0.211,     0.001,     0.017,     0.095,         1.000,         1.000,         1.000,         1.000,         1.000,         1.000,         1.000,         1.000,         1.000,         0.000,         0.000,         0.000,
     5.690,     3.396,     1.421,    20.382,     0.032,     7.623,     0.000,     0.450,     1.021,   419.330,     1.000,    21.244,     0.000,     0.000,     0.000,     0.000,     0.000,     0.000,     0.000,        35.000,         6.234,     0.211,     0.001,     0.017,     0.095,         1.000,         1.000,         1.000,         1.000,         1.000,         1.000,         1.000,         1.000,         1.000,         0.000,         0.000,         0.000,
     5.694,     3.372,     1.410,    20.414,     0.032,     7.467,     0.000,     0.450,     1.010,   419.330,     1.000,    21.247,     0.000,     0.000,     0.000,     0.000,     0.000,     0.000,     0.000,        35.000,         6.231,     0.211,     0.001,     0.017,     0.095,         1.000,         1.000,         1.000,         1.000,         1.000,         1.000,         1.000,         1.000,         1.000,         0.000,         0.000,         0.000,
     5.698,     3.451,     1.400,    20.439,     0.033,     7.405,     0.000,     0.450,     1.000,   419.330,     1.000,    21.247,     0.000,     0.000,     0.000,     0.000,     0.000,     0.000,     0.000,        35.000,         6.228,     0.212,     0.001,     0.017,     0.095,         1.000,         1.000,         1.000,         1.000,         1.000,         1.000,         1.000,         1.000,         1.000,         0.000,         0.000,         0.000,
     6.649,     1.000,     1.414,    23.482,    -0.048,   -10.449,     0.000,     0.450,     1.014,   419.330,     1.000,    23.494,     0.000,     0.000,     0.000,     0.000,     0.000,     0.000,     0.000,        35.000,         0.010,     0.222,     0.001,     0.018,     0.100,         1.000,         1.000,         1.000,         1.000,         1.000,         1.000,         1.000,         1.000,         1.000,         0.000,         0.000,         0.000,
     6.653,     1.000,     1.428,    23.437,    -0.050,   -11.702,     0.000,     0.450,     1.028,   419.330,     1.000,    23.459,     0.000,     0.000,     0.000,     0.000,     0.000,     0.000,     0.000,        35.000,         0.010,     0.222,     0.001,     0.018,     0.100,         1.000,         1.000,         1.000,         1.000,         1.000,         1.000,         1.000,         1.000,         1.000,         0.000,         0.000,         0.000,
     6.657,     1.000,     1.444,    23.404,    -0.047,   -11.500,     0.000,     0.450,     1.044,   419.330,     1.000,    23.423,     0.000,     0.000,     0.000,     0.000,     0.000,     0.000,     0.000,        35.000,         0.010,     0.222,     0.001,     0.018,     0.100,         1.000,         1.000,         1.000,         1.000,         1.000,         1.000,         1.000,         1.000,         1.000,         0.000,         0.000,         0.000,
     6.661,     1.000,     1.459,    23.365,    -0.048,   -12.355,     0.000,     0.450,     1.059,   419.330,     1.000,    23.385,     0.000,     0.000,     0.000,     0.000,     0.000,     0.000,     0.000,        35.000,         0.010,     0.222,     0.001,     0.018,     0.100,         1.000,         1.000,         1.000,         1.000,         1.000,         1.000,         1.000,         1.000,         1.000,         0.000,         0.000,         0.000,
     6.666,     1.000,     1.477,    23.358,    -0.052,   -14.281,     0.000,     0.450,     1.077,   419.330,     1.000,    23.362,     0.000,     0.000,     0.000,     0.000,     0.000,     0.000,     0.000,        35.000,         0.010,     0.222,     0.001,     0.018,     0.100,         1.000,         1.000,         1.000,         1.000,         1.000,         1.000,         1.000,         1.000,         1.000,         0.000,         0.000,         0.000,
     6.670,     1.000,     1.494,    23.346,    -0.037,   -10.691,     0.000,     0.450,     1.094,   419.330,     1.000,    23.357,     0.000,     0.000,     0.000,     0.000,     0.000,     0.000,     0.000,        35.000,         0.010,     0.222,     0.001,     0.018,     0.100,         1.000,         1.000,         1.000,         1.000,         1.000,         1.000,         1.000,         1.000,         1.000,         0.000,         0.000,         0.000,
     6.674,     1.001,     1.508,    23.307,    -0.037,   -10.839,     0.000,     0.450,     1.108,   419.330,     1.000,    23.330,     0.000,     0.000,     0.000,     0.000,     0.000,     0.000,     0.000,        35.000,         0.010,     0.222,     0.001,     0.018,     0.100,         1.000,         1.000,         1.000,         1.000,         1.000,         1.000,         1.000,         1.000,         1.000,         0.000,         0.000,         0.000,
     6.678,     1.131,     1.523,    23.256,    -0.035,   -10.421,     0.000,     0.450,     1.123,   419.330,     1.000,    23.285,     0.000,     0.000,     0.000,     0.000,     0.000,     0.000,     0.000,        35.000,         0.010,     0.222,     0.001,     0.018,     0.100,         1.000,         1.000,         1.000,         1.000,         1.000,         1.000,         1.000,         1.000,         1.000,         0.000,         0.000,         0.000,
     6.682,     1.289,     1.536,    23.220,    -0.033,    -9.865,     0.000,     0.450,     1.136,   419.330,     1.000,    23.245,     0.000,     0.000,     0.000,     0.000,     0.000,     0.000,     0.000,        35.000,         0.010,     0.222,     0.001,     0.018,     0.100,         1.000,         1.000,         1.000,         1.000,         1.000,         1.000,         1.000,         1.000,         1.000,         0.000,         0.000,         0.000,
     6.686,     1.455,     1.547,    23.189,    -0.021,    -5.785,     0.000,     0.450,     1.147,   419.330,     1.000,    23.220,     0.000,     0.000,     0.000,     0.000,     0.000,     0.000,     0.000,        35.000,         0.010,     0.222,     0.001,     0.018,     0.100,         1.000,         1.000,         1.000,         1.000,         1.000,         1.000,         1.000,         1.000,         1.000,         0.000,         0.000,         0.000,
     6.691,     1.716,     1.554,    23.147,    -0.021,    -5.393,     0.000,     0.450,     1.154,   419.330,     1.000,    23.193,     0.000,     0.000,     0.000,     0.000,     0.000,     0.000,     0.000,        35.000,         0.010,     0.222,     0.001,     0.018,     0.100,         1.000,         1.000,         1.000,         1.000,         1.000,         1.000,         1.000,         1.000,         1.000,         0.000,         0.000,         0.000,
     6.695,     2.045,     1.561,    23.103,    -0.020,    -4.823,     0.000,     0.450,     1.161,   419.330,     1.000,    23.166,     0.000,     0.000,     0.000,     0.000,     0.000,     0.000,     0.000,        35.000,         0.010,     0.222,     0.001,     0.018,     0.100,         1.000,         1.000,         1.000,         1.000,         1.000,         1.000,         1.000,         1.000,         1.000,         0.000,         0.000,         0.000,
     6.699,     2.365,     1.568,    23.055,    -0.021,    -4.755,     0.000,     0.450,     1.168,   419.330,     1.000,    23.139,     0.000,     0.000,     0.000,     0.000,     0.000,     0.000,     0.000,        35.000,         0.010,     0.222,     0.001,     0.018,     0.100,         1.000,         1.000,         1.000,         1.000,         1.000,         1.000,         1.000,         1.000,         1.000,         0.000,         0.000,         0.000,
     6.703,     2.316,     1.576,    23.000,    -0.028,    -6.887,     0.000,     0.450,     1.176,   419.330,     1.000,    23.103,     0.000,     0.000,     0.000,     0.000,     0.000,     0.000,     0.000,        35.000,         0.009,     0.222,     0.001,     0.018,     0.100,         1.000,         1.000,         1.000,         1.000,         1.000,         1.000,         1.000,         1.000,         1.000,         0.000,         0.000,         0.000,
     6.707,     2.769,     1.583,    22.948,    -0.017,    -4.016,     0.000,     0.450,     1.183,   419.330,     1.000,    23.062,     0.000,     0.000,     0.000,     0.000,     0.000,     0.000,     0.000,        35.000,         0.009,     0.222,     0.001,     0.018,     0.100,         1.000,         1.000,         1.000,         1.000,         1.000,         1.000,         1.000,         1.000,         1.000,         0.000,         0.000,         0.000,
     6.711,     4.186,     1.585,    22.930,     0.001,     2.220,     0.000,     0.450,     1.185,   419.330,     1.000,    23.056,     0.000,     0.000,     0.000,     0.000,     0.000,     0.000,     0.000,        35.000,         0.009,     0.222,     0.001,     0.018,     0.100,         1.000,         1.000,         1.000,         1.000,         1.000,         1.000,         1.000,         1.000,         1.000,         0.000,         0.000,         0.000,
     6.716,     3.959,     1.578,    22.959,     0.019,     8.122,     0.000,     0.450,     1.178,   419.330,     1.000,    23.109,     0.000,     0.000,     0.000,     0.000,     0.000,     0.000,     0.000,        35.000,         0.009,     0.222,     0.001,     0.018,     0.100,         1.000,         1.000,         1.000,         1.000,         1.000,         1.000,         1.000,         1.000,         1.000,         0.000,         0.000,         0.000,
     6.720,     3.261,     1.569,    23.011,     0.005,     4.262,     0.000,     0.450,     1.169,   419.330,     1.000,    23.156,     0.000,     0.000,     0.000,     0.000,     0.000,     0.000,     0.000,        35.000,         0.009,     0.222,     0.001,     0.018,     0.100,         1.000,         1.000,         1.000,         1.000,         1.000,         1.000,         1.000,         1.000,         1.000,         0.000,         0.000,         0.000,
     6.724,     4.469,     1.565,    23.029,    -0.008,     0.871,     0.000,     0.450,     1.165,   419.330,     1.000,    23.171,     0.000,     0.000,     0.000,     0.000,     0.000,     0.000,     0.000,        35.000,         0.009,     0.222,     0.001,     0.018,     0.100,         1.000,         1.000,         1.000,         1.000,         1.000,         1.000,         1.000,         1.000,         1.000,         0.000,         0.000,         0.000,
     6.728,     3.960,     1.567,    22.999,    -0.019,    -2.889,     0.000,     0.450,     1.167,   419.330,     1.000,    23.158,     0.000,     0.000,     0.000,     0.000,     0.000,     0.000,     0.000,        35.000,         0.009,     0.222,     0.001,     0.018,     0.100,         1.000,         1.000,         1.000,         1.000,         1.000,         1.000,         1.000,         1.000,         1.000,         0.000,         0.000,         0.000,
     6.732,     4.261,     1.568,    23.022,     0.006,     3.680,     0.000,     0.450,     1.168,   419.330,     1.000,    23.144,     0.000,     0.000,     0.000,     0.000,     0.000,     0.000,     0.000,        35.000,         0.009,     0.222,     0.001,     0.018,     0.100,         1.000,         1.000,         1.000,         1.000,         1.000,         1.000,         1.000,         1.000,         1.000,         0.000,         0.000,         0.000,
     6.736,     3.269,     1.558,    23.047,     0.024,     9.018,     0.000,     0.450,     1.158,   419.330,     1.000,    23.175,     0.000,     0.000,     0.000,     0.000,     0.000,     0.000,     0.000,        35.000,         0.009,     0.222,     0.001,     0.018,     0.100,         1.000,         1.000,         1.000,         1.000,         1.000,         1.000,         1.000,         1.000,         1.000,         0.000,         0.000,         0.000,
     6.741,     2.552,     1.544,    23.079,     0.030,    10.924,     0.000,     0.450,     1.144,   419.330,     1.000,    23.202,     0.000,     0.000,     0.000,     0.000,     0.000,     0.000,     0.000,        35.000,         0.009,     0.222,     0.001,     0.018,     0.100,         1.000,         1.000,         1.000,         1.000,         1.000,         1.000,         1.000,         1.000,         1.000,         0.000,         0.000,         0.000,
     6.745,     2.298,     1.531,    23.107,     0.026,     8.789,     0.000,     0.450,     1.131,   419.330,     1.000,    23.227,     0.000,     0.000,     0.000,     0.000,     0.000,     0.000,     0.000,        35.000,         0.009,     0.222,     0.001,     0.018,     0.100,         1.000,         1.000,         1.000,         1.000,         1.000,         1.000,         1.000,         1.000,         1.000,         0.000,         0.000,         0.000,
     6.749,     2.520,     1.522,    23.131,     0.016,     5.344,     0.000,     0.450,     1.122,   419.330,     1.000,    23.249,     0.000,     0.000,     0.000,     0.000,     0.000,     0.000,     0.000,        35.000,         0.009,     0.222,     0.001,     0.018,     0.100,         1.000,         1.000,         1.000,         1.000,         1.000,         1.000,         1.000,         1.000,         1.000,         0.000,         0.000,         0.000,
     6.753,     2.834,     1.517,    23.143,     0.007,     2.449,     0.000,     0.450,     1.117,   419.330,     1.000,    23.260,     0.000,     0.000,     0.000,     0.000,     0.000,     0.000,     0.000,        35.000,         0.009,     0.222,     0.001,     0.018,     0.100,         1.000,         1.000,         1.000,         1.000,         1.000,         1.000,         1.000,         1.000,         1.000,         0.000,         0.000,         0.000,
     6.757,     3.113,     1.512,    23.158,     0.015,     4.161,     0.000,     0.450,     1.112,   419.330,     1.000,    23.272,     0.000,     0.000,     0.000,     0.000,     0.000,     0.000,     0.000,        35.000,         0.009,     0.222,     0.001,     0.018,     0.100,         1.000,         1.000,         1.000,         1.000,         1.000,         1.000,         1.000,         1.000,         1.000,         0.000,         0.000,         0.000,
     6.761,     2.847,     1.505,    23.173,     0.026,     6.800,     0.000,     0.450,     1.105,   419.330,     1.000,    23.285,     0.000,     0.000,     0.000,     0.000,     0.000,     0.000,     0.000,        35.000,         0.009,     0.222,     0.001,     0.018,     0.100,         1.000,         1.000,         1.000,         1.000,         1.000,         1.000,         1.000,         1.000,         1.000,         0.000,         0.000,         0.000,
     6.766,     2.350,     1.494,    23.189,     0.033,     8.911,     0.000,     0.450,     1.094,   419.330,     1.000,    23.306,     0.000,     0.000,     0.000,     0.000,     0.000,     0.000,     0.000,        35.000,         0.009,     0.222,     0.001,     0.018,     0.100,         1.000,         1.000,         1.000,         1.000,         1.000,         1.000,         1.000,         1.000,         1.000,         0.000,         0.000,         0.000,
     6.770,     2.104,     1.481,    23.214,     0.038,    10.232,     0.000,     0.450,     1.081,   419.330,     1.000,    23.330,     0.000,     0.000,     0.000,     0.000,     0.000,     0.000,     0.000,        35.000,         0.009,     0.223,     0.001,     0.018,     0.100,         1.000,         1.000,         1.000,         1.000,         1.000,         1.000,         1.000,         1.000,         1.000,         0.000,         0.000,         0.000,
     6.774,     2.100,     1.468,    23.248,     0.033,     8.677,     0.000,     0.450,     1.068,   419.330,     1.000,    23.355,     0.000,     0.000,     0.000,     0.000,     0.000,     0.000,     0.000,        35.000,         0.009,     0.223,     0.001,     0.018,     0.100,         1.000,         1.000,         1.000,         1.000,         1.000,         1.000,         1.000,         1.000,         1.000,         0.000,         0.000,         0.000,
     6.778,     2.153,     1.457,    23.277,     0.030,     7.480,     0.000,     0.450,     1.057,   419.330,     1.000,    23.375,     0.000,     0.000,     0.000,     0.000,     0.000,     0.000,     0.000,        35.000,         0.009,     0.223,     0.001,     0.018,     0.100,         1.000,         1.000,         1.000,         1.000,         1.000,         1.000,         1.000,         1.000,         1.000,         0.000,         0.000,         0.000,
     6.782,     2.153,     1.447,    23.299,     0.030,     6.944,     0.000,     0.450,     1.047,   419.330,     1.000,    23.392,     0.000,     0.000,     0.000,     0.000,     0.000,     0.000,     0.000,        35.000,         0.009,     0.223,     0.001,     0.018,     0.100,         1.000,         1.000,         1.000,         1.000,         1.000,         1.000,         1.000,         1.000,         1.000,         0.000,         0.000,         0.000,
     6.786,     2.110,     1.437,    23.326,     0.033,     7.513,     0.000,     0.450,     1.037,   419.330,     1.000,    23.408,     0.000,     0.000,     0.000,     0.000,     0.000,     0.000,     0.000,        35.000,         0.009,     0.223,     0.001,     0.018,     0.100,         1.000,         1.000,         1.000,         1.000,         1.000,         1.000,         1.000,         1.000,         1.000,         0.000,         0.000,         0.000,
     6.791,     2.011,     1.426,    23.350,     0.037,     8.151,     0.000,     0.450,     1.026,   419.330,     1.000,    23.423,     0.000,     0.000,     0.000,     0.000,     0.000,     0.000,     0.000,        34.999,         0.009,     0.223,     0.001,     0.018,     0.100,         1.000,         1.000,         1.000,         1.000,         1.000,         1.000,         1.000,         1.000,         1.000,         0.000,         0.000,         0.000,
     6.795,     1.981,     1.415,    23.365,     0.040,     8.528,     0.000,     0.450,     1.015,   419.330,     1.000,    23.435,     0.000,     0.000,     0.000,     0.000,     0.000,     0.000,     0.000,        34.998,         0.009,     0.223,     0.001,     0.018,     0.100,         1.000,         1.000,         1.000,         1.000,         1.000,         1.000,         1.000,         1.000,         1.000,         0.000,         0.000,         0.000,
     6.799,     2.171,     1.403,    23.369,     0.037,     8.705,     0.000,     0.450,     1.003,   419.330,     1.000,    23.443,     0.000,     0.000,     0.000,     0.000,     0.000,     0.000,     0.000,        34.995,         0.009,     0.223,     0.001,     0.018,     0.100,         1.000,         1.000,         1.000,         1.000,         1.000,         1.000,         1.000,         1.000,         1.000,         0.000,         0.000,         0.000,
     7.662,     1.000,     1.413,    23.297,    -0.087,   -18.574,     0.000,     0.450,     1.013,   419.330,     1.000,    23.297,     0.000,     0.000,     0.000,     0.000,     0.000,     0.000,     0.000,        35.000,         0.010,     0.227,     0.001,     0.018,     0.102,         1.000,         1.000,         1.000,         1.000,         1.000,         1.000,         1.000,         1.000,         1.000,         0.000,         0.000,         0.000,
     7.666,     1.000,     1.439,    23.304,    -0.087,   -20.527,     0.000,     0.450,     1.039,   419.330,     1.000,    23.304,     0.000,     0.000,     0.000,     0.000,     0.000,     0.000,     0.000,        35.000,         0.010,     0.227,     0.001,     0.018,     0.102,         1.000,         1.000,         1.000,         1.000,         1.000,         1.000,         1.000,         1.000,         1.000,         0.000,         0.000,         0.000,
     7.671,     1.000,     1.463,    23.387,    -0.070,   -17.831,     0.000,     0.450,     1.063,   419.330,     1.000,    23.387,     0.000,     0.000,     0.000,     0.000,     0.000,     0.000,     0.000,        35.000,         0.010,     0.227,     0.001,     0.018,     0.102,         1.000,         1.000,         1.000,         1.000,         1.000,         1.000,         1.000,         1.000,         1.000,         0.000,         0.000,         0.000,
     7.675,     1.000,     1.488,    23.482,    -0.067,   -18.383,     0.000,     0.450,     1.088,   419.330,     1.000,    23.483,     0.000,     0.000,     0.000,     0.000,     0.000,     0.000,     0.000,        35.000,         0.010,     0.227,     0.001,     0.018,     0.102,         1.000,         1.000,         1.000,         1.000,         1.000,         1.000,         1.000,         1.000,         1.000,         0.000,         0.000,         0.000,
     7.679,     1.000,     1.511,    23.497,    -0.060,   -17.407,     0.000,     0.450,     1.111,   419.330,     1.000,    23.497,     0.000,     0.000,     0.000,     0.000,     0.000,     0.000,     0.000,        35.000,         0.009,     0.227,     0.001,     0.018,     0.102,         1.000,         1.000,         1.000,         1.000,         1.000,         1.000,         1.000,         1.000,         1.000,         0.000,         0.000,         0.000,
     7.683,     1.000,     1.534,    23.499,    -0.054,   -16.380,     0.000,     0.450,     1.134,   419.330,     1.000,    23.499,     0.000,     0.000,     0.000,     0.000,     0.000,     0.000,     0.000,        35.000,         0.009,     0.227,     0.001,     0.018,     0.102,         1.000,         1.000,         1.000,         1.000,         1.000,         1.000,         1.000,         1.000,         1.000,         0.000,         0.000,         0.000,
     7.687,     1.000,     1.554,    23.528,    -0.049,   -15.520,     0.000,     0.450,     1.154,   419.330,     1.000,    23.529,     0.000,     0.000,     0.000,     0.000,     0.000,     0.000,     0.000,        35.000,         0.009,     0.227,     0.001,     0.018,     0.102,         1.000,         1.000,         1.000,         1.000,         1.000,         1.000,         1.000,         1.000,         1.000,         0.000,         0.000,         0.000,
     7.691,     1.000,     1.578,    23.581,    -0.053,   -18.903,     0.000,     0.450,     1.178,   419.330,     1.000,    23.582,     0.000,     0.000,     0.000,     0.000,     0.000,     0.000,     0.000,        35.000,         0.009,     0.227,     0.001,     0.018,     0.102,         1.000,         1.000,         1.000,         1.000,         1.000,         1.000,         1.000,         1.000,         1.000,         0.000,         0.000,         0.000,
     7.696,     1.000,     1.605,    23.567,    -0.064,   -20.334,     0.000,     0.450,     1.205,   419.330,     1.000,    23.576,     0.000,     0.000,     0.000,     0.000,     0.000,     0.000,     0.000,        35.000,         0.009,     0.072,     0.000,     0.006,     0.033,         1.000,         1.000,         1.000,         1.000,         1.000,         1.000,         1.000,         1.000,         1.000,         0.000,         0.000,         0.000,
     7.700,     1.000,     1.632,    23.514,    -0.062,   -20.886,     0.000,     0.450,     1.232,   419.330,     1.000,    23.524,     0.000,     0.000,     0.000,     0.000,     0.000,     0.000,     0.000,        35.000,         0.009,     0.072,     0.000,     0.006,     0.033,         1.000,         1.000,         1.000,         1.000,         1.000,         1.000,         1.000,         1.000,         1.000,         0.000,         0.000,         0.000,
     7.704,     1.000,     1.658,    23.502,    -0.058,   -20.779,     0.000,     0.450,     1.258,   419.330,     1.000,    23.505,     0.000,     0.000,     0.000,     0.000,     0.000,     0.000,     0.000,        35.000,         0.009,     0.072,     0.000,     0.006,     0.033,         1.000,         1.000,         1.000,         1.000,         1.000,         1.000,         1.000,         1.000,         1.000,         0.000,         0.000,         0.000,
     7.708,     1.000,     1.683,    23.501,    -0.042,   -15.946,     0.000,     0.450,     1.283,   419.330,     1.000,    23.502,     0.000,     0.000,     0.000,     0.000,     0.000,     0.000,     0.000,        35.000,         0.009,     0.072,     0.000,     0.006,     0.033,         1.000,         1.000,         1.000,         1.000,         1.000,         1.000,         1.000,         1.000,         1.000,         0.000,         0.000,         0.000,
     7.712,     1.156,     1.701,    23.489,    -0.026,    -9.883,     0.000,     0.450,     1.301,   419.330,     1.000,    23.493,     0.000,     0.000,     0.000,     0.000,     0.000,     0.000,     0.000,        35.000,         0.009,     0.072,     0.000,     0.006,     0.033,         1.000,         1.000,         1.000,         1.000,         1.000,         1.000,         1.000,         1.000,         1.000,         0.000,         0.000,         0.000,
     7.716,     1.321,     1.715,    23.431,    -0.029,   -10.183,     0.000,     0.450,     1.315,   419.330,     1.000,    23.450,     0.000,     0.000,     0.000,     0.000,     0.000,     0.000,     0.000,        35.000,         0.009,     0.072,     0.000,     0.006,     0.033,         1.000,         1.000,         1.000,         1.000,         1.000,         1.000,         1.000,         1.000,         1.000,         0.000,         0.000,         0.000,
     7.721,     1.350,     1.730,    23.357,    -0.044,   -15.116,     0.000,     0.450,     1.330,   419.330,     1.000,    23.390,     0.000,     0.000,     0.000,     0.000,     0.000,     0.000,     0.000,        35.000,         0.009,     0.072,     0.000,     0.006,     0.033,         1.000,         1.000,         1.000,         1.000,         1.000,         1.000,         1.000,         1.000,         1.000,         0.000,         0.000,         0.000,
     7.725,     1.381,     1.749,    23.316,    -0.044,   -16.265,     0.000,     0.450,     1.349,   419.330,     1.000,    23.337,     0.000,     0.000,     0.000,     0.000,     0.000,     0.000,     0.000,        35.000,         0.009,     0.072,     0.000,     0.006,     0.033,         1.000,         1.000,         1.000,         1.000,         1.000,         1.000,         1.000,         1.000,         1.000,         0.000,         0.000,         0.000,
     7.729,     1.597,     1.767,    23.309,    -0.028,   -11.233,     0.000,     0.450,     1.367,   419.330,     1.000,    23.317,     0.000,     0.000,     0.000,     0.000,     0.000,     0.000,     0.000,        35.000,         0.009,     0.072,     0.000,     0.006,     0.033,         1.000,         1.000,         1.000,         1.000,         1.000,         1.000,         1.000,         1.000,         1.000,         0.000,         0.000,         0.000,
     7.733,     2.106,     1.775,    23.312,     0.002,     0.858,     0.000,     0.450,     1.375,   419.330,     1.000,    23.315,     0.000,     0.000,     0.000,     0.000,     0.000,     0.000,     0.000,        35.000,         0.009,     0.072,     0.000,     0.006,     0.033,         1.000,         1.000,         1.000,         1.000,         1.000,         1.000,         1.000,         1.000,         1.000,         0.000,         0.000,         0.000,
     7.737,     2.347,     1.771,    23.320,     0.009,     3.610,     0.000,     0.450,     1.371,   419.330,     1.000,    23.335,     0.000,     0.000,     0.000,     0.000,     0.000,     0.000,     0.000,        35.000,         0.009,     0.072,     0.000,     0.006,     0.033,         1.000,         1.000,         1.000,         1.000,         1.000,         1.000,         1.000,         1.000,         1.000,         0.000,         0.000,         0.000,
     7.741,     2.026,     1.774,    23.318,    -0.030,   -11.777,     0.000,     0.450,     1.374,   419.330,     1.000,    23.336,     0.000,     0.000,     0.000,     0.000,     0.000,     0.000,     0.000,        35.000,         0.009,     0.072,     0.000,     0.006,     0.033,         1.000,         1.000,         1.000,         1.000,         1.000,         1.000,         1.000,         1.000,         1.000,         0.000,         0.000,         0.000,
     7.746,     3.536,     1.789,    23.308,    -0.032,   -12.604,     0.000,     0.450,     1.389,   419.330,     1.000,    23.320,     0.000,     0.000,     0.000,     0.000,     0.000,     0.000,     0.000,        35.000,         0.009,     0.072,     0.000,     0.006,     0.033,         1.000,         1.000,         1.000,         1.000,         1.000,         1.000,         1.000,         1.000,         1.000,         0.000,         0.000,         0.000,
     7.750,     4.461,     1.797,    23.310,    -0.001,    -0.612,     0.000,     0.450,     1.397,   419.330,     1.000,    23.317,     0.000,     0.000,     0.000,     0.000,     0.000,     0.000,     0.000,        35.000,         0.009,     0.072,     0.000,     0.006,     0.033,         1.000,         1.000,         1.000,         1.000,         1.000,         1.000,         1.000,         1.000,         1.000,         0.000,         0.000,         0.000,
     7.754,     4.846,     1.788,    23.324,     0.040,    16.789,     0.000,     0.450,     1.388,   419.330,     1.000,    23.339,     0.000,     0.000,     0.000,     0.000,     0.000,     0.000,     0.000,        35.000,         0.009,     0.072,     0.000,     0.006,     0.033,         1.000,         1.000,         1.000,         1.000,         1.000,         1.000,         1.000,         1.000,         1.000,         0.000,         0.000,         0.000,
     7.758,     4.409,     1.768,    23.338,     0.025,    12.990,     0.000,     0.450,     1.368,   419.330,     1.000,    23.366,     0.000,     0.000,     0.000,     0.000,     0.000,     0.000,     0.000,        35.000,         0.009,     0.072,     0.000,     0.006,     0.033,         1.000,         1.000,         1.000,         1.000,         1.000,         1.000,         1.000,         1.000,         1.000,         0.000,         0.000,         0.000,
     7.762,     4.095,     1.760,    23.340,    -0.002,     3.139,     0.000,     0.450,     1.360,   419.330,     1.000,    23.374,     0.000,     0.000,     0.000,     0.000,     0.000,     0.000,     0.000,        35.000,         0.009,     0.072,     0.000,     0.006,     0.033,         1.000,         1.000,         1.000,         1.000,         1.000,         1.000,         1.000,         1.000,         1.000,         0.000,         0.000,         0.000,
     7.766,     3.738,     1.758,    23.330,    -0.004,     3.012,     0.000,     0.450,     1.358,   419.330,     1.000,    23.375,     0.000,     0.000,     0.000,     0.000,     0.000,     0.000,     0.000,        35.000,         0.009,     0.072,     0.000,     0.006,     0.033,         1.000,         1.000,         1.000,         1.000,         1.000,         1.000,         1.000,         1.000,         1.000,         0.000,         0.000,         0.000,
     7.771,     3.553,     1.752,    23.332,     0.007,     8.173,     0.000,     0.450,     1.352,   419.330,     1.000,    23.382,     0.000,     0.000,     0.000,     0.000,     0.000,     0.000,     0.000,        35.000,         0.009,     0.072,     0.000,     0.006,     0.033,         1.000,         1.000,         1.000,         1.000,         1.000,         1.000,         1.000,         1.000,         1.000,         0.000,         0.000,         0.000,
     7.775,     3.092,     1.738,    23.341,     0.023,    14.689,     0.000,     0.450,     1.338,   419.330,     1.000,    23.393,     0.000,     0.000,     0.000,     0.000,     0.000,     0.000,     0.000,        35.000,         0.009,     0.072,     0.000,     0.006,     0.033,         1.000,         1.000,         1.000,         1.000,         1.000,         1.000,         1.000,         1.000,         1.000,         0.000,         0.000,         0.000,
     7.779,     3.450,     1.720,    23.352,     0.016,    11.922,     0.000,     0.450,     1.320,   419.330,     1.000,    23.410,     0.000,     0.000,     0.000,     0.000,     0.000,     0.000,     0.000,        35.000,         0.009,     0.072,     0.000,     0.006,     0.032,         1.000,         1.000,         1.000,         1.000,         1.000,         1.000,         1.000,         1.000,         1.000,         0.000,         0.000,         0.000,
     7.783,     4.450,     1.709,    23.364,    -0.001,     5.733,     0.000,     0.450,     1.309,   419.330,     1.000,    23.423,     0.000,     0.000,     0.000,     0.000,     0.000,     0.000,     0.000,        35.000,         0.009,     0.072,     0.000,     0.006,     0.032,         1.000,         1.000,         1.000,         1.000,         1.000,         1.000,         1.000,         1.000,         1.000,         0.000,         0.000,         0.000,
     7.787,     3.870,     1.702,    23.371,     0.004,     7.675,     0.000,     0.450,     1.302,   419.330,     1.000,    23.433,     0.000,     0.000,     0.000,     0.000,     0.000,     0.000,     0.000,        35.000,         0.009,     0.072,     0.000,     0.006,     0.032,         1.000,         1.000,         1.000,         1.000,         1.000,         1.000,         1.000,         1.000,         1.000,         0.000,         0.000,         0.000,
     7.791,     3.050,     1.691,    23.381,     0.017,    11.970,     0.000,     0.450,     1.291,   419.330,     1.000,    23.445,     0.000,     0.000,     0.000,     0.000,     0.000,     0.000,     0.000,        35.000,         0.009,     0.072,     0.000,     0.006,     0.032,         1.000,         1.000,         1.000,         1.000,         1.000,         1.000,         1.000,         1.000,         1.000,         0.000,         0.000,         0.000,
     7.796,     2.386,     1.675,    23.391,     0.032,    16.129,     0.000,     0.450,     1.275,   419.330,     1.000,    23.459,     0.000,     0.000,     0.000,     0.000,     0.000,     0.000,     0.000,        35.000,         0.009,     0.072,     0.000,     0.006,     0.032,         1.000,         1.000,         1.000,         1.000,         1.000,         1.000,         1.000,         1.000,         1.000,         0.000,         0.000,         0.000,
     7.800,     2.080,     1.655,    23.396,     0.034,    15.799,     0.000,     0.450,     1.255,   419.330,     1.000,    23.474,     0.000,     0.000,     0.000,     0.000,     0.000,     0.000,     0.000,        35.000,         0.009,     0.072,     0.000,     0.006,     0.032,         1.000,         1.000,         1.000,         1.000,         1.000,         1.000,         1.000,         1.000,         1.000,         0.000,         0.000,         0.000,
     7.804,     2.147,     1.638,    23.407,     0.024,    11.791,     0.000,     0.450,     1.238,   419.330,     1.000,    23.486,     0.000,     0.000,     0.000,     0.000,     0.000,     0.000,     0.000,        35.000,         0.009,     0.072,     0.000,     0.006,     0.032,         1.000,         1.000,         1.000,         1.000,         1.000,         1.000,         1.000,         1.000,         1.000,         0.000,         0.000,         0.000,
     7.808,     2.289,     1.624,    23.422,     0.021,    10.082,     0.000,     0.450,     1.224,   419.330,     1.000,    23.494,     0.000,     0.000,     0.000,     0.000,     0.000,     0.000,     0.000,        35.000,         0.009,     0.072,     0.000,     0.006,     0.032,         1.000,         1.000,         1.000,         1.000,         1.000,         1.000,         1.000,         1.000,         1.000,         0.000,         0.000,         0.000,
     7.812,     2.277,     1.610,    23.434,     0.027,    11.364,     0.000,     0.450,     1.210,   419.330,     1.000,    23.500,     0.000,     0.000,     0.000,     0.000,     0.000,     0.000,     0.000,        35.000,         0.009,     0.072,     0.000,     0.006,     0.032,         1.000,         1.000,         1.000,         1.000,         1.000,         1.000,         1.000,         1.000,         1.000,         0.000,         0.000,         0.000,
     7.816,     2.042,     1.594,    23.426,     0.030,    14.365,     0.000,     0.450,     1.194,   419.330,     1.000,    23.501,     0.000,     0.000,     0.000,     0.000,     0.000,     0.000,     0.000,        35.000,         0.009,     0.228,     0.001,     0.018,     0.103,         1.000,         1.000,         1.000,         1.000,         1.000,         1.000,         1.000,         1.000,         1.000,         0.000,         0.000,         0.000,
     7.821,     1.827,     1.576,    23.412,     0.032,    14.619,     0.000,     0.450,     1.176,   419.330,     1.000,    23.498,     0.000,     0.000,     0.000,     0.000,     0.000,     0.000,     0.000,        35.000,         0.009,     0.228,     0.001,     0.018,     0.103,         1.000,         1.000,         1.000,         1.000,         1.000,         1.000,         1.000,         1.000,         1.000,         0.000,         0.000,         0.000,
     7.825,     1.669,     1.556,    23.384,     0.033,    14.561,     0.000,     0.450,     1.156,   419.330,     1.000,    23.491,     0.000,     0.000,     0.000,     0.000,     0.000,     0.000,     0.000,        35.000,         0.009,     0.228,     0.001,     0.018,     0.103,         1.000,         1.000,         1.000,         1.000,         1.000,         1.000,         1.000,         1.000,         1.000,         0.000,         0.000,         0.000,
     7.829,     1.571,     1.537,    23.360,     0.033,    13.801,     0.000,     0.450,     1.137,   419.330,     1.000,    23.482,     0.000,     0.000,     0.000,     0.000,     0.000,     0.000,     0.000,        34.999,         0.009,     0.228,     0.001,     0.018,     0.103,         1.000,         1.000,         1.000,         1.000,         1.000,         1.000,         1.000,         1.000,         1.000,         0.000,         0.000,         0.000,
     7.833,     1.571,     1.519,    23.344,     0.034,    12.964,     0.000,     0.450,     1.119,   419.330,     1.000,    23.470,     0.000,     0.000,     0.000,     0.000,     0.000,     0.000,     0.000,        34.998,         0.009,     0.228,     0.001,     0.018,     0.103,         1.000,         1.000,         1.000,         1.000,         1.000,         1.000,         1.000,         1.000,         1.000,         0.000,         0.000,         0.000,
     7.837,     1.565,     1.502,    23.336,     0.034,    12.238,     0.000,     0.450,     1.102,   419.330,     1.000,    23.458,     0.000,     0.000,     0.000,     0.000,     0.000,     0.000,     0.000,        34.997,         0.009,     0.228,     0.001,     0.018,     0.103,         1.000,         1.000,         1.000,         1.000,         1.000,         1.000,         1.000,         1.000,         1.000,         0.000,         0.000,         0.000,
     7.841,     1.570,     1.485,    23.333,     0.036,    12.015,     0.000,     0.450,     1.085,   419.330,     1.000,    23.439,     0.000,     0.000,     0.000,     0.000,     0.000,     0.000,     0.000,        34.995,         0.009,     0.228,     0.001,     0.018,     0.103,         1.000,         1.000,         1.000,         1.000,         1.000,         1.000,         1.000,         1.000,         1.000,         0.000,         0.000,         0.000,
     7.846,     1.596,     1.469,    23.329,     0.037,    11.621,     0.000,     0.450,     1.069,   419.330,     1.000,    23.417,     0.000,     0.000,     0.000,     0.000,     0.000,     0.000,     0.000,        34.992,         0.009,     0.228,     0.001,     0.018,     0.103,         1.000,         1.000,         1.000,         1.000,         1.000,         1.000,         1.000,         1.000,         1.000,         0.000,         0.000,         0.000,
     7.850,     1.600,     1.454,    23.324,     0.039,    11.147,     0.000,     0.450,     1.054,   419.330,     1.000,    23.393,     0.000,     0.000,     0.000,     0.000,     0.000,     0.000,     0.000,        34.989,         0.009,     0.228,     0.001,     0.018,     0.103,         1.000,         1.000,         1.000,         1.000,         1.000,         1.000,         1.000,         1.000,         1.000,         0.000,         0.000,         0.000,
     7.854,     1.562,     1.439,    23.319,     0.041,    10.906,     0.000,     0.450,     1.039,   419.330,     1.000,    23.369,     0.000,     0.000,     0.000,     0.000,     0.000,     0.000,     0.000,        34.985,         0.009,     0.228,     0.001,     0.018,     0.103,         1.000,         1.000,         1.000,         1.000,         1.000,         1.000,         1.000,         1.000,         1.000,         0.000,         0.000,         0.000,
     7.858,     1.561,     1.425,    23.311,     0.041,    10.446,     0.000,     0.450,     1.025,   419.330,     1.000,    23.346,     0.000,     0.000,     0.000,     0.000,     0.000,     0.000,     0.000,        34.981,         0.009,     0.228,     0.001,     0.018,     0.103,         1.000,         1.000,         1.000,         1.000,         1.000,         1.000,         1.000,         1.000,         1.000,         0.000,         0.000,         0.000,
     7.862,     1.603,     1.411,    23.301,     0.040,     9.809,     0.000,     0.450,     1.011,   419.330,     1.000,    23.325,     0.000,     0.000,     0.000,     0.000,     0.000,     0.000,     0.000,        34.977,         0.009,     0.228,     0.001,     0.018,     0.103,         1.000,         1.000,         1.000,         1.000,         1.000,         1.000,         1.000,         1.000,         1.000,         0.000,         0.000,         0.000,
     8.684,     1.000,     1.426,    23.200,    -0.119,   -27.591,     0.000,     0.450,     1.026,   419.330,     1.000,    23.200,     0.000,     0.000,     0.000,     0.000,     0.000,     0.000,     0.000,        35.000,         0.010,     0.231,     0.001,     0.019,     0.104,         1.000,         1.000,         1.000,         1.000,         1.000,         1.000,         1.000,         1.000,         1.000,         0.000,         0.000,         0.000,
     8.688,     1.000,     1.464,    23.200,    -0.112,   -29.391,     0.000,     0.450,     1.064,   419.330,     1.000,    23.200,     0.000,     0.000,     0.000,     0.000,     0.000,     0.000,     0.000,        35.000,         0.009,     0.231,     0.001,     0.019,     0.104,         1.000,         1.000,         1.000,         1.000,         1.000,         1.000,         1.000,         1.000,         1.000,         0.000,         0.000,         0.000,
     8.692,     1.000,     1.497,    23.200,    -0.079,   -22.468,     0.000,     0.450,     1.097,   419.330,     1.000,    23.200,     0.000,     0.000,     0.000,     0.000,     0.000,     0.000,     0.000,        35.000,         0.009,     0.231,     0.001,     0.019,     0.104,         1.000,         1.000,         1.000,         1.000,         1.000,         1.000,         1.000,         1.000,         1.000,         0.000,         0.000,         0.000,
     8.696,     1.000,     1.522,    23.200,    -0.056,   -16.539,     0.000,     0.450,     1.122,   419.330,     1.000,    23.200,     0.000,     0.000,     0.000,     0.000,     0.000,     0.000,     0.000,        35.000,         0.009,     0.231,     0.001,     0.019,     0.104,         1.000,         1.000,         1.000,         1.000,         1.000,         1.000,         1.000,         1.000,         1.000,         0.000,         0.000,         0.000,
     8.700,     1.000,     1.546,    23.200,    -0.063,   -20.046,     0.000,     0.450,     1.146,   419.330,     1.000,    23.200,     0.000,     0.000,     0.000,     0.000,     0.000,     0.000,     0.000,        35.000,         0.009,     0.232,     0.001,     0.019,     0.104,         1.000,         1.000,         1.000,         1.000,         1.000,         1.000,         1.000,         1.000,         1.000,         0.000,         0.000,         0.000,
     8.705,     1.000,     1.577,    23.188,    -0.073,   -25.440,     0.000,     0.450,     1.177,   419.330,     1.000,    23.195,     0.000,     0.000,     0.000,     0.000,     0.000,     0.000,     0.000,        35.000,         0.009,     0.232,     0.001,     0.019,     0.104,         1.000,         1.000,         1.000,         1.000,         1.000,         1.000,         1.000,         1.000,         1.000,         0.000,         0.000,         0.000,
     8.709,     1.000,     1.615,    23.113,    -0.095,   -30.832,     0.000,     0.450,     1.215,   419.330,     1.000,    23.122,     0.000,     0.000,     0.000,     0.000,     0.000,     0.000,     0.000,        35.000,         0.009,     0.070,     0.000,     0.006,     0.031,         1.000,         1.000,         1.000,         1.000,         1.000,         1.000,         1.000,         1.000,         1.000,         0.000,         0.000,         0.000,
     8.713,     1.000,     1.658,    23.101,    -0.089,   -32.537,     0.000,     0.450,     1.258,   419.330,     1.000,    23.102,     0.000,     0.000,     0.000,     0.000,     0.000,     0.000,     0.000,        35.000,         0.009,     0.070,     0.000,     0.006,     0.031,         1.000,         1.000,         1.000,         1.000,         1.000,         1.000,         1.000,         1.000,         1.000,         0.000,         0.000,         0.000,
     8.717,     1.000,     1.696,    23.100,    -0.061,   -23.930,     0.000,     0.450,     1.296,   419.330,     1.000,    23.101,     0.000,     0.000,     0.000,     0.000,     0.000,     0.000,     0.000,        35.000,         0.009,     0.070,     0.000,     0.006,     0.031,         1.000,         1.000,         1.000,         1.000,         1.000,         1.000,         1.000,         1.000,         1.000,         0.000,         0.000,         0.000,
     8.721,     1.000,     1.725,    23.100,    -0.051,   -19.964,     0.000,     0.450,     1.325,   419.330,     1.000,    23.100,     0.000,     0.000,     0.000,     0.000,     0.000,     0.000,     0.000,        35.000,         0.009,     0.070,     0.000,     0.006,     0.031,         1.000,         1.000,         1.000,         1.000,         1.000,         1.000,         1.000,         1.000,         1.000,         0.000,         0.000,         0.000,
     8.726,     1.000,     1.749,    23.100,    -0.046,   -18.463,     0.000,     0.450,     1.349,   419.330,     1.000,    23.100,     0.000,     0.000,     0.000,     0.000,     0.000,     0.000,     0.000,        35.000,         0.009,     0.070,     0.000,     0.006,     0.031,         1.000,         1.000,         1.000,         1.000,         1.000,         1.000,         1.000,         1.000,         1.000,         0.000,         0.000,         0.000,
     8.730,     1.000,     1.775,    23.100,    -0.047,   -19.932,     0.000,     0.450,     1.375,   419.330,     1.000,    23.100,     0.000,     0.000,     0.000,     0.000,     0.000,     0.000,     0.000,        35.000,         0.009,     0.070,     0.000,     0.006,     0.031,         1.000,         1.000,         1.000,         1.000,         1.000,         1.000,         1.000,         1.000,         1.000,         0.000,         0.000,         0.000,
     8.734,     1.000,     1.803,    23.100,    -0.048,   -21.934,     0.000,     0.450,     1.403,   419.330,     1.000,    23.100,     0.000,     0.000,     0.000,     0.000,     0.000,     0.000,     0.000,        35.000,         0.009,     0.070,     0.000,     0.006,     0.031,         1.000,         1.000,         1.000,         1.000,         1.000,         1.000,         1.000,         1.000,         1.000,         0.000,         0.000,         0.000,
     8.738,     1.000,     1.833,    23.100,    -0.043,   -21.038,     0.000,     0.450,     1.433,   419.330,     1.000,    23.100,     0.000,     0.000,     0.000,     0.000,     0.000,     0.000,     0.000,        35.000,         0.009,     0.070,     0.000,     0.006,     0.031,         1.000,         1.000,         1.000,         1.000,         1.000,         1.000,         1.000,         1.000,         1.000,         0.000,         0.000,         0.000,
     8.742,     1.000,     1.864,    23.100,    -0.048,   -24.601,     0.000,     0.450,     1.464,   419.330,     1.000,    23.100,     0.000,     0.000,     0.000,     0.000,     0.000,     0.000,     0.000,        35.000,         0.009,     0.070,     0.000,     0.006,     0.031,         1.000,         1.000,         1.000,         1.000,         1.000,         1.000,         1.000,         1.000,         1.000,         0.000,         0.000,         0.000,
     8.746,     1.000,     1.897,    23.100,    -0.036,   -19.480,     0.000,     0.450,     1.497,   419.330,     1.000,    23.100,     0.000,     0.000,     0.000,     0.000,     0.000,     0.000,     0.000,        35.000,         0.009,     0.070,     0.000,     0.006,     0.031,         1.000,         1.000,         1.000,         1.000,         1.000,         1.000,         1.000,         1.000,         1.000,         0.000,         0.000,         0.000,
     8.751,     1.347,     1.923,    23.100,    -0.034,   -19.858,     0.000,     0.450,     1.523,   419.330,     1.000,    23.100,     0.000,     0.000,     0.000,     0.000,     0.000,     0.000,     0.000,        35.000,         0.009,     0.070,     0.000,     0.006,     0.031,         1.000,         1.000,         1.000,         1.000,         1.000,         1.000,         1.000,         1.000,         1.000,         0.000,         0.000,         0.000,
     8.755,     1.860,     1.945,    23.098,    -0.020,   -13.459,     0.000,     0.450,     1.545,   419.330,     1.000,    23.098,     0.000,     0.000,     0.000,     0.000,     0.000,     0.000,     0.000,        35.000,         0.009,     0.070,     0.000,     0.006,     0.031,         1.000,         1.000,         1.000,         1.000,         1.000,         1.000,         1.000,         1.000,         1.000,         0.000,         0.000,         0.000,
     8.759,     3.744,     1.950,    23.096,     0.008,     2.731,     0.000,     0.450,     1.550,   419.330,     1.000,    23.096,     0.000,     0.000,     0.000,     0.000,     0.000,     0.000,     0.000,        35.000,         0.009,     0.070,     0.000,     0.006,     0.031,         1.000,         1.000,         1.000,         1.000,         1.000,         1.000,         1.000,         1.000,         1.000,         0.000,         0.000,         0.000,
     8.763,     3.731,     1.944,    23.097,     0.003,     0.960,     0.000,     0.450,     1.544,   419.330,     1.000,    23.097,     0.000,     0.000,     0.000,     0.000,     0.000,     0.000,     0.000,        35.000,         0.009,     0.070,     0.000,     0.006,     0.031,         1.000,         1.000,         1.000,         1.000,         1.000,         1.000,         1.000,         1.000,         1.000,         0.000,         0.000,         0.000,
     8.767,     3.754,     1.947,    23.093,    -0.010,    -5.320,     0.000,     0.450,     1.547,   419.330,     1.000,    23.093,     0.000,     0.000,     0.000,     0.000,     0.000,     0.000,     0.000,        35.000,         0.009,     0.070,     0.000,     0.006,     0.031,         1.000,         1.000,         1.000,         1.000,         1.000,         1.000,         1.000,         1.000,         1.000,         0.000,         0.000,         0.000,
     8.771,     3.799,     1.952,    23.091,     0.002,     1.018,     0.000,     0.450,     1.552,   419.330,     1.000,    23.092,     0.000,     0.000,     0.000,     0.000,     0.000,     0.000,     0.000,        35.000,         0.009,     0.070,     0.000,     0.006,     0.031,         1.000,         1.000,         1.000,         1.000,         1.000,         1.000,         1.000,         1.000,         1.000,         0.000,         0.000,         0.000,
     8.776,     3.936,     1.946,    23.093,     0.012,     6.338,     0.000,     0.450,     1.546,   419.330,     1.000,    23.093,     0.000,     0.000,     0.000,     0.000,     0.000,     0.000,     0.000,        35.000,         0.009,     0.070,     0.000,     0.006,     0.031,         1.000,         1.000,         1.000,         1.000,         1.000,         1.000,         1.000,         1.000,         1.000,         0.000,         0.000,         0.000,
     8.780,     4.120,     1.936,    23.095,     0.009,     5.520,     0.000,     0.450,     1.536,   419.330,     1.000,    23.095,     0.000,     0.000,     0.000,     0.000,     0.000,     0.000,     0.000,        35.000,         0.009,     0.070,     0.000,     0.006,     0.031,         1.000,         1.000,         1.000,         1.000,         1.000,         1.000,         1.000,         1.000,         1.000,         0.000,         0.000,         0.000,
     8.784,     4.271,     1.933,    23.095,    -0.000,     0.790,     0.000,     0.450,     1.533,   419.330,     1.000,    23.096,     0.000,     0.000,     0.000,     0.000,     0.000,     0.000,     0.000,        35.000,         0.009,     0.070,     0.000,     0.006,     0.031,         1.000,         1.000,         1.000,         1.000,         1.000,         1.000,         1.000,         1.000,         1.000,         0.000,         0.000,         0.000,
     8.788,     4.313,     1.938,    23.094,    -0.018,    -8.727,     0.000,     0.450,     1.538,   419.330,     1.000,    23.095,     0.000,     0.000,     0.000,     0.000,     0.000,     0.000,     0.000,        35.000,         0.009,     0.070,     0.000,     0.006,     0.031,         1.000,         1.000,         1.000,         1.000,         1.000,         1.000,         1.000,         1.000,         1.000,         0.000,         0.000,         0.000,
     8.792,     4.458,     1.944,    23.094,    -0.001,    -0.190,     0.000,     0.450,     1.544,   419.330,     1.000,    23.095,     0.000,     0.000,     0.000,     0.000,     0.000,     0.000,     0.000,        35.000,         0.009,     0.070,     0.000,     0.006,     0.031,         1.000,         1.000,         1.000,         1.000,         1.000,         1.000,         1.000,         1.000,         1.000,         0.000,         0.000,         0.000,
     8.796,     5.000,     1.934,    23.095,     0.023,    12.668,     0.000,     0.450,     1.534,   419.330,     1.000,    23.096,     0.000,     0.000,     0.000,     0.000,     0.000,     0.000,     0.000,        35.000,         0.009,     0.070,     0.000,     0.006,     0.031,         1.000,         1.000,         1.000,         1.000,         1.000,         1.000,         1.000,         1.000,         1.000,         0.000,         0.000,         0.000,
     8.801,     5.000,     1.920,    23.096,     0.008,     6.301,     0.000,     0.450,     1.520,   419.330,     1.000,    23.098,     0.000,     0.000,     0.000,     0.000,     0.000,     0.000,     0.000,        35.000,         0.009,     0.070,     0.000,     0.006,     0.031,         1.000,         1.000,         1.000,         1.000,         1.000,         1.000,         1.000,         1.000,         1.000,         0.000,         0.000,         0.000,
     8.805,     3.650,     1.911,    23.097,     0.009,     6.613,     0.000,     0.450,     1.511,   419.330,     1.000,    23.098,     0.000,     0.000,     0.000,     0.000,     0.000,     0.000,     0.000,        35.000,         0.009,     0.070,     0.000,     0.006,     0.031,         1.000,         1.000,         1.000,         1.000,         1.000,         1.000,         1.000,         1.000,         1.000,         0.000,         0.000,         0.000,
     8.809,     2.217,     1.897,    23.098,     0.025,    15.282,     0.000,     0.450,     1.497,   419.330,     1.000,    23.099,     0.000,     0.000,     0.000,     0.000,     0.000,     0.000,     0.000,        35.000,         0.009,     0.070,     0.000,     0.006,     0.031,         1.000,         1.000,         1.000,         1.000,         1.000,         1.000,         1.000,         1.000,         1.000,         0.000,         0.000,         0.000,
     8.813,     2.087,     1.875,    23.099,     0.026,    17.097,     0.000,     0.450,     1.475,   419.330,     1.000,    23.100,     0.000,     0.000,     0.000,     0.000,     0.000,     0.000,     0.000,        35.000,         0.009,     0.070,     0.000,     0.006,     0.031,         1.000,         1.000,         1.000,         1.000,         1.000,         1.000,         1.000,         1.000,         1.000,         0.000,         0.000,         0.000,
     8.817,     2.225,     1.853,    23.099,     0.026,    16.021,     0.000,     0.450,     1.453,   419.330,     1.000,    23.100,     0.000,     0.000,     0.000,     0.000,     0.000,     0.000,     0.000,        35.000,         0.009,     0.070,     0.000,     0.006,     0.031,         1.000,         1.000,         1.000,         1.000,         1.000,         1.000,         1.000,         1.000,         1.000,         0.000,         0.000,         0.000,
     8.821,     2.253,     1.834,    23.100,     0.027,    15.609,     0.000,     0.450,     1.434,   419.330,     1.000,    23.100,     0.000,     0.000,     0.000,     0.000,     0.000,     0.000,     0.000,        35.000,         0.009,     0.070,     0.000,     0.006,     0.031,         1.000,         1.000,         1.000,         1.000,         1.000,         1.000,         1.000,         1.000,         1.000,         0.000,         0.000,         0.000,
     8.826,     2.709,     1.816,    23.100,     0.020,    11.711,     0.000,     0.450,     1.416,   419.330,     1.000,    23.101,     0.000,     0.000,     0.000,     0.000,     0.000,     0.000,     0.000,        35.000,         0.009,     0.070,     0.000,     0.006,     0.031,         1.000,         1.000,         1.000,         1.000,         1.000,         1.000,         1.000,         1.000,         1.000,         0.000,         0.000,         0.000,
     8.830,     2.615,     1.801,    23.101,     0.026,    14.116,     0.000,     0.450,     1.401,   419.330,     1.000,    23.101,     0.000,     0.000,     0.000,     0.000,     0.000,     0.000,     0.000,        35.000,         0.009,     0.070,     0.000,     0.006,     0.032,         1.000,         1.000,         1.000,         1.000,         1.000,         1.000,         1.000,         1.000,         1.000,         0.000,         0.000,         0.000,
     8.834,     2.243,     1.782,    23.101,     0.031,    16.434,     0.000,     0.450,     1.382,   419.330,     1.000,    23.101,     0.000,     0.000,     0.000,     0.000,     0.000,     0.000,     0.000,        35.000,         0.009,     0.070,     0.000,     0.006,     0.031,         1.000,         1.000,         1.000,         1.000,         1.000,         1.000,         1.000,         1.000,         1.000,         0.000,         0.000,         0.000,
     8.838,     1.958,     1.759,    23.101,     0.034,    18.049,     0.000,     0.450,     1.359,   419.330,     1.000,    23.102,     0.000,     0.000,     0.000,     0.000,     0.000,     0.000,     0.000,        35.000,         0.009,     0.070,     0.000,     0.006,     0.031,         1.000,         1.000,         1.000,         1.000,         1.000,         1.000,         1.000,         1.000,         1.000,         0.000,         0.000,         0.000,
     8.842,     1.762,     1.737,    23.102,     0.034,    18.134,     0.000,     0.450,     1.337,   419.330,     1.000,    23.104,     0.000,     0.000,     0.000,     0.000,     0.000,     0.000,     0.000,        35.000,         0.009,     0.070,     0.000,     0.006,     0.031,         1.000,         1.000,         1.000,         1.000,         1.000,         1.000,         1.000,         1.000,         1.000,         0.000,         0.000,         0.000,
     8.846,     1.680,     1.714,    23.103,     0.033,    16.979,     0.000,     0.450,     1.314,   419.330,     1.000,    23.108,     0.000,     0.000,     0.000,     0.000,     0.000,     0.000,     0.000,        35.000,         0.009,     0.070,     0.000,     0.006,     0.031,         1.000,         1.000,         1.000,         1.000,         1.000,         1.000,         1.000,         1.000,         1.000,         0.000,         0.000,         0.000,
     8.851,     1.623,     1.692,    23.105,     0.035,    17.309,     0.000,     0.450,     1.292,   419.330,     1.000,    23.114,     0.000,     0.000,     0.000,     0.000,     0.000,     0.000,     0.000,        35.000,         0.009,     0.070,     0.000,     0.006,     0.031,         1.000,         1.000,         1.000,         1.000,         1.000,         1.000,         1.000,         1.000,         1.000,         0.000,         0.000,         0.000,
     8.855,     1.608,     1.670,    23.107,     0.035,    16.667,     0.000,     0.450,     1.270,   419.330,     1.000,    23.123,     0.000,     0.000,     0.000,     0.000,     0.000,     0.000,     0.000,        35.000,         0.009,     0.070,     0.000,     0.006,     0.031,         1.000,         1.000,         1.000,         1.000,         1.000,         1.000,         1.000,         1.000,         1.000,         0.000,         0.000,         0.000,
     8.859,     1.489,     1.647,    23.111,     0.040,    18.318,     0.000,     0.450,     1.247,   419.330,     1.000,    23.132,     0.000,     0.000,     0.000,     0.000,     0.000,     0.000,     0.000,        35.000,         0.009,     0.070,     0.000,     0.006,     0.031,         1.000,         1.000,         1.000,         1.000,         1.000,         1.000,         1.000,         1.000,         1.000,         0.000,         0.000,         0.000,
     8.863,     1.370,     1.623,    23.115,     0.046,    19.007,     0.000,     0.450,     1.223,   419.330,     1.000,    23.142,     0.000,     0.000,     0.000,     0.000,     0.000,     0.000,     0.000,        35.000,         0.009,     0.070,     0.000,     0.006,     0.031,         1.000,         1.000,         1.000,         1.000,         1.000,         1.000,         1.000,         1.000,         1.000,         0.000,         0.000,         0.000,
     8.867,     1.360,     1.599,    23.114,     0.035,    17.941,     0.000,     0.450,     1.199,   419.330,     1.000,    23.150,     0.000,     0.000,     0.000,     0.000,     0.000,     0.000,     0.000,        35.000,         0.009,     0.233,     0.001,     0.019,     0.105,         1.000,         1.000,         1.000,         1.000,         1.000,         1.000,         1.000,         1.000,         1.000,         0.000,         0.000,         0.000,
     8.871,     1.340,     1.576,    23.118,     0.034,    16.671,     0.000,     0.450,     1.176,   419.330,     1.000,    23.156,     0.000,     0.000,     0.000,     0.000,     0.000,     0.000,     0.000,        34.999,         0.009,     0.233,     0.001,     0.019,     0.105,         1.000,         1.000,         1.000,         1.000,         1.000,         1.000,         1.000,         1.000,         1.000,         0.000,         0.000,         0.000,
     8.876,     1.302,     1.554,    23.123,     0.035,    16.420,     0.000,     0.450,     1.154,   419.330,     1.000,    23.160,     0.000,     0.000,     0.000,     0.000,     0.000,     0.000,     0.000,        34.998,         0.009,     0.233,     0.001,     0.019,     0.105,         1.000,         1.000,         1.000,         1.000,         1.000,         1.000,         1.000,         1.000,         1.000,         0.000,         0.000,         0.000,
     8.880,     1.283,     1.533,    23.128,     0.036,    15.898,     0.000,     0.450,     1.133,   419.330,     1.000,    23.164,     0.000,     0.000,     0.000,     0.000,     0.000,     0.000,     0.000,        34.997,         0.009,     0.233,     0.001,     0.019,     0.105,         1.000,         1.000,         1.000,         1.000,         1.000,         1.000,         1.000,         1.000,         1.000,         0.000,         0.000,         0.000,
     8.884,     1.247,     1.512,    23.135,     0.041,    15.018,     0.000,     0.450,     1.112,   419.330,     1.000,    23.166,     0.000,     0.000,     0.000,     0.000,     0.000,     0.000,     0.000,        34.995,         0.009,     0.233,     0.001,     0.019,     0.105,         1.000,         1.000,         1.000,         1.000,         1.000,         1.000,         1.000,         1.000,         1.000,         0.000,         0.000,         0.000,
     8.888,     1.229,     1.493,    23.142,     0.041,    14.148,     0.000,     0.450,     1.093,   419.330,     1.000,    23.168,     0.000,     0.000,     0.000,     0.000,     0.000,     0.000,     0.000,        34.993,         0.009,     0.233,     0.001,     0.019,     0.105,         1.000,         1.000,         1.000,         1.000,         1.000,         1.000,         1.000,         1.000,         1.000,         0.000,         0.000,         0.000,
     8.892,     1.250,     1.474,    23.148,     0.040,    13.062,     0.000,     0.450,     1.074,   419.330,     1.000,    23.169,     0.000,     0.000,     0.000,     0.000,     0.000,     0.000,     0.000,        34.990,         0.009,     0.233,     0.001,     0.019,     0.105,         1.000,         1.000,         1.000,         1.000,         1.000,         1.000,         1.000,         1.000,         1.000,         0.000,         0.000,         0.000,
     8.896,     1.270,     1.457,    23.152,     0.039,    12.089,     0.000,     0.450,     1.057,   419.330,     1.000,    23.169,     0.000,     0.000,     0.000,     0.000,     0.000,     0.000,     0.000,        34.986,         0.009,     0.233,     0.001,     0.019,     0.105,         1.000,         1.000,         1.000,         1.000,         1.000,         1.000,         1.000,         1.000,         1.000,         0.000,         0.000,         0.000,
     8.901,     1.340,     1.441,    23.156,     0.038,    11.216,     0.000,     0.450,     1.041,   419.330,     1.000,    23.169,     0.000,     0.000,     0.000,     0.000,     0.000,     0.000,     0.000,        34.982,         0.009,     0.233,     0.001,     0.019,     0.105,         1.000,         1.000,         1.000,         1.000,         1.000,         1.000,         1.000,         1.000,         1.000,         0.000,         0.000,         0.000,
     8.905,     1.372,     1.427,    23.159,     0.040,    10.518,     0.000,     0.450,     1.027,   419.330,     1.000,    23.167,     0.000,     0.000,     0.000,     0.000,     0.000,     0.000,     0.000,        34.977,         0.009,     0.233,     0.001,     0.019,     0.105,         1.000,         1.000,         1.000,         1.000,         1.000,         1.000,         1.000,         1.000,         1.000,         0.000,         0.000,         0.000,
     8.909,     1.422,     1.413,    23.160,     0.039,     9.867,     0.000,     0.450,     1.013,   419.330,     1.000,    23.162,     0.000,     0.000,     0.000,     0.000,     0.000,     0.000,     0.000,        34.969,         0.009,     0.233,     0.001,     0.019,     0.105,         1.000,         1.000,         1.000,         1.000,         1.000,         1.000,         1.000,         1.000,         1.000,         0.000,         0.000,         0.000,
     9.714,     1.000,     1.405,    23.400,    -0.133,   -28.121,     0.000,     0.450,     1.005,   419.330,     1.000,    23.400,     0.000,     0.000,     0.000,     0.000,     0.000,     0.000,     0.000,        35.000,         0.010,     0.236,     0.001,     0.019,     0.106,         1.000,         1.000,         1.000,         1.000,         1.000,         1.000,         1.000,         1.000,         1.000,         0.000,         0.000,         0.000,
     9.718,     1.000,     1.443,    23.395,    -0.121,   -29.078,     0.000,     0.450,     1.043,   419.330,     1.000,    23.399,     0.000,     0.000,     0.000,     0.000,     0.000,     0.000,     0.000,        35.000,         0.010,     0.236,     0.001,     0.019,     0.106,         1.000,         1.000,         1.000,         1.000,         1.000,         1.000,         1.000,         1.000,         1.000,         0.000,         0.000,         0.000,
     9.722,     1.000,     1.481,    23.319,    -0.107,   -28.877,     0.000,     0.450,     1.081,   419.330,     1.000,    23.337,     0.000,     0.000,     0.000,     0.000,     0.000,     0.000,     0.000,        35.000,         0.010,     0.236,     0.001,     0.019,     0.106,         1.000,         1.000,         1.000,         1.000,         1.000,         1.000,         1.000,         1.000,         1.000,         0.000,         0.000,         0.000,
     9.726,     1.000,     1.518,    23.318,    -0.092,   -27.411,     0.000,     0.450,     1.118,   419.330,     1.000,    23.319,     0.000,     0.000,     0.000,     0.000,     0.000,     0.000,     0.000,        35.000,         0.010,     0.236,     0.001,     0.019,     0.106,         1.000,         1.000,         1.000,         1.000,         1.000,         1.000,         1.000,         1.000,         1.000,         0.000,         0.000,         0.000,
     9.730,     1.000,     1.556,    23.393,    -0.085,   -28.096,     0.000,     0.450,     1.156,   419.330,     1.000,    23.394,     0.000,     0.000,     0.000,     0.000,     0.000,     0.000,     0.000,        35.000,         0.010,     0.236,     0.001,     0.019,     0.106,         1.000,         1.000,         1.000,         1.000,         1.000,         1.000,         1.000,         1.000,         1.000,         0.000,         0.000,         0.000,
     9.735,     1.000,     1.597,    23.399,    -0.083,   -29.976,     0.000,     0.450,     1.197,   419.330,     1.000,    23.399,     0.000,     0.000,     0.000,     0.000,     0.000,     0.000,     0.000,        35.000,         0.010,     0.236,     0.001,     0.019,     0.106,         1.000,         1.000,         1.000,         1.000,         1.000,         1.000,         1.000,         1.000,         1.000,         0.000,         0.000,         0.000,
     9.739,     1.000,     1.640,    23.400,    -0.094,   -30.827,     0.000,     0.450,     1.240,   419.330,     1.000,    23.400,     0.000,     0.000,     0.000,     0.000,     0.000,     0.000,     0.000,        35.000,         0.010,     0.068,     0.000,     0.005,     0.030,         1.000,         1.000,         1.000,         1.000,         1.000,         1.000,         1.000,         1.000,         1.000,         0.000,         0.000,         0.000,
     9.743,     1.000,     1.682,    23.400,    -0.086,   -30.993,     0.000,     0.450,     1.282,   419.330,     1.000,    23.400,     0.000,     0.000,     0.000,     0.000,     0.000,     0.000,     0.000,        35.000,         0.010,     0.068,     0.000,     0.005,     0.030,         1.000,         1.000,         1.000,         1.000,         1.000,         1.000,         1.000,         1.000,         1.000,         0.000,         0.000,         0.000,
     9.747,     1.000,     1.723,    23.400,    -0.070,   -27.293,     0.000,     0.450,     1.323,   419.330,     1.000,    23.400,     0.000,     0.000,     0.000,     0.000,     0.000,     0.000,     0.000,        35.000,         0.010,     0.068,     0.000,     0.005,     0.030,         1.000,         1.000,         1.000,         1.000,         1.000,         1.000,         1.000,         1.000,         1.000,         0.000,         0.000,         0.000,
     9.751,     1.000,     1.761,    23.400,    -0.054,   -22.152,     0.000,     0.450,     1.361,   419.330,     1.000,    23.400,     0.000,     0.000,     0.000,     0.000,     0.000,     0.000,     0.000,        35.000,         0.010,     0.068,     0.000,     0.005,     0.030,         1.000,         1.000,         1.000,         1.000,         1.000,         1.000,         1.000,         1.000,         1.000,         0.000,         0.000,         0.000,
     9.755,     1.000,     1.798,    23.400,    -0.055,   -24.037,     0.000,     0.450,     1.398,   419.330,     1.000,    23.400,     0.000,     0.000,     0.000,     0.000,     0.000,     0.000,     0.000,        35.000,         0.010,     0.068,     0.000,     0.005,     0.030,         1.000,         1.000,         1.000,         1.000,         1.000,         1.000,         1.000,         1.000,         1.000,         0.000,         0.000,         0.000,
     9.760,     1.000,     1.838,    23.400,    -0.056,   -26.719,     0.000,     0.450,     1.438,   419.330,     1.000,    23.400,     0.000,     0.000,     0.000,     0.000,     0.000,     0.000,     0.000,        35.000,         0.010,     0.068,     0.000,     0.005,     0.031,         1.000,         1.000,         1.000,         1.000,         1.000,         1.000,         1.000,         1.000,         1.000,         0.000,         0.000,         0.000,
     9.764,     1.000,     1.878,    23.400,    -0.053,   -29.841,     0.000,     0.450,     1.478,   419.330,     1.000,    23.400,     0.000,     0.000,     0.000,     0.000,     0.000,     0.000,     0.000,        35.000,         0.010,     0.068,     0.000,     0.005,     0.031,         1.000,         1.000,         1.000,         1.000,         1.000,         1.000,         1.000,         1.000,         1.000,         0.000,         0.000,         0.000,
     9.768,     1.000,     1.921,    23.400,    -0.039,   -25.521,     0.000,     0.450,     1.521,   419.330,     1.000,    23.400,     0.000,     0.000,     0.000,     0.000,     0.000,     0.000,     0.000,        35.000,         0.010,     0.068,     0.000,     0.005,     0.031,         1.000,         1.000,         1.000,         1.000,         1.000,         1.000,         1.000,         1.000,         1.000,         0.000,         0.000,         0.000,
     9.772,     1.000,     1.957,    23.400,    -0.031,   -21.264,     0.000,     0.450,     1.557,   419.330,     1.000,    23.400,     0.000,     0.000,     0.000,     0.000,     0.000,     0.000,     0.000,        35.000,         0.010,     0.068,     0.000,     0.005,     0.031,         1.000,         1.000,         1.000,         1.000,         1.000,         1.000,         1.000,         1.000,         1.000,         0.000,         0.000,         0.000,
     9.776,     1.000,     1.994,    23.400,    -0.032,   -23.254,     0.000,     0.450,     1.594,   419.330,     1.000,    23.400,     0.000,     0.000,     0.000,     0.000,     0.000,     0.000,     0.000,        35.000,         0.010,     0.068,     0.000,     0.005,     0.031,         1.000,         1.000,         1.000,         1.000,         1.000,         1.000,         1.000,         1.000,         1.000,         0.000,         0.000,         0.000,
     9.781,     1.098,     2.030,    23.400,    -0.033,   -23.749,     0.000,     0.450,     1.630,   419.330,     1.000,    23.400,     0.000,     0.000,     0.000,     0.000,     0.000,     0.000,     0.000,        35.000,         0.010,     0.068,     0.000,     0.005,     0.030,         1.000,         1.000,         1.000,         1.000,         1.000,         1.000,         1.000,         1.000,         1.000,         0.000,         0.000,         0.000,
     9.785,     1.575,     2.058,    23.400,    -0.011,   -10.078,     0.000,     0.450,     1.658,   419.330,     1.000,    23.400,     0.000,     0.000,     0.000,     0.000,     0.000,     0.000,     0.000,        35.000,         0.010,     0.068,     0.000,     0.005,     0.030,         1.000,         1.000,         1.000,         1.000,         1.000,         1.000,         1.000,         1.000,         1.000,         0.000,         0.000,         0.000,
     9.789,     2.000,     2.072,    23.400,    -0.001,    -2.775,     0.000,     0.450,     1.672,   419.330,     1.000,    23.400,     0.000,     0.000,     0.000,     0.000,     0.000,     0.000,     0.000,        35.000,         0.010,     0.068,     0.000,     0.005,     0.030,         1.000,         1.000,         1.000,         1.000,         1.000,         1.000,         1.000,         1.000,         1.000,         0.000,         0.000,         0.000,
     9.793,     2.000,     2.082,    23.400,    -0.003,    -3.239,     0.000,     0.450,     1.682,   419.330,     1.000,    23.400,     0.000,     0.000,     0.000,     0.000,     0.000,     0.000,     0.000,        35.000,         0.010,     0.068,     0.000,     0.005,     0.030,         1.000,         1.000,         1.000,         1.000,         1.000,         1.000,         1.000,         1.000,         1.000,         0.000,         0.000,         0.000,
     9.797,     2.000,     2.098,    23.400,    -0.007,    -6.590,     0.000,     0.450,     1.698,   419.330,     1.000,    23.400,     0.000,     0.000,     0.000,     0.000,     0.000,     0.000,     0.000,        35.000,         0.010,     0.068,     0.000,     0.005,     0.030,         1.000,         1.000,         1.000,         1.000,         1.000,         1.000,         1.000,         1.000,         1.000,         0.000,         0.000,         0.000,
     9.801,     2.000,     2.100,    23.400,     0.018,     9.567,     0.000,     0.450,     1.700,   419.330,     1.000,    23.400,     0.000,     0.000,     0.000,     0.000,     0.000,     0.000,     0.000,        35.000,         0.010,     0.068,     0.000,     0.005,     0.030,         1.000,         1.000,         1.000,         1.000,         1.000,         1.000,         1.000,         1.000,         1.000,         0.000,         0.000,         0.000,
     9.806,     2.000,     2.087,    23.400,     0.023,    14.349,     0.000,     0.450,     1.687,   419.330,     1.000,    23.400,     0.000,     0.000,     0.000,     0.000,     0.000,     0.000,     0.000,        35.000,         0.010,     0.068,     0.000,     0.005,     0.030,         1.000,         1.000,         1.000,         1.000,         1.000,         1.000,         1.000,         1.000,         1.000,         0.000,         0.000,         0.000,
     9.810,     2.000,     2.077,    23.400,     0.007,     4.905,     0.000,     0.450,     1.677,   419.330,     1.000,    23.400,     0.000,     0.000,     0.000,     0.000,     0.000,     0.000,     0.000,        35.000,         0.010,     0.068,     0.000,     0.005,     0.030,         1.000,         1.000,         1.000,         1.000,         1.000,         1.000,         1.000,         1.000,         1.000,         0.000,         0.000,         0.000,
     9.814,     2.000,     2.074,    23.400,    -0.001,     0.499,     0.000,     0.450,     1.674,   419.330,     1.000,    23.400,     0.000,     0.000,     0.000,     0.000,     0.000,     0.000,     0.000,        35.000,         0.010,     0.068,     0.000,     0.005,     0.030,         1.000,         1.000,         1.000,         1.000,         1.000,         1.000,         1.000,         1.000,         1.000,         0.000,         0.000,         0.000,
     9.818,     2.000,     2.066,    23.400,     0.011,     7.428,     0.000,     0.450,     1.666,   419.330,     1.000,    23.400,     0.000,     0.000,     0.000,     0.000,     0.000,     0.000,     0.000,        35.000,         0.010,     0.068,     0.000,     0.005,     0.030,         1.000,         1.000,         1.000,         1.000,         1.000,         1.000,         1.000,         1.000,         1.000,         0.000,         0.000,         0.000,
     9.822,     2.000,     2.050,    23.400,     0.012,    10.066,     0.000,     0.450,     1.650,   419.330,     1.000,    23.400,     0.000,     0.000,     0.000,     0.000,     0.000,     0.000,     0.000,        35.000,         0.010,     0.068,     0.000,     0.005,     0.030,         1.000,         1.000,         1.000,         1.000,         1.000,         1.000,         1.000,         1.000,         1.000,         0.000,         0.000,         0.000,
     9.826,     2.000,     2.028,    23.400,     0.009,     8.972,     0.000,     0.450,     1.628,   419.330,     1.000,    23.400,     0.000,     0.000,     0.000,     0.000,     0.000,     0.000,     0.000,        35.000,         0.010,     0.068,     0.000,     0.005,     0.030,         1.000,         1.000,         1.000,         1.000,         1.000,         1.000,         1.000,         1.000,         1.000,         0.000,         0.000,         0.000,
     9.831,     2.000,     2.015,    23.400,     0.000,     2.904,     0.000,     0.450,     1.615,   419.330,     1.000,    23.400,     0.000,     0.000,     0.000,     0.000,     0.000,     0.000,     0.000,        35.000,         0.010,     0.068,     0.000,     0.005,     0.030,         1.000,         1.000,         1.000,         1.000,         1.000,         1.000,         1.000,         1.000,         1.000,         0.000,         0.000,         0.000,
     9.835,     2.000,     2.005,    23.400,     0.001,     2.437,     0.000,     0.450,     1.605,   419.330,     1.000,    23.400,     0.000,     0.000,     0.000,     0.000,     0.000,     0.000,     0.000,        35.000,         0.010,     0.068,     0.000,     0.005,     0.030,         1.000,         1.000,         1.000,         1.000,         1.000,         1.000,         1.000,         1.000,         1.000,         0.000,         0.000,         0.000,
     9.839,     2.000,     1.990,    23.400,     0.009,     7.730,     0.000,     0.450,     1.590,   419.330,     1.000,    23.400,     0.000,     0.000,     0.000,     0.000,     0.000,     0.000,     0.000,        35.000,         0.010,     0.068,     0.000,     0.005,     0.031,         1.000,         1.000,         1.000,         1.000,         1.000,         1.000,         1.000,         1.000,         1.000,         0.000,         0.000,         0.000,
     9.843,     2.000,     1.973,    23.400,     0.007,     7.213,     0.000,     0.450,     1.573,   419.330,     1.000,    23.400,     0.000,     0.000,     0.000,     0.000,     0.000,     0.000,     0.000,        35.000,         0.010,     0.068,     0.000,     0.005,     0.031,         1.000,         1.000,         1.000,         1.000,         1.000,         1.000,         1.000,         1.000,         1.000,         0.000,         0.000,         0.000,
     9.847,     2.000,     1.956,    23.400,     0.007,     6.762,     0.000,     0.450,     1.556,   419.330,     1.000,    23.400,     0.000,     0.000,     0.000,     0.000,     0.000,     0.000,     0.000,        35.000,         0.010,     0.068,     0.000,     0.005,     0.031,         1.000,         1.000,         1.000,         1.000,         1.000,         1.000,         1.000,         1.000,         1.000,         0.000,         0.000,         0.000,
     9.851,     2.000,     1.937,    23.400,     0.009,     8.461,     0.000,     0.450,     1.537,   419.330,     1.000,    23.400,     0.000,     0.000,     0.000,     0.000,     0.000,     0.000,     0.000,        35.000,         0.010,     0.068,     0.000,     0.005,     0.031,         1.000,         1.000,         1.000,         1.000,         1.000,         1.000,         1.000,         1.000,         1.000,         0.000,         0.000,         0.000,
     9.856,     1.935,     1.916,    23.400,     0.012,    10.223,     0.000,     0.450,     1.516,   419.330,     1.000,    23.400,     0.000,     0.000,     0.000,     0.000,     0.000,     0.000,     0.000,        35.000,         0.010,     0.068,     0.000,     0.005,     0.031,         1.000,         1.000,         1.000,         1.000,         1.000,         1.000,         1.000,         1.000,         1.000,         0.000,         0.000,         0.000,
     9.860,     1.920,     1.896,    23.400,     0.015,    11.513,     0.000,     0.450,     1.496,   419.330,     1.000,    23.400,     0.000,     0.000,     0.000,     0.000,     0.000,     0.000,     0.000,        35.000,         0.010,     0.068,     0.000,     0.005,     0.031,         1.000,         1.000,         1.000,         1.000,         1.000,         1.000,         1.000,         1.000,         1.000,         0.000,         0.000,         0.000,
     9.864,     1.848,     1.874,    23.400,     0.021,    13.881,     0.000,     0.450,     1.474,   419.330,     1.000,    23.400,     0.000,     0.000,     0.000,     0.000,     0.000,     0.000,     0.000,        35.000,         0.010,     0.068,     0.000,     0.005,     0.031,         1.000,         1.000,         1.000,         1.000,         1.000,         1.000,         1.000,         1.000,         1.000,         0.000,         0.000,         0.000,
     9.868,     1.724,     1.851,    23.400,     0.024,    15.543,     0.000,     0.450,     1.451,   419.330,     1.000,    23.400,     0.000,     0.000,     0.000,     0.000,     0.000,     0.000,     0.000,        35.000,         0.010,     0.068,     0.000,     0.005,     0.031,         1.000,         1.000,         1.000,         1.000,         1.000,         1.000,         1.000,         1.000,         1.000,         0.000,         0.000,         0.000,
     9.872,     1.527,     1.825,    23.400,     0.026,    16.254,     0.000,     0.450,     1.425,   419.330,     1.000,    23.400,     0.000,     0.000,     0.000,     0.000,     0.000,     0.000,     0.000,        35.000,         0.010,     0.068,     0.000,     0.005,     0.031,         1.000,         1.000,         1.000,         1.000,         1.000,         1.000,         1.000,         1.000,         1.000,         0.000,         0.000,         0.000,
     9.876,     1.370,     1.798,    23.400,     0.030,    18.991,     0.000,     0.450,     1.398,   419.330,     1.000,    23.400,     0.000,     0.000,     0.000,     0.000,     0.000,     0.000,     0.000,        35.000,         0.010,     0.068,     0.000,     0.005,     0.030,         1.000,         1.000,         1.000,         1.000,         1.000,         1.000,         1.000,         1.000,         1.000,         0.000,         0.000,         0.000,
     9.881,     1.302,     1.769,    23.399,     0.034,    19.842,     0.000,     0.450,     1.369,   419.330,     1.000,    23.400,     0.000,     0.000,     0.000,     0.000,     0.000,     0.000,     0.000,        35.000,         0.010,     0.068,     0.000,     0.005,     0.030,         1.000,         1.000,         1.000,         1.000,         1.000,         1.000,         1.000,         1.000,         1.000,         0.000,         0.000,         0.000,
     9.885,     1.282,     1.741,    23.399,     0.036,    19.942,     0.000,     0.450,     1.341,   419.330,     1.000,    23.399,     0.000,     0.000,     0.000,     0.000,     0.000,     0.000,     0.000,        35.000,         0.010,     0.068,     0.000,     0.005,     0.030,         1.000,         1.000,         1.000,         1.000,         1.000,         1.000,         1.000,         1.000,         1.000,         0.000,         0.000,         0.000,
     9.889,     1.232,     1.714,    23.398,     0.038,    19.847,     0.000,     0.450,     1.314,   419.330,     1.000,    23.398,     0.000,     0.000,     0.000,     0.000,     0.000,     0.000,     0.000,        35.000,         0.010,     0.068,     0.000,     0.005,     0.030,         1.000,         1.000,         1.000,         1.000,         1.000,         1.000,         1.000,         1.000,         1.000,         0.000,         0.000,         0.000,
     9.893,     1.194,     1.687,    23.396,     0.040,    19.991,     0.000,     0.450,     1.287,   419.330,     1.000,    23.397,     0.000,     0.000,     0.000,     0.000,     0.000,     0.000,     0.000,        35.000,         0.010,     0.068,     0.000,     0.005,     0.030,         1.000,         1.000,         1.000,         1.000,         1.000,         1.000,         1.000,         1.000,         1.000,         0.000,         0.000,         0.000,
     9.897,     1.164,     1.660,    23.395,     0.042,    19.852,     0.000,     0.450,     1.260,   419.330,     1.000,    23.393,     0.000,     0.000,     0.000,     0.000,     0.000,     0.000,     0.000,        34.999,         0.010,     0.068,     0.000,     0.005,     0.030,         1.000,         1.000,         1.000,         1.000,         1.000,         1.000,         1.000,         1.000,         1.000,         0.000,         0.000,         0.000,
     9.901,     1.148,     1.633,    23.392,     0.045,    19.094,     0.000,     0.450,     1.233,   419.330,     1.000,    23.388,     0.000,     0.000,     0.000,     0.000,     0.000,     0.000,     0.000,        34.998,         0.010,     0.068,     0.000,     0.005,     0.030,         1.000,         1.000,         1.000,         1.000,         1.000,         1.000,         1.000,         1.000,         1.000,         0.000,         0.000,         0.000,
     9.906,     1.132,     1.608,    23.387,     0.048,    18.675,     0.000,     0.450,     1.208,   419.330,     1.000,    23.382,     0.000,     0.000,     0.000,     0.000,     0.000,     0.000,     0.000,        34.996,         0.010,     0.068,     0.000,     0.005,     0.030,         1.000,         1.000,         1.000,         1.000,         1.000,         1.000,         1.000,         1.000,         1.000,         0.000,         0.000,         0.000,
     9.910,     1.106,     1.583,    23.384,     0.038,    17.882,     0.000,     0.450,     1.183,   419.330,     1.000,    23.376,     0.000,     0.000,     0.000,     0.000,     0.000,     0.000,     0.000,        34.995,         0.010,     0.237,     0.001,     0.019,     0.107,         1.000,         1.000,         1.000,         1.000,         1.000,         1.000,         1.000,         1.000,         1.000,         0.000,         0.000,         0.000,
     9.914,     1.072,     1.559,    23.379,     0.040,    17.383,     0.000,     0.450,     1.159,   419.330,     1.000,    23.371,     0.000,     0.000,     0.000,     0.000,     0.000,     0.000,     0.000,        34.993,         0.010,     0.237,     0.001,     0.019,     0.107,         1.000,         1.000,         1.000,         1.000,         1.000,         1.000,         1.000,         1.000,         1.000,         0.000,         0.000,         0.000,
     9.918,     1.069,     1.536,    23.374,     0.046,    16.825,     0.000,     0.450,     1.136,   419.330,     1.000,    23.366,     0.000,     0.000,     0.000,     0.000,     0.000,     0.000,     0.000,        34.989,         0.010,     0.237,     0.001,     0.019,     0.107,         1.000,         1.000,         1.000,         1.000,         1.000,         1.000,         1.000,         1.000,         1.000,         0.000,         0.000,         0.000,
     9.922,     1.088,     1.514,    23.369,     0.045,    15.721,     0.000,     0.450,     1.114,   419.330,     1.000,    23.363,     0.000,     0.000,     0.000,     0.000,     0.000,     0.000,     0.000,        34.985,         0.010,     0.237,     0.001,     0.019,     0.107,         1.000,         1.000,         1.000,         1.000,         1.000,         1.000,         1.000,         1.000,         1.000,         0.000,         0.000,         0.000,
     9.926,     1.100,     1.494,    23.366,     0.044,    14.404,     0.000,     0.450,     1.094,   419.330,     1.000,    23.361,     0.000,     0.000,     0.000,     0.000,     0.000,     0.000,     0.000,        34.982,         0.010,     0.237,     0.001,     0.019,     0.107,         1.000,         1.000,         1.000,         1.000,         1.000,         1.000,         1.000,         1.000,         1.000,         0.000,         0.000,         0.000,
     9.931,     1.112,     1.475,    23.363,     0.043,    13.250,     0.000,     0.450,     1.075,   419.330,     1.000,    23.360,     0.000,     0.000,     0.000,     0.000,     0.000,     0.000,     0.000,        34.980,         0.010,     0.237,     0.001,     0.019,     0.107,         1.000,         1.000,         1.000,         1.000,         1.000,         1.000,         1.000,         1.000,         1.000,         0.000,         0.000,         0.000,
     9.935,     1.127,     1.458,    23.362,     0.043,    12.309,     0.000,     0.450,     1.058,   419.330,     1.000,    23.360,     0.000,     0.000,     0.000,     0.000,     0.000,     0.000,     0.000,        34.978,         0.010,     0.237,     0.001,     0.019,     0.107,         1.000,         1.000,         1.000,         1.000,         1.000,         1.000,         1.000,         1.000,         1.000,         0.000,         0.000,         0.000,
     9.939,     1.157,     1.442,    23.362,     0.042,    11.368,     0.000,     0.450,     1.042,   419.330,     1.000,    23.361,     0.000,     0.000,     0.000,     0.000,     0.000,     0.000,     0.000,        34.976,         0.010,     0.237,     0.001,     0.019,     0.107,         1.000,         1.000,         1.000,         1.000,         1.000,         1.000,         1.000,         1.000,         1.000,         0.000,         0.000,         0.000,
     9.943,     1.124,     1.427,    23.363,     0.040,    10.465,     0.000,     0.450,     1.027,   419.330,     1.000,    23.363,     0.000,     0.000,     0.000,     0.000,     0.000,     0.000,     0.000,        34.975,         0.010,     0.237,     0.001,     0.019,     0.107,         1.000,         1.000,         1.000,         1.000,         1.000,         1.000,         1.000,         1.000,         1.000,         0.000,         0.000,         0.000,
     9.947,     1.263,     1.413,    23.365,     0.042,     9.741,     0.000,     0.450,     1.013,   419.330,     1.000,    23.364,     0.000,     0.000,     0.000,     0.000,     0.000,     0.000,     0.000,        34.975,         0.010,     0.237,     0.001,     0.019,     0.107,         1.000,         1.000,         1.000,         1.000,         1.000,         1.000,         1.000,         1.000,         1.000,         0.000,         0.000,         0.000,
     9.951,     1.269,     1.400,    23.367,     0.042,     9.167,     0.000,     0.450,     1.000,   419.330,     1.000,    23.367,     0.000,     0.000,     0.000,     0.000,     0.000,     0.000,     0.000,        34.974,         0.010,     0.237,     0.001,     0.019,     0.107,         1.000,         1.000,         1.000,         1.000,         1.000,         1.000,         1.000,         1.000,         1.000,         0.000,         0.000,         0.000,
    10.748,     1.000,     1.443,    23.600,    -0.142,   -37.212,     0.000,     0.450,     1.043,   419.330,     1.000,    23.600,     0.000,     0.000,     0.000,     0.000,     0.000,     0.000,     0.000,        35.000,         0.010,     0.239,     0.001,     0.019,     0.108,         1.000,         1.000,         1.000,         1.000,         1.000,         1.000,         1.000,         1.000,         1.000,         0.000,         0.000,         0.000,
    10.752,     1.000,     1.491,    23.600,    -0.121,   -36.922,     0.000,     0.450,     1.091,   419.330,     1.000,    23.600,     0.000,     0.000,     0.000,     0.000,     0.000,     0.000,     0.000,        35.000,         0.010,     0.239,     0.001,     0.019,     0.108,         1.000,         1.000,         1.000,         1.000,         1.000,         1.000,         1.000,         1.000,         1.000,         0.000,         0.000,         0.000,
    10.756,     1.000,     1.538,    23.600,    -0.100,   -34.868,     0.000,     0.450,     1.138,   419.330,     1.000,    23.600,     0.000,     0.000,     0.000,     0.000,     0.000,     0.000,     0.000,        35.000,         0.010,     0.239,     0.001,     0.019,     0.108,         1.000,         1.000,         1.000,         1.000,         1.000,         1.000,         1.000,         1.000,         1.000,         0.000,         0.000,         0.000,
    10.760,     1.000,     1.585,    23.600,    -0.087,   -33.415,     0.000,     0.450,     1.185,   419.330,     1.000,    23.600,     0.000,     0.000,     0.000,     0.000,     0.000,     0.000,     0.000,        35.000,         0.010,     0.239,     0.001,     0.019,     0.108,         1.000,         1.000,         1.000,         1.000,         1.000,         1.000,         1.000,         1.000,         1.000,         0.000,         0.000,         0.000,
    10.765,     1.000,     1.632,    23.600,    -0.096,   -33.565,     0.000,     0.450,     1.232,   419.330,     1.000,    23.600,     0.000,     0.000,     0.000,     0.000,     0.000,     0.000,     0.000,        35.000,         0.010,     0.066,     0.000,     0.005,     0.030,         1.000,         1.000,         1.000,         1.000,         1.000,         1.000,         1.000,         1.000,         1.000,         0.000,         0.000,         0.000,
    10.769,     1.000,     1.679,    23.600,    -0.085,   -33.533,     0.000,     0.450,     1.279,   419.330,     1.000,    23.600,     0.000,     0.000,     0.000,     0.000,     0.000,     0.000,     0.000,        35.000,         0.010,     0.066,     0.000,     0.005,     0.030,         1.000,         1.000,         1.000,         1.000,         1.000,         1.000,         1.000,         1.000,         1.000,         0.000,         0.000,         0.000,
    10.773,     1.000,     1.728,    23.600,    -0.084,   -38.419,     0.000,     0.450,     1.328,   419.330,     1.000,    23.600,     0.000,     0.000,     0.000,     0.000,     0.000,     0.000,     0.000,        35.000,         0.010,     0.066,     0.000,     0.005,     0.030,         1.000,         1.000,         1.000,         1.000,         1.000,         1.000,         1.000,         1.000,         1.000,         0.000,         0.000,         0.000,
    10.777,     1.000,     1.779,    23.600,    -0.078,   -39.190,     0.000,     0.450,     1.379,   419.330,     1.000,    23.600,     0.000,     0.000,     0.000,     0.000,     0.000,     0.000,     0.000,        35.000,         0.010,     0.066,     0.000,     0.005,     0.030,         1.000,         1.000,         1.000,         1.000,         1.000,         1.000,         1.000,         1.000,         1.000,         0.000,         0.000,         0.000,
    10.781,     1.000,     1.826,    23.600,    -0.061,   -32.224,     0.000,     0.450,     1.426,   419.330,     1.000,    23.600,     0.000,     0.000,     0.000,     0.000,     0.000,     0.000,     0.000,        35.000,         0.010,     0.066,     0.000,     0.005,     0.030,         1.000,         1.000,         1.000,         1.000,         1.000,         1.000,         1.000,         1.000,         1.000,         0.000,         0.000,         0.000,
    10.785,     1.000,     1.864,    23.600,    -0.052,   -28.079,     0.000,     0.450,     1.464,   419.330,     1.000,    23.600,     0.000,     0.000,     0.000,     0.000,     0.000,     0.000,     0.000,        35.000,         0.010,     0.066,     0.000,     0.005,     0.030,         1.000,         1.000,         1.000,         1.000,         1.000,         1.000,         1.000,         1.000,         1.000,         0.000,         0.000,         0.000,
    10.790,     1.000,     1.904,    23.600,    -0.062,   -34.372,     0.000,     0.450,     1.504,   419.330,     1.000,    23.600,     0.000,     0.000,     0.000,     0.000,     0.000,     0.000,     0.000,        35.000,         0.010,     0.066,     0.000,     0.005,     0.030,         1.000,         1.000,         1.000,         1.000,         1.000,         1.000,         1.000,         1.000,         1.000,         0.000,         0.000,         0.000,
    10.794,     1.000,     1.947,    23.600,    -0.067,   -40.469,     0.000,     0.450,     1.547,   419.330,     1.000,    23.600,     0.000,     0.000,     0.000,     0.000,     0.000,     0.000,     0.000,        35.000,         0.010,     0.066,     0.000,     0.005,     0.030,         1.000,         1.000,         1.000,         1.000,         1.000,         1.000,         1.000,         1.000,         1.000,         0.000,         0.000,         0.000,
    10.798,     1.000,     1.994,    23.600,    -0.062,   -40.889,     0.000,     0.450,     1.594,   419.330,     1.000,    23.600,     0.000,     0.000,     0.000,     0.000,     0.000,     0.000,     0.000,        35.000,         0.010,     0.066,     0.000,     0.005,     0.030,         1.000,         1.000,         1.000,         1.000,         1.000,         1.000,         1.000,         1.000,         1.000,         0.000,         0.000,         0.000,
    10.802,     1.000,     2.044,    23.600,    -0.050,   -35.558,     0.000,     0.450,     1.644,   419.330,     1.000,    23.601,     0.000,     0.000,     0.000,     0.000,     0.000,     0.000,     0.000,        35.000,         0.010,     0.066,     0.000,     0.005,     0.030,         1.000,         1.000,         1.000,         1.000,         1.000,         1.000,         1.000,         1.000,         1.000,         0.000,         0.000,         0.000,
    10.806,     1.000,     2.083,    23.619,    -0.029,   -22.848,     0.000,     0.450,     1.683,   419.330,     1.000,    23.633,     0.000,     0.000,     0.000,     0.000,     0.000,     0.000,     0.000,        35.000,         0.010,     0.066,     0.000,     0.005,     0.030,         1.000,         1.000,         1.000,         1.000,         1.000,         1.000,         1.000,         1.000,         1.000,         0.000,         0.000,         0.000,
    10.811,     1.000,     2.109,    23.650,    -0.019,   -16.768,     0.000,     0.450,     1.709,   419.330,     1.000,    23.666,     0.000,     0.000,     0.000,     0.000,     0.000,     0.000,     0.000,        35.000,         0.010,     0.066,     0.000,     0.005,     0.030,         1.000,         1.000,         1.000,         1.000,         1.000,         1.000,         1.000,         1.000,         1.000,         0.000,         0.000,         0.000,
    10.815,     1.000,     2.126,    23.666,    -0.008,   -10.327,     0.000,     0.450,     1.726,   419.330,     1.000,    23.680,     0.000,     0.000,     0.000,     0.000,     0.000,     0.000,     0.000,        35.000,         0.010,     0.066,     0.000,     0.005,     0.030,         1.000,         1.000,         1.000,         1.000,         1.000,         1.000,         1.000,         1.000,         1.000,         0.000,         0.000,         0.000,
    10.819,     1.000,     2.138,    23.668,    -0.002,    -6.004,     0.000,     0.450,     1.738,   419.330,     1.000,    23.683,     0.000,     0.000,     0.000,     0.000,     0.000,     0.000,     0.000,        35.000,         0.010,     0.066,     0.000,     0.005,     0.030,         1.000,         1.000,         1.000,         1.000,         1.000,         1.000,         1.000,         1.000,         1.000,         0.000,         0.000,         0.000,
    10.823,     1.000,     2.140,    23.657,     0.006,    -0.274,     0.000,     0.450,     1.740,   419.330,     1.000,    23.678,     0.000,     0.000,     0.000,     0.000,     0.000,     0.000,     0.000,        35.000,         0.010,     0.066,     0.000,     0.005,     0.030,         1.000,         1.000,         1.000,         1.000,         1.000,         1.000,         1.000,         1.000,         1.000,         0.000,         0.000,         0.000,
    10.827,     1.000,     2.139,    23.642,     0.002,    -2.704,     0.000,     0.450,     1.739,   419.330,     1.000,    23.671,     0.000,     0.000,     0.000,     0.000,     0.000,     0.000,     0.000,        35.000,         0.010,     0.066,     0.000,     0.005,     0.030,         1.000,         1.000,         1.000,         1.000,         1.000,         1.000,         1.000,         1.000,         1.000,         0.000,         0.000,         0.000,
    10.831,     1.000,     2.141,    23.633,    -0.014,   -12.512,     0.000,     0.450,     1.741,   419.330,     1.000,    23.667,     0.000,     0.000,     0.000,     0.000,     0.000,     0.000,     0.000,        35.000,         0.010,     0.066,     0.000,     0.005,     0.030,         1.000,         1.000,         1.000,         1.000,         1.000,         1.000,         1.000,         1.000,         1.000,         0.000,         0.000,         0.000,
    10.836,     1.000,     2.153,    23.643,    -0.005,    -8.359,     0.000,     0.450,     1.753,   419.330,     1.000,    23.674,     0.000,     0.000,     0.000,     0.000,     0.000,     0.000,     0.000,        35.000,         0.010,     0.066,     0.000,     0.005,     0.030,         1.000,         1.000,         1.000,         1.000,         1.000,         1.000,         1.000,         1.000,         1.000,         0.000,         0.000,         0.000,
    10.840,     1.000,     2.156,    23.635,     0.024,    10.278,     0.000,     0.450,     1.756,   419.330,     1.000,    23.672,     0.000,     0.000,     0.000,     0.000,     0.000,     0.000,     0.000,        35.000,         0.010,     0.066,     0.000,     0.005,     0.030,         1.000,         1.000,         1.000,         1.000,         1.000,         1.000,         1.000,         1.000,         1.000,         0.000,         0.000,         0.000,
    10.844,     1.000,     2.139,    23.623,     0.028,    17.489,     0.000,     0.450,     1.739,   419.330,     1.000,    23.660,     0.000,     0.000,     0.000,     0.000,     0.000,     0.000,     0.000,        35.000,         0.010,     0.066,     0.000,     0.005,     0.030,         1.000,         1.000,         1.000,         1.000,         1.000,         1.000,         1.000,         1.000,         1.000,         0.000,         0.000,         0.000,
    10.848,     1.000,     2.124,    23.618,     0.012,     8.643,     0.000,     0.450,     1.724,   419.330,     1.000,    23.653,     0.000,     0.000,     0.000,     0.000,     0.000,     0.000,     0.000,        35.000,         0.010,     0.066,     0.000,     0.005,     0.030,         1.000,         1.000,         1.000,         1.000,         1.000,         1.000,         1.000,         1.000,         1.000,         0.000,         0.000,         0.000,
    10.852,     1.000,     2.115,    23.616,     0.010,     6.862,     0.000,     0.450,     1.715,   419.330,     1.000,    23.649,     0.000,     0.000,     0.000,     0.000,     0.000,     0.000,     0.000,        35.000,         0.010,     0.066,     0.000,     0.005,     0.030,         1.000,         1.000,         1.000,         1.000,         1.000,         1.000,         1.000,         1.000,         1.000,         0.000,         0.000,         0.000,
    10.856,     1.000,     2.102,    23.616,     0.017,    11.912,     0.000,     0.450,     1.702,   419.330,     1.000,    23.646,     0.000,     0.000,     0.000,     0.000,     0.000,     0.000,     0.000,        35.000,         0.010,     0.066,     0.000,     0.005,     0.030,         1.000,         1.000,         1.000,         1.000,         1.000,         1.000,         1.000,         1.000,         1.000,         0.000,         0.000,         0.000,
    10.861,     1.000,     2.085,    23.616,     0.020,    14.512,     0.000,     0.450,     1.685,   419.330,     1.000,    23.642,     0.000,     0.000,     0.000,     0.000,     0.000,     0.000,     0.000,        35.000,         0.010,     0.066,     0.000,     0.005,     0.030,         1.000,         1.000,         1.000,         1.000,         1.000,         1.000,         1.000,         1.000,         1.000,         0.000,         0.000,         0.000,
    10.865,     1.000,     2.067,    23.616,     0.014,    12.037,     0.000,     0.450,     1.667,   419.330,     1.000,    23.638,     0.000,     0.000,     0.000,     0.000,     0.000,     0.000,     0.000,        35.000,         0.010,     0.066,     0.000,     0.005,     0.030,         1.000,         1.000,         1.000,         1.000,         1.000,         1.000,         1.000,         1.000,         1.000,         0.000,         0.000,         0.000,
    10.869,     1.000,     2.054,    23.616,     0.012,    10.933,     0.000,     0.450,     1.654,   419.330,     1.000,    23.635,     0.000,     0.000,     0.000,     0.000,     0.000,     0.000,     0.000,        35.000,         0.010,     0.066,     0.000,     0.005,     0.030,         1.000,         1.000,         1.000,         1.000,         1.000,         1.000,         1.000,         1.000,         1.000,         0.000,         0.000,         0.000,
    10.873,     1.000,     2.041,    23.616,     0.013,    11.860,     0.000,     0.450,     1.641,   419.330,     1.000,    23.632,     0.000,     0.000,     0.000,     0.000,     0.000,     0.000,     0.000,        35.000,         0.010,     0.066,     0.000,     0.005,     0.030,         1.000,         1.000,         1.000,         1.000,         1.000,         1.000,         1.000,         1.000,         1.000,         0.000,         0.000,         0.000,
    10.877,     1.000,     2.021,    23.615,     0.015,    13.796,     0.000,     0.450,     1.621,   419.330,     1.000,    23.628,     0.000,     0.000,     0.000,     0.000,     0.000,     0.000,     0.000,        35.000,         0.010,     0.066,     0.000,     0.005,     0.030,         1.000,         1.000,         1.000,         1.000,         1.000,         1.000,         1.000,         1.000,         1.000,         0.000,         0.000,         0.000,
    10.881,     1.000,     1.998,    23.608,     0.016,    14.997,     0.000,     0.450,     1.598,   419.330,     1.000,    23.623,     0.000,     0.000,     0.000,     0.000,     0.000,     0.000,     0.000,        35.000,         0.010,     0.066,     0.000,     0.005,     0.030,         1.000,         1.000,         1.000,         1.000,         1.000,         1.000,         1.000,         1.000,         1.000,         0.000,         0.000,         0.000,
    10.886,     1.000,     1.973,    23.609,     0.015,    14.311,     0.000,     0.450,     1.573,   419.330,     1.000,    23.618,     0.000,     0.000,     0.000,     0.000,     0.000,     0.000,     0.000,        35.000,         0.010,     0.066,     0.000,     0.005,     0.030,         1.000,         1.000,         1.000,         1.000,         1.000,         1.000,         1.000,         1.000,         1.000,         0.000,         0.000,         0.000,
    10.890,     1.000,     1.947,    23.609,     0.016,    14.188,     0.000,     0.450,     1.547,   419.330,     1.000,    23.614,     0.000,     0.000,     0.000,     0.000,     0.000,     0.000,     0.000,        35.000,         0.010,     0.066,     0.000,     0.005,     0.030,         1.000,         1.000,         1.000,         1.000,         1.000,         1.000,         1.000,         1.000,         1.000,         0.000,         0.000,         0.000,
    10.894,     1.000,     1.920,    23.608,     0.018,    14.211,     0.000,     0.450,     1.520,   419.330,     1.000,    23.610,     0.000,     0.000,     0.000,     0.000,     0.000,     0.000,     0.000,        35.000,         0.010,     0.066,     0.000,     0.005,     0.030,         1.000,         1.000,         1.000,         1.000,         1.000,         1.000,         1.000,         1.000,         1.000,         0.000,         0.000,         0.000,
    10.898,     1.000,     1.894,    23.607,     0.019,    14.034,     0.000,     0.450,     1.494,   419.330,     1.000,    23.608,     0.000,     0.000,     0.000,     0.000,     0.000,     0.000,     0.000,        35.000,         0.010,     0.066,     0.000,     0.005,     0.030,         1.000,         1.000,         1.000,         1.000,         1.000,         1.000,         1.000,         1.000,         1.000,         0.000,         0.000,         0.000,
    10.902,     1.000,     1.864,    23.605,     0.025,    16.621,     0.000,     0.450,     1.464,   419.330,     1.000,    23.605,     0.000,     0.000,     0.000,     0.000,     0.000,     0.000,     0.000,        35.000,         0.010,     0.066,     0.000,     0.005,     0.030,         1.000,         1.000,         1.000,         1.000,         1.000,         1.000,         1.000,         1.000,         1.000,         0.000,         0.000,         0.000,
    10.906,     1.000,     1.834,    23.603,     0.028,    17.632,     0.000,     0.450,     1.434,   419.330,     1.000,    23.603,     0.000,     0.000,     0.000,     0.000,     0.000,     0.000,     0.000,        35.000,         0.010,     0.066,     0.000,     0.005,     0.030,         1.000,         1.000,         1.000,         1.000,         1.000,         1.000,         1.000,         1.000,         1.000,         0.000,         0.000,         0.000,
    10.911,     1.000,     1.804,    23.602,     0.028,    16.884,     0.000,     0.450,     1.404,   419.330,     1.000,    23.602,     0.000,     0.000,     0.000,     0.000,     0.000,     0.000,     0.000,        35.000,         0.010,     0.066,     0.000,     0.005,     0.030,         1.000,         1.000,         1.000,         1.000,         1.000,         1.000,         1.000,         1.000,         1.000,         0.000,         0.000,         0.000,
    10.915,     1.000,     1.775,    23.601,     0.028,    17.751,     0.000,     0.450,     1.375,   419.330,     1.000,    23.601,     0.000,     0.000,     0.000,     0.000,     0.000,     0.000,     0.000,        35.000,         0.010,     0.066,     0.000,     0.005,     0.030,         1.000,         1.000,         1.000,         1.000,         1.000,         1.000,         1.000,         1.000,         1.000,         0.000,         0.000,         0.000,
    10.919,     1.000,     1.748,    23.601,     0.028,    16.792,     0.000,     0.450,     1.348,   419.330,     1.000,    23.601,     0.000,     0.000,     0.000,     0.000,     0.000,     0.000,     0.000,        35.000,         0.010,     0.066,     0.000,     0.005,     0.030,         1.000,         1.000,         1.000,         1.000,         1.000,         1.000,         1.000,         1.000,         1.000,         0.000,         0.000,         0.000,
    10.923,     1.000,     1.719,    23.600,     0.033,    18.406,     0.000,     0.450,     1.319,   419.330,     1.000,    23.600,     0.000,     0.000,     0.000,     0.000,     0.000,     0.000,     0.000,        34.999,         0.010,     0.066,     0.000,     0.005,     0.030,         1.000,         1.000,         1.000,         1.000,         1.000,         1.000,         1.000,         1.000,         1.000,         0.000,         0.000,         0.000,
    10.927,     1.000,     1.689,    23.600,     0.038,    19.416,     0.000,     0.450,     1.289,   419.330,     1.000,    23.598,     0.000,     0.000,     0.000,     0.000,     0.000,     0.000,     0.000,        34.999,         0.010,     0.066,     0.000,     0.005,     0.030,         1.000,         1.000,         1.000,         1.000,         1.000,         1.000,         1.000,         1.000,         1.000,         0.000,         0.000,         0.000,
    10.931,     1.000,     1.660,    23.599,     0.045,    20.149,     0.000,     0.450,     1.260,   419.330,     1.000,    23.596,     0.000,     0.000,     0.000,     0.000,     0.000,     0.000,     0.000,        34.997,         0.010,     0.066,     0.000,     0.005,     0.030,         1.000,         1.000,         1.000,         1.000,         1.000,         1.000,         1.000,         1.000,         1.000,         0.000,         0.000,         0.000,
    10.936,     1.000,     1.630,    23.597,     0.049,    20.574,     0.000,     0.450,     1.230,   419.330,     1.000,    23.593,     0.000,     0.000,     0.000,     0.000,     0.000,     0.000,     0.000,        34.995,         0.010,     0.066,     0.000,     0.005,     0.030,         1.000,         1.000,         1.000,         1.000,         1.000,         1.000,         1.000,         1.000,         1.000,         0.000,         0.000,         0.000,
    10.940,     1.000,     1.602,    23.595,     0.049,    19.496,     0.000,     0.450,     1.202,   419.330,     1.000,    23.590,     0.000,     0.000,     0.000,     0.000,     0.000,     0.000,     0.000,        34.992,         0.010,     0.066,     0.000,     0.005,     0.030,         1.000,         1.000,         1.000,         1.000,         1.000,         1.000,         1.000,         1.000,         1.000,         0.000,         0.000,         0.000,
    10.944,     1.000,     1.576,    23.595,     0.042,    18.363,     0.000,     0.450,     1.176,   419.330,     1.000,    23.588,     0.000,     0.000,     0.000,     0.000,     0.000,     0.000,     0.000,        34.992,         0.010,     0.241,     0.001,     0.019,     0.108,         1.000,         1.000,         1.000,         1.000,         1.000,         1.000,         1.000,         1.000,         1.000,         0.000,         0.000,         0.000,
    10.948,     1.000,     1.552,    23.592,     0.045,    17.369,     0.000,     0.450,     1.152,   419.330,     1.000,    23.587,     0.000,     0.000,     0.000,     0.000,     0.000,     0.000,     0.000,        34.989,         0.010,     0.241,     0.001,     0.019,     0.108,         1.000,         1.000,         1.000,         1.000,         1.000,         1.000,         1.000,         1.000,         1.000,         0.000,         0.000,         0.000,
    10.952,     1.000,     1.528,    23.590,     0.045,    16.323,     0.000,     0.450,     1.128,   419.330,     1.000,    23.586,     0.000,     0.000,     0.000,     0.000,     0.000,     0.000,     0.000,        34.986,         0.010,     0.241,     0.001,     0.019,     0.108,         1.000,         1.000,         1.000,         1.000,         1.000,         1.000,         1.000,         1.000,         1.000,         0.000,         0.000,         0.000,
    10.956,     1.000,     1.507,    23.588,     0.044,    15.141,     0.000,     0.450,     1.107,   419.330,     1.000,    23.585,     0.000,     0.000,     0.000,     0.000,     0.000,     0.000,     0.000,        34.983,         0.010,     0.241,     0.001,     0.019,     0.108,         1.000,         1.000,         1.000,         1.000,         1.000,         1.000,         1.000,         1.000,         1.000,         0.000,         0.000,         0.000,
    10.961,     1.000,     1.487,    23.587,     0.044,    13.913,     0.000,     0.450,     1.087,   419.330,     1.000,    23.585,     0.000,     0.000,     0.000,     0.000,     0.000,     0.000,     0.000,        34.981,         0.010,     0.241,     0.001,     0.019,     0.108,         1.000,         1.000,         1.000,         1.000,         1.000,         1.000,         1.000,         1.000,         1.000,         0.000,         0.000,         0.000,
    10.965,     1.000,     1.469,    23.586,     0.044,    12.910,     0.000,     0.450,     1.069,   419.330,     1.000,    23.584,     0.000,     0.000,     0.000,     0.000,     0.000,     0.000,     0.000,        34.980,         0.010,     0.241,     0.001,     0.019,     0.108,         1.000,         1.000,         1.000,         1.000,         1.000,         1.000,         1.000,         1.000,         1.000,         0.000,         0.000,         0.000,
    10.969,     1.000,     1.452,    23.586,     0.043,    11.931,     0.000,     0.450,     1.052,   419.330,     1.000,    23.584,     0.000,     0.000,     0.000,     0.000,     0.000,     0.000,     0.000,        34.979,         0.010,     0.241,     0.001,     0.019,     0.108,         1.000,         1.000,         1.000,         1.000,         1.000,         1.000,         1.000,         1.000,         1.000,         0.000,         0.000,         0.000,
    10.973,     1.000,     1.437,    23.585,     0.045,    10.927,     0.000,     0.450,     1.037,   419.330,     1.000,    23.584,     0.000,     0.000,     0.000,     0.000,     0.000,     0.000,     0.000,        34.978,         0.010,     0.241,     0.001,     0.019,     0.108,         1.000,         1.000,         1.000,         1.000,         1.000,         1.000,         1.000,         1.000,         1.000,         0.000,         0.000,         0.000,
    10.977,     1.000,     1.422,    23.585,     0.044,    10.172,     0.000,     0.450,     1.022,   419.330,     1.000,    23.584,     0.000,     0.000,     0.000,     0.000,     0.000,     0.000,     0.000,        34.977,         0.010,     0.241,     0.001,     0.019,     0.108,         1.000,         1.000,         1.000,         1.000,         1.000,         1.000,         1.000,         1.000,         1.000,         0.000,         0.000,         0.000,
    10.981,     1.000,     1.409,    23.585,     0.043,     9.641,     0.000,     0.450,     1.009,   419.330,     1.000,    23.584,     0.000,     0.000,     0.000,     0.000,     0.000,     0.000,     0.000,        34.977,         0.010,     0.241,     0.001,     0.019,     0.108,         1.000,         1.000,         1.000,         1.000,         1.000,         1.000,         1.000,         1.000,         1.000,         0.000,         0.000,         0.000,
    11.786,     1.000,     1.429,    23.814,    -0.154,   -38.625,     0.000,     0.450,     1.029,   419.330,     1.000,    23.819,     0.000,     0.000,     0.000,     0.000,     0.000,     0.000,     0.000,        35.000,         0.010,     0.243,     0.001,     0.019,     0.109,         1.000,         1.000,         1.000,         1.000,         1.000,         1.000,         1.000,         1.000,         1.000,         0.000,         0.000,         0.000,
    11.790,     1.000,     1.479,    23.800,    -0.131,   -39.055,     0.000,     0.450,     1.079,   419.330,     1.000,    23.800,     0.000,     0.000,     0.000,     0.000,     0.000,     0.000,     0.000,        35.000,         0.010,     0.243,     0.001,     0.019,     0.109,         1.000,         1.000,         1.000,         1.000,         1.000,         1.000,         1.000,         1.000,         1.000,         0.000,         0.000,         0.000,
    11.795,     1.000,     1.531,    23.812,    -0.114,   -38.966,     0.000,     0.450,     1.131,   419.330,     1.000,    23.814,     0.000,     0.000,     0.000,     0.000,     0.000,     0.000,     0.000,        35.000,         0.010,     0.243,     0.001,     0.019,     0.109,         1.000,         1.000,         1.000,         1.000,         1.000,         1.000,         1.000,         1.000,         1.000,         0.000,         0.000,         0.000,
    11.799,     1.000,     1.586,    23.891,    -0.108,   -42.050,     0.000,     0.450,     1.186,   419.330,     1.000,    23.893,     0.000,     0.000,     0.000,     0.000,     0.000,     0.000,     0.000,        35.000,         0.010,     0.243,     0.001,     0.019,     0.109,         1.000,         1.000,         1.000,         1.000,         1.000,         1.000,         1.000,         1.000,         1.000,         0.000,         0.000,         0.000,
    11.803,     1.000,     1.643,    23.899,    -0.116,   -41.947,     0.000,     0.450,     1.243,   419.330,     1.000,    23.899,     0.000,     0.000,     0.000,     0.000,     0.000,     0.000,     0.000,        35.000,         0.010,     0.064,     0.000,     0.005,     0.029,         1.000,         1.000,         1.000,         1.000,         1.000,         1.000,         1.000,         1.000,         1.000,         0.000,         0.000,         0.000,
    11.807,     1.000,     1.695,    23.900,    -0.093,   -37.106,     0.000,     0.450,     1.295,   419.330,     1.000,    23.900,     0.000,     0.000,     0.000,     0.000,     0.000,     0.000,     0.000,        35.000,         0.010,     0.064,     0.000,     0.005,     0.029,         1.000,         1.000,         1.000,         1.000,         1.000,         1.000,         1.000,         1.000,         1.000,         0.000,         0.000,         0.000,
    11.811,     1.000,     1.742,    23.900,    -0.069,   -32.875,     0.000,     0.450,     1.342,   419.330,     1.000,    23.900,     0.000,     0.000,     0.000,     0.000,     0.000,     0.000,     0.000,        35.000,         0.010,     0.064,     0.000,     0.005,     0.029,         1.000,         1.000,         1.000,         1.000,         1.000,         1.000,         1.000,         1.000,         1.000,         0.000,         0.000,         0.000,
    11.815,     1.000,     1.782,    23.900,    -0.054,   -27.974,     0.000,     0.450,     1.382,   419.330,     1.000,    23.900,     0.000,     0.000,     0.000,     0.000,     0.000,     0.000,     0.000,        35.000,         0.010,     0.064,     0.000,     0.005,     0.029,         1.000,         1.000,         1.000,         1.000,         1.000,         1.000,         1.000,         1.000,         1.000,         0.000,         0.000,         0.000,
    11.820,     1.000,     1.817,    23.900,    -0.062,   -31.232,     0.000,     0.450,     1.417,   419.330,     1.000,    23.900,     0.000,     0.000,     0.000,     0.000,     0.000,     0.000,     0.000,        35.000,         0.010,     0.065,     0.000,     0.005,     0.029,         1.000,         1.000,         1.000,         1.000,         1.000,         1.000,         1.000,         1.000,         1.000,         0.000,         0.000,         0.000,
    11.824,     1.000,     1.855,    23.900,    -0.078,   -41.461,     0.000,     0.450,     1.455,   419.330,     1.000,    23.900,     0.000,     0.000,     0.000,     0.000,     0.000,     0.000,     0.000,        35.000,         0.010,     0.065,     0.000,     0.005,     0.029,         1.000,         1.000,         1.000,         1.000,         1.000,         1.000,         1.000,         1.000,         1.000,         0.000,         0.000,         0.000,
    11.828,     1.000,     1.904,    23.900,    -0.083,   -47.486,     0.000,     0.450,     1.504,   419.330,     1.000,    23.900,     0.000,     0.000,     0.000,     0.000,     0.000,     0.000,     0.000,        35.000,         0.010,     0.065,     0.000,     0.005,     0.029,         1.000,         1.000,         1.000,         1.000,         1.000,         1.000,         1.000,         1.000,         1.000,         0.000,         0.000,         0.000,
    11.832,     1.000,     1.961,    23.900,    -0.079,   -49.130,     0.000,     0.450,     1.561,   419.330,     1.000,    23.900,     0.000,     0.000,     0.000,     0.000,     0.000,     0.000,     0.000,        35.000,         0.010,     0.065,     0.000,     0.005,     0.029,         1.000,         1.000,         1.000,         1.000,         1.000,         1.000,         1.000,         1.000,         1.000,         0.000,         0.000,         0.000,
    11.836,     1.000,     2.020,    23.900,    -0.070,   -46.542,     0.000,     0.450,     1.620,   419.330,     1.000,    23.900,     0.000,     0.000,     0.000,     0.000,     0.000,     0.000,     0.000,        35.000,         0.010,     0.064,     0.000,     0.005,     0.029,         1.000,         1.000,         1.000,         1.000,         1.000,         1.000,         1.000,         1.000,         1.000,         0.000,         0.000,         0.000,
    11.840,     1.000,     2.067,    23.917,    -0.045,   -33.188,     0.000,     0.450,     1.667,   419.330,     1.000,    23.928,     0.000,     0.000,     0.000,     0.000,     0.000,     0.000,     0.000,        35.000,         0.010,     0.064,     0.000,     0.005,     0.029,         1.000,         1.000,         1.000,         1.000,         1.000,         1.000,         1.000,         1.000,         1.000,         0.000,         0.000,         0.000,
    11.845,     1.000,     2.102,    23.960,    -0.033,   -26.416,     0.000,     0.450,     1.702,   419.330,     1.000,    23.971,     0.000,     0.000,     0.000,     0.000,     0.000,     0.000,     0.000,        35.000,         0.010,     0.064,     0.000,     0.005,     0.029,         1.000,         1.000,         1.000,         1.000,         1.000,         1.000,         1.000,         1.000,         1.000,         0.000,         0.000,         0.000,
    11.849,     1.000,     2.132,    23.979,    -0.026,   -22.010,     0.000,     0.450,     1.732,   419.330,     1.000,    23.985,     0.000,     0.000,     0.000,     0.000,     0.000,     0.000,     0.000,        35.000,         0.010,     0.064,     0.000,     0.005,     0.029,         1.000,         1.000,         1.000,         1.000,         1.000,         1.000,         1.000,         1.000,         1.000,         0.000,         0.000,         0.000,
    11.853,     1.000,     2.154,    23.985,    -0.008,    -9.731,     0.000,     0.450,     1.754,   419.330,     1.000,    23.990,     0.000,     0.000,     0.000,     0.000,     0.000,     0.000,     0.000,        35.000,         0.010,     0.064,     0.000,     0.005,     0.029,         1.000,         1.000,         1.000,         1.000,         1.000,         1.000,         1.000,         1.000,         1.000,         0.000,         0.000,         0.000,
    11.857,     1.000,     2.156,    23.975,     0.004,    -1.367,     0.000,     0.450,     1.756,   419.330,     1.000,    23.985,     0.000,     0.000,     0.000,     0.000,     0.000,     0.000,     0.000,        35.000,         0.010,     0.064,     0.000,     0.005,     0.029,         1.000,         1.000,         1.000,         1.000,         1.000,         1.000,         1.000,         1.000,         1.000,         0.000,         0.000,         0.000,
    11.861,     1.000,     2.155,    23.963,    -0.014,   -12.217,     0.000,     0.450,     1.755,   419.330,     1.000,    23.979,     0.000,     0.000,     0.000,     0.000,     0.000,     0.000,     0.000,        35.000,         0.010,     0.064,     0.000,     0.005,     0.029,         1.000,         1.000,         1.000,         1.000,         1.000,         1.000,         1.000,         1.000,         1.000,         0.000,         0.000,         0.000,
    11.866,     1.000,     2.164,    23.963,    -0.010,   -10.123,     0.000,     0.450,     1.764,   419.330,     1.000,    23.981,     0.000,     0.000,     0.000,     0.000,     0.000,     0.000,     0.000,        35.000,         0.010,     0.064,     0.000,     0.005,     0.029,         1.000,         1.000,         1.000,         1.000,         1.000,         1.000,         1.000,         1.000,         1.000,         0.000,         0.000,         0.000,
    11.870,     1.000,     2.164,    23.952,     0.018,     8.103,     0.000,     0.450,     1.764,   419.330,     1.000,    23.977,     0.000,     0.000,     0.000,     0.000,     0.000,     0.000,     0.000,        35.000,         0.010,     0.064,     0.000,     0.005,     0.029,         1.000,         1.000,         1.000,         1.000,         1.000,         1.000,         1.000,         1.000,         1.000,         0.000,         0.000,         0.000,
    11.874,     1.000,     2.144,    23.938,     0.022,    15.496,     0.000,     0.450,     1.744,   419.330,     1.000,    23.965,     0.000,     0.000,     0.000,     0.000,     0.000,     0.000,     0.000,        35.000,         0.010,     0.064,     0.000,     0.005,     0.029,         1.000,         1.000,         1.000,         1.000,         1.000,         1.000,         1.000,         1.000,         1.000,         0.000,         0.000,         0.000,
    11.878,     1.000,     2.130,    23.932,     0.003,     3.848,     0.000,     0.450,     1.730,   419.330,     1.000,    23.959,     0.000,     0.000,     0.000,     0.000,     0.000,     0.000,     0.000,        35.000,         0.010,     0.064,     0.000,     0.005,     0.029,         1.000,         1.000,         1.000,         1.000,         1.000,         1.000,         1.000,         1.000,         1.000,         0.000,         0.000,         0.000,
    11.882,     1.000,     2.132,    23.936,    -0.005,    -2.279,     0.000,     0.450,     1.732,   419.330,     1.000,    23.959,     0.000,     0.000,     0.000,     0.000,     0.000,     0.000,     0.000,        35.000,         0.010,     0.064,     0.000,     0.005,     0.029,         1.000,         1.000,         1.000,         1.000,         1.000,         1.000,         1.000,         1.000,         1.000,         0.000,         0.000,         0.000,
    11.886,     1.000,     2.127,    23.934,     0.023,    14.989,     0.000,     0.450,     1.727,   419.330,     1.000,    23.957,     0.000,     0.000,     0.000,     0.000,     0.000,     0.000,     0.000,        35.000,         0.010,     0.064,     0.000,     0.005,     0.029,         1.000,         1.000,         1.000,         1.000,         1.000,         1.000,         1.000,         1.000,         1.000,         0.000,         0.000,         0.000,
    11.891,     1.000,     2.107,    23.931,     0.032,    22.880,     0.000,     0.450,     1.707,   419.330,     1.000,    23.953,     0.000,     0.000,     0.000,     0.000,     0.000,     0.000,     0.000,        35.000,         0.010,     0.064,     0.000,     0.005,     0.029,         1.000,         1.000,         1.000,         1.000,         1.000,         1.000,         1.000,         1.000,         1.000,         0.000,         0.000,         0.000,
    11.895,     1.000,     2.085,    23.929,     0.024,    19.311,     0.000,     0.450,     1.685,   419.330,     1.000,    23.949,     0.000,     0.000,     0.000,     0.000,     0.000,     0.000,     0.000,        35.000,         0.010,     0.064,     0.000,     0.005,     0.029,         1.000,         1.000,         1.000,         1.000,         1.000,         1.000,         1.000,         1.000,         1.000,         0.000,         0.000,         0.000,
    11.899,     1.000,     2.070,    23.928,     0.021,    17.038,     0.000,     0.450,     1.670,   419.330,     1.000,    23.945,     0.000,     0.000,     0.000,     0.000,     0.000,     0.000,     0.000,        35.000,         0.010,     0.064,     0.000,     0.005,     0.029,         1.000,         1.000,         1.000,         1.000,         1.000,         1.000,         1.000,         1.000,         1.000,         0.000,         0.000,         0.000,
    11.903,     1.000,     2.053,    23.927,     0.036,    26.394,     0.000,     0.450,     1.653,   419.330,     1.000,    23.941,     0.000,     0.000,     0.000,     0.000,     0.000,     0.000,     0.000,        35.000,         0.010,     0.064,     0.000,     0.005,     0.029,         1.000,         1.000,         1.000,         1.000,         1.000,         1.000,         1.000,         1.000,         1.000,         0.000,         0.000,         0.000,
    11.907,     1.000,     2.026,    23.925,     0.042,    30.670,     0.000,     0.450,     1.626,   419.330,     1.000,    23.934,     0.000,     0.000,     0.000,     0.000,     0.000,     0.000,     0.000,        35.000,         0.010,     0.064,     0.000,     0.005,     0.029,         1.000,         1.000,         1.000,         1.000,         1.000,         1.000,         1.000,         1.000,         1.000,         0.000,         0.000,         0.000,
    11.911,     1.000,     1.996,    23.915,     0.039,    28.572,     0.000,     0.450,     1.596,   419.330,     1.000,    23.926,     0.000,     0.000,     0.000,     0.000,     0.000,     0.000,     0.000,        35.000,         0.010,     0.065,     0.000,     0.005,     0.029,         1.000,         1.000,         1.000,         1.000,         1.000,         1.000,         1.000,         1.000,         1.000,         0.000,         0.000,         0.000,
    11.916,     1.000,     1.966,    23.915,     0.034,    24.563,     0.000,     0.450,     1.566,   419.330,     1.000,    23.920,     0.000,     0.000,     0.000,     0.000,     0.000,     0.000,     0.000,        35.000,         0.010,     0.065,     0.000,     0.005,     0.029,         1.000,         1.000,         1.000,         1.000,         1.000,         1.000,         1.000,         1.000,         1.000,         0.000,         0.000,         0.000,
    11.920,     1.000,     1.939,    23.913,     0.032,    21.824,     0.000,     0.450,     1.539,   419.330,     1.000,    23.914,     0.000,     0.000,     0.000,     0.000,     0.000,     0.000,     0.000,        35.000,         0.010,     0.065,     0.000,     0.005,     0.029,         1.000,         1.000,         1.000,         1.000,         1.000,         1.000,         1.000,         1.000,         1.000,         0.000,         0.000,         0.000,
    11.924,     1.000,     1.912,    23.911,     0.033,    21.010,     0.000,     0.450,     1.512,   419.330,     1.000,    23.911,     0.000,     0.000,     0.000,     0.000,     0.000,     0.000,     0.000,        35.000,         0.010,     0.065,     0.000,     0.005,     0.029,         1.000,         1.000,         1.000,         1.000,         1.000,         1.000,         1.000,         1.000,         1.000,         0.000,         0.000,         0.000,
    11.928,     1.000,     1.885,    23.908,     0.036,    21.769,     0.000,     0.450,     1.485,   419.330,     1.000,    23.908,     0.000,     0.000,     0.000,     0.000,     0.000,     0.000,     0.000,        35.000,         0.010,     0.065,     0.000,     0.005,     0.029,         1.000,         1.000,         1.000,         1.000,         1.000,         1.000,         1.000,         1.000,         1.000,         0.000,         0.000,         0.000,
    11.932,     1.000,     1.857,    23.905,     0.039,    22.646,     0.000,     0.450,     1.457,   419.330,     1.000,    23.905,     0.000,     0.000,     0.000,     0.000,     0.000,     0.000,     0.000,        35.000,         0.010,     0.065,     0.000,     0.005,     0.029,         1.000,         1.000,         1.000,         1.000,         1.000,         1.000,         1.000,         1.000,         1.000,         0.000,         0.000,         0.000,
    11.936,     1.000,     1.827,    23.903,     0.044,    24.538,     0.000,     0.450,     1.427,   419.330,     1.000,    23.903,     0.000,     0.000,     0.000,     0.000,     0.000,     0.000,     0.000,        35.000,         0.010,     0.065,     0.000,     0.005,     0.029,         1.000,         1.000,         1.000,         1.000,         1.000,         1.000,         1.000,         1.000,         1.000,         0.000,         0.000,         0.000,
    11.941,     1.000,     1.796,    23.901,     0.045,    25.307,     0.000,     0.450,     1.396,   419.330,     1.000,    23.901,     0.000,     0.000,     0.000,     0.000,     0.000,     0.000,     0.000,        35.000,         0.010,     0.064,     0.000,     0.005,     0.029,         1.000,         1.000,         1.000,         1.000,         1.000,         1.000,         1.000,         1.000,         1.000,         0.000,         0.000,         0.000,
    11.945,     1.000,     1.764,    23.900,     0.047,    25.612,     0.000,     0.450,     1.364,   419.330,     1.000,    23.900,     0.000,     0.000,     0.000,     0.000,     0.000,     0.000,     0.000,        35.000,         0.010,     0.064,     0.000,     0.005,     0.029,         1.000,         1.000,         1.000,         1.000,         1.000,         1.000,         1.000,         1.000,         1.000,         0.000,         0.000,         0.000,
    11.949,     1.000,     1.732,    23.898,     0.044,    23.650,     0.000,     0.450,     1.332,   419.330,     1.000,    23.898,     0.000,     0.000,     0.000,     0.000,     0.000,     0.000,     0.000,        35.000,         0.010,     0.064,     0.000,     0.005,     0.029,         1.000,         1.000,         1.000,         1.000,         1.000,         1.000,         1.000,         1.000,         1.000,         0.000,         0.000,         0.000,
    11.953,     1.000,     1.701,    23.895,     0.042,    21.771,     0.000,     0.450,     1.301,   419.330,     1.000,    23.895,     0.000,     0.000,     0.000,     0.000,     0.000,     0.000,     0.000,        34.999,         0.010,     0.064,     0.000,     0.005,     0.029,         1.000,         1.000,         1.000,         1.000,         1.000,         1.000,         1.000,         1.000,         1.000,         0.000,         0.000,         0.000,
    11.957,     1.000,     1.672,    23.891,     0.044,    20.651,     0.000,     0.450,     1.272,   419.330,     1.000,    23.890,     0.000,     0.000,     0.000,     0.000,     0.000,     0.000,     0.000,        34.998,         0.010,     0.064,     0.000,     0.005,     0.029,         1.000,         1.000,         1.000,         1.000,         1.000,         1.000,         1.000,         1.000,         1.000,         0.000,         0.000,         0.000,
    11.961,     1.000,     1.644,    23.885,     0.048,    20.343,     0.000,     0.450,     1.244,   419.330,     1.000,    23.882,     0.000,     0.000,     0.000,     0.000,     0.000,     0.000,     0.000,        34.996,         0.010,     0.064,     0.000,     0.005,     0.029,         1.000,         1.000,         1.000,         1.000,         1.000,         1.000,         1.000,         1.000,         1.000,         0.000,         0.000,         0.000,
    11.966,     1.000,     1.616,    23.876,     0.049,    19.599,     0.000,     0.450,     1.216,   419.330,     1.000,    23.872,     0.000,     0.000,     0.000,     0.000,     0.000,     0.000,     0.000,        34.994,         0.010,     0.064,     0.000,     0.005,     0.029,         1.000,         1.000,         1.000,         1.000,         1.000,         1.000,         1.000,         1.000,         1.000,         0.000,         0.000,         0.000,
    11.970,     1.000,     1.589,    23.868,     0.044,    18.709,     0.000,     0.450,     1.189,   419.330,     1.000,    23.862,     0.000,     0.000,     0.000,     0.000,     0.000,     0.000,     0.000,        34.992,         0.010,     0.244,     0.001,     0.020,     0.110,         1.000,         1.000,         1.000,         1.000,         1.000,         1.000,         1.000,         1.000,         1.000,         0.000,         0.000,         0.000,
    11.974,     1.000,     1.563,    23.858,     0.046,    17.938,     0.000,     0.450,     1.163,   419.330,     1.000,    23.852,     0.000,     0.000,     0.000,     0.000,     0.000,     0.000,     0.000,        34.988,         0.010,     0.244,     0.001,     0.020,     0.110,         1.000,         1.000,         1.000,         1.000,         1.000,         1.000,         1.000,         1.000,         1.000,         0.000,         0.000,         0.000,
    11.978,     1.000,     1.539,    23.848,     0.045,    16.764,     0.000,     0.450,     1.139,   419.330,     1.000,    23.844,     0.000,     0.000,     0.000,     0.000,     0.000,     0.000,     0.000,        34.985,         0.010,     0.244,     0.001,     0.020,     0.110,         1.000,         1.000,         1.000,         1.000,         1.000,         1.000,         1.000,         1.000,         1.000,         0.000,         0.000,         0.000,
    11.982,     1.000,     1.517,    23.842,     0.044,    15.528,     0.000,     0.450,     1.117,   419.330,     1.000,    23.838,     0.000,     0.000,     0.000,     0.000,     0.000,     0.000,     0.000,        34.982,         0.010,     0.244,     0.001,     0.020,     0.110,         1.000,         1.000,         1.000,         1.000,         1.000,         1.000,         1.000,         1.000,         1.000,         0.000,         0.000,         0.000,
    11.986,     1.000,     1.496,    23.837,     0.045,    14.304,     0.000,     0.450,     1.096,   419.330,     1.000,    23.835,     0.000,     0.000,     0.000,     0.000,     0.000,     0.000,     0.000,        34.980,         0.010,     0.244,     0.001,     0.020,     0.110,         1.000,         1.000,         1.000,         1.000,         1.000,         1.000,         1.000,         1.000,         1.000,         0.000,         0.000,         0.000,
    11.991,     1.000,     1.478,    23.835,     0.045,    13.318,     0.000,     0.450,     1.078,   419.330,     1.000,    23.834,     0.000,     0.000,     0.000,     0.000,     0.000,     0.000,     0.000,        34.978,         0.010,     0.244,     0.001,     0.020,     0.110,         1.000,         1.000,         1.000,         1.000,         1.000,         1.000,         1.000,         1.000,         1.000,         0.000,         0.000,         0.000,
    11.995,     1.000,     1.460,    23.834,     0.044,    12.379,     0.000,     0.450,     1.060,   419.330,     1.000,    23.834,     0.000,     0.000,     0.000,     0.000,     0.000,     0.000,     0.000,        34.978,         0.010,     0.244,     0.001,     0.020,     0.110,         1.000,         1.000,         1.000,         1.000,         1.000,         1.000,         1.000,         1.000,         1.000,         0.000,         0.000,         0.000,
    11.999,     1.000,     1.444,    23.835,     0.042,    11.441,     0.000,     0.450,     1.044,   419.330,     1.000,    23.835,     0.000,     0.000,     0.000,     0.000,     0.000,     0.000,     0.000,        34.977,         0.010,     0.244,     0.001,     0.020,     0.110,         1.000,         1.000,         1.000,         1.000,         1.000,         1.000,         1.000,         1.000,         1.000,         0.000,         0.000,         0.000,
    12.003,     1.000,     1.429,    23.837,     0.044,    10.533,     0.000,     0.450,     1.029,   419.330,     1.000,    23.837,     0.000,     0.000,     0.000,     0.000,     0.000,     0.000,     0.000,        34.977,         0.010,     0.244,     0.001,     0.020,     0.110,         1.000,         1.000,         1.000,         1.000,         1.000,         1.000,         1.000,         1.000,         1.000,         0.000,         0.000,         0.000,
    12.007,     1.000,     1.415,    23.840,     0.043,     9.886,     0.000,     0.450,     1.015,   419.330,     1.000,    23.840,     0.000,     0.000,     0.000,     0.000,     0.000,     0.000,     0.000,        34.977,         0.010,     0.244,     0.001,     0.020,     0.110,         1.000,         1.000,         1.000,         1.000,         1.000,         1.000,         1.000,         1.000,         1.000,         0.000,         0.000,         0.000,
    12.011,     1.000,     1.402,    23.844,     0.043,     9.349,     0.000,     0.450,     1.002,   419.330,     1.000,    23.844,     0.000,     0.000,     0.000,     0.000,     0.000,     0.000,     0.000,        34.977,         0.010,     0.244,     0.001,     0.020,     0.110,         1.000,         1.000,         1.000,         1.000,         1.000,         1.000,         1.000,         1.000,         1.000,         0.000,         0.000,         0.000,
    12.403,     1.000,     1.412,    23.700,    -0.060,   -14.307,     0.000,     0.450,     1.012,   419.330,     1.000,    23.700,     0.000,     0.000,     0.000,     0.000,     0.000,     0.000,     0.000,        35.000,         0.010,     0.245,     0.001,     0.020,     0.110,         1.000,         1.000,         1.000,         1.000,         1.000,         1.000,         1.000,         1.000,         1.000,         0.000,         0.000,         0.000,
    12.408,     1.000,     1.428,    23.711,    -0.041,   -10.456,     0.000,     0.450,     1.028,   419.330,     1.000,    23.711,     0.000,     0.000,     0.000,     0.000,     0.000,     0.000,     0.000,        35.000,         0.010,     0.245,     0.001,     0.020,     0.110,         1.000,         1.000,         1.000,         1.000,         1.000,         1.000,         1.000,         1.000,         1.000,         0.000,         0.000,         0.000,
    12.412,     1.000,     1.446,    23.755,    -0.052,   -13.856,     0.000,     0.450,     1.046,   419.330,     1.000,    23.756,     0.000,     0.000,     0.000,     0.000,     0.000,     0.000,     0.000,        35.000,         0.010,     0.245,     0.001,     0.020,     0.110,         1.000,         1.000,         1.000,         1.000,         1.000,         1.000,         1.000,         1.000,         1.000,         0.000,         0.000,         0.000,
    12.416,     1.000,     1.461,    23.779,    -0.035,   -10.031,     0.000,     0.450,     1.061,   419.330,     1.000,    23.780,     0.000,     0.000,     0.000,     0.000,     0.000,     0.000,     0.000,        35.000,         0.010,     0.245,     0.001,     0.020,     0.110,         1.000,         1.000,         1.000,         1.000,         1.000,         1.000,         1.000,         1.000,         1.000,         0.000,         0.000,         0.000,
    12.420,     1.000,     1.472,    23.786,    -0.024,    -7.119,     0.000,     0.450,     1.072,   419.330,     1.000,    23.787,     0.000,     0.000,     0.000,     0.000,     0.000,     0.000,     0.000,        35.000,         0.010,     0.245,     0.001,     0.020,     0.110,         1.000,         1.000,         1.000,         1.000,         1.000,         1.000,         1.000,         1.000,         1.000,         0.000,         0.000,         0.000,
    12.424,     1.000,     1.481,    23.782,    -0.025,    -7.271,     0.000,     0.450,     1.081,   419.330,     1.000,    23.784,     0.000,     0.000,     0.000,     0.000,     0.000,     0.000,     0.000,        35.000,         0.010,     0.245,     0.001,     0.020,     0.110,         1.000,         1.000,         1.000,         1.000,         1.000,         1.000,         1.000,         1.000,         1.000,         0.000,         0.000,         0.000,
    12.428,     1.000,     1.490,    23.746,    -0.016,    -4.814,     0.000,     0.450,     1.090,   419.330,     1.000,    23.755,     0.000,     0.000,     0.000,     0.000,     0.000,     0.000,     0.000,        35.000,         0.010,     0.245,     0.001,     0.020,     0.110,         1.000,         1.000,         1.000,         1.000,         1.000,         1.000,         1.000,         1.000,         1.000,         0.000,         0.000,         0.000,
    12.433,     1.000,     1.496,    23.727,    -0.015,    -4.451,     0.000,     0.450,     1.096,   419.330,     1.000,    23.737,     0.000,     0.000,     0.000,     0.000,     0.000,     0.000,     0.000,        35.000,         0.010,     0.245,     0.001,     0.020,     0.110,         1.000,         1.000,         1.000,         1.000,         1.000,         1.000,         1.000,         1.000,         1.000,         0.000,         0.000,         0.000,
    12.437,     1.000,     1.499,    23.726,    -0.006,    -2.426,     0.000,     0.450,     1.099,   419.330,     1.000,    23.735,     0.000,     0.000,     0.000,     0.000,     0.000,     0.000,     0.000,        35.000,         0.010,     0.245,     0.001,     0.020,     0.110,         1.000,         1.000,         1.000,         1.000,         1.000,         1.000,         1.000,         1.000,         1.000,         0.000,         0.000,         0.000,
    12.441,     1.000,     1.494,    23.731,     0.025,     6.269,     0.000,     0.450,     1.094,   419.330,     1.000,    23.739,     0.000,     0.000,     0.000,     0.000,     0.000,     0.000,     0.000,        35.000,         0.010,     0.245,     0.001,     0.020,     0.110,         1.000,         1.000,         1.000,         1.000,         1.000,         1.000,         1.000,         1.000,         1.000,         0.000,         0.000,         0.000,
    12.445,     1.000,     1.479,    23.747,     0.040,    13.603,     0.000,     0.450,     1.079,   419.330,     1.000,    23.753,     0.000,     0.000,     0.000,     0.000,     0.000,     0.000,     0.000,        35.000,         0.010,     0.245,     0.001,     0.020,     0.110,         1.000,         1.000,         1.000,         1.000,         1.000,         1.000,         1.000,         1.000,         1.000,         0.000,         0.000,         0.000,
    12.449,     1.000,     1.468,    23.749,     0.009,     4.736,     0.000,     0.450,     1.068,   419.330,     1.000,    23.754,     0.000,     0.000,     0.000,     0.000,     0.000,     0.000,     0.000,        35.000,         0.010,     0.245,     0.001,     0.020,     0.110,         1.000,         1.000,         1.000,         1.000,         1.000,         1.000,         1.000,         1.000,         1.000,         0.000,         0.000,         0.000,
    12.453,     1.000,     1.463,    23.749,     0.004,     2.689,     0.000,     0.450,     1.063,   419.330,     1.000,    23.754,     0.000,     0.000,     0.000,     0.000,     0.000,     0.000,     0.000,        35.000,         0.010,     0.245,     0.001,     0.020,     0.110,         1.000,         1.000,         1.000,         1.000,         1.000,         1.000,         1.000,         1.000,         1.000,         0.000,         0.000,         0.000,
    12.458,     1.000,     1.459,    23.748,     0.012,     4.300,     0.000,     0.450,     1.059,   419.330,     1.000,    23.753,     0.000,     0.000,     0.000,     0.000,     0.000,     0.000,     0.000,        35.000,         0.010,     0.245,     0.001,     0.020,     0.110,         1.000,         1.000,         1.000,         1.000,         1.000,         1.000,         1.000,         1.000,         1.000,         0.000,         0.000,         0.000,
    12.462,     1.000,     1.453,    23.746,     0.021,     6.394,     0.000,     0.450,     1.053,   419.330,     1.000,    23.751,     0.000,     0.000,     0.000,     0.000,     0.000,     0.000,     0.000,        35.000,         0.010,     0.245,     0.001,     0.020,     0.110,         1.000,         1.000,         1.000,         1.000,         1.000,         1.000,         1.000,         1.000,         1.000,         0.000,         0.000,         0.000,
    12.466,     1.000,     1.442,    23.742,     0.035,    10.361,     0.000,     0.450,     1.042,   419.330,     1.000,    23.748,     0.000,     0.000,     0.000,     0.000,     0.000,     0.000,     0.000,        35.000,         0.010,     0.245,     0.001,     0.020,     0.110,         1.000,         1.000,         1.000,         1.000,         1.000,         1.000,         1.000,         1.000,         1.000,         0.000,         0.000,         0.000,
    12.470,     1.000,     1.427,    23.734,     0.038,    10.688,     0.000,     0.450,     1.027,   419.330,     1.000,    23.741,     0.000,     0.000,     0.000,     0.000,     0.000,     0.000,     0.000,        35.000,         0.010,     0.245,     0.001,     0.020,     0.110,         1.000,         1.000,         1.000,         1.000,         1.000,         1.000,         1.000,         1.000,         1.000,         0.000,         0.000,         0.000,
    12.474,     1.000,     1.413,    23.728,     0.039,    10.013,     0.000,     0.450,     1.013,   419.330,     1.000,    23.732,     0.000,     0.000,     0.000,     0.000,     0.000,     0.000,     0.000,        35.000,         0.010,     0.245,     0.001,     0.020,     0.110,         1.000,         1.000,         1.000,         1.000,         1.000,         1.000,         1.000,         1.000,         1.000,         0.000,         0.000,         0.000,
    12.479,     1.000,     1.401,    23.723,     0.037,     9.001,     0.000,     0.450,     1.001,   419.330,     1.000,    23.726,     0.000,     0.000,     0.000,     0.000,     0.000,     0.000,     0.000,        35.000,         0.010,     0.245,     0.001,     0.020,     0.110,         1.000,         1.000,         1.000,         1.000,         1.000,         1.000,         1.000,         1.000,         1.000,         0.000,         0.000,         0.000,
    12.820,     1.000,     1.410,    24.105,    -0.165,   -38.947,     0.000,     0.450,     1.010,   419.330,     1.000,    24.105,     0.000,     0.000,     0.000,     0.000,     0.000,     0.000,     0.000,        35.000,         0.010,     0.246,     0.001,     0.020,     0.111,         1.000,         1.000,         1.000,         1.000,         1.000,         1.000,         1.000,         1.000,         1.000,         0.000,         0.000,         0.000,
    12.825,     1.000,     1.460,    24.183,    -0.144,   -40.498,     0.000,     0.450,     1.060,   419.330,     1.000,    24.185,     0.000,     0.000,     0.000,     0.000,     0.000,     0.000,     0.000,        35.000,         0.010,     0.246,     0.001,     0.020,     0.111,         1.000,         1.000,         1.000,         1.000,         1.000,         1.000,         1.000,         1.000,         1.000,         0.000,         0.000,         0.000,
    12.829,     1.000,     1.510,    24.198,    -0.119,   -38.349,     0.000,     0.450,     1.110,   419.330,     1.000,    24.198,     0.000,     0.000,     0.000,     0.000,     0.000,     0.000,     0.000,        35.000,         0.010,     0.246,     0.001,     0.020,     0.111,         1.000,         1.000,         1.000,         1.000,         1.000,         1.000,         1.000,         1.000,         1.000,         0.000,         0.000,         0.000,
    12.833,     1.000,     1.559,    24.199,    -0.103,   -37.686,     0.000,     0.450,     1.159,   419.330,     1.000,    24.199,     0.000,     0.000,     0.000,     0.000,     0.000,     0.000,     0.000,        35.000,         0.010,     0.246,     0.001,     0.020,     0.111,         1.000,         1.000,         1.000,         1.000,         1.000,         1.000,         1.000,         1.000,         1.000,         0.000,         0.000,         0.000,
    12.837,     1.000,     1.608,    24.148,    -0.108,   -36.323,     0.000,     0.450,     1.208,   419.330,     1.000,    24.155,     0.000,     0.000,     0.000,     0.000,     0.000,     0.000,     0.000,        35.000,         0.010,     0.063,     0.000,     0.005,     0.028,         1.000,         1.000,         1.000,         1.000,         1.000,         1.000,         1.000,         1.000,         1.000,         0.000,         0.000,         0.000,
    12.841,     1.000,     1.655,    24.102,    -0.097,   -35.666,     0.000,     0.450,     1.255,   419.330,     1.000,    24.103,     0.000,     0.000,     0.000,     0.000,     0.000,     0.000,     0.000,        35.000,         0.010,     0.063,     0.000,     0.005,     0.028,         1.000,         1.000,         1.000,         1.000,         1.000,         1.000,         1.000,         1.000,         1.000,         0.000,         0.000,         0.000,
    12.845,     1.000,     1.701,    24.144,    -0.091,   -36.412,     0.000,     0.450,     1.301,   419.330,     1.000,    24.149,     0.000,     0.000,     0.000,     0.000,     0.000,     0.000,     0.000,        35.000,         0.010,     0.063,     0.000,     0.005,     0.028,         1.000,         1.000,         1.000,         1.000,         1.000,         1.000,         1.000,         1.000,         1.000,         0.000,         0.000,         0.000,
    12.850,     1.000,     1.746,    24.192,    -0.081,   -35.121,     0.000,     0.450,     1.346,   419.330,     1.000,    24.193,     0.000,     0.000,     0.000,     0.000,     0.000,     0.000,     0.000,        35.000,         0.010,     0.063,     0.000,     0.005,     0.028,         1.000,         1.000,         1.000,         1.000,         1.000,         1.000,         1.000,         1.000,         1.000,         0.000,         0.000,         0.000,
    12.854,     1.000,     1.790,    24.129,    -0.064,   -32.770,     0.000,     0.450,     1.390,   419.330,     1.000,    24.135,     0.000,     0.000,     0.000,     0.000,     0.000,     0.000,     0.000,        35.000,         0.010,     0.063,     0.000,     0.005,     0.028,         1.000,         1.000,         1.000,         1.000,         1.000,         1.000,         1.000,         1.000,         1.000,         0.000,         0.000,         0.000,
    12.858,     1.000,     1.829,    24.105,    -0.057,   -30.373,     0.000,     0.450,     1.429,   419.330,     1.000,    24.105,     0.000,     0.000,     0.000,     0.000,     0.000,     0.000,     0.000,        35.000,         0.010,     0.063,     0.000,     0.005,     0.028,         1.000,         1.000,         1.000,         1.000,         1.000,         1.000,         1.000,         1.000,         1.000,         0.000,         0.000,         0.000,
    12.862,     1.000,     1.865,    24.101,    -0.049,   -27.233,     0.000,     0.450,     1.465,   419.330,     1.000,    24.101,     0.000,     0.000,     0.000,     0.000,     0.000,     0.000,     0.000,        35.000,         0.010,     0.063,     0.000,     0.005,     0.028,         1.000,         1.000,         1.000,         1.000,         1.000,         1.000,         1.000,         1.000,         1.000,         0.000,         0.000,         0.000,
    12.866,     1.000,     1.901,    24.101,    -0.054,   -31.481,     0.000,     0.450,     1.501,   419.330,     1.000,    24.101,     0.000,     0.000,     0.000,     0.000,     0.000,     0.000,     0.000,        35.000,         0.010,     0.063,     0.000,     0.005,     0.028,         1.000,         1.000,         1.000,         1.000,         1.000,         1.000,         1.000,         1.000,         1.000,         0.000,         0.000,         0.000,
    12.870,     1.000,     1.944,    24.100,    -0.060,   -37.196,     0.000,     0.450,     1.544,   419.330,     1.000,    24.100,     0.000,     0.000,     0.000,     0.000,     0.000,     0.000,     0.000,        35.000,         0.010,     0.063,     0.000,     0.005,     0.028,         1.000,         1.000,         1.000,         1.000,         1.000,         1.000,         1.000,         1.000,         1.000,         0.000,         0.000,         0.000,
    12.875,     1.000,     1.992,    24.102,    -0.054,   -35.644,     0.000,     0.450,     1.592,   419.330,     1.000,    24.105,     0.000,     0.000,     0.000,     0.000,     0.000,     0.000,     0.000,        35.000,         0.010,     0.063,     0.000,     0.005,     0.028,         1.000,         1.000,         1.000,         1.000,         1.000,         1.000,         1.000,         1.000,         1.000,         0.000,         0.000,         0.000,
    12.879,     1.000,     2.035,    24.154,    -0.048,   -33.239,     0.000,     0.450,     1.635,   419.330,     1.000,    24.162,     0.000,     0.000,     0.000,     0.000,     0.000,     0.000,     0.000,        35.000,         0.010,     0.063,     0.000,     0.005,     0.028,         1.000,         1.000,         1.000,         1.000,         1.000,         1.000,         1.000,         1.000,         1.000,         0.000,         0.000,         0.000,
    12.883,     1.000,     2.072,    24.183,    -0.028,   -21.970,     0.000,     0.450,     1.672,   419.330,     1.000,    24.187,     0.000,     0.000,     0.000,     0.000,     0.000,     0.000,     0.000,        35.000,         0.010,     0.063,     0.000,     0.005,     0.028,         1.000,         1.000,         1.000,         1.000,         1.000,         1.000,         1.000,         1.000,         1.000,         0.000,         0.000,         0.000,
    12.887,     1.000,     2.092,    24.189,    -0.014,   -12.413,     0.000,     0.450,     1.692,   419.330,     1.000,    24.191,     0.000,     0.000,     0.000,     0.000,     0.000,     0.000,     0.000,        35.000,         0.010,     0.063,     0.000,     0.005,     0.028,         1.000,         1.000,         1.000,         1.000,         1.000,         1.000,         1.000,         1.000,         1.000,         0.000,         0.000,         0.000,
    12.891,     1.000,     2.100,    24.185,     0.003,    -1.697,     0.000,     0.450,     1.700,   419.330,     1.000,    24.191,     0.000,     0.000,     0.000,     0.000,     0.000,     0.000,     0.000,        35.000,         0.010,     0.063,     0.000,     0.005,     0.028,         1.000,         1.000,         1.000,         1.000,         1.000,         1.000,         1.000,         1.000,         1.000,         0.000,         0.000,         0.000,
    12.896,     1.000,     2.097,    24.172,     0.008,     2.280,     0.000,     0.450,     1.697,   419.330,     1.000,    24.184,     0.000,     0.000,     0.000,     0.000,     0.000,     0.000,     0.000,        35.000,         0.010,     0.063,     0.000,     0.005,     0.028,         1.000,         1.000,         1.000,         1.000,         1.000,         1.000,         1.000,         1.000,         1.000,         0.000,         0.000,         0.000,
    12.900,     1.000,     2.090,    24.159,     0.015,     7.145,     0.000,     0.450,     1.690,   419.330,     1.000,    24.176,     0.000,     0.000,     0.000,     0.000,     0.000,     0.000,     0.000,        35.000,         0.010,     0.063,     0.000,     0.005,     0.028,         1.000,         1.000,         1.000,         1.000,         1.000,         1.000,         1.000,         1.000,         1.000,         0.000,         0.000,         0.000,
    12.904,     1.000,     2.079,    24.148,     0.015,     8.569,     0.000,     0.450,     1.679,   419.330,     1.000,    24.168,     0.000,     0.000,     0.000,     0.000,     0.000,     0.000,     0.000,        35.000,         0.010,     0.063,     0.000,     0.005,     0.028,         1.000,         1.000,         1.000,         1.000,         1.000,         1.000,         1.000,         1.000,         1.000,         0.000,         0.000,         0.000,
    12.908,     1.000,     2.066,    24.141,     0.017,    10.847,     0.000,     0.450,     1.666,   419.330,     1.000,    24.160,     0.000,     0.000,     0.000,     0.000,     0.000,     0.000,     0.000,        35.000,         0.010,     0.063,     0.000,     0.005,     0.028,         1.000,         1.000,         1.000,         1.000,         1.000,         1.000,         1.000,         1.000,         1.000,         0.000,         0.000,         0.000,
    12.912,     1.000,     2.051,    24.137,     0.023,    15.708,     0.000,     0.450,     1.651,   419.330,     1.000,    24.154,     0.000,     0.000,     0.000,     0.000,     0.000,     0.000,     0.000,        35.000,         0.010,     0.063,     0.000,     0.005,     0.028,         1.000,         1.000,         1.000,         1.000,         1.000,         1.000,         1.000,         1.000,         1.000,         0.000,         0.000,         0.000,
    12.916,     1.000,     2.036,    24.134,     0.014,    11.132,     0.000,     0.450,     1.636,   419.330,     1.000,    24.149,     0.000,     0.000,     0.000,     0.000,     0.000,     0.000,     0.000,        35.000,         0.010,     0.063,     0.000,     0.005,     0.028,         1.000,         1.000,         1.000,         1.000,         1.000,         1.000,         1.000,         1.000,         1.000,         0.000,         0.000,         0.000,
    12.921,     1.000,     2.025,    24.132,     0.018,    13.153,     0.000,     0.450,     1.625,   419.330,     1.000,    24.146,     0.000,     0.000,     0.000,     0.000,     0.000,     0.000,     0.000,        35.000,         0.010,     0.063,     0.000,     0.005,     0.028,         1.000,         1.000,         1.000,         1.000,         1.000,         1.000,         1.000,         1.000,         1.000,         0.000,         0.000,         0.000,
    12.925,     1.000,     2.012,    24.131,     0.022,    16.059,     0.000,     0.450,     1.612,   419.330,     1.000,    24.142,     0.000,     0.000,     0.000,     0.000,     0.000,     0.000,     0.000,        35.000,         0.010,     0.063,     0.000,     0.005,     0.028,         1.000,         1.000,         1.000,         1.000,         1.000,         1.000,         1.000,         1.000,         1.000,         0.000,         0.000,         0.000,
    12.929,     1.000,     1.995,    24.122,     0.028,    18.488,     0.000,     0.450,     1.595,   419.330,     1.000,    24.137,     0.000,     0.000,     0.000,     0.000,     0.000,     0.000,     0.000,        35.000,         0.010,     0.063,     0.000,     0.005,     0.028,         1.000,         1.000,         1.000,         1.000,         1.000,         1.000,         1.000,         1.000,         1.000,         0.000,         0.000,         0.000,
    12.933,     1.000,     1.974,    24.121,     0.032,    21.643,     0.000,     0.450,     1.574,   419.330,     1.000,    24.133,     0.000,     0.000,     0.000,     0.000,     0.000,     0.000,     0.000,        35.000,         0.010,     0.063,     0.000,     0.005,     0.028,         1.000,         1.000,         1.000,         1.000,         1.000,         1.000,         1.000,         1.000,         1.000,         0.000,         0.000,         0.000,
    12.937,     1.000,     1.952,    24.121,     0.031,    21.868,     0.000,     0.450,     1.552,   419.330,     1.000,    24.129,     0.000,     0.000,     0.000,     0.000,     0.000,     0.000,     0.000,        35.000,         0.010,     0.063,     0.000,     0.005,     0.028,         1.000,         1.000,         1.000,         1.000,         1.000,         1.000,         1.000,         1.000,         1.000,         0.000,         0.000,         0.000,
    12.941,     1.000,     1.928,    24.120,     0.033,    22.299,     0.000,     0.450,     1.528,   419.330,     1.000,    24.125,     0.000,     0.000,     0.000,     0.000,     0.000,     0.000,     0.000,        35.000,         0.010,     0.063,     0.000,     0.005,     0.028,         1.000,         1.000,         1.000,         1.000,         1.000,         1.000,         1.000,         1.000,         1.000,         0.000,         0.000,         0.000,
    12.946,     1.000,     1.904,    24.120,     0.035,    22.601,     0.000,     0.450,     1.504,   419.330,     1.000,    24.123,     0.000,     0.000,     0.000,     0.000,     0.000,     0.000,     0.000,        35.000,         0.010,     0.063,     0.000,     0.005,     0.028,         1.000,         1.000,         1.000,         1.000,         1.000,         1.000,         1.000,         1.000,         1.000,         0.000,         0.000,         0.000,
    12.950,     1.000,     1.878,    24.119,     0.040,    24.223,     0.000,     0.450,     1.478,   419.330,     1.000,    24.123,     0.000,     0.000,     0.000,     0.000,     0.000,     0.000,     0.000,        35.000,         0.010,     0.063,     0.000,     0.005,     0.028,         1.000,         1.000,         1.000,         1.000,         1.000,         1.000,         1.000,         1.000,         1.000,         0.000,         0.000,         0.000,
    12.954,     1.000,     1.850,    24.120,     0.040,    23.607,     0.000,     0.450,     1.450,   419.330,     1.000,    24.124,     0.000,     0.000,     0.000,     0.000,     0.000,     0.000,     0.000,        35.000,         0.010,     0.063,     0.000,     0.005,     0.028,         1.000,         1.000,         1.000,         1.000,         1.000,         1.000,         1.000,         1.000,         1.000,         0.000,         0.000,         0.000,
    12.958,     1.000,     1.822,    24.122,     0.045,    25.203,     0.000,     0.450,     1.422,   419.330,     1.000,    24.127,     0.000,     0.000,     0.000,     0.000,     0.000,     0.000,     0.000,        35.000,         0.010,     0.063,     0.000,     0.005,     0.028,         1.000,         1.000,         1.000,         1.000,         1.000,         1.000,         1.000,         1.000,         1.000,         0.000,         0.000,         0.000,
    12.962,     1.000,     1.792,    24.123,     0.047,    26.232,     0.000,     0.450,     1.392,   419.330,     1.000,    24.130,     0.000,     0.000,     0.000,     0.000,     0.000,     0.000,     0.000,        35.000,         0.010,     0.063,     0.000,     0.005,     0.028,         1.000,         1.000,         1.000,         1.000,         1.000,         1.000,         1.000,         1.000,         1.000,         0.000,         0.000,         0.000,
    12.966,     1.000,     1.762,    24.126,     0.046,    24.924,     0.000,     0.450,     1.362,   419.330,     1.000,    24.135,     0.000,     0.000,     0.000,     0.000,     0.000,     0.000,     0.000,        35.000,         0.010,     0.063,     0.000,     0.005,     0.028,         1.000,         1.000,         1.000,         1.000,         1.000,         1.000,         1.000,         1.000,         1.000,         0.000,         0.000,         0.000,
    12.971,     1.000,     1.733,    24.130,     0.044,    23.109,     0.000,     0.450,     1.333,   419.330,     1.000,    24.140,     0.000,     0.000,     0.000,     0.000,     0.000,     0.000,     0.000,        35.000,         0.010,     0.063,     0.000,     0.005,     0.028,         1.000,         1.000,         1.000,         1.000,         1.000,         1.000,         1.000,         1.000,         1.000,         0.000,         0.000,         0.000,
    12.975,     1.000,     1.704,    24.134,     0.043,    21.979,     0.000,     0.450,     1.304,   419.330,     1.000,    24.144,     0.000,     0.000,     0.000,     0.000,     0.000,     0.000,     0.000,        35.000,         0.010,     0.063,     0.000,     0.005,     0.028,         1.000,         1.000,         1.000,         1.000,         1.000,         1.000,         1.000,         1.000,         1.000,         0.000,         0.000,         0.000,
    12.979,     1.000,     1.677,    24.139,     0.045,    21.768,     0.000,     0.450,     1.277,   419.330,     1.000,    24.148,     0.000,     0.000,     0.000,     0.000,     0.000,     0.000,     0.000,        35.000,         0.010,     0.063,     0.000,     0.005,     0.028,         1.000,         1.000,         1.000,         1.000,         1.000,         1.000,         1.000,         1.000,         1.000,         0.000,         0.000,         0.000,
    12.983,     1.000,     1.649,    24.143,     0.049,    21.335,     0.000,     0.450,     1.249,   419.330,     1.000,    24.151,     0.000,     0.000,     0.000,     0.000,     0.000,     0.000,     0.000,        34.999,         0.010,     0.063,     0.000,     0.005,     0.028,         1.000,         1.000,         1.000,         1.000,         1.000,         1.000,         1.000,         1.000,         1.000,         0.000,         0.000,         0.000,
    12.987,     1.000,     1.621,    24.147,     0.050,    20.399,     0.000,     0.450,     1.221,   419.330,     1.000,    24.153,     0.000,     0.000,     0.000,     0.000,     0.000,     0.000,     0.000,        34.998,         0.010,     0.063,     0.000,     0.005,     0.028,         1.000,         1.000,         1.000,         1.000,         1.000,         1.000,         1.000,         1.000,         1.000,         0.000,         0.000,         0.000,
    12.991,     1.000,     1.594,    24.147,     0.038,    18.974,     0.000,     0.450,     1.194,   419.330,     1.000,    24.154,     0.000,     0.000,     0.000,     0.000,     0.000,     0.000,     0.000,        34.997,         0.010,     0.247,     0.001,     0.020,     0.111,         1.000,         1.000,         1.000,         1.000,         1.000,         1.000,         1.000,         1.000,         1.000,         0.000,         0.000,         0.000,
    12.996,     1.000,     1.569,    24.149,     0.038,    17.884,     0.000,     0.450,     1.169,   419.330,     1.000,    24.154,     0.000,     0.000,     0.000,     0.000,     0.000,     0.000,     0.000,        34.996,         0.010,     0.247,     0.001,     0.020,     0.111,         1.000,         1.000,         1.000,         1.000,         1.000,         1.000,         1.000,         1.000,         1.000,         0.000,         0.000,         0.000,
    13.000,     1.000,     1.546,    24.151,     0.044,    16.848,     0.000,     0.450,     1.146,   419.330,     1.000,    24.154,     0.000,     0.000,     0.000,     0.000,     0.000,     0.000,     0.000,        34.993,         0.010,     0.247,     0.001,     0.020,     0.111,         1.000,         1.000,         1.000,         1.000,         1.000,         1.000,         1.000,         1.000,         1.000,         0.000,         0.000,         0.000,
    13.004,     1.000,     1.524,    24.152,     0.044,    15.929,     0.000,     0.450,     1.124,   419.330,     1.000,    24.153,     0.000,     0.000,     0.000,     0.000,     0.000,     0.000,     0.000,        34.990,         0.010,     0.247,     0.001,     0.020,     0.111,         1.000,         1.000,         1.000,         1.000,         1.000,         1.000,         1.000,         1.000,         1.000,         0.000,         0.000,         0.000,
    13.008,     1.000,     1.503,    24.152,     0.043,    14.735,     0.000,     0.450,     1.103,   419.330,     1.000,    24.151,     0.000,     0.000,     0.000,     0.000,     0.000,     0.000,     0.000,        34.987,         0.010,     0.247,     0.001,     0.020,     0.111,         1.000,         1.000,         1.000,         1.000,         1.000,         1.000,         1.000,         1.000,         1.000,         0.000,         0.000,         0.000,
    13.012,     1.000,     1.484,    24.151,     0.042,    13.667,     0.000,     0.450,     1.084,   419.330,     1.000,    24.150,     0.000,     0.000,     0.000,     0.000,     0.000,     0.000,     0.000,        34.985,         0.010,     0.247,     0.001,     0.020,     0.111,         1.000,         1.000,         1.000,         1.000,         1.000,         1.000,         1.000,         1.000,         1.000,         0.000,         0.000,         0.000,
    13.016,     1.000,     1.466,    24.149,     0.043,    12.665,     0.000,     0.450,     1.066,   419.330,     1.000,    24.148,     0.000,     0.000,     0.000,     0.000,     0.000,     0.000,     0.000,        34.983,         0.010,     0.247,     0.001,     0.020,     0.111,         1.000,         1.000,         1.000,         1.000,         1.000,         1.000,         1.000,         1.000,         1.000,         0.000,         0.000,         0.000,
    13.021,     1.000,     1.449,    24.147,     0.042,    11.730,     0.000,     0.450,     1.049,   419.330,     1.000,    24.146,     0.000,     0.000,     0.000,     0.000,     0.000,     0.000,     0.000,        34.981,         0.010,     0.247,     0.001,     0.020,     0.111,         1.000,         1.000,         1.000,         1.000,         1.000,         1.000,         1.000,         1.000,         1.000,         0.000,         0.000,         0.000,
    13.025,     1.000,     1.434,    24.145,     0.041,    10.887,     0.000,     0.450,     1.034,   419.330,     1.000,    24.144,     0.000,     0.000,     0.000,     0.000,     0.000,     0.000,     0.000,        34.980,         0.010,     0.248,     0.001,     0.020,     0.111,         1.000,         1.000,         1.000,         1.000,         1.000,         1.000,         1.000,         1.000,         1.000,         0.000,         0.000,         0.000,
    13.029,     1.000,     1.419,    24.144,     0.039,    10.094,     0.000,     0.450,     1.019,   419.330,     1.000,    24.143,     0.000,     0.000,     0.000,     0.000,     0.000,     0.000,     0.000,        34.979,         0.010,     0.248,     0.001,     0.020,     0.111,         1.000,         1.000,         1.000,         1.000,         1.000,         1.000,         1.000,         1.000,         1.000,         0.000,         0.000,         0.000,
    13.033,     1.000,     1.406,    24.143,     0.042,     9.375,     0.000,     0.450,     1.006,   419.330,     1.000,    24.142,     0.000,     0.000,     0.000,     0.000,     0.000,     0.000,     0.000,        34.978,         0.010,     0.248,     0.001,     0.020,     0.111,         1.000,         1.000,         1.000,         1.000,         1.000,         1.000,         1.000,         1.000,         1.000,         0.000,         0.000,         0.000,
    13.404,     1.000,     1.435,    23.709,    -0.109,   -28.154,     0.000,     0.450,     1.035,   419.330,     1.000,    23.710,     0.000,     0.000,     0.000,     0.000,     0.000,     0.000,     0.000,        35.000,         0.010,     0.248,     0.001,     0.020,     0.112,         1.000,         1.000,         1.000,         1.000,         1.000,         1.000,         1.000,         1.000,         1.000,         0.000,         0.000,         0.000,
    13.408,     1.000,     1.468,    23.769,    -0.086,   -24.824,     0.000,     0.450,     1.068,   419.330,     1.000,    23.770,     0.000,     0.000,     0.000,     0.000,     0.000,     0.000,     0.000,        35.000,         0.010,     0.248,     0.001,     0.020,     0.112,         1.000,         1.000,         1.000,         1.000,         1.000,         1.000,         1.000,         1.000,         1.000,         0.000,         0.000,         0.000,
    13.413,     1.000,     1.499,    23.785,    -0.071,   -22.187,     0.000,     0.450,     1.099,   419.330,     1.000,    23.785,     0.000,     0.000,     0.000,     0.000,     0.000,     0.000,     0.000,        35.000,         0.010,     0.248,     0.001,     0.020,     0.112,         1.000,         1.000,         1.000,         1.000,         1.000,         1.000,         1.000,         1.000,         1.000,         0.000,         0.000,         0.000,
    13.417,     1.000,     1.528,    23.793,    -0.061,   -20.765,     0.000,     0.450,     1.128,   419.330,     1.000,    23.793,     0.000,     0.000,     0.000,     0.000,     0.000,     0.000,     0.000,        35.000,         0.010,     0.248,     0.001,     0.020,     0.112,         1.000,         1.000,         1.000,         1.000,         1.000,         1.000,         1.000,         1.000,         1.000,         0.000,         0.000,         0.000,
    13.421,     1.000,     1.556,    23.798,    -0.058,   -21.172,     0.000,     0.450,     1.156,   419.330,     1.000,    23.798,     0.000,     0.000,     0.000,     0.000,     0.000,     0.000,     0.000,        35.000,         0.010,     0.248,     0.001,     0.020,     0.112,         1.000,         1.000,         1.000,         1.000,         1.000,         1.000,         1.000,         1.000,         1.000,         0.000,         0.000,         0.000,
    13.425,     1.000,     1.583,    23.799,    -0.052,   -20.220,     0.000,     0.450,     1.183,   419.330,     1.000,    23.799,     0.000,     0.000,     0.000,     0.000,     0.000,     0.000,     0.000,        35.000,         0.010,     0.248,     0.001,     0.020,     0.112,         1.000,         1.000,         1.000,         1.000,         1.000,         1.000,         1.000,         1.000,         1.000,         0.000,         0.000,         0.000,
    13.429,     1.000,     1.608,    23.800,    -0.054,   -19.442,     0.000,     0.450,     1.208,   419.330,     1.000,    23.800,     0.000,     0.000,     0.000,     0.000,     0.000,     0.000,     0.000,        35.000,         0.010,     0.062,     0.000,     0.005,     0.028,         1.000,         1.000,         1.000,         1.000,         1.000,         1.000,         1.000,         1.000,         1.000,         0.000,         0.000,         0.000,
    13.433,     1.000,     1.632,    23.800,    -0.044,   -17.253,     0.000,     0.450,     1.232,   419.330,     1.000,    23.800,     0.000,     0.000,     0.000,     0.000,     0.000,     0.000,     0.000,        35.000,         0.010,     0.062,     0.000,     0.005,     0.028,         1.000,         1.000,         1.000,         1.000,         1.000,         1.000,         1.000,         1.000,         1.000,         0.000,         0.000,         0.000,
    13.438,     1.000,     1.652,    23.800,    -0.030,   -12.769,     0.000,     0.450,     1.252,   419.330,     1.000,    23.800,     0.000,     0.000,     0.000,     0.000,     0.000,     0.000,     0.000,        35.000,         0.010,     0.062,     0.000,     0.005,     0.028,         1.000,         1.000,         1.000,         1.000,         1.000,         1.000,         1.000,         1.000,         1.000,         0.000,         0.000,         0.000,
    13.442,     1.000,     1.664,    23.800,    -0.003,    -2.962,     0.000,     0.450,     1.264,   419.330,     1.000,    23.800,     0.000,     0.000,     0.000,     0.000,     0.000,     0.000,     0.000,        35.000,         0.010,     0.062,     0.000,     0.005,     0.028,         1.000,         1.000,         1.000,         1.000,         1.000,         1.000,         1.000,         1.000,         1.000,         0.000,         0.000,         0.000,
    13.446,     1.000,     1.666,    23.799,     0.009,     1.914,     0.000,     0.450,     1.266,   419.330,     1.000,    23.800,     0.000,     0.000,     0.000,     0.000,     0.000,     0.000,     0.000,        35.000,         0.010,     0.062,     0.000,     0.005,     0.028,         1.000,         1.000,         1.000,         1.000,         1.000,         1.000,         1.000,         1.000,         1.000,         0.000,         0.000,         0.000,
    13.450,     1.000,     1.668,    23.799,    -0.011,    -4.868,     0.000,     0.450,     1.268,   419.330,     1.000,    23.800,     0.000,     0.000,     0.000,     0.000,     0.000,     0.000,     0.000,        35.000,         0.010,     0.062,     0.000,     0.005,     0.028,         1.000,         1.000,         1.000,         1.000,         1.000,         1.000,         1.000,         1.000,         1.000,         0.000,         0.000,         0.000,
    13.454,     1.000,     1.678,    23.800,    -0.024,    -9.269,     0.000,     0.450,     1.278,   419.330,     1.000,    23.800,     0.000,     0.000,     0.000,     0.000,     0.000,     0.000,     0.000,        35.000,         0.010,     0.062,     0.000,     0.005,     0.028,         1.000,         1.000,         1.000,         1.000,         1.000,         1.000,         1.000,         1.000,         1.000,         0.000,         0.000,         0.000,
    13.458,     1.000,     1.689,    23.800,    -0.016,    -6.862,     0.000,     0.450,     1.289,   419.330,     1.000,    23.800,     0.000,     0.000,     0.000,     0.000,     0.000,     0.000,     0.000,        35.000,         0.010,     0.062,     0.000,     0.005,     0.028,         1.000,         1.000,         1.000,         1.000,         1.000,         1.000,         1.000,         1.000,         1.000,         0.000,         0.000,         0.000,
    13.463,     1.000,     1.691,    23.799,     0.024,     7.574,     0.000,     0.450,     1.291,   419.330,     1.000,    23.800,     0.000,     0.000,     0.000,     0.000,     0.000,     0.000,     0.000,        35.000,         0.010,     0.062,     0.000,     0.005,     0.028,         1.000,         1.000,         1.000,         1.000,         1.000,         1.000,         1.000,         1.000,         1.000,         0.000,         0.000,         0.000,
    13.467,     1.000,     1.674,    23.799,     0.047,    17.534,     0.000,     0.450,     1.274,   419.330,     1.000,    23.799,     0.000,     0.000,     0.000,     0.000,     0.000,     0.000,     0.000,        35.000,         0.010,     0.062,     0.000,     0.005,     0.028,         1.000,         1.000,         1.000,         1.000,         1.000,         1.000,         1.000,         1.000,         1.000,         0.000,         0.000,         0.000,
    13.471,     1.000,     1.653,    23.798,     0.035,    15.359,     0.000,     0.450,     1.253,   419.330,     1.000,    23.799,     0.000,     0.000,     0.000,     0.000,     0.000,     0.000,     0.000,        35.000,         0.010,     0.062,     0.000,     0.005,     0.028,         1.000,         1.000,         1.000,         1.000,         1.000,         1.000,         1.000,         1.000,         1.000,         0.000,         0.000,         0.000,
    13.475,     1.000,     1.636,    23.798,     0.028,    13.018,     0.000,     0.450,     1.236,   419.330,     1.000,    23.799,     0.000,     0.000,     0.000,     0.000,     0.000,     0.000,     0.000,        35.000,         0.010,     0.062,     0.000,     0.005,     0.028,         1.000,         1.000,         1.000,         1.000,         1.000,         1.000,         1.000,         1.000,         1.000,         0.000,         0.000,         0.000,
    13.479,     1.000,     1.620,    23.798,     0.029,    12.549,     0.000,     0.450,     1.220,   419.330,     1.000,    23.799,     0.000,     0.000,     0.000,     0.000,     0.000,     0.000,     0.000,        35.000,         0.010,     0.062,     0.000,     0.005,     0.028,         1.000,         1.000,         1.000,         1.000,         1.000,         1.000,         1.000,         1.000,         1.000,         0.000,         0.000,         0.000,
    13.483,     1.000,     1.603,    23.798,     0.039,    15.186,     0.000,     0.450,     1.203,   419.330,     1.000,    23.798,     0.000,     0.000,     0.000,     0.000,     0.000,     0.000,     0.000,        35.000,         0.010,     0.062,     0.000,     0.005,     0.028,         1.000,         1.000,         1.000,         1.000,         1.000,         1.000,         1.000,         1.000,         1.000,         0.000,         0.000,         0.000,
    13.488,     1.000,     1.583,    23.797,     0.034,    16.019,     0.000,     0.450,     1.183,   419.330,     1.000,    23.798,     0.000,     0.000,     0.000,     0.000,     0.000,     0.000,     0.000,        35.000,         0.010,     0.249,     0.001,     0.020,     0.112,         1.000,         1.000,         1.000,         1.000,         1.000,         1.000,         1.000,         1.000,         1.000,         0.000,         0.000,         0.000,
    13.492,     1.000,     1.563,    23.795,     0.037,    16.056,     0.000,     0.450,     1.163,   419.330,     1.000,    23.796,     0.000,     0.000,     0.000,     0.000,     0.000,     0.000,     0.000,        35.000,         0.010,     0.249,     0.001,     0.020,     0.112,         1.000,         1.000,         1.000,         1.000,         1.000,         1.000,         1.000,         1.000,         1.000,         0.000,         0.000,         0.000,
    13.496,     1.000,     1.543,    23.791,     0.035,    14.751,     0.000,     0.450,     1.143,   419.330,     1.000,    23.794,     0.000,     0.000,     0.000,     0.000,     0.000,     0.000,     0.000,        35.000,         0.010,     0.249,     0.001,     0.020,     0.112,         1.000,         1.000,         1.000,         1.000,         1.000,         1.000,         1.000,         1.000,         1.000,         0.000,         0.000,         0.000,
    13.500,     1.000,     1.523,    23.786,     0.035,    14.107,     0.000,     0.450,     1.123,   419.330,     1.000,    23.789,     0.000,     0.000,     0.000,     0.000,     0.000,     0.000,     0.000,        35.000,         0.010,     0.249,     0.001,     0.020,     0.112,         1.000,         1.000,         1.000,         1.000,         1.000,         1.000,         1.000,         1.000,         1.000,         0.000,         0.000,         0.000,
    13.504,     1.000,     1.505,    23.780,     0.035,    13.431,     0.000,     0.450,     1.105,   419.330,     1.000,    23.783,     0.000,     0.000,     0.000,     0.000,     0.000,     0.000,     0.000,        35.000,         0.010,     0.249,     0.001,     0.020,     0.112,         1.000,         1.000,         1.000,         1.000,         1.000,         1.000,         1.000,         1.000,         1.000,         0.000,         0.000,         0.000,
    13.509,     1.000,     1.487,    23.771,     0.040,    13.002,     0.000,     0.450,     1.087,   419.330,     1.000,    23.774,     0.000,     0.000,     0.000,     0.000,     0.000,     0.000,     0.000,        35.000,         0.010,     0.249,     0.001,     0.020,     0.112,         1.000,         1.000,         1.000,         1.000,         1.000,         1.000,         1.000,         1.000,         1.000,         0.000,         0.000,         0.000,
    13.513,     1.000,     1.470,    23.760,     0.041,    12.325,     0.000,     0.450,     1.070,   419.330,     1.000,    23.764,     0.000,     0.000,     0.000,     0.000,     0.000,     0.000,     0.000,        35.000,         0.010,     0.249,     0.001,     0.020,     0.112,         1.000,         1.000,         1.000,         1.000,         1.000,         1.000,         1.000,         1.000,         1.000,         0.000,         0.000,         0.000,
    13.517,     1.000,     1.453,    23.749,     0.040,    11.547,     0.000,     0.450,     1.053,   419.330,     1.000,    23.753,     0.000,     0.000,     0.000,     0.000,     0.000,     0.000,     0.000,        34.999,         0.010,     0.249,     0.001,     0.020,     0.112,         1.000,         1.000,         1.000,         1.000,         1.000,         1.000,         1.000,         1.000,         1.000,         0.000,         0.000,         0.000,
    13.521,     1.000,     1.438,    23.738,     0.040,    10.820,     0.000,     0.450,     1.038,   419.330,     1.000,    23.742,     0.000,     0.000,     0.000,     0.000,     0.000,     0.000,     0.000,        34.998,         0.010,     0.249,     0.001,     0.020,     0.112,         1.000,         1.000,         1.000,         1.000,         1.000,         1.000,         1.000,         1.000,         1.000,         0.000,         0.000,         0.000,
    13.525,     1.000,     1.424,    23.728,     0.039,    10.189,     0.000,     0.450,     1.024,   419.330,     1.000,    23.732,     0.000,     0.000,     0.000,     0.000,     0.000,     0.000,     0.000,        34.996,         0.010,     0.249,     0.001,     0.020,     0.112,         1.000,         1.000,         1.000,         1.000,         1.000,         1.000,         1.000,         1.000,         1.000,         0.000,         0.000,         0.000,
    13.529,     1.000,     1.410,    23.719,     0.040,     9.694,     0.000,     0.450,     1.010,   419.330,     1.000,    23.722,     0.000,     0.000,     0.000,     0.000,     0.000,     0.000,     0.000,        34.995,         0.010,     0.249,     0.001,     0.020,     0.112,         1.000,         1.000,         1.000,         1.000,         1.000,         1.000,         1.000,         1.000,         1.000,         0.000,         0.000,         0.000,
    13.867,     1.000,     1.418,    23.641,    -0.118,   -28.556,     0.000,     0.450,     1.018,   419.330,     1.000,    23.649,     0.000,     0.000,     0.000,     0.000,     0.000,     0.000,     0.000,        35.000,         0.010,     0.250,     0.001,     0.020,     0.112,         1.000,         1.000,         1.000,         1.000,         1.000,         1.000,         1.000,         1.000,         1.000,         0.000,         0.000,         0.000,
    13.871,     1.000,     1.456,    23.601,    -0.106,   -29.224,     0.000,     0.450,     1.056,   419.330,     1.000,    23.602,     0.000,     0.000,     0.000,     0.000,     0.000,     0.000,     0.000,        35.000,         0.010,     0.250,     0.001,     0.020,     0.112,         1.000,         1.000,         1.000,         1.000,         1.000,         1.000,         1.000,         1.000,         1.000,         0.000,         0.000,         0.000,
    13.875,     1.000,     1.495,    23.599,    -0.096,   -29.878,     0.000,     0.450,     1.095,   419.330,     1.000,    23.599,     0.000,     0.000,     0.000,     0.000,     0.000,     0.000,     0.000,        35.000,         0.010,     0.250,     0.001,     0.020,     0.112,         1.000,         1.000,         1.000,         1.000,         1.000,         1.000,         1.000,         1.000,         1.000,         0.000,         0.000,         0.000,
    13.880,     1.000,     1.534,    23.524,    -0.085,   -29.446,     0.000,     0.450,     1.134,   419.330,     1.000,    23.529,     0.000,     0.000,     0.000,     0.000,     0.000,     0.000,     0.000,        35.000,         0.010,     0.250,     0.001,     0.020,     0.112,         1.000,         1.000,         1.000,         1.000,         1.000,         1.000,         1.000,         1.000,         1.000,         0.000,         0.000,         0.000,
    13.884,     1.000,     1.575,    23.597,    -0.082,   -31.413,     0.000,     0.450,     1.175,   419.330,     1.000,    23.604,     0.000,     0.000,     0.000,     0.000,     0.000,     0.000,     0.000,        35.000,         0.010,     0.250,     0.001,     0.020,     0.112,         1.000,         1.000,         1.000,         1.000,         1.000,         1.000,         1.000,         1.000,         1.000,         0.000,         0.000,         0.000,
    13.888,     1.000,     1.616,    23.836,    -0.089,   -30.854,     0.000,     0.450,     1.216,   419.330,     1.000,    23.850,     0.000,     0.000,     0.000,     0.000,     0.000,     0.000,     0.000,        35.000,         0.010,     0.062,     0.000,     0.005,     0.028,         1.000,         1.000,         1.000,         1.000,         1.000,         1.000,         1.000,         1.000,         1.000,         0.000,         0.000,         0.000,
    13.892,     1.000,     1.654,    24.014,    -0.069,   -25.834,     0.000,     0.450,     1.254,   419.330,     1.000,    24.023,     0.000,     0.000,     0.000,     0.000,     0.000,     0.000,     0.000,        35.000,         0.010,     0.062,     0.000,     0.005,     0.028,         1.000,         1.000,         1.000,         1.000,         1.000,         1.000,         1.000,         1.000,         1.000,         0.000,         0.000,         0.000,
    13.896,     1.000,     1.687,    24.073,    -0.063,   -24.777,     0.000,     0.450,     1.287,   419.330,     1.000,    24.076,     0.000,     0.000,     0.000,     0.000,     0.000,     0.000,     0.000,        35.000,         0.010,     0.062,     0.000,     0.005,     0.028,         1.000,         1.000,         1.000,         1.000,         1.000,         1.000,         1.000,         1.000,         1.000,         0.000,         0.000,         0.000,
    13.900,     1.000,     1.719,    24.075,    -0.056,   -24.521,     0.000,     0.450,     1.319,   419.330,     1.000,    24.078,     0.000,     0.000,     0.000,     0.000,     0.000,     0.000,     0.000,        35.000,         0.010,     0.062,     0.000,     0.005,     0.028,         1.000,         1.000,         1.000,         1.000,         1.000,         1.000,         1.000,         1.000,         1.000,         0.000,         0.000,         0.000,
    13.905,     1.000,     1.752,    24.011,    -0.050,   -23.918,     0.000,     0.450,     1.352,   419.330,     1.000,    24.017,     0.000,     0.000,     0.000,     0.000,     0.000,     0.000,     0.000,        35.000,         0.010,     0.062,     0.000,     0.005,     0.028,         1.000,         1.000,         1.000,         1.000,         1.000,         1.000,         1.000,         1.000,         1.000,         0.000,         0.000,         0.000,
    13.909,     1.000,     1.783,    24.000,    -0.048,   -24.821,     0.000,     0.450,     1.383,   419.330,     1.000,    24.002,     0.000,     0.000,     0.000,     0.000,     0.000,     0.000,     0.000,        35.000,         0.010,     0.062,     0.000,     0.005,     0.028,         1.000,         1.000,         1.000,         1.000,         1.000,         1.000,         1.000,         1.000,         1.000,         0.000,         0.000,         0.000,
    13.913,     1.000,     1.812,    23.998,    -0.031,   -16.571,     0.000,     0.450,     1.412,   419.330,     1.000,    23.998,     0.000,     0.000,     0.000,     0.000,     0.000,     0.000,     0.000,        35.000,         0.010,     0.062,     0.000,     0.005,     0.028,         1.000,         1.000,         1.000,         1.000,         1.000,         1.000,         1.000,         1.000,         1.000,         0.000,         0.000,         0.000,
    13.917,     1.000,     1.832,    23.954,    -0.026,   -13.510,     0.000,     0.450,     1.432,   419.330,     1.000,    23.954,     0.000,     0.000,     0.000,     0.000,     0.000,     0.000,     0.000,        35.000,         0.010,     0.062,     0.000,     0.005,     0.028,         1.000,         1.000,         1.000,         1.000,         1.000,         1.000,         1.000,         1.000,         1.000,         0.000,         0.000,         0.000,
    13.921,     1.000,     1.850,    23.923,    -0.025,   -13.110,     0.000,     0.450,     1.450,   419.330,     1.000,    23.923,     0.000,     0.000,     0.000,     0.000,     0.000,     0.000,     0.000,        35.000,         0.010,     0.062,     0.000,     0.005,     0.028,         1.000,         1.000,         1.000,         1.000,         1.000,         1.000,         1.000,         1.000,         1.000,         0.000,         0.000,         0.000,
    13.925,     1.000,     1.866,    23.912,    -0.013,    -7.898,     0.000,     0.450,     1.466,   419.330,     1.000,    23.912,     0.000,     0.000,     0.000,     0.000,     0.000,     0.000,     0.000,        35.000,         0.010,     0.062,     0.000,     0.005,     0.028,         1.000,         1.000,         1.000,         1.000,         1.000,         1.000,         1.000,         1.000,         1.000,         0.000,         0.000,         0.000,
    13.930,     1.000,     1.877,    23.908,    -0.015,    -8.565,     0.000,     0.450,     1.477,   419.330,     1.000,    23.908,     0.000,     0.000,     0.000,     0.000,     0.000,     0.000,     0.000,        35.000,         0.010,     0.062,     0.000,     0.005,     0.028,         1.000,         1.000,         1.000,         1.000,         1.000,         1.000,         1.000,         1.000,         1.000,         0.000,         0.000,         0.000,
    13.934,     1.000,     1.887,    23.907,    -0.003,    -2.992,     0.000,     0.450,     1.487,   419.330,     1.000,    23.907,     0.000,     0.000,     0.000,     0.000,     0.000,     0.000,     0.000,        35.000,         0.010,     0.062,     0.000,     0.005,     0.028,         1.000,         1.000,         1.000,         1.000,         1.000,         1.000,         1.000,         1.000,         1.000,         0.000,         0.000,         0.000,
    13.938,     1.000,     1.889,    23.909,     0.008,     3.049,     0.000,     0.450,     1.489,   419.330,     1.000,    23.910,     0.000,     0.000,     0.000,     0.000,     0.000,     0.000,     0.000,        35.000,         0.010,     0.062,     0.000,     0.005,     0.028,         1.000,         1.000,         1.000,         1.000,         1.000,         1.000,         1.000,         1.000,         1.000,         0.000,         0.000,         0.000,
    13.942,     1.000,     1.881,    23.914,     0.016,     7.600,     0.000,     0.450,     1.481,   419.330,     1.000,    23.924,     0.000,     0.000,     0.000,     0.000,     0.000,     0.000,     0.000,        35.000,         0.010,     0.062,     0.000,     0.005,     0.028,         1.000,         1.000,         1.000,         1.000,         1.000,         1.000,         1.000,         1.000,         1.000,         0.000,         0.000,         0.000,
    13.946,     1.000,     1.868,    23.923,     0.018,    10.291,     0.000,     0.450,     1.468,   419.330,     1.000,    23.938,     0.000,     0.000,     0.000,     0.000,     0.000,     0.000,     0.000,        35.000,         0.010,     0.062,     0.000,     0.005,     0.028,         1.000,         1.000,         1.000,         1.000,         1.000,         1.000,         1.000,         1.000,         1.000,         0.000,         0.000,         0.000,
    13.951,     1.000,     1.853,    23.930,     0.018,    11.291,     0.000,     0.450,     1.453,   419.330,     1.000,    23.947,     0.000,     0.000,     0.000,     0.000,     0.000,     0.000,     0.000,        35.000,         0.010,     0.062,     0.000,     0.005,     0.028,         1.000,         1.000,         1.000,         1.000,         1.000,         1.000,         1.000,         1.000,         1.000,         0.000,         0.000,         0.000,
    13.955,     1.000,     1.834,    23.940,     0.027,    16.873,     0.000,     0.450,     1.434,   419.330,     1.000,    23.957,     0.000,     0.000,     0.000,     0.000,     0.000,     0.000,     0.000,        35.000,         0.010,     0.062,     0.000,     0.005,     0.028,         1.000,         1.000,         1.000,         1.000,         1.000,         1.000,         1.000,         1.000,         1.000,         0.000,         0.000,         0.000,
    13.959,     1.000,     1.812,    23.948,     0.028,    17.724,     0.000,     0.450,     1.412,   419.330,     1.000,    23.967,     0.000,     0.000,     0.000,     0.000,     0.000,     0.000,     0.000,        35.000,         0.010,     0.062,     0.000,     0.005,     0.028,         1.000,         1.000,         1.000,         1.000,         1.000,         1.000,         1.000,         1.000,         1.000,         0.000,         0.000,         0.000,
    13.963,     1.000,     1.791,    23.939,     0.024,    16.391,     0.000,     0.450,     1.391,   419.330,     1.000,    23.975,     0.000,     0.000,     0.000,     0.000,     0.000,     0.000,     0.000,        35.000,         0.010,     0.062,     0.000,     0.005,     0.028,         1.000,         1.000,         1.000,         1.000,         1.000,         1.000,         1.000,         1.000,         1.000,         0.000,         0.000,         0.000,
    13.967,     1.000,     1.771,    23.933,     0.021,    14.774,     0.000,     0.450,     1.371,   419.330,     1.000,    23.981,     0.000,     0.000,     0.000,     0.000,     0.000,     0.000,     0.000,        35.000,         0.010,     0.062,     0.000,     0.005,     0.028,         1.000,         1.000,         1.000,         1.000,         1.000,         1.000,         1.000,         1.000,         1.000,         0.000,         0.000,         0.000,
    13.971,     1.000,     1.753,    23.922,     0.025,    15.772,     0.000,     0.450,     1.353,   419.330,     1.000,    23.985,     0.000,     0.000,     0.000,     0.000,     0.000,     0.000,     0.000,        35.000,         0.010,     0.062,     0.000,     0.005,     0.028,         1.000,         1.000,         1.000,         1.000,         1.000,         1.000,         1.000,         1.000,         1.000,         0.000,         0.000,         0.000,
    13.976,     1.000,     1.731,    23.870,     0.034,    18.218,     0.000,     0.450,     1.331,   419.330,     1.000,    23.984,     0.000,     0.000,     0.000,     0.000,     0.000,     0.000,     0.000,        35.000,         0.010,     0.062,     0.000,     0.005,     0.028,         1.000,         1.000,         1.000,         1.000,         1.000,         1.000,         1.000,         1.000,         1.000,         0.000,         0.000,         0.000,
    13.980,     1.000,     1.709,    23.797,     0.032,    16.829,     0.000,     0.450,     1.309,   419.330,     1.000,    23.976,     0.000,     0.000,     0.000,     0.000,     0.000,     0.000,     0.000,        35.000,         0.010,     0.062,     0.000,     0.005,     0.028,         1.000,         1.000,         1.000,         1.000,         1.000,         1.000,         1.000,         1.000,         1.000,         0.000,         0.000,         0.000,
    13.984,     1.000,     1.688,    23.742,     0.033,    16.483,     0.000,     0.450,     1.288,   419.330,     1.000,    23.961,     0.000,     0.000,     0.000,     0.000,     0.000,     0.000,     0.000,        35.000,         0.010,     0.062,     0.000,     0.005,     0.028,         1.000,         1.000,         1.000,         1.000,         1.000,         1.000,         1.000,         1.000,         1.000,         0.000,         0.000,         0.000,
    13.988,     1.000,     1.667,    23.698,     0.035,    16.015,     0.000,     0.450,     1.267,   419.330,     1.000,    23.937,     0.000,     0.000,     0.000,     0.000,     0.000,     0.000,     0.000,        35.000,         0.010,     0.062,     0.000,     0.005,     0.028,         1.000,         1.000,         1.000,         1.000,         1.000,         1.000,         1.000,         1.000,         1.000,         0.000,         0.000,         0.000,
    13.992,     1.000,     1.646,    23.668,     0.040,    16.537,     0.000,     0.450,     1.246,   419.330,     1.000,    23.904,     0.000,     0.000,     0.000,     0.000,     0.000,     0.000,     0.000,        35.000,         0.010,     0.062,     0.000,     0.005,     0.028,         1.000,         1.000,         1.000,         1.000,         1.000,         1.000,         1.000,         1.000,         1.000,         0.000,         0.000,         0.000,
    13.996,     1.000,     1.624,    23.650,     0.046,    17.747,     0.000,     0.450,     1.224,   419.330,     1.000,    23.874,     0.000,     0.000,     0.000,     0.000,     0.000,     0.000,     0.000,        35.000,         0.010,     0.062,     0.000,     0.005,     0.028,         1.000,         1.000,         1.000,         1.000,         1.000,         1.000,         1.000,         1.000,         1.000,         0.000,         0.000,         0.000,
    14.001,     1.000,     1.601,    23.639,     0.051,    17.883,     0.000,     0.450,     1.201,   419.330,     1.000,    23.828,     0.000,     0.000,     0.000,     0.000,     0.000,     0.000,     0.000,        35.000,         0.010,     0.062,     0.000,     0.005,     0.028,         1.000,         1.000,         1.000,         1.000,         1.000,         1.000,         1.000,         1.000,         1.000,         0.000,         0.000,         0.000,
    14.005,     1.000,     1.578,    23.627,     0.042,    16.920,     0.000,     0.450,     1.178,   419.330,     1.000,    23.777,     0.000,     0.000,     0.000,     0.000,     0.000,     0.000,     0.000,        35.000,         0.010,     0.251,     0.001,     0.020,     0.113,         1.000,         1.000,         1.000,         1.000,         1.000,         1.000,         1.000,         1.000,         1.000,         0.000,         0.000,         0.000,
    14.009,     1.000,     1.557,    23.623,     0.043,    15.980,     0.000,     0.450,     1.157,   419.330,     1.000,    23.730,     0.000,     0.000,     0.000,     0.000,     0.000,     0.000,     0.000,        34.999,         0.010,     0.251,     0.001,     0.020,     0.113,         1.000,         1.000,         1.000,         1.000,         1.000,         1.000,         1.000,         1.000,         1.000,         0.000,         0.000,         0.000,
    14.013,     1.000,     1.536,    23.621,     0.044,    15.480,     0.000,     0.450,     1.136,   419.330,     1.000,    23.691,     0.000,     0.000,     0.000,     0.000,     0.000,     0.000,     0.000,        34.999,         0.010,     0.251,     0.001,     0.020,     0.113,         1.000,         1.000,         1.000,         1.000,         1.000,         1.000,         1.000,         1.000,         1.000,         0.000,         0.000,         0.000,
    14.017,     1.000,     1.516,    23.618,     0.045,    14.753,     0.000,     0.450,     1.116,   419.330,     1.000,    23.661,     0.000,     0.000,     0.000,     0.000,     0.000,     0.000,     0.000,        34.998,         0.010,     0.251,     0.001,     0.020,     0.113,         1.000,         1.000,         1.000,         1.000,         1.000,         1.000,         1.000,         1.000,         1.000,         0.000,         0.000,         0.000,
    14.021,     1.000,     1.497,    23.616,     0.046,    13.792,     0.000,     0.450,     1.097,   419.330,     1.000,    23.641,     0.000,     0.000,     0.000,     0.000,     0.000,     0.000,     0.000,        34.996,         0.010,     0.251,     0.001,     0.020,     0.113,         1.000,         1.000,         1.000,         1.000,         1.000,         1.000,         1.000,         1.000,         1.000,         0.000,         0.000,         0.000,
    14.026,     1.000,     1.479,    23.614,     0.046,    13.042,     0.000,     0.450,     1.079,   419.330,     1.000,    23.628,     0.000,     0.000,     0.000,     0.000,     0.000,     0.000,     0.000,        34.993,         0.010,     0.251,     0.001,     0.020,     0.113,         1.000,         1.000,         1.000,         1.000,         1.000,         1.000,         1.000,         1.000,         1.000,         0.000,         0.000,         0.000,
    14.030,     1.000,     1.462,    23.611,     0.045,    12.314,     0.000,     0.450,     1.062,   419.330,     1.000,    23.620,     0.000,     0.000,     0.000,     0.000,     0.000,     0.000,     0.000,        34.990,         0.010,     0.251,     0.001,     0.020,     0.113,         1.000,         1.000,         1.000,         1.000,         1.000,         1.000,         1.000,         1.000,         1.000,         0.000,         0.000,         0.000,
    14.034,     1.000,     1.445,    23.609,     0.044,    11.498,     0.000,     0.450,     1.045,   419.330,     1.000,    23.615,     0.000,     0.000,     0.000,     0.000,     0.000,     0.000,     0.000,        34.987,         0.010,     0.251,     0.001,     0.020,     0.113,         1.000,         1.000,         1.000,         1.000,         1.000,         1.000,         1.000,         1.000,         1.000,         0.000,         0.000,         0.000,
    14.038,     1.000,     1.430,    23.607,     0.043,    10.731,     0.000,     0.450,     1.030,   419.330,     1.000,    23.612,     0.000,     0.000,     0.000,     0.000,     0.000,     0.000,     0.000,        34.984,         0.010,     0.251,     0.001,     0.020,     0.113,         1.000,         1.000,         1.000,         1.000,         1.000,         1.000,         1.000,         1.000,         1.000,         0.000,         0.000,         0.000,
    14.042,     1.000,     1.416,    23.605,     0.042,    10.065,     0.000,     0.450,     1.016,   419.330,     1.000,    23.609,     0.000,     0.000,     0.000,     0.000,     0.000,     0.000,     0.000,        34.981,         0.010,     0.251,     0.001,     0.020,     0.113,         1.000,         1.000,         1.000,         1.000,         1.000,         1.000,         1.000,         1.000,         1.000,         0.000,         0.000,         0.000,
    14.046,     1.000,     1.403,    23.604,     0.041,     9.345,     0.000,     0.450,     1.003,   419.330,     1.000,    23.607,     0.000,     0.000,     0.000,     0.000,     0.000,     0.000,     0.000,        34.979,         0.010,     0.251,     0.001,     0.020,     0.113,         1.000,         1.000,         1.000,         1.000,         1.000,         1.000,         1.000,         1.000,         1.000,         0.000,         0.000,         0.000,
    14.413,     1.000,     1.416,    23.750,    -0.133,   -31.929,     0.000,     0.450,     1.016,   419.330,     1.000,    23.750,     0.000,     0.000,     0.000,     0.000,     0.000,     0.000,     0.000,        35.000,         0.010,     0.251,     0.001,     0.020,     0.113,         1.000,         1.000,         1.000,         1.000,         1.000,         1.000,         1.000,         1.000,         1.000,         0.000,         0.000,         0.000,
    14.418,     1.000,     1.455,    23.815,    -0.109,   -30.134,     0.000,     0.450,     1.055,   419.330,     1.000,    23.816,     0.000,     0.000,     0.000,     0.000,     0.000,     0.000,     0.000,        35.000,         0.010,     0.251,     0.001,     0.020,     0.113,         1.000,         1.000,         1.000,         1.000,         1.000,         1.000,         1.000,         1.000,         1.000,         0.000,         0.000,         0.000,
    14.422,     1.000,     1.492,    23.880,    -0.088,   -27.270,     0.000,     0.450,     1.092,   419.330,     1.000,    23.881,     0.000,     0.000,     0.000,     0.000,     0.000,     0.000,     0.000,        35.000,         0.010,     0.251,     0.001,     0.020,     0.113,         1.000,         1.000,         1.000,         1.000,         1.000,         1.000,         1.000,         1.000,         1.000,         0.000,         0.000,         0.000,
    14.426,     1.000,     1.526,    23.890,    -0.073,   -24.696,     0.000,     0.450,     1.126,   419.330,     1.000,    23.891,     0.000,     0.000,     0.000,     0.000,     0.000,     0.000,     0.000,        35.000,         0.010,     0.251,     0.001,     0.020,     0.113,         1.000,         1.000,         1.000,         1.000,         1.000,         1.000,         1.000,         1.000,         1.000,         0.000,         0.000,         0.000,
    14.430,     1.000,     1.560,    23.894,    -0.071,   -25.942,     0.000,     0.450,     1.160,   419.330,     1.000,    23.894,     0.000,     0.000,     0.000,     0.000,     0.000,     0.000,     0.000,        35.000,         0.010,     0.252,     0.001,     0.020,     0.113,         1.000,         1.000,         1.000,         1.000,         1.000,         1.000,         1.000,         1.000,         1.000,         0.000,         0.000,         0.000,
    14.434,     1.000,     1.594,    23.897,    -0.065,   -25.712,     0.000,     0.450,     1.194,   419.330,     1.000,    23.897,     0.000,     0.000,     0.000,     0.000,     0.000,     0.000,     0.000,        35.000,         0.010,     0.252,     0.001,     0.020,     0.113,         1.000,         1.000,         1.000,         1.000,         1.000,         1.000,         1.000,         1.000,         1.000,         0.000,         0.000,         0.000,
    14.438,     1.000,     1.625,    23.899,    -0.056,   -20.908,     0.000,     0.450,     1.225,   419.330,     1.000,    23.899,     0.000,     0.000,     0.000,     0.000,     0.000,     0.000,     0.000,        35.000,         0.010,     0.061,     0.000,     0.005,     0.028,         1.000,         1.000,         1.000,         1.000,         1.000,         1.000,         1.000,         1.000,         1.000,         0.000,         0.000,         0.000,
    14.443,     1.000,     1.650,    23.900,    -0.042,   -17.282,     0.000,     0.450,     1.250,   419.330,     1.000,    23.900,     0.000,     0.000,     0.000,     0.000,     0.000,     0.000,     0.000,        35.000,         0.010,     0.061,     0.000,     0.005,     0.028,         1.000,         1.000,         1.000,         1.000,         1.000,         1.000,         1.000,         1.000,         1.000,         0.000,         0.000,         0.000,
    14.447,     1.000,     1.672,    23.900,    -0.036,   -15.539,     0.000,     0.450,     1.272,   419.330,     1.000,    23.900,     0.000,     0.000,     0.000,     0.000,     0.000,     0.000,     0.000,        35.000,         0.010,     0.061,     0.000,     0.005,     0.028,         1.000,         1.000,         1.000,         1.000,         1.000,         1.000,         1.000,         1.000,         1.000,         0.000,         0.000,         0.000,
    14.451,     1.000,     1.695,    23.900,    -0.042,   -18.457,     0.000,     0.450,     1.295,   419.330,     1.000,    23.900,     0.000,     0.000,     0.000,     0.000,     0.000,     0.000,     0.000,        35.000,         0.010,     0.061,     0.000,     0.005,     0.028,         1.000,         1.000,         1.000,         1.000,         1.000,         1.000,         1.000,         1.000,         1.000,         0.000,         0.000,         0.000,
    14.455,     1.000,     1.722,    23.900,    -0.047,   -21.474,     0.000,     0.450,     1.322,   419.330,     1.000,    23.900,     0.000,     0.000,     0.000,     0.000,     0.000,     0.000,     0.000,        35.000,         0.010,     0.061,     0.000,     0.005,     0.028,         1.000,         1.000,         1.000,         1.000,         1.000,         1.000,         1.000,         1.000,         1.000,         0.000,         0.000,         0.000,
    14.459,     1.000,     1.748,    23.900,    -0.034,   -17.250,     0.000,     0.450,     1.348,   419.330,     1.000,    23.900,     0.000,     0.000,     0.000,     0.000,     0.000,     0.000,     0.000,        35.000,         0.010,     0.061,     0.000,     0.005,     0.028,         1.000,         1.000,         1.000,         1.000,         1.000,         1.000,         1.000,         1.000,         1.000,         0.000,         0.000,         0.000,
    14.463,     1.000,     1.765,    23.900,    -0.018,    -9.850,     0.000,     0.450,     1.365,   419.330,     1.000,    23.900,     0.000,     0.000,     0.000,     0.000,     0.000,     0.000,     0.000,        35.000,         0.010,     0.061,     0.000,     0.005,     0.028,         1.000,         1.000,         1.000,         1.000,         1.000,         1.000,         1.000,         1.000,         1.000,         0.000,         0.000,         0.000,
    14.468,     1.000,     1.773,    23.900,    -0.000,    -1.952,     0.000,     0.450,     1.373,   419.330,     1.000,    23.900,     0.000,     0.000,     0.000,     0.000,     0.000,     0.000,     0.000,        35.000,         0.010,     0.061,     0.000,     0.005,     0.028,         1.000,         1.000,         1.000,         1.000,         1.000,         1.000,         1.000,         1.000,         1.000,         0.000,         0.000,         0.000,
    14.472,     1.000,     1.774,    23.900,     0.005,     0.916,     0.000,     0.450,     1.374,   419.330,     1.000,    23.900,     0.000,     0.000,     0.000,     0.000,     0.000,     0.000,     0.000,        35.000,         0.010,     0.061,     0.000,     0.005,     0.028,         1.000,         1.000,         1.000,         1.000,         1.000,         1.000,         1.000,         1.000,         1.000,         0.000,         0.000,         0.000,
    14.476,     1.000,     1.776,    23.900,    -0.005,    -2.793,     0.000,     0.450,     1.376,   419.330,     1.000,    23.900,     0.000,     0.000,     0.000,     0.000,     0.000,     0.000,     0.000,        35.000,         0.010,     0.061,     0.000,     0.005,     0.028,         1.000,         1.000,         1.000,         1.000,         1.000,         1.000,         1.000,         1.000,         1.000,         0.000,         0.000,         0.000,
    14.480,     1.000,     1.776,    23.900,     0.018,     6.819,     0.000,     0.450,     1.376,   419.330,     1.000,    23.900,     0.000,     0.000,     0.000,     0.000,     0.000,     0.000,     0.000,        35.000,         0.010,     0.061,     0.000,     0.005,     0.028,         1.000,         1.000,         1.000,         1.000,         1.000,         1.000,         1.000,         1.000,         1.000,         0.000,         0.000,         0.000,
    14.484,     1.000,     1.764,    23.899,     0.034,    13.828,     0.000,     0.450,     1.364,   419.330,     1.000,    23.900,     0.000,     0.000,     0.000,     0.000,     0.000,     0.000,     0.000,        35.000,         0.010,     0.061,     0.000,     0.005,     0.028,         1.000,         1.000,         1.000,         1.000,         1.000,         1.000,         1.000,         1.000,         1.000,         0.000,         0.000,         0.000,
    14.488,     1.000,     1.745,    23.899,     0.029,    13.747,     0.000,     0.450,     1.345,   419.330,     1.000,    23.900,     0.000,     0.000,     0.000,     0.000,     0.000,     0.000,     0.000,        35.000,         0.010,     0.061,     0.000,     0.005,     0.028,         1.000,         1.000,         1.000,         1.000,         1.000,         1.000,         1.000,         1.000,         1.000,         0.000,         0.000,         0.000,
    14.493,     1.000,     1.728,    23.899,     0.024,    12.551,     0.000,     0.450,     1.328,   419.330,     1.000,    23.899,     0.000,     0.000,     0.000,     0.000,     0.000,     0.000,     0.000,        35.000,         0.010,     0.061,     0.000,     0.005,     0.028,         1.000,         1.000,         1.000,         1.000,         1.000,         1.000,         1.000,         1.000,         1.000,         0.000,         0.000,         0.000,
    14.497,     1.000,     1.714,    23.899,     0.017,     9.928,     0.000,     0.450,     1.314,   419.330,     1.000,    23.899,     0.000,     0.000,     0.000,     0.000,     0.000,     0.000,     0.000,        35.000,         0.010,     0.061,     0.000,     0.005,     0.028,         1.000,         1.000,         1.000,         1.000,         1.000,         1.000,         1.000,         1.000,         1.000,         0.000,         0.000,         0.000,
    14.501,     1.000,     1.701,    23.899,     0.019,     9.735,     0.000,     0.450,     1.301,   419.330,     1.000,    23.899,     0.000,     0.000,     0.000,     0.000,     0.000,     0.000,     0.000,        35.000,         0.010,     0.061,     0.000,     0.005,     0.028,         1.000,         1.000,         1.000,         1.000,         1.000,         1.000,         1.000,         1.000,         1.000,         0.000,         0.000,         0.000,
    14.505,     1.000,     1.685,    23.899,     0.029,    13.073,     0.000,     0.450,     1.285,   419.330,     1.000,    23.899,     0.000,     0.000,     0.000,     0.000,     0.000,     0.000,     0.000,        35.000,         0.010,     0.061,     0.000,     0.005,     0.028,         1.000,         1.000,         1.000,         1.000,         1.000,         1.000,         1.000,         1.000,         1.000,         0.000,         0.000,         0.000,
    14.509,     1.000,     1.665,    23.897,     0.038,    16.835,     0.000,     0.450,     1.265,   419.330,     1.000,    23.899,     0.000,     0.000,     0.000,     0.000,     0.000,     0.000,     0.000,        35.000,         0.010,     0.061,     0.000,     0.005,     0.028,         1.000,         1.000,         1.000,         1.000,         1.000,         1.000,         1.000,         1.000,         1.000,         0.000,         0.000,         0.000,
    14.513,     1.000,     1.643,    23.893,     0.036,    16.295,     0.000,     0.450,     1.243,   419.330,     1.000,    23.898,     0.000,     0.000,     0.000,     0.000,     0.000,     0.000,     0.000,        35.000,         0.010,     0.061,     0.000,     0.005,     0.028,         1.000,         1.000,         1.000,         1.000,         1.000,         1.000,         1.000,         1.000,         1.000,         0.000,         0.000,         0.000,
    14.518,     1.000,     1.622,    23.886,     0.035,    15.307,     0.000,     0.450,     1.222,   419.330,     1.000,    23.897,     0.000,     0.000,     0.000,     0.000,     0.000,     0.000,     0.000,        35.000,         0.010,     0.061,     0.000,     0.005,     0.028,         1.000,         1.000,         1.000,         1.000,         1.000,         1.000,         1.000,         1.000,         1.000,         0.000,         0.000,         0.000,
    14.522,     1.000,     1.603,    23.874,     0.035,    14.675,     0.000,     0.450,     1.203,   419.330,     1.000,    23.895,     0.000,     0.000,     0.000,     0.000,     0.000,     0.000,     0.000,        35.000,         0.010,     0.061,     0.000,     0.005,     0.028,         1.000,         1.000,         1.000,         1.000,         1.000,         1.000,         1.000,         1.000,         1.000,         0.000,         0.000,         0.000,
    14.526,     1.000,     1.584,    23.853,     0.026,    13.717,     0.000,     0.450,     1.184,   419.330,     1.000,    23.893,     0.000,     0.000,     0.000,     0.000,     0.000,     0.000,     0.000,        35.000,         0.010,     0.252,     0.001,     0.020,     0.113,         1.000,         1.000,         1.000,         1.000,         1.000,         1.000,         1.000,         1.000,         1.000,         0.000,         0.000,         0.000,
    14.530,     1.000,     1.566,    23.825,     0.030,    14.136,     0.000,     0.450,     1.166,   419.330,     1.000,    23.891,     0.000,     0.000,     0.000,     0.000,     0.000,     0.000,     0.000,        35.000,         0.010,     0.252,     0.001,     0.020,     0.113,         1.000,         1.000,         1.000,         1.000,         1.000,         1.000,         1.000,         1.000,         1.000,         0.000,         0.000,         0.000,
    14.534,     1.000,     1.547,    23.788,     0.034,    15.003,     0.000,     0.450,     1.147,   419.330,     1.000,    23.887,     0.000,     0.000,     0.000,     0.000,     0.000,     0.000,     0.000,        35.000,         0.010,     0.252,     0.001,     0.020,     0.113,         1.000,         1.000,         1.000,         1.000,         1.000,         1.000,         1.000,         1.000,         1.000,         0.000,         0.000,         0.000,
    14.538,     1.000,     1.526,    23.752,     0.038,    15.356,     0.000,     0.450,     1.126,   419.330,     1.000,    23.879,     0.000,     0.000,     0.000,     0.000,     0.000,     0.000,     0.000,        34.999,         0.010,     0.252,     0.001,     0.020,     0.114,         1.000,         1.000,         1.000,         1.000,         1.000,         1.000,         1.000,         1.000,         1.000,         0.000,         0.000,         0.000,
    14.543,     1.000,     1.507,    23.725,     0.037,    14.199,     0.000,     0.450,     1.107,   419.330,     1.000,    23.867,     0.000,     0.000,     0.000,     0.000,     0.000,     0.000,     0.000,        34.998,         0.010,     0.252,     0.001,     0.020,     0.114,         1.000,         1.000,         1.000,         1.000,         1.000,         1.000,         1.000,         1.000,         1.000,         0.000,         0.000,         0.000,
    14.547,     1.000,     1.488,    23.705,     0.037,    13.197,     0.000,     0.450,     1.088,   419.330,     1.000,    23.850,     0.000,     0.000,     0.000,     0.000,     0.000,     0.000,     0.000,        34.995,         0.010,     0.252,     0.001,     0.020,     0.114,         1.000,         1.000,         1.000,         1.000,         1.000,         1.000,         1.000,         1.000,         1.000,         0.000,         0.000,         0.000,
    14.551,     1.000,     1.471,    23.691,     0.038,    12.105,     0.000,     0.450,     1.071,   419.330,     1.000,    23.826,     0.000,     0.000,     0.000,     0.000,     0.000,     0.000,     0.000,        34.992,         0.010,     0.252,     0.001,     0.020,     0.114,         1.000,         1.000,         1.000,         1.000,         1.000,         1.000,         1.000,         1.000,         1.000,         0.000,         0.000,         0.000,
    14.555,     1.000,     1.455,    23.674,     0.039,    11.629,     0.000,     0.450,     1.055,   419.330,     1.000,    23.798,     0.000,     0.000,     0.000,     0.000,     0.000,     0.000,     0.000,        34.988,         0.010,     0.252,     0.001,     0.020,     0.114,         1.000,         1.000,         1.000,         1.000,         1.000,         1.000,         1.000,         1.000,         1.000,         0.000,         0.000,         0.000,
    14.559,     1.000,     1.440,    23.658,     0.040,    11.153,     0.000,     0.450,     1.040,   419.330,     1.000,    23.766,     0.000,     0.000,     0.000,     0.000,     0.000,     0.000,     0.000,        34.983,         0.010,     0.252,     0.001,     0.020,     0.114,         1.000,         1.000,         1.000,         1.000,         1.000,         1.000,         1.000,         1.000,         1.000,         0.000,         0.000,         0.000,
    14.564,     1.000,     1.425,    23.642,     0.041,    10.476,     0.000,     0.450,     1.025,   419.330,     1.000,    23.732,     0.000,     0.000,     0.000,     0.000,     0.000,     0.000,     0.000,        34.978,         0.010,     0.252,     0.001,     0.020,     0.114,         1.000,         1.000,         1.000,         1.000,         1.000,         1.000,         1.000,         1.000,         1.000,         0.000,         0.000,         0.000,
    14.568,     1.000,     1.411,    23.630,     0.041,     9.844,     0.000,     0.450,     1.011,   419.330,     1.000,    23.699,     0.000,     0.000,     0.000,     0.000,     0.000,     0.000,     0.000,        34.975,         0.010,     0.252,     0.001,     0.020,     0.114,         1.000,         1.000,         1.000,         1.000,         1.000,         1.000,         1.000,         1.000,         1.000,         0.000,         0.000,         0.000,
    14.935,     1.000,     1.414,    24.175,    -0.062,   -14.965,     0.000,     0.450,     1.014,   419.330,     1.000,    24.184,     0.000,     0.000,     0.000,     0.000,     0.000,     0.000,     0.000,        35.000,         0.010,     0.253,     0.001,     0.020,     0.114,         1.000,         1.000,         1.000,         1.000,         1.000,         1.000,         1.000,         1.000,         1.000,         0.000,         0.000,         0.000,
    14.939,     1.000,     1.431,    24.114,    -0.046,   -11.685,     0.000,     0.450,     1.031,   419.330,     1.000,    24.124,     0.000,     0.000,     0.000,     0.000,     0.000,     0.000,     0.000,        35.000,         0.010,     0.253,     0.001,     0.020,     0.114,         1.000,         1.000,         1.000,         1.000,         1.000,         1.000,         1.000,         1.000,         1.000,         0.000,         0.000,         0.000,
    14.943,     1.000,     1.447,    24.106,    -0.044,   -11.787,     0.000,     0.450,     1.047,   419.330,     1.000,    24.108,     0.000,     0.000,     0.000,     0.000,     0.000,     0.000,     0.000,        35.000,         0.010,     0.253,     0.001,     0.020,     0.114,         1.000,         1.000,         1.000,         1.000,         1.000,         1.000,         1.000,         1.000,         1.000,         0.000,         0.000,         0.000,
    14.947,     1.000,     1.465,    24.108,    -0.054,   -15.308,     0.000,     0.450,     1.065,   419.330,     1.000,    24.108,     0.000,     0.000,     0.000,     0.000,     0.000,     0.000,     0.000,        35.000,         0.010,     0.253,     0.001,     0.020,     0.114,         1.000,         1.000,         1.000,         1.000,         1.000,         1.000,         1.000,         1.000,         1.000,         0.000,         0.000,         0.000,
    14.951,     1.000,     1.488,    24.104,    -0.057,   -17.247,     0.000,     0.450,     1.088,   419.330,     1.000,    24.105,     0.000,     0.000,     0.000,     0.000,     0.000,     0.000,     0.000,        35.000,         0.010,     0.253,     0.001,     0.020,     0.114,         1.000,         1.000,         1.000,         1.000,         1.000,         1.000,         1.000,         1.000,         1.000,         0.000,         0.000,         0.000,
    14.955,     1.000,     1.510,    24.101,    -0.050,   -16.116,     0.000,     0.450,     1.110,   419.330,     1.000,    24.101,     0.000,     0.000,     0.000,     0.000,     0.000,     0.000,     0.000,        35.000,         0.010,     0.253,     0.001,     0.020,     0.114,         1.000,         1.000,         1.000,         1.000,         1.000,         1.000,         1.000,         1.000,         1.000,         0.000,         0.000,         0.000,
    14.960,     1.000,     1.530,    24.136,    -0.039,   -13.562,     0.000,     0.450,     1.130,   419.330,     1.000,    24.139,     0.000,     0.000,     0.000,     0.000,     0.000,     0.000,     0.000,        35.000,         0.010,     0.253,     0.001,     0.020,     0.114,         1.000,         1.000,         1.000,         1.000,         1.000,         1.000,         1.000,         1.000,         1.000,         0.000,         0.000,         0.000,
    14.964,     1.000,     1.546,    24.176,    -0.029,   -10.695,     0.000,     0.450,     1.146,   419.330,     1.000,    24.179,     0.000,     0.000,     0.000,     0.000,     0.000,     0.000,     0.000,        35.000,         0.010,     0.253,     0.001,     0.020,     0.114,         1.000,         1.000,         1.000,         1.000,         1.000,         1.000,         1.000,         1.000,         1.000,         0.000,         0.000,         0.000,
    14.968,     1.000,     1.558,    24.187,    -0.023,    -8.390,     0.000,     0.450,     1.158,   419.330,     1.000,    24.188,     0.000,     0.000,     0.000,     0.000,     0.000,     0.000,     0.000,        35.000,         0.010,     0.253,     0.001,     0.020,     0.114,         1.000,         1.000,         1.000,         1.000,         1.000,         1.000,         1.000,         1.000,         1.000,         0.000,         0.000,         0.000,
    14.972,     1.000,     1.566,    24.193,    -0.009,    -4.038,     0.000,     0.450,     1.166,   419.330,     1.000,    24.195,     0.000,     0.000,     0.000,     0.000,     0.000,     0.000,     0.000,        35.000,         0.010,     0.254,     0.001,     0.020,     0.114,         1.000,         1.000,         1.000,         1.000,         1.000,         1.000,         1.000,         1.000,         1.000,         0.000,         0.000,         0.000,
    14.976,     1.000,     1.570,    24.199,    -0.004,    -2.657,     0.000,     0.450,     1.170,   419.330,     1.000,    24.205,     0.000,     0.000,     0.000,     0.000,     0.000,     0.000,     0.000,        35.000,         0.010,     0.254,     0.001,     0.020,     0.114,         1.000,         1.000,         1.000,         1.000,         1.000,         1.000,         1.000,         1.000,         1.000,         0.000,         0.000,         0.000,
    14.981,     1.000,     1.574,    24.214,    -0.007,    -4.007,     0.000,     0.450,     1.174,   419.330,     1.000,    24.222,     0.000,     0.000,     0.000,     0.000,     0.000,     0.000,     0.000,        35.000,         0.010,     0.254,     0.001,     0.020,     0.114,         1.000,         1.000,         1.000,         1.000,         1.000,         1.000,         1.000,         1.000,         1.000,         0.000,         0.000,         0.000,
    14.985,     1.000,     1.582,    24.237,    -0.016,    -7.439,     0.000,     0.450,     1.182,   419.330,     1.000,    24.248,     0.000,     0.000,     0.000,     0.000,     0.000,     0.000,     0.000,        35.000,         0.010,     0.254,     0.001,     0.020,     0.114,         1.000,         1.000,         1.000,         1.000,         1.000,         1.000,         1.000,         1.000,         1.000,         0.000,         0.000,         0.000,
    14.989,     1.000,     1.592,    24.253,    -0.015,    -7.471,     0.000,     0.450,     1.192,   419.330,     1.000,    24.264,     0.000,     0.000,     0.000,     0.000,     0.000,     0.000,     0.000,        35.000,         0.010,     0.254,     0.001,     0.020,     0.114,         1.000,         1.000,         1.000,         1.000,         1.000,         1.000,         1.000,         1.000,         1.000,         0.000,         0.000,         0.000,
    14.993,     1.000,     1.594,    24.212,     0.025,     6.533,     0.000,     0.450,     1.194,   419.330,     1.000,    24.255,     0.000,     0.000,     0.000,     0.000,     0.000,     0.000,     0.000,        35.000,         0.010,     0.254,     0.001,     0.020,     0.114,         1.000,         1.000,         1.000,         1.000,         1.000,         1.000,         1.000,         1.000,         1.000,         0.000,         0.000,         0.000,
    14.997,     1.000,     1.578,    24.164,     0.036,    14.236,     0.000,     0.450,     1.178,   419.330,     1.000,    24.217,     0.000,     0.000,     0.000,     0.000,     0.000,     0.000,     0.000,        35.000,         0.010,     0.254,     0.001,     0.020,     0.114,         1.000,         1.000,         1.000,         1.000,         1.000,         1.000,         1.000,         1.000,         1.000,         0.000,         0.000,         0.000,
    15.001,     1.000,     1.559,    24.154,     0.031,    12.770,     0.000,     0.450,     1.159,   419.330,     1.000,    24.195,     0.000,     0.000,     0.000,     0.000,     0.000,     0.000,     0.000,        35.000,         0.010,     0.254,     0.001,     0.020,     0.114,         1.000,         1.000,         1.000,         1.000,         1.000,         1.000,         1.000,         1.000,         1.000,         0.000,         0.000,         0.000,
    15.006,     1.000,     1.544,    24.148,     0.025,    10.027,     0.000,     0.450,     1.144,   419.330,     1.000,    24.178,     0.000,     0.000,     0.000,     0.000,     0.000,     0.000,     0.000,        35.000,         0.010,     0.254,     0.001,     0.020,     0.114,         1.000,         1.000,         1.000,         1.000,         1.000,         1.000,         1.000,         1.000,         1.000,         0.000,         0.000,         0.000,
    15.010,     1.000,     1.532,    24.143,     0.024,     9.145,     0.000,     0.450,     1.132,   419.330,     1.000,    24.164,     0.000,     0.000,     0.000,     0.000,     0.000,     0.000,     0.000,        35.000,         0.010,     0.254,     0.001,     0.020,     0.114,         1.000,         1.000,         1.000,         1.000,         1.000,         1.000,         1.000,         1.000,         1.000,         0.000,         0.000,         0.000,
    15.014,     1.000,     1.519,    24.138,     0.027,     9.790,     0.000,     0.450,     1.119,   419.330,     1.000,    24.153,     0.000,     0.000,     0.000,     0.000,     0.000,     0.000,     0.000,        35.000,         0.010,     0.254,     0.001,     0.020,     0.114,         1.000,         1.000,         1.000,         1.000,         1.000,         1.000,         1.000,         1.000,         1.000,         0.000,         0.000,         0.000,
    15.018,     1.000,     1.506,    24.134,     0.027,     9.445,     0.000,     0.450,     1.106,   419.330,     1.000,    24.144,     0.000,     0.000,     0.000,     0.000,     0.000,     0.000,     0.000,        35.000,         0.010,     0.254,     0.001,     0.020,     0.114,         1.000,         1.000,         1.000,         1.000,         1.000,         1.000,         1.000,         1.000,         1.000,         0.000,         0.000,         0.000,
    15.022,     1.000,     1.493,    24.130,     0.029,     9.770,     0.000,     0.450,     1.093,   419.330,     1.000,    24.137,     0.000,     0.000,     0.000,     0.000,     0.000,     0.000,     0.000,        35.000,         0.010,     0.254,     0.001,     0.020,     0.114,         1.000,         1.000,         1.000,         1.000,         1.000,         1.000,         1.000,         1.000,         1.000,         0.000,         0.000,         0.000,
    15.026,     1.000,     1.479,    24.127,     0.036,    11.653,     0.000,     0.450,     1.079,   419.330,     1.000,    24.132,     0.000,     0.000,     0.000,     0.000,     0.000,     0.000,     0.000,        35.000,         0.010,     0.254,     0.001,     0.020,     0.114,         1.000,         1.000,         1.000,         1.000,         1.000,         1.000,         1.000,         1.000,         1.000,         0.000,         0.000,         0.000,
    15.031,     1.000,     1.462,    24.127,     0.040,    12.394,     0.000,     0.450,     1.062,   419.330,     1.000,    24.132,     0.000,     0.000,     0.000,     0.000,     0.000,     0.000,     0.000,        35.000,         0.010,     0.254,     0.001,     0.020,     0.114,         1.000,         1.000,         1.000,         1.000,         1.000,         1.000,         1.000,         1.000,         1.000,         0.000,         0.000,         0.000,
    15.035,     1.000,     1.446,    24.133,     0.041,    11.468,     0.000,     0.450,     1.046,   419.330,     1.000,    24.137,     0.000,     0.000,     0.000,     0.000,     0.000,     0.000,     0.000,        35.000,         0.010,     0.254,     0.001,     0.020,     0.114,         1.000,         1.000,         1.000,         1.000,         1.000,         1.000,         1.000,         1.000,         1.000,         0.000,         0.000,         0.000,
    15.039,     1.000,     1.431,    24.140,     0.039,    10.389,     0.000,     0.450,     1.031,   419.330,     1.000,    24.144,     0.000,     0.000,     0.000,     0.000,     0.000,     0.000,     0.000,        35.000,         0.010,     0.254,     0.001,     0.020,     0.114,         1.000,         1.000,         1.000,         1.000,         1.000,         1.000,         1.000,         1.000,         1.000,         0.000,         0.000,         0.000,
    15.043,     1.000,     1.418,    24.150,     0.037,     9.613,     0.000,     0.450,     1.018,   419.330,     1.000,    24.155,     0.000,     0.000,     0.000,     0.000,     0.000,     0.000,     0.000,        35.000,         0.010,     0.254,     0.001,     0.020,     0.114,         1.000,         1.000,         1.000,         1.000,         1.000,         1.000,         1.000,         1.000,         1.000,         0.000,         0.000,         0.000,
    15.047,     1.000,     1.405,    24.163,     0.036,     8.976,     0.000,     0.450,     1.005,   419.330,     1.000,    24.169,     0.000,     0.000,     0.000,     0.000,     0.000,     0.000,     0.000,        34.999,         0.010,     0.254,     0.001,     0.020,     0.114,         1.000,         1.000,         1.000,         1.000,         1.000,         1.000,         1.000,         1.000,         1.000,         0.000,         0.000,         0.000,
    15.431,     1.000,     1.402,    24.000,    -0.120,   -27.816,     0.000,     0.450,     1.002,   419.330,     1.000,    24.000,     0.000,     0.000,     0.000,     0.000,     0.000,     0.000,     0.000,        35.000,         0.010,     0.255,     0.001,     0.020,     0.115,         1.000,         1.000,         1.000,         1.000,         1.000,         1.000,         1.000,         1.000,         1.000,         0.000,         0.000,         0.000,
    15.435,     1.000,     1.439,    24.000,    -0.106,   -27.690,     0.000,     0.450,     1.039,   419.330,     1.000,    24.000,     0.000,     0.000,     0.000,     0.000,     0.000,     0.000,     0.000,        35.000,         0.010,     0.255,     0.001,     0.020,     0.115,         1.000,         1.000,         1.000,         1.000,         1.000,         1.000,         1.000,         1.000,         1.000,         0.000,         0.000,         0.000,
    15.439,     1.000,     1.477,    24.000,    -0.096,   -28.376,     0.000,     0.450,     1.077,   419.330,     1.000,    24.000,     0.000,     0.000,     0.000,     0.000,     0.000,     0.000,     0.000,        35.000,         0.010,     0.255,     0.001,     0.020,     0.115,         1.000,         1.000,         1.000,         1.000,         1.000,         1.000,         1.000,         1.000,         1.000,         0.000,         0.000,         0.000,
    15.443,     1.000,     1.515,    24.000,    -0.088,   -28.860,     0.000,     0.450,     1.115,   419.330,     1.000,    24.000,     0.000,     0.000,     0.000,     0.000,     0.000,     0.000,     0.000,        35.000,         0.010,     0.255,     0.001,     0.020,     0.115,         1.000,         1.000,         1.000,         1.000,         1.000,         1.000,         1.000,         1.000,         1.000,         0.000,         0.000,         0.000,
    15.448,     1.000,     1.554,    24.000,    -0.076,   -27.488,     0.000,     0.450,     1.154,   419.330,     1.000,    24.000,     0.000,     0.000,     0.000,     0.000,     0.000,     0.000,     0.000,        35.000,         0.010,     0.255,     0.001,     0.020,     0.115,         1.000,         1.000,         1.000,         1.000,         1.000,         1.000,         1.000,         1.000,         1.000,         0.000,         0.000,         0.000,
    15.452,     1.000,     1.590,    24.000,    -0.065,   -25.647,     0.000,     0.450,     1.190,   419.330,     1.000,    24.000,     0.000,     0.000,     0.000,     0.000,     0.000,     0.000,     0.000,        35.000,         0.010,     0.255,     0.001,     0.020,     0.115,         1.000,         1.000,         1.000,         1.000,         1.000,         1.000,         1.000,         1.000,         1.000,         0.000,         0.000,         0.000,
    15.456,     1.000,     1.618,    24.027,    -0.046,   -16.889,     0.000,     0.450,     1.218,   419.330,     1.000,    24.032,     0.000,     0.000,     0.000,     0.000,     0.000,     0.000,     0.000,        35.000,         0.010,     0.060,     0.000,     0.005,     0.027,         1.000,         1.000,         1.000,         1.000,         1.000,         1.000,         1.000,         1.000,         1.000,         0.000,         0.000,         0.000,
    15.460,     1.000,     1.636,    24.066,    -0.027,   -11.335,     0.000,     0.450,     1.236,   419.330,     1.000,    24.074,     0.000,     0.000,     0.000,     0.000,     0.000,     0.000,     0.000,        35.000,         0.010,     0.060,     0.000,     0.005,     0.027,         1.000,         1.000,         1.000,         1.000,         1.000,         1.000,         1.000,         1.000,         1.000,         0.000,         0.000,         0.000,
    15.464,     1.000,     1.654,    24.084,    -0.031,   -12.934,     0.000,     0.450,     1.254,   419.330,     1.000,    24.088,     0.000,     0.000,     0.000,     0.000,     0.000,     0.000,     0.000,        35.000,         0.010,     0.060,     0.000,     0.005,     0.027,         1.000,         1.000,         1.000,         1.000,         1.000,         1.000,         1.000,         1.000,         1.000,         0.000,         0.000,         0.000,
    15.468,     1.000,     1.679,    24.092,    -0.036,   -15.846,     0.000,     0.450,     1.279,   419.330,     1.000,    24.093,     0.000,     0.000,     0.000,     0.000,     0.000,     0.000,     0.000,        35.000,         0.010,     0.060,     0.000,     0.005,     0.027,         1.000,         1.000,         1.000,         1.000,         1.000,         1.000,         1.000,         1.000,         1.000,         0.000,         0.000,         0.000,
    15.473,     1.000,     1.709,    24.095,    -0.051,   -23.207,     0.000,     0.450,     1.309,   419.330,     1.000,    24.096,     0.000,     0.000,     0.000,     0.000,     0.000,     0.000,     0.000,        35.000,         0.010,     0.060,     0.000,     0.005,     0.027,         1.000,         1.000,         1.000,         1.000,         1.000,         1.000,         1.000,         1.000,         1.000,         0.000,         0.000,         0.000,
    15.477,     1.000,     1.744,    24.098,    -0.050,   -24.496,     0.000,     0.450,     1.344,   419.330,     1.000,    24.098,     0.000,     0.000,     0.000,     0.000,     0.000,     0.000,     0.000,        35.000,         0.010,     0.060,     0.000,     0.005,     0.027,         1.000,         1.000,         1.000,         1.000,         1.000,         1.000,         1.000,         1.000,         1.000,         0.000,         0.000,         0.000,
    15.481,     1.119,     1.771,    24.099,    -0.026,   -14.420,     0.000,     0.450,     1.371,   419.330,     1.000,    24.099,     0.000,     0.000,     0.000,     0.000,     0.000,     0.000,     0.000,        35.000,         0.010,     0.060,     0.000,     0.005,     0.027,         1.000,         1.000,         1.000,         1.000,         1.000,         1.000,         1.000,         1.000,         1.000,         0.000,         0.000,         0.000,
    15.485,     1.539,     1.783,    24.099,    -0.010,    -6.474,     0.000,     0.450,     1.383,   419.330,     1.000,    24.099,     0.000,     0.000,     0.000,     0.000,     0.000,     0.000,     0.000,        35.000,         0.010,     0.060,     0.000,     0.005,     0.027,         1.000,         1.000,         1.000,         1.000,         1.000,         1.000,         1.000,         1.000,         1.000,         0.000,         0.000,         0.000,
    15.489,     2.000,     1.793,    24.098,    -0.015,    -7.824,     0.000,     0.450,     1.393,   419.330,     1.000,    24.099,     0.000,     0.000,     0.000,     0.000,     0.000,     0.000,     0.000,        35.000,         0.010,     0.060,     0.000,     0.005,     0.027,         1.000,         1.000,         1.000,         1.000,         1.000,         1.000,         1.000,         1.000,         1.000,         0.000,         0.000,         0.000,
    15.493,     2.000,     1.803,    24.099,    -0.018,    -9.143,     0.000,     0.450,     1.403,   419.330,     1.000,    24.099,     0.000,     0.000,     0.000,     0.000,     0.000,     0.000,     0.000,        35.000,         0.010,     0.060,     0.000,     0.005,     0.027,         1.000,         1.000,         1.000,         1.000,         1.000,         1.000,         1.000,         1.000,         1.000,         0.000,         0.000,         0.000,
    15.498,     2.000,     1.813,    24.099,    -0.012,    -6.414,     0.000,     0.450,     1.413,   419.330,     1.000,    24.099,     0.000,     0.000,     0.000,     0.000,     0.000,     0.000,     0.000,        35.000,         0.010,     0.060,     0.000,     0.005,     0.027,         1.000,         1.000,         1.000,         1.000,         1.000,         1.000,         1.000,         1.000,         1.000,         0.000,         0.000,         0.000,
    15.502,     2.000,     1.812,    24.098,     0.017,     6.357,     0.000,     0.450,     1.412,   419.330,     1.000,    24.099,     0.000,     0.000,     0.000,     0.000,     0.000,     0.000,     0.000,        35.000,         0.010,     0.060,     0.000,     0.005,     0.027,         1.000,         1.000,         1.000,         1.000,         1.000,         1.000,         1.000,         1.000,         1.000,         0.000,         0.000,         0.000,
    15.506,     2.000,     1.797,    24.089,     0.027,    11.937,     0.000,     0.450,     1.397,   419.330,     1.000,    24.096,     0.000,     0.000,     0.000,     0.000,     0.000,     0.000,     0.000,        35.000,         0.010,     0.060,     0.000,     0.005,     0.027,         1.000,         1.000,         1.000,         1.000,         1.000,         1.000,         1.000,         1.000,         1.000,         0.000,         0.000,         0.000,
    15.510,     2.000,     1.780,    24.087,     0.016,     8.749,     0.000,     0.450,     1.380,   419.330,     1.000,    24.095,     0.000,     0.000,     0.000,     0.000,     0.000,     0.000,     0.000,        35.000,         0.010,     0.060,     0.000,     0.005,     0.027,         1.000,         1.000,         1.000,         1.000,         1.000,         1.000,         1.000,         1.000,         1.000,         0.000,         0.000,         0.000,
    15.514,     2.000,     1.764,    24.087,     0.014,     8.719,     0.000,     0.450,     1.364,   419.330,     1.000,    24.094,     0.000,     0.000,     0.000,     0.000,     0.000,     0.000,     0.000,        35.000,         0.010,     0.060,     0.000,     0.005,     0.027,         1.000,         1.000,         1.000,         1.000,         1.000,         1.000,         1.000,         1.000,         1.000,         0.000,         0.000,         0.000,
    15.518,     2.000,     1.748,    24.087,     0.019,    11.079,     0.000,     0.450,     1.348,   419.330,     1.000,    24.093,     0.000,     0.000,     0.000,     0.000,     0.000,     0.000,     0.000,        35.000,         0.010,     0.060,     0.000,     0.005,     0.027,         1.000,         1.000,         1.000,         1.000,         1.000,         1.000,         1.000,         1.000,         1.000,         0.000,         0.000,         0.000,
    15.523,     2.000,     1.731,    24.086,     0.023,    12.425,     0.000,     0.450,     1.331,   419.330,     1.000,    24.092,     0.000,     0.000,     0.000,     0.000,     0.000,     0.000,     0.000,        35.000,         0.010,     0.060,     0.000,     0.005,     0.027,         1.000,         1.000,         1.000,         1.000,         1.000,         1.000,         1.000,         1.000,         1.000,         0.000,         0.000,         0.000,
    15.527,     2.000,     1.719,    24.085,     0.010,     7.250,     0.000,     0.450,     1.319,   419.330,     1.000,    24.091,     0.000,     0.000,     0.000,     0.000,     0.000,     0.000,     0.000,        35.000,         0.010,     0.060,     0.000,     0.005,     0.027,         1.000,         1.000,         1.000,         1.000,         1.000,         1.000,         1.000,         1.000,         1.000,         0.000,         0.000,         0.000,
    15.531,     2.000,     1.711,    24.084,     0.007,     5.030,     0.000,     0.450,     1.311,   419.330,     1.000,    24.089,     0.000,     0.000,     0.000,     0.000,     0.000,     0.000,     0.000,        35.000,         0.010,     0.060,     0.000,     0.005,     0.027,         1.000,         1.000,         1.000,         1.000,         1.000,         1.000,         1.000,         1.000,         1.000,         0.000,         0.000,         0.000,
    15.535,     2.000,     1.699,    24.082,     0.017,     8.338,     0.000,     0.450,     1.299,   419.330,     1.000,    24.087,     0.000,     0.000,     0.000,     0.000,     0.000,     0.000,     0.000,        35.000,         0.010,     0.060,     0.000,     0.005,     0.027,         1.000,         1.000,         1.000,         1.000,         1.000,         1.000,         1.000,         1.000,         1.000,         0.000,         0.000,         0.000,
    15.539,     2.000,     1.682,    24.075,     0.024,    11.350,     0.000,     0.450,     1.282,   419.330,     1.000,    24.083,     0.000,     0.000,     0.000,     0.000,     0.000,     0.000,     0.000,        35.000,         0.010,     0.060,     0.000,     0.005,     0.027,         1.000,         1.000,         1.000,         1.000,         1.000,         1.000,         1.000,         1.000,         1.000,         0.000,         0.000,         0.000,
    15.543,     1.647,     1.662,    24.066,     0.031,    14.234,     0.000,     0.450,     1.262,   419.330,     1.000,    24.075,     0.000,     0.000,     0.000,     0.000,     0.000,     0.000,     0.000,        35.000,         0.010,     0.060,     0.000,     0.005,     0.027,         1.000,         1.000,         1.000,         1.000,         1.000,         1.000,         1.000,         1.000,         1.000,         0.000,         0.000,         0.000,
    15.548,     1.471,     1.641,    24.056,     0.033,    14.904,     0.000,     0.450,     1.241,   419.330,     1.000,    24.064,     0.000,     0.000,     0.000,     0.000,     0.000,     0.000,     0.000,        35.000,         0.010,     0.060,     0.000,     0.005,     0.027,         1.000,         1.000,         1.000,         1.000,         1.000,         1.000,         1.000,         1.000,         1.000,         0.000,         0.000,         0.000,
    15.552,     1.465,     1.620,    24.048,     0.033,    14.312,     0.000,     0.450,     1.220,   419.330,     1.000,    24.052,     0.000,     0.000,     0.000,     0.000,     0.000,     0.000,     0.000,        35.000,         0.010,     0.060,     0.000,     0.005,     0.027,         1.000,         1.000,         1.000,         1.000,         1.000,         1.000,         1.000,         1.000,         1.000,         0.000,         0.000,         0.000,
    15.556,     1.504,     1.600,    24.040,     0.026,    13.910,     0.000,     0.450,     1.200,   419.330,     1.000,    24.041,     0.000,     0.000,     0.000,     0.000,     0.000,     0.000,     0.000,        35.000,         0.010,     0.256,     0.001,     0.020,     0.115,         1.000,         1.000,         1.000,         1.000,         1.000,         1.000,         1.000,         1.000,         1.000,         0.000,         0.000,         0.000,
    15.560,     1.597,     1.581,    24.031,     0.029,    13.759,     0.000,     0.450,     1.181,   419.330,     1.000,    24.031,     0.000,     0.000,     0.000,     0.000,     0.000,     0.000,     0.000,        35.000,         0.010,     0.256,     0.001,     0.020,     0.115,         1.000,         1.000,         1.000,         1.000,         1.000,         1.000,         1.000,         1.000,         1.000,         0.000,         0.000,         0.000,
    15.564,     1.582,     1.563,    24.022,     0.028,    12.424,     0.000,     0.450,     1.163,   419.330,     1.000,    24.023,     0.000,     0.000,     0.000,     0.000,     0.000,     0.000,     0.000,        35.000,         0.010,     0.256,     0.001,     0.020,     0.115,         1.000,         1.000,         1.000,         1.000,         1.000,         1.000,         1.000,         1.000,         1.000,         0.000,         0.000,         0.000,
    15.568,     1.438,     1.545,    24.015,     0.032,    13.233,     0.000,     0.450,     1.145,   419.330,     1.000,    24.016,     0.000,     0.000,     0.000,     0.000,     0.000,     0.000,     0.000,        35.000,         0.010,     0.256,     0.001,     0.020,     0.115,         1.000,         1.000,         1.000,         1.000,         1.000,         1.000,         1.000,         1.000,         1.000,         0.000,         0.000,         0.000,
    15.573,     1.347,     1.526,    24.009,     0.037,    14.470,     0.000,     0.450,     1.126,   419.330,     1.000,    24.010,     0.000,     0.000,     0.000,     0.000,     0.000,     0.000,     0.000,        34.999,         0.010,     0.256,     0.001,     0.020,     0.115,         1.000,         1.000,         1.000,         1.000,         1.000,         1.000,         1.000,         1.000,         1.000,         0.000,         0.000,         0.000,
    15.577,     1.310,     1.506,    24.005,     0.040,    14.388,     0.000,     0.450,     1.106,   419.330,     1.000,    24.005,     0.000,     0.000,     0.000,     0.000,     0.000,     0.000,     0.000,        34.999,         0.010,     0.256,     0.001,     0.020,     0.115,         1.000,         1.000,         1.000,         1.000,         1.000,         1.000,         1.000,         1.000,         1.000,         0.000,         0.000,         0.000,
    15.581,     1.311,     1.487,    24.003,     0.044,    13.860,     0.000,     0.450,     1.087,   419.330,     1.000,    24.001,     0.000,     0.000,     0.000,     0.000,     0.000,     0.000,     0.000,        34.998,         0.010,     0.256,     0.001,     0.020,     0.115,         1.000,         1.000,         1.000,         1.000,         1.000,         1.000,         1.000,         1.000,         1.000,         0.000,         0.000,         0.000,
    15.585,     1.337,     1.469,    23.999,     0.042,    12.709,     0.000,     0.450,     1.069,   419.330,     1.000,    23.997,     0.000,     0.000,     0.000,     0.000,     0.000,     0.000,     0.000,        34.996,         0.010,     0.256,     0.001,     0.020,     0.115,         1.000,         1.000,         1.000,         1.000,         1.000,         1.000,         1.000,         1.000,         1.000,         0.000,         0.000,         0.000,
    15.589,     1.416,     1.453,    23.996,     0.041,    11.670,     0.000,     0.450,     1.053,   419.330,     1.000,    23.993,     0.000,     0.000,     0.000,     0.000,     0.000,     0.000,     0.000,        34.993,         0.010,     0.256,     0.001,     0.020,     0.115,         1.000,         1.000,         1.000,         1.000,         1.000,         1.000,         1.000,         1.000,         1.000,         0.000,         0.000,         0.000,
    15.593,     1.464,     1.438,    23.992,     0.039,    10.749,     0.000,     0.450,     1.038,   419.330,     1.000,    23.989,     0.000,     0.000,     0.000,     0.000,     0.000,     0.000,     0.000,        34.989,         0.010,     0.256,     0.001,     0.020,     0.115,         1.000,         1.000,         1.000,         1.000,         1.000,         1.000,         1.000,         1.000,         1.000,         0.000,         0.000,         0.000,
    15.598,     1.520,     1.423,    23.987,     0.038,    10.040,     0.000,     0.450,     1.023,   419.330,     1.000,    23.984,     0.000,     0.000,     0.000,     0.000,     0.000,     0.000,     0.000,        34.985,         0.010,     0.256,     0.001,     0.020,     0.115,         1.000,         1.000,         1.000,         1.000,         1.000,         1.000,         1.000,         1.000,         1.000,         0.000,         0.000,         0.000,
    15.602,     1.559,     1.410,    23.982,     0.039,     9.548,     0.000,     0.450,     1.010,   419.330,     1.000,    23.980,     0.000,     0.000,     0.000,     0.000,     0.000,     0.000,     0.000,        34.981,         0.010,     0.256,     0.001,     0.020,     0.115,         1.000,         1.000,         1.000,         1.000,         1.000,         1.000,         1.000,         1.000,         1.000,         0.000,         0.000,         0.000,
    16.469,     1.000,     1.429,    24.200,    -0.110,   -27.657,     0.000,     0.450,     1.029,   419.330,     1.000,    24.200,     0.000,     0.000,     0.000,     0.000,     0.000,     0.000,     0.000,        35.000,         0.010,     0.258,     0.001,     0.021,     0.116,         1.000,         1.000,         1.000,         1.000,         1.000,         1.000,         1.000,         1.000,         1.000,         0.000,         0.000,         0.000,
    16.473,     1.000,     1.464,    24.200,    -0.092,   -25.991,     0.000,     0.450,     1.064,   419.330,     1.000,    24.200,     0.000,     0.000,     0.000,     0.000,     0.000,     0.000,     0.000,        35.000,         0.010,     0.258,     0.001,     0.021,     0.116,         1.000,         1.000,         1.000,         1.000,         1.000,         1.000,         1.000,         1.000,         1.000,         0.000,         0.000,         0.000,
    16.478,     1.000,     1.496,    24.170,    -0.073,   -22.680,     0.000,     0.450,     1.096,   419.330,     1.000,    24.175,     0.000,     0.000,     0.000,     0.000,     0.000,     0.000,     0.000,        35.000,         0.010,     0.258,     0.001,     0.021,     0.116,         1.000,         1.000,         1.000,         1.000,         1.000,         1.000,         1.000,         1.000,         1.000,         0.000,         0.000,         0.000,
    16.482,     1.000,     1.522,    24.106,    -0.053,   -17.752,     0.000,     0.450,     1.122,   419.330,     1.000,    24.111,     0.000,     0.000,     0.000,     0.000,     0.000,     0.000,     0.000,        35.000,         0.010,     0.258,     0.001,     0.021,     0.116,         1.000,         1.000,         1.000,         1.000,         1.000,         1.000,         1.000,         1.000,         1.000,         0.000,         0.000,         0.000,
    16.486,     1.000,     1.544,    24.101,    -0.043,   -15.305,     0.000,     0.450,     1.144,   419.330,     1.000,    24.102,     0.000,     0.000,     0.000,     0.000,     0.000,     0.000,     0.000,        35.000,         0.010,     0.258,     0.001,     0.021,     0.116,         1.000,         1.000,         1.000,         1.000,         1.000,         1.000,         1.000,         1.000,         1.000,         0.000,         0.000,         0.000,
    16.490,     1.000,     1.564,    24.101,    -0.042,   -15.424,     0.000,     0.450,     1.164,   419.330,     1.000,    24.101,     0.000,     0.000,     0.000,     0.000,     0.000,     0.000,     0.000,        35.000,         0.010,     0.258,     0.001,     0.021,     0.116,         1.000,         1.000,         1.000,         1.000,         1.000,         1.000,         1.000,         1.000,         1.000,         0.000,         0.000,         0.000,
    16.494,     1.000,     1.587,    24.118,    -0.045,   -18.517,     0.000,     0.450,     1.187,   419.330,     1.000,    24.125,     0.000,     0.000,     0.000,     0.000,     0.000,     0.000,     0.000,        35.000,         0.010,     0.258,     0.001,     0.021,     0.116,         1.000,         1.000,         1.000,         1.000,         1.000,         1.000,         1.000,         1.000,         1.000,         0.000,         0.000,         0.000,
    16.498,     1.000,     1.613,    24.170,    -0.052,   -19.302,     0.000,     0.450,     1.213,   419.330,     1.000,    24.178,     0.000,     0.000,     0.000,     0.000,     0.000,     0.000,     0.000,        35.000,         0.010,     0.058,     0.000,     0.005,     0.026,         1.000,         1.000,         1.000,         1.000,         1.000,         1.000,         1.000,         1.000,         1.000,         0.000,         0.000,         0.000,
    16.503,     1.000,     1.637,    24.191,    -0.039,   -15.933,     0.000,     0.450,     1.237,   419.330,     1.000,    24.194,     0.000,     0.000,     0.000,     0.000,     0.000,     0.000,     0.000,        35.000,         0.010,     0.058,     0.000,     0.005,     0.026,         1.000,         1.000,         1.000,         1.000,         1.000,         1.000,         1.000,         1.000,         1.000,         0.000,         0.000,         0.000,
    16.507,     1.033,     1.656,    24.196,    -0.029,   -12.440,     0.000,     0.450,     1.256,   419.330,     1.000,    24.197,     0.000,     0.000,     0.000,     0.000,     0.000,     0.000,     0.000,        35.000,         0.010,     0.058,     0.000,     0.005,     0.026,         1.000,         1.000,         1.000,         1.000,         1.000,         1.000,         1.000,         1.000,         1.000,         0.000,         0.000,         0.000,
    16.511,     1.161,     1.674,    24.197,    -0.026,   -11.522,     0.000,     0.450,     1.274,   419.330,     1.000,    24.198,     0.000,     0.000,     0.000,     0.000,     0.000,     0.000,     0.000,        35.000,         0.010,     0.058,     0.000,     0.005,     0.026,         1.000,         1.000,         1.000,         1.000,         1.000,         1.000,         1.000,         1.000,         1.000,         0.000,         0.000,         0.000,
    16.515,     1.361,     1.688,    24.198,    -0.018,    -8.669,     0.000,     0.450,     1.288,   419.330,     1.000,    24.199,     0.000,     0.000,     0.000,     0.000,     0.000,     0.000,     0.000,        35.000,         0.010,     0.058,     0.000,     0.005,     0.026,         1.000,         1.000,         1.000,         1.000,         1.000,         1.000,         1.000,         1.000,         1.000,         0.000,         0.000,         0.000,
    16.519,     1.682,     1.701,    24.198,    -0.017,    -8.553,     0.000,     0.450,     1.301,   419.330,     1.000,    24.199,     0.000,     0.000,     0.000,     0.000,     0.000,     0.000,     0.000,        35.000,         0.010,     0.058,     0.000,     0.005,     0.026,         1.000,         1.000,         1.000,         1.000,         1.000,         1.000,         1.000,         1.000,         1.000,         0.000,         0.000,         0.000,
    16.523,     2.000,     1.711,    24.198,    -0.006,    -4.274,     0.000,     0.450,     1.311,   419.330,     1.000,    24.199,     0.000,     0.000,     0.000,     0.000,     0.000,     0.000,     0.000,        35.000,         0.010,     0.058,     0.000,     0.005,     0.026,         1.000,         1.000,         1.000,         1.000,         1.000,         1.000,         1.000,         1.000,         1.000,         0.000,         0.000,         0.000,
    16.528,     2.000,     1.714,    24.194,     0.003,    -0.652,     0.000,     0.450,     1.314,   419.330,     1.000,    24.198,     0.000,     0.000,     0.000,     0.000,     0.000,     0.000,     0.000,        35.000,         0.010,     0.058,     0.000,     0.005,     0.026,         1.000,         1.000,         1.000,         1.000,         1.000,         1.000,         1.000,         1.000,         1.000,         0.000,         0.000,         0.000,
    16.532,     2.000,     1.715,    24.185,    -0.003,    -2.658,     0.000,     0.450,     1.315,   419.330,     1.000,    24.197,     0.000,     0.000,     0.000,     0.000,     0.000,     0.000,     0.000,        35.000,         0.010,     0.058,     0.000,     0.005,     0.026,         1.000,         1.000,         1.000,         1.000,         1.000,         1.000,         1.000,         1.000,         1.000,         0.000,         0.000,         0.000,
    16.536,     2.000,     1.717,    24.181,     0.005,     0.397,     0.000,     0.450,     1.317,   419.330,     1.000,    24.197,     0.000,     0.000,     0.000,     0.000,     0.000,     0.000,     0.000,        35.000,         0.010,     0.058,     0.000,     0.005,     0.026,         1.000,         1.000,         1.000,         1.000,         1.000,         1.000,         1.000,         1.000,         1.000,         0.000,         0.000,         0.000,
    16.540,     2.000,     1.715,    24.176,     0.016,     4.219,     0.000,     0.450,     1.315,   419.330,     1.000,    24.196,     0.000,     0.000,     0.000,     0.000,     0.000,     0.000,     0.000,        35.000,         0.010,     0.058,     0.000,     0.005,     0.026,         1.000,         1.000,         1.000,         1.000,         1.000,         1.000,         1.000,         1.000,         1.000,         0.000,         0.000,         0.000,
    16.544,     2.000,     1.707,    24.174,     0.029,     9.609,     0.000,     0.450,     1.307,   419.330,     1.000,    24.194,     0.000,     0.000,     0.000,     0.000,     0.000,     0.000,     0.000,        35.000,         0.010,     0.058,     0.000,     0.005,     0.026,         1.000,         1.000,         1.000,         1.000,         1.000,         1.000,         1.000,         1.000,         1.000,         0.000,         0.000,         0.000,
    16.548,     2.000,     1.688,    24.174,     0.030,    12.158,     0.000,     0.450,     1.288,   419.330,     1.000,    24.190,     0.000,     0.000,     0.000,     0.000,     0.000,     0.000,     0.000,        35.000,         0.010,     0.058,     0.000,     0.005,     0.026,         1.000,         1.000,         1.000,         1.000,         1.000,         1.000,         1.000,         1.000,         1.000,         0.000,         0.000,         0.000,
    16.553,     2.000,     1.671,    24.172,     0.017,     8.849,     0.000,     0.450,     1.271,   419.330,     1.000,    24.189,     0.000,     0.000,     0.000,     0.000,     0.000,     0.000,     0.000,        35.000,         0.010,     0.058,     0.000,     0.005,     0.026,         1.000,         1.000,         1.000,         1.000,         1.000,         1.000,         1.000,         1.000,         1.000,         0.000,         0.000,         0.000,
    16.557,     2.000,     1.658,    24.170,     0.012,     7.426,     0.000,     0.450,     1.258,   419.330,     1.000,    24.187,     0.000,     0.000,     0.000,     0.000,     0.000,     0.000,     0.000,        35.000,         0.010,     0.058,     0.000,     0.005,     0.026,         1.000,         1.000,         1.000,         1.000,         1.000,         1.000,         1.000,         1.000,         1.000,         0.000,         0.000,         0.000,
    16.561,     2.000,     1.646,    24.167,     0.017,     8.443,     0.000,     0.450,     1.246,   419.330,     1.000,    24.184,     0.000,     0.000,     0.000,     0.000,     0.000,     0.000,     0.000,        35.000,         0.010,     0.058,     0.000,     0.005,     0.026,         1.000,         1.000,         1.000,         1.000,         1.000,         1.000,         1.000,         1.000,         1.000,         0.000,         0.000,         0.000,
    16.565,     2.000,     1.633,    24.165,     0.018,     8.492,     0.000,     0.450,     1.233,   419.330,     1.000,    24.179,     0.000,     0.000,     0.000,     0.000,     0.000,     0.000,     0.000,        35.000,         0.010,     0.058,     0.000,     0.005,     0.026,         1.000,         1.000,         1.000,         1.000,         1.000,         1.000,         1.000,         1.000,         1.000,         0.000,         0.000,         0.000,
    16.569,     2.000,     1.616,    24.160,     0.028,    11.520,     0.000,     0.450,     1.216,   419.330,     1.000,    24.171,     0.000,     0.000,     0.000,     0.000,     0.000,     0.000,     0.000,        35.000,         0.010,     0.058,     0.000,     0.005,     0.026,         1.000,         1.000,         1.000,         1.000,         1.000,         1.000,         1.000,         1.000,         1.000,         0.000,         0.000,         0.000,
    16.573,     1.982,     1.598,    24.154,     0.021,    11.728,     0.000,     0.450,     1.198,   419.330,     1.000,    24.163,     0.000,     0.000,     0.000,     0.000,     0.000,     0.000,     0.000,        35.000,         0.010,     0.259,     0.001,     0.021,     0.117,         1.000,         1.000,         1.000,         1.000,         1.000,         1.000,         1.000,         1.000,         1.000,         0.000,         0.000,         0.000,
    16.578,     1.947,     1.582,    24.149,     0.020,    10.904,     0.000,     0.450,     1.182,   419.330,     1.000,    24.156,     0.000,     0.000,     0.000,     0.000,     0.000,     0.000,     0.000,        35.000,         0.010,     0.259,     0.001,     0.021,     0.117,         1.000,         1.000,         1.000,         1.000,         1.000,         1.000,         1.000,         1.000,         1.000,         0.000,         0.000,         0.000,
    16.582,     1.857,     1.566,    24.146,     0.022,    10.922,     0.000,     0.450,     1.166,   419.330,     1.000,    24.151,     0.000,     0.000,     0.000,     0.000,     0.000,     0.000,     0.000,        35.000,         0.010,     0.259,     0.001,     0.021,     0.117,         1.000,         1.000,         1.000,         1.000,         1.000,         1.000,         1.000,         1.000,         1.000,         0.000,         0.000,         0.000,
    16.586,     1.889,     1.550,    24.143,     0.023,    10.575,     0.000,     0.450,     1.150,   419.330,     1.000,    24.148,     0.000,     0.000,     0.000,     0.000,     0.000,     0.000,     0.000,        35.000,         0.010,     0.259,     0.001,     0.021,     0.117,         1.000,         1.000,         1.000,         1.000,         1.000,         1.000,         1.000,         1.000,         1.000,         0.000,         0.000,         0.000,
    16.590,     1.839,     1.534,    24.140,     0.026,    10.704,     0.000,     0.450,     1.134,   419.330,     1.000,    24.148,     0.000,     0.000,     0.000,     0.000,     0.000,     0.000,     0.000,        35.000,         0.010,     0.259,     0.001,     0.021,     0.117,         1.000,         1.000,         1.000,         1.000,         1.000,         1.000,         1.000,         1.000,         1.000,         0.000,         0.000,         0.000,
    16.594,     1.778,     1.518,    24.141,     0.030,    11.560,     0.000,     0.450,     1.118,   419.330,     1.000,    24.151,     0.000,     0.000,     0.000,     0.000,     0.000,     0.000,     0.000,        35.000,         0.010,     0.259,     0.001,     0.021,     0.117,         1.000,         1.000,         1.000,         1.000,         1.000,         1.000,         1.000,         1.000,         1.000,         0.000,         0.000,         0.000,
    16.598,     1.738,     1.502,    24.143,     0.031,    11.486,     0.000,     0.450,     1.102,   419.330,     1.000,    24.154,     0.000,     0.000,     0.000,     0.000,     0.000,     0.000,     0.000,        35.000,         0.010,     0.259,     0.001,     0.021,     0.117,         1.000,         1.000,         1.000,         1.000,         1.000,         1.000,         1.000,         1.000,         1.000,         0.000,         0.000,         0.000,
    16.603,     1.684,     1.486,    24.147,     0.032,    11.318,     0.000,     0.450,     1.086,   419.330,     1.000,    24.160,     0.000,     0.000,     0.000,     0.000,     0.000,     0.000,     0.000,        35.000,         0.010,     0.259,     0.001,     0.021,     0.117,         1.000,         1.000,         1.000,         1.000,         1.000,         1.000,         1.000,         1.000,         1.000,         0.000,         0.000,         0.000,
    16.607,     1.661,     1.470,    24.153,     0.034,    11.503,     0.000,     0.450,     1.070,   419.330,     1.000,    24.167,     0.000,     0.000,     0.000,     0.000,     0.000,     0.000,     0.000,        35.000,         0.010,     0.259,     0.001,     0.021,     0.117,         1.000,         1.000,         1.000,         1.000,         1.000,         1.000,         1.000,         1.000,         1.000,         0.000,         0.000,         0.000,
    16.611,     1.682,     1.455,    24.158,     0.034,    10.846,     0.000,     0.450,     1.055,   419.330,     1.000,    24.173,     0.000,     0.000,     0.000,     0.000,     0.000,     0.000,     0.000,        34.999,         0.010,     0.259,     0.001,     0.021,     0.117,         1.000,         1.000,         1.000,         1.000,         1.000,         1.000,         1.000,         1.000,         1.000,         0.000,         0.000,         0.000,
    16.615,     1.722,     1.440,    24.165,     0.037,    10.503,     0.000,     0.450,     1.040,   419.330,     1.000,    24.177,     0.000,     0.000,     0.000,     0.000,     0.000,     0.000,     0.000,        34.998,         0.010,     0.259,     0.001,     0.021,     0.117,         1.000,         1.000,         1.000,         1.000,         1.000,         1.000,         1.000,         1.000,         1.000,         0.000,         0.000,         0.000,
    16.619,     1.722,     1.426,    24.171,     0.036,     9.875,     0.000,     0.450,     1.026,   419.330,     1.000,    24.180,     0.000,     0.000,     0.000,     0.000,     0.000,     0.000,     0.000,        34.996,         0.010,     0.259,     0.001,     0.021,     0.117,         1.000,         1.000,         1.000,         1.000,         1.000,         1.000,         1.000,         1.000,         1.000,         0.000,         0.000,         0.000,
    16.623,     1.715,     1.413,    24.175,     0.036,     9.588,     0.000,     0.450,     1.013,   419.330,     1.000,    24.182,     0.000,     0.000,     0.000,     0.000,     0.000,     0.000,     0.000,        34.993,         0.010,     0.259,     0.001,     0.021,     0.117,         1.000,         1.000,         1.000,         1.000,         1.000,         1.000,         1.000,         1.000,         1.000,         0.000,         0.000,         0.000,
    16.628,     1.775,     1.400,    24.179,     0.037,     9.261,     0.000,     0.450,     1.000,   419.330,     1.000,    24.184,     0.000,     0.000,     0.000,     0.000,     0.000,     0.000,     0.000,        34.989,         0.010,     0.259,     0.001,     0.021,     0.117,         1.000,         1.000,         1.000,         1.000,         1.000,         1.000,         1.000,         1.000,         1.000,         0.000,         0.000,         0.000,
    17.512,     1.091,     1.417,    24.400,    -0.060,   -14.572,     0.000,     0.450,     1.017,   419.330,     1.000,    24.400,     0.000,     0.000,     0.000,     0.000,     0.000,     0.000,     0.000,        35.000,         0.010,     0.261,     0.001,     0.021,     0.118,         1.000,         1.000,         1.000,         1.000,         1.000,         1.000,         1.000,         1.000,         1.000,         0.000,         0.000,         0.000,
    17.516,     1.000,     1.440,    24.400,    -0.068,   -17.829,     0.000,     0.450,     1.040,   419.330,     1.000,    24.400,     0.000,     0.000,     0.000,     0.000,     0.000,     0.000,     0.000,        35.000,         0.010,     0.261,     0.001,     0.021,     0.118,         1.000,         1.000,         1.000,         1.000,         1.000,         1.000,         1.000,         1.000,         1.000,         0.000,         0.000,         0.000,
    17.520,     1.000,     1.465,    24.400,    -0.067,   -19.156,     0.000,     0.450,     1.065,   419.330,     1.000,    24.400,     0.000,     0.000,     0.000,     0.000,     0.000,     0.000,     0.000,        35.000,         0.010,     0.261,     0.001,     0.021,     0.118,         1.000,         1.000,         1.000,         1.000,         1.000,         1.000,         1.000,         1.000,         1.000,         0.000,         0.000,         0.000,
    17.524,     1.034,     1.490,    24.400,    -0.057,   -17.343,     0.000,     0.450,     1.090,   419.330,     1.000,    24.400,     0.000,     0.000,     0.000,     0.000,     0.000,     0.000,     0.000,        35.000,         0.010,     0.262,     0.001,     0.021,     0.118,         1.000,         1.000,         1.000,         1.000,         1.000,         1.000,         1.000,         1.000,         1.000,         0.000,         0.000,         0.000,
    17.528,     1.137,     1.508,    24.400,    -0.033,   -10.840,     0.000,     0.450,     1.108,   419.330,     1.000,    24.400,     0.000,     0.000,     0.000,     0.000,     0.000,     0.000,     0.000,        35.000,         0.010,     0.262,     0.001,     0.021,     0.118,         1.000,         1.000,         1.000,         1.000,         1.000,         1.000,         1.000,         1.000,         1.000,         0.000,         0.000,         0.000,
    17.533,     1.192,     1.522,    24.400,    -0.029,    -9.997,     0.000,     0.450,     1.122,   419.330,     1.000,    24.400,     0.000,     0.000,     0.000,     0.000,     0.000,     0.000,     0.000,        35.000,         0.010,     0.262,     0.001,     0.021,     0.118,         1.000,         1.000,         1.000,         1.000,         1.000,         1.000,         1.000,         1.000,         1.000,         0.000,         0.000,         0.000,
    17.537,     1.196,     1.536,    24.400,    -0.028,   -10.286,     0.000,     0.450,     1.136,   419.330,     1.000,    24.400,     0.000,     0.000,     0.000,     0.000,     0.000,     0.000,     0.000,        35.000,         0.010,     0.262,     0.001,     0.021,     0.118,         1.000,         1.000,         1.000,         1.000,         1.000,         1.000,         1.000,         1.000,         1.000,         0.000,         0.000,         0.000,
    17.541,     1.171,     1.552,    24.400,    -0.031,   -12.091,     0.000,     0.450,     1.152,   419.330,     1.000,    24.400,     0.000,     0.000,     0.000,     0.000,     0.000,     0.000,     0.000,        35.000,         0.010,     0.262,     0.001,     0.021,     0.118,         1.000,         1.000,         1.000,         1.000,         1.000,         1.000,         1.000,         1.000,         1.000,         0.000,         0.000,         0.000,
    17.545,     1.176,     1.569,    24.400,    -0.032,   -13.033,     0.000,     0.450,     1.169,   419.330,     1.000,    24.400,     0.000,     0.000,     0.000,     0.000,     0.000,     0.000,     0.000,        35.000,         0.010,     0.262,     0.001,     0.021,     0.118,         1.000,         1.000,         1.000,         1.000,         1.000,         1.000,         1.000,         1.000,         1.000,         0.000,         0.000,         0.000,
    17.549,     1.293,     1.586,    24.400,    -0.027,   -12.158,     0.000,     0.450,     1.186,   419.330,     1.000,    24.400,     0.000,     0.000,     0.000,     0.000,     0.000,     0.000,     0.000,        35.000,         0.010,     0.262,     0.001,     0.021,     0.118,         1.000,         1.000,         1.000,         1.000,         1.000,         1.000,         1.000,         1.000,         1.000,         0.000,         0.000,         0.000,
    17.553,     1.429,     1.602,    24.400,    -0.029,   -10.678,     0.000,     0.450,     1.202,   419.330,     1.000,    24.400,     0.000,     0.000,     0.000,     0.000,     0.000,     0.000,     0.000,        35.000,         0.010,     0.056,     0.000,     0.004,     0.025,         1.000,         1.000,         1.000,         1.000,         1.000,         1.000,         1.000,         1.000,         1.000,         0.000,         0.000,         0.000,
    17.558,     1.726,     1.615,    24.400,    -0.020,    -7.865,     0.000,     0.450,     1.215,   419.330,     1.000,    24.400,     0.000,     0.000,     0.000,     0.000,     0.000,     0.000,     0.000,        35.000,         0.010,     0.056,     0.000,     0.004,     0.025,         1.000,         1.000,         1.000,         1.000,         1.000,         1.000,         1.000,         1.000,         1.000,         0.000,         0.000,         0.000,
    17.562,     2.000,     1.623,    24.400,    -0.011,    -4.928,     0.000,     0.450,     1.223,   419.330,     1.000,    24.400,     0.000,     0.000,     0.000,     0.000,     0.000,     0.000,     0.000,        35.000,         0.010,     0.056,     0.000,     0.004,     0.025,         1.000,         1.000,         1.000,         1.000,         1.000,         1.000,         1.000,         1.000,         1.000,         0.000,         0.000,         0.000,
    17.566,     2.000,     1.631,    24.400,    -0.013,    -5.222,     0.000,     0.450,     1.231,   419.330,     1.000,    24.400,     0.000,     0.000,     0.000,     0.000,     0.000,     0.000,     0.000,        35.000,         0.010,     0.056,     0.000,     0.004,     0.025,         1.000,         1.000,         1.000,         1.000,         1.000,         1.000,         1.000,         1.000,         1.000,         0.000,         0.000,         0.000,
    17.570,     2.000,     1.638,    24.400,    -0.007,    -3.349,     0.000,     0.450,     1.238,   419.330,     1.000,    24.400,     0.000,     0.000,     0.000,     0.000,     0.000,     0.000,     0.000,        35.000,         0.010,     0.056,     0.000,     0.004,     0.025,         1.000,         1.000,         1.000,         1.000,         1.000,         1.000,         1.000,         1.000,         1.000,         0.000,         0.000,         0.000,
    17.574,     2.000,     1.640,    24.400,    -0.003,    -1.774,     0.000,     0.450,     1.240,   419.330,     1.000,    24.400,     0.000,     0.000,     0.000,     0.000,     0.000,     0.000,     0.000,        35.000,         0.010,     0.056,     0.000,     0.004,     0.025,         1.000,         1.000,         1.000,         1.000,         1.000,         1.000,         1.000,         1.000,         1.000,         0.000,         0.000,         0.000,
    17.578,     2.000,     1.647,    24.400,    -0.021,    -7.587,     0.000,     0.450,     1.247,   419.330,     1.000,    24.400,     0.000,     0.000,     0.000,     0.000,     0.000,     0.000,     0.000,        35.000,         0.010,     0.056,     0.000,     0.004,     0.025,         1.000,         1.000,         1.000,         1.000,         1.000,         1.000,         1.000,         1.000,         1.000,         0.000,         0.000,         0.000,
    17.583,     2.000,     1.652,    24.400,     0.002,    -0.076,     0.000,     0.450,     1.252,   419.330,     1.000,    24.400,     0.000,     0.000,     0.000,     0.000,     0.000,     0.000,     0.000,        35.000,         0.010,     0.056,     0.000,     0.004,     0.025,         1.000,         1.000,         1.000,         1.000,         1.000,         1.000,         1.000,         1.000,         1.000,         0.000,         0.000,         0.000,
    17.587,     2.000,     1.646,    24.400,     0.038,    11.991,     0.000,     0.450,     1.246,   419.330,     1.000,    24.400,     0.000,     0.000,     0.000,     0.000,     0.000,     0.000,     0.000,        35.000,         0.010,     0.056,     0.000,     0.004,     0.025,         1.000,         1.000,         1.000,         1.000,         1.000,         1.000,         1.000,         1.000,         1.000,         0.000,         0.000,         0.000,
    17.591,     2.000,     1.633,    24.400,     0.030,    10.789,     0.000,     0.450,     1.233,   419.330,     1.000,    24.400,     0.000,     0.000,     0.000,     0.000,     0.000,     0.000,     0.000,        35.000,         0.010,     0.056,     0.000,     0.004,     0.025,         1.000,         1.000,         1.000,         1.000,         1.000,         1.000,         1.000,         1.000,         1.000,         0.000,         0.000,         0.000,
    17.595,     2.000,     1.618,    24.400,     0.020,     9.054,     0.000,     0.450,     1.218,   419.330,     1.000,    24.400,     0.000,     0.000,     0.000,     0.000,     0.000,     0.000,     0.000,        35.000,         0.010,     0.056,     0.000,     0.004,     0.025,         1.000,         1.000,         1.000,         1.000,         1.000,         1.000,         1.000,         1.000,         1.000,         0.000,         0.000,         0.000,
    17.599,     2.000,     1.609,    24.400,     0.002,     3.259,     0.000,     0.450,     1.209,   419.330,     1.000,    24.400,     0.000,     0.000,     0.000,     0.000,     0.000,     0.000,     0.000,        35.000,         0.010,     0.056,     0.000,     0.004,     0.025,         1.000,         1.000,         1.000,         1.000,         1.000,         1.000,         1.000,         1.000,         1.000,         0.000,         0.000,         0.000,
    17.603,     2.000,     1.604,    24.400,     0.008,     4.289,     0.000,     0.450,     1.204,   419.330,     1.000,    24.400,     0.000,     0.000,     0.000,     0.000,     0.000,     0.000,     0.000,        35.000,         0.010,     0.056,     0.000,     0.004,     0.025,         1.000,         1.000,         1.000,         1.000,         1.000,         1.000,         1.000,         1.000,         1.000,         0.000,         0.000,         0.000,
    17.608,     2.000,     1.596,    24.400,     0.017,     7.442,     0.000,     0.450,     1.196,   419.330,     1.000,    24.400,     0.000,     0.000,     0.000,     0.000,     0.000,     0.000,     0.000,        35.000,         0.010,     0.262,     0.001,     0.021,     0.118,         1.000,         1.000,         1.000,         1.000,         1.000,         1.000,         1.000,         1.000,         1.000,         0.000,         0.000,         0.000,
    17.612,     2.000,     1.585,    24.400,     0.022,     9.467,     0.000,     0.450,     1.185,   419.330,     1.000,    24.400,     0.000,     0.000,     0.000,     0.000,     0.000,     0.000,     0.000,        35.000,         0.010,     0.262,     0.001,     0.021,     0.118,         1.000,         1.000,         1.000,         1.000,         1.000,         1.000,         1.000,         1.000,         1.000,         0.000,         0.000,         0.000,
    17.616,     2.000,     1.569,    24.400,     0.031,    13.632,     0.000,     0.450,     1.169,   419.330,     1.000,    24.400,     0.000,     0.000,     0.000,     0.000,     0.000,     0.000,     0.000,        35.000,         0.010,     0.262,     0.001,     0.021,     0.118,         1.000,         1.000,         1.000,         1.000,         1.000,         1.000,         1.000,         1.000,         1.000,         0.000,         0.000,         0.000,
    17.620,     2.000,     1.552,    24.400,     0.025,    11.929,     0.000,     0.450,     1.152,   419.330,     1.000,    24.400,     0.000,     0.000,     0.000,     0.000,     0.000,     0.000,     0.000,        35.000,         0.010,     0.262,     0.001,     0.021,     0.118,         1.000,         1.000,         1.000,         1.000,         1.000,         1.000,         1.000,         1.000,         1.000,         0.000,         0.000,         0.000,
    17.624,     2.000,     1.537,    24.400,     0.024,    10.628,     0.000,     0.450,     1.137,   419.330,     1.000,    24.400,     0.000,     0.000,     0.000,     0.000,     0.000,     0.000,     0.000,        35.000,         0.010,     0.262,     0.001,     0.021,     0.118,         1.000,         1.000,         1.000,         1.000,         1.000,         1.000,         1.000,         1.000,         1.000,         0.000,         0.000,         0.000,
    17.628,     2.000,     1.524,    24.400,     0.021,     9.016,     0.000,     0.450,     1.124,   419.330,     1.000,    24.400,     0.000,     0.000,     0.000,     0.000,     0.000,     0.000,     0.000,        35.000,         0.010,     0.262,     0.001,     0.021,     0.118,         1.000,         1.000,         1.000,         1.000,         1.000,         1.000,         1.000,         1.000,         1.000,         0.000,         0.000,         0.000,
    17.633,     2.000,     1.512,    24.400,     0.021,     8.532,     0.000,     0.450,     1.112,   419.330,     1.000,    24.400,     0.000,     0.000,     0.000,     0.000,     0.000,     0.000,     0.000,        35.000,         0.010,     0.262,     0.001,     0.021,     0.118,         1.000,         1.000,         1.000,         1.000,         1.000,         1.000,         1.000,         1.000,         1.000,         0.000,         0.000,         0.000,
    17.637,     2.000,     1.499,    24.400,     0.027,     9.754,     0.000,     0.450,     1.099,   419.330,     1.000,    24.400,     0.000,     0.000,     0.000,     0.000,     0.000,     0.000,     0.000,        35.000,         0.010,     0.262,     0.001,     0.021,     0.118,         1.000,         1.000,         1.000,         1.000,         1.000,         1.000,         1.000,         1.000,         1.000,         0.000,         0.000,         0.000,
    17.641,     2.000,     1.486,    24.400,     0.029,    10.121,     0.000,     0.450,     1.086,   419.330,     1.000,    24.400,     0.000,     0.000,     0.000,     0.000,     0.000,     0.000,     0.000,        35.000,         0.010,     0.262,     0.001,     0.021,     0.118,         1.000,         1.000,         1.000,         1.000,         1.000,         1.000,         1.000,         1.000,         1.000,         0.000,         0.000,         0.000,
    17.645,     2.000,     1.472,    24.400,     0.031,    10.301,     0.000,     0.450,     1.072,   419.330,     1.000,    24.400,     0.000,     0.000,     0.000,     0.000,     0.000,     0.000,     0.000,        35.000,         0.010,     0.262,     0.001,     0.021,     0.118,         1.000,         1.000,         1.000,         1.000,         1.000,         1.000,         1.000,         1.000,         1.000,         0.000,         0.000,         0.000,
    17.649,     1.914,     1.458,    24.400,     0.033,    10.563,     0.000,     0.450,     1.058,   419.330,     1.000,    24.400,     0.000,     0.000,     0.000,     0.000,     0.000,     0.000,     0.000,        35.000,         0.010,     0.262,     0.001,     0.021,     0.118,         1.000,         1.000,         1.000,         1.000,         1.000,         1.000,         1.000,         1.000,         1.000,         0.000,         0.000,         0.000,
    17.653,     1.843,     1.444,    24.400,     0.036,    10.430,     0.000,     0.450,     1.044,   419.330,     1.000,    24.400,     0.000,     0.000,     0.000,     0.000,     0.000,     0.000,     0.000,        35.000,         0.010,     0.262,     0.001,     0.021,     0.118,         1.000,         1.000,         1.000,         1.000,         1.000,         1.000,         1.000,         1.000,         1.000,         0.000,         0.000,         0.000,
    17.658,     1.787,     1.430,    24.399,     0.038,    10.111,     0.000,     0.450,     1.030,   419.330,     1.000,    24.399,     0.000,     0.000,     0.000,     0.000,     0.000,     0.000,     0.000,        34.999,         0.010,     0.262,     0.001,     0.021,     0.118,         1.000,         1.000,         1.000,         1.000,         1.000,         1.000,         1.000,         1.000,         1.000,         0.000,         0.000,         0.000,
    17.662,     1.786,     1.416,    24.398,     0.038,     9.833,     0.000,     0.450,     1.016,   419.330,     1.000,    24.398,     0.000,     0.000,     0.000,     0.000,     0.000,     0.000,     0.000,        34.997,         0.010,     0.262,     0.001,     0.021,     0.118,         1.000,         1.000,         1.000,         1.000,         1.000,         1.000,         1.000,         1.000,         1.000,         0.000,         0.000,         0.000,
    17.666,     1.842,     1.403,    24.397,     0.038,     9.204,     0.000,     0.450,     1.003,   419.330,     1.000,    24.396,     0.000,     0.000,     0.000,     0.000,     0.000,     0.000,     0.000,        34.996,         0.010,     0.262,     0.001,     0.021,     0.118,         1.000,         1.000,         1.000,         1.000,         1.000,         1.000,         1.000,         1.000,         1.000,         0.000,         0.000,         0.000,
    18.571,     1.218,     1.417,    24.500,    -0.055,   -13.218,     0.000,     0.450,     1.017,   419.330,     1.000,    24.500,     0.000,     0.000,     0.000,     0.000,     0.000,     0.000,     0.000,        35.000,         0.009,     0.267,     0.001,     0.021,     0.120,         1.000,         1.000,         1.000,         1.000,         1.000,         1.000,         1.000,         1.000,         1.000,         0.000,         0.000,         0.000,
    18.575,     1.202,     1.434,    24.500,    -0.053,   -13.600,     0.000,     0.450,     1.034,   419.330,     1.000,    24.500,     0.000,     0.000,     0.000,     0.000,     0.000,     0.000,     0.000,        35.000,         0.009,     0.267,     0.001,     0.021,     0.120,         1.000,         1.000,         1.000,         1.000,         1.000,         1.000,         1.000,         1.000,         1.000,         0.000,         0.000,         0.000,
    18.579,     1.268,     1.453,    24.500,    -0.050,   -13.626,     0.000,     0.450,     1.053,   419.330,     1.000,    24.500,     0.000,     0.000,     0.000,     0.000,     0.000,     0.000,     0.000,        35.000,         0.009,     0.267,     0.001,     0.021,     0.120,         1.000,         1.000,         1.000,         1.000,         1.000,         1.000,         1.000,         1.000,         1.000,         0.000,         0.000,         0.000,
    18.583,     1.243,     1.470,    24.500,    -0.044,   -12.644,     0.000,     0.450,     1.070,   419.330,     1.000,    24.500,     0.000,     0.000,     0.000,     0.000,     0.000,     0.000,     0.000,        35.000,         0.009,     0.267,     0.001,     0.021,     0.120,         1.000,         1.000,         1.000,         1.000,         1.000,         1.000,         1.000,         1.000,         1.000,         0.000,         0.000,         0.000,
    18.588,     1.238,     1.487,    24.500,    -0.040,   -12.707,     0.000,     0.450,     1.087,   419.330,     1.000,    24.500,     0.000,     0.000,     0.000,     0.000,     0.000,     0.000,     0.000,        35.000,         0.009,     0.267,     0.001,     0.021,     0.120,         1.000,         1.000,         1.000,         1.000,         1.000,         1.000,         1.000,         1.000,         1.000,         0.000,         0.000,         0.000,
    18.592,     1.268,     1.503,    24.500,    -0.034,   -11.598,     0.000,     0.450,     1.103,   419.330,     1.000,    24.500,     0.000,     0.000,     0.000,     0.000,     0.000,     0.000,     0.000,        35.000,         0.009,     0.267,     0.001,     0.021,     0.120,         1.000,         1.000,         1.000,         1.000,         1.000,         1.000,         1.000,         1.000,         1.000,         0.000,         0.000,         0.000,
    18.596,     1.351,     1.518,    24.500,    -0.029,   -10.489,     0.000,     0.450,     1.118,   419.330,     1.000,    24.500,     0.000,     0.000,     0.000,     0.000,     0.000,     0.000,     0.000,        35.000,         0.009,     0.267,     0.001,     0.021,     0.120,         1.000,         1.000,         1.000,         1.000,         1.000,         1.000,         1.000,         1.000,         1.000,         0.000,         0.000,         0.000,
    18.600,     1.732,     1.531,    24.498,    -0.016,    -6.895,     0.000,     0.450,     1.131,   419.330,     1.000,    24.498,     0.000,     0.000,     0.000,     0.000,     0.000,     0.000,     0.000,        35.000,         0.009,     0.267,     0.001,     0.021,     0.120,         1.000,         1.000,         1.000,         1.000,         1.000,         1.000,         1.000,         1.000,         1.000,         0.000,         0.000,         0.000,
    18.604,     2.000,     1.537,    24.484,    -0.004,    -2.407,     0.000,     0.450,     1.137,   419.330,     1.000,    24.485,     0.000,     0.000,     0.000,     0.000,     0.000,     0.000,     0.000,        35.000,         0.009,     0.267,     0.001,     0.021,     0.120,         1.000,         1.000,         1.000,         1.000,         1.000,         1.000,         1.000,         1.000,         1.000,         0.000,         0.000,         0.000,
    18.608,     1.863,     1.545,    24.461,    -0.028,    -9.290,     0.000,     0.450,     1.145,   419.330,     1.000,    24.467,     0.000,     0.000,     0.000,     0.000,     0.000,     0.000,     0.000,        35.000,         0.009,     0.267,     0.001,     0.021,     0.120,         1.000,         1.000,         1.000,         1.000,         1.000,         1.000,         1.000,         1.000,         1.000,         0.000,         0.000,         0.000,
    18.613,     1.602,     1.560,    24.456,    -0.038,   -14.388,     0.000,     0.450,     1.160,   419.330,     1.000,    24.468,     0.000,     0.000,     0.000,     0.000,     0.000,     0.000,     0.000,        35.000,         0.009,     0.267,     0.001,     0.021,     0.120,         1.000,         1.000,         1.000,         1.000,         1.000,         1.000,         1.000,         1.000,         1.000,         0.000,         0.000,         0.000,
    18.617,     1.603,     1.578,    24.469,    -0.031,   -13.444,     0.000,     0.450,     1.178,   419.330,     1.000,    24.478,     0.000,     0.000,     0.000,     0.000,     0.000,     0.000,     0.000,        35.000,         0.009,     0.267,     0.001,     0.021,     0.120,         1.000,         1.000,         1.000,         1.000,         1.000,         1.000,         1.000,         1.000,         1.000,         0.000,         0.000,         0.000,
    18.621,     2.000,     1.594,    24.470,    -0.018,    -9.110,     0.000,     0.450,     1.194,   419.330,     1.000,    24.474,     0.000,     0.000,     0.000,     0.000,     0.000,     0.000,     0.000,        35.000,         0.009,     0.267,     0.001,     0.021,     0.120,         1.000,         1.000,         1.000,         1.000,         1.000,         1.000,         1.000,         1.000,         1.000,         0.000,         0.000,         0.000,
    18.625,     2.000,     1.599,    24.468,     0.018,     3.759,     0.000,     0.450,     1.199,   419.330,     1.000,    24.470,     0.000,     0.000,     0.000,     0.000,     0.000,     0.000,     0.000,        35.000,         0.009,     0.267,     0.001,     0.021,     0.120,         1.000,         1.000,         1.000,         1.000,         1.000,         1.000,         1.000,         1.000,         1.000,         0.000,         0.000,         0.000,
    18.629,     2.000,     1.587,    24.474,     0.038,    14.523,     0.000,     0.450,     1.187,   419.330,     1.000,    24.475,     0.000,     0.000,     0.000,     0.000,     0.000,     0.000,     0.000,        35.000,         0.009,     0.267,     0.001,     0.021,     0.120,         1.000,         1.000,         1.000,         1.000,         1.000,         1.000,         1.000,         1.000,         1.000,         0.000,         0.000,         0.000,
    18.633,     2.000,     1.576,    24.476,     0.003,     3.787,     0.000,     0.450,     1.176,   419.330,     1.000,    24.478,     0.000,     0.000,     0.000,     0.000,     0.000,     0.000,     0.000,        35.000,         0.009,     0.267,     0.001,     0.021,     0.120,         1.000,         1.000,         1.000,         1.000,         1.000,         1.000,         1.000,         1.000,         1.000,         0.000,         0.000,         0.000,
    18.638,     2.000,     1.574,    24.472,    -0.010,    -0.783,     0.000,     0.450,     1.174,   419.330,     1.000,    24.478,     0.000,     0.000,     0.000,     0.000,     0.000,     0.000,     0.000,        35.000,         0.009,     0.267,     0.001,     0.021,     0.120,         1.000,         1.000,         1.000,         1.000,         1.000,         1.000,         1.000,         1.000,         1.000,         0.000,         0.000,         0.000,
    18.642,     2.000,     1.572,    24.470,     0.010,     4.701,     0.000,     0.450,     1.172,   419.330,     1.000,    24.477,     0.000,     0.000,     0.000,     0.000,     0.000,     0.000,     0.000,        35.000,         0.009,     0.267,     0.001,     0.021,     0.120,         1.000,         1.000,         1.000,         1.000,         1.000,         1.000,         1.000,         1.000,         1.000,         0.000,         0.000,         0.000,
    18.646,     2.000,     1.565,    24.473,     0.021,     8.209,     0.000,     0.450,     1.165,   419.330,     1.000,    24.479,     0.000,     0.000,     0.000,     0.000,     0.000,     0.000,     0.000,        35.000,         0.009,     0.267,     0.001,     0.021,     0.120,         1.000,         1.000,         1.000,         1.000,         1.000,         1.000,         1.000,         1.000,         1.000,         0.000,         0.000,         0.000,
    18.650,     2.000,     1.552,    24.477,     0.026,    10.681,     0.000,     0.450,     1.152,   419.330,     1.000,    24.480,     0.000,     0.000,     0.000,     0.000,     0.000,     0.000,     0.000,        35.000,         0.009,     0.267,     0.001,     0.021,     0.120,         1.000,         1.000,         1.000,         1.000,         1.000,         1.000,         1.000,         1.000,         1.000,         0.000,         0.000,         0.000,
    18.654,     2.000,     1.539,    24.480,     0.023,     9.815,     0.000,     0.450,     1.139,   419.330,     1.000,    24.483,     0.000,     0.000,     0.000,     0.000,     0.000,     0.000,     0.000,        35.000,         0.009,     0.267,     0.001,     0.021,     0.120,         1.000,         1.000,         1.000,         1.000,         1.000,         1.000,         1.000,         1.000,         1.000,         0.000,         0.000,         0.000,
    18.658,     2.000,     1.527,    24.483,     0.016,     7.205,     0.000,     0.450,     1.127,   419.330,     1.000,    24.485,     0.000,     0.000,     0.000,     0.000,     0.000,     0.000,     0.000,        35.000,         0.009,     0.267,     0.001,     0.021,     0.120,         1.000,         1.000,         1.000,         1.000,         1.000,         1.000,         1.000,         1.000,         1.000,         0.000,         0.000,         0.000,
    18.663,     2.000,     1.519,    24.484,     0.014,     6.099,     0.000,     0.450,     1.119,   419.330,     1.000,    24.487,     0.000,     0.000,     0.000,     0.000,     0.000,     0.000,     0.000,        35.000,         0.009,     0.267,     0.001,     0.021,     0.120,         1.000,         1.000,         1.000,         1.000,         1.000,         1.000,         1.000,         1.000,         1.000,         0.000,         0.000,         0.000,
    18.667,     2.000,     1.510,    24.486,     0.021,     8.186,     0.000,     0.450,     1.110,   419.330,     1.000,    24.489,     0.000,     0.000,     0.000,     0.000,     0.000,     0.000,     0.000,        35.000,         0.009,     0.267,     0.001,     0.021,     0.120,         1.000,         1.000,         1.000,         1.000,         1.000,         1.000,         1.000,         1.000,         1.000,         0.000,         0.000,         0.000,
    18.671,     2.000,     1.499,    24.489,     0.022,     8.353,     0.000,     0.450,     1.099,   419.330,     1.000,    24.492,     0.000,     0.000,     0.000,     0.000,     0.000,     0.000,     0.000,        35.000,         0.009,     0.267,     0.001,     0.021,     0.120,         1.000,         1.000,         1.000,         1.000,         1.000,         1.000,         1.000,         1.000,         1.000,         0.000,         0.000,         0.000,
    18.675,     2.000,     1.487,    24.491,     0.023,     8.392,     0.000,     0.450,     1.087,   419.330,     1.000,    24.494,     0.000,     0.000,     0.000,     0.000,     0.000,     0.000,     0.000,        35.000,         0.009,     0.267,     0.001,     0.021,     0.120,         1.000,         1.000,         1.000,         1.000,         1.000,         1.000,         1.000,         1.000,         1.000,         0.000,         0.000,         0.000,
    18.679,     2.000,     1.475,    24.493,     0.029,     9.823,     0.000,     0.450,     1.075,   419.330,     1.000,    24.495,     0.000,     0.000,     0.000,     0.000,     0.000,     0.000,     0.000,        35.000,         0.009,     0.267,     0.001,     0.021,     0.120,         1.000,         1.000,         1.000,         1.000,         1.000,         1.000,         1.000,         1.000,         1.000,         0.000,         0.000,         0.000,
    18.683,     2.000,     1.462,    24.495,     0.029,     9.633,     0.000,     0.450,     1.062,   419.330,     1.000,    24.497,     0.000,     0.000,     0.000,     0.000,     0.000,     0.000,     0.000,        35.000,         0.009,     0.267,     0.001,     0.021,     0.120,         1.000,         1.000,         1.000,         1.000,         1.000,         1.000,         1.000,         1.000,         1.000,         0.000,         0.000,         0.000,
    18.688,     2.000,     1.449,    24.497,     0.028,     9.042,     0.000,     0.450,     1.049,   419.330,     1.000,    24.498,     0.000,     0.000,     0.000,     0.000,     0.000,     0.000,     0.000,        35.000,         0.009,     0.267,     0.001,     0.021,     0.120,         1.000,         1.000,         1.000,         1.000,         1.000,         1.000,         1.000,         1.000,         1.000,         0.000,         0.000,         0.000,
    18.692,     2.000,     1.437,    24.498,     0.030,     9.043,     0.000,     0.450,     1.037,   419.330,     1.000,    24.499,     0.000,     0.000,     0.000,     0.000,     0.000,     0.000,     0.000,        35.000,         0.009,     0.267,     0.001,     0.021,     0.120,         1.000,         1.000,         1.000,         1.000,         1.000,         1.000,         1.000,         1.000,         1.000,         0.000,         0.000,         0.000,
    18.696,     2.000,     1.425,    24.499,     0.030,     8.586,     0.000,     0.450,     1.025,   419.330,     1.000,    24.499,     0.000,     0.000,     0.000,     0.000,     0.000,     0.000,     0.000,        35.000,         0.009,     0.267,     0.001,     0.021,     0.120,         1.000,         1.000,         1.000,         1.000,         1.000,         1.000,         1.000,         1.000,         1.000,         0.000,         0.000,         0.000,
    18.700,     2.000,     1.413,    24.499,     0.029,     7.805,     0.000,     0.450,     1.013,   419.330,     1.000,    24.499,     0.000,     0.000,     0.000,     0.000,     0.000,     0.000,     0.000,        35.000,         0.009,     0.267,     0.001,     0.021,     0.120,         1.000,         1.000,         1.000,         1.000,         1.000,         1.000,         1.000,         1.000,         1.000,         0.000,         0.000,         0.000,
    18.704,     2.000,     1.403,    24.499,     0.029,     7.504,     0.000,     0.450,     1.003,   419.330,     1.000,    24.499,     0.000,     0.000,     0.000,     0.000,     0.000,     0.000,     0.000,        34.999,         0.009,     0.267,     0.001,     0.021,     0.120,         1.000,         1.000,         1.000,         1.000,         1.000,         1.000,         1.000,         1.000,         1.000,         0.000,         0.000,         0.000,
    19.622,     1.337,     1.411,    24.200,    -0.056,   -13.321,     0.000,     0.450,     1.011,   419.330,     1.000,    24.201,     0.000,     0.000,     0.000,     0.000,     0.000,     0.000,     0.000,        35.000,         0.009,     0.270,     0.001,     0.022,     0.121,         1.000,         1.000,         1.000,         1.000,         1.000,         1.000,         1.000,         1.000,         1.000,         0.000,         0.000,         0.000,
    19.626,     1.402,     1.426,    24.200,    -0.040,   -10.150,     0.000,     0.450,     1.026,   419.330,     1.000,    24.200,     0.000,     0.000,     0.000,     0.000,     0.000,     0.000,     0.000,        35.000,         0.009,     0.270,     0.001,     0.022,     0.121,         1.000,         1.000,         1.000,         1.000,         1.000,         1.000,         1.000,         1.000,         1.000,         0.000,         0.000,         0.000,
    19.630,     1.433,     1.438,    24.200,    -0.031,    -8.131,     0.000,     0.450,     1.038,   419.330,     1.000,    24.200,     0.000,     0.000,     0.000,     0.000,     0.000,     0.000,     0.000,        35.000,         0.009,     0.270,     0.001,     0.022,     0.121,         1.000,         1.000,         1.000,         1.000,         1.000,         1.000,         1.000,         1.000,         1.000,         0.000,         0.000,         0.000,
    19.634,     1.419,     1.449,    24.200,    -0.027,    -7.475,     0.000,     0.450,     1.049,   419.330,     1.000,    24.200,     0.000,     0.000,     0.000,     0.000,     0.000,     0.000,     0.000,        35.000,         0.009,     0.270,     0.001,     0.022,     0.121,         1.000,         1.000,         1.000,         1.000,         1.000,         1.000,         1.000,         1.000,         1.000,         0.000,         0.000,         0.000,
    19.638,     1.228,     1.460,    24.200,    -0.034,    -9.452,     0.000,     0.450,     1.060,   419.330,     1.000,    24.200,     0.000,     0.000,     0.000,     0.000,     0.000,     0.000,     0.000,        35.000,         0.009,     0.270,     0.001,     0.022,     0.121,         1.000,         1.000,         1.000,         1.000,         1.000,         1.000,         1.000,         1.000,         1.000,         0.000,         0.000,         0.000,
    19.643,     1.080,     1.477,    24.200,    -0.052,   -15.307,     0.000,     0.450,     1.077,   419.330,     1.000,    24.200,     0.000,     0.000,     0.000,     0.000,     0.000,     0.000,     0.000,        35.000,         0.009,     0.270,     0.001,     0.022,     0.121,         1.000,         1.000,         1.000,         1.000,         1.000,         1.000,         1.000,         1.000,         1.000,         0.000,         0.000,         0.000,
    19.647,     1.072,     1.501,    24.200,    -0.062,   -19.770,     0.000,     0.450,     1.101,   419.330,     1.000,    24.200,     0.000,     0.000,     0.000,     0.000,     0.000,     0.000,     0.000,        35.000,         0.009,     0.270,     0.001,     0.022,     0.121,         1.000,         1.000,         1.000,         1.000,         1.000,         1.000,         1.000,         1.000,         1.000,         0.000,         0.000,         0.000,
    19.651,     1.245,     1.527,    24.200,    -0.052,   -18.130,     0.000,     0.450,     1.127,   419.330,     1.000,    24.200,     0.000,     0.000,     0.000,     0.000,     0.000,     0.000,     0.000,        35.000,         0.009,     0.270,     0.001,     0.022,     0.122,         1.000,         1.000,         1.000,         1.000,         1.000,         1.000,         1.000,         1.000,         1.000,         0.000,         0.000,         0.000,
    19.655,     1.617,     1.545,    24.184,    -0.023,    -9.633,     0.000,     0.450,     1.145,   419.330,     1.000,    24.186,     0.000,     0.000,     0.000,     0.000,     0.000,     0.000,     0.000,        35.000,         0.009,     0.270,     0.001,     0.022,     0.122,         1.000,         1.000,         1.000,         1.000,         1.000,         1.000,         1.000,         1.000,         1.000,         0.000,         0.000,         0.000,
    19.659,     2.000,     1.552,    24.175,     0.004,    -0.525,     0.000,     0.450,     1.152,   419.330,     1.000,    24.175,     0.000,     0.000,     0.000,     0.000,     0.000,     0.000,     0.000,        35.000,         0.009,     0.270,     0.001,     0.022,     0.122,         1.000,         1.000,         1.000,         1.000,         1.000,         1.000,         1.000,         1.000,         1.000,         0.000,         0.000,         0.000,
    19.663,     2.000,     1.553,    24.173,    -0.002,    -1.236,     0.000,     0.450,     1.153,   419.330,     1.000,    24.173,     0.000,     0.000,     0.000,     0.000,     0.000,     0.000,     0.000,        35.000,         0.009,     0.270,     0.001,     0.022,     0.122,         1.000,         1.000,         1.000,         1.000,         1.000,         1.000,         1.000,         1.000,         1.000,         0.000,         0.000,         0.000,
    19.668,     2.000,     1.559,    24.135,    -0.022,    -7.591,     0.000,     0.450,     1.159,   419.330,     1.000,    24.144,     0.000,     0.000,     0.000,     0.000,     0.000,     0.000,     0.000,        35.000,         0.009,     0.270,     0.001,     0.022,     0.122,         1.000,         1.000,         1.000,         1.000,         1.000,         1.000,         1.000,         1.000,         1.000,         0.000,         0.000,         0.000,
    19.672,     2.000,     1.572,    24.110,    -0.031,   -11.532,     0.000,     0.450,     1.172,   419.330,     1.000,    24.118,     0.000,     0.000,     0.000,     0.000,     0.000,     0.000,     0.000,        35.000,         0.009,     0.270,     0.001,     0.022,     0.122,         1.000,         1.000,         1.000,         1.000,         1.000,         1.000,         1.000,         1.000,         1.000,         0.000,         0.000,         0.000,
    19.676,     2.000,     1.587,    24.105,    -0.028,   -11.695,     0.000,     0.450,     1.187,   419.330,     1.000,    24.108,     0.000,     0.000,     0.000,     0.000,     0.000,     0.000,     0.000,        35.000,         0.009,     0.270,     0.001,     0.022,     0.122,         1.000,         1.000,         1.000,         1.000,         1.000,         1.000,         1.000,         1.000,         1.000,         0.000,         0.000,         0.000,
    19.680,     2.000,     1.596,    24.106,     0.005,    -0.767,     0.000,     0.450,     1.196,   419.330,     1.000,    24.108,     0.000,     0.000,     0.000,     0.000,     0.000,     0.000,     0.000,        35.000,         0.009,     0.270,     0.001,     0.022,     0.122,         1.000,         1.000,         1.000,         1.000,         1.000,         1.000,         1.000,         1.000,         1.000,         0.000,         0.000,         0.000,
    19.684,     2.000,     1.590,    24.120,     0.029,     9.564,     0.000,     0.450,     1.190,   419.330,     1.000,    24.121,     0.000,     0.000,     0.000,     0.000,     0.000,     0.000,     0.000,        35.000,         0.009,     0.270,     0.001,     0.022,     0.122,         1.000,         1.000,         1.000,         1.000,         1.000,         1.000,         1.000,         1.000,         1.000,         0.000,         0.000,         0.000,
    19.688,     2.000,     1.579,    24.133,     0.014,     6.383,     0.000,     0.450,     1.179,   419.330,     1.000,    24.135,     0.000,     0.000,     0.000,     0.000,     0.000,     0.000,     0.000,        35.000,         0.009,     0.270,     0.001,     0.022,     0.122,         1.000,         1.000,         1.000,         1.000,         1.000,         1.000,         1.000,         1.000,         1.000,         0.000,         0.000,         0.000,
    19.693,     2.000,     1.574,    24.137,     0.001,     2.368,     0.000,     0.450,     1.174,   419.330,     1.000,    24.140,     0.000,     0.000,     0.000,     0.000,     0.000,     0.000,     0.000,        35.000,         0.009,     0.270,     0.001,     0.022,     0.122,         1.000,         1.000,         1.000,         1.000,         1.000,         1.000,         1.000,         1.000,         1.000,         0.000,         0.000,         0.000,
    19.697,     2.000,     1.572,    24.135,    -0.003,     1.098,     0.000,     0.450,     1.172,   419.330,     1.000,    24.142,     0.000,     0.000,     0.000,     0.000,     0.000,     0.000,     0.000,        35.000,         0.009,     0.270,     0.001,     0.022,     0.122,         1.000,         1.000,         1.000,         1.000,         1.000,         1.000,         1.000,         1.000,         1.000,         0.000,         0.000,         0.000,
    19.701,     2.000,     1.570,    24.130,     0.001,     2.527,     0.000,     0.450,     1.170,   419.330,     1.000,    24.144,     0.000,     0.000,     0.000,     0.000,     0.000,     0.000,     0.000,        35.000,         0.009,     0.270,     0.001,     0.022,     0.122,         1.000,         1.000,         1.000,         1.000,         1.000,         1.000,         1.000,         1.000,         1.000,         0.000,         0.000,         0.000,
    19.705,     2.000,     1.562,    24.138,     0.022,     9.496,     0.000,     0.450,     1.162,   419.330,     1.000,    24.149,     0.000,     0.000,     0.000,     0.000,     0.000,     0.000,     0.000,        35.000,         0.009,     0.270,     0.001,     0.022,     0.122,         1.000,         1.000,         1.000,         1.000,         1.000,         1.000,         1.000,         1.000,         1.000,         0.000,         0.000,         0.000,
    19.709,     2.000,     1.551,    24.145,     0.012,     6.839,     0.000,     0.450,     1.151,   419.330,     1.000,    24.157,     0.000,     0.000,     0.000,     0.000,     0.000,     0.000,     0.000,        35.000,         0.009,     0.270,     0.001,     0.022,     0.122,         1.000,         1.000,         1.000,         1.000,         1.000,         1.000,         1.000,         1.000,         1.000,         0.000,         0.000,         0.000,
    19.713,     2.000,     1.541,    24.150,     0.019,     8.363,     0.000,     0.450,     1.141,   419.330,     1.000,    24.163,     0.000,     0.000,     0.000,     0.000,     0.000,     0.000,     0.000,        35.000,         0.009,     0.270,     0.001,     0.022,     0.122,         1.000,         1.000,         1.000,         1.000,         1.000,         1.000,         1.000,         1.000,         1.000,         0.000,         0.000,         0.000,
    19.718,     2.000,     1.529,    24.157,     0.024,     9.855,     0.000,     0.450,     1.129,   419.330,     1.000,    24.170,     0.000,     0.000,     0.000,     0.000,     0.000,     0.000,     0.000,        35.000,         0.009,     0.270,     0.001,     0.022,     0.122,         1.000,         1.000,         1.000,         1.000,         1.000,         1.000,         1.000,         1.000,         1.000,         0.000,         0.000,         0.000,
    19.722,     2.000,     1.518,    24.163,     0.017,     7.742,     0.000,     0.450,     1.118,   419.330,     1.000,    24.176,     0.000,     0.000,     0.000,     0.000,     0.000,     0.000,     0.000,        35.000,         0.009,     0.270,     0.001,     0.022,     0.122,         1.000,         1.000,         1.000,         1.000,         1.000,         1.000,         1.000,         1.000,         1.000,         0.000,         0.000,         0.000,
    19.726,     2.000,     1.508,    24.169,     0.021,     8.290,     0.000,     0.450,     1.108,   419.330,     1.000,    24.181,     0.000,     0.000,     0.000,     0.000,     0.000,     0.000,     0.000,        35.000,         0.009,     0.270,     0.001,     0.022,     0.122,         1.000,         1.000,         1.000,         1.000,         1.000,         1.000,         1.000,         1.000,         1.000,         0.000,         0.000,         0.000,
    19.730,     2.000,     1.497,    24.175,     0.019,     7.602,     0.000,     0.450,     1.097,   419.330,     1.000,    24.186,     0.000,     0.000,     0.000,     0.000,     0.000,     0.000,     0.000,        35.000,         0.009,     0.270,     0.001,     0.022,     0.122,         1.000,         1.000,         1.000,         1.000,         1.000,         1.000,         1.000,         1.000,         1.000,         0.000,         0.000,         0.000,
    19.734,     2.000,     1.487,    24.180,     0.016,     6.379,     0.000,     0.450,     1.087,   419.330,     1.000,    24.189,     0.000,     0.000,     0.000,     0.000,     0.000,     0.000,     0.000,        35.000,         0.009,     0.270,     0.001,     0.022,     0.122,         1.000,         1.000,         1.000,         1.000,         1.000,         1.000,         1.000,         1.000,         1.000,         0.000,         0.000,         0.000,
    19.738,     2.000,     1.478,    24.184,     0.022,     7.808,     0.000,     0.450,     1.078,   419.330,     1.000,    24.192,     0.000,     0.000,     0.000,     0.000,     0.000,     0.000,     0.000,        35.000,         0.009,     0.270,     0.001,     0.022,     0.122,         1.000,         1.000,         1.000,         1.000,         1.000,         1.000,         1.000,         1.000,         1.000,         0.000,         0.000,         0.000,
    19.743,     2.000,     1.466,    24.189,     0.031,    10.071,     0.000,     0.450,     1.066,   419.330,     1.000,    24.195,     0.000,     0.000,     0.000,     0.000,     0.000,     0.000,     0.000,        35.000,         0.009,     0.270,     0.001,     0.022,     0.122,         1.000,         1.000,         1.000,         1.000,         1.000,         1.000,         1.000,         1.000,         1.000,         0.000,         0.000,         0.000,
    19.747,     2.000,     1.453,    24.193,     0.029,     9.138,     0.000,     0.450,     1.053,   419.330,     1.000,    24.198,     0.000,     0.000,     0.000,     0.000,     0.000,     0.000,     0.000,        35.000,         0.009,     0.271,     0.001,     0.022,     0.122,         1.000,         1.000,         1.000,         1.000,         1.000,         1.000,         1.000,         1.000,         1.000,         0.000,         0.000,         0.000,
    19.751,     2.000,     1.440,    24.197,     0.031,     9.323,     0.000,     0.450,     1.040,   419.330,     1.000,    24.201,     0.000,     0.000,     0.000,     0.000,     0.000,     0.000,     0.000,        35.000,         0.009,     0.271,     0.001,     0.022,     0.122,         1.000,         1.000,         1.000,         1.000,         1.000,         1.000,         1.000,         1.000,         1.000,         0.000,         0.000,         0.000,
    19.755,     2.000,     1.428,    24.201,     0.029,     8.399,     0.000,     0.450,     1.028,   419.330,     1.000,    24.204,     0.000,     0.000,     0.000,     0.000,     0.000,     0.000,     0.000,        35.000,         0.009,     0.271,     0.001,     0.022,     0.122,         1.000,         1.000,         1.000,         1.000,         1.000,         1.000,         1.000,         1.000,         1.000,         0.000,         0.000,         0.000,
    19.759,     2.000,     1.417,    24.205,     0.027,     7.655,     0.000,     0.450,     1.017,   419.330,     1.000,    24.209,     0.000,     0.000,     0.000,     0.000,     0.000,     0.000,     0.000,        35.000,         0.009,     0.271,     0.001,     0.022,     0.122,         1.000,         1.000,         1.000,         1.000,         1.000,         1.000,         1.000,         1.000,         1.000,         0.000,         0.000,         0.000,
    19.764,     1.990,     1.407,    24.209,     0.030,     7.840,     0.000,     0.450,     1.007,   419.330,     1.000,    24.215,     0.000,     0.000,     0.000,     0.000,     0.000,     0.000,     0.000,        35.000,         0.009,     0.271,     0.001,     0.022,     0.122,         1.000,         1.000,         1.000,         1.000,         1.000,         1.000,         1.000,         1.000,         1.000,         0.000,         0.000,         0.000,
    20.668,     1.000,     1.424,    24.052,    -0.094,   -23.315,     0.000,     0.450,     1.024,   419.330,     1.000,    24.064,     0.000,     0.000,     0.000,     0.000,     0.000,     0.000,     0.000,        35.000,         0.009,     0.273,     0.001,     0.022,     0.123,         1.000,         1.000,         1.000,         1.000,         1.000,         1.000,         1.000,         1.000,         1.000,         0.000,         0.000,         0.000,
    20.673,     1.022,     1.454,    24.004,    -0.080,   -21.840,     0.000,     0.450,     1.054,   419.330,     1.000,    24.006,     0.000,     0.000,     0.000,     0.000,     0.000,     0.000,     0.000,        35.000,         0.009,     0.273,     0.001,     0.022,     0.123,         1.000,         1.000,         1.000,         1.000,         1.000,         1.000,         1.000,         1.000,         1.000,         0.000,         0.000,         0.000,
    20.677,     1.186,     1.476,    24.051,    -0.048,   -14.366,     0.000,     0.450,     1.076,   419.330,     1.000,    24.054,     0.000,     0.000,     0.000,     0.000,     0.000,     0.000,     0.000,        35.000,         0.009,     0.273,     0.001,     0.022,     0.123,         1.000,         1.000,         1.000,         1.000,         1.000,         1.000,         1.000,         1.000,         1.000,         0.000,         0.000,         0.000,
    20.681,     1.186,     1.491,    24.081,    -0.027,    -8.622,     0.000,     0.450,     1.091,   419.330,     1.000,    24.083,     0.000,     0.000,     0.000,     0.000,     0.000,     0.000,     0.000,        35.000,         0.009,     0.273,     0.001,     0.022,     0.123,         1.000,         1.000,         1.000,         1.000,         1.000,         1.000,         1.000,         1.000,         1.000,         0.000,         0.000,         0.000,
    20.685,     1.177,     1.503,    24.091,    -0.029,    -9.439,     0.000,     0.450,     1.103,   419.330,     1.000,    24.092,     0.000,     0.000,     0.000,     0.000,     0.000,     0.000,     0.000,        35.000,         0.009,     0.273,     0.001,     0.022,     0.123,         1.000,         1.000,         1.000,         1.000,         1.000,         1.000,         1.000,         1.000,         1.000,         0.000,         0.000,         0.000,
    20.689,     1.146,     1.518,    24.093,    -0.033,   -11.179,     0.000,     0.450,     1.118,   419.330,     1.000,    24.093,     0.000,     0.000,     0.000,     0.000,     0.000,     0.000,     0.000,        35.000,         0.009,     0.273,     0.001,     0.022,     0.123,         1.000,         1.000,         1.000,         1.000,         1.000,         1.000,         1.000,         1.000,         1.000,         0.000,         0.000,         0.000,
    20.693,     1.000,     1.536,    24.089,    -0.040,   -14.713,     0.000,     0.450,     1.136,   419.330,     1.000,    24.090,     0.000,     0.000,     0.000,     0.000,     0.000,     0.000,     0.000,        35.000,         0.009,     0.273,     0.001,     0.022,     0.123,         1.000,         1.000,         1.000,         1.000,         1.000,         1.000,         1.000,         1.000,         1.000,         0.000,         0.000,         0.000,
    20.698,     1.000,     1.562,    24.042,    -0.053,   -21.485,     0.000,     0.450,     1.162,   419.330,     1.000,    24.048,     0.000,     0.000,     0.000,     0.000,     0.000,     0.000,     0.000,        35.000,         0.009,     0.273,     0.001,     0.022,     0.123,         1.000,         1.000,         1.000,         1.000,         1.000,         1.000,         1.000,         1.000,         1.000,         0.000,         0.000,         0.000,
    20.702,     1.006,     1.592,    24.001,    -0.043,   -19.716,     0.000,     0.450,     1.192,   419.330,     1.000,    24.004,     0.000,     0.000,     0.000,     0.000,     0.000,     0.000,     0.000,        35.000,         0.009,     0.273,     0.001,     0.022,     0.123,         1.000,         1.000,         1.000,         1.000,         1.000,         1.000,         1.000,         1.000,         1.000,         0.000,         0.000,         0.000,
    20.706,     1.194,     1.615,    23.943,    -0.041,   -15.306,     0.000,     0.450,     1.215,   419.330,     1.000,    23.950,     0.000,     0.000,     0.000,     0.000,     0.000,     0.000,     0.000,        35.000,         0.009,     0.048,     0.000,     0.004,     0.022,         1.000,         1.000,         1.000,         1.000,         1.000,         1.000,         1.000,         1.000,         1.000,         0.000,         0.000,         0.000,
    20.710,     1.613,     1.631,    23.914,    -0.028,   -10.980,     0.000,     0.450,     1.231,   419.330,     1.000,    23.917,     0.000,     0.000,     0.000,     0.000,     0.000,     0.000,     0.000,        35.000,         0.009,     0.048,     0.000,     0.004,     0.022,         1.000,         1.000,         1.000,         1.000,         1.000,         1.000,         1.000,         1.000,         1.000,         0.000,         0.000,         0.000,
    20.714,     2.000,     1.636,    23.916,     0.003,    -0.390,     0.000,     0.450,     1.236,   419.330,     1.000,    23.916,     0.000,     0.000,     0.000,     0.000,     0.000,     0.000,     0.000,        35.000,         0.009,     0.048,     0.000,     0.004,     0.022,         1.000,         1.000,         1.000,         1.000,         1.000,         1.000,         1.000,         1.000,         1.000,         0.000,         0.000,         0.000,
    20.718,     2.000,     1.636,    23.919,    -0.002,    -1.666,     0.000,     0.450,     1.236,   419.330,     1.000,    23.920,     0.000,     0.000,     0.000,     0.000,     0.000,     0.000,     0.000,        35.000,         0.009,     0.048,     0.000,     0.004,     0.022,         1.000,         1.000,         1.000,         1.000,         1.000,         1.000,         1.000,         1.000,         1.000,         0.000,         0.000,         0.000,
    20.723,     1.698,     1.650,    23.906,    -0.035,   -12.931,     0.000,     0.450,     1.250,   419.330,     1.000,    23.909,     0.000,     0.000,     0.000,     0.000,     0.000,     0.000,     0.000,        35.000,         0.009,     0.048,     0.000,     0.004,     0.022,         1.000,         1.000,         1.000,         1.000,         1.000,         1.000,         1.000,         1.000,         1.000,         0.000,         0.000,         0.000,
    20.727,     1.883,     1.674,    23.902,    -0.038,   -16.336,     0.000,     0.450,     1.274,   419.330,     1.000,    23.903,     0.000,     0.000,     0.000,     0.000,     0.000,     0.000,     0.000,        35.000,         0.009,     0.048,     0.000,     0.004,     0.022,         1.000,         1.000,         1.000,         1.000,         1.000,         1.000,         1.000,         1.000,         1.000,         0.000,         0.000,         0.000,
    20.731,     2.000,     1.691,    23.902,    -0.024,   -11.231,     0.000,     0.450,     1.291,   419.330,     1.000,    23.902,     0.000,     0.000,     0.000,     0.000,     0.000,     0.000,     0.000,        35.000,         0.009,     0.048,     0.000,     0.004,     0.022,         1.000,         1.000,         1.000,         1.000,         1.000,         1.000,         1.000,         1.000,         1.000,         0.000,         0.000,         0.000,
    20.735,     2.000,     1.690,    23.906,     0.021,     6.033,     0.000,     0.450,     1.290,   419.330,     1.000,    23.906,     0.000,     0.000,     0.000,     0.000,     0.000,     0.000,     0.000,        35.000,         0.009,     0.048,     0.000,     0.004,     0.022,         1.000,         1.000,         1.000,         1.000,         1.000,         1.000,         1.000,         1.000,         1.000,         0.000,         0.000,         0.000,
    20.739,     2.000,     1.675,    23.920,     0.035,    13.731,     0.000,     0.450,     1.275,   419.330,     1.000,    23.922,     0.000,     0.000,     0.000,     0.000,     0.000,     0.000,     0.000,        35.000,         0.009,     0.048,     0.000,     0.004,     0.022,         1.000,         1.000,         1.000,         1.000,         1.000,         1.000,         1.000,         1.000,         1.000,         0.000,         0.000,         0.000,
    20.743,     2.000,     1.663,    23.927,     0.009,     5.450,     0.000,     0.450,     1.263,   419.330,     1.000,    23.928,     0.000,     0.000,     0.000,     0.000,     0.000,     0.000,     0.000,        35.000,         0.009,     0.048,     0.000,     0.004,     0.022,         1.000,         1.000,         1.000,         1.000,         1.000,         1.000,         1.000,         1.000,         1.000,         0.000,         0.000,         0.000,
    20.748,     2.000,     1.659,    23.926,    -0.004,     0.528,     0.000,     0.450,     1.259,   419.330,     1.000,    23.930,     0.000,     0.000,     0.000,     0.000,     0.000,     0.000,     0.000,        35.000,         0.009,     0.048,     0.000,     0.004,     0.022,         1.000,         1.000,         1.000,         1.000,         1.000,         1.000,         1.000,         1.000,         1.000,         0.000,         0.000,         0.000,
    20.752,     2.000,     1.657,    23.927,     0.000,     1.868,     0.000,     0.450,     1.257,   419.330,     1.000,    23.932,     0.000,     0.000,     0.000,     0.000,     0.000,     0.000,     0.000,        35.000,         0.009,     0.048,     0.000,     0.004,     0.022,         1.000,         1.000,         1.000,         1.000,         1.000,         1.000,         1.000,         1.000,         1.000,         0.000,         0.000,         0.000,
    20.756,     2.000,     1.650,    23.931,     0.018,     7.975,     0.000,     0.450,     1.250,   419.330,     1.000,    23.935,     0.000,     0.000,     0.000,     0.000,     0.000,     0.000,     0.000,        35.000,         0.009,     0.048,     0.000,     0.004,     0.022,         1.000,         1.000,         1.000,         1.000,         1.000,         1.000,         1.000,         1.000,         1.000,         0.000,         0.000,         0.000,
    20.760,     2.000,     1.635,    23.936,     0.031,    12.548,     0.000,     0.450,     1.235,   419.330,     1.000,    23.942,     0.000,     0.000,     0.000,     0.000,     0.000,     0.000,     0.000,        35.000,         0.009,     0.048,     0.000,     0.004,     0.022,         1.000,         1.000,         1.000,         1.000,         1.000,         1.000,         1.000,         1.000,         1.000,         0.000,         0.000,         0.000,
    20.764,     2.000,     1.619,    23.940,     0.023,    10.537,     0.000,     0.450,     1.219,   419.330,     1.000,    23.953,     0.000,     0.000,     0.000,     0.000,     0.000,     0.000,     0.000,        35.000,         0.009,     0.048,     0.000,     0.004,     0.022,         1.000,         1.000,         1.000,         1.000,         1.000,         1.000,         1.000,         1.000,         1.000,         0.000,         0.000,         0.000,
    20.768,     2.000,     1.606,    23.946,     0.015,     8.245,     0.000,     0.450,     1.206,   419.330,     1.000,    23.968,     0.000,     0.000,     0.000,     0.000,     0.000,     0.000,     0.000,        35.000,         0.009,     0.048,     0.000,     0.004,     0.022,         1.000,         1.000,         1.000,         1.000,         1.000,         1.000,         1.000,         1.000,         1.000,         0.000,         0.000,         0.000,
    20.773,     2.000,     1.594,    23.943,     0.007,     7.414,     0.000,     0.450,     1.194,   419.330,     1.000,    23.981,     0.000,     0.000,     0.000,     0.000,     0.000,     0.000,     0.000,        35.000,         0.009,     0.274,     0.001,     0.022,     0.123,         1.000,         1.000,         1.000,         1.000,         1.000,         1.000,         1.000,         1.000,         1.000,         0.000,         0.000,         0.000,
    20.777,     2.000,     1.583,    23.947,     0.009,     8.213,     0.000,     0.450,     1.183,   419.330,     1.000,    23.993,     0.000,     0.000,     0.000,     0.000,     0.000,     0.000,     0.000,        35.000,         0.009,     0.274,     0.001,     0.022,     0.123,         1.000,         1.000,         1.000,         1.000,         1.000,         1.000,         1.000,         1.000,         1.000,         0.000,         0.000,         0.000,
    20.781,     2.000,     1.570,    23.955,     0.018,    11.042,     0.000,     0.450,     1.170,   419.330,     1.000,    24.006,     0.000,     0.000,     0.000,     0.000,     0.000,     0.000,     0.000,        35.000,         0.009,     0.274,     0.001,     0.022,     0.123,         1.000,         1.000,         1.000,         1.000,         1.000,         1.000,         1.000,         1.000,         1.000,         0.000,         0.000,         0.000,
    20.785,     2.000,     1.555,    23.965,     0.017,    10.593,     0.000,     0.450,     1.155,   419.330,     1.000,    24.019,     0.000,     0.000,     0.000,     0.000,     0.000,     0.000,     0.000,        35.000,         0.009,     0.274,     0.001,     0.022,     0.123,         1.000,         1.000,         1.000,         1.000,         1.000,         1.000,         1.000,         1.000,         1.000,         0.000,         0.000,         0.000,
    20.789,     2.000,     1.541,    23.975,     0.016,    10.097,     0.000,     0.450,     1.141,   419.330,     1.000,    24.030,     0.000,     0.000,     0.000,     0.000,     0.000,     0.000,     0.000,        35.000,         0.009,     0.274,     0.001,     0.022,     0.123,         1.000,         1.000,         1.000,         1.000,         1.000,         1.000,         1.000,         1.000,         1.000,         0.000,         0.000,         0.000,
    20.793,     1.965,     1.526,    23.985,     0.021,    10.762,     0.000,     0.450,     1.126,   419.330,     1.000,    24.038,     0.000,     0.000,     0.000,     0.000,     0.000,     0.000,     0.000,        35.000,         0.009,     0.274,     0.001,     0.022,     0.123,         1.000,         1.000,         1.000,         1.000,         1.000,         1.000,         1.000,         1.000,         1.000,         0.000,         0.000,         0.000,
    20.798,     1.874,     1.512,    23.996,     0.025,    10.883,     0.000,     0.450,     1.112,   419.330,     1.000,    24.044,     0.000,     0.000,     0.000,     0.000,     0.000,     0.000,     0.000,        35.000,         0.009,     0.274,     0.001,     0.022,     0.123,         1.000,         1.000,         1.000,         1.000,         1.000,         1.000,         1.000,         1.000,         1.000,         0.000,         0.000,         0.000,
    20.802,     1.744,     1.497,    24.008,     0.029,    11.336,     0.000,     0.450,     1.097,   419.330,     1.000,    24.048,     0.000,     0.000,     0.000,     0.000,     0.000,     0.000,     0.000,        35.000,         0.009,     0.274,     0.001,     0.022,     0.123,         1.000,         1.000,         1.000,         1.000,         1.000,         1.000,         1.000,         1.000,         1.000,         0.000,         0.000,         0.000,
    20.806,     1.734,     1.481,    24.017,     0.032,    11.572,     0.000,     0.450,     1.081,   419.330,     1.000,    24.052,     0.000,     0.000,     0.000,     0.000,     0.000,     0.000,     0.000,        35.000,         0.009,     0.274,     0.001,     0.022,     0.123,         1.000,         1.000,         1.000,         1.000,         1.000,         1.000,         1.000,         1.000,         1.000,         0.000,         0.000,         0.000,
    20.810,     1.763,     1.466,    24.028,     0.032,    10.799,     0.000,     0.450,     1.066,   419.330,     1.000,    24.055,     0.000,     0.000,     0.000,     0.000,     0.000,     0.000,     0.000,        35.000,         0.009,     0.274,     0.001,     0.022,     0.123,         1.000,         1.000,         1.000,         1.000,         1.000,         1.000,         1.000,         1.000,         1.000,         0.000,         0.000,         0.000,
    20.814,     1.715,     1.452,    24.037,     0.032,    10.170,     0.000,     0.450,     1.052,   419.330,     1.000,    24.056,     0.000,     0.000,     0.000,     0.000,     0.000,     0.000,     0.000,        34.999,         0.009,     0.274,     0.001,     0.022,     0.123,         1.000,         1.000,         1.000,         1.000,         1.000,         1.000,         1.000,         1.000,         1.000,         0.000,         0.000,         0.000,
    20.819,     1.707,     1.438,    24.044,     0.035,    10.093,     0.000,     0.450,     1.038,   419.330,     1.000,    24.056,     0.000,     0.000,     0.000,     0.000,     0.000,     0.000,     0.000,        34.999,         0.009,     0.274,     0.001,     0.022,     0.123,         1.000,         1.000,         1.000,         1.000,         1.000,         1.000,         1.000,         1.000,         1.000,         0.000,         0.000,         0.000,
    20.823,     1.712,     1.424,    24.048,     0.037,     9.839,     0.000,     0.450,     1.024,   419.330,     1.000,    24.055,     0.000,     0.000,     0.000,     0.000,     0.000,     0.000,     0.000,        34.997,         0.009,     0.274,     0.001,     0.022,     0.123,         1.000,         1.000,         1.000,         1.000,         1.000,         1.000,         1.000,         1.000,         1.000,         0.000,         0.000,         0.000,
    20.827,     1.698,     1.411,    24.050,     0.038,     9.439,     0.000,     0.450,     1.011,   419.330,     1.000,    24.053,     0.000,     0.000,     0.000,     0.000,     0.000,     0.000,     0.000,        34.995,         0.009,     0.274,     0.001,     0.022,     0.123,         1.000,         1.000,         1.000,         1.000,         1.000,         1.000,         1.000,         1.000,         1.000,         0.000,         0.000,         0.000,
    21.707,     1.000,     1.418,    23.310,    -0.090,   -19.492,     0.000,     0.450,     1.018,   419.330,     1.000,    23.318,     0.000,     0.000,     0.000,     0.000,     0.000,     0.000,     0.000,        35.000,         0.010,     0.276,     0.001,     0.022,     0.124,         1.000,         1.000,         1.000,         1.000,         1.000,         1.000,         1.000,         1.000,         1.000,         0.000,         0.000,         0.000,
    21.711,     1.000,     1.443,    23.317,    -0.082,   -19.360,     0.000,     0.450,     1.043,   419.330,     1.000,    23.317,     0.000,     0.000,     0.000,     0.000,     0.000,     0.000,     0.000,        35.000,         0.010,     0.276,     0.001,     0.022,     0.124,         1.000,         1.000,         1.000,         1.000,         1.000,         1.000,         1.000,         1.000,         1.000,         0.000,         0.000,         0.000,
    21.715,     1.000,     1.470,    23.386,    -0.083,   -21.406,     0.000,     0.450,     1.070,   419.330,     1.000,    23.386,     0.000,     0.000,     0.000,     0.000,     0.000,     0.000,     0.000,        35.000,         0.010,     0.276,     0.001,     0.022,     0.124,         1.000,         1.000,         1.000,         1.000,         1.000,         1.000,         1.000,         1.000,         1.000,         0.000,         0.000,         0.000,
    21.719,     1.000,     1.499,    23.399,    -0.079,   -22.102,     0.000,     0.450,     1.099,   419.330,     1.000,    23.399,     0.000,     0.000,     0.000,     0.000,     0.000,     0.000,     0.000,        35.000,         0.010,     0.276,     0.001,     0.022,     0.124,         1.000,         1.000,         1.000,         1.000,         1.000,         1.000,         1.000,         1.000,         1.000,         0.000,         0.000,         0.000,
    21.723,     1.000,     1.527,    23.400,    -0.068,   -20.571,     0.000,     0.450,     1.127,   419.330,     1.000,    23.400,     0.000,     0.000,     0.000,     0.000,     0.000,     0.000,     0.000,        35.000,         0.010,     0.276,     0.001,     0.022,     0.124,         1.000,         1.000,         1.000,         1.000,         1.000,         1.000,         1.000,         1.000,         1.000,         0.000,         0.000,         0.000,
    21.728,     1.000,     1.555,    23.455,    -0.058,   -19.368,     0.000,     0.450,     1.155,   419.330,     1.000,    23.456,     0.000,     0.000,     0.000,     0.000,     0.000,     0.000,     0.000,        35.000,         0.010,     0.276,     0.001,     0.022,     0.124,         1.000,         1.000,         1.000,         1.000,         1.000,         1.000,         1.000,         1.000,         1.000,         0.000,         0.000,         0.000,
    21.732,     1.000,     1.580,    23.428,    -0.049,   -17.000,     0.000,     0.450,     1.180,   419.330,     1.000,    23.441,     0.000,     0.000,     0.000,     0.000,     0.000,     0.000,     0.000,        35.000,         0.010,     0.276,     0.001,     0.022,     0.124,         1.000,         1.000,         1.000,         1.000,         1.000,         1.000,         1.000,         1.000,         1.000,         0.000,         0.000,         0.000,
    21.736,     1.000,     1.600,    23.404,    -0.047,   -13.659,     0.000,     0.450,     1.200,   419.330,     1.000,    23.410,     0.000,     0.000,     0.000,     0.000,     0.000,     0.000,     0.000,        35.000,         0.010,     0.046,     0.000,     0.004,     0.021,         1.000,         1.000,         1.000,         1.000,         1.000,         1.000,         1.000,         1.000,         1.000,         0.000,         0.000,         0.000,
    21.740,     1.000,     1.618,    23.401,    -0.041,   -12.133,     0.000,     0.450,     1.218,   419.330,     1.000,    23.403,     0.000,     0.000,     0.000,     0.000,     0.000,     0.000,     0.000,        35.000,         0.010,     0.046,     0.000,     0.004,     0.021,         1.000,         1.000,         1.000,         1.000,         1.000,         1.000,         1.000,         1.000,         1.000,         0.000,         0.000,         0.000,
    21.744,     1.000,     1.635,    23.401,    -0.043,   -13.008,     0.000,     0.450,     1.235,   419.330,     1.000,    23.401,     0.000,     0.000,     0.000,     0.000,     0.000,     0.000,     0.000,        35.000,         0.010,     0.046,     0.000,     0.004,     0.021,         1.000,         1.000,         1.000,         1.000,         1.000,         1.000,         1.000,         1.000,         1.000,         0.000,         0.000,         0.000,
    21.748,     1.000,     1.655,    23.400,    -0.058,   -18.712,     0.000,     0.450,     1.255,   419.330,     1.000,    23.401,     0.000,     0.000,     0.000,     0.000,     0.000,     0.000,     0.000,        35.000,         0.010,     0.046,     0.000,     0.004,     0.021,         1.000,         1.000,         1.000,         1.000,         1.000,         1.000,         1.000,         1.000,         1.000,         0.000,         0.000,         0.000,
    21.753,     1.000,     1.682,    23.400,    -0.058,   -20.625,     0.000,     0.450,     1.282,   419.330,     1.000,    23.400,     0.000,     0.000,     0.000,     0.000,     0.000,     0.000,     0.000,        35.000,         0.010,     0.046,     0.000,     0.004,     0.021,         1.000,         1.000,         1.000,         1.000,         1.000,         1.000,         1.000,         1.000,         1.000,         0.000,         0.000,         0.000,
    21.757,     1.000,     1.707,    23.400,    -0.042,   -16.147,     0.000,     0.450,     1.307,   419.330,     1.000,    23.400,     0.000,     0.000,     0.000,     0.000,     0.000,     0.000,     0.000,        35.000,         0.010,     0.046,     0.000,     0.004,     0.021,         1.000,         1.000,         1.000,         1.000,         1.000,         1.000,         1.000,         1.000,         1.000,         0.000,         0.000,         0.000,
    21.761,     1.206,     1.726,    23.378,    -0.023,    -8.823,     0.000,     0.450,     1.326,   419.330,     1.000,    23.386,     0.000,     0.000,     0.000,     0.000,     0.000,     0.000,     0.000,        35.000,         0.010,     0.046,     0.000,     0.004,     0.021,         1.000,         1.000,         1.000,         1.000,         1.000,         1.000,         1.000,         1.000,         1.000,         0.000,         0.000,         0.000,
    21.765,     1.889,     1.735,    23.342,    -0.009,    -2.009,     0.000,     0.450,     1.335,   419.330,     1.000,    23.359,     0.000,     0.000,     0.000,     0.000,     0.000,     0.000,     0.000,        35.000,         0.010,     0.046,     0.000,     0.004,     0.021,         1.000,         1.000,         1.000,         1.000,         1.000,         1.000,         1.000,         1.000,         1.000,         0.000,         0.000,         0.000,
    21.769,     3.000,     1.734,    23.346,     0.000,     1.639,     0.000,     0.450,     1.334,   419.330,     1.000,    23.363,     0.000,     0.000,     0.000,     0.000,     0.000,     0.000,     0.000,        35.000,         0.010,     0.046,     0.000,     0.004,     0.021,         1.000,         1.000,         1.000,         1.000,         1.000,         1.000,         1.000,         1.000,         1.000,         0.000,         0.000,         0.000,
    21.773,     3.000,     1.734,    23.343,    -0.012,    -2.430,     0.000,     0.450,     1.334,   419.330,     1.000,    23.366,     0.000,     0.000,     0.000,     0.000,     0.000,     0.000,     0.000,        35.000,         0.010,     0.046,     0.000,     0.004,     0.021,         1.000,         1.000,         1.000,         1.000,         1.000,         1.000,         1.000,         1.000,         1.000,         0.000,         0.000,         0.000,
    21.778,     3.000,     1.737,    23.326,    -0.013,    -2.054,     0.000,     0.450,     1.337,   419.330,     1.000,    23.358,     0.000,     0.000,     0.000,     0.000,     0.000,     0.000,     0.000,        35.000,         0.010,     0.046,     0.000,     0.004,     0.021,         1.000,         1.000,         1.000,         1.000,         1.000,         1.000,         1.000,         1.000,         1.000,         0.000,         0.000,         0.000,
    21.782,     3.000,     1.735,    23.328,    -0.002,     2.690,     0.000,     0.450,     1.335,   419.330,     1.000,    23.362,     0.000,     0.000,     0.000,     0.000,     0.000,     0.000,     0.000,        35.000,         0.010,     0.046,     0.000,     0.004,     0.021,         1.000,         1.000,         1.000,         1.000,         1.000,         1.000,         1.000,         1.000,         1.000,         0.000,         0.000,         0.000,
    21.786,     3.000,     1.733,    23.332,    -0.001,     3.306,     0.000,     0.450,     1.333,   419.330,     1.000,    23.367,     0.000,     0.000,     0.000,     0.000,     0.000,     0.000,     0.000,        35.000,         0.010,     0.046,     0.000,     0.004,     0.021,         1.000,         1.000,         1.000,         1.000,         1.000,         1.000,         1.000,         1.000,         1.000,         0.000,         0.000,         0.000,
    21.790,     3.000,     1.726,    23.342,     0.011,     8.327,     0.000,     0.450,     1.326,   419.330,     1.000,    23.374,     0.000,     0.000,     0.000,     0.000,     0.000,     0.000,     0.000,        35.000,         0.010,     0.046,     0.000,     0.004,     0.021,         1.000,         1.000,         1.000,         1.000,         1.000,         1.000,         1.000,         1.000,         1.000,         0.000,         0.000,         0.000,
    21.794,     3.000,     1.714,    23.355,     0.012,     8.886,     0.000,     0.450,     1.314,   419.330,     1.000,    23.383,     0.000,     0.000,     0.000,     0.000,     0.000,     0.000,     0.000,        35.000,         0.010,     0.046,     0.000,     0.004,     0.021,         1.000,         1.000,         1.000,         1.000,         1.000,         1.000,         1.000,         1.000,         1.000,         0.000,         0.000,         0.000,
    21.798,     2.933,     1.701,    23.365,     0.008,     7.273,     0.000,     0.450,     1.301,   419.330,     1.000,    23.389,     0.000,     0.000,     0.000,     0.000,     0.000,     0.000,     0.000,        35.000,         0.010,     0.046,     0.000,     0.004,     0.021,         1.000,         1.000,         1.000,         1.000,         1.000,         1.000,         1.000,         1.000,         1.000,         0.000,         0.000,         0.000,
    21.803,     2.044,     1.687,    23.373,     0.010,     7.952,     0.000,     0.450,     1.287,   419.330,     1.000,    23.394,     0.000,     0.000,     0.000,     0.000,     0.000,     0.000,     0.000,        35.000,         0.010,     0.046,     0.000,     0.004,     0.021,         1.000,         1.000,         1.000,         1.000,         1.000,         1.000,         1.000,         1.000,         1.000,         0.000,         0.000,         0.000,
    21.807,     1.847,     1.671,    23.380,     0.015,     9.240,     0.000,     0.450,     1.271,   419.330,     1.000,    23.397,     0.000,     0.000,     0.000,     0.000,     0.000,     0.000,     0.000,        35.000,         0.010,     0.046,     0.000,     0.004,     0.021,         1.000,         1.000,         1.000,         1.000,         1.000,         1.000,         1.000,         1.000,         1.000,         0.000,         0.000,         0.000,
    21.811,     1.924,     1.655,    23.386,     0.022,    11.222,     0.000,     0.450,     1.255,   419.330,     1.000,    23.400,     0.000,     0.000,     0.000,     0.000,     0.000,     0.000,     0.000,        35.000,         0.010,     0.046,     0.000,     0.004,     0.021,         1.000,         1.000,         1.000,         1.000,         1.000,         1.000,         1.000,         1.000,         1.000,         0.000,         0.000,         0.000,
    21.815,     1.968,     1.639,    23.391,     0.023,    11.166,     0.000,     0.450,     1.239,   419.330,     1.000,    23.404,     0.000,     0.000,     0.000,     0.000,     0.000,     0.000,     0.000,        35.000,         0.010,     0.046,     0.000,     0.004,     0.021,         1.000,         1.000,         1.000,         1.000,         1.000,         1.000,         1.000,         1.000,         1.000,         0.000,         0.000,         0.000,
    21.819,     1.986,     1.622,    23.396,     0.025,    11.562,     0.000,     0.450,     1.222,   419.330,     1.000,    23.407,     0.000,     0.000,     0.000,     0.000,     0.000,     0.000,     0.000,        35.000,         0.010,     0.046,     0.000,     0.004,     0.021,         1.000,         1.000,         1.000,         1.000,         1.000,         1.000,         1.000,         1.000,         1.000,         0.000,         0.000,         0.000,
    21.823,     1.906,     1.605,    23.399,     0.024,    10.809,     0.000,     0.450,     1.205,   419.330,     1.000,    23.409,     0.000,     0.000,     0.000,     0.000,     0.000,     0.000,     0.000,        35.000,         0.010,     0.046,     0.000,     0.004,     0.021,         1.000,         1.000,         1.000,         1.000,         1.000,         1.000,         1.000,         1.000,         1.000,         0.000,         0.000,         0.000,
    21.828,     1.632,     1.587,    23.396,     0.021,    12.274,     0.000,     0.450,     1.187,   419.330,     1.000,    23.412,     0.000,     0.000,     0.000,     0.000,     0.000,     0.000,     0.000,        35.000,         0.010,     0.277,     0.001,     0.022,     0.125,         1.000,         1.000,         1.000,         1.000,         1.000,         1.000,         1.000,         1.000,         1.000,         0.000,         0.000,         0.000,
    21.832,     1.602,     1.566,    23.399,     0.029,    14.054,     0.000,     0.450,     1.166,   419.330,     1.000,    23.412,     0.000,     0.000,     0.000,     0.000,     0.000,     0.000,     0.000,        35.000,         0.010,     0.277,     0.001,     0.022,     0.125,         1.000,         1.000,         1.000,         1.000,         1.000,         1.000,         1.000,         1.000,         1.000,         0.000,         0.000,         0.000,
    21.836,     1.668,     1.548,    23.400,     0.026,    12.244,     0.000,     0.450,     1.148,   419.330,     1.000,    23.411,     0.000,     0.000,     0.000,     0.000,     0.000,     0.000,     0.000,        35.000,         0.010,     0.277,     0.001,     0.022,     0.125,         1.000,         1.000,         1.000,         1.000,         1.000,         1.000,         1.000,         1.000,         1.000,         0.000,         0.000,         0.000,
    21.840,     1.705,     1.531,    23.400,     0.027,    11.688,     0.000,     0.450,     1.131,   419.330,     1.000,    23.407,     0.000,     0.000,     0.000,     0.000,     0.000,     0.000,     0.000,        35.000,         0.010,     0.277,     0.001,     0.022,     0.125,         1.000,         1.000,         1.000,         1.000,         1.000,         1.000,         1.000,         1.000,         1.000,         0.000,         0.000,         0.000,
    21.844,     1.707,     1.515,    23.397,     0.028,    11.356,     0.000,     0.450,     1.115,   419.330,     1.000,    23.404,     0.000,     0.000,     0.000,     0.000,     0.000,     0.000,     0.000,        35.000,         0.010,     0.277,     0.001,     0.022,     0.125,         1.000,         1.000,         1.000,         1.000,         1.000,         1.000,         1.000,         1.000,         1.000,         0.000,         0.000,         0.000,
    21.849,     1.647,     1.500,    23.392,     0.028,    10.947,     0.000,     0.450,     1.100,   419.330,     1.000,    23.398,     0.000,     0.000,     0.000,     0.000,     0.000,     0.000,     0.000,        35.000,         0.010,     0.277,     0.001,     0.022,     0.125,         1.000,         1.000,         1.000,         1.000,         1.000,         1.000,         1.000,         1.000,         1.000,         0.000,         0.000,         0.000,
    21.853,     1.534,     1.483,    23.387,     0.036,    12.192,     0.000,     0.450,     1.083,   419.330,     1.000,    23.391,     0.000,     0.000,     0.000,     0.000,     0.000,     0.000,     0.000,        34.999,         0.010,     0.277,     0.001,     0.022,     0.125,         1.000,         1.000,         1.000,         1.000,         1.000,         1.000,         1.000,         1.000,         1.000,         0.000,         0.000,         0.000,
    21.857,     1.505,     1.466,    23.382,     0.040,    12.243,     0.000,     0.450,     1.066,   419.330,     1.000,    23.384,     0.000,     0.000,     0.000,     0.000,     0.000,     0.000,     0.000,        34.998,         0.010,     0.277,     0.001,     0.022,     0.125,         1.000,         1.000,         1.000,         1.000,         1.000,         1.000,         1.000,         1.000,         1.000,         0.000,         0.000,         0.000,
    21.861,     1.506,     1.450,    23.378,     0.041,    11.690,     0.000,     0.450,     1.050,   419.330,     1.000,    23.380,     0.000,     0.000,     0.000,     0.000,     0.000,     0.000,     0.000,        34.996,         0.010,     0.277,     0.001,     0.022,     0.125,         1.000,         1.000,         1.000,         1.000,         1.000,         1.000,         1.000,         1.000,         1.000,         0.000,         0.000,         0.000,
    21.865,     1.523,     1.434,    23.375,     0.040,    10.888,     0.000,     0.450,     1.034,   419.330,     1.000,    23.377,     0.000,     0.000,     0.000,     0.000,     0.000,     0.000,     0.000,        34.993,         0.010,     0.277,     0.001,     0.022,     0.125,         1.000,         1.000,         1.000,         1.000,         1.000,         1.000,         1.000,         1.000,         1.000,         0.000,         0.000,         0.000,
    21.869,     1.624,     1.420,    23.374,     0.040,    10.198,     0.000,     0.450,     1.020,   419.330,     1.000,    23.376,     0.000,     0.000,     0.000,     0.000,     0.000,     0.000,     0.000,        34.991,         0.010,     0.277,     0.001,     0.022,     0.125,         1.000,         1.000,         1.000,         1.000,         1.000,         1.000,         1.000,         1.000,         1.000,         0.000,         0.000,         0.000,
    21.874,     1.720,     1.407,    23.375,     0.039,     9.551,     0.000,     0.450,     1.007,   419.330,     1.000,    23.376,     0.000,     0.000,     0.000,     0.000,     0.000,     0.000,     0.000,        34.986,         0.010,     0.277,     0.001,     0.022,     0.125,         1.000,         1.000,         1.000,         1.000,         1.000,         1.000,         1.000,         1.000,         1.000,         0.000,         0.000,         0.000,
